seed,scenario,year,principals,spouses,children,visas
2014,Uncapped,2009,63752.0,44491.0,32744.0,140987.0
2014,Uncapped,2010,68248.0,47458.0,34556.0,150262.0
2014,Uncapped,2011,63639.0,44603.0,31060.0,139302.0
2014,Uncapped,2012,64981.0,46362.0,33304.0,144647.0
2014,Uncapped,2013,72712.0,51951.0,36606.0,161269.0
2014,Uncapped,2014,68125.0,48477.0,34757.0,151359.0
2014,Uncapped,2015,64619.0,45378.0,33955.0,143952.0
2014,Uncapped,2016,62680.0,44443.0,33227.0,140350.0
2014,Uncapped,2017,62654.0,44304.0,32646.0,139604.0
2014,Uncapped,2018,62248.0,44189.0,33046.0,139483.0
2014,Uncapped,2019,63103.0,44490.0,32993.0,140586.0
2014,Uncapped,2020,66690.0,46354.0,34109.0,147153.0
2014,Uncapped,2021,88524.0,64956.0,42027.0,195507.0
2014,Uncapped,2022,126041.0,90739.0,58470.0,275250.0
2014,Uncapped,2023,88452.0,61603.0,43873.0,193928.0
2014,Uncapped,2024,76898.0,52703.0,37793.0,167394.0
2014,Uncapped,2025,76546.0,61084.0,29764.0,167394.0
2014,Uncapped,2026,76375.0,60300.0,30719.0,167394.0
2014,Uncapped,2027,76147.0,58535.0,32712.0,167394.0
2014,Uncapped,2028,76043.0,58336.0,33015.0,167394.0
2014,Uncapped,2029,76624.0,57854.0,32916.0,167394.0
2014,Uncapped,2030,77652.0,57591.0,32151.0,167394.0
2014,Uncapped,2031,77964.0,57463.0,31967.0,167394.0
2014,Uncapped,2032,79301.0,56598.0,31495.0,167394.0
2014,Uncapped,2033,80883.0,55527.0,30984.0,167394.0
2014,Uncapped,2034,81267.0,55703.0,30424.0,167394.0
2014,Uncapped,2035,80427.0,56513.0,30454.0,167394.0
2014,Uncapped,2036,80230.0,56744.0,30420.0,167394.0
2014,Uncapped,2037,80309.0,57304.0,29781.0,167394.0
2014,Uncapped,2038,80591.0,57485.0,29318.0,167394.0
2014,Uncapped,2039,82974.0,56076.0,28344.0,167394.0
2014,Uncapped,2040,83760.0,55994.0,27640.0,167394.0
2014,Capped,2009,63752.0,44491.0,32744.0,140987.0
2014,Capped,2010,68248.0,47458.0,34556.0,150262.0
2014,Capped,2011,63639.0,44603.0,31060.0,139302.0
2014,Capped,2012,64981.0,46362.0,33304.0,144647.0
2014,Capped,2013,72712.0,51951.0,36606.0,161269.0
2014,Capped,2014,68125.0,48477.0,34757.0,151359.0
2014,Capped,2015,64619.0,45378.0,33955.0,143952.0
2014,Capped,2016,62680.0,44443.0,33227.0,140350.0
2014,Capped,2017,62654.0,44304.0,32646.0,139604.0
2014,Capped,2018,62248.0,44189.0,33046.0,139483.0
2014,Capped,2019,63103.0,44490.0,32993.0,140586.0
2014,Capped,2020,66690.0,46354.0,34109.0,147153.0
2014,Capped,2021,88524.0,64956.0,42027.0,195507.0
2014,Capped,2022,126041.0,90739.0,58470.0,275250.0
2014,Capped,2023,88452.0,61603.0,43873.0,193928.0
2014,Capped,2024,76898.0,52703.0,37793.0,167394.0
2014,Capped,2025,77117.0,52584.0,37693.0,167394.0
2014,Capped,2026,77272.0,52781.0,37341.0,167394.0
2014,Capped,2027,77604.0,52734.0,37056.0,167394.0
2014,Capped,2028,77390.0,52831.0,37173.0,167394.0
2014,Capped,2029,77400.0,52986.0,37008.0,167394.0
2014,Capped,2030,78867.0,52138.0,36389.0,167394.0
2014,Capped,2031,78934.0,52411.0,36049.0,167394.0
2014,Capped,2032,79747.0,52047.0,35600.0,167394.0
2014,Capped,2033,80198.0,52137.0,35059.0,167394.0
2014,Capped,2034,80590.0,52024.0,34780.0,167394.0
2014,Capped,2035,79746.0,52392.0,35256.0,167394.0
2014,Capped,2036,79080.0,53045.0,35269.0,167394.0
2014,Capped,2037,79002.0,53419.0,34973.0,167394.0
2014,Capped,2038,79109.0,53448.0,34837.0,167394.0
2014,Capped,2039,80099.0,53099.0,34196.0,167394.0
2014,Capped,2040,81216.0,52559.0,33619.0,167394.0
2015,Uncapped,2009,63846.0,44376.0,32765.0,140987.0
2015,Uncapped,2010,68209.0,47364.0,34689.0,150262.0
2015,Uncapped,2011,63448.0,44500.0,31354.0,139302.0
2015,Uncapped,2012,65093.0,46288.0,33266.0,144647.0
2015,Uncapped,2013,72553.0,51968.0,36748.0,161269.0
2015,Uncapped,2014,68216.0,48418.0,34725.0,151359.0
2015,Uncapped,2015,64724.0,45397.0,33831.0,143952.0
2015,Uncapped,2016,62702.0,44483.0,33165.0,140350.0
2015,Uncapped,2017,62485.0,44138.0,32981.0,139604.0
2015,Uncapped,2018,62347.0,44137.0,32999.0,139483.0
2015,Uncapped,2019,63165.0,44591.0,32830.0,140586.0
2015,Uncapped,2020,66435.0,46163.0,34555.0,147153.0
2015,Uncapped,2021,88483.0,65253.0,41771.0,195507.0
2015,Uncapped,2022,125812.0,90582.0,58856.0,275250.0
2015,Uncapped,2023,88466.0,61756.0,43706.0,193928.0
2015,Uncapped,2024,76698.0,52646.0,38050.0,167394.0
2015,Uncapped,2025,76433.0,61072.0,29889.0,167394.0
2015,Uncapped,2026,76546.0,60352.0,30496.0,167394.0
2015,Uncapped,2027,76118.0,58504.0,32772.0,167394.0
2015,Uncapped,2028,75868.0,58452.0,33074.0,167394.0
2015,Uncapped,2029,76582.0,57811.0,33001.0,167394.0
2015,Uncapped,2030,77641.0,57436.0,32317.0,167394.0
2015,Uncapped,2031,78118.0,57462.0,31814.0,167394.0
2015,Uncapped,2032,79336.0,56570.0,31488.0,167394.0
2015,Uncapped,2033,80953.0,55434.0,31007.0,167394.0
2015,Uncapped,2034,81251.0,55739.0,30404.0,167394.0
2015,Uncapped,2035,80292.0,56623.0,30479.0,167394.0
2015,Uncapped,2036,80025.0,56910.0,30459.0,167394.0
2015,Uncapped,2037,80176.0,57421.0,29797.0,167394.0
2015,Uncapped,2038,80823.0,57424.0,29147.0,167394.0
2015,Uncapped,2039,83093.0,55900.0,28401.0,167394.0
2015,Uncapped,2040,83689.0,56245.0,27460.0,167394.0
2015,Capped,2009,63846.0,44376.0,32765.0,140987.0
2015,Capped,2010,68209.0,47364.0,34689.0,150262.0
2015,Capped,2011,63448.0,44500.0,31354.0,139302.0
2015,Capped,2012,65093.0,46288.0,33266.0,144647.0
2015,Capped,2013,72553.0,51968.0,36748.0,161269.0
2015,Capped,2014,68216.0,48418.0,34725.0,151359.0
2015,Capped,2015,64724.0,45397.0,33831.0,143952.0
2015,Capped,2016,62702.0,44483.0,33165.0,140350.0
2015,Capped,2017,62485.0,44138.0,32981.0,139604.0
2015,Capped,2018,62347.0,44137.0,32999.0,139483.0
2015,Capped,2019,63165.0,44591.0,32830.0,140586.0
2015,Capped,2020,66435.0,46163.0,34555.0,147153.0
2015,Capped,2021,88483.0,65253.0,41771.0,195507.0
2015,Capped,2022,125812.0,90582.0,58856.0,275250.0
2015,Capped,2023,88466.0,61756.0,43706.0,193928.0
2015,Capped,2024,76698.0,52646.0,38050.0,167394.0
2015,Capped,2025,77088.0,52565.0,37741.0,167394.0
2015,Capped,2026,77310.0,52675.0,37409.0,167394.0
2015,Capped,2027,77317.0,52687.0,37390.0,167394.0
2015,Capped,2028,77480.0,52838.0,37076.0,167394.0
2015,Capped,2029,77097.0,53144.0,37153.0,167394.0
2015,Capped,2030,78897.0,52343.0,36154.0,167394.0
2015,Capped,2031,79187.0,52289.0,35918.0,167394.0
2015,Capped,2032,79536.0,52114.0,35744.0,167394.0
2015,Capped,2033,80153.0,51921.0,35320.0,167394.0
2015,Capped,2034,80326.0,52033.0,35035.0,167394.0
2015,Capped,2035,79580.0,52694.0,35120.0,167394.0
2015,Capped,2036,79414.0,53039.0,34941.0,167394.0
2015,Capped,2037,79174.0,53412.0,34808.0,167394.0
2015,Capped,2038,79136.0,53333.0,34925.0,167394.0
2015,Capped,2039,80493.0,52851.0,34050.0,167394.0
2015,Capped,2040,81349.0,52352.0,33693.0,167394.0
2016,Uncapped,2009,63725.0,44292.0,32970.0,140987.0
2016,Uncapped,2010,68117.0,47341.0,34804.0,150262.0
2016,Uncapped,2011,63693.0,44649.0,30960.0,139302.0
2016,Uncapped,2012,65098.0,46371.0,33178.0,144647.0
2016,Uncapped,2013,72299.0,51967.0,37003.0,161269.0
2016,Uncapped,2014,68301.0,48230.0,34828.0,151359.0
2016,Uncapped,2015,64638.0,45278.0,34036.0,143952.0
2016,Uncapped,2016,62907.0,44461.0,32982.0,140350.0
2016,Uncapped,2017,62334.0,44170.0,33100.0,139604.0
2016,Uncapped,2018,62454.0,44032.0,32997.0,139483.0
2016,Uncapped,2019,63158.0,44464.0,32964.0,140586.0
2016,Uncapped,2020,66397.0,46353.0,34403.0,147153.0
2016,Uncapped,2021,88597.0,65297.0,41613.0,195507.0
2016,Uncapped,2022,126073.0,90660.0,58517.0,275250.0
2016,Uncapped,2023,88477.0,61635.0,43816.0,193928.0
2016,Uncapped,2024,76943.0,52574.0,37877.0,167394.0
2016,Uncapped,2025,76295.0,60987.0,30112.0,167394.0
2016,Uncapped,2026,76470.0,60481.0,30443.0,167394.0
2016,Uncapped,2027,76355.0,58465.0,32574.0,167394.0
2016,Uncapped,2028,76039.0,58467.0,32888.0,167394.0
2016,Uncapped,2029,76633.0,57845.0,32916.0,167394.0
2016,Uncapped,2030,77573.0,57532.0,32289.0,167394.0
2016,Uncapped,2031,78010.0,57670.0,31714.0,167394.0
2016,Uncapped,2032,79439.0,56616.0,31339.0,167394.0
2016,Uncapped,2033,80786.0,55643.0,30965.0,167394.0
2016,Uncapped,2034,81354.0,55777.0,30263.0,167394.0
2016,Uncapped,2035,80136.0,56702.0,30556.0,167394.0
2016,Uncapped,2036,80041.0,56843.0,30510.0,167394.0
2016,Uncapped,2037,80268.0,57372.0,29754.0,167394.0
2016,Uncapped,2038,80682.0,57561.0,29151.0,167394.0
2016,Uncapped,2039,83269.0,55901.0,28224.0,167394.0
2016,Uncapped,2040,83733.0,56121.0,27540.0,167394.0
2016,Capped,2009,63725.0,44292.0,32970.0,140987.0
2016,Capped,2010,68117.0,47341.0,34804.0,150262.0
2016,Capped,2011,63693.0,44649.0,30960.0,139302.0
2016,Capped,2012,65098.0,46371.0,33178.0,144647.0
2016,Capped,2013,72299.0,51967.0,37003.0,161269.0
2016,Capped,2014,68301.0,48230.0,34828.0,151359.0
2016,Capped,2015,64638.0,45278.0,34036.0,143952.0
2016,Capped,2016,62907.0,44461.0,32982.0,140350.0
2016,Capped,2017,62334.0,44170.0,33100.0,139604.0
2016,Capped,2018,62454.0,44032.0,32997.0,139483.0
2016,Capped,2019,63158.0,44464.0,32964.0,140586.0
2016,Capped,2020,66397.0,46353.0,34403.0,147153.0
2016,Capped,2021,88597.0,65297.0,41613.0,195507.0
2016,Capped,2022,126073.0,90660.0,58517.0,275250.0
2016,Capped,2023,88477.0,61635.0,43816.0,193928.0
2016,Capped,2024,76943.0,52574.0,37877.0,167394.0
2016,Capped,2025,76816.0,52699.0,37879.0,167394.0
2016,Capped,2026,77093.0,52878.0,37423.0,167394.0
2016,Capped,2027,77587.0,52730.0,37077.0,167394.0
2016,Capped,2028,77439.0,52932.0,37023.0,167394.0
2016,Capped,2029,77240.0,53186.0,36968.0,167394.0
2016,Capped,2030,78805.0,52317.0,36272.0,167394.0
2016,Capped,2031,78770.0,52231.0,36393.0,167394.0
2016,Capped,2032,79921.0,51885.0,35588.0,167394.0
2016,Capped,2033,80009.0,51959.0,35426.0,167394.0
2016,Capped,2034,80412.0,52122.0,34860.0,167394.0
2016,Capped,2035,79668.0,52550.0,35176.0,167394.0
2016,Capped,2036,79174.0,53011.0,35209.0,167394.0
2016,Capped,2037,79349.0,53482.0,34563.0,167394.0
2016,Capped,2038,79439.0,53574.0,34381.0,167394.0
2016,Capped,2039,80103.0,53072.0,34219.0,167394.0
2016,Capped,2040,81391.0,52281.0,33722.0,167394.0
2017,Uncapped,2009,63754.0,44238.0,32995.0,140987.0
2017,Uncapped,2010,68088.0,47339.0,34835.0,150262.0
2017,Uncapped,2011,63645.0,44469.0,31188.0,139302.0
2017,Uncapped,2012,65293.0,46443.0,32911.0,144647.0
2017,Uncapped,2013,72754.0,51984.0,36531.0,161269.0
2017,Uncapped,2014,67992.0,48464.0,34903.0,151359.0
2017,Uncapped,2015,64624.0,45433.0,33895.0,143952.0
2017,Uncapped,2016,62793.0,44349.0,33208.0,140350.0
2017,Uncapped,2017,62401.0,44222.0,32981.0,139604.0
2017,Uncapped,2018,62249.0,44029.0,33205.0,139483.0
2017,Uncapped,2019,63108.0,44566.0,32912.0,140586.0
2017,Uncapped,2020,66660.0,46275.0,34218.0,147153.0
2017,Uncapped,2021,88555.0,65195.0,41757.0,195507.0
2017,Uncapped,2022,126049.0,90602.0,58599.0,275250.0
2017,Uncapped,2023,88840.0,61465.0,43623.0,193928.0
2017,Uncapped,2024,76934.0,52508.0,37952.0,167394.0
2017,Uncapped,2025,76305.0,61077.0,30012.0,167394.0
2017,Uncapped,2026,76418.0,60395.0,30581.0,167394.0
2017,Uncapped,2027,76128.0,58443.0,32823.0,167394.0
2017,Uncapped,2028,76058.0,58255.0,33081.0,167394.0
2017,Uncapped,2029,76416.0,57944.0,33034.0,167394.0
2017,Uncapped,2030,77547.0,57492.0,32355.0,167394.0
2017,Uncapped,2031,78039.0,57388.0,31967.0,167394.0
2017,Uncapped,2032,79495.0,56864.0,31035.0,167394.0
2017,Uncapped,2033,80837.0,55612.0,30945.0,167394.0
2017,Uncapped,2034,81147.0,55584.0,30663.0,167394.0
2017,Uncapped,2035,80366.0,56690.0,30338.0,167394.0
2017,Uncapped,2036,79967.0,56851.0,30576.0,167394.0
2017,Uncapped,2037,80101.0,57255.0,30038.0,167394.0
2017,Uncapped,2038,80554.0,57506.0,29334.0,167394.0
2017,Uncapped,2039,82919.0,55933.0,28542.0,167394.0
2017,Uncapped,2040,83972.0,56035.0,27387.0,167394.0
2017,Capped,2009,63754.0,44238.0,32995.0,140987.0
2017,Capped,2010,68088.0,47339.0,34835.0,150262.0
2017,Capped,2011,63645.0,44469.0,31188.0,139302.0
2017,Capped,2012,65293.0,46443.0,32911.0,144647.0
2017,Capped,2013,72754.0,51984.0,36531.0,161269.0
2017,Capped,2014,67992.0,48464.0,34903.0,151359.0
2017,Capped,2015,64624.0,45433.0,33895.0,143952.0
2017,Capped,2016,62793.0,44349.0,33208.0,140350.0
2017,Capped,2017,62401.0,44222.0,32981.0,139604.0
2017,Capped,2018,62249.0,44029.0,33205.0,139483.0
2017,Capped,2019,63108.0,44566.0,32912.0,140586.0
2017,Capped,2020,66660.0,46275.0,34218.0,147153.0
2017,Capped,2021,88555.0,65195.0,41757.0,195507.0
2017,Capped,2022,126049.0,90602.0,58599.0,275250.0
2017,Capped,2023,88840.0,61465.0,43623.0,193928.0
2017,Capped,2024,76934.0,52508.0,37952.0,167394.0
2017,Capped,2025,76766.0,52597.0,38031.0,167394.0
2017,Capped,2026,77194.0,52827.0,37373.0,167394.0
2017,Capped,2027,77568.0,52627.0,37199.0,167394.0
2017,Capped,2028,77473.0,52905.0,37016.0,167394.0
2017,Capped,2029,77175.0,53045.0,37174.0,167394.0
2017,Capped,2030,78690.0,52229.0,36475.0,167394.0
2017,Capped,2031,79234.0,52253.0,35907.0,167394.0
2017,Capped,2032,79343.0,52185.0,35866.0,167394.0
2017,Capped,2033,80101.0,52028.0,35265.0,167394.0
2017,Capped,2034,80174.0,52171.0,35049.0,167394.0
2017,Capped,2035,79772.0,52580.0,35042.0,167394.0
2017,Capped,2036,79179.0,53100.0,35115.0,167394.0
2017,Capped,2037,79373.0,53339.0,34682.0,167394.0
2017,Capped,2038,79349.0,53530.0,34515.0,167394.0
2017,Capped,2039,80034.0,53163.0,34197.0,167394.0
2017,Capped,2040,81244.0,52406.0,33744.0,167394.0
2018,Uncapped,2009,63618.0,44266.0,33103.0,140987.0
2018,Uncapped,2010,68091.0,47314.0,34857.0,150262.0
2018,Uncapped,2011,63433.0,44620.0,31249.0,139302.0
2018,Uncapped,2012,65177.0,46222.0,33248.0,144647.0
2018,Uncapped,2013,72717.0,52089.0,36463.0,161269.0
2018,Uncapped,2014,68276.0,48453.0,34630.0,151359.0
2018,Uncapped,2015,64786.0,45333.0,33833.0,143952.0
2018,Uncapped,2016,62794.0,44386.0,33170.0,140350.0
2018,Uncapped,2017,62441.0,44216.0,32947.0,139604.0
2018,Uncapped,2018,62509.0,44065.0,32909.0,139483.0
2018,Uncapped,2019,63391.0,44479.0,32716.0,140586.0
2018,Uncapped,2020,66440.0,46297.0,34416.0,147153.0
2018,Uncapped,2021,88513.0,65194.0,41800.0,195507.0
2018,Uncapped,2022,126050.0,90757.0,58443.0,275250.0
2018,Uncapped,2023,88943.0,61557.0,43428.0,193928.0
2018,Uncapped,2024,77005.0,52557.0,37832.0,167394.0
2018,Uncapped,2025,76454.0,60968.0,29972.0,167394.0
2018,Uncapped,2026,76505.0,60354.0,30535.0,167394.0
2018,Uncapped,2027,76130.0,58415.0,32849.0,167394.0
2018,Uncapped,2028,75596.0,58483.0,33315.0,167394.0
2018,Uncapped,2029,76877.0,57773.0,32744.0,167394.0
2018,Uncapped,2030,77876.0,57570.0,31948.0,167394.0
2018,Uncapped,2031,78065.0,57498.0,31831.0,167394.0
2018,Uncapped,2032,79189.0,56767.0,31438.0,167394.0
2018,Uncapped,2033,81021.0,55562.0,30811.0,167394.0
2018,Uncapped,2034,81257.0,55700.0,30437.0,167394.0
2018,Uncapped,2035,80057.0,56721.0,30616.0,167394.0
2018,Uncapped,2036,80187.0,56761.0,30446.0,167394.0
2018,Uncapped,2037,80256.0,57473.0,29665.0,167394.0
2018,Uncapped,2038,80458.0,57583.0,29353.0,167394.0
2018,Uncapped,2039,82809.0,56068.0,28517.0,167394.0
2018,Uncapped,2040,83757.0,56225.0,27412.0,167394.0
2018,Capped,2009,63618.0,44266.0,33103.0,140987.0
2018,Capped,2010,68091.0,47314.0,34857.0,150262.0
2018,Capped,2011,63433.0,44620.0,31249.0,139302.0
2018,Capped,2012,65177.0,46222.0,33248.0,144647.0
2018,Capped,2013,72717.0,52089.0,36463.0,161269.0
2018,Capped,2014,68276.0,48453.0,34630.0,151359.0
2018,Capped,2015,64786.0,45333.0,33833.0,143952.0
2018,Capped,2016,62794.0,44386.0,33170.0,140350.0
2018,Capped,2017,62441.0,44216.0,32947.0,139604.0
2018,Capped,2018,62509.0,44065.0,32909.0,139483.0
2018,Capped,2019,63391.0,44479.0,32716.0,140586.0
2018,Capped,2020,66440.0,46297.0,34416.0,147153.0
2018,Capped,2021,88513.0,65194.0,41800.0,195507.0
2018,Capped,2022,126050.0,90757.0,58443.0,275250.0
2018,Capped,2023,88943.0,61557.0,43428.0,193928.0
2018,Capped,2024,77005.0,52557.0,37832.0,167394.0
2018,Capped,2025,77081.0,52705.0,37608.0,167394.0
2018,Capped,2026,77067.0,52753.0,37574.0,167394.0
2018,Capped,2027,77625.0,52717.0,37052.0,167394.0
2018,Capped,2028,77438.0,52856.0,37100.0,167394.0
2018,Capped,2029,77282.0,53209.0,36903.0,167394.0
2018,Capped,2030,78767.0,52236.0,36391.0,167394.0
2018,Capped,2031,78783.0,52177.0,36434.0,167394.0
2018,Capped,2032,79768.0,52084.0,35542.0,167394.0
2018,Capped,2033,79945.0,52168.0,35281.0,167394.0
2018,Capped,2034,80096.0,52051.0,35247.0,167394.0
2018,Capped,2035,79709.0,52575.0,35110.0,167394.0
2018,Capped,2036,79384.0,53159.0,34851.0,167394.0
2018,Capped,2037,79322.0,53381.0,34691.0,167394.0
2018,Capped,2038,79066.0,53501.0,34827.0,167394.0
2018,Capped,2039,80065.0,53195.0,34134.0,167394.0
2018,Capped,2040,81400.0,52137.0,33857.0,167394.0
2019,Uncapped,2009,64006.0,44434.0,32547.0,140987.0
2019,Uncapped,2010,68343.0,47334.0,34585.0,150262.0
2019,Uncapped,2011,63507.0,44351.0,31444.0,139302.0
2019,Uncapped,2012,65100.0,46534.0,33013.0,144647.0
2019,Uncapped,2013,72618.0,52032.0,36619.0,161269.0
2019,Uncapped,2014,68145.0,48474.0,34740.0,151359.0
2019,Uncapped,2015,64600.0,45345.0,34007.0,143952.0
2019,Uncapped,2016,63165.0,44353.0,32832.0,140350.0
2019,Uncapped,2017,62327.0,44141.0,33136.0,139604.0
2019,Uncapped,2018,62395.0,44049.0,33039.0,139483.0
2019,Uncapped,2019,63214.0,44671.0,32701.0,140586.0
2019,Uncapped,2020,66331.0,46360.0,34462.0,147153.0
2019,Uncapped,2021,88495.0,65235.0,41777.0,195507.0
2019,Uncapped,2022,125940.0,90708.0,58602.0,275250.0
2019,Uncapped,2023,88751.0,61545.0,43632.0,193928.0
2019,Uncapped,2024,76742.0,52763.0,37889.0,167394.0
2019,Uncapped,2025,76583.0,61029.0,29782.0,167394.0
2019,Uncapped,2026,76463.0,60308.0,30623.0,167394.0
2019,Uncapped,2027,76366.0,58437.0,32591.0,167394.0
2019,Uncapped,2028,75979.0,58326.0,33089.0,167394.0
2019,Uncapped,2029,76532.0,57745.0,33117.0,167394.0
2019,Uncapped,2030,77481.0,57503.0,32410.0,167394.0
2019,Uncapped,2031,78064.0,57520.0,31810.0,167394.0
2019,Uncapped,2032,79292.0,56496.0,31606.0,167394.0
2019,Uncapped,2033,80841.0,55506.0,31047.0,167394.0
2019,Uncapped,2034,81261.0,55651.0,30482.0,167394.0
2019,Uncapped,2035,80473.0,56709.0,30212.0,167394.0
2019,Uncapped,2036,80447.0,56799.0,30148.0,167394.0
2019,Uncapped,2037,80084.0,57453.0,29857.0,167394.0
2019,Uncapped,2038,80505.0,57638.0,29251.0,167394.0
2019,Uncapped,2039,82898.0,55932.0,28564.0,167394.0
2019,Uncapped,2040,83767.0,56207.0,27420.0,167394.0
2019,Capped,2009,64006.0,44434.0,32547.0,140987.0
2019,Capped,2010,68343.0,47334.0,34585.0,150262.0
2019,Capped,2011,63507.0,44351.0,31444.0,139302.0
2019,Capped,2012,65100.0,46534.0,33013.0,144647.0
2019,Capped,2013,72618.0,52032.0,36619.0,161269.0
2019,Capped,2014,68145.0,48474.0,34740.0,151359.0
2019,Capped,2015,64600.0,45345.0,34007.0,143952.0
2019,Capped,2016,63165.0,44353.0,32832.0,140350.0
2019,Capped,2017,62327.0,44141.0,33136.0,139604.0
2019,Capped,2018,62395.0,44049.0,33039.0,139483.0
2019,Capped,2019,63214.0,44671.0,32701.0,140586.0
2019,Capped,2020,66331.0,46360.0,34462.0,147153.0
2019,Capped,2021,88495.0,65235.0,41777.0,195507.0
2019,Capped,2022,125940.0,90708.0,58602.0,275250.0
2019,Capped,2023,88751.0,61545.0,43632.0,193928.0
2019,Capped,2024,76742.0,52763.0,37889.0,167394.0
2019,Capped,2025,77006.0,52680.0,37708.0,167394.0
2019,Capped,2026,77059.0,52644.0,37691.0,167394.0
2019,Capped,2027,77525.0,52673.0,37196.0,167394.0
2019,Capped,2028,77312.0,52696.0,37386.0,167394.0
2019,Capped,2029,77255.0,53200.0,36939.0,167394.0
2019,Capped,2030,78334.0,52201.0,36859.0,167394.0
2019,Capped,2031,78756.0,52177.0,36461.0,167394.0
2019,Capped,2032,79600.0,52133.0,35661.0,167394.0
2019,Capped,2033,79891.0,52083.0,35420.0,167394.0
2019,Capped,2034,80101.0,52077.0,35216.0,167394.0
2019,Capped,2035,79879.0,52572.0,34943.0,167394.0
2019,Capped,2036,79246.0,53080.0,35068.0,167394.0
2019,Capped,2037,79409.0,53280.0,34705.0,167394.0
2019,Capped,2038,79308.0,53661.0,34425.0,167394.0
2019,Capped,2039,80083.0,53096.0,34215.0,167394.0
2019,Capped,2040,81266.0,52269.0,33859.0,167394.0
2020,Uncapped,2009,64043.0,44153.0,32791.0,140987.0
2020,Uncapped,2010,68472.0,47530.0,34260.0,150262.0
2020,Uncapped,2011,63705.0,44563.0,31034.0,139302.0
2020,Uncapped,2012,65243.0,46278.0,33126.0,144647.0
2020,Uncapped,2013,72549.0,51994.0,36726.0,161269.0
2020,Uncapped,2014,68230.0,48401.0,34728.0,151359.0
2020,Uncapped,2015,64792.0,45489.0,33671.0,143952.0
2020,Uncapped,2016,62796.0,44349.0,33205.0,140350.0
2020,Uncapped,2017,62516.0,44335.0,32753.0,139604.0
2020,Uncapped,2018,62414.0,44043.0,33026.0,139483.0
2020,Uncapped,2019,63378.0,44570.0,32638.0,140586.0
2020,Uncapped,2020,66361.0,46388.0,34404.0,147153.0
2020,Uncapped,2021,88485.0,65206.0,41816.0,195507.0
2020,Uncapped,2022,125919.0,90812.0,58519.0,275250.0
2020,Uncapped,2023,88632.0,61758.0,43538.0,193928.0
2020,Uncapped,2024,76839.0,52741.0,37814.0,167394.0
2020,Uncapped,2025,76561.0,61086.0,29747.0,167394.0
2020,Uncapped,2026,76439.0,60354.0,30601.0,167394.0
2020,Uncapped,2027,76315.0,58429.0,32650.0,167394.0
2020,Uncapped,2028,75997.0,58440.0,32957.0,167394.0
2020,Uncapped,2029,76612.0,57907.0,32875.0,167394.0
2020,Uncapped,2030,77740.0,57544.0,32110.0,167394.0
2020,Uncapped,2031,77985.0,57641.0,31768.0,167394.0
2020,Uncapped,2032,79424.0,56663.0,31307.0,167394.0
2020,Uncapped,2033,80792.0,55444.0,31158.0,167394.0
2020,Uncapped,2034,81286.0,55660.0,30448.0,167394.0
2020,Uncapped,2035,80241.0,56623.0,30530.0,167394.0
2020,Uncapped,2036,80046.0,56893.0,30455.0,167394.0
2020,Uncapped,2037,79993.0,57309.0,30092.0,167394.0
2020,Uncapped,2038,80662.0,57544.0,29188.0,167394.0
2020,Uncapped,2039,82847.0,56102.0,28445.0,167394.0
2020,Uncapped,2040,83827.0,56044.0,27523.0,167394.0
2020,Capped,2009,64043.0,44153.0,32791.0,140987.0
2020,Capped,2010,68472.0,47530.0,34260.0,150262.0
2020,Capped,2011,63705.0,44563.0,31034.0,139302.0
2020,Capped,2012,65243.0,46278.0,33126.0,144647.0
2020,Capped,2013,72549.0,51994.0,36726.0,161269.0
2020,Capped,2014,68230.0,48401.0,34728.0,151359.0
2020,Capped,2015,64792.0,45489.0,33671.0,143952.0
2020,Capped,2016,62796.0,44349.0,33205.0,140350.0
2020,Capped,2017,62516.0,44335.0,32753.0,139604.0
2020,Capped,2018,62414.0,44043.0,33026.0,139483.0
2020,Capped,2019,63378.0,44570.0,32638.0,140586.0
2020,Capped,2020,66361.0,46388.0,34404.0,147153.0
2020,Capped,2021,88485.0,65206.0,41816.0,195507.0
2020,Capped,2022,125919.0,90812.0,58519.0,275250.0
2020,Capped,2023,88632.0,61758.0,43538.0,193928.0
2020,Capped,2024,76839.0,52741.0,37814.0,167394.0
2020,Capped,2025,76940.0,52856.0,37598.0,167394.0
2020,Capped,2026,77203.0,52773.0,37418.0,167394.0
2020,Capped,2027,77691.0,52651.0,37052.0,167394.0
2020,Capped,2028,77604.0,52869.0,36921.0,167394.0
2020,Capped,2029,77279.0,52869.0,37246.0,167394.0
2020,Capped,2030,78789.0,52180.0,36425.0,167394.0
2020,Capped,2031,79166.0,52338.0,35890.0,167394.0
2020,Capped,2032,79485.0,51986.0,35923.0,167394.0
2020,Capped,2033,80252.0,52083.0,35059.0,167394.0
2020,Capped,2034,80356.0,51863.0,35175.0,167394.0
2020,Capped,2035,79613.0,52780.0,35001.0,167394.0
2020,Capped,2036,79276.0,53105.0,35013.0,167394.0
2020,Capped,2037,79166.0,53260.0,34968.0,167394.0
2020,Capped,2038,79121.0,53532.0,34741.0,167394.0
2020,Capped,2039,79974.0,53220.0,34200.0,167394.0
2020,Capped,2040,81625.0,52354.0,33415.0,167394.0
2021,Uncapped,2009,63944.0,44363.0,32680.0,140987.0
2021,Uncapped,2010,68040.0,47396.0,34826.0,150262.0
2021,Uncapped,2011,63571.0,44513.0,31218.0,139302.0
2021,Uncapped,2012,65301.0,46358.0,32988.0,144647.0
2021,Uncapped,2013,72696.0,51995.0,36578.0,161269.0
2021,Uncapped,2014,68083.0,48401.0,34875.0,151359.0
2021,Uncapped,2015,65017.0,45453.0,33482.0,143952.0
2021,Uncapped,2016,62857.0,44442.0,33051.0,140350.0
2021,Uncapped,2017,62538.0,44294.0,32772.0,139604.0
2021,Uncapped,2018,62451.0,44192.0,32840.0,139483.0
2021,Uncapped,2019,63541.0,44671.0,32374.0,140586.0
2021,Uncapped,2020,66222.0,46250.0,34681.0,147153.0
2021,Uncapped,2021,88599.0,65241.0,41667.0,195507.0
2021,Uncapped,2022,126202.0,90725.0,58323.0,275250.0
2021,Uncapped,2023,88722.0,61846.0,43360.0,193928.0
2021,Uncapped,2024,76727.0,52684.0,37983.0,167394.0
2021,Uncapped,2025,76611.0,61031.0,29752.0,167394.0
2021,Uncapped,2026,76317.0,60372.0,30705.0,167394.0
2021,Uncapped,2027,76263.0,58504.0,32627.0,167394.0
2021,Uncapped,2028,76114.0,58478.0,32802.0,167394.0
2021,Uncapped,2029,76431.0,57801.0,33162.0,167394.0
2021,Uncapped,2030,77586.0,57429.0,32379.0,167394.0
2021,Uncapped,2031,78008.0,57495.0,31891.0,167394.0
2021,Uncapped,2032,79503.0,56612.0,31279.0,167394.0
2021,Uncapped,2033,80998.0,55485.0,30911.0,167394.0
2021,Uncapped,2034,80903.0,55606.0,30885.0,167394.0
2021,Uncapped,2035,80294.0,56600.0,30500.0,167394.0
2021,Uncapped,2036,80258.0,56938.0,30198.0,167394.0
2021,Uncapped,2037,80212.0,57381.0,29801.0,167394.0
2021,Uncapped,2038,80550.0,57482.0,29362.0,167394.0
2021,Uncapped,2039,82852.0,56011.0,28531.0,167394.0
2021,Uncapped,2040,83885.0,56089.0,27420.0,167394.0
2021,Capped,2009,63944.0,44363.0,32680.0,140987.0
2021,Capped,2010,68040.0,47396.0,34826.0,150262.0
2021,Capped,2011,63571.0,44513.0,31218.0,139302.0
2021,Capped,2012,65301.0,46358.0,32988.0,144647.0
2021,Capped,2013,72696.0,51995.0,36578.0,161269.0
2021,Capped,2014,68083.0,48401.0,34875.0,151359.0
2021,Capped,2015,65017.0,45453.0,33482.0,143952.0
2021,Capped,2016,62857.0,44442.0,33051.0,140350.0
2021,Capped,2017,62538.0,44294.0,32772.0,139604.0
2021,Capped,2018,62451.0,44192.0,32840.0,139483.0
2021,Capped,2019,63541.0,44671.0,32374.0,140586.0
2021,Capped,2020,66222.0,46250.0,34681.0,147153.0
2021,Capped,2021,88599.0,65241.0,41667.0,195507.0
2021,Capped,2022,126202.0,90725.0,58323.0,275250.0
2021,Capped,2023,88722.0,61846.0,43360.0,193928.0
2021,Capped,2024,76727.0,52684.0,37983.0,167394.0
2021,Capped,2025,76916.0,52594.0,37884.0,167394.0
2021,Capped,2026,77059.0,52773.0,37562.0,167394.0
2021,Capped,2027,77195.0,52485.0,37714.0,167394.0
2021,Capped,2028,77570.0,52960.0,36864.0,167394.0
2021,Capped,2029,77714.0,52952.0,36728.0,167394.0
2021,Capped,2030,78759.0,52276.0,36359.0,167394.0
2021,Capped,2031,78936.0,52391.0,36067.0,167394.0
2021,Capped,2032,79652.0,51791.0,35951.0,167394.0
2021,Capped,2033,79982.0,51904.0,35508.0,167394.0
2021,Capped,2034,80170.0,51940.0,35284.0,167394.0
2021,Capped,2035,79644.0,52665.0,35085.0,167394.0
2021,Capped,2036,79242.0,53119.0,35033.0,167394.0
2021,Capped,2037,79204.0,53458.0,34732.0,167394.0
2021,Capped,2038,79520.0,53509.0,34365.0,167394.0
2021,Capped,2039,80085.0,53047.0,34262.0,167394.0
2021,Capped,2040,81541.0,52453.0,33400.0,167394.0
2022,Uncapped,2009,64081.0,44421.0,32485.0,140987.0
2022,Uncapped,2010,67979.0,47314.0,34969.0,150262.0
2022,Uncapped,2011,63291.0,44532.0,31479.0,139302.0
2022,Uncapped,2012,65333.0,46316.0,32998.0,144647.0
2022,Uncapped,2013,72632.0,51961.0,36676.0,161269.0
2022,Uncapped,2014,68003.0,48377.0,34979.0,151359.0
2022,Uncapped,2015,64524.0,45374.0,34054.0,143952.0
2022,Uncapped,2016,62836.0,44355.0,33159.0,140350.0
2022,Uncapped,2017,62706.0,44343.0,32555.0,139604.0
2022,Uncapped,2018,62604.0,44024.0,32855.0,139483.0
2022,Uncapped,2019,63346.0,44416.0,32824.0,140586.0
2022,Uncapped,2020,66461.0,46364.0,34328.0,147153.0
2022,Uncapped,2021,88532.0,65253.0,41722.0,195507.0
2022,Uncapped,2022,125972.0,90784.0,58494.0,275250.0
2022,Uncapped,2023,88547.0,61540.0,43841.0,193928.0
2022,Uncapped,2024,76839.0,52813.0,37742.0,167394.0
2022,Uncapped,2025,76607.0,61095.0,29692.0,167394.0
2022,Uncapped,2026,76302.0,60291.0,30801.0,167394.0
2022,Uncapped,2027,76006.0,58437.0,32951.0,167394.0
2022,Uncapped,2028,75971.0,58346.0,33077.0,167394.0
2022,Uncapped,2029,76427.0,57823.0,33144.0,167394.0
2022,Uncapped,2030,77330.0,57449.0,32615.0,167394.0
2022,Uncapped,2031,78221.0,57428.0,31745.0,167394.0
2022,Uncapped,2032,79681.0,56673.0,31040.0,167394.0
2022,Uncapped,2033,80864.0,55519.0,31011.0,167394.0
2022,Uncapped,2034,81512.0,55615.0,30267.0,167394.0
2022,Uncapped,2035,80392.0,56705.0,30297.0,167394.0
2022,Uncapped,2036,80083.0,56811.0,30500.0,167394.0
2022,Uncapped,2037,80241.0,57369.0,29784.0,167394.0
2022,Uncapped,2038,80447.0,57445.0,29502.0,167394.0
2022,Uncapped,2039,82931.0,55994.0,28469.0,167394.0
2022,Uncapped,2040,83786.0,56116.0,27492.0,167394.0
2022,Capped,2009,64081.0,44421.0,32485.0,140987.0
2022,Capped,2010,67979.0,47314.0,34969.0,150262.0
2022,Capped,2011,63291.0,44532.0,31479.0,139302.0
2022,Capped,2012,65333.0,46316.0,32998.0,144647.0
2022,Capped,2013,72632.0,51961.0,36676.0,161269.0
2022,Capped,2014,68003.0,48377.0,34979.0,151359.0
2022,Capped,2015,64524.0,45374.0,34054.0,143952.0
2022,Capped,2016,62836.0,44355.0,33159.0,140350.0
2022,Capped,2017,62706.0,44343.0,32555.0,139604.0
2022,Capped,2018,62604.0,44024.0,32855.0,139483.0
2022,Capped,2019,63346.0,44416.0,32824.0,140586.0
2022,Capped,2020,66461.0,46364.0,34328.0,147153.0
2022,Capped,2021,88532.0,65253.0,41722.0,195507.0
2022,Capped,2022,125972.0,90784.0,58494.0,275250.0
2022,Capped,2023,88547.0,61540.0,43841.0,193928.0
2022,Capped,2024,76839.0,52813.0,37742.0,167394.0
2022,Capped,2025,76840.0,52616.0,37938.0,167394.0
2022,Capped,2026,77409.0,52682.0,37303.0,167394.0
2022,Capped,2027,77427.0,52726.0,37241.0,167394.0
2022,Capped,2028,77468.0,53018.0,36908.0,167394.0
2022,Capped,2029,77275.0,53068.0,37051.0,167394.0
2022,Capped,2030,78864.0,52430.0,36100.0,167394.0
2022,Capped,2031,79010.0,52367.0,36017.0,167394.0
2022,Capped,2032,79735.0,52208.0,35451.0,167394.0
2022,Capped,2033,79995.0,52182.0,35217.0,167394.0
2022,Capped,2034,80216.0,51906.0,35272.0,167394.0
2022,Capped,2035,79951.0,52418.0,35025.0,167394.0
2022,Capped,2036,79298.0,53079.0,35017.0,167394.0
2022,Capped,2037,79298.0,53369.0,34727.0,167394.0
2022,Capped,2038,79403.0,53482.0,34509.0,167394.0
2022,Capped,2039,79934.0,53255.0,34205.0,167394.0
2022,Capped,2040,81434.0,52330.0,33630.0,167394.0
2023,Uncapped,2009,64144.0,44449.0,32394.0,140987.0
2023,Uncapped,2010,68155.0,47413.0,34694.0,150262.0
2023,Uncapped,2011,63801.0,44534.0,30967.0,139302.0
2023,Uncapped,2012,65046.0,46350.0,33251.0,144647.0
2023,Uncapped,2013,72647.0,51890.0,36732.0,161269.0
2023,Uncapped,2014,68300.0,48500.0,34559.0,151359.0
2023,Uncapped,2015,64516.0,45393.0,34043.0,143952.0
2023,Uncapped,2016,62728.0,44313.0,33309.0,140350.0
2023,Uncapped,2017,62497.0,44186.0,32921.0,139604.0
2023,Uncapped,2018,62396.0,44194.0,32893.0,139483.0
2023,Uncapped,2019,63392.0,44514.0,32680.0,140586.0
2023,Uncapped,2020,66292.0,46371.0,34490.0,147153.0
2023,Uncapped,2021,88587.0,65232.0,41688.0,195507.0
2023,Uncapped,2022,126444.0,90685.0,58121.0,275250.0
2023,Uncapped,2023,88323.0,61626.0,43979.0,193928.0
2023,Uncapped,2024,76659.0,52629.0,38106.0,167394.0
2023,Uncapped,2025,76582.0,61092.0,29720.0,167394.0
2023,Uncapped,2026,76403.0,60397.0,30594.0,167394.0
2023,Uncapped,2027,76267.0,58320.0,32807.0,167394.0
2023,Uncapped,2028,76005.0,58376.0,33013.0,167394.0
2023,Uncapped,2029,76665.0,57795.0,32934.0,167394.0
2023,Uncapped,2030,77521.0,57586.0,32287.0,167394.0
2023,Uncapped,2031,77697.0,57477.0,32220.0,167394.0
2023,Uncapped,2032,79526.0,56601.0,31267.0,167394.0
2023,Uncapped,2033,80818.0,55651.0,30925.0,167394.0
2023,Uncapped,2034,81318.0,55685.0,30391.0,167394.0
2023,Uncapped,2035,80343.0,56825.0,30226.0,167394.0
2023,Uncapped,2036,80214.0,56819.0,30361.0,167394.0
2023,Uncapped,2037,80195.0,57331.0,29868.0,167394.0
2023,Uncapped,2038,80585.0,57389.0,29420.0,167394.0
2023,Uncapped,2039,82755.0,55980.0,28659.0,167394.0
2023,Uncapped,2040,83681.0,56192.0,27521.0,167394.0
2023,Capped,2009,64144.0,44449.0,32394.0,140987.0
2023,Capped,2010,68155.0,47413.0,34694.0,150262.0
2023,Capped,2011,63801.0,44534.0,30967.0,139302.0
2023,Capped,2012,65046.0,46350.0,33251.0,144647.0
2023,Capped,2013,72647.0,51890.0,36732.0,161269.0
2023,Capped,2014,68300.0,48500.0,34559.0,151359.0
2023,Capped,2015,64516.0,45393.0,34043.0,143952.0
2023,Capped,2016,62728.0,44313.0,33309.0,140350.0
2023,Capped,2017,62497.0,44186.0,32921.0,139604.0
2023,Capped,2018,62396.0,44194.0,32893.0,139483.0
2023,Capped,2019,63392.0,44514.0,32680.0,140586.0
2023,Capped,2020,66292.0,46371.0,34490.0,147153.0
2023,Capped,2021,88587.0,65232.0,41688.0,195507.0
2023,Capped,2022,126444.0,90685.0,58121.0,275250.0
2023,Capped,2023,88323.0,61626.0,43979.0,193928.0
2023,Capped,2024,76659.0,52629.0,38106.0,167394.0
2023,Capped,2025,76986.0,52586.0,37822.0,167394.0
2023,Capped,2026,77246.0,52667.0,37481.0,167394.0
2023,Capped,2027,77437.0,52808.0,37149.0,167394.0
2023,Capped,2028,77342.0,53052.0,37000.0,167394.0
2023,Capped,2029,77229.0,53029.0,37136.0,167394.0
2023,Capped,2030,78865.0,52390.0,36139.0,167394.0
2023,Capped,2031,78903.0,52391.0,36100.0,167394.0
2023,Capped,2032,79045.0,52141.0,36208.0,167394.0
2023,Capped,2033,79968.0,52063.0,35363.0,167394.0
2023,Capped,2034,80366.0,51940.0,35088.0,167394.0
2023,Capped,2035,79600.0,52523.0,35271.0,167394.0
2023,Capped,2036,79727.0,53222.0,34445.0,167394.0
2023,Capped,2037,79411.0,53397.0,34586.0,167394.0
2023,Capped,2038,79320.0,53384.0,34690.0,167394.0
2023,Capped,2039,80260.0,53111.0,34023.0,167394.0
2023,Capped,2040,81467.0,52282.0,33645.0,167394.0
2024,Uncapped,2009,64000.0,44279.0,32708.0,140987.0
2024,Uncapped,2010,68080.0,47272.0,34910.0,150262.0
2024,Uncapped,2011,63443.0,44426.0,31433.0,139302.0
2024,Uncapped,2012,65133.0,46389.0,33125.0,144647.0
2024,Uncapped,2013,72727.0,51964.0,36578.0,161269.0
2024,Uncapped,2014,68023.0,48525.0,34811.0,151359.0
2024,Uncapped,2015,64501.0,45456.0,33995.0,143952.0
2024,Uncapped,2016,62811.0,44263.0,33276.0,140350.0
2024,Uncapped,2017,62441.0,44068.0,33095.0,139604.0
2024,Uncapped,2018,62166.0,44100.0,33217.0,139483.0
2024,Uncapped,2019,63371.0,44497.0,32718.0,140586.0
2024,Uncapped,2020,66190.0,46204.0,34759.0,147153.0
2024,Uncapped,2021,88328.0,65257.0,41922.0,195507.0
2024,Uncapped,2022,126034.0,90632.0,58584.0,275250.0
2024,Uncapped,2023,88705.0,61839.0,43384.0,193928.0
2024,Uncapped,2024,76616.0,52592.0,38186.0,167394.0
2024,Uncapped,2025,76497.0,60969.0,29928.0,167394.0
2024,Uncapped,2026,76446.0,60328.0,30620.0,167394.0
2024,Uncapped,2027,76201.0,58416.0,32777.0,167394.0
2024,Uncapped,2028,75821.0,58401.0,33172.0,167394.0
2024,Uncapped,2029,76697.0,57976.0,32721.0,167394.0
2024,Uncapped,2030,77603.0,57609.0,32182.0,167394.0
2024,Uncapped,2031,77999.0,57456.0,31939.0,167394.0
2024,Uncapped,2032,79706.0,56519.0,31169.0,167394.0
2024,Uncapped,2033,80887.0,55425.0,31082.0,167394.0
2024,Uncapped,2034,81077.0,55793.0,30524.0,167394.0
2024,Uncapped,2035,80552.0,56633.0,30209.0,167394.0
2024,Uncapped,2036,80158.0,56892.0,30344.0,167394.0
2024,Uncapped,2037,80284.0,57424.0,29686.0,167394.0
2024,Uncapped,2038,80257.0,57553.0,29584.0,167394.0
2024,Uncapped,2039,82762.0,56070.0,28562.0,167394.0
2024,Uncapped,2040,83706.0,56177.0,27511.0,167394.0
2024,Capped,2009,64000.0,44279.0,32708.0,140987.0
2024,Capped,2010,68080.0,47272.0,34910.0,150262.0
2024,Capped,2011,63443.0,44426.0,31433.0,139302.0
2024,Capped,2012,65133.0,46389.0,33125.0,144647.0
2024,Capped,2013,72727.0,51964.0,36578.0,161269.0
2024,Capped,2014,68023.0,48525.0,34811.0,151359.0
2024,Capped,2015,64501.0,45456.0,33995.0,143952.0
2024,Capped,2016,62811.0,44263.0,33276.0,140350.0
2024,Capped,2017,62441.0,44068.0,33095.0,139604.0
2024,Capped,2018,62166.0,44100.0,33217.0,139483.0
2024,Capped,2019,63371.0,44497.0,32718.0,140586.0
2024,Capped,2020,66190.0,46204.0,34759.0,147153.0
2024,Capped,2021,88328.0,65257.0,41922.0,195507.0
2024,Capped,2022,126034.0,90632.0,58584.0,275250.0
2024,Capped,2023,88705.0,61839.0,43384.0,193928.0
2024,Capped,2024,76616.0,52592.0,38186.0,167394.0
2024,Capped,2025,76947.0,52754.0,37693.0,167394.0
2024,Capped,2026,77218.0,52723.0,37453.0,167394.0
2024,Capped,2027,77603.0,52699.0,37092.0,167394.0
2024,Capped,2028,77628.0,52775.0,36991.0,167394.0
2024,Capped,2029,77416.0,52939.0,37039.0,167394.0
2024,Capped,2030,78839.0,52197.0,36358.0,167394.0
2024,Capped,2031,78789.0,52279.0,36326.0,167394.0
2024,Capped,2032,79593.0,52037.0,35764.0,167394.0
2024,Capped,2033,80228.0,51953.0,35213.0,167394.0
2024,Capped,2034,80451.0,52009.0,34934.0,167394.0
2024,Capped,2035,79584.0,52539.0,35271.0,167394.0
2024,Capped,2036,79266.0,53260.0,34868.0,167394.0
2024,Capped,2037,79268.0,53423.0,34703.0,167394.0
2024,Capped,2038,79295.0,53537.0,34562.0,167394.0
2024,Capped,2039,80045.0,53260.0,34089.0,167394.0
2024,Capped,2040,81304.0,52244.0,33846.0,167394.0
2025,Uncapped,2009,64011.0,44301.0,32675.0,140987.0
2025,Uncapped,2010,68148.0,47270.0,34844.0,150262.0
2025,Uncapped,2011,63277.0,44409.0,31616.0,139302.0
2025,Uncapped,2012,65074.0,46338.0,33235.0,144647.0
2025,Uncapped,2013,72579.0,51916.0,36774.0,161269.0
2025,Uncapped,2014,67878.0,48383.0,35098.0,151359.0
2025,Uncapped,2015,64584.0,45377.0,33991.0,143952.0
2025,Uncapped,2016,62913.0,44386.0,33051.0,140350.0
2025,Uncapped,2017,62206.0,44151.0,33247.0,139604.0
2025,Uncapped,2018,62365.0,44141.0,32977.0,139483.0
2025,Uncapped,2019,63304.0,44557.0,32725.0,140586.0
2025,Uncapped,2020,66487.0,46289.0,34377.0,147153.0
2025,Uncapped,2021,88370.0,65215.0,41922.0,195507.0
2025,Uncapped,2022,125848.0,90745.0,58657.0,275250.0
2025,Uncapped,2023,88660.0,61779.0,43489.0,193928.0
2025,Uncapped,2024,76675.0,52637.0,38082.0,167394.0
2025,Uncapped,2025,76557.0,60942.0,29895.0,167394.0
2025,Uncapped,2026,76445.0,60314.0,30635.0,167394.0
2025,Uncapped,2027,76232.0,58651.0,32511.0,167394.0
2025,Uncapped,2028,75843.0,58346.0,33205.0,167394.0
2025,Uncapped,2029,76659.0,57907.0,32828.0,167394.0
2025,Uncapped,2030,77671.0,57672.0,32051.0,167394.0
2025,Uncapped,2031,78129.0,57522.0,31743.0,167394.0
2025,Uncapped,2032,79701.0,56739.0,30954.0,167394.0
2025,Uncapped,2033,80850.0,55606.0,30938.0,167394.0
2025,Uncapped,2034,81359.0,55982.0,30053.0,167394.0
2025,Uncapped,2035,80117.0,56859.0,30418.0,167394.0
2025,Uncapped,2036,80227.0,56844.0,30323.0,167394.0
2025,Uncapped,2037,80255.0,57415.0,29724.0,167394.0
2025,Uncapped,2038,80597.0,57338.0,29459.0,167394.0
2025,Uncapped,2039,83048.0,56088.0,28258.0,167394.0
2025,Uncapped,2040,83470.0,55990.0,27934.0,167394.0
2025,Capped,2009,64011.0,44301.0,32675.0,140987.0
2025,Capped,2010,68148.0,47270.0,34844.0,150262.0
2025,Capped,2011,63277.0,44409.0,31616.0,139302.0
2025,Capped,2012,65074.0,46338.0,33235.0,144647.0
2025,Capped,2013,72579.0,51916.0,36774.0,161269.0
2025,Capped,2014,67878.0,48383.0,35098.0,151359.0
2025,Capped,2015,64584.0,45377.0,33991.0,143952.0
2025,Capped,2016,62913.0,44386.0,33051.0,140350.0
2025,Capped,2017,62206.0,44151.0,33247.0,139604.0
2025,Capped,2018,62365.0,44141.0,32977.0,139483.0
2025,Capped,2019,63304.0,44557.0,32725.0,140586.0
2025,Capped,2020,66487.0,46289.0,34377.0,147153.0
2025,Capped,2021,88370.0,65215.0,41922.0,195507.0
2025,Capped,2022,125848.0,90745.0,58657.0,275250.0
2025,Capped,2023,88660.0,61779.0,43489.0,193928.0
2025,Capped,2024,76675.0,52637.0,38082.0,167394.0
2025,Capped,2025,77148.0,52732.0,37514.0,167394.0
2025,Capped,2026,77510.0,52657.0,37227.0,167394.0
2025,Capped,2027,77228.0,52697.0,37469.0,167394.0
2025,Capped,2028,77475.0,52892.0,37027.0,167394.0
2025,Capped,2029,77391.0,53234.0,36769.0,167394.0
2025,Capped,2030,78743.0,52367.0,36284.0,167394.0
2025,Capped,2031,78778.0,52388.0,36228.0,167394.0
2025,Capped,2032,79807.0,51977.0,35610.0,167394.0
2025,Capped,2033,80076.0,51990.0,35328.0,167394.0
2025,Capped,2034,80237.0,52153.0,35004.0,167394.0
2025,Capped,2035,79553.0,52717.0,35124.0,167394.0
2025,Capped,2036,79482.0,53191.0,34721.0,167394.0
2025,Capped,2037,78945.0,53413.0,35036.0,167394.0
2025,Capped,2038,79393.0,53498.0,34503.0,167394.0
2025,Capped,2039,80001.0,53112.0,34281.0,167394.0
2025,Capped,2040,81345.0,52483.0,33566.0,167394.0
2026,Uncapped,2009,63872.0,44246.0,32869.0,140987.0
2026,Uncapped,2010,68107.0,47483.0,34672.0,150262.0
2026,Uncapped,2011,63443.0,44398.0,31461.0,139302.0
2026,Uncapped,2012,65380.0,46405.0,32862.0,144647.0
2026,Uncapped,2013,72548.0,51907.0,36814.0,161269.0
2026,Uncapped,2014,68065.0,48214.0,35080.0,151359.0
2026,Uncapped,2015,64426.0,45284.0,34242.0,143952.0
2026,Uncapped,2016,63080.0,44368.0,32902.0,140350.0
2026,Uncapped,2017,62629.0,44073.0,32902.0,139604.0
2026,Uncapped,2018,62332.0,44133.0,33018.0,139483.0
2026,Uncapped,2019,63440.0,44630.0,32516.0,140586.0
2026,Uncapped,2020,66548.0,46172.0,34433.0,147153.0
2026,Uncapped,2021,88590.0,64999.0,41918.0,195507.0
2026,Uncapped,2022,125854.0,90861.0,58535.0,275250.0
2026,Uncapped,2023,88485.0,61708.0,43735.0,193928.0
2026,Uncapped,2024,76913.0,52571.0,37910.0,167394.0
2026,Uncapped,2025,76559.0,61075.0,29760.0,167394.0
2026,Uncapped,2026,76289.0,60350.0,30755.0,167394.0
2026,Uncapped,2027,76048.0,58487.0,32859.0,167394.0
2026,Uncapped,2028,75763.0,58349.0,33282.0,167394.0
2026,Uncapped,2029,76536.0,57951.0,32907.0,167394.0
2026,Uncapped,2030,77468.0,57404.0,32522.0,167394.0
2026,Uncapped,2031,78088.0,57610.0,31696.0,167394.0
2026,Uncapped,2032,79496.0,56538.0,31360.0,167394.0
2026,Uncapped,2033,80852.0,55624.0,30918.0,167394.0
2026,Uncapped,2034,81392.0,55716.0,30286.0,167394.0
2026,Uncapped,2035,80379.0,56902.0,30113.0,167394.0
2026,Uncapped,2036,80197.0,56939.0,30258.0,167394.0
2026,Uncapped,2037,79965.0,57374.0,30055.0,167394.0
2026,Uncapped,2038,80602.0,57612.0,29180.0,167394.0
2026,Uncapped,2039,82953.0,56014.0,28427.0,167394.0
2026,Uncapped,2040,83706.0,56049.0,27639.0,167394.0
2026,Capped,2009,63872.0,44246.0,32869.0,140987.0
2026,Capped,2010,68107.0,47483.0,34672.0,150262.0
2026,Capped,2011,63443.0,44398.0,31461.0,139302.0
2026,Capped,2012,65380.0,46405.0,32862.0,144647.0
2026,Capped,2013,72548.0,51907.0,36814.0,161269.0
2026,Capped,2014,68065.0,48214.0,35080.0,151359.0
2026,Capped,2015,64426.0,45284.0,34242.0,143952.0
2026,Capped,2016,63080.0,44368.0,32902.0,140350.0
2026,Capped,2017,62629.0,44073.0,32902.0,139604.0
2026,Capped,2018,62332.0,44133.0,33018.0,139483.0
2026,Capped,2019,63440.0,44630.0,32516.0,140586.0
2026,Capped,2020,66548.0,46172.0,34433.0,147153.0
2026,Capped,2021,88590.0,64999.0,41918.0,195507.0
2026,Capped,2022,125854.0,90861.0,58535.0,275250.0
2026,Capped,2023,88485.0,61708.0,43735.0,193928.0
2026,Capped,2024,76913.0,52571.0,37910.0,167394.0
2026,Capped,2025,76968.0,52772.0,37654.0,167394.0
2026,Capped,2026,77025.0,52838.0,37531.0,167394.0
2026,Capped,2027,77534.0,52631.0,37229.0,167394.0
2026,Capped,2028,77401.0,52933.0,37060.0,167394.0
2026,Capped,2029,77195.0,53124.0,37075.0,167394.0
2026,Capped,2030,78610.0,52125.0,36659.0,167394.0
2026,Capped,2031,78860.0,52334.0,36200.0,167394.0
2026,Capped,2032,79538.0,52097.0,35759.0,167394.0
2026,Capped,2033,79869.0,52052.0,35473.0,167394.0
2026,Capped,2034,80501.0,52165.0,34728.0,167394.0
2026,Capped,2035,79709.0,52572.0,35113.0,167394.0
2026,Capped,2036,79253.0,53167.0,34974.0,167394.0
2026,Capped,2037,79354.0,53319.0,34721.0,167394.0
2026,Capped,2038,79075.0,53577.0,34742.0,167394.0
2026,Capped,2039,80178.0,53221.0,33995.0,167394.0
2026,Capped,2040,81247.0,52272.0,33875.0,167394.0
2027,Uncapped,2009,63711.0,44349.0,32927.0,140987.0
2027,Uncapped,2010,67911.0,47259.0,35092.0,150262.0
2027,Uncapped,2011,63612.0,44515.0,31175.0,139302.0
2027,Uncapped,2012,65322.0,46325.0,33000.0,144647.0
2027,Uncapped,2013,72671.0,52167.0,36431.0,161269.0
2027,Uncapped,2014,67845.0,48416.0,35098.0,151359.0
2027,Uncapped,2015,64503.0,45379.0,34070.0,143952.0
2027,Uncapped,2016,62932.0,44456.0,32962.0,140350.0
2027,Uncapped,2017,62319.0,44101.0,33184.0,139604.0
2027,Uncapped,2018,62509.0,44156.0,32818.0,139483.0
2027,Uncapped,2019,63509.0,44535.0,32542.0,140586.0
2027,Uncapped,2020,66717.0,46301.0,34135.0,147153.0
2027,Uncapped,2021,88618.0,65171.0,41718.0,195507.0
2027,Uncapped,2022,126274.0,90833.0,58143.0,275250.0
2027,Uncapped,2023,88599.0,61648.0,43681.0,193928.0
2027,Uncapped,2024,76940.0,52616.0,37838.0,167394.0
2027,Uncapped,2025,76416.0,61176.0,29802.0,167394.0
2027,Uncapped,2026,76405.0,60277.0,30712.0,167394.0
2027,Uncapped,2027,76041.0,58579.0,32774.0,167394.0
2027,Uncapped,2028,76216.0,58378.0,32800.0,167394.0
2027,Uncapped,2029,76532.0,57874.0,32988.0,167394.0
2027,Uncapped,2030,77588.0,57513.0,32293.0,167394.0
2027,Uncapped,2031,77884.0,57417.0,32093.0,167394.0
2027,Uncapped,2032,79537.0,56616.0,31241.0,167394.0
2027,Uncapped,2033,80960.0,55627.0,30807.0,167394.0
2027,Uncapped,2034,81261.0,55895.0,30238.0,167394.0
2027,Uncapped,2035,80345.0,56644.0,30405.0,167394.0
2027,Uncapped,2036,80278.0,56756.0,30360.0,167394.0
2027,Uncapped,2037,80288.0,57477.0,29629.0,167394.0
2027,Uncapped,2038,80734.0,57691.0,28969.0,167394.0
2027,Uncapped,2039,82894.0,56226.0,28274.0,167394.0
2027,Uncapped,2040,83933.0,56047.0,27414.0,167394.0
2027,Capped,2009,63711.0,44349.0,32927.0,140987.0
2027,Capped,2010,67911.0,47259.0,35092.0,150262.0
2027,Capped,2011,63612.0,44515.0,31175.0,139302.0
2027,Capped,2012,65322.0,46325.0,33000.0,144647.0
2027,Capped,2013,72671.0,52167.0,36431.0,161269.0
2027,Capped,2014,67845.0,48416.0,35098.0,151359.0
2027,Capped,2015,64503.0,45379.0,34070.0,143952.0
2027,Capped,2016,62932.0,44456.0,32962.0,140350.0
2027,Capped,2017,62319.0,44101.0,33184.0,139604.0
2027,Capped,2018,62509.0,44156.0,32818.0,139483.0
2027,Capped,2019,63509.0,44535.0,32542.0,140586.0
2027,Capped,2020,66717.0,46301.0,34135.0,147153.0
2027,Capped,2021,88618.0,65171.0,41718.0,195507.0
2027,Capped,2022,126274.0,90833.0,58143.0,275250.0
2027,Capped,2023,88599.0,61648.0,43681.0,193928.0
2027,Capped,2024,76940.0,52616.0,37838.0,167394.0
2027,Capped,2025,76811.0,52745.0,37838.0,167394.0
2027,Capped,2026,77171.0,52695.0,37528.0,167394.0
2027,Capped,2027,77160.0,52663.0,37571.0,167394.0
2027,Capped,2028,77507.0,52919.0,36968.0,167394.0
2027,Capped,2029,77096.0,53170.0,37128.0,167394.0
2027,Capped,2030,78900.0,52369.0,36125.0,167394.0
2027,Capped,2031,79210.0,52352.0,35832.0,167394.0
2027,Capped,2032,79753.0,52170.0,35471.0,167394.0
2027,Capped,2033,80136.0,52009.0,35249.0,167394.0
2027,Capped,2034,80341.0,52079.0,34974.0,167394.0
2027,Capped,2035,79624.0,52685.0,35085.0,167394.0
2027,Capped,2036,79473.0,53272.0,34649.0,167394.0
2027,Capped,2037,79326.0,53413.0,34655.0,167394.0
2027,Capped,2038,79539.0,53434.0,34421.0,167394.0
2027,Capped,2039,79916.0,53128.0,34350.0,167394.0
2027,Capped,2040,81628.0,52464.0,33302.0,167394.0
2028,Uncapped,2009,63884.0,44446.0,32657.0,140987.0
2028,Uncapped,2010,68173.0,47273.0,34816.0,150262.0
2028,Uncapped,2011,63546.0,44465.0,31291.0,139302.0
2028,Uncapped,2012,65452.0,46294.0,32901.0,144647.0
2028,Uncapped,2013,72345.0,51835.0,37089.0,161269.0
2028,Uncapped,2014,68072.0,48363.0,34924.0,151359.0
2028,Uncapped,2015,64706.0,45290.0,33956.0,143952.0
2028,Uncapped,2016,62797.0,44431.0,33122.0,140350.0
2028,Uncapped,2017,62596.0,44161.0,32847.0,139604.0
2028,Uncapped,2018,62248.0,44094.0,33141.0,139483.0
2028,Uncapped,2019,63553.0,44667.0,32366.0,140586.0
2028,Uncapped,2020,66433.0,46253.0,34467.0,147153.0
2028,Uncapped,2021,88518.0,65243.0,41746.0,195507.0
2028,Uncapped,2022,126006.0,90746.0,58498.0,275250.0
2028,Uncapped,2023,88617.0,61595.0,43716.0,193928.0
2028,Uncapped,2024,76677.0,52499.0,38218.0,167394.0
2028,Uncapped,2025,76434.0,61090.0,29870.0,167394.0
2028,Uncapped,2026,76585.0,60427.0,30382.0,167394.0
2028,Uncapped,2027,76186.0,58611.0,32597.0,167394.0
2028,Uncapped,2028,76063.0,58324.0,33007.0,167394.0
2028,Uncapped,2029,76670.0,57946.0,32778.0,167394.0
2028,Uncapped,2030,77529.0,57480.0,32385.0,167394.0
2028,Uncapped,2031,77984.0,57497.0,31913.0,167394.0
2028,Uncapped,2032,79503.0,56706.0,31185.0,167394.0
2028,Uncapped,2033,81083.0,55415.0,30896.0,167394.0
2028,Uncapped,2034,81262.0,55736.0,30396.0,167394.0
2028,Uncapped,2035,80407.0,56809.0,30178.0,167394.0
2028,Uncapped,2036,80152.0,57056.0,30186.0,167394.0
2028,Uncapped,2037,80456.0,57185.0,29753.0,167394.0
2028,Uncapped,2038,80638.0,57660.0,29096.0,167394.0
2028,Uncapped,2039,83258.0,56039.0,28097.0,167394.0
2028,Uncapped,2040,83732.0,56277.0,27385.0,167394.0
2028,Capped,2009,63884.0,44446.0,32657.0,140987.0
2028,Capped,2010,68173.0,47273.0,34816.0,150262.0
2028,Capped,2011,63546.0,44465.0,31291.0,139302.0
2028,Capped,2012,65452.0,46294.0,32901.0,144647.0
2028,Capped,2013,72345.0,51835.0,37089.0,161269.0
2028,Capped,2014,68072.0,48363.0,34924.0,151359.0
2028,Capped,2015,64706.0,45290.0,33956.0,143952.0
2028,Capped,2016,62797.0,44431.0,33122.0,140350.0
2028,Capped,2017,62596.0,44161.0,32847.0,139604.0
2028,Capped,2018,62248.0,44094.0,33141.0,139483.0
2028,Capped,2019,63553.0,44667.0,32366.0,140586.0
2028,Capped,2020,66433.0,46253.0,34467.0,147153.0
2028,Capped,2021,88518.0,65243.0,41746.0,195507.0
2028,Capped,2022,126006.0,90746.0,58498.0,275250.0
2028,Capped,2023,88617.0,61595.0,43716.0,193928.0
2028,Capped,2024,76677.0,52499.0,38218.0,167394.0
2028,Capped,2025,77282.0,52839.0,37273.0,167394.0
2028,Capped,2026,77284.0,52557.0,37553.0,167394.0
2028,Capped,2027,77544.0,52733.0,37117.0,167394.0
2028,Capped,2028,77457.0,52906.0,37031.0,167394.0
2028,Capped,2029,77361.0,53121.0,36912.0,167394.0
2028,Capped,2030,78883.0,52343.0,36168.0,167394.0
2028,Capped,2031,79042.0,52363.0,35989.0,167394.0
2028,Capped,2032,79497.0,52157.0,35740.0,167394.0
2028,Capped,2033,80040.0,51861.0,35493.0,167394.0
2028,Capped,2034,80389.0,52181.0,34824.0,167394.0
2028,Capped,2035,79659.0,52768.0,34967.0,167394.0
2028,Capped,2036,79163.0,53286.0,34945.0,167394.0
2028,Capped,2037,79536.0,53391.0,34467.0,167394.0
2028,Capped,2038,79176.0,53258.0,34960.0,167394.0
2028,Capped,2039,80142.0,53035.0,34217.0,167394.0
2028,Capped,2040,81471.0,52370.0,33553.0,167394.0
2029,Uncapped,2009,63832.0,44414.0,32741.0,140987.0
2029,Uncapped,2010,68238.0,47469.0,34555.0,150262.0
2029,Uncapped,2011,63769.0,44504.0,31029.0,139302.0
2029,Uncapped,2012,65146.0,46345.0,33156.0,144647.0
2029,Uncapped,2013,72717.0,51900.0,36652.0,161269.0
2029,Uncapped,2014,68156.0,48483.0,34720.0,151359.0
2029,Uncapped,2015,64655.0,45422.0,33875.0,143952.0
2029,Uncapped,2016,62946.0,44457.0,32947.0,140350.0
2029,Uncapped,2017,62632.0,44361.0,32611.0,139604.0
2029,Uncapped,2018,62470.0,44108.0,32905.0,139483.0
2029,Uncapped,2019,63417.0,44422.0,32747.0,140586.0
2029,Uncapped,2020,66583.0,46337.0,34233.0,147153.0
2029,Uncapped,2021,88431.0,65333.0,41743.0,195507.0
2029,Uncapped,2022,125962.0,90833.0,58455.0,275250.0
2029,Uncapped,2023,88460.0,61664.0,43804.0,193928.0
2029,Uncapped,2024,76915.0,52689.0,37790.0,167394.0
2029,Uncapped,2025,76776.0,61049.0,29569.0,167394.0
2029,Uncapped,2026,76478.0,60354.0,30562.0,167394.0
2029,Uncapped,2027,76235.0,58500.0,32659.0,167394.0
2029,Uncapped,2028,76021.0,58391.0,32982.0,167394.0
2029,Uncapped,2029,76557.0,58006.0,32831.0,167394.0
2029,Uncapped,2030,77768.0,57562.0,32064.0,167394.0
2029,Uncapped,2031,77908.0,57449.0,32037.0,167394.0
2029,Uncapped,2032,79373.0,56606.0,31415.0,167394.0
2029,Uncapped,2033,80820.0,55582.0,30992.0,167394.0
2029,Uncapped,2034,81329.0,55656.0,30409.0,167394.0
2029,Uncapped,2035,80364.0,56751.0,30279.0,167394.0
2029,Uncapped,2036,80181.0,56969.0,30244.0,167394.0
2029,Uncapped,2037,80197.0,57280.0,29917.0,167394.0
2029,Uncapped,2038,80566.0,57433.0,29395.0,167394.0
2029,Uncapped,2039,83030.0,56112.0,28252.0,167394.0
2029,Uncapped,2040,83524.0,56040.0,27830.0,167394.0
2029,Capped,2009,63832.0,44414.0,32741.0,140987.0
2029,Capped,2010,68238.0,47469.0,34555.0,150262.0
2029,Capped,2011,63769.0,44504.0,31029.0,139302.0
2029,Capped,2012,65146.0,46345.0,33156.0,144647.0
2029,Capped,2013,72717.0,51900.0,36652.0,161269.0
2029,Capped,2014,68156.0,48483.0,34720.0,151359.0
2029,Capped,2015,64655.0,45422.0,33875.0,143952.0
2029,Capped,2016,62946.0,44457.0,32947.0,140350.0
2029,Capped,2017,62632.0,44361.0,32611.0,139604.0
2029,Capped,2018,62470.0,44108.0,32905.0,139483.0
2029,Capped,2019,63417.0,44422.0,32747.0,140586.0
2029,Capped,2020,66583.0,46337.0,34233.0,147153.0
2029,Capped,2021,88431.0,65333.0,41743.0,195507.0
2029,Capped,2022,125962.0,90833.0,58455.0,275250.0
2029,Capped,2023,88460.0,61664.0,43804.0,193928.0
2029,Capped,2024,76915.0,52689.0,37790.0,167394.0
2029,Capped,2025,77048.0,52841.0,37505.0,167394.0
2029,Capped,2026,77192.0,52653.0,37549.0,167394.0
2029,Capped,2027,77531.0,52630.0,37233.0,167394.0
2029,Capped,2028,77291.0,52869.0,37234.0,167394.0
2029,Capped,2029,77484.0,53088.0,36822.0,167394.0
2029,Capped,2030,79120.0,52344.0,35930.0,167394.0
2029,Capped,2031,78836.0,52503.0,36055.0,167394.0
2029,Capped,2032,79654.0,52029.0,35711.0,167394.0
2029,Capped,2033,80130.0,51876.0,35388.0,167394.0
2029,Capped,2034,80079.0,52169.0,35146.0,167394.0
2029,Capped,2035,79532.0,52576.0,35286.0,167394.0
2029,Capped,2036,79279.0,53267.0,34848.0,167394.0
2029,Capped,2037,79095.0,53503.0,34796.0,167394.0
2029,Capped,2038,79108.0,53470.0,34816.0,167394.0
2029,Capped,2039,80154.0,53225.0,34015.0,167394.0
2029,Capped,2040,81305.0,52357.0,33732.0,167394.0
2030,Uncapped,2009,63779.0,44248.0,32960.0,140987.0
2030,Uncapped,2010,68101.0,47342.0,34819.0,150262.0
2030,Uncapped,2011,63775.0,44533.0,30994.0,139302.0
2030,Uncapped,2012,65169.0,46364.0,33114.0,144647.0
2030,Uncapped,2013,72518.0,52074.0,36677.0,161269.0
2030,Uncapped,2014,68031.0,48497.0,34831.0,151359.0
2030,Uncapped,2015,64687.0,45288.0,33977.0,143952.0
2030,Uncapped,2016,62789.0,44365.0,33196.0,140350.0
2030,Uncapped,2017,62512.0,44321.0,32771.0,139604.0
2030,Uncapped,2018,62243.0,44160.0,33080.0,139483.0
2030,Uncapped,2019,63428.0,44646.0,32512.0,140586.0
2030,Uncapped,2020,66556.0,46377.0,34220.0,147153.0
2030,Uncapped,2021,88406.0,65206.0,41895.0,195507.0
2030,Uncapped,2022,126121.0,90652.0,58477.0,275250.0
2030,Uncapped,2023,88359.0,61818.0,43751.0,193928.0
2030,Uncapped,2024,76735.0,52640.0,38019.0,167394.0
2030,Uncapped,2025,76496.0,61084.0,29814.0,167394.0
2030,Uncapped,2026,76716.0,60167.0,30511.0,167394.0
2030,Uncapped,2027,76104.0,58582.0,32708.0,167394.0
2030,Uncapped,2028,76016.0,58438.0,32940.0,167394.0
2030,Uncapped,2029,76611.0,57848.0,32935.0,167394.0
2030,Uncapped,2030,77622.0,57536.0,32236.0,167394.0
2030,Uncapped,2031,78185.0,57518.0,31691.0,167394.0
2030,Uncapped,2032,79411.0,56613.0,31370.0,167394.0
2030,Uncapped,2033,80998.0,55450.0,30946.0,167394.0
2030,Uncapped,2034,81486.0,55657.0,30251.0,167394.0
2030,Uncapped,2035,80289.0,56757.0,30348.0,167394.0
2030,Uncapped,2036,80345.0,56900.0,30149.0,167394.0
2030,Uncapped,2037,80280.0,57280.0,29834.0,167394.0
2030,Uncapped,2038,80461.0,57332.0,29601.0,167394.0
2030,Uncapped,2039,82913.0,56036.0,28445.0,167394.0
2030,Uncapped,2040,83849.0,56041.0,27504.0,167394.0
2030,Capped,2009,63779.0,44248.0,32960.0,140987.0
2030,Capped,2010,68101.0,47342.0,34819.0,150262.0
2030,Capped,2011,63775.0,44533.0,30994.0,139302.0
2030,Capped,2012,65169.0,46364.0,33114.0,144647.0
2030,Capped,2013,72518.0,52074.0,36677.0,161269.0
2030,Capped,2014,68031.0,48497.0,34831.0,151359.0
2030,Capped,2015,64687.0,45288.0,33977.0,143952.0
2030,Capped,2016,62789.0,44365.0,33196.0,140350.0
2030,Capped,2017,62512.0,44321.0,32771.0,139604.0
2030,Capped,2018,62243.0,44160.0,33080.0,139483.0
2030,Capped,2019,63428.0,44646.0,32512.0,140586.0
2030,Capped,2020,66556.0,46377.0,34220.0,147153.0
2030,Capped,2021,88406.0,65206.0,41895.0,195507.0
2030,Capped,2022,126121.0,90652.0,58477.0,275250.0
2030,Capped,2023,88359.0,61818.0,43751.0,193928.0
2030,Capped,2024,76735.0,52640.0,38019.0,167394.0
2030,Capped,2025,77162.0,52630.0,37602.0,167394.0
2030,Capped,2026,77461.0,52748.0,37185.0,167394.0
2030,Capped,2027,77846.0,52556.0,36992.0,167394.0
2030,Capped,2028,77403.0,52920.0,37071.0,167394.0
2030,Capped,2029,77419.0,53224.0,36751.0,167394.0
2030,Capped,2030,78680.0,52324.0,36390.0,167394.0
2030,Capped,2031,78933.0,52300.0,36161.0,167394.0
2030,Capped,2032,79722.0,51973.0,35699.0,167394.0
2030,Capped,2033,80069.0,51936.0,35389.0,167394.0
2030,Capped,2034,80242.0,51947.0,35205.0,167394.0
2030,Capped,2035,79696.0,52652.0,35046.0,167394.0
2030,Capped,2036,79263.0,53160.0,34971.0,167394.0
2030,Capped,2037,79392.0,53374.0,34628.0,167394.0
2030,Capped,2038,79337.0,53350.0,34707.0,167394.0
2030,Capped,2039,80080.0,53228.0,34086.0,167394.0
2030,Capped,2040,81411.0,52257.0,33726.0,167394.0
2031,Uncapped,2009,63588.0,44348.0,33051.0,140987.0
2031,Uncapped,2010,68215.0,47477.0,34570.0,150262.0
2031,Uncapped,2011,63694.0,44456.0,31152.0,139302.0
2031,Uncapped,2012,65202.0,46466.0,32979.0,144647.0
2031,Uncapped,2013,72601.0,52017.0,36651.0,161269.0
2031,Uncapped,2014,68294.0,48479.0,34586.0,151359.0
2031,Uncapped,2015,64630.0,45475.0,33847.0,143952.0
2031,Uncapped,2016,63015.0,44434.0,32901.0,140350.0
2031,Uncapped,2017,62636.0,44179.0,32789.0,139604.0
2031,Uncapped,2018,62471.0,44062.0,32950.0,139483.0
2031,Uncapped,2019,63465.0,44503.0,32618.0,140586.0
2031,Uncapped,2020,66469.0,46280.0,34404.0,147153.0
2031,Uncapped,2021,88801.0,65120.0,41586.0,195507.0
2031,Uncapped,2022,126002.0,90671.0,58577.0,275250.0
2031,Uncapped,2023,88632.0,61708.0,43588.0,193928.0
2031,Uncapped,2024,76617.0,52495.0,38282.0,167394.0
2031,Uncapped,2025,76601.0,61036.0,29757.0,167394.0
2031,Uncapped,2026,76420.0,60412.0,30562.0,167394.0
2031,Uncapped,2027,76038.0,58581.0,32775.0,167394.0
2031,Uncapped,2028,75953.0,58599.0,32842.0,167394.0
2031,Uncapped,2029,76486.0,57775.0,33133.0,167394.0
2031,Uncapped,2030,77420.0,57485.0,32489.0,167394.0
2031,Uncapped,2031,78053.0,57462.0,31879.0,167394.0
2031,Uncapped,2032,79588.0,56497.0,31309.0,167394.0
2031,Uncapped,2033,81056.0,55333.0,31005.0,167394.0
2031,Uncapped,2034,81198.0,55641.0,30555.0,167394.0
2031,Uncapped,2035,80225.0,56638.0,30531.0,167394.0
2031,Uncapped,2036,80376.0,57052.0,29966.0,167394.0
2031,Uncapped,2037,80027.0,57393.0,29974.0,167394.0
2031,Uncapped,2038,80356.0,57482.0,29556.0,167394.0
2031,Uncapped,2039,83062.0,55959.0,28373.0,167394.0
2031,Uncapped,2040,83708.0,56087.0,27599.0,167394.0
2031,Capped,2009,63588.0,44348.0,33051.0,140987.0
2031,Capped,2010,68215.0,47477.0,34570.0,150262.0
2031,Capped,2011,63694.0,44456.0,31152.0,139302.0
2031,Capped,2012,65202.0,46466.0,32979.0,144647.0
2031,Capped,2013,72601.0,52017.0,36651.0,161269.0
2031,Capped,2014,68294.0,48479.0,34586.0,151359.0
2031,Capped,2015,64630.0,45475.0,33847.0,143952.0
2031,Capped,2016,63015.0,44434.0,32901.0,140350.0
2031,Capped,2017,62636.0,44179.0,32789.0,139604.0
2031,Capped,2018,62471.0,44062.0,32950.0,139483.0
2031,Capped,2019,63465.0,44503.0,32618.0,140586.0
2031,Capped,2020,66469.0,46280.0,34404.0,147153.0
2031,Capped,2021,88801.0,65120.0,41586.0,195507.0
2031,Capped,2022,126002.0,90671.0,58577.0,275250.0
2031,Capped,2023,88632.0,61708.0,43588.0,193928.0
2031,Capped,2024,76617.0,52495.0,38282.0,167394.0
2031,Capped,2025,76976.0,52803.0,37615.0,167394.0
2031,Capped,2026,77131.0,52715.0,37548.0,167394.0
2031,Capped,2027,77567.0,52600.0,37227.0,167394.0
2031,Capped,2028,77304.0,52860.0,37230.0,167394.0
2031,Capped,2029,77546.0,53064.0,36784.0,167394.0
2031,Capped,2030,78708.0,52274.0,36412.0,167394.0
2031,Capped,2031,78794.0,52279.0,36321.0,167394.0
2031,Capped,2032,79840.0,52123.0,35431.0,167394.0
2031,Capped,2033,80046.0,51875.0,35473.0,167394.0
2031,Capped,2034,80432.0,51933.0,35029.0,167394.0
2031,Capped,2035,79736.0,52586.0,35072.0,167394.0
2031,Capped,2036,79317.0,53110.0,34967.0,167394.0
2031,Capped,2037,79085.0,53194.0,35115.0,167394.0
2031,Capped,2038,79439.0,53391.0,34564.0,167394.0
2031,Capped,2039,79974.0,53050.0,34370.0,167394.0
2031,Capped,2040,81416.0,52236.0,33742.0,167394.0
2032,Uncapped,2009,63721.0,44387.0,32879.0,140987.0
2032,Uncapped,2010,68321.0,47256.0,34685.0,150262.0
2032,Uncapped,2011,63609.0,44444.0,31249.0,139302.0
2032,Uncapped,2012,64996.0,46337.0,33314.0,144647.0
2032,Uncapped,2013,72705.0,51984.0,36580.0,161269.0
2032,Uncapped,2014,68012.0,48552.0,34795.0,151359.0
2032,Uncapped,2015,64749.0,45293.0,33910.0,143952.0
2032,Uncapped,2016,62811.0,44400.0,33139.0,140350.0
2032,Uncapped,2017,62449.0,44188.0,32967.0,139604.0
2032,Uncapped,2018,62446.0,44161.0,32876.0,139483.0
2032,Uncapped,2019,63190.0,44399.0,32997.0,140586.0
2032,Uncapped,2020,66596.0,46353.0,34204.0,147153.0
2032,Uncapped,2021,88733.0,65187.0,41587.0,195507.0
2032,Uncapped,2022,126004.0,90685.0,58561.0,275250.0
2032,Uncapped,2023,88666.0,61819.0,43443.0,193928.0
2032,Uncapped,2024,76792.0,52737.0,37865.0,167394.0
2032,Uncapped,2025,76489.0,61026.0,29879.0,167394.0
2032,Uncapped,2026,76474.0,60134.0,30786.0,167394.0
2032,Uncapped,2027,76310.0,58533.0,32551.0,167394.0
2032,Uncapped,2028,76012.0,58350.0,33032.0,167394.0
2032,Uncapped,2029,76633.0,57895.0,32866.0,167394.0
2032,Uncapped,2030,77535.0,57648.0,32211.0,167394.0
2032,Uncapped,2031,78214.0,57473.0,31707.0,167394.0
2032,Uncapped,2032,79366.0,56685.0,31343.0,167394.0
2032,Uncapped,2033,80745.0,55481.0,31168.0,167394.0
2032,Uncapped,2034,81185.0,55682.0,30527.0,167394.0
2032,Uncapped,2035,80507.0,56575.0,30312.0,167394.0
2032,Uncapped,2036,80244.0,56850.0,30300.0,167394.0
2032,Uncapped,2037,80393.0,57300.0,29701.0,167394.0
2032,Uncapped,2038,80614.0,57313.0,29467.0,167394.0
2032,Uncapped,2039,82957.0,56109.0,28328.0,167394.0
2032,Uncapped,2040,83784.0,56056.0,27554.0,167394.0
2032,Capped,2009,63721.0,44387.0,32879.0,140987.0
2032,Capped,2010,68321.0,47256.0,34685.0,150262.0
2032,Capped,2011,63609.0,44444.0,31249.0,139302.0
2032,Capped,2012,64996.0,46337.0,33314.0,144647.0
2032,Capped,2013,72705.0,51984.0,36580.0,161269.0
2032,Capped,2014,68012.0,48552.0,34795.0,151359.0
2032,Capped,2015,64749.0,45293.0,33910.0,143952.0
2032,Capped,2016,62811.0,44400.0,33139.0,140350.0
2032,Capped,2017,62449.0,44188.0,32967.0,139604.0
2032,Capped,2018,62446.0,44161.0,32876.0,139483.0
2032,Capped,2019,63190.0,44399.0,32997.0,140586.0
2032,Capped,2020,66596.0,46353.0,34204.0,147153.0
2032,Capped,2021,88733.0,65187.0,41587.0,195507.0
2032,Capped,2022,126004.0,90685.0,58561.0,275250.0
2032,Capped,2023,88666.0,61819.0,43443.0,193928.0
2032,Capped,2024,76792.0,52737.0,37865.0,167394.0
2032,Capped,2025,77064.0,52763.0,37567.0,167394.0
2032,Capped,2026,77498.0,52706.0,37190.0,167394.0
2032,Capped,2027,77480.0,52730.0,37184.0,167394.0
2032,Capped,2028,77590.0,52931.0,36873.0,167394.0
2032,Capped,2029,77319.0,53060.0,37015.0,167394.0
2032,Capped,2030,78729.0,52290.0,36375.0,167394.0
2032,Capped,2031,78865.0,52293.0,36236.0,167394.0
2032,Capped,2032,79584.0,52055.0,35755.0,167394.0
2032,Capped,2033,80475.0,51874.0,35045.0,167394.0
2032,Capped,2034,80279.0,51977.0,35138.0,167394.0
2032,Capped,2035,79627.0,52697.0,35070.0,167394.0
2032,Capped,2036,79433.0,52939.0,35022.0,167394.0
2032,Capped,2037,79169.0,53303.0,34922.0,167394.0
2032,Capped,2038,79269.0,53455.0,34670.0,167394.0
2032,Capped,2039,80144.0,53155.0,34095.0,167394.0
2032,Capped,2040,81303.0,52140.0,33951.0,167394.0
2033,Uncapped,2009,63931.0,44399.0,32657.0,140987.0
2033,Uncapped,2010,68309.0,47421.0,34532.0,150262.0
2033,Uncapped,2011,63574.0,44462.0,31266.0,139302.0
2033,Uncapped,2012,65030.0,46355.0,33262.0,144647.0
2033,Uncapped,2013,72817.0,52069.0,36383.0,161269.0
2033,Uncapped,2014,68154.0,48503.0,34702.0,151359.0
2033,Uncapped,2015,64486.0,45320.0,34146.0,143952.0
2033,Uncapped,2016,63131.0,44436.0,32783.0,140350.0
2033,Uncapped,2017,62501.0,44211.0,32892.0,139604.0
2033,Uncapped,2018,62521.0,44315.0,32647.0,139483.0
2033,Uncapped,2019,63250.0,44558.0,32778.0,140586.0
2033,Uncapped,2020,66614.0,46249.0,34290.0,147153.0
2033,Uncapped,2021,88648.0,65139.0,41720.0,195507.0
2033,Uncapped,2022,126115.0,90734.0,58401.0,275250.0
2033,Uncapped,2023,88371.0,61681.0,43876.0,193928.0
2033,Uncapped,2024,76509.0,52663.0,38222.0,167394.0
2033,Uncapped,2025,76444.0,60984.0,29966.0,167394.0
2033,Uncapped,2026,76472.0,60417.0,30505.0,167394.0
2033,Uncapped,2027,76148.0,58420.0,32826.0,167394.0
2033,Uncapped,2028,75762.0,58263.0,33369.0,167394.0
2033,Uncapped,2029,76636.0,57695.0,33063.0,167394.0
2033,Uncapped,2030,77629.0,57563.0,32202.0,167394.0
2033,Uncapped,2031,78236.0,57545.0,31613.0,167394.0
2033,Uncapped,2032,79307.0,56706.0,31381.0,167394.0
2033,Uncapped,2033,80872.0,55431.0,31091.0,167394.0
2033,Uncapped,2034,81081.0,55658.0,30655.0,167394.0
2033,Uncapped,2035,80413.0,56794.0,30187.0,167394.0
2033,Uncapped,2036,80078.0,56852.0,30464.0,167394.0
2033,Uncapped,2037,80198.0,57315.0,29881.0,167394.0
2033,Uncapped,2038,80524.0,57517.0,29353.0,167394.0
2033,Uncapped,2039,83091.0,55938.0,28365.0,167394.0
2033,Uncapped,2040,83649.0,56147.0,27598.0,167394.0
2033,Capped,2009,63931.0,44399.0,32657.0,140987.0
2033,Capped,2010,68309.0,47421.0,34532.0,150262.0
2033,Capped,2011,63574.0,44462.0,31266.0,139302.0
2033,Capped,2012,65030.0,46355.0,33262.0,144647.0
2033,Capped,2013,72817.0,52069.0,36383.0,161269.0
2033,Capped,2014,68154.0,48503.0,34702.0,151359.0
2033,Capped,2015,64486.0,45320.0,34146.0,143952.0
2033,Capped,2016,63131.0,44436.0,32783.0,140350.0
2033,Capped,2017,62501.0,44211.0,32892.0,139604.0
2033,Capped,2018,62521.0,44315.0,32647.0,139483.0
2033,Capped,2019,63250.0,44558.0,32778.0,140586.0
2033,Capped,2020,66614.0,46249.0,34290.0,147153.0
2033,Capped,2021,88648.0,65139.0,41720.0,195507.0
2033,Capped,2022,126115.0,90734.0,58401.0,275250.0
2033,Capped,2023,88371.0,61681.0,43876.0,193928.0
2033,Capped,2024,76509.0,52663.0,38222.0,167394.0
2033,Capped,2025,76972.0,52708.0,37714.0,167394.0
2033,Capped,2026,77145.0,52810.0,37439.0,167394.0
2033,Capped,2027,77464.0,52551.0,37379.0,167394.0
2033,Capped,2028,77296.0,52991.0,37107.0,167394.0
2033,Capped,2029,77252.0,53049.0,37093.0,167394.0
2033,Capped,2030,78534.0,52207.0,36653.0,167394.0
2033,Capped,2031,78965.0,52244.0,36185.0,167394.0
2033,Capped,2032,79400.0,52032.0,35962.0,167394.0
2033,Capped,2033,80074.0,51748.0,35572.0,167394.0
2033,Capped,2034,80439.0,52173.0,34782.0,167394.0
2033,Capped,2035,79682.0,52734.0,34978.0,167394.0
2033,Capped,2036,79319.0,53073.0,35002.0,167394.0
2033,Capped,2037,79094.0,53363.0,34937.0,167394.0
2033,Capped,2038,79311.0,53472.0,34611.0,167394.0
2033,Capped,2039,80273.0,52980.0,34141.0,167394.0
2033,Capped,2040,81376.0,52324.0,33694.0,167394.0
2034,Uncapped,2009,63837.0,44410.0,32740.0,140987.0
2034,Uncapped,2010,68237.0,47316.0,34709.0,150262.0
2034,Uncapped,2011,63370.0,44517.0,31415.0,139302.0
2034,Uncapped,2012,65335.0,46278.0,33034.0,144647.0
2034,Uncapped,2013,72510.0,51978.0,36781.0,161269.0
2034,Uncapped,2014,68105.0,48309.0,34945.0,151359.0
2034,Uncapped,2015,64503.0,45380.0,34069.0,143952.0
2034,Uncapped,2016,62510.0,44398.0,33442.0,140350.0
2034,Uncapped,2017,62527.0,44228.0,32849.0,139604.0
2034,Uncapped,2018,62419.0,44206.0,32858.0,139483.0
2034,Uncapped,2019,63252.0,44694.0,32640.0,140586.0
2034,Uncapped,2020,66537.0,46409.0,34207.0,147153.0
2034,Uncapped,2021,88456.0,65320.0,41731.0,195507.0
2034,Uncapped,2022,125667.0,90797.0,58786.0,275250.0
2034,Uncapped,2023,88694.0,61671.0,43563.0,193928.0
2034,Uncapped,2024,76859.0,52558.0,37977.0,167394.0
2034,Uncapped,2025,76692.0,61008.0,29694.0,167394.0
2034,Uncapped,2026,76507.0,60462.0,30425.0,167394.0
2034,Uncapped,2027,76204.0,58541.0,32649.0,167394.0
2034,Uncapped,2028,76009.0,58345.0,33040.0,167394.0
2034,Uncapped,2029,76358.0,57954.0,33082.0,167394.0
2034,Uncapped,2030,77554.0,57500.0,32340.0,167394.0
2034,Uncapped,2031,78004.0,57530.0,31860.0,167394.0
2034,Uncapped,2032,79378.0,56651.0,31365.0,167394.0
2034,Uncapped,2033,80701.0,55637.0,31056.0,167394.0
2034,Uncapped,2034,81439.0,55589.0,30366.0,167394.0
2034,Uncapped,2035,80328.0,56697.0,30369.0,167394.0
2034,Uncapped,2036,80208.0,56765.0,30421.0,167394.0
2034,Uncapped,2037,80113.0,57329.0,29952.0,167394.0
2034,Uncapped,2038,80590.0,57543.0,29261.0,167394.0
2034,Uncapped,2039,82924.0,56029.0,28441.0,167394.0
2034,Uncapped,2040,83790.0,56226.0,27378.0,167394.0
2034,Capped,2009,63837.0,44410.0,32740.0,140987.0
2034,Capped,2010,68237.0,47316.0,34709.0,150262.0
2034,Capped,2011,63370.0,44517.0,31415.0,139302.0
2034,Capped,2012,65335.0,46278.0,33034.0,144647.0
2034,Capped,2013,72510.0,51978.0,36781.0,161269.0
2034,Capped,2014,68105.0,48309.0,34945.0,151359.0
2034,Capped,2015,64503.0,45380.0,34069.0,143952.0
2034,Capped,2016,62510.0,44398.0,33442.0,140350.0
2034,Capped,2017,62527.0,44228.0,32849.0,139604.0
2034,Capped,2018,62419.0,44206.0,32858.0,139483.0
2034,Capped,2019,63252.0,44694.0,32640.0,140586.0
2034,Capped,2020,66537.0,46409.0,34207.0,147153.0
2034,Capped,2021,88456.0,65320.0,41731.0,195507.0
2034,Capped,2022,125667.0,90797.0,58786.0,275250.0
2034,Capped,2023,88694.0,61671.0,43563.0,193928.0
2034,Capped,2024,76859.0,52558.0,37977.0,167394.0
2034,Capped,2025,77005.0,52592.0,37797.0,167394.0
2034,Capped,2026,77320.0,52673.0,37401.0,167394.0
2034,Capped,2027,77592.0,52659.0,37143.0,167394.0
2034,Capped,2028,77554.0,52932.0,36908.0,167394.0
2034,Capped,2029,77324.0,53171.0,36899.0,167394.0
2034,Capped,2030,78634.0,52241.0,36519.0,167394.0
2034,Capped,2031,78682.0,52250.0,36462.0,167394.0
2034,Capped,2032,79540.0,52129.0,35725.0,167394.0
2034,Capped,2033,79881.0,51990.0,35523.0,167394.0
2034,Capped,2034,80300.0,52146.0,34948.0,167394.0
2034,Capped,2035,80028.0,52460.0,34906.0,167394.0
2034,Capped,2036,79358.0,53295.0,34741.0,167394.0
2034,Capped,2037,79049.0,53475.0,34870.0,167394.0
2034,Capped,2038,79251.0,53471.0,34672.0,167394.0
2034,Capped,2039,79838.0,53032.0,34524.0,167394.0
2034,Capped,2040,81398.0,52245.0,33751.0,167394.0
2035,Uncapped,2009,63809.0,44315.0,32863.0,140987.0
2035,Uncapped,2010,67968.0,47375.0,34919.0,150262.0
2035,Uncapped,2011,63477.0,44498.0,31327.0,139302.0
2035,Uncapped,2012,65052.0,46333.0,33262.0,144647.0
2035,Uncapped,2013,72725.0,51964.0,36580.0,161269.0
2035,Uncapped,2014,68285.0,48481.0,34593.0,151359.0
2035,Uncapped,2015,64713.0,45292.0,33947.0,143952.0
2035,Uncapped,2016,62277.0,44459.0,33614.0,140350.0
2035,Uncapped,2017,62615.0,44093.0,32896.0,139604.0
2035,Uncapped,2018,62477.0,44233.0,32773.0,139483.0
2035,Uncapped,2019,63293.0,44483.0,32810.0,140586.0
2035,Uncapped,2020,66644.0,46379.0,34130.0,147153.0
2035,Uncapped,2021,88585.0,65153.0,41769.0,195507.0
2035,Uncapped,2022,126303.0,90515.0,58432.0,275250.0
2035,Uncapped,2023,88549.0,61840.0,43539.0,193928.0
2035,Uncapped,2024,76708.0,52587.0,38099.0,167394.0
2035,Uncapped,2025,76525.0,61026.0,29843.0,167394.0
2035,Uncapped,2026,76386.0,60222.0,30786.0,167394.0
2035,Uncapped,2027,76185.0,58356.0,32853.0,167394.0
2035,Uncapped,2028,75883.0,58380.0,33131.0,167394.0
2035,Uncapped,2029,76568.0,57869.0,32957.0,167394.0
2035,Uncapped,2030,77397.0,57488.0,32509.0,167394.0
2035,Uncapped,2031,78128.0,57590.0,31676.0,167394.0
2035,Uncapped,2032,79404.0,56539.0,31451.0,167394.0
2035,Uncapped,2033,80650.0,55452.0,31292.0,167394.0
2035,Uncapped,2034,81469.0,55672.0,30253.0,167394.0
2035,Uncapped,2035,80363.0,56644.0,30387.0,167394.0
2035,Uncapped,2036,80142.0,56823.0,30429.0,167394.0
2035,Uncapped,2037,80319.0,57378.0,29697.0,167394.0
2035,Uncapped,2038,80533.0,57600.0,29261.0,167394.0
2035,Uncapped,2039,82963.0,55994.0,28437.0,167394.0
2035,Uncapped,2040,84064.0,56041.0,27289.0,167394.0
2035,Capped,2009,63809.0,44315.0,32863.0,140987.0
2035,Capped,2010,67968.0,47375.0,34919.0,150262.0
2035,Capped,2011,63477.0,44498.0,31327.0,139302.0
2035,Capped,2012,65052.0,46333.0,33262.0,144647.0
2035,Capped,2013,72725.0,51964.0,36580.0,161269.0
2035,Capped,2014,68285.0,48481.0,34593.0,151359.0
2035,Capped,2015,64713.0,45292.0,33947.0,143952.0
2035,Capped,2016,62277.0,44459.0,33614.0,140350.0
2035,Capped,2017,62615.0,44093.0,32896.0,139604.0
2035,Capped,2018,62477.0,44233.0,32773.0,139483.0
2035,Capped,2019,63293.0,44483.0,32810.0,140586.0
2035,Capped,2020,66644.0,46379.0,34130.0,147153.0
2035,Capped,2021,88585.0,65153.0,41769.0,195507.0
2035,Capped,2022,126303.0,90515.0,58432.0,275250.0
2035,Capped,2023,88549.0,61840.0,43539.0,193928.0
2035,Capped,2024,76708.0,52587.0,38099.0,167394.0
2035,Capped,2025,76868.0,52652.0,37874.0,167394.0
2035,Capped,2026,77177.0,52766.0,37451.0,167394.0
2035,Capped,2027,77449.0,52719.0,37226.0,167394.0
2035,Capped,2028,77511.0,52903.0,36980.0,167394.0
2035,Capped,2029,77305.0,53093.0,36996.0,167394.0
2035,Capped,2030,78690.0,52232.0,36472.0,167394.0
2035,Capped,2031,78761.0,52274.0,36359.0,167394.0
2035,Capped,2032,79785.0,52047.0,35562.0,167394.0
2035,Capped,2033,80320.0,51951.0,35123.0,167394.0
2035,Capped,2034,80451.0,52148.0,34795.0,167394.0
2035,Capped,2035,79831.0,52470.0,35093.0,167394.0
2035,Capped,2036,79453.0,53138.0,34803.0,167394.0
2035,Capped,2037,79344.0,53329.0,34721.0,167394.0
2035,Capped,2038,79164.0,53485.0,34745.0,167394.0
2035,Capped,2039,80097.0,53087.0,34210.0,167394.0
2035,Capped,2040,81562.0,52275.0,33557.0,167394.0
2036,Uncapped,2009,63839.0,44403.0,32745.0,140987.0
2036,Uncapped,2010,68293.0,47292.0,34677.0,150262.0
2036,Uncapped,2011,63460.0,44552.0,31290.0,139302.0
2036,Uncapped,2012,65202.0,46301.0,33144.0,144647.0
2036,Uncapped,2013,72601.0,52029.0,36639.0,161269.0
2036,Uncapped,2014,68041.0,48403.0,34915.0,151359.0
2036,Uncapped,2015,64774.0,45478.0,33700.0,143952.0
2036,Uncapped,2016,62770.0,44357.0,33223.0,140350.0
2036,Uncapped,2017,62515.0,44140.0,32949.0,139604.0
2036,Uncapped,2018,62435.0,44098.0,32950.0,139483.0
2036,Uncapped,2019,63379.0,44658.0,32549.0,140586.0
2036,Uncapped,2020,66597.0,46437.0,34119.0,147153.0
2036,Uncapped,2021,88423.0,65037.0,42047.0,195507.0
2036,Uncapped,2022,125876.0,90528.0,58846.0,275250.0
2036,Uncapped,2023,88574.0,61562.0,43792.0,193928.0
2036,Uncapped,2024,76920.0,52674.0,37800.0,167394.0
2036,Uncapped,2025,76222.0,60995.0,30177.0,167394.0
2036,Uncapped,2026,76664.0,60488.0,30242.0,167394.0
2036,Uncapped,2027,76096.0,58564.0,32734.0,167394.0
2036,Uncapped,2028,75852.0,58338.0,33204.0,167394.0
2036,Uncapped,2029,76537.0,57689.0,33168.0,167394.0
2036,Uncapped,2030,77675.0,57709.0,32010.0,167394.0
2036,Uncapped,2031,78088.0,57436.0,31870.0,167394.0
2036,Uncapped,2032,79462.0,56618.0,31314.0,167394.0
2036,Uncapped,2033,80789.0,55437.0,31168.0,167394.0
2036,Uncapped,2034,81308.0,55978.0,30108.0,167394.0
2036,Uncapped,2035,80336.0,56725.0,30333.0,167394.0
2036,Uncapped,2036,80195.0,56686.0,30513.0,167394.0
2036,Uncapped,2037,80409.0,57200.0,29785.0,167394.0
2036,Uncapped,2038,80642.0,57637.0,29115.0,167394.0
2036,Uncapped,2039,83127.0,56080.0,28187.0,167394.0
2036,Uncapped,2040,83898.0,56060.0,27436.0,167394.0
2036,Capped,2009,63839.0,44403.0,32745.0,140987.0
2036,Capped,2010,68293.0,47292.0,34677.0,150262.0
2036,Capped,2011,63460.0,44552.0,31290.0,139302.0
2036,Capped,2012,65202.0,46301.0,33144.0,144647.0
2036,Capped,2013,72601.0,52029.0,36639.0,161269.0
2036,Capped,2014,68041.0,48403.0,34915.0,151359.0
2036,Capped,2015,64774.0,45478.0,33700.0,143952.0
2036,Capped,2016,62770.0,44357.0,33223.0,140350.0
2036,Capped,2017,62515.0,44140.0,32949.0,139604.0
2036,Capped,2018,62435.0,44098.0,32950.0,139483.0
2036,Capped,2019,63379.0,44658.0,32549.0,140586.0
2036,Capped,2020,66597.0,46437.0,34119.0,147153.0
2036,Capped,2021,88423.0,65037.0,42047.0,195507.0
2036,Capped,2022,125876.0,90528.0,58846.0,275250.0
2036,Capped,2023,88574.0,61562.0,43792.0,193928.0
2036,Capped,2024,76920.0,52674.0,37800.0,167394.0
2036,Capped,2025,76803.0,52572.0,38019.0,167394.0
2036,Capped,2026,77264.0,52651.0,37479.0,167394.0
2036,Capped,2027,77663.0,52749.0,36982.0,167394.0
2036,Capped,2028,77422.0,52917.0,37055.0,167394.0
2036,Capped,2029,77482.0,52949.0,36963.0,167394.0
2036,Capped,2030,78827.0,52148.0,36419.0,167394.0
2036,Capped,2031,78873.0,52350.0,36171.0,167394.0
2036,Capped,2032,79589.0,51979.0,35826.0,167394.0
2036,Capped,2033,80105.0,51918.0,35371.0,167394.0
2036,Capped,2034,80407.0,52003.0,34984.0,167394.0
2036,Capped,2035,79810.0,52851.0,34733.0,167394.0
2036,Capped,2036,79134.0,53211.0,35049.0,167394.0
2036,Capped,2037,78927.0,53418.0,35049.0,167394.0
2036,Capped,2038,79263.0,53482.0,34649.0,167394.0
2036,Capped,2039,80157.0,52900.0,34337.0,167394.0
2036,Capped,2040,81158.0,52355.0,33881.0,167394.0
2037,Uncapped,2009,63990.0,44290.0,32707.0,140987.0
2037,Uncapped,2010,68276.0,47383.0,34603.0,150262.0
2037,Uncapped,2011,63675.0,44329.0,31298.0,139302.0
2037,Uncapped,2012,65196.0,46236.0,33215.0,144647.0
2037,Uncapped,2013,72661.0,51975.0,36633.0,161269.0
2037,Uncapped,2014,68105.0,48451.0,34803.0,151359.0
2037,Uncapped,2015,64659.0,45275.0,34018.0,143952.0
2037,Uncapped,2016,63010.0,44405.0,32935.0,140350.0
2037,Uncapped,2017,62508.0,44250.0,32846.0,139604.0
2037,Uncapped,2018,62497.0,44043.0,32943.0,139483.0
2037,Uncapped,2019,63231.0,44647.0,32708.0,140586.0
2037,Uncapped,2020,66575.0,46408.0,34170.0,147153.0
2037,Uncapped,2021,88543.0,65278.0,41686.0,195507.0
2037,Uncapped,2022,125726.0,90658.0,58866.0,275250.0
2037,Uncapped,2023,88309.0,61695.0,43924.0,193928.0
2037,Uncapped,2024,76953.0,52641.0,37800.0,167394.0
2037,Uncapped,2025,76555.0,60987.0,29852.0,167394.0
2037,Uncapped,2026,76369.0,60378.0,30647.0,167394.0
2037,Uncapped,2027,76296.0,58540.0,32558.0,167394.0
2037,Uncapped,2028,76005.0,58466.0,32923.0,167394.0
2037,Uncapped,2029,76625.0,57808.0,32961.0,167394.0
2037,Uncapped,2030,77574.0,57363.0,32457.0,167394.0
2037,Uncapped,2031,78090.0,57493.0,31811.0,167394.0
2037,Uncapped,2032,79240.0,56697.0,31457.0,167394.0
2037,Uncapped,2033,80880.0,55377.0,31137.0,167394.0
2037,Uncapped,2034,81461.0,55663.0,30270.0,167394.0
2037,Uncapped,2035,80477.0,56767.0,30150.0,167394.0
2037,Uncapped,2036,80201.0,56851.0,30342.0,167394.0
2037,Uncapped,2037,80352.0,57297.0,29745.0,167394.0
2037,Uncapped,2038,80541.0,57498.0,29355.0,167394.0
2037,Uncapped,2039,82940.0,56188.0,28266.0,167394.0
2037,Uncapped,2040,83674.0,55951.0,27769.0,167394.0
2037,Capped,2009,63990.0,44290.0,32707.0,140987.0
2037,Capped,2010,68276.0,47383.0,34603.0,150262.0
2037,Capped,2011,63675.0,44329.0,31298.0,139302.0
2037,Capped,2012,65196.0,46236.0,33215.0,144647.0
2037,Capped,2013,72661.0,51975.0,36633.0,161269.0
2037,Capped,2014,68105.0,48451.0,34803.0,151359.0
2037,Capped,2015,64659.0,45275.0,34018.0,143952.0
2037,Capped,2016,63010.0,44405.0,32935.0,140350.0
2037,Capped,2017,62508.0,44250.0,32846.0,139604.0
2037,Capped,2018,62497.0,44043.0,32943.0,139483.0
2037,Capped,2019,63231.0,44647.0,32708.0,140586.0
2037,Capped,2020,66575.0,46408.0,34170.0,147153.0
2037,Capped,2021,88543.0,65278.0,41686.0,195507.0
2037,Capped,2022,125726.0,90658.0,58866.0,275250.0
2037,Capped,2023,88309.0,61695.0,43924.0,193928.0
2037,Capped,2024,76953.0,52641.0,37800.0,167394.0
2037,Capped,2025,76872.0,52763.0,37759.0,167394.0
2037,Capped,2026,77223.0,52748.0,37423.0,167394.0
2037,Capped,2027,77801.0,52879.0,36714.0,167394.0
2037,Capped,2028,77340.0,52929.0,37125.0,167394.0
2037,Capped,2029,77418.0,52918.0,37058.0,167394.0
2037,Capped,2030,78851.0,52282.0,36261.0,167394.0
2037,Capped,2031,79109.0,52334.0,35951.0,167394.0
2037,Capped,2032,79603.0,52150.0,35641.0,167394.0
2037,Capped,2033,80173.0,51884.0,35337.0,167394.0
2037,Capped,2034,80207.0,52018.0,35169.0,167394.0
2037,Capped,2035,79649.0,52537.0,35208.0,167394.0
2037,Capped,2036,79390.0,53191.0,34813.0,167394.0
2037,Capped,2037,78957.0,53383.0,35054.0,167394.0
2037,Capped,2038,79515.0,53333.0,34546.0,167394.0
2037,Capped,2039,80176.0,53192.0,34026.0,167394.0
2037,Capped,2040,81535.0,52552.0,33307.0,167394.0
2038,Uncapped,2009,63943.0,44305.0,32739.0,140987.0
2038,Uncapped,2010,68224.0,47441.0,34597.0,150262.0
2038,Uncapped,2011,63635.0,44521.0,31146.0,139302.0
2038,Uncapped,2012,65265.0,46375.0,33007.0,144647.0
2038,Uncapped,2013,72611.0,52058.0,36600.0,161269.0
2038,Uncapped,2014,68242.0,48604.0,34513.0,151359.0
2038,Uncapped,2015,64477.0,45304.0,34171.0,143952.0
2038,Uncapped,2016,63123.0,44333.0,32894.0,140350.0
2038,Uncapped,2017,62443.0,44274.0,32887.0,139604.0
2038,Uncapped,2018,62364.0,44126.0,32993.0,139483.0
2038,Uncapped,2019,63527.0,44429.0,32630.0,140586.0
2038,Uncapped,2020,66699.0,46388.0,34066.0,147153.0
2038,Uncapped,2021,88642.0,65166.0,41699.0,195507.0
2038,Uncapped,2022,126012.0,90645.0,58593.0,275250.0
2038,Uncapped,2023,88689.0,61589.0,43650.0,193928.0
2038,Uncapped,2024,76788.0,52403.0,38203.0,167394.0
2038,Uncapped,2025,76399.0,60970.0,30025.0,167394.0
2038,Uncapped,2026,76655.0,60281.0,30458.0,167394.0
2038,Uncapped,2027,76266.0,58383.0,32745.0,167394.0
2038,Uncapped,2028,76012.0,58544.0,32838.0,167394.0
2038,Uncapped,2029,76584.0,57851.0,32959.0,167394.0
2038,Uncapped,2030,77579.0,57493.0,32322.0,167394.0
2038,Uncapped,2031,78199.0,57607.0,31588.0,167394.0
2038,Uncapped,2032,79441.0,56569.0,31384.0,167394.0
2038,Uncapped,2033,80989.0,55593.0,30812.0,167394.0
2038,Uncapped,2034,81323.0,55735.0,30336.0,167394.0
2038,Uncapped,2035,80273.0,56737.0,30384.0,167394.0
2038,Uncapped,2036,80336.0,56857.0,30201.0,167394.0
2038,Uncapped,2037,79986.0,57371.0,30037.0,167394.0
2038,Uncapped,2038,80632.0,57561.0,29201.0,167394.0
2038,Uncapped,2039,82987.0,56146.0,28261.0,167394.0
2038,Uncapped,2040,83897.0,56151.0,27346.0,167394.0
2038,Capped,2009,63943.0,44305.0,32739.0,140987.0
2038,Capped,2010,68224.0,47441.0,34597.0,150262.0
2038,Capped,2011,63635.0,44521.0,31146.0,139302.0
2038,Capped,2012,65265.0,46375.0,33007.0,144647.0
2038,Capped,2013,72611.0,52058.0,36600.0,161269.0
2038,Capped,2014,68242.0,48604.0,34513.0,151359.0
2038,Capped,2015,64477.0,45304.0,34171.0,143952.0
2038,Capped,2016,63123.0,44333.0,32894.0,140350.0
2038,Capped,2017,62443.0,44274.0,32887.0,139604.0
2038,Capped,2018,62364.0,44126.0,32993.0,139483.0
2038,Capped,2019,63527.0,44429.0,32630.0,140586.0
2038,Capped,2020,66699.0,46388.0,34066.0,147153.0
2038,Capped,2021,88642.0,65166.0,41699.0,195507.0
2038,Capped,2022,126012.0,90645.0,58593.0,275250.0
2038,Capped,2023,88689.0,61589.0,43650.0,193928.0
2038,Capped,2024,76788.0,52403.0,38203.0,167394.0
2038,Capped,2025,76957.0,52605.0,37832.0,167394.0
2038,Capped,2026,77153.0,52700.0,37541.0,167394.0
2038,Capped,2027,77654.0,52837.0,36903.0,167394.0
2038,Capped,2028,77449.0,52792.0,37153.0,167394.0
2038,Capped,2029,77076.0,53097.0,37221.0,167394.0
2038,Capped,2030,78733.0,52335.0,36326.0,167394.0
2038,Capped,2031,78807.0,52269.0,36318.0,167394.0
2038,Capped,2032,79876.0,52052.0,35466.0,167394.0
2038,Capped,2033,79912.0,52063.0,35419.0,167394.0
2038,Capped,2034,80422.0,52049.0,34923.0,167394.0
2038,Capped,2035,79773.0,52639.0,34982.0,167394.0
2038,Capped,2036,79427.0,53154.0,34813.0,167394.0
2038,Capped,2037,79256.0,53419.0,34719.0,167394.0
2038,Capped,2038,79167.0,53532.0,34695.0,167394.0
2038,Capped,2039,79979.0,53094.0,34321.0,167394.0
2038,Capped,2040,81378.0,52297.0,33719.0,167394.0
2039,Uncapped,2009,63596.0,44325.0,33066.0,140987.0
2039,Uncapped,2010,68480.0,47431.0,34351.0,150262.0
2039,Uncapped,2011,63654.0,44514.0,31134.0,139302.0
2039,Uncapped,2012,65283.0,46358.0,33006.0,144647.0
2039,Uncapped,2013,72687.0,51969.0,36613.0,161269.0
2039,Uncapped,2014,68182.0,48535.0,34642.0,151359.0
2039,Uncapped,2015,64745.0,45541.0,33666.0,143952.0
2039,Uncapped,2016,62702.0,44320.0,33328.0,140350.0
2039,Uncapped,2017,62543.0,44219.0,32842.0,139604.0
2039,Uncapped,2018,62520.0,44045.0,32918.0,139483.0
2039,Uncapped,2019,63459.0,44470.0,32657.0,140586.0
2039,Uncapped,2020,66454.0,46284.0,34415.0,147153.0
2039,Uncapped,2021,88404.0,65028.0,42075.0,195507.0
2039,Uncapped,2022,126037.0,90768.0,58445.0,275250.0
2039,Uncapped,2023,88428.0,61768.0,43732.0,193928.0
2039,Uncapped,2024,76989.0,52585.0,37820.0,167394.0
2039,Uncapped,2025,76454.0,61019.0,29921.0,167394.0
2039,Uncapped,2026,76385.0,60180.0,30829.0,167394.0
2039,Uncapped,2027,76290.0,58614.0,32490.0,167394.0
2039,Uncapped,2028,75846.0,58438.0,33110.0,167394.0
2039,Uncapped,2029,76585.0,57764.0,33045.0,167394.0
2039,Uncapped,2030,77601.0,57535.0,32258.0,167394.0
2039,Uncapped,2031,78155.0,57351.0,31888.0,167394.0
2039,Uncapped,2032,79379.0,56433.0,31582.0,167394.0
2039,Uncapped,2033,80889.0,55587.0,30918.0,167394.0
2039,Uncapped,2034,81061.0,55820.0,30513.0,167394.0
2039,Uncapped,2035,80406.0,56703.0,30285.0,167394.0
2039,Uncapped,2036,80127.0,56931.0,30336.0,167394.0
2039,Uncapped,2037,80222.0,57231.0,29941.0,167394.0
2039,Uncapped,2038,80355.0,57512.0,29527.0,167394.0
2039,Uncapped,2039,83192.0,56048.0,28154.0,167394.0
2039,Uncapped,2040,83890.0,56019.0,27485.0,167394.0
2039,Capped,2009,63596.0,44325.0,33066.0,140987.0
2039,Capped,2010,68480.0,47431.0,34351.0,150262.0
2039,Capped,2011,63654.0,44514.0,31134.0,139302.0
2039,Capped,2012,65283.0,46358.0,33006.0,144647.0
2039,Capped,2013,72687.0,51969.0,36613.0,161269.0
2039,Capped,2014,68182.0,48535.0,34642.0,151359.0
2039,Capped,2015,64745.0,45541.0,33666.0,143952.0
2039,Capped,2016,62702.0,44320.0,33328.0,140350.0
2039,Capped,2017,62543.0,44219.0,32842.0,139604.0
2039,Capped,2018,62520.0,44045.0,32918.0,139483.0
2039,Capped,2019,63459.0,44470.0,32657.0,140586.0
2039,Capped,2020,66454.0,46284.0,34415.0,147153.0
2039,Capped,2021,88404.0,65028.0,42075.0,195507.0
2039,Capped,2022,126037.0,90768.0,58445.0,275250.0
2039,Capped,2023,88428.0,61768.0,43732.0,193928.0
2039,Capped,2024,76989.0,52585.0,37820.0,167394.0
2039,Capped,2025,76802.0,52736.0,37856.0,167394.0
2039,Capped,2026,77207.0,52710.0,37477.0,167394.0
2039,Capped,2027,77749.0,52746.0,36899.0,167394.0
2039,Capped,2028,77402.0,52908.0,37084.0,167394.0
2039,Capped,2029,77231.0,53037.0,37126.0,167394.0
2039,Capped,2030,78778.0,52250.0,36366.0,167394.0
2039,Capped,2031,78897.0,52338.0,36159.0,167394.0
2039,Capped,2032,79785.0,52173.0,35436.0,167394.0
2039,Capped,2033,80055.0,52028.0,35311.0,167394.0
2039,Capped,2034,80444.0,52113.0,34837.0,167394.0
2039,Capped,2035,80041.0,52677.0,34676.0,167394.0
2039,Capped,2036,79307.0,52988.0,35099.0,167394.0
2039,Capped,2037,79041.0,53454.0,34899.0,167394.0
2039,Capped,2038,79284.0,53477.0,34633.0,167394.0
2039,Capped,2039,79987.0,52953.0,34454.0,167394.0
2039,Capped,2040,81533.0,52426.0,33435.0,167394.0
2040,Uncapped,2009,63861.0,44359.0,32767.0,140987.0
2040,Uncapped,2010,67978.0,47245.0,35039.0,150262.0
2040,Uncapped,2011,63583.0,44556.0,31163.0,139302.0
2040,Uncapped,2012,65195.0,46393.0,33059.0,144647.0
2040,Uncapped,2013,72620.0,51942.0,36707.0,161269.0
2040,Uncapped,2014,68195.0,48362.0,34802.0,151359.0
2040,Uncapped,2015,64785.0,45355.0,33812.0,143952.0
2040,Uncapped,2016,62992.0,44531.0,32827.0,140350.0
2040,Uncapped,2017,62368.0,44200.0,33036.0,139604.0
2040,Uncapped,2018,62288.0,44086.0,33109.0,139483.0
2040,Uncapped,2019,63229.0,44561.0,32796.0,140586.0
2040,Uncapped,2020,66549.0,46417.0,34187.0,147153.0
2040,Uncapped,2021,88579.0,65212.0,41716.0,195507.0
2040,Uncapped,2022,126189.0,90719.0,58342.0,275250.0
2040,Uncapped,2023,88621.0,61598.0,43709.0,193928.0
2040,Uncapped,2024,76499.0,52735.0,38160.0,167394.0
2040,Uncapped,2025,76224.0,60980.0,30190.0,167394.0
2040,Uncapped,2026,76511.0,60398.0,30485.0,167394.0
2040,Uncapped,2027,76331.0,58507.0,32556.0,167394.0
2040,Uncapped,2028,76013.0,58504.0,32877.0,167394.0
2040,Uncapped,2029,76419.0,57822.0,33153.0,167394.0
2040,Uncapped,2030,77813.0,57667.0,31914.0,167394.0
2040,Uncapped,2031,77851.0,57406.0,32137.0,167394.0
2040,Uncapped,2032,79350.0,56648.0,31396.0,167394.0
2040,Uncapped,2033,80835.0,55390.0,31169.0,167394.0
2040,Uncapped,2034,81086.0,55683.0,30625.0,167394.0
2040,Uncapped,2035,80383.0,56800.0,30211.0,167394.0
2040,Uncapped,2036,80220.0,56932.0,30242.0,167394.0
2040,Uncapped,2037,80090.0,57353.0,29951.0,167394.0
2040,Uncapped,2038,80450.0,57546.0,29398.0,167394.0
2040,Uncapped,2039,82754.0,56015.0,28625.0,167394.0
2040,Uncapped,2040,83971.0,56051.0,27372.0,167394.0
2040,Capped,2009,63861.0,44359.0,32767.0,140987.0
2040,Capped,2010,67978.0,47245.0,35039.0,150262.0
2040,Capped,2011,63583.0,44556.0,31163.0,139302.0
2040,Capped,2012,65195.0,46393.0,33059.0,144647.0
2040,Capped,2013,72620.0,51942.0,36707.0,161269.0
2040,Capped,2014,68195.0,48362.0,34802.0,151359.0
2040,Capped,2015,64785.0,45355.0,33812.0,143952.0
2040,Capped,2016,62992.0,44531.0,32827.0,140350.0
2040,Capped,2017,62368.0,44200.0,33036.0,139604.0
2040,Capped,2018,62288.0,44086.0,33109.0,139483.0
2040,Capped,2019,63229.0,44561.0,32796.0,140586.0
2040,Capped,2020,66549.0,46417.0,34187.0,147153.0
2040,Capped,2021,88579.0,65212.0,41716.0,195507.0
2040,Capped,2022,126189.0,90719.0,58342.0,275250.0
2040,Capped,2023,88621.0,61598.0,43709.0,193928.0
2040,Capped,2024,76499.0,52735.0,38160.0,167394.0
2040,Capped,2025,76935.0,52554.0,37905.0,167394.0
2040,Capped,2026,77292.0,52593.0,37509.0,167394.0
2040,Capped,2027,77593.0,52839.0,36962.0,167394.0
2040,Capped,2028,77402.0,52885.0,37107.0,167394.0
2040,Capped,2029,77166.0,52974.0,37254.0,167394.0
2040,Capped,2030,78723.0,52331.0,36340.0,167394.0
2040,Capped,2031,78819.0,52430.0,36145.0,167394.0
2040,Capped,2032,79515.0,52127.0,35752.0,167394.0
2040,Capped,2033,80080.0,51929.0,35385.0,167394.0
2040,Capped,2034,80343.0,52087.0,34964.0,167394.0
2040,Capped,2035,80117.0,52809.0,34468.0,167394.0
2040,Capped,2036,79548.0,53075.0,34771.0,167394.0
2040,Capped,2037,78923.0,53499.0,34972.0,167394.0
2040,Capped,2038,79003.0,53481.0,34910.0,167394.0
2040,Capped,2039,80148.0,53175.0,34071.0,167394.0
2040,Capped,2040,81334.0,52319.0,33741.0,167394.0
2041,Uncapped,2009,63908.0,44506.0,32573.0,140987.0
2041,Uncapped,2010,68320.0,47517.0,34425.0,150262.0
2041,Uncapped,2011,63643.0,44499.0,31160.0,139302.0
2041,Uncapped,2012,65185.0,46328.0,33134.0,144647.0
2041,Uncapped,2013,72834.0,51897.0,36538.0,161269.0
2041,Uncapped,2014,68019.0,48367.0,34973.0,151359.0
2041,Uncapped,2015,64772.0,45344.0,33836.0,143952.0
2041,Uncapped,2016,62838.0,44300.0,33212.0,140350.0
2041,Uncapped,2017,62415.0,44190.0,32999.0,139604.0
2041,Uncapped,2018,62498.0,43962.0,33023.0,139483.0
2041,Uncapped,2019,63337.0,44563.0,32686.0,140586.0
2041,Uncapped,2020,66416.0,46189.0,34548.0,147153.0
2041,Uncapped,2021,88313.0,65232.0,41962.0,195507.0
2041,Uncapped,2022,126228.0,90716.0,58306.0,275250.0
2041,Uncapped,2023,88474.0,61712.0,43742.0,193928.0
2041,Uncapped,2024,76630.0,52633.0,38131.0,167394.0
2041,Uncapped,2025,76577.0,61117.0,29700.0,167394.0
2041,Uncapped,2026,76502.0,60352.0,30540.0,167394.0
2041,Uncapped,2027,76058.0,58495.0,32841.0,167394.0
2041,Uncapped,2028,76109.0,58385.0,32900.0,167394.0
2041,Uncapped,2029,76565.0,57964.0,32865.0,167394.0
2041,Uncapped,2030,77449.0,57573.0,32372.0,167394.0
2041,Uncapped,2031,77924.0,57492.0,31978.0,167394.0
2041,Uncapped,2032,79511.0,56683.0,31200.0,167394.0
2041,Uncapped,2033,80865.0,55486.0,31043.0,167394.0
2041,Uncapped,2034,81402.0,55649.0,30343.0,167394.0
2041,Uncapped,2035,80467.0,56854.0,30073.0,167394.0
2041,Uncapped,2036,80062.0,56905.0,30427.0,167394.0
2041,Uncapped,2037,80070.0,57376.0,29948.0,167394.0
2041,Uncapped,2038,80667.0,57471.0,29256.0,167394.0
2041,Uncapped,2039,82926.0,56056.0,28412.0,167394.0
2041,Uncapped,2040,83670.0,56182.0,27542.0,167394.0
2041,Capped,2009,63908.0,44506.0,32573.0,140987.0
2041,Capped,2010,68320.0,47517.0,34425.0,150262.0
2041,Capped,2011,63643.0,44499.0,31160.0,139302.0
2041,Capped,2012,65185.0,46328.0,33134.0,144647.0
2041,Capped,2013,72834.0,51897.0,36538.0,161269.0
2041,Capped,2014,68019.0,48367.0,34973.0,151359.0
2041,Capped,2015,64772.0,45344.0,33836.0,143952.0
2041,Capped,2016,62838.0,44300.0,33212.0,140350.0
2041,Capped,2017,62415.0,44190.0,32999.0,139604.0
2041,Capped,2018,62498.0,43962.0,33023.0,139483.0
2041,Capped,2019,63337.0,44563.0,32686.0,140586.0
2041,Capped,2020,66416.0,46189.0,34548.0,147153.0
2041,Capped,2021,88313.0,65232.0,41962.0,195507.0
2041,Capped,2022,126228.0,90716.0,58306.0,275250.0
2041,Capped,2023,88474.0,61712.0,43742.0,193928.0
2041,Capped,2024,76630.0,52633.0,38131.0,167394.0
2041,Capped,2025,76932.0,52862.0,37600.0,167394.0
2041,Capped,2026,77653.0,52741.0,37000.0,167394.0
2041,Capped,2027,77539.0,52530.0,37325.0,167394.0
2041,Capped,2028,77418.0,52895.0,37081.0,167394.0
2041,Capped,2029,77176.0,52966.0,37252.0,167394.0
2041,Capped,2030,78593.0,52439.0,36362.0,167394.0
2041,Capped,2031,79147.0,52245.0,36002.0,167394.0
2041,Capped,2032,79529.0,52133.0,35732.0,167394.0
2041,Capped,2033,80208.0,51907.0,35279.0,167394.0
2041,Capped,2034,80527.0,52008.0,34859.0,167394.0
2041,Capped,2035,79491.0,52595.0,35308.0,167394.0
2041,Capped,2036,79517.0,53016.0,34861.0,167394.0
2041,Capped,2037,79209.0,53384.0,34801.0,167394.0
2041,Capped,2038,79284.0,53617.0,34493.0,167394.0
2041,Capped,2039,80152.0,53066.0,34176.0,167394.0
2041,Capped,2040,81286.0,52253.0,33855.0,167394.0
2042,Uncapped,2009,63995.0,44368.0,32624.0,140987.0
2042,Uncapped,2010,68215.0,47406.0,34641.0,150262.0
2042,Uncapped,2011,63491.0,44401.0,31410.0,139302.0
2042,Uncapped,2012,65292.0,46448.0,32907.0,144647.0
2042,Uncapped,2013,72527.0,51981.0,36761.0,161269.0
2042,Uncapped,2014,67941.0,48486.0,34932.0,151359.0
2042,Uncapped,2015,64879.0,45399.0,33674.0,143952.0
2042,Uncapped,2016,62949.0,44312.0,33089.0,140350.0
2042,Uncapped,2017,62612.0,44205.0,32787.0,139604.0
2042,Uncapped,2018,62339.0,44158.0,32986.0,139483.0
2042,Uncapped,2019,63485.0,44527.0,32574.0,140586.0
2042,Uncapped,2020,66593.0,46364.0,34196.0,147153.0
2042,Uncapped,2021,88515.0,65250.0,41742.0,195507.0
2042,Uncapped,2022,126216.0,90693.0,58341.0,275250.0
2042,Uncapped,2023,88800.0,61838.0,43290.0,193928.0
2042,Uncapped,2024,76663.0,52611.0,38120.0,167394.0
2042,Uncapped,2025,76600.0,61118.0,29676.0,167394.0
2042,Uncapped,2026,76397.0,60333.0,30664.0,167394.0
2042,Uncapped,2027,76029.0,58603.0,32762.0,167394.0
2042,Uncapped,2028,75937.0,58383.0,33074.0,167394.0
2042,Uncapped,2029,76635.0,57798.0,32961.0,167394.0
2042,Uncapped,2030,77476.0,57477.0,32441.0,167394.0
2042,Uncapped,2031,78018.0,57572.0,31804.0,167394.0
2042,Uncapped,2032,79476.0,56496.0,31422.0,167394.0
2042,Uncapped,2033,80794.0,55493.0,31107.0,167394.0
2042,Uncapped,2034,81386.0,55763.0,30245.0,167394.0
2042,Uncapped,2035,80528.0,56736.0,30130.0,167394.0
2042,Uncapped,2036,80177.0,56623.0,30594.0,167394.0
2042,Uncapped,2037,80205.0,57344.0,29845.0,167394.0
2042,Uncapped,2038,80507.0,57525.0,29362.0,167394.0
2042,Uncapped,2039,82913.0,56075.0,28406.0,167394.0
2042,Uncapped,2040,83736.0,56128.0,27530.0,167394.0
2042,Capped,2009,63995.0,44368.0,32624.0,140987.0
2042,Capped,2010,68215.0,47406.0,34641.0,150262.0
2042,Capped,2011,63491.0,44401.0,31410.0,139302.0
2042,Capped,2012,65292.0,46448.0,32907.0,144647.0
2042,Capped,2013,72527.0,51981.0,36761.0,161269.0
2042,Capped,2014,67941.0,48486.0,34932.0,151359.0
2042,Capped,2015,64879.0,45399.0,33674.0,143952.0
2042,Capped,2016,62949.0,44312.0,33089.0,140350.0
2042,Capped,2017,62612.0,44205.0,32787.0,139604.0
2042,Capped,2018,62339.0,44158.0,32986.0,139483.0
2042,Capped,2019,63485.0,44527.0,32574.0,140586.0
2042,Capped,2020,66593.0,46364.0,34196.0,147153.0
2042,Capped,2021,88515.0,65250.0,41742.0,195507.0
2042,Capped,2022,126216.0,90693.0,58341.0,275250.0
2042,Capped,2023,88800.0,61838.0,43290.0,193928.0
2042,Capped,2024,76663.0,52611.0,38120.0,167394.0
2042,Capped,2025,77101.0,52671.0,37622.0,167394.0
2042,Capped,2026,77264.0,52836.0,37294.0,167394.0
2042,Capped,2027,77448.0,52674.0,37272.0,167394.0
2042,Capped,2028,77453.0,52976.0,36965.0,167394.0
2042,Capped,2029,77349.0,52984.0,37061.0,167394.0
2042,Capped,2030,78599.0,52333.0,36462.0,167394.0
2042,Capped,2031,79021.0,52292.0,36081.0,167394.0
2042,Capped,2032,79782.0,52068.0,35544.0,167394.0
2042,Capped,2033,80158.0,51979.0,35257.0,167394.0
2042,Capped,2034,80413.0,52005.0,34976.0,167394.0
2042,Capped,2035,79667.0,52599.0,35128.0,167394.0
2042,Capped,2036,79403.0,53363.0,34628.0,167394.0
2042,Capped,2037,78910.0,53449.0,35035.0,167394.0
2042,Capped,2038,79085.0,53316.0,34993.0,167394.0
2042,Capped,2039,79747.0,53201.0,34446.0,167394.0
2042,Capped,2040,81344.0,52375.0,33675.0,167394.0
2043,Uncapped,2009,63988.0,44320.0,32679.0,140987.0
2043,Uncapped,2010,68051.0,47311.0,34900.0,150262.0
2043,Uncapped,2011,63520.0,44485.0,31297.0,139302.0
2043,Uncapped,2012,65093.0,46218.0,33336.0,144647.0
2043,Uncapped,2013,72424.0,51991.0,36854.0,161269.0
2043,Uncapped,2014,68079.0,48551.0,34729.0,151359.0
2043,Uncapped,2015,64616.0,45302.0,34034.0,143952.0
2043,Uncapped,2016,62938.0,44389.0,33023.0,140350.0
2043,Uncapped,2017,62481.0,44272.0,32851.0,139604.0
2043,Uncapped,2018,62378.0,44024.0,33081.0,139483.0
2043,Uncapped,2019,63323.0,44539.0,32724.0,140586.0
2043,Uncapped,2020,66843.0,46347.0,33963.0,147153.0
2043,Uncapped,2021,88429.0,65183.0,41895.0,195507.0
2043,Uncapped,2022,125851.0,90842.0,58557.0,275250.0
2043,Uncapped,2023,88639.0,61737.0,43552.0,193928.0
2043,Uncapped,2024,76712.0,52646.0,38036.0,167394.0
2043,Uncapped,2025,76524.0,60969.0,29901.0,167394.0
2043,Uncapped,2026,76546.0,60461.0,30387.0,167394.0
2043,Uncapped,2027,76071.0,58596.0,32727.0,167394.0
2043,Uncapped,2028,76039.0,58420.0,32935.0,167394.0
2043,Uncapped,2029,76748.0,57941.0,32705.0,167394.0
2043,Uncapped,2030,77759.0,57654.0,31981.0,167394.0
2043,Uncapped,2031,77874.0,57244.0,32276.0,167394.0
2043,Uncapped,2032,79340.0,56557.0,31497.0,167394.0
2043,Uncapped,2033,80653.0,55429.0,31312.0,167394.0
2043,Uncapped,2034,81160.0,55616.0,30618.0,167394.0
2043,Uncapped,2035,80478.0,56722.0,30194.0,167394.0
2043,Uncapped,2036,80194.0,56955.0,30245.0,167394.0
2043,Uncapped,2037,80101.0,57265.0,30028.0,167394.0
2043,Uncapped,2038,80334.0,57467.0,29593.0,167394.0
2043,Uncapped,2039,82962.0,55943.0,28489.0,167394.0
2043,Uncapped,2040,83801.0,56079.0,27514.0,167394.0
2043,Capped,2009,63988.0,44320.0,32679.0,140987.0
2043,Capped,2010,68051.0,47311.0,34900.0,150262.0
2043,Capped,2011,63520.0,44485.0,31297.0,139302.0
2043,Capped,2012,65093.0,46218.0,33336.0,144647.0
2043,Capped,2013,72424.0,51991.0,36854.0,161269.0
2043,Capped,2014,68079.0,48551.0,34729.0,151359.0
2043,Capped,2015,64616.0,45302.0,34034.0,143952.0
2043,Capped,2016,62938.0,44389.0,33023.0,140350.0
2043,Capped,2017,62481.0,44272.0,32851.0,139604.0
2043,Capped,2018,62378.0,44024.0,33081.0,139483.0
2043,Capped,2019,63323.0,44539.0,32724.0,140586.0
2043,Capped,2020,66843.0,46347.0,33963.0,147153.0
2043,Capped,2021,88429.0,65183.0,41895.0,195507.0
2043,Capped,2022,125851.0,90842.0,58557.0,275250.0
2043,Capped,2023,88639.0,61737.0,43552.0,193928.0
2043,Capped,2024,76712.0,52646.0,38036.0,167394.0
2043,Capped,2025,76905.0,52727.0,37762.0,167394.0
2043,Capped,2026,77080.0,52716.0,37598.0,167394.0
2043,Capped,2027,77589.0,52716.0,37089.0,167394.0
2043,Capped,2028,77535.0,52859.0,37000.0,167394.0
2043,Capped,2029,77308.0,53153.0,36933.0,167394.0
2043,Capped,2030,78808.0,52248.0,36338.0,167394.0
2043,Capped,2031,78881.0,52394.0,36119.0,167394.0
2043,Capped,2032,79719.0,52053.0,35622.0,167394.0
2043,Capped,2033,80012.0,51990.0,35392.0,167394.0
2043,Capped,2034,80258.0,51967.0,35169.0,167394.0
2043,Capped,2035,79487.0,52612.0,35295.0,167394.0
2043,Capped,2036,79361.0,53150.0,34883.0,167394.0
2043,Capped,2037,79092.0,53486.0,34816.0,167394.0
2043,Capped,2038,79185.0,53449.0,34760.0,167394.0
2043,Capped,2039,80031.0,53325.0,34038.0,167394.0
2043,Capped,2040,81538.0,52343.0,33513.0,167394.0
2044,Uncapped,2009,63733.0,44456.0,32798.0,140987.0
2044,Uncapped,2010,68109.0,47246.0,34907.0,150262.0
2044,Uncapped,2011,63456.0,44488.0,31358.0,139302.0
2044,Uncapped,2012,65457.0,46223.0,32967.0,144647.0
2044,Uncapped,2013,72711.0,52092.0,36466.0,161269.0
2044,Uncapped,2014,68148.0,48368.0,34843.0,151359.0
2044,Uncapped,2015,64641.0,45290.0,34021.0,143952.0
2044,Uncapped,2016,62712.0,44322.0,33316.0,140350.0
2044,Uncapped,2017,62379.0,44185.0,33040.0,139604.0
2044,Uncapped,2018,62317.0,44115.0,33051.0,139483.0
2044,Uncapped,2019,63265.0,44459.0,32862.0,140586.0
2044,Uncapped,2020,66415.0,46343.0,34395.0,147153.0
2044,Uncapped,2021,88439.0,65162.0,41906.0,195507.0
2044,Uncapped,2022,126005.0,90857.0,58388.0,275250.0
2044,Uncapped,2023,88252.0,61647.0,44029.0,193928.0
2044,Uncapped,2024,76932.0,52562.0,37900.0,167394.0
2044,Uncapped,2025,76493.0,61124.0,29777.0,167394.0
2044,Uncapped,2026,76290.0,60533.0,30571.0,167394.0
2044,Uncapped,2027,76134.0,58591.0,32669.0,167394.0
2044,Uncapped,2028,76003.0,58623.0,32768.0,167394.0
2044,Uncapped,2029,76506.0,57934.0,32954.0,167394.0
2044,Uncapped,2030,77620.0,57506.0,32268.0,167394.0
2044,Uncapped,2031,78062.0,57477.0,31855.0,167394.0
2044,Uncapped,2032,79474.0,56783.0,31137.0,167394.0
2044,Uncapped,2033,80737.0,55481.0,31176.0,167394.0
2044,Uncapped,2034,81210.0,55672.0,30512.0,167394.0
2044,Uncapped,2035,80522.0,56749.0,30123.0,167394.0
2044,Uncapped,2036,80027.0,56852.0,30515.0,167394.0
2044,Uncapped,2037,80100.0,57504.0,29790.0,167394.0
2044,Uncapped,2038,80652.0,57579.0,29163.0,167394.0
2044,Uncapped,2039,82963.0,56100.0,28331.0,167394.0
2044,Uncapped,2040,83713.0,56112.0,27569.0,167394.0
2044,Capped,2009,63733.0,44456.0,32798.0,140987.0
2044,Capped,2010,68109.0,47246.0,34907.0,150262.0
2044,Capped,2011,63456.0,44488.0,31358.0,139302.0
2044,Capped,2012,65457.0,46223.0,32967.0,144647.0
2044,Capped,2013,72711.0,52092.0,36466.0,161269.0
2044,Capped,2014,68148.0,48368.0,34843.0,151359.0
2044,Capped,2015,64641.0,45290.0,34021.0,143952.0
2044,Capped,2016,62712.0,44322.0,33316.0,140350.0
2044,Capped,2017,62379.0,44185.0,33040.0,139604.0
2044,Capped,2018,62317.0,44115.0,33051.0,139483.0
2044,Capped,2019,63265.0,44459.0,32862.0,140586.0
2044,Capped,2020,66415.0,46343.0,34395.0,147153.0
2044,Capped,2021,88439.0,65162.0,41906.0,195507.0
2044,Capped,2022,126005.0,90857.0,58388.0,275250.0
2044,Capped,2023,88252.0,61647.0,44029.0,193928.0
2044,Capped,2024,76932.0,52562.0,37900.0,167394.0
2044,Capped,2025,76873.0,52773.0,37748.0,167394.0
2044,Capped,2026,77188.0,52735.0,37471.0,167394.0
2044,Capped,2027,77575.0,52731.0,37088.0,167394.0
2044,Capped,2028,77608.0,53023.0,36763.0,167394.0
2044,Capped,2029,77343.0,53119.0,36932.0,167394.0
2044,Capped,2030,78466.0,52284.0,36644.0,167394.0
2044,Capped,2031,78864.0,52480.0,36050.0,167394.0
2044,Capped,2032,79447.0,52014.0,35933.0,167394.0
2044,Capped,2033,80011.0,51843.0,35540.0,167394.0
2044,Capped,2034,80543.0,52084.0,34767.0,167394.0
2044,Capped,2035,79604.0,52675.0,35115.0,167394.0
2044,Capped,2036,79242.0,53171.0,34981.0,167394.0
2044,Capped,2037,79071.0,53433.0,34890.0,167394.0
2044,Capped,2038,79307.0,53580.0,34507.0,167394.0
2044,Capped,2039,80000.0,53238.0,34156.0,167394.0
2044,Capped,2040,81388.0,52280.0,33726.0,167394.0
2045,Uncapped,2009,64044.0,44349.0,32594.0,140987.0
2045,Uncapped,2010,68390.0,47461.0,34411.0,150262.0
2045,Uncapped,2011,63544.0,44403.0,31355.0,139302.0
2045,Uncapped,2012,65330.0,46323.0,32994.0,144647.0
2045,Uncapped,2013,72694.0,51991.0,36584.0,161269.0
2045,Uncapped,2014,68215.0,48328.0,34816.0,151359.0
2045,Uncapped,2015,64474.0,45263.0,34215.0,143952.0
2045,Uncapped,2016,62508.0,44426.0,33416.0,140350.0
2045,Uncapped,2017,62423.0,44269.0,32912.0,139604.0
2045,Uncapped,2018,62387.0,44017.0,33079.0,139483.0
2045,Uncapped,2019,63180.0,44515.0,32891.0,140586.0
2045,Uncapped,2020,66588.0,46276.0,34289.0,147153.0
2045,Uncapped,2021,88548.0,65180.0,41779.0,195507.0
2045,Uncapped,2022,126233.0,90679.0,58338.0,275250.0
2045,Uncapped,2023,88480.0,61750.0,43698.0,193928.0
2045,Uncapped,2024,76661.0,52400.0,38333.0,167394.0
2045,Uncapped,2025,76576.0,61148.0,29670.0,167394.0
2045,Uncapped,2026,76537.0,60423.0,30434.0,167394.0
2045,Uncapped,2027,76109.0,58501.0,32784.0,167394.0
2045,Uncapped,2028,76067.0,58392.0,32935.0,167394.0
2045,Uncapped,2029,76470.0,57906.0,33018.0,167394.0
2045,Uncapped,2030,77694.0,57637.0,32063.0,167394.0
2045,Uncapped,2031,77737.0,57572.0,32085.0,167394.0
2045,Uncapped,2032,79234.0,56637.0,31523.0,167394.0
2045,Uncapped,2033,80677.0,55522.0,31195.0,167394.0
2045,Uncapped,2034,81223.0,55919.0,30252.0,167394.0
2045,Uncapped,2035,80389.0,56760.0,30245.0,167394.0
2045,Uncapped,2036,80356.0,56948.0,30090.0,167394.0
2045,Uncapped,2037,80041.0,57411.0,29942.0,167394.0
2045,Uncapped,2038,80469.0,57586.0,29339.0,167394.0
2045,Uncapped,2039,83038.0,56032.0,28324.0,167394.0
2045,Uncapped,2040,83583.0,56125.0,27686.0,167394.0
2045,Capped,2009,64044.0,44349.0,32594.0,140987.0
2045,Capped,2010,68390.0,47461.0,34411.0,150262.0
2045,Capped,2011,63544.0,44403.0,31355.0,139302.0
2045,Capped,2012,65330.0,46323.0,32994.0,144647.0
2045,Capped,2013,72694.0,51991.0,36584.0,161269.0
2045,Capped,2014,68215.0,48328.0,34816.0,151359.0
2045,Capped,2015,64474.0,45263.0,34215.0,143952.0
2045,Capped,2016,62508.0,44426.0,33416.0,140350.0
2045,Capped,2017,62423.0,44269.0,32912.0,139604.0
2045,Capped,2018,62387.0,44017.0,33079.0,139483.0
2045,Capped,2019,63180.0,44515.0,32891.0,140586.0
2045,Capped,2020,66588.0,46276.0,34289.0,147153.0
2045,Capped,2021,88548.0,65180.0,41779.0,195507.0
2045,Capped,2022,126233.0,90679.0,58338.0,275250.0
2045,Capped,2023,88480.0,61750.0,43698.0,193928.0
2045,Capped,2024,76661.0,52400.0,38333.0,167394.0
2045,Capped,2025,77009.0,52605.0,37780.0,167394.0
2045,Capped,2026,77206.0,52936.0,37252.0,167394.0
2045,Capped,2027,77339.0,52726.0,37329.0,167394.0
2045,Capped,2028,77401.0,52906.0,37087.0,167394.0
2045,Capped,2029,77270.0,53038.0,37086.0,167394.0
2045,Capped,2030,78526.0,52405.0,36463.0,167394.0
2045,Capped,2031,78856.0,52470.0,36068.0,167394.0
2045,Capped,2032,79533.0,52054.0,35807.0,167394.0
2045,Capped,2033,80010.0,52036.0,35348.0,167394.0
2045,Capped,2034,80591.0,52119.0,34684.0,167394.0
2045,Capped,2035,79708.0,52622.0,35064.0,167394.0
2045,Capped,2036,79380.0,53235.0,34779.0,167394.0
2045,Capped,2037,79287.0,53382.0,34725.0,167394.0
2045,Capped,2038,79248.0,53570.0,34576.0,167394.0
2045,Capped,2039,80158.0,53061.0,34175.0,167394.0
2045,Capped,2040,81386.0,52375.0,33633.0,167394.0
2046,Uncapped,2009,64014.0,44304.0,32669.0,140987.0
2046,Uncapped,2010,68222.0,47358.0,34682.0,150262.0
2046,Uncapped,2011,63614.0,44534.0,31154.0,139302.0
2046,Uncapped,2012,65167.0,46463.0,33017.0,144647.0
2046,Uncapped,2013,72788.0,51907.0,36574.0,161269.0
2046,Uncapped,2014,68149.0,48508.0,34702.0,151359.0
2046,Uncapped,2015,64516.0,45222.0,34214.0,143952.0
2046,Uncapped,2016,62856.0,44498.0,32996.0,140350.0
2046,Uncapped,2017,62719.0,44335.0,32550.0,139604.0
2046,Uncapped,2018,62333.0,43921.0,33229.0,139483.0
2046,Uncapped,2019,63473.0,44570.0,32543.0,140586.0
2046,Uncapped,2020,66414.0,46351.0,34388.0,147153.0
2046,Uncapped,2021,88310.0,65129.0,42068.0,195507.0
2046,Uncapped,2022,126182.0,90782.0,58286.0,275250.0
2046,Uncapped,2023,88440.0,61826.0,43662.0,193928.0
2046,Uncapped,2024,76583.0,52540.0,38271.0,167394.0
2046,Uncapped,2025,76390.0,61059.0,29945.0,167394.0
2046,Uncapped,2026,76511.0,60444.0,30439.0,167394.0
2046,Uncapped,2027,76270.0,58555.0,32569.0,167394.0
2046,Uncapped,2028,75973.0,58366.0,33055.0,167394.0
2046,Uncapped,2029,76645.0,57749.0,33000.0,167394.0
2046,Uncapped,2030,77599.0,57614.0,32181.0,167394.0
2046,Uncapped,2031,78115.0,57510.0,31769.0,167394.0
2046,Uncapped,2032,79437.0,56710.0,31247.0,167394.0
2046,Uncapped,2033,80736.0,55617.0,31041.0,167394.0
2046,Uncapped,2034,81280.0,55652.0,30462.0,167394.0
2046,Uncapped,2035,80422.0,56748.0,30224.0,167394.0
2046,Uncapped,2036,80056.0,57028.0,30310.0,167394.0
2046,Uncapped,2037,80249.0,57322.0,29823.0,167394.0
2046,Uncapped,2038,80596.0,57504.0,29294.0,167394.0
2046,Uncapped,2039,83053.0,56117.0,28224.0,167394.0
2046,Uncapped,2040,83832.0,56197.0,27365.0,167394.0
2046,Capped,2009,64014.0,44304.0,32669.0,140987.0
2046,Capped,2010,68222.0,47358.0,34682.0,150262.0
2046,Capped,2011,63614.0,44534.0,31154.0,139302.0
2046,Capped,2012,65167.0,46463.0,33017.0,144647.0
2046,Capped,2013,72788.0,51907.0,36574.0,161269.0
2046,Capped,2014,68149.0,48508.0,34702.0,151359.0
2046,Capped,2015,64516.0,45222.0,34214.0,143952.0
2046,Capped,2016,62856.0,44498.0,32996.0,140350.0
2046,Capped,2017,62719.0,44335.0,32550.0,139604.0
2046,Capped,2018,62333.0,43921.0,33229.0,139483.0
2046,Capped,2019,63473.0,44570.0,32543.0,140586.0
2046,Capped,2020,66414.0,46351.0,34388.0,147153.0
2046,Capped,2021,88310.0,65129.0,42068.0,195507.0
2046,Capped,2022,126182.0,90782.0,58286.0,275250.0
2046,Capped,2023,88440.0,61826.0,43662.0,193928.0
2046,Capped,2024,76583.0,52540.0,38271.0,167394.0
2046,Capped,2025,76999.0,52679.0,37716.0,167394.0
2046,Capped,2026,77152.0,52741.0,37501.0,167394.0
2046,Capped,2027,77640.0,52718.0,37036.0,167394.0
2046,Capped,2028,77371.0,53032.0,36991.0,167394.0
2046,Capped,2029,77104.0,53190.0,37100.0,167394.0
2046,Capped,2030,78561.0,52301.0,36532.0,167394.0
2046,Capped,2031,78825.0,52360.0,36209.0,167394.0
2046,Capped,2032,79633.0,52194.0,35567.0,167394.0
2046,Capped,2033,79960.0,51851.0,35583.0,167394.0
2046,Capped,2034,80332.0,51966.0,35096.0,167394.0
2046,Capped,2035,79751.0,52614.0,35029.0,167394.0
2046,Capped,2036,79356.0,53277.0,34761.0,167394.0
2046,Capped,2037,79138.0,53430.0,34826.0,167394.0
2046,Capped,2038,79308.0,53697.0,34389.0,167394.0
2046,Capped,2039,79817.0,53118.0,34459.0,167394.0
2046,Capped,2040,81384.0,52315.0,33695.0,167394.0
2047,Uncapped,2009,63665.0,44238.0,33084.0,140987.0
2047,Uncapped,2010,68237.0,47336.0,34689.0,150262.0
2047,Uncapped,2011,63417.0,44531.0,31354.0,139302.0
2047,Uncapped,2012,65259.0,46490.0,32898.0,144647.0
2047,Uncapped,2013,72676.0,52059.0,36534.0,161269.0
2047,Uncapped,2014,68107.0,48454.0,34798.0,151359.0
2047,Uncapped,2015,64526.0,45451.0,33975.0,143952.0
2047,Uncapped,2016,62556.0,44269.0,33525.0,140350.0
2047,Uncapped,2017,62470.0,44158.0,32976.0,139604.0
2047,Uncapped,2018,62519.0,44150.0,32814.0,139483.0
2047,Uncapped,2019,63381.0,44551.0,32654.0,140586.0
2047,Uncapped,2020,66202.0,46146.0,34805.0,147153.0
2047,Uncapped,2021,88496.0,65124.0,41887.0,195507.0
2047,Uncapped,2022,126049.0,90775.0,58426.0,275250.0
2047,Uncapped,2023,88426.0,61518.0,43984.0,193928.0
2047,Uncapped,2024,76604.0,52576.0,38214.0,167394.0
2047,Uncapped,2025,76507.0,61049.0,29838.0,167394.0
2047,Uncapped,2026,76345.0,60461.0,30588.0,167394.0
2047,Uncapped,2027,76149.0,58594.0,32651.0,167394.0
2047,Uncapped,2028,76096.0,58425.0,32873.0,167394.0
2047,Uncapped,2029,76414.0,57920.0,33060.0,167394.0
2047,Uncapped,2030,77690.0,57330.0,32374.0,167394.0
2047,Uncapped,2031,77829.0,57333.0,32232.0,167394.0
2047,Uncapped,2032,79352.0,56720.0,31322.0,167394.0
2047,Uncapped,2033,80581.0,55576.0,31237.0,167394.0
2047,Uncapped,2034,81219.0,55569.0,30606.0,167394.0
2047,Uncapped,2035,80405.0,56738.0,30251.0,167394.0
2047,Uncapped,2036,80053.0,56938.0,30403.0,167394.0
2047,Uncapped,2037,80204.0,57345.0,29845.0,167394.0
2047,Uncapped,2038,80414.0,57745.0,29235.0,167394.0
2047,Uncapped,2039,82850.0,56097.0,28447.0,167394.0
2047,Uncapped,2040,83944.0,56192.0,27258.0,167394.0
2047,Capped,2009,63665.0,44238.0,33084.0,140987.0
2047,Capped,2010,68237.0,47336.0,34689.0,150262.0
2047,Capped,2011,63417.0,44531.0,31354.0,139302.0
2047,Capped,2012,65259.0,46490.0,32898.0,144647.0
2047,Capped,2013,72676.0,52059.0,36534.0,161269.0
2047,Capped,2014,68107.0,48454.0,34798.0,151359.0
2047,Capped,2015,64526.0,45451.0,33975.0,143952.0
2047,Capped,2016,62556.0,44269.0,33525.0,140350.0
2047,Capped,2017,62470.0,44158.0,32976.0,139604.0
2047,Capped,2018,62519.0,44150.0,32814.0,139483.0
2047,Capped,2019,63381.0,44551.0,32654.0,140586.0
2047,Capped,2020,66202.0,46146.0,34805.0,147153.0
2047,Capped,2021,88496.0,65124.0,41887.0,195507.0
2047,Capped,2022,126049.0,90775.0,58426.0,275250.0
2047,Capped,2023,88426.0,61518.0,43984.0,193928.0
2047,Capped,2024,76604.0,52576.0,38214.0,167394.0
2047,Capped,2025,77124.0,52690.0,37580.0,167394.0
2047,Capped,2026,76906.0,52768.0,37720.0,167394.0
2047,Capped,2027,77428.0,52593.0,37373.0,167394.0
2047,Capped,2028,77487.0,52758.0,37149.0,167394.0
2047,Capped,2029,77124.0,53064.0,37206.0,167394.0
2047,Capped,2030,78617.0,52325.0,36452.0,167394.0
2047,Capped,2031,78921.0,52394.0,36079.0,167394.0
2047,Capped,2032,79412.0,52127.0,35855.0,167394.0
2047,Capped,2033,80090.0,52060.0,35244.0,167394.0
2047,Capped,2034,80295.0,52077.0,35022.0,167394.0
2047,Capped,2035,79830.0,52579.0,34985.0,167394.0
2047,Capped,2036,79318.0,53068.0,35008.0,167394.0
2047,Capped,2037,79262.0,53277.0,34855.0,167394.0
2047,Capped,2038,79076.0,53670.0,34648.0,167394.0
2047,Capped,2039,79752.0,53178.0,34464.0,167394.0
2047,Capped,2040,81385.0,52419.0,33590.0,167394.0
2048,Uncapped,2009,63785.0,44196.0,33006.0,140987.0
2048,Uncapped,2010,68272.0,47450.0,34540.0,150262.0
2048,Uncapped,2011,63572.0,44429.0,31301.0,139302.0
2048,Uncapped,2012,65390.0,46426.0,32831.0,144647.0
2048,Uncapped,2013,72764.0,51943.0,36562.0,161269.0
2048,Uncapped,2014,68208.0,48578.0,34573.0,151359.0
2048,Uncapped,2015,64662.0,45339.0,33951.0,143952.0
2048,Uncapped,2016,63051.0,44408.0,32891.0,140350.0
2048,Uncapped,2017,62512.0,44122.0,32970.0,139604.0
2048,Uncapped,2018,62450.0,44102.0,32931.0,139483.0
2048,Uncapped,2019,63288.0,44563.0,32735.0,140586.0
2048,Uncapped,2020,66648.0,46342.0,34163.0,147153.0
2048,Uncapped,2021,88708.0,65098.0,41701.0,195507.0
2048,Uncapped,2022,125771.0,90615.0,58864.0,275250.0
2048,Uncapped,2023,88617.0,61669.0,43642.0,193928.0
2048,Uncapped,2024,77007.0,52483.0,37904.0,167394.0
2048,Uncapped,2025,76632.0,61010.0,29752.0,167394.0
2048,Uncapped,2026,76352.0,60352.0,30690.0,167394.0
2048,Uncapped,2027,76057.0,58365.0,32972.0,167394.0
2048,Uncapped,2028,75860.0,58419.0,33115.0,167394.0
2048,Uncapped,2029,76665.0,57782.0,32947.0,167394.0
2048,Uncapped,2030,77554.0,57665.0,32175.0,167394.0
2048,Uncapped,2031,77977.0,57564.0,31853.0,167394.0
2048,Uncapped,2032,79301.0,56393.0,31700.0,167394.0
2048,Uncapped,2033,80939.0,55324.0,31131.0,167394.0
2048,Uncapped,2034,81151.0,55532.0,30711.0,167394.0
2048,Uncapped,2035,80391.0,56566.0,30437.0,167394.0
2048,Uncapped,2036,80192.0,56836.0,30366.0,167394.0
2048,Uncapped,2037,80128.0,57333.0,29933.0,167394.0
2048,Uncapped,2038,80618.0,57433.0,29343.0,167394.0
2048,Uncapped,2039,82989.0,55872.0,28533.0,167394.0
2048,Uncapped,2040,83767.0,56135.0,27492.0,167394.0
2048,Capped,2009,63785.0,44196.0,33006.0,140987.0
2048,Capped,2010,68272.0,47450.0,34540.0,150262.0
2048,Capped,2011,63572.0,44429.0,31301.0,139302.0
2048,Capped,2012,65390.0,46426.0,32831.0,144647.0
2048,Capped,2013,72764.0,51943.0,36562.0,161269.0
2048,Capped,2014,68208.0,48578.0,34573.0,151359.0
2048,Capped,2015,64662.0,45339.0,33951.0,143952.0
2048,Capped,2016,63051.0,44408.0,32891.0,140350.0
2048,Capped,2017,62512.0,44122.0,32970.0,139604.0
2048,Capped,2018,62450.0,44102.0,32931.0,139483.0
2048,Capped,2019,63288.0,44563.0,32735.0,140586.0
2048,Capped,2020,66648.0,46342.0,34163.0,147153.0
2048,Capped,2021,88708.0,65098.0,41701.0,195507.0
2048,Capped,2022,125771.0,90615.0,58864.0,275250.0
2048,Capped,2023,88617.0,61669.0,43642.0,193928.0
2048,Capped,2024,77007.0,52483.0,37904.0,167394.0
2048,Capped,2025,76932.0,52531.0,37931.0,167394.0
2048,Capped,2026,77255.0,52660.0,37479.0,167394.0
2048,Capped,2027,77412.0,52691.0,37291.0,167394.0
2048,Capped,2028,77392.0,52851.0,37151.0,167394.0
2048,Capped,2029,77323.0,52861.0,37210.0,167394.0
2048,Capped,2030,78793.0,52239.0,36362.0,167394.0
2048,Capped,2031,79002.0,52310.0,36082.0,167394.0
2048,Capped,2032,79619.0,51948.0,35827.0,167394.0
2048,Capped,2033,80128.0,51833.0,35433.0,167394.0
2048,Capped,2034,80346.0,51916.0,35132.0,167394.0
2048,Capped,2035,79640.0,52632.0,35122.0,167394.0
2048,Capped,2036,79046.0,53154.0,35194.0,167394.0
2048,Capped,2037,79183.0,53473.0,34738.0,167394.0
2048,Capped,2038,79372.0,53445.0,34577.0,167394.0
2048,Capped,2039,80385.0,53164.0,33845.0,167394.0
2048,Capped,2040,81590.0,52418.0,33386.0,167394.0
2049,Uncapped,2009,63967.0,44209.0,32811.0,140987.0
2049,Uncapped,2010,68111.0,47429.0,34722.0,150262.0
2049,Uncapped,2011,63729.0,44630.0,30943.0,139302.0
2049,Uncapped,2012,65153.0,46366.0,33128.0,144647.0
2049,Uncapped,2013,72687.0,51917.0,36665.0,161269.0
2049,Uncapped,2014,68233.0,48298.0,34828.0,151359.0
2049,Uncapped,2015,64524.0,45438.0,33990.0,143952.0
2049,Uncapped,2016,62860.0,44421.0,33069.0,140350.0
2049,Uncapped,2017,62519.0,44217.0,32868.0,139604.0
2049,Uncapped,2018,62355.0,44126.0,33002.0,139483.0
2049,Uncapped,2019,63174.0,44506.0,32906.0,140586.0
2049,Uncapped,2020,66464.0,46415.0,34274.0,147153.0
2049,Uncapped,2021,88504.0,65281.0,41722.0,195507.0
2049,Uncapped,2022,125923.0,90501.0,58826.0,275250.0
2049,Uncapped,2023,88647.0,61864.0,43417.0,193928.0
2049,Uncapped,2024,76694.0,52467.0,38233.0,167394.0
2049,Uncapped,2025,76395.0,61107.0,29892.0,167394.0
2049,Uncapped,2026,76538.0,60289.0,30567.0,167394.0
2049,Uncapped,2027,76153.0,58511.0,32730.0,167394.0
2049,Uncapped,2028,75988.0,58527.0,32879.0,167394.0
2049,Uncapped,2029,76744.0,57952.0,32698.0,167394.0
2049,Uncapped,2030,77602.0,57562.0,32230.0,167394.0
2049,Uncapped,2031,77972.0,57491.0,31931.0,167394.0
2049,Uncapped,2032,79379.0,56777.0,31238.0,167394.0
2049,Uncapped,2033,80901.0,55529.0,30964.0,167394.0
2049,Uncapped,2034,81432.0,55686.0,30276.0,167394.0
2049,Uncapped,2035,80404.0,56613.0,30377.0,167394.0
2049,Uncapped,2036,80088.0,56870.0,30436.0,167394.0
2049,Uncapped,2037,80257.0,57352.0,29785.0,167394.0
2049,Uncapped,2038,80504.0,57483.0,29407.0,167394.0
2049,Uncapped,2039,82976.0,56008.0,28410.0,167394.0
2049,Uncapped,2040,83628.0,56126.0,27640.0,167394.0
2049,Capped,2009,63967.0,44209.0,32811.0,140987.0
2049,Capped,2010,68111.0,47429.0,34722.0,150262.0
2049,Capped,2011,63729.0,44630.0,30943.0,139302.0
2049,Capped,2012,65153.0,46366.0,33128.0,144647.0
2049,Capped,2013,72687.0,51917.0,36665.0,161269.0
2049,Capped,2014,68233.0,48298.0,34828.0,151359.0
2049,Capped,2015,64524.0,45438.0,33990.0,143952.0
2049,Capped,2016,62860.0,44421.0,33069.0,140350.0
2049,Capped,2017,62519.0,44217.0,32868.0,139604.0
2049,Capped,2018,62355.0,44126.0,33002.0,139483.0
2049,Capped,2019,63174.0,44506.0,32906.0,140586.0
2049,Capped,2020,66464.0,46415.0,34274.0,147153.0
2049,Capped,2021,88504.0,65281.0,41722.0,195507.0
2049,Capped,2022,125923.0,90501.0,58826.0,275250.0
2049,Capped,2023,88647.0,61864.0,43417.0,193928.0
2049,Capped,2024,76694.0,52467.0,38233.0,167394.0
2049,Capped,2025,77129.0,52639.0,37626.0,167394.0
2049,Capped,2026,77191.0,52919.0,37284.0,167394.0
2049,Capped,2027,77430.0,52748.0,37216.0,167394.0
2049,Capped,2028,77504.0,52834.0,37056.0,167394.0
2049,Capped,2029,77285.0,53099.0,37010.0,167394.0
2049,Capped,2030,78825.0,52095.0,36474.0,167394.0
2049,Capped,2031,79107.0,52370.0,35917.0,167394.0
2049,Capped,2032,79427.0,52260.0,35707.0,167394.0
2049,Capped,2033,80276.0,52016.0,35102.0,167394.0
2049,Capped,2034,80351.0,51942.0,35101.0,167394.0
2049,Capped,2035,79745.0,52460.0,35189.0,167394.0
2049,Capped,2036,79354.0,52962.0,35078.0,167394.0
2049,Capped,2037,79203.0,53364.0,34827.0,167394.0
2049,Capped,2038,79283.0,53592.0,34519.0,167394.0
2049,Capped,2039,80227.0,52926.0,34241.0,167394.0
2049,Capped,2040,81407.0,52381.0,33606.0,167394.0
2050,Uncapped,2009,63742.0,44365.0,32880.0,140987.0
2050,Uncapped,2010,68162.0,47481.0,34619.0,150262.0
2050,Uncapped,2011,63494.0,44507.0,31301.0,139302.0
2050,Uncapped,2012,65111.0,46300.0,33236.0,144647.0
2050,Uncapped,2013,72516.0,51927.0,36826.0,161269.0
2050,Uncapped,2014,68008.0,48544.0,34807.0,151359.0
2050,Uncapped,2015,64677.0,45495.0,33780.0,143952.0
2050,Uncapped,2016,62952.0,44328.0,33070.0,140350.0
2050,Uncapped,2017,62503.0,44238.0,32863.0,139604.0
2050,Uncapped,2018,62327.0,44169.0,32987.0,139483.0
2050,Uncapped,2019,63150.0,44697.0,32739.0,140586.0
2050,Uncapped,2020,66557.0,46433.0,34163.0,147153.0
2050,Uncapped,2021,88376.0,64971.0,42160.0,195507.0
2050,Uncapped,2022,125939.0,90534.0,58777.0,275250.0
2050,Uncapped,2023,88454.0,61711.0,43763.0,193928.0
2050,Uncapped,2024,76598.0,52519.0,38277.0,167394.0
2050,Uncapped,2025,76537.0,61036.0,29821.0,167394.0
2050,Uncapped,2026,76539.0,60315.0,30540.0,167394.0
2050,Uncapped,2027,76227.0,58380.0,32787.0,167394.0
2050,Uncapped,2028,75900.0,58437.0,33057.0,167394.0
2050,Uncapped,2029,76561.0,57950.0,32883.0,167394.0
2050,Uncapped,2030,77499.0,57439.0,32456.0,167394.0
2050,Uncapped,2031,77784.0,57425.0,32185.0,167394.0
2050,Uncapped,2032,79598.0,56462.0,31334.0,167394.0
2050,Uncapped,2033,80874.0,55379.0,31141.0,167394.0
2050,Uncapped,2034,81194.0,55708.0,30492.0,167394.0
2050,Uncapped,2035,80303.0,56600.0,30491.0,167394.0
2050,Uncapped,2036,80386.0,56916.0,30092.0,167394.0
2050,Uncapped,2037,80169.0,57341.0,29884.0,167394.0
2050,Uncapped,2038,80428.0,57572.0,29394.0,167394.0
2050,Uncapped,2039,82971.0,56072.0,28351.0,167394.0
2050,Uncapped,2040,83775.0,56025.0,27594.0,167394.0
2050,Capped,2009,63742.0,44365.0,32880.0,140987.0
2050,Capped,2010,68162.0,47481.0,34619.0,150262.0
2050,Capped,2011,63494.0,44507.0,31301.0,139302.0
2050,Capped,2012,65111.0,46300.0,33236.0,144647.0
2050,Capped,2013,72516.0,51927.0,36826.0,161269.0
2050,Capped,2014,68008.0,48544.0,34807.0,151359.0
2050,Capped,2015,64677.0,45495.0,33780.0,143952.0
2050,Capped,2016,62952.0,44328.0,33070.0,140350.0
2050,Capped,2017,62503.0,44238.0,32863.0,139604.0
2050,Capped,2018,62327.0,44169.0,32987.0,139483.0
2050,Capped,2019,63150.0,44697.0,32739.0,140586.0
2050,Capped,2020,66557.0,46433.0,34163.0,147153.0
2050,Capped,2021,88376.0,64971.0,42160.0,195507.0
2050,Capped,2022,125939.0,90534.0,58777.0,275250.0
2050,Capped,2023,88454.0,61711.0,43763.0,193928.0
2050,Capped,2024,76598.0,52519.0,38277.0,167394.0
2050,Capped,2025,77067.0,52669.0,37658.0,167394.0
2050,Capped,2026,77297.0,52627.0,37470.0,167394.0
2050,Capped,2027,77614.0,52579.0,37201.0,167394.0
2050,Capped,2028,77365.0,52866.0,37163.0,167394.0
2050,Capped,2029,77267.0,53146.0,36981.0,167394.0
2050,Capped,2030,78559.0,52329.0,36506.0,167394.0
2050,Capped,2031,78807.0,52378.0,36209.0,167394.0
2050,Capped,2032,79619.0,52037.0,35738.0,167394.0
2050,Capped,2033,80066.0,51936.0,35392.0,167394.0
2050,Capped,2034,80319.0,52073.0,35002.0,167394.0
2050,Capped,2035,79883.0,52730.0,34781.0,167394.0
2050,Capped,2036,79218.0,53069.0,35107.0,167394.0
2050,Capped,2037,79222.0,53321.0,34851.0,167394.0
2050,Capped,2038,79315.0,53566.0,34513.0,167394.0
2050,Capped,2039,80034.0,53060.0,34300.0,167394.0
2050,Capped,2040,81584.0,52323.0,33487.0,167394.0
2051,Uncapped,2009,63901.0,44107.0,32979.0,140987.0
2051,Uncapped,2010,68435.0,47337.0,34490.0,150262.0
2051,Uncapped,2011,63773.0,44555.0,30974.0,139302.0
2051,Uncapped,2012,65246.0,46372.0,33029.0,144647.0
2051,Uncapped,2013,72601.0,52184.0,36484.0,161269.0
2051,Uncapped,2014,67884.0,48412.0,35063.0,151359.0
2051,Uncapped,2015,64494.0,45369.0,34089.0,143952.0
2051,Uncapped,2016,62673.0,44439.0,33238.0,140350.0
2051,Uncapped,2017,62767.0,44304.0,32533.0,139604.0
2051,Uncapped,2018,62274.0,44076.0,33133.0,139483.0
2051,Uncapped,2019,63286.0,44480.0,32820.0,140586.0
2051,Uncapped,2020,66352.0,46233.0,34568.0,147153.0
2051,Uncapped,2021,88337.0,65277.0,41893.0,195507.0
2051,Uncapped,2022,125498.0,90758.0,58994.0,275250.0
2051,Uncapped,2023,88552.0,61676.0,43700.0,193928.0
2051,Uncapped,2024,76721.0,52605.0,38068.0,167394.0
2051,Uncapped,2025,76475.0,61041.0,29878.0,167394.0
2051,Uncapped,2026,76416.0,60422.0,30556.0,167394.0
2051,Uncapped,2027,76110.0,58562.0,32722.0,167394.0
2051,Uncapped,2028,76023.0,58396.0,32975.0,167394.0
2051,Uncapped,2029,76276.0,57834.0,33284.0,167394.0
2051,Uncapped,2030,77690.0,57507.0,32197.0,167394.0
2051,Uncapped,2031,77908.0,57504.0,31982.0,167394.0
2051,Uncapped,2032,79200.0,56573.0,31621.0,167394.0
2051,Uncapped,2033,80811.0,55501.0,31082.0,167394.0
2051,Uncapped,2034,81236.0,55576.0,30582.0,167394.0
2051,Uncapped,2035,80275.0,56617.0,30502.0,167394.0
2051,Uncapped,2036,80244.0,56777.0,30373.0,167394.0
2051,Uncapped,2037,80145.0,57471.0,29778.0,167394.0
2051,Uncapped,2038,80527.0,57565.0,29302.0,167394.0
2051,Uncapped,2039,83094.0,56092.0,28208.0,167394.0
2051,Uncapped,2040,83843.0,56227.0,27324.0,167394.0
2051,Capped,2009,63901.0,44107.0,32979.0,140987.0
2051,Capped,2010,68435.0,47337.0,34490.0,150262.0
2051,Capped,2011,63773.0,44555.0,30974.0,139302.0
2051,Capped,2012,65246.0,46372.0,33029.0,144647.0
2051,Capped,2013,72601.0,52184.0,36484.0,161269.0
2051,Capped,2014,67884.0,48412.0,35063.0,151359.0
2051,Capped,2015,64494.0,45369.0,34089.0,143952.0
2051,Capped,2016,62673.0,44439.0,33238.0,140350.0
2051,Capped,2017,62767.0,44304.0,32533.0,139604.0
2051,Capped,2018,62274.0,44076.0,33133.0,139483.0
2051,Capped,2019,63286.0,44480.0,32820.0,140586.0
2051,Capped,2020,66352.0,46233.0,34568.0,147153.0
2051,Capped,2021,88337.0,65277.0,41893.0,195507.0
2051,Capped,2022,125498.0,90758.0,58994.0,275250.0
2051,Capped,2023,88552.0,61676.0,43700.0,193928.0
2051,Capped,2024,76721.0,52605.0,38068.0,167394.0
2051,Capped,2025,76746.0,52617.0,38031.0,167394.0
2051,Capped,2026,77429.0,52558.0,37407.0,167394.0
2051,Capped,2027,77222.0,52698.0,37474.0,167394.0
2051,Capped,2028,77539.0,52954.0,36901.0,167394.0
2051,Capped,2029,77129.0,53103.0,37162.0,167394.0
2051,Capped,2030,78786.0,52318.0,36290.0,167394.0
2051,Capped,2031,78906.0,52425.0,36063.0,167394.0
2051,Capped,2032,79547.0,52056.0,35791.0,167394.0
2051,Capped,2033,80148.0,51999.0,35247.0,167394.0
2051,Capped,2034,80543.0,51999.0,34852.0,167394.0
2051,Capped,2035,79787.0,52609.0,34998.0,167394.0
2051,Capped,2036,79275.0,53140.0,34979.0,167394.0
2051,Capped,2037,79073.0,53425.0,34896.0,167394.0
2051,Capped,2038,79250.0,53580.0,34564.0,167394.0
2051,Capped,2039,80088.0,53189.0,34117.0,167394.0
2051,Capped,2040,81389.0,52178.0,33827.0,167394.0
2052,Uncapped,2009,64168.0,44298.0,32521.0,140987.0
2052,Uncapped,2010,68178.0,47301.0,34783.0,150262.0
2052,Uncapped,2011,63651.0,44565.0,31086.0,139302.0
2052,Uncapped,2012,65250.0,46330.0,33067.0,144647.0
2052,Uncapped,2013,72782.0,51963.0,36524.0,161269.0
2052,Uncapped,2014,68161.0,48503.0,34695.0,151359.0
2052,Uncapped,2015,64635.0,45456.0,33861.0,143952.0
2052,Uncapped,2016,62800.0,44395.0,33155.0,140350.0
2052,Uncapped,2017,62416.0,44192.0,32996.0,139604.0
2052,Uncapped,2018,62575.0,44055.0,32853.0,139483.0
2052,Uncapped,2019,63157.0,44597.0,32832.0,140586.0
2052,Uncapped,2020,66513.0,46347.0,34293.0,147153.0
2052,Uncapped,2021,88326.0,65244.0,41937.0,195507.0
2052,Uncapped,2022,125775.0,90897.0,58578.0,275250.0
2052,Uncapped,2023,88526.0,61657.0,43745.0,193928.0
2052,Uncapped,2024,76774.0,52665.0,37955.0,167394.0
2052,Uncapped,2025,76398.0,61098.0,29898.0,167394.0
2052,Uncapped,2026,76317.0,60206.0,30871.0,167394.0
2052,Uncapped,2027,76092.0,58634.0,32668.0,167394.0
2052,Uncapped,2028,75911.0,58395.0,33088.0,167394.0
2052,Uncapped,2029,76687.0,57938.0,32769.0,167394.0
2052,Uncapped,2030,77516.0,57594.0,32284.0,167394.0
2052,Uncapped,2031,78184.0,57482.0,31728.0,167394.0
2052,Uncapped,2032,79550.0,56576.0,31268.0,167394.0
2052,Uncapped,2033,80681.0,55511.0,31202.0,167394.0
2052,Uncapped,2034,81127.0,55719.0,30548.0,167394.0
2052,Uncapped,2035,80398.0,56769.0,30227.0,167394.0
2052,Uncapped,2036,80097.0,56896.0,30401.0,167394.0
2052,Uncapped,2037,80199.0,57345.0,29850.0,167394.0
2052,Uncapped,2038,80426.0,57482.0,29486.0,167394.0
2052,Uncapped,2039,82855.0,56116.0,28423.0,167394.0
2052,Uncapped,2040,83944.0,55982.0,27468.0,167394.0
2052,Capped,2009,64168.0,44298.0,32521.0,140987.0
2052,Capped,2010,68178.0,47301.0,34783.0,150262.0
2052,Capped,2011,63651.0,44565.0,31086.0,139302.0
2052,Capped,2012,65250.0,46330.0,33067.0,144647.0
2052,Capped,2013,72782.0,51963.0,36524.0,161269.0
2052,Capped,2014,68161.0,48503.0,34695.0,151359.0
2052,Capped,2015,64635.0,45456.0,33861.0,143952.0
2052,Capped,2016,62800.0,44395.0,33155.0,140350.0
2052,Capped,2017,62416.0,44192.0,32996.0,139604.0
2052,Capped,2018,62575.0,44055.0,32853.0,139483.0
2052,Capped,2019,63157.0,44597.0,32832.0,140586.0
2052,Capped,2020,66513.0,46347.0,34293.0,147153.0
2052,Capped,2021,88326.0,65244.0,41937.0,195507.0
2052,Capped,2022,125775.0,90897.0,58578.0,275250.0
2052,Capped,2023,88526.0,61657.0,43745.0,193928.0
2052,Capped,2024,76774.0,52665.0,37955.0,167394.0
2052,Capped,2025,76937.0,52652.0,37805.0,167394.0
2052,Capped,2026,77134.0,52677.0,37583.0,167394.0
2052,Capped,2027,77426.0,52591.0,37377.0,167394.0
2052,Capped,2028,77617.0,52850.0,36927.0,167394.0
2052,Capped,2029,77107.0,53223.0,37064.0,167394.0
2052,Capped,2030,78717.0,52410.0,36267.0,167394.0
2052,Capped,2031,78893.0,52298.0,36203.0,167394.0
2052,Capped,2032,79650.0,52304.0,35440.0,167394.0
2052,Capped,2033,80010.0,51886.0,35498.0,167394.0
2052,Capped,2034,80130.0,52030.0,35234.0,167394.0
2052,Capped,2035,79640.0,52433.0,35321.0,167394.0
2052,Capped,2036,79237.0,53179.0,34978.0,167394.0
2052,Capped,2037,79065.0,53312.0,35017.0,167394.0
2052,Capped,2038,79121.0,53412.0,34861.0,167394.0
2052,Capped,2039,79973.0,53235.0,34186.0,167394.0
2052,Capped,2040,81561.0,52369.0,33464.0,167394.0
2053,Uncapped,2009,63786.0,44336.0,32865.0,140987.0
2053,Uncapped,2010,68314.0,47402.0,34546.0,150262.0
2053,Uncapped,2011,63609.0,44428.0,31265.0,139302.0
2053,Uncapped,2012,65119.0,46383.0,33145.0,144647.0
2053,Uncapped,2013,72750.0,51964.0,36555.0,161269.0
2053,Uncapped,2014,67768.0,48284.0,35307.0,151359.0
2053,Uncapped,2015,64703.0,45370.0,33879.0,143952.0
2053,Uncapped,2016,62755.0,44267.0,33328.0,140350.0
2053,Uncapped,2017,62408.0,44244.0,32952.0,139604.0
2053,Uncapped,2018,62563.0,44075.0,32845.0,139483.0
2053,Uncapped,2019,63275.0,44557.0,32754.0,140586.0
2053,Uncapped,2020,66419.0,46394.0,34340.0,147153.0
2053,Uncapped,2021,88387.0,65051.0,42069.0,195507.0
2053,Uncapped,2022,125796.0,90681.0,58773.0,275250.0
2053,Uncapped,2023,88599.0,61600.0,43729.0,193928.0
2053,Uncapped,2024,76529.0,52587.0,38278.0,167394.0
2053,Uncapped,2025,76442.0,61018.0,29934.0,167394.0
2053,Uncapped,2026,76409.0,60479.0,30506.0,167394.0
2053,Uncapped,2027,76386.0,58458.0,32550.0,167394.0
2053,Uncapped,2028,76095.0,58361.0,32938.0,167394.0
2053,Uncapped,2029,76510.0,57700.0,33184.0,167394.0
2053,Uncapped,2030,77670.0,57559.0,32165.0,167394.0
2053,Uncapped,2031,77858.0,57351.0,32185.0,167394.0
2053,Uncapped,2032,79517.0,56700.0,31177.0,167394.0
2053,Uncapped,2033,80898.0,55426.0,31070.0,167394.0
2053,Uncapped,2034,81312.0,55613.0,30469.0,167394.0
2053,Uncapped,2035,80251.0,56747.0,30396.0,167394.0
2053,Uncapped,2036,80198.0,56950.0,30246.0,167394.0
2053,Uncapped,2037,80085.0,57336.0,29973.0,167394.0
2053,Uncapped,2038,80436.0,57549.0,29409.0,167394.0
2053,Uncapped,2039,82851.0,56138.0,28405.0,167394.0
2053,Uncapped,2040,83523.0,56100.0,27771.0,167394.0
2053,Capped,2009,63786.0,44336.0,32865.0,140987.0
2053,Capped,2010,68314.0,47402.0,34546.0,150262.0
2053,Capped,2011,63609.0,44428.0,31265.0,139302.0
2053,Capped,2012,65119.0,46383.0,33145.0,144647.0
2053,Capped,2013,72750.0,51964.0,36555.0,161269.0
2053,Capped,2014,67768.0,48284.0,35307.0,151359.0
2053,Capped,2015,64703.0,45370.0,33879.0,143952.0
2053,Capped,2016,62755.0,44267.0,33328.0,140350.0
2053,Capped,2017,62408.0,44244.0,32952.0,139604.0
2053,Capped,2018,62563.0,44075.0,32845.0,139483.0
2053,Capped,2019,63275.0,44557.0,32754.0,140586.0
2053,Capped,2020,66419.0,46394.0,34340.0,147153.0
2053,Capped,2021,88387.0,65051.0,42069.0,195507.0
2053,Capped,2022,125796.0,90681.0,58773.0,275250.0
2053,Capped,2023,88599.0,61600.0,43729.0,193928.0
2053,Capped,2024,76529.0,52587.0,38278.0,167394.0
2053,Capped,2025,76925.0,52686.0,37783.0,167394.0
2053,Capped,2026,76981.0,52855.0,37558.0,167394.0
2053,Capped,2027,77610.0,52551.0,37233.0,167394.0
2053,Capped,2028,77513.0,52926.0,36955.0,167394.0
2053,Capped,2029,77154.0,52919.0,37321.0,167394.0
2053,Capped,2030,78734.0,52302.0,36358.0,167394.0
2053,Capped,2031,78864.0,52343.0,36187.0,167394.0
2053,Capped,2032,79654.0,52217.0,35523.0,167394.0
2053,Capped,2033,79947.0,51977.0,35470.0,167394.0
2053,Capped,2034,80439.0,52120.0,34835.0,167394.0
2053,Capped,2035,79867.0,52656.0,34871.0,167394.0
2053,Capped,2036,79178.0,53145.0,35071.0,167394.0
2053,Capped,2037,78977.0,53198.0,35219.0,167394.0
2053,Capped,2038,79225.0,53562.0,34607.0,167394.0
2053,Capped,2039,79980.0,53135.0,34279.0,167394.0
2053,Capped,2040,81528.0,52252.0,33614.0,167394.0
2054,Uncapped,2009,64060.0,44313.0,32614.0,140987.0
2054,Uncapped,2010,68012.0,47409.0,34841.0,150262.0
2054,Uncapped,2011,63453.0,44568.0,31281.0,139302.0
2054,Uncapped,2012,65209.0,46309.0,33129.0,144647.0
2054,Uncapped,2013,72607.0,51922.0,36740.0,161269.0
2054,Uncapped,2014,68053.0,48305.0,35001.0,151359.0
2054,Uncapped,2015,64584.0,45219.0,34149.0,143952.0
2054,Uncapped,2016,62822.0,44558.0,32970.0,140350.0
2054,Uncapped,2017,62402.0,44081.0,33121.0,139604.0
2054,Uncapped,2018,62469.0,44027.0,32987.0,139483.0
2054,Uncapped,2019,63255.0,44568.0,32763.0,140586.0
2054,Uncapped,2020,66682.0,46456.0,34015.0,147153.0
2054,Uncapped,2021,88352.0,65099.0,42056.0,195507.0
2054,Uncapped,2022,126171.0,90796.0,58283.0,275250.0
2054,Uncapped,2023,88413.0,61556.0,43959.0,193928.0
2054,Uncapped,2024,76980.0,52638.0,37776.0,167394.0
2054,Uncapped,2025,76607.0,61050.0,29737.0,167394.0
2054,Uncapped,2026,76648.0,60374.0,30372.0,167394.0
2054,Uncapped,2027,76046.0,58579.0,32769.0,167394.0
2054,Uncapped,2028,75894.0,58388.0,33112.0,167394.0
2054,Uncapped,2029,76594.0,57931.0,32869.0,167394.0
2054,Uncapped,2030,77392.0,57393.0,32609.0,167394.0
2054,Uncapped,2031,77959.0,57423.0,32012.0,167394.0
2054,Uncapped,2032,79431.0,56571.0,31392.0,167394.0
2054,Uncapped,2033,80945.0,55650.0,30799.0,167394.0
2054,Uncapped,2034,81498.0,55783.0,30113.0,167394.0
2054,Uncapped,2035,80297.0,56783.0,30314.0,167394.0
2054,Uncapped,2036,80400.0,56906.0,30088.0,167394.0
2054,Uncapped,2037,80144.0,57438.0,29812.0,167394.0
2054,Uncapped,2038,80648.0,57452.0,29294.0,167394.0
2054,Uncapped,2039,83084.0,56088.0,28222.0,167394.0
2054,Uncapped,2040,83965.0,56214.0,27215.0,167394.0
2054,Capped,2009,64060.0,44313.0,32614.0,140987.0
2054,Capped,2010,68012.0,47409.0,34841.0,150262.0
2054,Capped,2011,63453.0,44568.0,31281.0,139302.0
2054,Capped,2012,65209.0,46309.0,33129.0,144647.0
2054,Capped,2013,72607.0,51922.0,36740.0,161269.0
2054,Capped,2014,68053.0,48305.0,35001.0,151359.0
2054,Capped,2015,64584.0,45219.0,34149.0,143952.0
2054,Capped,2016,62822.0,44558.0,32970.0,140350.0
2054,Capped,2017,62402.0,44081.0,33121.0,139604.0
2054,Capped,2018,62469.0,44027.0,32987.0,139483.0
2054,Capped,2019,63255.0,44568.0,32763.0,140586.0
2054,Capped,2020,66682.0,46456.0,34015.0,147153.0
2054,Capped,2021,88352.0,65099.0,42056.0,195507.0
2054,Capped,2022,126171.0,90796.0,58283.0,275250.0
2054,Capped,2023,88413.0,61556.0,43959.0,193928.0
2054,Capped,2024,76980.0,52638.0,37776.0,167394.0
2054,Capped,2025,77103.0,52628.0,37663.0,167394.0
2054,Capped,2026,77338.0,52769.0,37287.0,167394.0
2054,Capped,2027,77324.0,52627.0,37443.0,167394.0
2054,Capped,2028,77305.0,52858.0,37231.0,167394.0
2054,Capped,2029,77334.0,53053.0,37007.0,167394.0
2054,Capped,2030,78532.0,52270.0,36592.0,167394.0
2054,Capped,2031,79101.0,52410.0,35883.0,167394.0
2054,Capped,2032,79689.0,52124.0,35581.0,167394.0
2054,Capped,2033,80221.0,52040.0,35133.0,167394.0
2054,Capped,2034,80288.0,51938.0,35168.0,167394.0
2054,Capped,2035,79913.0,52738.0,34743.0,167394.0
2054,Capped,2036,79528.0,53242.0,34624.0,167394.0
2054,Capped,2037,79327.0,53365.0,34702.0,167394.0
2054,Capped,2038,78847.0,53438.0,35109.0,167394.0
2054,Capped,2039,79923.0,53315.0,34156.0,167394.0
2054,Capped,2040,81108.0,52436.0,33850.0,167394.0
2055,Uncapped,2009,63782.0,44337.0,32868.0,140987.0
2055,Uncapped,2010,67966.0,47387.0,34909.0,150262.0
2055,Uncapped,2011,63379.0,44390.0,31533.0,139302.0
2055,Uncapped,2012,65246.0,46329.0,33072.0,144647.0
2055,Uncapped,2013,72611.0,52139.0,36519.0,161269.0
2055,Uncapped,2014,68278.0,48372.0,34709.0,151359.0
2055,Uncapped,2015,64709.0,45505.0,33738.0,143952.0
2055,Uncapped,2016,62976.0,44327.0,33047.0,140350.0
2055,Uncapped,2017,62488.0,44257.0,32859.0,139604.0
2055,Uncapped,2018,62419.0,44132.0,32932.0,139483.0
2055,Uncapped,2019,63168.0,44726.0,32692.0,140586.0
2055,Uncapped,2020,66478.0,46408.0,34267.0,147153.0
2055,Uncapped,2021,88480.0,65175.0,41852.0,195507.0
2055,Uncapped,2022,126100.0,90613.0,58537.0,275250.0
2055,Uncapped,2023,88590.0,61717.0,43621.0,193928.0
2055,Uncapped,2024,76721.0,52537.0,38136.0,167394.0
2055,Uncapped,2025,76413.0,61044.0,29937.0,167394.0
2055,Uncapped,2026,76366.0,60493.0,30535.0,167394.0
2055,Uncapped,2027,76331.0,58490.0,32573.0,167394.0
2055,Uncapped,2028,75838.0,58484.0,33072.0,167394.0
2055,Uncapped,2029,76599.0,57923.0,32872.0,167394.0
2055,Uncapped,2030,77676.0,57458.0,32260.0,167394.0
2055,Uncapped,2031,78005.0,57385.0,32004.0,167394.0
2055,Uncapped,2032,79332.0,56644.0,31418.0,167394.0
2055,Uncapped,2033,80832.0,55388.0,31174.0,167394.0
2055,Uncapped,2034,81155.0,55621.0,30618.0,167394.0
2055,Uncapped,2035,80433.0,56608.0,30353.0,167394.0
2055,Uncapped,2036,80118.0,56792.0,30484.0,167394.0
2055,Uncapped,2037,79991.0,57436.0,29967.0,167394.0
2055,Uncapped,2038,80446.0,57583.0,29365.0,167394.0
2055,Uncapped,2039,82992.0,56099.0,28303.0,167394.0
2055,Uncapped,2040,83855.0,56122.0,27417.0,167394.0
2055,Capped,2009,63782.0,44337.0,32868.0,140987.0
2055,Capped,2010,67966.0,47387.0,34909.0,150262.0
2055,Capped,2011,63379.0,44390.0,31533.0,139302.0
2055,Capped,2012,65246.0,46329.0,33072.0,144647.0
2055,Capped,2013,72611.0,52139.0,36519.0,161269.0
2055,Capped,2014,68278.0,48372.0,34709.0,151359.0
2055,Capped,2015,64709.0,45505.0,33738.0,143952.0
2055,Capped,2016,62976.0,44327.0,33047.0,140350.0
2055,Capped,2017,62488.0,44257.0,32859.0,139604.0
2055,Capped,2018,62419.0,44132.0,32932.0,139483.0
2055,Capped,2019,63168.0,44726.0,32692.0,140586.0
2055,Capped,2020,66478.0,46408.0,34267.0,147153.0
2055,Capped,2021,88480.0,65175.0,41852.0,195507.0
2055,Capped,2022,126100.0,90613.0,58537.0,275250.0
2055,Capped,2023,88590.0,61717.0,43621.0,193928.0
2055,Capped,2024,76721.0,52537.0,38136.0,167394.0
2055,Capped,2025,76836.0,52616.0,37942.0,167394.0
2055,Capped,2026,77265.0,52736.0,37393.0,167394.0
2055,Capped,2027,77280.0,52568.0,37546.0,167394.0
2055,Capped,2028,77302.0,53019.0,37073.0,167394.0
2055,Capped,2029,77404.0,52982.0,37008.0,167394.0
2055,Capped,2030,78808.0,52342.0,36244.0,167394.0
2055,Capped,2031,78971.0,52482.0,35941.0,167394.0
2055,Capped,2032,79357.0,52088.0,35949.0,167394.0
2055,Capped,2033,80066.0,51959.0,35369.0,167394.0
2055,Capped,2034,80370.0,52122.0,34902.0,167394.0
2055,Capped,2035,79850.0,52779.0,34765.0,167394.0
2055,Capped,2036,79113.0,53170.0,35111.0,167394.0
2055,Capped,2037,79190.0,53316.0,34888.0,167394.0
2055,Capped,2038,79115.0,53549.0,34730.0,167394.0
2055,Capped,2039,80121.0,53203.0,34070.0,167394.0
2055,Capped,2040,81309.0,52463.0,33622.0,167394.0
2056,Uncapped,2009,64063.0,44325.0,32599.0,140987.0
2056,Uncapped,2010,68139.0,47494.0,34629.0,150262.0
2056,Uncapped,2011,63204.0,44384.0,31714.0,139302.0
2056,Uncapped,2012,65224.0,46358.0,33065.0,144647.0
2056,Uncapped,2013,72712.0,51979.0,36578.0,161269.0
2056,Uncapped,2014,68263.0,48422.0,34674.0,151359.0
2056,Uncapped,2015,64725.0,45363.0,33864.0,143952.0
2056,Uncapped,2016,62881.0,44286.0,33183.0,140350.0
2056,Uncapped,2017,62456.0,44291.0,32857.0,139604.0
2056,Uncapped,2018,62550.0,44144.0,32789.0,139483.0
2056,Uncapped,2019,63363.0,44482.0,32741.0,140586.0
2056,Uncapped,2020,66483.0,46175.0,34495.0,147153.0
2056,Uncapped,2021,88608.0,65211.0,41688.0,195507.0
2056,Uncapped,2022,126304.0,90913.0,58033.0,275250.0
2056,Uncapped,2023,88634.0,61799.0,43495.0,193928.0
2056,Uncapped,2024,76735.0,52616.0,38043.0,167394.0
2056,Uncapped,2025,76341.0,61083.0,29970.0,167394.0
2056,Uncapped,2026,76663.0,60400.0,30331.0,167394.0
2056,Uncapped,2027,76150.0,58656.0,32588.0,167394.0
2056,Uncapped,2028,75878.0,58523.0,32993.0,167394.0
2056,Uncapped,2029,76496.0,57978.0,32920.0,167394.0
2056,Uncapped,2030,77483.0,57625.0,32286.0,167394.0
2056,Uncapped,2031,77970.0,57502.0,31922.0,167394.0
2056,Uncapped,2032,79336.0,56596.0,31462.0,167394.0
2056,Uncapped,2033,80832.0,55460.0,31102.0,167394.0
2056,Uncapped,2034,81293.0,55783.0,30318.0,167394.0
2056,Uncapped,2035,80417.0,56820.0,30157.0,167394.0
2056,Uncapped,2036,80067.0,56832.0,30495.0,167394.0
2056,Uncapped,2037,80301.0,57337.0,29756.0,167394.0
2056,Uncapped,2038,80498.0,57584.0,29312.0,167394.0
2056,Uncapped,2039,82927.0,56003.0,28464.0,167394.0
2056,Uncapped,2040,83519.0,56167.0,27708.0,167394.0
2056,Capped,2009,64063.0,44325.0,32599.0,140987.0
2056,Capped,2010,68139.0,47494.0,34629.0,150262.0
2056,Capped,2011,63204.0,44384.0,31714.0,139302.0
2056,Capped,2012,65224.0,46358.0,33065.0,144647.0
2056,Capped,2013,72712.0,51979.0,36578.0,161269.0
2056,Capped,2014,68263.0,48422.0,34674.0,151359.0
2056,Capped,2015,64725.0,45363.0,33864.0,143952.0
2056,Capped,2016,62881.0,44286.0,33183.0,140350.0
2056,Capped,2017,62456.0,44291.0,32857.0,139604.0
2056,Capped,2018,62550.0,44144.0,32789.0,139483.0
2056,Capped,2019,63363.0,44482.0,32741.0,140586.0
2056,Capped,2020,66483.0,46175.0,34495.0,147153.0
2056,Capped,2021,88608.0,65211.0,41688.0,195507.0
2056,Capped,2022,126304.0,90913.0,58033.0,275250.0
2056,Capped,2023,88634.0,61799.0,43495.0,193928.0
2056,Capped,2024,76735.0,52616.0,38043.0,167394.0
2056,Capped,2025,77028.0,52752.0,37614.0,167394.0
2056,Capped,2026,76949.0,52642.0,37803.0,167394.0
2056,Capped,2027,77670.0,52711.0,37013.0,167394.0
2056,Capped,2028,77256.0,52967.0,37171.0,167394.0
2056,Capped,2029,77244.0,53033.0,37117.0,167394.0
2056,Capped,2030,78971.0,52266.0,36157.0,167394.0
2056,Capped,2031,78804.0,52397.0,36193.0,167394.0
2056,Capped,2032,79610.0,52097.0,35687.0,167394.0
2056,Capped,2033,79983.0,52064.0,35347.0,167394.0
2056,Capped,2034,80462.0,52050.0,34882.0,167394.0
2056,Capped,2035,79779.0,52653.0,34962.0,167394.0
2056,Capped,2036,79066.0,53177.0,35151.0,167394.0
2056,Capped,2037,79255.0,53284.0,34855.0,167394.0
2056,Capped,2038,79221.0,53462.0,34711.0,167394.0
2056,Capped,2039,80228.0,53210.0,33956.0,167394.0
2056,Capped,2040,81400.0,52244.0,33750.0,167394.0
2057,Uncapped,2009,63834.0,44259.0,32894.0,140987.0
2057,Uncapped,2010,68000.0,47363.0,34899.0,150262.0
2057,Uncapped,2011,63563.0,44613.0,31126.0,139302.0
2057,Uncapped,2012,65041.0,46274.0,33332.0,144647.0
2057,Uncapped,2013,72874.0,51986.0,36409.0,161269.0
2057,Uncapped,2014,68155.0,48489.0,34715.0,151359.0
2057,Uncapped,2015,64726.0,45465.0,33761.0,143952.0
2057,Uncapped,2016,62884.0,44304.0,33162.0,140350.0
2057,Uncapped,2017,62533.0,44179.0,32892.0,139604.0
2057,Uncapped,2018,62681.0,44165.0,32637.0,139483.0
2057,Uncapped,2019,63249.0,44530.0,32807.0,140586.0
2057,Uncapped,2020,66171.0,46352.0,34630.0,147153.0
2057,Uncapped,2021,88378.0,65191.0,41938.0,195507.0
2057,Uncapped,2022,125876.0,90582.0,58792.0,275250.0
2057,Uncapped,2023,88592.0,61763.0,43573.0,193928.0
2057,Uncapped,2024,76964.0,52655.0,37775.0,167394.0
2057,Uncapped,2025,76568.0,60962.0,29864.0,167394.0
2057,Uncapped,2026,76509.0,60408.0,30477.0,167394.0
2057,Uncapped,2027,76160.0,58448.0,32786.0,167394.0
2057,Uncapped,2028,76065.0,58462.0,32867.0,167394.0
2057,Uncapped,2029,76778.0,57814.0,32802.0,167394.0
2057,Uncapped,2030,77712.0,57528.0,32154.0,167394.0
2057,Uncapped,2031,78130.0,57516.0,31748.0,167394.0
2057,Uncapped,2032,79391.0,56632.0,31371.0,167394.0
2057,Uncapped,2033,80688.0,55594.0,31112.0,167394.0
2057,Uncapped,2034,81264.0,55820.0,30310.0,167394.0
2057,Uncapped,2035,80474.0,56775.0,30145.0,167394.0
2057,Uncapped,2036,80226.0,56819.0,30349.0,167394.0
2057,Uncapped,2037,80186.0,57326.0,29882.0,167394.0
2057,Uncapped,2038,80639.0,57578.0,29177.0,167394.0
2057,Uncapped,2039,83095.0,55932.0,28367.0,167394.0
2057,Uncapped,2040,83856.0,56211.0,27327.0,167394.0
2057,Capped,2009,63834.0,44259.0,32894.0,140987.0
2057,Capped,2010,68000.0,47363.0,34899.0,150262.0
2057,Capped,2011,63563.0,44613.0,31126.0,139302.0
2057,Capped,2012,65041.0,46274.0,33332.0,144647.0
2057,Capped,2013,72874.0,51986.0,36409.0,161269.0
2057,Capped,2014,68155.0,48489.0,34715.0,151359.0
2057,Capped,2015,64726.0,45465.0,33761.0,143952.0
2057,Capped,2016,62884.0,44304.0,33162.0,140350.0
2057,Capped,2017,62533.0,44179.0,32892.0,139604.0
2057,Capped,2018,62681.0,44165.0,32637.0,139483.0
2057,Capped,2019,63249.0,44530.0,32807.0,140586.0
2057,Capped,2020,66171.0,46352.0,34630.0,147153.0
2057,Capped,2021,88378.0,65191.0,41938.0,195507.0
2057,Capped,2022,125876.0,90582.0,58792.0,275250.0
2057,Capped,2023,88592.0,61763.0,43573.0,193928.0
2057,Capped,2024,76964.0,52655.0,37775.0,167394.0
2057,Capped,2025,76966.0,52633.0,37795.0,167394.0
2057,Capped,2026,77206.0,52659.0,37529.0,167394.0
2057,Capped,2027,77556.0,52743.0,37095.0,167394.0
2057,Capped,2028,77596.0,53067.0,36731.0,167394.0
2057,Capped,2029,77347.0,53074.0,36973.0,167394.0
2057,Capped,2030,78921.0,52309.0,36164.0,167394.0
2057,Capped,2031,78914.0,52441.0,36039.0,167394.0
2057,Capped,2032,79673.0,52022.0,35699.0,167394.0
2057,Capped,2033,80094.0,51991.0,35309.0,167394.0
2057,Capped,2034,80423.0,51883.0,35088.0,167394.0
2057,Capped,2035,79783.0,52678.0,34933.0,167394.0
2057,Capped,2036,79398.0,53072.0,34924.0,167394.0
2057,Capped,2037,79090.0,53446.0,34858.0,167394.0
2057,Capped,2038,79281.0,53470.0,34643.0,167394.0
2057,Capped,2039,80099.0,53135.0,34160.0,167394.0
2057,Capped,2040,81378.0,52259.0,33757.0,167394.0
2058,Uncapped,2009,63656.0,44420.0,32911.0,140987.0
2058,Uncapped,2010,68257.0,47328.0,34677.0,150262.0
2058,Uncapped,2011,63464.0,44611.0,31227.0,139302.0
2058,Uncapped,2012,65363.0,46465.0,32819.0,144647.0
2058,Uncapped,2013,72399.0,51982.0,36888.0,161269.0
2058,Uncapped,2014,68134.0,48549.0,34676.0,151359.0
2058,Uncapped,2015,64712.0,45343.0,33897.0,143952.0
2058,Uncapped,2016,62691.0,44362.0,33297.0,140350.0
2058,Uncapped,2017,62676.0,44153.0,32775.0,139604.0
2058,Uncapped,2018,62231.0,44054.0,33198.0,139483.0
2058,Uncapped,2019,63470.0,44565.0,32551.0,140586.0
2058,Uncapped,2020,66324.0,46236.0,34593.0,147153.0
2058,Uncapped,2021,88404.0,65387.0,41716.0,195507.0
2058,Uncapped,2022,125832.0,90560.0,58858.0,275250.0
2058,Uncapped,2023,88536.0,61709.0,43683.0,193928.0
2058,Uncapped,2024,76743.0,52518.0,38133.0,167394.0
2058,Uncapped,2025,76690.0,60994.0,29710.0,167394.0
2058,Uncapped,2026,76463.0,60201.0,30730.0,167394.0
2058,Uncapped,2027,76356.0,58488.0,32550.0,167394.0
2058,Uncapped,2028,75877.0,58512.0,33005.0,167394.0
2058,Uncapped,2029,76861.0,57784.0,32749.0,167394.0
2058,Uncapped,2030,77622.0,57470.0,32302.0,167394.0
2058,Uncapped,2031,78032.0,57568.0,31794.0,167394.0
2058,Uncapped,2032,79487.0,56629.0,31278.0,167394.0
2058,Uncapped,2033,80934.0,55480.0,30980.0,167394.0
2058,Uncapped,2034,81358.0,55656.0,30380.0,167394.0
2058,Uncapped,2035,80369.0,56582.0,30443.0,167394.0
2058,Uncapped,2036,80221.0,56876.0,30297.0,167394.0
2058,Uncapped,2037,80261.0,57402.0,29731.0,167394.0
2058,Uncapped,2038,80601.0,57487.0,29306.0,167394.0
2058,Uncapped,2039,82952.0,56028.0,28414.0,167394.0
2058,Uncapped,2040,83798.0,56107.0,27489.0,167394.0
2058,Capped,2009,63656.0,44420.0,32911.0,140987.0
2058,Capped,2010,68257.0,47328.0,34677.0,150262.0
2058,Capped,2011,63464.0,44611.0,31227.0,139302.0
2058,Capped,2012,65363.0,46465.0,32819.0,144647.0
2058,Capped,2013,72399.0,51982.0,36888.0,161269.0
2058,Capped,2014,68134.0,48549.0,34676.0,151359.0
2058,Capped,2015,64712.0,45343.0,33897.0,143952.0
2058,Capped,2016,62691.0,44362.0,33297.0,140350.0
2058,Capped,2017,62676.0,44153.0,32775.0,139604.0
2058,Capped,2018,62231.0,44054.0,33198.0,139483.0
2058,Capped,2019,63470.0,44565.0,32551.0,140586.0
2058,Capped,2020,66324.0,46236.0,34593.0,147153.0
2058,Capped,2021,88404.0,65387.0,41716.0,195507.0
2058,Capped,2022,125832.0,90560.0,58858.0,275250.0
2058,Capped,2023,88536.0,61709.0,43683.0,193928.0
2058,Capped,2024,76743.0,52518.0,38133.0,167394.0
2058,Capped,2025,77318.0,52533.0,37543.0,167394.0
2058,Capped,2026,77362.0,52578.0,37454.0,167394.0
2058,Capped,2027,77380.0,52810.0,37204.0,167394.0
2058,Capped,2028,77490.0,52794.0,37110.0,167394.0
2058,Capped,2029,77521.0,53100.0,36773.0,167394.0
2058,Capped,2030,78461.0,52383.0,36550.0,167394.0
2058,Capped,2031,79018.0,52344.0,36032.0,167394.0
2058,Capped,2032,79579.0,52230.0,35585.0,167394.0
2058,Capped,2033,80329.0,52019.0,35046.0,167394.0
2058,Capped,2034,80428.0,51918.0,35048.0,167394.0
2058,Capped,2035,79555.0,52545.0,35294.0,167394.0
2058,Capped,2036,79564.0,53066.0,34764.0,167394.0
2058,Capped,2037,79110.0,53226.0,35058.0,167394.0
2058,Capped,2038,79402.0,53487.0,34505.0,167394.0
2058,Capped,2039,80154.0,52961.0,34279.0,167394.0
2058,Capped,2040,81438.0,52444.0,33512.0,167394.0
2059,Uncapped,2009,63878.0,44356.0,32753.0,140987.0
2059,Uncapped,2010,68078.0,47229.0,34955.0,150262.0
2059,Uncapped,2011,63413.0,44494.0,31395.0,139302.0
2059,Uncapped,2012,65382.0,46298.0,32967.0,144647.0
2059,Uncapped,2013,72490.0,51998.0,36781.0,161269.0
2059,Uncapped,2014,68076.0,48327.0,34956.0,151359.0
2059,Uncapped,2015,64453.0,45380.0,34119.0,143952.0
2059,Uncapped,2016,62797.0,44256.0,33297.0,140350.0
2059,Uncapped,2017,62462.0,44328.0,32814.0,139604.0
2059,Uncapped,2018,62115.0,44046.0,33322.0,139483.0
2059,Uncapped,2019,63191.0,44590.0,32805.0,140586.0
2059,Uncapped,2020,66469.0,46286.0,34398.0,147153.0
2059,Uncapped,2021,88243.0,65336.0,41928.0,195507.0
2059,Uncapped,2022,125949.0,90668.0,58633.0,275250.0
2059,Uncapped,2023,88444.0,61530.0,43954.0,193928.0
2059,Uncapped,2024,76695.0,52697.0,38002.0,167394.0
2059,Uncapped,2025,76461.0,61089.0,29844.0,167394.0
2059,Uncapped,2026,76426.0,60422.0,30546.0,167394.0
2059,Uncapped,2027,76026.0,58458.0,32910.0,167394.0
2059,Uncapped,2028,75957.0,58322.0,33115.0,167394.0
2059,Uncapped,2029,76653.0,57844.0,32897.0,167394.0
2059,Uncapped,2030,77599.0,57687.0,32108.0,167394.0
2059,Uncapped,2031,77863.0,57330.0,32201.0,167394.0
2059,Uncapped,2032,79582.0,56640.0,31172.0,167394.0
2059,Uncapped,2033,80843.0,55526.0,31025.0,167394.0
2059,Uncapped,2034,81241.0,55773.0,30380.0,167394.0
2059,Uncapped,2035,80226.0,56663.0,30505.0,167394.0
2059,Uncapped,2036,80427.0,56783.0,30184.0,167394.0
2059,Uncapped,2037,80241.0,57333.0,29820.0,167394.0
2059,Uncapped,2038,80520.0,57535.0,29339.0,167394.0
2059,Uncapped,2039,82814.0,55961.0,28619.0,167394.0
2059,Uncapped,2040,83827.0,56221.0,27346.0,167394.0
2059,Capped,2009,63878.0,44356.0,32753.0,140987.0
2059,Capped,2010,68078.0,47229.0,34955.0,150262.0
2059,Capped,2011,63413.0,44494.0,31395.0,139302.0
2059,Capped,2012,65382.0,46298.0,32967.0,144647.0
2059,Capped,2013,72490.0,51998.0,36781.0,161269.0
2059,Capped,2014,68076.0,48327.0,34956.0,151359.0
2059,Capped,2015,64453.0,45380.0,34119.0,143952.0
2059,Capped,2016,62797.0,44256.0,33297.0,140350.0
2059,Capped,2017,62462.0,44328.0,32814.0,139604.0
2059,Capped,2018,62115.0,44046.0,33322.0,139483.0
2059,Capped,2019,63191.0,44590.0,32805.0,140586.0
2059,Capped,2020,66469.0,46286.0,34398.0,147153.0
2059,Capped,2021,88243.0,65336.0,41928.0,195507.0
2059,Capped,2022,125949.0,90668.0,58633.0,275250.0
2059,Capped,2023,88444.0,61530.0,43954.0,193928.0
2059,Capped,2024,76695.0,52697.0,38002.0,167394.0
2059,Capped,2025,77018.0,52672.0,37704.0,167394.0
2059,Capped,2026,77057.0,52617.0,37720.0,167394.0
2059,Capped,2027,77710.0,52753.0,36931.0,167394.0
2059,Capped,2028,77397.0,52760.0,37237.0,167394.0
2059,Capped,2029,77541.0,53028.0,36825.0,167394.0
2059,Capped,2030,78827.0,52190.0,36377.0,167394.0
2059,Capped,2031,78991.0,52465.0,35938.0,167394.0
2059,Capped,2032,79869.0,52206.0,35319.0,167394.0
2059,Capped,2033,80196.0,52010.0,35188.0,167394.0
2059,Capped,2034,80153.0,51960.0,35281.0,167394.0
2059,Capped,2035,79461.0,52545.0,35388.0,167394.0
2059,Capped,2036,79247.0,53236.0,34911.0,167394.0
2059,Capped,2037,79161.0,53495.0,34738.0,167394.0
2059,Capped,2038,79188.0,53417.0,34789.0,167394.0
2059,Capped,2039,80112.0,52996.0,34286.0,167394.0
2059,Capped,2040,81410.0,52371.0,33613.0,167394.0
2060,Uncapped,2009,63856.0,44291.0,32840.0,140987.0
2060,Uncapped,2010,68192.0,47400.0,34670.0,150262.0
2060,Uncapped,2011,63559.0,44441.0,31302.0,139302.0
2060,Uncapped,2012,65288.0,46361.0,32998.0,144647.0
2060,Uncapped,2013,72568.0,51946.0,36755.0,161269.0
2060,Uncapped,2014,68182.0,48348.0,34829.0,151359.0
2060,Uncapped,2015,64439.0,45321.0,34192.0,143952.0
2060,Uncapped,2016,62901.0,44278.0,33171.0,140350.0
2060,Uncapped,2017,62535.0,44169.0,32900.0,139604.0
2060,Uncapped,2018,62412.0,44098.0,32973.0,139483.0
2060,Uncapped,2019,63449.0,44509.0,32628.0,140586.0
2060,Uncapped,2020,66610.0,46409.0,34134.0,147153.0
2060,Uncapped,2021,88505.0,65129.0,41873.0,195507.0
2060,Uncapped,2022,126172.0,90586.0,58492.0,275250.0
2060,Uncapped,2023,88257.0,61695.0,43976.0,193928.0
2060,Uncapped,2024,76860.0,52689.0,37845.0,167394.0
2060,Uncapped,2025,76434.0,61036.0,29924.0,167394.0
2060,Uncapped,2026,76477.0,60236.0,30681.0,167394.0
2060,Uncapped,2027,76310.0,58606.0,32478.0,167394.0
2060,Uncapped,2028,76205.0,58568.0,32621.0,167394.0
2060,Uncapped,2029,76598.0,57788.0,33008.0,167394.0
2060,Uncapped,2030,77511.0,57733.0,32150.0,167394.0
2060,Uncapped,2031,77851.0,57553.0,31990.0,167394.0
2060,Uncapped,2032,79397.0,56631.0,31366.0,167394.0
2060,Uncapped,2033,80880.0,55421.0,31093.0,167394.0
2060,Uncapped,2034,81234.0,55611.0,30549.0,167394.0
2060,Uncapped,2035,80505.0,56768.0,30121.0,167394.0
2060,Uncapped,2036,79962.0,56899.0,30533.0,167394.0
2060,Uncapped,2037,80296.0,57287.0,29811.0,167394.0
2060,Uncapped,2038,80551.0,57375.0,29468.0,167394.0
2060,Uncapped,2039,83062.0,55921.0,28411.0,167394.0
2060,Uncapped,2040,83806.0,56185.0,27403.0,167394.0
2060,Capped,2009,63856.0,44291.0,32840.0,140987.0
2060,Capped,2010,68192.0,47400.0,34670.0,150262.0
2060,Capped,2011,63559.0,44441.0,31302.0,139302.0
2060,Capped,2012,65288.0,46361.0,32998.0,144647.0
2060,Capped,2013,72568.0,51946.0,36755.0,161269.0
2060,Capped,2014,68182.0,48348.0,34829.0,151359.0
2060,Capped,2015,64439.0,45321.0,34192.0,143952.0
2060,Capped,2016,62901.0,44278.0,33171.0,140350.0
2060,Capped,2017,62535.0,44169.0,32900.0,139604.0
2060,Capped,2018,62412.0,44098.0,32973.0,139483.0
2060,Capped,2019,63449.0,44509.0,32628.0,140586.0
2060,Capped,2020,66610.0,46409.0,34134.0,147153.0
2060,Capped,2021,88505.0,65129.0,41873.0,195507.0
2060,Capped,2022,126172.0,90586.0,58492.0,275250.0
2060,Capped,2023,88257.0,61695.0,43976.0,193928.0
2060,Capped,2024,76860.0,52689.0,37845.0,167394.0
2060,Capped,2025,76913.0,52614.0,37867.0,167394.0
2060,Capped,2026,77251.0,52822.0,37321.0,167394.0
2060,Capped,2027,77477.0,52690.0,37227.0,167394.0
2060,Capped,2028,77608.0,52725.0,37061.0,167394.0
2060,Capped,2029,77219.0,53046.0,37129.0,167394.0
2060,Capped,2030,78791.0,52394.0,36209.0,167394.0
2060,Capped,2031,78997.0,52348.0,36049.0,167394.0
2060,Capped,2032,79530.0,52118.0,35746.0,167394.0
2060,Capped,2033,79833.0,52021.0,35540.0,167394.0
2060,Capped,2034,80291.0,52053.0,35050.0,167394.0
2060,Capped,2035,79998.0,52672.0,34724.0,167394.0
2060,Capped,2036,79483.0,53091.0,34820.0,167394.0
2060,Capped,2037,79314.0,53439.0,34641.0,167394.0
2060,Capped,2038,79366.0,53500.0,34528.0,167394.0
2060,Capped,2039,79959.0,53162.0,34273.0,167394.0
2060,Capped,2040,81494.0,52371.0,33529.0,167394.0
2061,Uncapped,2009,63896.0,44324.0,32767.0,140987.0
2061,Uncapped,2010,68176.0,47418.0,34668.0,150262.0
2061,Uncapped,2011,63405.0,44390.0,31507.0,139302.0
2061,Uncapped,2012,65233.0,46298.0,33116.0,144647.0
2061,Uncapped,2013,72791.0,52108.0,36370.0,161269.0
2061,Uncapped,2014,68235.0,48401.0,34723.0,151359.0
2061,Uncapped,2015,64544.0,45366.0,34042.0,143952.0
2061,Uncapped,2016,62583.0,44457.0,33310.0,140350.0
2061,Uncapped,2017,62636.0,44048.0,32920.0,139604.0
2061,Uncapped,2018,62274.0,43925.0,33284.0,139483.0
2061,Uncapped,2019,63458.0,44484.0,32644.0,140586.0
2061,Uncapped,2020,66670.0,46220.0,34263.0,147153.0
2061,Uncapped,2021,88493.0,65300.0,41714.0,195507.0
2061,Uncapped,2022,125906.0,90706.0,58638.0,275250.0
2061,Uncapped,2023,88460.0,61733.0,43735.0,193928.0
2061,Uncapped,2024,76701.0,52428.0,38265.0,167394.0
2061,Uncapped,2025,76515.0,61133.0,29746.0,167394.0
2061,Uncapped,2026,76398.0,60308.0,30688.0,167394.0
2061,Uncapped,2027,75964.0,58532.0,32898.0,167394.0
2061,Uncapped,2028,75879.0,58431.0,33084.0,167394.0
2061,Uncapped,2029,76679.0,58009.0,32706.0,167394.0
2061,Uncapped,2030,77662.0,57609.0,32123.0,167394.0
2061,Uncapped,2031,78043.0,57374.0,31977.0,167394.0
2061,Uncapped,2032,79290.0,56648.0,31456.0,167394.0
2061,Uncapped,2033,80770.0,55549.0,31075.0,167394.0
2061,Uncapped,2034,81224.0,55623.0,30547.0,167394.0
2061,Uncapped,2035,79903.0,56790.0,30701.0,167394.0
2061,Uncapped,2036,80025.0,56986.0,30383.0,167394.0
2061,Uncapped,2037,80252.0,57283.0,29859.0,167394.0
2061,Uncapped,2038,80582.0,57506.0,29306.0,167394.0
2061,Uncapped,2039,82887.0,55992.0,28515.0,167394.0
2061,Uncapped,2040,84014.0,55898.0,27482.0,167394.0
2061,Capped,2009,63896.0,44324.0,32767.0,140987.0
2061,Capped,2010,68176.0,47418.0,34668.0,150262.0
2061,Capped,2011,63405.0,44390.0,31507.0,139302.0
2061,Capped,2012,65233.0,46298.0,33116.0,144647.0
2061,Capped,2013,72791.0,52108.0,36370.0,161269.0
2061,Capped,2014,68235.0,48401.0,34723.0,151359.0
2061,Capped,2015,64544.0,45366.0,34042.0,143952.0
2061,Capped,2016,62583.0,44457.0,33310.0,140350.0
2061,Capped,2017,62636.0,44048.0,32920.0,139604.0
2061,Capped,2018,62274.0,43925.0,33284.0,139483.0
2061,Capped,2019,63458.0,44484.0,32644.0,140586.0
2061,Capped,2020,66670.0,46220.0,34263.0,147153.0
2061,Capped,2021,88493.0,65300.0,41714.0,195507.0
2061,Capped,2022,125906.0,90706.0,58638.0,275250.0
2061,Capped,2023,88460.0,61733.0,43735.0,193928.0
2061,Capped,2024,76701.0,52428.0,38265.0,167394.0
2061,Capped,2025,76919.0,52609.0,37866.0,167394.0
2061,Capped,2026,77054.0,52663.0,37677.0,167394.0
2061,Capped,2027,77491.0,52785.0,37118.0,167394.0
2061,Capped,2028,77298.0,52830.0,37266.0,167394.0
2061,Capped,2029,77369.0,53020.0,37005.0,167394.0
2061,Capped,2030,78791.0,52316.0,36287.0,167394.0
2061,Capped,2031,78885.0,52409.0,36100.0,167394.0
2061,Capped,2032,79616.0,52160.0,35618.0,167394.0
2061,Capped,2033,79982.0,52017.0,35395.0,167394.0
2061,Capped,2034,80253.0,52095.0,35046.0,167394.0
2061,Capped,2035,79801.0,52784.0,34809.0,167394.0
2061,Capped,2036,78963.0,53077.0,35354.0,167394.0
2061,Capped,2037,78955.0,53485.0,34954.0,167394.0
2061,Capped,2038,79113.0,53369.0,34912.0,167394.0
2061,Capped,2039,80204.0,53192.0,33998.0,167394.0
2061,Capped,2040,81449.0,52410.0,33535.0,167394.0
2062,Uncapped,2009,63858.0,44339.0,32790.0,140987.0
2062,Uncapped,2010,68079.0,47344.0,34839.0,150262.0
2062,Uncapped,2011,63422.0,44492.0,31388.0,139302.0
2062,Uncapped,2012,65351.0,46389.0,32907.0,144647.0
2062,Uncapped,2013,72701.0,52065.0,36503.0,161269.0
2062,Uncapped,2014,68318.0,48426.0,34615.0,151359.0
2062,Uncapped,2015,64607.0,45325.0,34020.0,143952.0
2062,Uncapped,2016,62990.0,44421.0,32939.0,140350.0
2062,Uncapped,2017,62446.0,44233.0,32925.0,139604.0
2062,Uncapped,2018,62489.0,44110.0,32884.0,139483.0
2062,Uncapped,2019,63380.0,44604.0,32602.0,140586.0
2062,Uncapped,2020,66471.0,46324.0,34358.0,147153.0
2062,Uncapped,2021,88573.0,65097.0,41837.0,195507.0
2062,Uncapped,2022,125743.0,90590.0,58917.0,275250.0
2062,Uncapped,2023,88565.0,61760.0,43603.0,193928.0
2062,Uncapped,2024,76652.0,52737.0,38005.0,167394.0
2062,Uncapped,2025,76385.0,60901.0,30108.0,167394.0
2062,Uncapped,2026,76493.0,60357.0,30544.0,167394.0
2062,Uncapped,2027,76239.0,58591.0,32564.0,167394.0
2062,Uncapped,2028,76111.0,58383.0,32900.0,167394.0
2062,Uncapped,2029,76551.0,57832.0,33011.0,167394.0
2062,Uncapped,2030,77567.0,57561.0,32266.0,167394.0
2062,Uncapped,2031,77998.0,57506.0,31890.0,167394.0
2062,Uncapped,2032,79332.0,56776.0,31286.0,167394.0
2062,Uncapped,2033,80755.0,55328.0,31311.0,167394.0
2062,Uncapped,2034,81221.0,55666.0,30507.0,167394.0
2062,Uncapped,2035,80350.0,56773.0,30271.0,167394.0
2062,Uncapped,2036,80011.0,56966.0,30417.0,167394.0
2062,Uncapped,2037,80106.0,57339.0,29949.0,167394.0
2062,Uncapped,2038,80405.0,57648.0,29341.0,167394.0
2062,Uncapped,2039,82988.0,56074.0,28332.0,167394.0
2062,Uncapped,2040,83892.0,56154.0,27348.0,167394.0
2062,Capped,2009,63858.0,44339.0,32790.0,140987.0
2062,Capped,2010,68079.0,47344.0,34839.0,150262.0
2062,Capped,2011,63422.0,44492.0,31388.0,139302.0
2062,Capped,2012,65351.0,46389.0,32907.0,144647.0
2062,Capped,2013,72701.0,52065.0,36503.0,161269.0
2062,Capped,2014,68318.0,48426.0,34615.0,151359.0
2062,Capped,2015,64607.0,45325.0,34020.0,143952.0
2062,Capped,2016,62990.0,44421.0,32939.0,140350.0
2062,Capped,2017,62446.0,44233.0,32925.0,139604.0
2062,Capped,2018,62489.0,44110.0,32884.0,139483.0
2062,Capped,2019,63380.0,44604.0,32602.0,140586.0
2062,Capped,2020,66471.0,46324.0,34358.0,147153.0
2062,Capped,2021,88573.0,65097.0,41837.0,195507.0
2062,Capped,2022,125743.0,90590.0,58917.0,275250.0
2062,Capped,2023,88565.0,61760.0,43603.0,193928.0
2062,Capped,2024,76652.0,52737.0,38005.0,167394.0
2062,Capped,2025,77027.0,52617.0,37750.0,167394.0
2062,Capped,2026,77326.0,52787.0,37281.0,167394.0
2062,Capped,2027,77445.0,52680.0,37269.0,167394.0
2062,Capped,2028,77163.0,52939.0,37292.0,167394.0
2062,Capped,2029,77252.0,53072.0,37070.0,167394.0
2062,Capped,2030,78958.0,52155.0,36281.0,167394.0
2062,Capped,2031,79118.0,52284.0,35992.0,167394.0
2062,Capped,2032,79732.0,52135.0,35527.0,167394.0
2062,Capped,2033,80024.0,51772.0,35598.0,167394.0
2062,Capped,2034,80456.0,52049.0,34889.0,167394.0
2062,Capped,2035,79586.0,52861.0,34947.0,167394.0
2062,Capped,2036,79512.0,53234.0,34648.0,167394.0
2062,Capped,2037,79017.0,53313.0,35064.0,167394.0
2062,Capped,2038,79332.0,53411.0,34651.0,167394.0
2062,Capped,2039,80283.0,53251.0,33860.0,167394.0
2062,Capped,2040,81478.0,52318.0,33598.0,167394.0
2063,Uncapped,2009,63866.0,44402.0,32719.0,140987.0
2063,Uncapped,2010,68074.0,47339.0,34849.0,150262.0
2063,Uncapped,2011,63531.0,44595.0,31176.0,139302.0
2063,Uncapped,2012,65244.0,46453.0,32950.0,144647.0
2063,Uncapped,2013,72598.0,51908.0,36763.0,161269.0
2063,Uncapped,2014,68009.0,48278.0,35072.0,151359.0
2063,Uncapped,2015,64542.0,45469.0,33941.0,143952.0
2063,Uncapped,2016,62856.0,44322.0,33172.0,140350.0
2063,Uncapped,2017,62608.0,44267.0,32729.0,139604.0
2063,Uncapped,2018,62429.0,44174.0,32880.0,139483.0
2063,Uncapped,2019,63328.0,44549.0,32709.0,140586.0
2063,Uncapped,2020,66370.0,46270.0,34513.0,147153.0
2063,Uncapped,2021,88562.0,65209.0,41736.0,195507.0
2063,Uncapped,2022,126204.0,90843.0,58203.0,275250.0
2063,Uncapped,2023,88411.0,61728.0,43789.0,193928.0
2063,Uncapped,2024,76766.0,52536.0,38092.0,167394.0
2063,Uncapped,2025,76319.0,60970.0,30105.0,167394.0
2063,Uncapped,2026,76518.0,60420.0,30456.0,167394.0
2063,Uncapped,2027,76395.0,58592.0,32407.0,167394.0
2063,Uncapped,2028,76014.0,58588.0,32792.0,167394.0
2063,Uncapped,2029,76712.0,57872.0,32810.0,167394.0
2063,Uncapped,2030,77443.0,57510.0,32441.0,167394.0
2063,Uncapped,2031,78044.0,57569.0,31781.0,167394.0
2063,Uncapped,2032,79651.0,56513.0,31230.0,167394.0
2063,Uncapped,2033,80809.0,55465.0,31120.0,167394.0
2063,Uncapped,2034,81246.0,55640.0,30508.0,167394.0
2063,Uncapped,2035,80470.0,56832.0,30092.0,167394.0
2063,Uncapped,2036,80371.0,56779.0,30244.0,167394.0
2063,Uncapped,2037,80373.0,57386.0,29635.0,167394.0
2063,Uncapped,2038,80535.0,57655.0,29204.0,167394.0
2063,Uncapped,2039,82898.0,56008.0,28488.0,167394.0
2063,Uncapped,2040,83497.0,56125.0,27772.0,167394.0
2063,Capped,2009,63866.0,44402.0,32719.0,140987.0
2063,Capped,2010,68074.0,47339.0,34849.0,150262.0
2063,Capped,2011,63531.0,44595.0,31176.0,139302.0
2063,Capped,2012,65244.0,46453.0,32950.0,144647.0
2063,Capped,2013,72598.0,51908.0,36763.0,161269.0
2063,Capped,2014,68009.0,48278.0,35072.0,151359.0
2063,Capped,2015,64542.0,45469.0,33941.0,143952.0
2063,Capped,2016,62856.0,44322.0,33172.0,140350.0
2063,Capped,2017,62608.0,44267.0,32729.0,139604.0
2063,Capped,2018,62429.0,44174.0,32880.0,139483.0
2063,Capped,2019,63328.0,44549.0,32709.0,140586.0
2063,Capped,2020,66370.0,46270.0,34513.0,147153.0
2063,Capped,2021,88562.0,65209.0,41736.0,195507.0
2063,Capped,2022,126204.0,90843.0,58203.0,275250.0
2063,Capped,2023,88411.0,61728.0,43789.0,193928.0
2063,Capped,2024,76766.0,52536.0,38092.0,167394.0
2063,Capped,2025,77048.0,52737.0,37609.0,167394.0
2063,Capped,2026,77294.0,52689.0,37411.0,167394.0
2063,Capped,2027,77556.0,52636.0,37202.0,167394.0
2063,Capped,2028,77289.0,52989.0,37116.0,167394.0
2063,Capped,2029,77334.0,53069.0,36991.0,167394.0
2063,Capped,2030,78869.0,52184.0,36341.0,167394.0
2063,Capped,2031,79035.0,52513.0,35846.0,167394.0
2063,Capped,2032,79668.0,51937.0,35789.0,167394.0
2063,Capped,2033,80258.0,52096.0,35040.0,167394.0
2063,Capped,2034,80318.0,51900.0,35176.0,167394.0
2063,Capped,2035,79511.0,52790.0,35093.0,167394.0
2063,Capped,2036,79094.0,53042.0,35258.0,167394.0
2063,Capped,2037,79398.0,53405.0,34591.0,167394.0
2063,Capped,2038,79320.0,53386.0,34688.0,167394.0
2063,Capped,2039,80134.0,53171.0,34089.0,167394.0
2063,Capped,2040,81523.0,52372.0,33499.0,167394.0
