scenario,entry_year,nationality,eb_category,seed,fate,value,observation_end_year
Uncapped,2009,China,EB-1,2014,saved,100.0,2061
Uncapped,2009,China,EB-1,2014,aged_out,0.0,2061
Uncapped,2009,China,EB-1,2014,exited,0.0,2061
Uncapped,2009,China,EB-1,2014,still_dependent,0.0,2061
Uncapped,2009,China,EB-2,2014,saved,96.97549770290965,2061
Uncapped,2009,China,EB-2,2014,aged_out,0.0,2061
Uncapped,2009,China,EB-2,2014,exited,3.0245022970903523,2061
Uncapped,2009,China,EB-2,2014,still_dependent,0.0,2061
Uncapped,2009,China,EB-3,2014,saved,66.49412701572766,2061
Uncapped,2009,China,EB-3,2014,aged_out,9.725263786581724,2061
Uncapped,2009,China,EB-3,2014,exited,23.780609197690623,2061
Uncapped,2009,China,EB-3,2014,still_dependent,0.0,2061
Uncapped,2009,China,EB-4,2014,saved,100.0,2061
Uncapped,2009,China,EB-4,2014,aged_out,0.0,2061
Uncapped,2009,China,EB-4,2014,exited,0.0,2061
Uncapped,2009,China,EB-4,2014,still_dependent,0.0,2061
Uncapped,2009,China,EB-5,2014,saved,100.0,2061
Uncapped,2009,China,EB-5,2014,aged_out,0.0,2061
Uncapped,2009,China,EB-5,2014,exited,0.0,2061
Uncapped,2009,China,EB-5,2014,still_dependent,0.0,2061
Uncapped,2009,India,EB-1,2014,saved,100.0,2061
Uncapped,2009,India,EB-1,2014,aged_out,0.0,2061
Uncapped,2009,India,EB-1,2014,exited,0.0,2061
Uncapped,2009,India,EB-1,2014,still_dependent,0.0,2061
Uncapped,2009,India,EB-2,2014,saved,98.14073595868302,2061
Uncapped,2009,India,EB-2,2014,aged_out,0.0,2061
Uncapped,2009,India,EB-2,2014,exited,1.8592640413169788,2061
Uncapped,2009,India,EB-2,2014,still_dependent,0.0,2061
Uncapped,2009,India,EB-3,2014,saved,59.78616738285247,2061
Uncapped,2009,India,EB-3,2014,aged_out,16.13720073664825,2061
Uncapped,2009,India,EB-3,2014,exited,24.076631880499285,2061
Uncapped,2009,India,EB-3,2014,still_dependent,0.0,2061
Uncapped,2009,India,EB-4,2014,saved,100.0,2061
Uncapped,2009,India,EB-4,2014,aged_out,0.0,2061
Uncapped,2009,India,EB-4,2014,exited,0.0,2061
Uncapped,2009,India,EB-4,2014,still_dependent,0.0,2061
Uncapped,2009,India,EB-5,2014,saved,100.0,2061
Uncapped,2009,India,EB-5,2014,aged_out,0.0,2061
Uncapped,2009,India,EB-5,2014,exited,0.0,2061
Uncapped,2009,India,EB-5,2014,still_dependent,0.0,2061
Uncapped,2009,ROW,EB-1,2014,saved,100.0,2061
Uncapped,2009,ROW,EB-1,2014,aged_out,0.0,2061
Uncapped,2009,ROW,EB-1,2014,exited,0.0,2061
Uncapped,2009,ROW,EB-1,2014,still_dependent,0.0,2061
Uncapped,2009,ROW,EB-2,2014,saved,100.0,2061
Uncapped,2009,ROW,EB-2,2014,aged_out,0.0,2061
Uncapped,2009,ROW,EB-2,2014,exited,0.0,2061
Uncapped,2009,ROW,EB-2,2014,still_dependent,0.0,2061
Uncapped,2009,ROW,EB-3,2014,saved,92.08932888223782,2061
Uncapped,2009,ROW,EB-3,2014,aged_out,0.25094969494647174,2061
Uncapped,2009,ROW,EB-3,2014,exited,7.659721422815702,2061
Uncapped,2009,ROW,EB-3,2014,still_dependent,0.0,2061
Uncapped,2009,ROW,EB-4,2014,saved,99.88797610156834,2061
Uncapped,2009,ROW,EB-4,2014,aged_out,0.0,2061
Uncapped,2009,ROW,EB-4,2014,exited,0.11202389843166542,2061
Uncapped,2009,ROW,EB-4,2014,still_dependent,0.0,2061
Uncapped,2009,ROW,EB-5,2014,saved,100.0,2061
Uncapped,2009,ROW,EB-5,2014,aged_out,0.0,2061
Uncapped,2009,ROW,EB-5,2014,exited,0.0,2061
Uncapped,2009,ROW,EB-5,2014,still_dependent,0.0,2061
Uncapped,2010,China,EB-1,2014,saved,100.0,2061
Uncapped,2010,China,EB-1,2014,aged_out,0.0,2061
Uncapped,2010,China,EB-1,2014,exited,0.0,2061
Uncapped,2010,China,EB-1,2014,still_dependent,0.0,2061
Uncapped,2010,China,EB-2,2014,saved,93.49269588313413,2061
Uncapped,2010,China,EB-2,2014,aged_out,0.0,2061
Uncapped,2010,China,EB-2,2014,exited,6.50730411686587,2061
Uncapped,2010,China,EB-2,2014,still_dependent,0.0,2061
Uncapped,2010,China,EB-3,2014,saved,41.666666666666664,2061
Uncapped,2010,China,EB-3,2014,aged_out,22.916666666666668,2061
Uncapped,2010,China,EB-3,2014,exited,35.416666666666664,2061
Uncapped,2010,China,EB-3,2014,still_dependent,0.0,2061
Uncapped,2010,China,EB-5,2014,saved,100.0,2061
Uncapped,2010,China,EB-5,2014,aged_out,0.0,2061
Uncapped,2010,China,EB-5,2014,exited,0.0,2061
Uncapped,2010,China,EB-5,2014,still_dependent,0.0,2061
Uncapped,2010,India,EB-1,2014,saved,100.0,2061
Uncapped,2010,India,EB-1,2014,aged_out,0.0,2061
Uncapped,2010,India,EB-1,2014,exited,0.0,2061
Uncapped,2010,India,EB-1,2014,still_dependent,0.0,2061
Uncapped,2010,India,EB-2,2014,saved,94.59193706981317,2061
Uncapped,2010,India,EB-2,2014,aged_out,0.1685630004214075,2061
Uncapped,2010,India,EB-2,2014,exited,5.239499929765416,2061
Uncapped,2010,India,EB-2,2014,still_dependent,0.0,2061
Uncapped,2010,India,EB-3,2014,saved,50.425950196592396,2061
Uncapped,2010,India,EB-3,2014,aged_out,23.427260812581913,2061
Uncapped,2010,India,EB-3,2014,exited,26.146788990825687,2061
Uncapped,2010,India,EB-3,2014,still_dependent,0.0,2061
Uncapped,2010,India,EB-4,2014,saved,100.0,2061
Uncapped,2010,India,EB-4,2014,aged_out,0.0,2061
Uncapped,2010,India,EB-4,2014,exited,0.0,2061
Uncapped,2010,India,EB-4,2014,still_dependent,0.0,2061
Uncapped,2010,India,EB-5,2014,saved,100.0,2061
Uncapped,2010,India,EB-5,2014,aged_out,0.0,2061
Uncapped,2010,India,EB-5,2014,exited,0.0,2061
Uncapped,2010,India,EB-5,2014,still_dependent,0.0,2061
Uncapped,2010,ROW,EB-1,2014,saved,100.0,2061
Uncapped,2010,ROW,EB-1,2014,aged_out,0.0,2061
Uncapped,2010,ROW,EB-1,2014,exited,0.0,2061
Uncapped,2010,ROW,EB-1,2014,still_dependent,0.0,2061
Uncapped,2010,ROW,EB-2,2014,saved,99.97833622183708,2061
Uncapped,2010,ROW,EB-2,2014,aged_out,0.0,2061
Uncapped,2010,ROW,EB-2,2014,exited,0.021663778162911613,2061
Uncapped,2010,ROW,EB-2,2014,still_dependent,0.0,2061
Uncapped,2010,ROW,EB-3,2014,saved,86.14097968936679,2061
Uncapped,2010,ROW,EB-3,2014,aged_out,1.0240655401945724,2061
Uncapped,2010,ROW,EB-3,2014,exited,12.83495477043864,2061
Uncapped,2010,ROW,EB-3,2014,still_dependent,0.0,2061
Uncapped,2010,ROW,EB-4,2014,saved,98.74342489772063,2061
Uncapped,2010,ROW,EB-4,2014,aged_out,0.0,2061
Uncapped,2010,ROW,EB-4,2014,exited,1.2565751022793687,2061
Uncapped,2010,ROW,EB-4,2014,still_dependent,0.0,2061
Uncapped,2010,ROW,EB-5,2014,saved,100.0,2061
Uncapped,2010,ROW,EB-5,2014,aged_out,0.0,2061
Uncapped,2010,ROW,EB-5,2014,exited,0.0,2061
Uncapped,2010,ROW,EB-5,2014,still_dependent,0.0,2061
Uncapped,2011,China,EB-1,2014,saved,100.0,2061
Uncapped,2011,China,EB-1,2014,aged_out,0.0,2061
Uncapped,2011,China,EB-1,2014,exited,0.0,2061
Uncapped,2011,China,EB-1,2014,still_dependent,0.0,2061
Uncapped,2011,China,EB-2,2014,saved,87.1559633027523,2061
Uncapped,2011,China,EB-2,2014,aged_out,0.6553079947575361,2061
Uncapped,2011,China,EB-2,2014,exited,12.18872870249017,2061
Uncapped,2011,China,EB-2,2014,still_dependent,0.0,2061
Uncapped,2011,China,EB-3,2014,saved,49.12280701754386,2061
Uncapped,2011,China,EB-3,2014,aged_out,15.789473684210526,2061
Uncapped,2011,China,EB-3,2014,exited,35.08771929824562,2061
Uncapped,2011,China,EB-3,2014,still_dependent,0.0,2061
Uncapped,2011,China,EB-4,2014,saved,100.0,2061
Uncapped,2011,China,EB-4,2014,aged_out,0.0,2061
Uncapped,2011,China,EB-4,2014,exited,0.0,2061
Uncapped,2011,China,EB-4,2014,still_dependent,0.0,2061
Uncapped,2011,China,EB-5,2014,saved,100.0,2061
Uncapped,2011,China,EB-5,2014,aged_out,0.0,2061
Uncapped,2011,China,EB-5,2014,exited,0.0,2061
Uncapped,2011,China,EB-5,2014,still_dependent,0.0,2061
Uncapped,2011,India,EB-1,2014,saved,100.0,2061
Uncapped,2011,India,EB-1,2014,aged_out,0.0,2061
Uncapped,2011,India,EB-1,2014,exited,0.0,2061
Uncapped,2011,India,EB-1,2014,still_dependent,0.0,2061
Uncapped,2011,India,EB-2,2014,saved,80.86832061068702,2061
Uncapped,2011,India,EB-2,2014,aged_out,4.971374045801527,2061
Uncapped,2011,India,EB-2,2014,exited,14.16030534351145,2061
Uncapped,2011,India,EB-2,2014,still_dependent,0.0,2061
Uncapped,2011,India,EB-3,2014,saved,54.65416936005171,2061
Uncapped,2011,India,EB-3,2014,aged_out,18.32579185520362,2061
Uncapped,2011,India,EB-3,2014,exited,27.020038784744667,2061
Uncapped,2011,India,EB-3,2014,still_dependent,0.0,2061
Uncapped,2011,India,EB-4,2014,saved,99.4949494949495,2061
Uncapped,2011,India,EB-4,2014,aged_out,0.0,2061
Uncapped,2011,India,EB-4,2014,exited,0.5050505050505051,2061
Uncapped,2011,India,EB-4,2014,still_dependent,0.0,2061
Uncapped,2011,India,EB-5,2014,saved,100.0,2061
Uncapped,2011,India,EB-5,2014,aged_out,0.0,2061
Uncapped,2011,India,EB-5,2014,exited,0.0,2061
Uncapped,2011,India,EB-5,2014,still_dependent,0.0,2061
Uncapped,2011,ROW,EB-1,2014,saved,100.0,2061
Uncapped,2011,ROW,EB-1,2014,aged_out,0.0,2061
Uncapped,2011,ROW,EB-1,2014,exited,0.0,2061
Uncapped,2011,ROW,EB-1,2014,still_dependent,0.0,2061
Uncapped,2011,ROW,EB-2,2014,saved,99.65224506494835,2061
Uncapped,2011,ROW,EB-2,2014,aged_out,0.0,2061
Uncapped,2011,ROW,EB-2,2014,exited,0.34775493505165184,2061
Uncapped,2011,ROW,EB-2,2014,still_dependent,0.0,2061
Uncapped,2011,ROW,EB-3,2014,saved,86.75057208237986,2061
Uncapped,2011,ROW,EB-3,2014,aged_out,0.5491990846681922,2061
Uncapped,2011,ROW,EB-3,2014,exited,12.700228832951945,2061
Uncapped,2011,ROW,EB-3,2014,still_dependent,0.0,2061
Uncapped,2011,ROW,EB-4,2014,saved,94.97784342688331,2061
Uncapped,2011,ROW,EB-4,2014,aged_out,0.049236829148202856,2061
Uncapped,2011,ROW,EB-4,2014,exited,4.972919743968489,2061
Uncapped,2011,ROW,EB-4,2014,still_dependent,0.0,2061
Uncapped,2011,ROW,EB-5,2014,saved,100.0,2061
Uncapped,2011,ROW,EB-5,2014,aged_out,0.0,2061
Uncapped,2011,ROW,EB-5,2014,exited,0.0,2061
Uncapped,2011,ROW,EB-5,2014,still_dependent,0.0,2061
Uncapped,2012,China,EB-1,2014,saved,100.0,2061
Uncapped,2012,China,EB-1,2014,aged_out,0.0,2061
Uncapped,2012,China,EB-1,2014,exited,0.0,2061
Uncapped,2012,China,EB-1,2014,still_dependent,0.0,2061
Uncapped,2012,China,EB-2,2014,saved,85.54533508541392,2061
Uncapped,2012,China,EB-2,2014,aged_out,0.657030223390276,2061
Uncapped,2012,China,EB-2,2014,exited,13.797634691195794,2061
Uncapped,2012,China,EB-2,2014,still_dependent,0.0,2061
Uncapped,2012,China,EB-3,2014,saved,51.42857142857143,2061
Uncapped,2012,China,EB-3,2014,aged_out,14.285714285714286,2061
Uncapped,2012,China,EB-3,2014,exited,34.285714285714285,2061
Uncapped,2012,China,EB-3,2014,still_dependent,0.0,2061
Uncapped,2012,China,EB-4,2014,saved,85.71428571428571,2061
Uncapped,2012,China,EB-4,2014,aged_out,0.0,2061
Uncapped,2012,China,EB-4,2014,exited,14.285714285714286,2061
Uncapped,2012,China,EB-4,2014,still_dependent,0.0,2061
Uncapped,2012,China,EB-5,2014,saved,100.0,2061
Uncapped,2012,China,EB-5,2014,aged_out,0.0,2061
Uncapped,2012,China,EB-5,2014,exited,0.0,2061
Uncapped,2012,China,EB-5,2014,still_dependent,0.0,2061
Uncapped,2012,India,EB-1,2014,saved,100.0,2061
Uncapped,2012,India,EB-1,2014,aged_out,0.0,2061
Uncapped,2012,India,EB-1,2014,exited,0.0,2061
Uncapped,2012,India,EB-1,2014,still_dependent,0.0,2061
Uncapped,2012,India,EB-2,2014,saved,78.34413109756098,2061
Uncapped,2012,India,EB-2,2014,aged_out,6.431021341463414,2061
Uncapped,2012,India,EB-2,2014,exited,15.22484756097561,2061
Uncapped,2012,India,EB-2,2014,still_dependent,0.0,2061
Uncapped,2012,India,EB-3,2014,saved,61.60427807486631,2061
Uncapped,2012,India,EB-3,2014,aged_out,13.04812834224599,2061
Uncapped,2012,India,EB-3,2014,exited,25.3475935828877,2061
Uncapped,2012,India,EB-3,2014,still_dependent,0.0,2061
Uncapped,2012,India,EB-4,2014,saved,94.1919191919192,2061
Uncapped,2012,India,EB-4,2014,aged_out,0.7575757575757576,2061
Uncapped,2012,India,EB-4,2014,exited,5.05050505050505,2061
Uncapped,2012,India,EB-4,2014,still_dependent,0.0,2061
Uncapped,2012,India,EB-5,2014,saved,100.0,2061
Uncapped,2012,India,EB-5,2014,aged_out,0.0,2061
Uncapped,2012,India,EB-5,2014,exited,0.0,2061
Uncapped,2012,India,EB-5,2014,still_dependent,0.0,2061
Uncapped,2012,ROW,EB-1,2014,saved,100.0,2061
Uncapped,2012,ROW,EB-1,2014,aged_out,0.0,2061
Uncapped,2012,ROW,EB-1,2014,exited,0.0,2061
Uncapped,2012,ROW,EB-1,2014,still_dependent,0.0,2061
Uncapped,2012,ROW,EB-2,2014,saved,99.39448306795245,2061
Uncapped,2012,ROW,EB-2,2014,aged_out,0.0,2061
Uncapped,2012,ROW,EB-2,2014,exited,0.6055169320475443,2061
Uncapped,2012,ROW,EB-2,2014,still_dependent,0.0,2061
Uncapped,2012,ROW,EB-3,2014,saved,90.13578274760384,2061
Uncapped,2012,ROW,EB-3,2014,aged_out,0.039936102236421724,2061
Uncapped,2012,ROW,EB-3,2014,exited,9.824281150159745,2061
Uncapped,2012,ROW,EB-3,2014,still_dependent,0.0,2061
Uncapped,2012,ROW,EB-4,2014,saved,88.66494401378122,2061
Uncapped,2012,ROW,EB-4,2014,aged_out,0.5340223944875108,2061
Uncapped,2012,ROW,EB-4,2014,exited,10.801033591731267,2061
Uncapped,2012,ROW,EB-4,2014,still_dependent,0.0,2061
Uncapped,2012,ROW,EB-5,2014,saved,100.0,2061
Uncapped,2012,ROW,EB-5,2014,aged_out,0.0,2061
Uncapped,2012,ROW,EB-5,2014,exited,0.0,2061
Uncapped,2012,ROW,EB-5,2014,still_dependent,0.0,2061
Uncapped,2013,China,EB-1,2014,saved,100.0,2061
Uncapped,2013,China,EB-1,2014,aged_out,0.0,2061
Uncapped,2013,China,EB-1,2014,exited,0.0,2061
Uncapped,2013,China,EB-1,2014,still_dependent,0.0,2061
Uncapped,2013,China,EB-2,2014,saved,86.38360175695462,2061
Uncapped,2013,China,EB-2,2014,aged_out,1.4641288433382138,2061
Uncapped,2013,China,EB-2,2014,exited,12.152269399707174,2061
Uncapped,2013,China,EB-2,2014,still_dependent,0.0,2061
Uncapped,2013,China,EB-3,2014,saved,49.12280701754386,2061
Uncapped,2013,China,EB-3,2014,aged_out,13.157894736842104,2061
Uncapped,2013,China,EB-3,2014,exited,37.719298245614034,2061
Uncapped,2013,China,EB-3,2014,still_dependent,0.0,2061
Uncapped,2013,China,EB-4,2014,saved,90.625,2061
Uncapped,2013,China,EB-4,2014,aged_out,0.0,2061
Uncapped,2013,China,EB-4,2014,exited,9.375,2061
Uncapped,2013,China,EB-4,2014,still_dependent,0.0,2061
Uncapped,2013,China,EB-5,2014,saved,100.0,2061
Uncapped,2013,China,EB-5,2014,aged_out,0.0,2061
Uncapped,2013,China,EB-5,2014,exited,0.0,2061
Uncapped,2013,China,EB-5,2014,still_dependent,0.0,2061
Uncapped,2013,India,EB-1,2014,saved,100.0,2061
Uncapped,2013,India,EB-1,2014,aged_out,0.0,2061
Uncapped,2013,India,EB-1,2014,exited,0.0,2061
Uncapped,2013,India,EB-1,2014,still_dependent,0.0,2061
Uncapped,2013,India,EB-2,2014,saved,75.88842565018861,2061
Uncapped,2013,India,EB-2,2014,aged_out,8.457415128052412,2061
Uncapped,2013,India,EB-2,2014,exited,15.654159221758983,2061
Uncapped,2013,India,EB-2,2014,still_dependent,0.0,2061
Uncapped,2013,India,EB-3,2014,saved,60.42314872433105,2061
Uncapped,2013,India,EB-3,2014,aged_out,13.4411947728687,2061
Uncapped,2013,India,EB-3,2014,exited,26.13565650280025,2061
Uncapped,2013,India,EB-3,2014,still_dependent,0.0,2061
Uncapped,2013,India,EB-4,2014,saved,86.78977272727273,2061
Uncapped,2013,India,EB-4,2014,aged_out,1.7045454545454546,2061
Uncapped,2013,India,EB-4,2014,exited,11.505681818181818,2061
Uncapped,2013,India,EB-4,2014,still_dependent,0.0,2061
Uncapped,2013,India,EB-5,2014,saved,100.0,2061
Uncapped,2013,India,EB-5,2014,aged_out,0.0,2061
Uncapped,2013,India,EB-5,2014,exited,0.0,2061
Uncapped,2013,India,EB-5,2014,still_dependent,0.0,2061
Uncapped,2013,ROW,EB-1,2014,saved,100.0,2061
Uncapped,2013,ROW,EB-1,2014,aged_out,0.0,2061
Uncapped,2013,ROW,EB-1,2014,exited,0.0,2061
Uncapped,2013,ROW,EB-1,2014,still_dependent,0.0,2061
Uncapped,2013,ROW,EB-2,2014,saved,100.0,2061
Uncapped,2013,ROW,EB-2,2014,aged_out,0.0,2061
Uncapped,2013,ROW,EB-2,2014,exited,0.0,2061
Uncapped,2013,ROW,EB-2,2014,still_dependent,0.0,2061
Uncapped,2013,ROW,EB-3,2014,saved,93.17984361424848,2061
Uncapped,2013,ROW,EB-3,2014,aged_out,0.0,2061
Uncapped,2013,ROW,EB-3,2014,exited,6.82015638575152,2061
Uncapped,2013,ROW,EB-3,2014,still_dependent,0.0,2061
Uncapped,2013,ROW,EB-4,2014,saved,77.28792122142922,2061
Uncapped,2013,ROW,EB-4,2014,aged_out,3.0806757611347004,2061
Uncapped,2013,ROW,EB-4,2014,exited,19.63140301743608,2061
Uncapped,2013,ROW,EB-4,2014,still_dependent,0.0,2061
Uncapped,2013,ROW,EB-5,2014,saved,100.0,2061
Uncapped,2013,ROW,EB-5,2014,aged_out,0.0,2061
Uncapped,2013,ROW,EB-5,2014,exited,0.0,2061
Uncapped,2013,ROW,EB-5,2014,still_dependent,0.0,2061
Uncapped,2014,China,EB-1,2014,saved,100.0,2061
Uncapped,2014,China,EB-1,2014,aged_out,0.0,2061
Uncapped,2014,China,EB-1,2014,exited,0.0,2061
Uncapped,2014,China,EB-1,2014,still_dependent,0.0,2061
Uncapped,2014,China,EB-2,2014,saved,82.81829419035847,2061
Uncapped,2014,China,EB-2,2014,aged_out,2.8430160692212607,2061
Uncapped,2014,China,EB-2,2014,exited,14.338689740420271,2061
Uncapped,2014,China,EB-2,2014,still_dependent,0.0,2061
Uncapped,2014,China,EB-3,2014,saved,52.53731343283582,2061
Uncapped,2014,China,EB-3,2014,aged_out,14.402985074626866,2061
Uncapped,2014,China,EB-3,2014,exited,33.059701492537314,2061
Uncapped,2014,China,EB-3,2014,still_dependent,0.0,2061
Uncapped,2014,China,EB-4,2014,saved,96.7741935483871,2061
Uncapped,2014,China,EB-4,2014,aged_out,0.0,2061
Uncapped,2014,China,EB-4,2014,exited,3.225806451612903,2061
Uncapped,2014,China,EB-4,2014,still_dependent,0.0,2061
Uncapped,2014,China,EB-5,2014,saved,99.90978800180424,2061
Uncapped,2014,China,EB-5,2014,aged_out,0.0,2061
Uncapped,2014,China,EB-5,2014,exited,0.09021199819576003,2061
Uncapped,2014,China,EB-5,2014,still_dependent,0.0,2061
Uncapped,2014,India,EB-1,2014,saved,100.0,2061
Uncapped,2014,India,EB-1,2014,aged_out,0.0,2061
Uncapped,2014,India,EB-1,2014,exited,0.0,2061
Uncapped,2014,India,EB-1,2014,still_dependent,0.0,2061
Uncapped,2014,India,EB-2,2014,saved,73.66918555835433,2061
Uncapped,2014,India,EB-2,2014,aged_out,10.041981528127623,2061
Uncapped,2014,India,EB-2,2014,exited,16.288832913518053,2061
Uncapped,2014,India,EB-2,2014,still_dependent,0.0,2061
Uncapped,2014,India,EB-3,2014,saved,65.19634211941904,2061
Uncapped,2014,India,EB-3,2014,aged_out,10.48951048951049,2061
Uncapped,2014,India,EB-3,2014,exited,24.314147391070467,2061
Uncapped,2014,India,EB-3,2014,still_dependent,0.0,2061
Uncapped,2014,India,EB-4,2014,saved,80.49713193116635,2061
Uncapped,2014,India,EB-4,2014,aged_out,5.162523900573614,2061
Uncapped,2014,India,EB-4,2014,exited,14.340344168260039,2061
Uncapped,2014,India,EB-4,2014,still_dependent,0.0,2061
Uncapped,2014,India,EB-5,2014,saved,100.0,2061
Uncapped,2014,India,EB-5,2014,aged_out,0.0,2061
Uncapped,2014,India,EB-5,2014,exited,0.0,2061
Uncapped,2014,India,EB-5,2014,still_dependent,0.0,2061
Uncapped,2014,ROW,EB-1,2014,saved,100.0,2061
Uncapped,2014,ROW,EB-1,2014,aged_out,0.0,2061
Uncapped,2014,ROW,EB-1,2014,exited,0.0,2061
Uncapped,2014,ROW,EB-1,2014,still_dependent,0.0,2061
Uncapped,2014,ROW,EB-2,2014,saved,99.92351398601399,2061
Uncapped,2014,ROW,EB-2,2014,aged_out,0.0,2061
Uncapped,2014,ROW,EB-2,2014,exited,0.07648601398601398,2061
Uncapped,2014,ROW,EB-2,2014,still_dependent,0.0,2061
Uncapped,2014,ROW,EB-3,2014,saved,96.40630729739641,2061
Uncapped,2014,ROW,EB-3,2014,aged_out,0.0,2061
Uncapped,2014,ROW,EB-3,2014,exited,3.593692702603594,2061
Uncapped,2014,ROW,EB-3,2014,still_dependent,0.0,2061
Uncapped,2014,ROW,EB-4,2014,saved,65.19224590339509,2061
Uncapped,2014,ROW,EB-4,2014,aged_out,6.661668630181,2061
Uncapped,2014,ROW,EB-4,2014,exited,28.146085466423905,2061
Uncapped,2014,ROW,EB-4,2014,still_dependent,0.0,2061
Uncapped,2014,ROW,EB-5,2014,saved,100.0,2061
Uncapped,2014,ROW,EB-5,2014,aged_out,0.0,2061
Uncapped,2014,ROW,EB-5,2014,exited,0.0,2061
Uncapped,2014,ROW,EB-5,2014,still_dependent,0.0,2061
Uncapped,2015,China,EB-1,2014,saved,99.69183359013867,2061
Uncapped,2015,China,EB-1,2014,aged_out,0.0,2061
Uncapped,2015,China,EB-1,2014,exited,0.3081664098613251,2061
Uncapped,2015,China,EB-1,2014,still_dependent,0.0,2061
Uncapped,2015,China,EB-2,2014,saved,83.03495311167946,2061
Uncapped,2015,China,EB-2,2014,aged_out,2.813299232736573,2061
Uncapped,2015,China,EB-2,2014,exited,14.151747655583973,2061
Uncapped,2015,China,EB-2,2014,still_dependent,0.0,2061
Uncapped,2015,China,EB-3,2014,saved,50.22222222222222,2061
Uncapped,2015,China,EB-3,2014,aged_out,16.0,2061
Uncapped,2015,China,EB-3,2014,exited,33.77777777777778,2061
Uncapped,2015,China,EB-3,2014,still_dependent,0.0,2061
Uncapped,2015,China,EB-4,2014,saved,100.0,2061
Uncapped,2015,China,EB-4,2014,aged_out,0.0,2061
Uncapped,2015,China,EB-4,2014,exited,0.0,2061
Uncapped,2015,China,EB-4,2014,still_dependent,0.0,2061
Uncapped,2015,China,EB-5,2014,saved,98.45316528215412,2061
Uncapped,2015,China,EB-5,2014,aged_out,0.0,2061
Uncapped,2015,China,EB-5,2014,exited,1.5468347178458894,2061
Uncapped,2015,China,EB-5,2014,still_dependent,0.0,2061
Uncapped,2015,India,EB-1,2014,saved,99.52874646559849,2061
Uncapped,2015,India,EB-1,2014,aged_out,0.0,2061
Uncapped,2015,India,EB-1,2014,exited,0.471253534401508,2061
Uncapped,2015,India,EB-1,2014,still_dependent,0.0,2061
Uncapped,2015,India,EB-2,2014,saved,73.6909495249006,2061
Uncapped,2015,India,EB-2,2014,aged_out,10.095019880045825,2061
Uncapped,2015,India,EB-2,2014,exited,16.214030595053575,2061
Uncapped,2015,India,EB-2,2014,still_dependent,0.0,2061
Uncapped,2015,India,EB-3,2014,saved,66.9645926435201,2061
Uncapped,2015,India,EB-3,2014,aged_out,9.315916122378825,2061
Uncapped,2015,India,EB-3,2014,exited,23.719491234101067,2061
Uncapped,2015,India,EB-3,2014,still_dependent,0.0,2061
Uncapped,2015,India,EB-4,2014,saved,70.70240295748614,2061
Uncapped,2015,India,EB-4,2014,aged_out,8.040665434380776,2061
Uncapped,2015,India,EB-4,2014,exited,21.256931608133087,2061
Uncapped,2015,India,EB-4,2014,still_dependent,0.0,2061
Uncapped,2015,India,EB-5,2014,saved,100.0,2061
Uncapped,2015,India,EB-5,2014,aged_out,0.0,2061
Uncapped,2015,India,EB-5,2014,exited,0.0,2061
Uncapped,2015,India,EB-5,2014,still_dependent,0.0,2061
Uncapped,2015,ROW,EB-1,2014,saved,100.0,2061
Uncapped,2015,ROW,EB-1,2014,aged_out,0.0,2061
Uncapped,2015,ROW,EB-1,2014,exited,0.0,2061
Uncapped,2015,ROW,EB-1,2014,still_dependent,0.0,2061
Uncapped,2015,ROW,EB-2,2014,saved,99.57247961821436,2061
Uncapped,2015,ROW,EB-2,2014,aged_out,0.0,2061
Uncapped,2015,ROW,EB-2,2014,exited,0.4275203817856433,2061
Uncapped,2015,ROW,EB-2,2014,still_dependent,0.0,2061
Uncapped,2015,ROW,EB-3,2014,saved,96.5391621129326,2061
Uncapped,2015,ROW,EB-3,2014,aged_out,0.0,2061
Uncapped,2015,ROW,EB-3,2014,exited,3.4608378870673953,2061
Uncapped,2015,ROW,EB-3,2014,still_dependent,0.0,2061
Uncapped,2015,ROW,EB-4,2014,saved,58.31257783312578,2061
Uncapped,2015,ROW,EB-4,2014,aged_out,9.76027397260274,2061
Uncapped,2015,ROW,EB-4,2014,exited,31.92714819427148,2061
Uncapped,2015,ROW,EB-4,2014,still_dependent,0.0,2061
Uncapped,2015,ROW,EB-5,2014,saved,100.0,2061
Uncapped,2015,ROW,EB-5,2014,aged_out,0.0,2061
Uncapped,2015,ROW,EB-5,2014,exited,0.0,2061
Uncapped,2015,ROW,EB-5,2014,still_dependent,0.0,2061
Uncapped,2016,China,EB-1,2014,saved,98.63636363636364,2061
Uncapped,2016,China,EB-1,2014,aged_out,0.0,2061
Uncapped,2016,China,EB-1,2014,exited,1.3636363636363635,2061
Uncapped,2016,China,EB-1,2014,still_dependent,0.0,2061
Uncapped,2016,China,EB-2,2014,saved,80.03901170351105,2061
Uncapped,2016,China,EB-2,2014,aged_out,4.876462938881665,2061
Uncapped,2016,China,EB-2,2014,exited,15.084525357607282,2061
Uncapped,2016,China,EB-2,2014,still_dependent,0.0,2061
Uncapped,2016,China,EB-3,2014,saved,52.394106813996316,2061
Uncapped,2016,China,EB-3,2014,aged_out,11.32596685082873,2061
Uncapped,2016,China,EB-3,2014,exited,36.279926335174956,2061
Uncapped,2016,China,EB-3,2014,still_dependent,0.0,2061
Uncapped,2016,China,EB-4,2014,saved,100.0,2061
Uncapped,2016,China,EB-4,2014,aged_out,0.0,2061
Uncapped,2016,China,EB-4,2014,exited,0.0,2061
Uncapped,2016,China,EB-4,2014,still_dependent,0.0,2061
Uncapped,2016,China,EB-5,2014,saved,94.91234101065659,2061
Uncapped,2016,China,EB-5,2014,aged_out,0.0,2061
Uncapped,2016,China,EB-5,2014,exited,5.087658989343417,2061
Uncapped,2016,China,EB-5,2014,still_dependent,0.0,2061
Uncapped,2016,India,EB-1,2014,saved,99.02676399026764,2061
Uncapped,2016,India,EB-1,2014,aged_out,0.0,2061
Uncapped,2016,India,EB-1,2014,exited,0.9732360097323601,2061
Uncapped,2016,India,EB-1,2014,still_dependent,0.0,2061
Uncapped,2016,India,EB-2,2014,saved,70.73664328116568,2061
Uncapped,2016,India,EB-2,2014,aged_out,12.110991185465013,2061
Uncapped,2016,India,EB-2,2014,exited,17.152365533369313,2061
Uncapped,2016,India,EB-2,2014,still_dependent,0.0,2061
Uncapped,2016,India,EB-3,2014,saved,70.51091795632817,2061
Uncapped,2016,India,EB-3,2014,aged_out,6.529573881704473,2061
Uncapped,2016,India,EB-3,2014,exited,22.959508161967353,2061
Uncapped,2016,India,EB-3,2014,still_dependent,0.0,2061
Uncapped,2016,India,EB-4,2014,saved,68.86657101865136,2061
Uncapped,2016,India,EB-4,2014,aged_out,9.182209469153515,2061
Uncapped,2016,India,EB-4,2014,exited,21.951219512195124,2061
Uncapped,2016,India,EB-4,2014,still_dependent,0.0,2061
Uncapped,2016,India,EB-5,2014,saved,100.0,2061
Uncapped,2016,India,EB-5,2014,aged_out,0.0,2061
Uncapped,2016,India,EB-5,2014,exited,0.0,2061
Uncapped,2016,India,EB-5,2014,still_dependent,0.0,2061
Uncapped,2016,ROW,EB-1,2014,saved,99.83301526717557,2061
Uncapped,2016,ROW,EB-1,2014,aged_out,0.0,2061
Uncapped,2016,ROW,EB-1,2014,exited,0.16698473282442747,2061
Uncapped,2016,ROW,EB-1,2014,still_dependent,0.0,2061
Uncapped,2016,ROW,EB-2,2014,saved,99.17015791169835,2061
Uncapped,2016,ROW,EB-2,2014,aged_out,0.0,2061
Uncapped,2016,ROW,EB-2,2014,exited,0.8298420883016435,2061
Uncapped,2016,ROW,EB-2,2014,still_dependent,0.0,2061
Uncapped,2016,ROW,EB-3,2014,saved,97.5677637947725,2061
Uncapped,2016,ROW,EB-3,2014,aged_out,0.0,2061
Uncapped,2016,ROW,EB-3,2014,exited,2.432236205227493,2061
Uncapped,2016,ROW,EB-3,2014,still_dependent,0.0,2061
Uncapped,2016,ROW,EB-4,2014,saved,50.53710537105371,2061
Uncapped,2016,ROW,EB-4,2014,aged_out,14.030340303403033,2061
Uncapped,2016,ROW,EB-4,2014,exited,35.43255432554326,2061
Uncapped,2016,ROW,EB-4,2014,still_dependent,0.0,2061
Uncapped,2016,ROW,EB-5,2014,saved,100.0,2061
Uncapped,2016,ROW,EB-5,2014,aged_out,0.0,2061
Uncapped,2016,ROW,EB-5,2014,exited,0.0,2061
Uncapped,2016,ROW,EB-5,2014,still_dependent,0.0,2061
Uncapped,2017,China,EB-1,2014,saved,97.5765306122449,2061
Uncapped,2017,China,EB-1,2014,aged_out,0.0,2061
Uncapped,2017,China,EB-1,2014,exited,2.423469387755102,2061
Uncapped,2017,China,EB-1,2014,still_dependent,0.0,2061
Uncapped,2017,China,EB-2,2014,saved,53.07807807807808,2061
Uncapped,2017,China,EB-2,2014,aged_out,22.5975975975976,2061
Uncapped,2017,China,EB-2,2014,exited,24.324324324324323,2061
Uncapped,2017,China,EB-2,2014,still_dependent,0.0,2061
Uncapped,2017,China,EB-3,2014,saved,54.64632454923717,2061
Uncapped,2017,China,EB-3,2014,aged_out,14.077669902912621,2061
Uncapped,2017,China,EB-3,2014,exited,31.276005547850207,2061
Uncapped,2017,China,EB-3,2014,still_dependent,0.0,2061
Uncapped,2017,China,EB-4,2014,saved,100.0,2061
Uncapped,2017,China,EB-4,2014,aged_out,0.0,2061
Uncapped,2017,China,EB-4,2014,exited,0.0,2061
Uncapped,2017,China,EB-4,2014,still_dependent,0.0,2061
Uncapped,2017,China,EB-5,2014,saved,93.33495499878376,2061
Uncapped,2017,China,EB-5,2014,aged_out,1.0459742155193383,2061
Uncapped,2017,China,EB-5,2014,exited,5.619070785696911,2061
Uncapped,2017,China,EB-5,2014,still_dependent,0.0,2061
Uncapped,2017,India,EB-1,2014,saved,98.41906034290804,2061
Uncapped,2017,India,EB-1,2014,aged_out,0.0,2061
Uncapped,2017,India,EB-1,2014,exited,1.5809396570919616,2061
Uncapped,2017,India,EB-1,2014,still_dependent,0.0,2061
Uncapped,2017,India,EB-2,2014,saved,66.84273212158874,2061
Uncapped,2017,India,EB-2,2014,aged_out,14.89306612811351,2061
Uncapped,2017,India,EB-2,2014,exited,18.264201750297758,2061
Uncapped,2017,India,EB-2,2014,still_dependent,0.0,2061
Uncapped,2017,India,EB-3,2014,saved,71.3995427990856,2061
Uncapped,2017,India,EB-3,2014,aged_out,6.781813563627127,2061
Uncapped,2017,India,EB-3,2014,exited,21.818643637287273,2061
Uncapped,2017,India,EB-3,2014,still_dependent,0.0,2061
Uncapped,2017,India,EB-4,2014,saved,48.275862068965516,2061
Uncapped,2017,India,EB-4,2014,aged_out,14.198782961460447,2061
Uncapped,2017,India,EB-4,2014,exited,37.52535496957404,2061
Uncapped,2017,India,EB-4,2014,still_dependent,0.0,2061
Uncapped,2017,India,EB-5,2014,saved,98.5663082437276,2061
Uncapped,2017,India,EB-5,2014,aged_out,0.0,2061
Uncapped,2017,India,EB-5,2014,exited,1.4336917562724014,2061
Uncapped,2017,India,EB-5,2014,still_dependent,0.0,2061
Uncapped,2017,ROW,EB-1,2014,saved,99.49725776965265,2061
Uncapped,2017,ROW,EB-1,2014,aged_out,0.0,2061
Uncapped,2017,ROW,EB-1,2014,exited,0.5027422303473492,2061
Uncapped,2017,ROW,EB-1,2014,still_dependent,0.0,2061
Uncapped,2017,ROW,EB-2,2014,saved,98.46108892568424,2061
Uncapped,2017,ROW,EB-2,2014,aged_out,0.0,2061
Uncapped,2017,ROW,EB-2,2014,exited,1.538911074315769,2061
Uncapped,2017,ROW,EB-2,2014,still_dependent,0.0,2061
Uncapped,2017,ROW,EB-3,2014,saved,97.37586245899784,2061
Uncapped,2017,ROW,EB-3,2014,aged_out,0.0,2061
Uncapped,2017,ROW,EB-3,2014,exited,2.624137541002149,2061
Uncapped,2017,ROW,EB-3,2014,still_dependent,0.0,2061
Uncapped,2017,ROW,EB-4,2014,saved,42.4990693634446,2061
Uncapped,2017,ROW,EB-4,2014,aged_out,17.880630351160193,2061
Uncapped,2017,ROW,EB-4,2014,exited,39.62030028539521,2061
Uncapped,2017,ROW,EB-4,2014,still_dependent,0.0,2061
Uncapped,2017,ROW,EB-5,2014,saved,100.0,2061
Uncapped,2017,ROW,EB-5,2014,aged_out,0.0,2061
Uncapped,2017,ROW,EB-5,2014,exited,0.0,2061
Uncapped,2017,ROW,EB-5,2014,still_dependent,0.0,2061
Uncapped,2018,China,EB-1,2014,saved,96.98841698841699,2061
Uncapped,2018,China,EB-1,2014,aged_out,0.0,2061
Uncapped,2018,China,EB-1,2014,exited,3.011583011583012,2061
Uncapped,2018,China,EB-1,2014,still_dependent,0.0,2061
Uncapped,2018,China,EB-2,2014,saved,49.2269635126778,2061
Uncapped,2018,China,EB-2,2014,aged_out,25.170068027210885,2061
Uncapped,2018,China,EB-2,2014,exited,25.602968460111317,2061
Uncapped,2018,China,EB-2,2014,still_dependent,0.0,2061
Uncapped,2018,China,EB-3,2014,saved,58.177744585511576,2061
Uncapped,2018,China,EB-3,2014,aged_out,10.75429424943988,2061
Uncapped,2018,China,EB-3,2014,exited,31.067961165048544,2061
Uncapped,2018,China,EB-3,2014,still_dependent,0.0,2061
Uncapped,2018,China,EB-4,2014,saved,100.0,2061
Uncapped,2018,China,EB-4,2014,aged_out,0.0,2061
Uncapped,2018,China,EB-4,2014,exited,0.0,2061
Uncapped,2018,China,EB-4,2014,still_dependent,0.0,2061
Uncapped,2018,China,EB-5,2014,saved,86.21682781320716,2061
Uncapped,2018,China,EB-5,2014,aged_out,5.060687101419461,2061
Uncapped,2018,China,EB-5,2014,exited,8.72248508537338,2061
Uncapped,2018,China,EB-5,2014,still_dependent,0.0,2061
Uncapped,2018,India,EB-1,2014,saved,97.70780856423174,2061
Uncapped,2018,India,EB-1,2014,aged_out,0.0,2061
Uncapped,2018,India,EB-1,2014,exited,2.292191435768262,2061
Uncapped,2018,India,EB-1,2014,still_dependent,0.0,2061
Uncapped,2018,India,EB-2,2014,saved,63.87213510253317,2061
Uncapped,2018,India,EB-2,2014,aged_out,17.26066454655116,2061
Uncapped,2018,India,EB-2,2014,exited,18.86720035091567,2061
Uncapped,2018,India,EB-2,2014,still_dependent,0.0,2061
Uncapped,2018,India,EB-3,2014,saved,74.62171489248739,2061
Uncapped,2018,India,EB-3,2014,aged_out,4.035041146801168,2061
Uncapped,2018,India,EB-3,2014,exited,21.34324396071144,2061
Uncapped,2018,India,EB-3,2014,still_dependent,0.0,2061
Uncapped,2018,India,EB-4,2014,saved,44.17989417989418,2061
Uncapped,2018,India,EB-4,2014,aged_out,20.105820105820104,2061
Uncapped,2018,India,EB-4,2014,exited,35.714285714285715,2061
Uncapped,2018,India,EB-4,2014,still_dependent,0.0,2061
Uncapped,2018,India,EB-5,2014,saved,96.11872146118722,2061
Uncapped,2018,India,EB-5,2014,aged_out,0.7990867579908676,2061
Uncapped,2018,India,EB-5,2014,exited,3.0821917808219177,2061
Uncapped,2018,India,EB-5,2014,still_dependent,0.0,2061
Uncapped,2018,ROW,EB-1,2014,saved,99.02846195949644,2061
Uncapped,2018,ROW,EB-1,2014,aged_out,0.0,2061
Uncapped,2018,ROW,EB-1,2014,exited,0.9715380405035577,2061
Uncapped,2018,ROW,EB-1,2014,still_dependent,0.0,2061
Uncapped,2018,ROW,EB-2,2014,saved,98.2495978805942,2061
Uncapped,2018,ROW,EB-2,2014,aged_out,0.0,2061
Uncapped,2018,ROW,EB-2,2014,exited,1.7504021194058095,2061
Uncapped,2018,ROW,EB-2,2014,still_dependent,0.0,2061
Uncapped,2018,ROW,EB-3,2014,saved,96.41383375908823,2061
Uncapped,2018,ROW,EB-3,2014,aged_out,0.0,2061
Uncapped,2018,ROW,EB-3,2014,exited,3.5861662409117705,2061
Uncapped,2018,ROW,EB-3,2014,still_dependent,0.0,2061
Uncapped,2018,ROW,EB-4,2014,saved,38.77943296492071,2061
Uncapped,2018,ROW,EB-4,2014,aged_out,19.621976613807465,2061
Uncapped,2018,ROW,EB-4,2014,exited,41.59859042127182,2061
Uncapped,2018,ROW,EB-4,2014,still_dependent,0.0,2061
Uncapped,2018,ROW,EB-5,2014,saved,100.0,2061
Uncapped,2018,ROW,EB-5,2014,aged_out,0.0,2061
Uncapped,2018,ROW,EB-5,2014,exited,0.0,2061
Uncapped,2018,ROW,EB-5,2014,still_dependent,0.0,2061
Uncapped,2019,China,EB-1,2014,saved,97.28070175438596,2061
Uncapped,2019,China,EB-1,2014,aged_out,0.0,2061
Uncapped,2019,China,EB-1,2014,exited,2.719298245614035,2061
Uncapped,2019,China,EB-1,2014,still_dependent,0.0,2061
Uncapped,2019,China,EB-2,2014,saved,46.05009633911368,2061
Uncapped,2019,China,EB-2,2014,aged_out,26.63776493256262,2061
Uncapped,2019,China,EB-2,2014,exited,27.3121387283237,2061
Uncapped,2019,China,EB-2,2014,still_dependent,0.0,2061
Uncapped,2019,China,EB-3,2014,saved,59.03814262023217,2061
Uncapped,2019,China,EB-3,2014,aged_out,8.955223880597014,2061
Uncapped,2019,China,EB-3,2014,exited,32.00663349917081,2061
Uncapped,2019,China,EB-3,2014,still_dependent,0.0,2061
Uncapped,2019,China,EB-4,2014,saved,100.0,2061
Uncapped,2019,China,EB-4,2014,aged_out,0.0,2061
Uncapped,2019,China,EB-4,2014,exited,0.0,2061
Uncapped,2019,China,EB-4,2014,still_dependent,0.0,2061
Uncapped,2019,China,EB-5,2014,saved,86.6403162055336,2061
Uncapped,2019,China,EB-5,2014,aged_out,3.5573122529644268,2061
Uncapped,2019,China,EB-5,2014,exited,9.802371541501977,2061
Uncapped,2019,China,EB-5,2014,still_dependent,0.0,2061
Uncapped,2019,India,EB-1,2014,saved,97.86242806248288,2061
Uncapped,2019,India,EB-1,2014,aged_out,0.0,2061
Uncapped,2019,India,EB-1,2014,exited,2.137571937517128,2061
Uncapped,2019,India,EB-1,2014,still_dependent,0.0,2061
Uncapped,2019,India,EB-2,2014,saved,59.29963008631319,2061
Uncapped,2019,India,EB-2,2014,aged_out,21.14919852034525,2061
Uncapped,2019,India,EB-2,2014,exited,19.551171393341555,2061
Uncapped,2019,India,EB-2,2014,still_dependent,0.0,2061
Uncapped,2019,India,EB-3,2014,saved,76.6732283464567,2061
Uncapped,2019,India,EB-3,2014,aged_out,3.5039370078740157,2061
Uncapped,2019,India,EB-3,2014,exited,19.822834645669293,2061
Uncapped,2019,India,EB-3,2014,still_dependent,0.0,2061
Uncapped,2019,India,EB-4,2014,saved,40.198019801980195,2061
Uncapped,2019,India,EB-4,2014,aged_out,19.801980198019802,2061
Uncapped,2019,India,EB-4,2014,exited,40.0,2061
Uncapped,2019,India,EB-4,2014,still_dependent,0.0,2061
Uncapped,2019,India,EB-5,2014,saved,92.05776173285199,2061
Uncapped,2019,India,EB-5,2014,aged_out,1.444043321299639,2061
Uncapped,2019,India,EB-5,2014,exited,6.498194945848375,2061
Uncapped,2019,India,EB-5,2014,still_dependent,0.0,2061
Uncapped,2019,ROW,EB-1,2014,saved,99.19524142757173,2061
Uncapped,2019,ROW,EB-1,2014,aged_out,0.0,2061
Uncapped,2019,ROW,EB-1,2014,exited,0.8047585724282715,2061
Uncapped,2019,ROW,EB-1,2014,still_dependent,0.0,2061
Uncapped,2019,ROW,EB-2,2014,saved,96.41412283927914,2061
Uncapped,2019,ROW,EB-2,2014,aged_out,0.055167340934166975,2061
Uncapped,2019,ROW,EB-2,2014,exited,3.5307098197866864,2061
Uncapped,2019,ROW,EB-2,2014,still_dependent,0.0,2061
Uncapped,2019,ROW,EB-3,2014,saved,94.34591604295477,2061
Uncapped,2019,ROW,EB-3,2014,aged_out,0.0,2061
Uncapped,2019,ROW,EB-3,2014,exited,5.654083957045232,2061
Uncapped,2019,ROW,EB-3,2014,still_dependent,0.0,2061
Uncapped,2019,ROW,EB-4,2014,saved,34.87861271676301,2061
Uncapped,2019,ROW,EB-4,2014,aged_out,22.069364161849713,2061
Uncapped,2019,ROW,EB-4,2014,exited,43.052023121387286,2061
Uncapped,2019,ROW,EB-4,2014,still_dependent,0.0,2061
Uncapped,2019,ROW,EB-5,2014,saved,100.0,2061
Uncapped,2019,ROW,EB-5,2014,aged_out,0.0,2061
Uncapped,2019,ROW,EB-5,2014,exited,0.0,2061
Uncapped,2019,ROW,EB-5,2014,still_dependent,0.0,2061
Uncapped,2020,China,EB-1,2014,saved,98.00884955752213,2061
Uncapped,2020,China,EB-1,2014,aged_out,0.0,2061
Uncapped,2020,China,EB-1,2014,exited,1.991150442477876,2061
Uncapped,2020,China,EB-1,2014,still_dependent,0.0,2061
Uncapped,2020,China,EB-2,2014,saved,43.19101123595506,2061
Uncapped,2020,China,EB-2,2014,aged_out,28.674157303370787,2061
Uncapped,2020,China,EB-2,2014,exited,28.134831460674157,2061
Uncapped,2020,China,EB-2,2014,still_dependent,0.0,2061
Uncapped,2020,China,EB-3,2014,saved,59.43271767810026,2061
Uncapped,2020,China,EB-3,2014,aged_out,11.147757255936675,2061
Uncapped,2020,China,EB-3,2014,exited,29.41952506596306,2061
Uncapped,2020,China,EB-3,2014,still_dependent,0.0,2061
Uncapped,2020,China,EB-4,2014,saved,100.0,2061
Uncapped,2020,China,EB-4,2014,aged_out,0.0,2061
Uncapped,2020,China,EB-4,2014,exited,0.0,2061
Uncapped,2020,China,EB-4,2014,still_dependent,0.0,2061
Uncapped,2020,China,EB-5,2014,saved,88.6046511627907,2061
Uncapped,2020,China,EB-5,2014,aged_out,3.255813953488372,2061
Uncapped,2020,China,EB-5,2014,exited,8.13953488372093,2061
Uncapped,2020,China,EB-5,2014,still_dependent,0.0,2061
Uncapped,2020,India,EB-1,2014,saved,98.61852433281005,2061
Uncapped,2020,India,EB-1,2014,aged_out,0.0,2061
Uncapped,2020,India,EB-1,2014,exited,1.3814756671899528,2061
Uncapped,2020,India,EB-1,2014,still_dependent,0.0,2061
Uncapped,2020,India,EB-2,2014,saved,56.23155231612554,2061
Uncapped,2020,India,EB-2,2014,aged_out,22.89621107162219,2061
Uncapped,2020,India,EB-2,2014,exited,20.872236612252273,2061
Uncapped,2020,India,EB-2,2014,still_dependent,0.0,2061
Uncapped,2020,India,EB-3,2014,saved,78.32607643928398,2061
Uncapped,2020,India,EB-3,2014,aged_out,2.805999032414127,2061
Uncapped,2020,India,EB-3,2014,exited,18.867924528301888,2061
Uncapped,2020,India,EB-3,2014,still_dependent,0.0,2061
Uncapped,2020,India,EB-4,2014,saved,30.712979890310788,2061
Uncapped,2020,India,EB-4,2014,aged_out,30.89579524680073,2061
Uncapped,2020,India,EB-4,2014,exited,38.391224862888485,2061
Uncapped,2020,India,EB-4,2014,still_dependent,0.0,2061
Uncapped,2020,India,EB-5,2014,saved,91.54228855721394,2061
Uncapped,2020,India,EB-5,2014,aged_out,3.482587064676617,2061
Uncapped,2020,India,EB-5,2014,exited,4.975124378109452,2061
Uncapped,2020,India,EB-5,2014,still_dependent,0.0,2061
Uncapped,2020,ROW,EB-1,2014,saved,100.0,2061
Uncapped,2020,ROW,EB-1,2014,aged_out,0.0,2061
Uncapped,2020,ROW,EB-1,2014,exited,0.0,2061
Uncapped,2020,ROW,EB-1,2014,still_dependent,0.0,2061
Uncapped,2020,ROW,EB-2,2014,saved,95.87137350375329,2061
Uncapped,2020,ROW,EB-2,2014,aged_out,0.08115236356258876,2061
Uncapped,2020,ROW,EB-2,2014,exited,4.047474132684115,2061
Uncapped,2020,ROW,EB-2,2014,still_dependent,0.0,2061
Uncapped,2020,ROW,EB-3,2014,saved,93.39418037231158,2061
Uncapped,2020,ROW,EB-3,2014,aged_out,0.0,2061
Uncapped,2020,ROW,EB-3,2014,exited,6.605819627688415,2061
Uncapped,2020,ROW,EB-3,2014,still_dependent,0.0,2061
Uncapped,2020,ROW,EB-4,2014,saved,26.71791839148433,2061
Uncapped,2020,ROW,EB-4,2014,aged_out,26.422235363690124,2061
Uncapped,2020,ROW,EB-4,2014,exited,46.85984624482555,2061
Uncapped,2020,ROW,EB-4,2014,still_dependent,0.0,2061
Uncapped,2020,ROW,EB-5,2014,saved,100.0,2061
Uncapped,2020,ROW,EB-5,2014,aged_out,0.0,2061
Uncapped,2020,ROW,EB-5,2014,exited,0.0,2061
Uncapped,2020,ROW,EB-5,2014,still_dependent,0.0,2061
Uncapped,2021,China,EB-1,2014,saved,97.33990147783251,2061
Uncapped,2021,China,EB-1,2014,aged_out,0.0,2061
Uncapped,2021,China,EB-1,2014,exited,2.6600985221674875,2061
Uncapped,2021,China,EB-1,2014,still_dependent,0.0,2061
Uncapped,2021,China,EB-2,2014,saved,37.60683760683761,2061
Uncapped,2021,China,EB-2,2014,aged_out,33.78582202111614,2061
Uncapped,2021,China,EB-2,2014,exited,28.607340372046256,2061
Uncapped,2021,China,EB-2,2014,still_dependent,0.0,2061
Uncapped,2021,China,EB-3,2014,saved,59.220072551390565,2061
Uncapped,2021,China,EB-3,2014,aged_out,10.036275695284159,2061
Uncapped,2021,China,EB-3,2014,exited,30.74365175332527,2061
Uncapped,2021,China,EB-3,2014,still_dependent,0.0,2061
Uncapped,2021,China,EB-4,2014,saved,100.0,2061
Uncapped,2021,China,EB-4,2014,aged_out,0.0,2061
Uncapped,2021,China,EB-4,2014,exited,0.0,2061
Uncapped,2021,China,EB-4,2014,still_dependent,0.0,2061
Uncapped,2021,China,EB-5,2014,saved,94.89414694894147,2061
Uncapped,2021,China,EB-5,2014,aged_out,0.0,2061
Uncapped,2021,China,EB-5,2014,exited,5.1058530510585305,2061
Uncapped,2021,China,EB-5,2014,still_dependent,0.0,2061
Uncapped,2021,India,EB-1,2014,saved,98.71895424836602,2061
Uncapped,2021,India,EB-1,2014,aged_out,0.0,2061
Uncapped,2021,India,EB-1,2014,exited,1.2810457516339868,2061
Uncapped,2021,India,EB-1,2014,still_dependent,0.0,2061
Uncapped,2021,India,EB-2,2014,saved,52.01988812927284,2061
Uncapped,2021,India,EB-2,2014,aged_out,26.53822249844624,2061
Uncapped,2021,India,EB-2,2014,exited,21.44188937228092,2061
Uncapped,2021,India,EB-2,2014,still_dependent,0.0,2061
Uncapped,2021,India,EB-3,2014,saved,76.67497108283655,2061
Uncapped,2021,India,EB-3,2014,aged_out,3.318800605036035,2061
Uncapped,2021,India,EB-3,2014,exited,20.006228312127412,2061
Uncapped,2021,India,EB-3,2014,still_dependent,0.0,2061
Uncapped,2021,India,EB-4,2014,saved,21.973094170403588,2061
Uncapped,2021,India,EB-4,2014,aged_out,31.16591928251121,2061
Uncapped,2021,India,EB-4,2014,exited,46.860986547085204,2061
Uncapped,2021,India,EB-4,2014,still_dependent,0.0,2061
Uncapped,2021,India,EB-5,2014,saved,93.18181818181819,2061
Uncapped,2021,India,EB-5,2014,aged_out,3.1818181818181817,2061
Uncapped,2021,India,EB-5,2014,exited,3.6363636363636362,2061
Uncapped,2021,India,EB-5,2014,still_dependent,0.0,2061
Uncapped,2021,ROW,EB-1,2014,saved,100.0,2061
Uncapped,2021,ROW,EB-1,2014,aged_out,0.0,2061
Uncapped,2021,ROW,EB-1,2014,exited,0.0,2061
Uncapped,2021,ROW,EB-1,2014,still_dependent,0.0,2061
Uncapped,2021,ROW,EB-2,2014,saved,96.66634826631005,2061
Uncapped,2021,ROW,EB-2,2014,aged_out,0.06686407488776387,2061
Uncapped,2021,ROW,EB-2,2014,exited,3.266787658802178,2061
Uncapped,2021,ROW,EB-2,2014,still_dependent,0.0,2061
Uncapped,2021,ROW,EB-3,2014,saved,94.5577640829789,2061
Uncapped,2021,ROW,EB-3,2014,aged_out,0.0,2061
Uncapped,2021,ROW,EB-3,2014,exited,5.442235917021092,2061
Uncapped,2021,ROW,EB-3,2014,still_dependent,0.0,2061
Uncapped,2021,ROW,EB-4,2014,saved,20.050327126321086,2061
Uncapped,2021,ROW,EB-4,2014,aged_out,29.984901862103673,2061
Uncapped,2021,ROW,EB-4,2014,exited,49.96477101157524,2061
Uncapped,2021,ROW,EB-4,2014,still_dependent,0.0,2061
Uncapped,2021,ROW,EB-5,2014,saved,99.48186528497409,2061
Uncapped,2021,ROW,EB-5,2014,aged_out,0.0,2061
Uncapped,2021,ROW,EB-5,2014,exited,0.5181347150259067,2061
Uncapped,2021,ROW,EB-5,2014,still_dependent,0.0,2061
Uncapped,2022,China,EB-1,2014,saved,97.50378214826021,2061
Uncapped,2022,China,EB-1,2014,aged_out,0.0,2061
Uncapped,2022,China,EB-1,2014,exited,2.496217851739788,2061
Uncapped,2022,China,EB-1,2014,still_dependent,0.0,2061
Uncapped,2022,China,EB-2,2014,saved,35.62901744719927,2061
Uncapped,2022,China,EB-2,2014,aged_out,35.583103764921944,2061
Uncapped,2022,China,EB-2,2014,exited,28.78787878787879,2061
Uncapped,2022,China,EB-2,2014,still_dependent,0.0,2061
Uncapped,2022,China,EB-3,2014,saved,60.63745019920319,2061
Uncapped,2022,China,EB-3,2014,aged_out,11.474103585657371,2061
Uncapped,2022,China,EB-3,2014,exited,27.888446215139442,2061
Uncapped,2022,China,EB-3,2014,still_dependent,0.0,2061
Uncapped,2022,China,EB-4,2014,saved,100.0,2061
Uncapped,2022,China,EB-4,2014,aged_out,0.0,2061
Uncapped,2022,China,EB-4,2014,exited,0.0,2061
Uncapped,2022,China,EB-4,2014,still_dependent,0.0,2061
Uncapped,2022,China,EB-5,2014,saved,87.56756756756756,2061
Uncapped,2022,China,EB-5,2014,aged_out,0.0,2061
Uncapped,2022,China,EB-5,2014,exited,12.432432432432432,2061
Uncapped,2022,China,EB-5,2014,still_dependent,0.0,2061
Uncapped,2022,India,EB-1,2014,saved,98.3459682977257,2061
Uncapped,2022,India,EB-1,2014,aged_out,0.0,2061
Uncapped,2022,India,EB-1,2014,exited,1.6540317022742936,2061
Uncapped,2022,India,EB-1,2014,still_dependent,0.0,2061
Uncapped,2022,India,EB-2,2014,saved,47.632637784223824,2061
Uncapped,2022,India,EB-2,2014,aged_out,29.85402825863198,2061
Uncapped,2022,India,EB-2,2014,exited,22.513333957144194,2061
Uncapped,2022,India,EB-2,2014,still_dependent,0.0,2061
Uncapped,2022,India,EB-3,2014,saved,75.44879245770373,2061
Uncapped,2022,India,EB-3,2014,aged_out,3.9002970424899908,2061
Uncapped,2022,India,EB-3,2014,exited,20.650910499806276,2061
Uncapped,2022,India,EB-3,2014,still_dependent,0.0,2061
Uncapped,2022,India,EB-4,2014,saved,18.645640074211503,2061
Uncapped,2022,India,EB-4,2014,aged_out,36.08534322820037,2061
Uncapped,2022,India,EB-4,2014,exited,45.26901669758813,2061
Uncapped,2022,India,EB-4,2014,still_dependent,0.0,2061
Uncapped,2022,India,EB-5,2014,saved,93.22033898305085,2061
Uncapped,2022,India,EB-5,2014,aged_out,5.084745762711864,2061
Uncapped,2022,India,EB-5,2014,exited,1.694915254237288,2061
Uncapped,2022,India,EB-5,2014,still_dependent,0.0,2061
Uncapped,2022,ROW,EB-1,2014,saved,100.0,2061
Uncapped,2022,ROW,EB-1,2014,aged_out,0.0,2061
Uncapped,2022,ROW,EB-1,2014,exited,0.0,2061
Uncapped,2022,ROW,EB-1,2014,still_dependent,0.0,2061
Uncapped,2022,ROW,EB-2,2014,saved,96.39968895800934,2061
Uncapped,2022,ROW,EB-2,2014,aged_out,0.038880248833592534,2061
Uncapped,2022,ROW,EB-2,2014,exited,3.561430793157076,2061
Uncapped,2022,ROW,EB-2,2014,still_dependent,0.0,2061
Uncapped,2022,ROW,EB-3,2014,saved,93.80579216354344,2061
Uncapped,2022,ROW,EB-3,2014,aged_out,0.0,2061
Uncapped,2022,ROW,EB-3,2014,exited,6.194207836456559,2061
Uncapped,2022,ROW,EB-3,2014,still_dependent,0.0,2061
Uncapped,2022,ROW,EB-4,2014,saved,16.041837313338792,2061
Uncapped,2022,ROW,EB-4,2014,aged_out,32.02696742486296,2061
Uncapped,2022,ROW,EB-4,2014,exited,51.93119526179825,2061
Uncapped,2022,ROW,EB-4,2014,still_dependent,0.0,2061
Uncapped,2022,ROW,EB-5,2014,saved,100.0,2061
Uncapped,2022,ROW,EB-5,2014,aged_out,0.0,2061
Uncapped,2022,ROW,EB-5,2014,exited,0.0,2061
Uncapped,2022,ROW,EB-5,2014,still_dependent,0.0,2061
Uncapped,2023,China,EB-1,2014,saved,97.99902391410444,2061
Uncapped,2023,China,EB-1,2014,aged_out,0.0,2061
Uncapped,2023,China,EB-1,2014,exited,2.0009760858955588,2061
Uncapped,2023,China,EB-1,2014,still_dependent,0.0,2061
Uncapped,2023,China,EB-2,2014,saved,30.54114158636027,2061
Uncapped,2023,China,EB-2,2014,aged_out,39.399555226093405,2061
Uncapped,2023,China,EB-2,2014,exited,30.05930318754633,2061
Uncapped,2023,China,EB-2,2014,still_dependent,0.0,2061
Uncapped,2023,China,EB-3,2014,saved,57.79220779220779,2061
Uncapped,2023,China,EB-3,2014,aged_out,12.430426716141001,2061
Uncapped,2023,China,EB-3,2014,exited,29.777365491651206,2061
Uncapped,2023,China,EB-3,2014,still_dependent,0.0,2061
Uncapped,2023,China,EB-4,2014,saved,100.0,2061
Uncapped,2023,China,EB-4,2014,aged_out,0.0,2061
Uncapped,2023,China,EB-4,2014,exited,0.0,2061
Uncapped,2023,China,EB-4,2014,still_dependent,0.0,2061
Uncapped,2023,China,EB-5,2014,saved,96.21710526315789,2061
Uncapped,2023,China,EB-5,2014,aged_out,0.0,2061
Uncapped,2023,China,EB-5,2014,exited,3.7828947368421053,2061
Uncapped,2023,China,EB-5,2014,still_dependent,0.0,2061
Uncapped,2023,India,EB-1,2014,saved,98.39343701931294,2061
Uncapped,2023,India,EB-1,2014,aged_out,0.0,2061
Uncapped,2023,India,EB-1,2014,exited,1.606562980687062,2061
Uncapped,2023,India,EB-1,2014,still_dependent,0.0,2061
Uncapped,2023,India,EB-2,2014,saved,40.25656357014731,2061
Uncapped,2023,India,EB-2,2014,aged_out,35.90802848290482,2061
Uncapped,2023,India,EB-2,2014,exited,23.83540794694787,2061
Uncapped,2023,India,EB-2,2014,still_dependent,0.0,2061
Uncapped,2023,India,EB-3,2014,saved,74.94512915752152,2061
Uncapped,2023,India,EB-3,2014,aged_out,4.626034104339017,2061
Uncapped,2023,India,EB-3,2014,exited,20.428836738139456,2061
Uncapped,2023,India,EB-3,2014,still_dependent,0.0,2061
Uncapped,2023,India,EB-4,2014,saved,11.631944444444445,2061
Uncapped,2023,India,EB-4,2014,aged_out,41.84027777777778,2061
Uncapped,2023,India,EB-4,2014,exited,46.52777777777778,2061
Uncapped,2023,India,EB-4,2014,still_dependent,0.0,2061
Uncapped,2023,India,EB-5,2014,saved,94.81481481481481,2061
Uncapped,2023,India,EB-5,2014,aged_out,2.2222222222222223,2061
Uncapped,2023,India,EB-5,2014,exited,2.962962962962963,2061
Uncapped,2023,India,EB-5,2014,still_dependent,0.0,2061
Uncapped,2023,ROW,EB-1,2014,saved,100.0,2061
Uncapped,2023,ROW,EB-1,2014,aged_out,0.0,2061
Uncapped,2023,ROW,EB-1,2014,exited,0.0,2061
Uncapped,2023,ROW,EB-1,2014,still_dependent,0.0,2061
Uncapped,2023,ROW,EB-2,2014,saved,42.818444868558764,2061
Uncapped,2023,ROW,EB-2,2014,aged_out,29.74819922428123,2061
Uncapped,2023,ROW,EB-2,2014,exited,27.433355907160006,2061
Uncapped,2023,ROW,EB-2,2014,still_dependent,0.0,2061
Uncapped,2023,ROW,EB-3,2014,saved,56.452648475120384,2061
Uncapped,2023,ROW,EB-3,2014,aged_out,12.199036918138042,2061
Uncapped,2023,ROW,EB-3,2014,exited,31.348314606741575,2061
Uncapped,2023,ROW,EB-3,2014,still_dependent,0.0,2061
Uncapped,2023,ROW,EB-4,2014,saved,10.573877398919322,2061
Uncapped,2023,ROW,EB-4,2014,aged_out,36.00708030557108,2061
Uncapped,2023,ROW,EB-4,2014,exited,53.4190422955096,2061
Uncapped,2023,ROW,EB-4,2014,still_dependent,0.0,2061
Uncapped,2023,ROW,EB-5,2014,saved,100.0,2061
Uncapped,2023,ROW,EB-5,2014,aged_out,0.0,2061
Uncapped,2023,ROW,EB-5,2014,exited,0.0,2061
Uncapped,2023,ROW,EB-5,2014,still_dependent,0.0,2061
Uncapped,2024,China,EB-1,2014,saved,98.00942902042955,2061
Uncapped,2024,China,EB-1,2014,aged_out,0.0,2061
Uncapped,2024,China,EB-1,2014,exited,1.9905709795704558,2061
Uncapped,2024,China,EB-1,2014,still_dependent,0.0,2061
Uncapped,2024,China,EB-2,2014,saved,23.944773175542405,2061
Uncapped,2024,China,EB-2,2014,aged_out,44.37869822485207,2061
Uncapped,2024,China,EB-2,2014,exited,31.676528599605522,2061
Uncapped,2024,China,EB-2,2014,still_dependent,0.0,2061
Uncapped,2024,China,EB-3,2014,saved,54.86381322957198,2061
Uncapped,2024,China,EB-3,2014,aged_out,13.359273670557718,2061
Uncapped,2024,China,EB-3,2014,exited,31.7769130998703,2061
Uncapped,2024,China,EB-3,2014,still_dependent,0.0,2061
Uncapped,2024,China,EB-4,2014,saved,100.0,2061
Uncapped,2024,China,EB-4,2014,aged_out,0.0,2061
Uncapped,2024,China,EB-4,2014,exited,0.0,2061
Uncapped,2024,China,EB-4,2014,still_dependent,0.0,2061
Uncapped,2024,China,EB-5,2014,saved,97.65970904490828,2061
Uncapped,2024,China,EB-5,2014,aged_out,0.0,2061
Uncapped,2024,China,EB-5,2014,exited,2.340290955091714,2061
Uncapped,2024,China,EB-5,2014,still_dependent,0.0,2061
Uncapped,2024,India,EB-1,2014,saved,98.39662447257383,2061
Uncapped,2024,India,EB-1,2014,aged_out,0.0,2061
Uncapped,2024,India,EB-1,2014,exited,1.6033755274261603,2061
Uncapped,2024,India,EB-1,2014,still_dependent,0.0,2061
Uncapped,2024,India,EB-2,2014,saved,32.90762963778487,2061
Uncapped,2024,India,EB-2,2014,aged_out,41.97952218430034,2061
Uncapped,2024,India,EB-2,2014,exited,25.112848177914785,2061
Uncapped,2024,India,EB-2,2014,still_dependent,0.0,2061
Uncapped,2024,India,EB-3,2014,saved,72.10245464247599,2061
Uncapped,2024,India,EB-3,2014,aged_out,5.4855923159018145,2061
Uncapped,2024,India,EB-3,2014,exited,22.411953041622198,2061
Uncapped,2024,India,EB-3,2014,still_dependent,0.0,2061
Uncapped,2024,India,EB-4,2014,saved,5.800214822771213,2061
Uncapped,2024,India,EB-4,2014,aged_out,44.14607948442535,2061
Uncapped,2024,India,EB-4,2014,exited,50.05370569280344,2061
Uncapped,2024,India,EB-4,2014,still_dependent,0.0,2061
Uncapped,2024,India,EB-5,2014,saved,97.50692520775624,2061
Uncapped,2024,India,EB-5,2014,aged_out,0.0,2061
Uncapped,2024,India,EB-5,2014,exited,2.4930747922437675,2061
Uncapped,2024,India,EB-5,2014,still_dependent,0.0,2061
Uncapped,2024,ROW,EB-1,2014,saved,100.0,2061
Uncapped,2024,ROW,EB-1,2014,aged_out,0.0,2061
Uncapped,2024,ROW,EB-1,2014,exited,0.0,2061
Uncapped,2024,ROW,EB-1,2014,still_dependent,0.0,2061
Uncapped,2024,ROW,EB-2,2014,saved,18.030523813175858,2061
Uncapped,2024,ROW,EB-2,2014,aged_out,44.15982820768464,2061
Uncapped,2024,ROW,EB-2,2014,exited,37.809647979139505,2061
Uncapped,2024,ROW,EB-2,2014,still_dependent,0.0,2061
Uncapped,2024,ROW,EB-3,2014,saved,53.88380630499388,2061
Uncapped,2024,ROW,EB-3,2014,aged_out,14.020161995221724,2061
Uncapped,2024,ROW,EB-3,2014,exited,32.0960316997844,2061
Uncapped,2024,ROW,EB-3,2014,still_dependent,0.0,2061
Uncapped,2024,ROW,EB-4,2014,saved,4.218339820765819,2061
Uncapped,2024,ROW,EB-4,2014,aged_out,40.780302344527925,2061
Uncapped,2024,ROW,EB-4,2014,exited,55.001357834706255,2061
Uncapped,2024,ROW,EB-4,2014,still_dependent,0.0,2061
Uncapped,2024,ROW,EB-5,2014,saved,100.0,2061
Uncapped,2024,ROW,EB-5,2014,aged_out,0.0,2061
Uncapped,2024,ROW,EB-5,2014,exited,0.0,2061
Uncapped,2024,ROW,EB-5,2014,still_dependent,0.0,2061
Uncapped,2025,China,EB-1,2014,saved,98.18456883509833,2061
Uncapped,2025,China,EB-1,2014,aged_out,0.0,2061
Uncapped,2025,China,EB-1,2014,exited,1.8154311649016641,2061
Uncapped,2025,China,EB-1,2014,still_dependent,0.0,2061
Uncapped,2025,China,EB-2,2014,saved,19.17808219178082,2061
Uncapped,2025,China,EB-2,2014,aged_out,50.1761252446184,2061
Uncapped,2025,China,EB-2,2014,exited,30.645792563600782,2061
Uncapped,2025,China,EB-2,2014,still_dependent,0.0,2061
Uncapped,2025,China,EB-3,2014,saved,54.865697930427125,2061
Uncapped,2025,China,EB-3,2014,aged_out,13.518273888154997,2061
Uncapped,2025,China,EB-3,2014,exited,31.616028181417878,2061
Uncapped,2025,China,EB-3,2014,still_dependent,0.0,2061
Uncapped,2025,China,EB-4,2014,saved,0.0,2061
Uncapped,2025,China,EB-4,2014,aged_out,48.717948717948715,2061
Uncapped,2025,China,EB-4,2014,exited,51.282051282051285,2061
Uncapped,2025,China,EB-4,2014,still_dependent,0.0,2061
Uncapped,2025,China,EB-5,2014,saved,97.96296296296296,2061
Uncapped,2025,China,EB-5,2014,aged_out,0.0,2061
Uncapped,2025,China,EB-5,2014,exited,2.037037037037037,2061
Uncapped,2025,China,EB-5,2014,still_dependent,0.0,2061
Uncapped,2025,India,EB-1,2014,saved,98.49081364829397,2061
Uncapped,2025,India,EB-1,2014,aged_out,0.0,2061
Uncapped,2025,India,EB-1,2014,exited,1.5091863517060367,2061
Uncapped,2025,India,EB-1,2014,still_dependent,0.0,2061
Uncapped,2025,India,EB-2,2014,saved,25.685457337135336,2061
Uncapped,2025,India,EB-2,2014,aged_out,47.400745777582806,2061
Uncapped,2025,India,EB-2,2014,exited,26.91379688528186,2061
Uncapped,2025,India,EB-2,2014,still_dependent,0.0,2061
Uncapped,2025,India,EB-3,2014,saved,69.20035149384886,2061
Uncapped,2025,India,EB-3,2014,aged_out,7.6889279437609845,2061
Uncapped,2025,India,EB-3,2014,exited,23.11072056239016,2061
Uncapped,2025,India,EB-3,2014,still_dependent,0.0,2061
Uncapped,2025,India,EB-4,2014,saved,0.7299270072992701,2061
Uncapped,2025,India,EB-4,2014,aged_out,50.886339937434826,2061
Uncapped,2025,India,EB-4,2014,exited,48.3837330552659,2061
Uncapped,2025,India,EB-4,2014,still_dependent,0.0,2061
Uncapped,2025,India,EB-5,2014,saved,96.1136023916293,2061
Uncapped,2025,India,EB-5,2014,aged_out,0.0,2061
Uncapped,2025,India,EB-5,2014,exited,3.8863976083707024,2061
Uncapped,2025,India,EB-5,2014,still_dependent,0.0,2061
Uncapped,2025,ROW,EB-1,2014,saved,97.96175138399597,2061
Uncapped,2025,ROW,EB-1,2014,aged_out,0.1132360342224459,2061
Uncapped,2025,ROW,EB-1,2014,exited,1.9250125817815802,2061
Uncapped,2025,ROW,EB-1,2014,still_dependent,0.0,2061
Uncapped,2025,ROW,EB-2,2014,saved,14.189031505250876,2061
Uncapped,2025,ROW,EB-2,2014,aged_out,48.20692337611824,2061
Uncapped,2025,ROW,EB-2,2014,exited,37.604045118630886,2061
Uncapped,2025,ROW,EB-2,2014,still_dependent,0.0,2061
Uncapped,2025,ROW,EB-3,2014,saved,50.06050826946349,2061
Uncapped,2025,ROW,EB-3,2014,aged_out,16.279605831844638,2061
Uncapped,2025,ROW,EB-3,2014,exited,33.65988589869187,2061
Uncapped,2025,ROW,EB-3,2014,still_dependent,0.0,2061
Uncapped,2025,ROW,EB-4,2014,saved,0.3071364046973803,2061
Uncapped,2025,ROW,EB-4,2014,aged_out,44.29990966576332,2061
Uncapped,2025,ROW,EB-4,2014,exited,55.392953929539296,2061
Uncapped,2025,ROW,EB-4,2014,still_dependent,0.0,2061
Uncapped,2025,ROW,EB-5,2014,saved,96.52892561983471,2061
Uncapped,2025,ROW,EB-5,2014,aged_out,1.0743801652892562,2061
Uncapped,2025,ROW,EB-5,2014,exited,2.396694214876033,2061
Uncapped,2025,ROW,EB-5,2014,still_dependent,0.0,2061
Uncapped,2026,China,EB-1,2014,saved,97.66016713091922,2061
Uncapped,2026,China,EB-1,2014,aged_out,0.0,2061
Uncapped,2026,China,EB-1,2014,exited,2.33983286908078,2061
Uncapped,2026,China,EB-1,2014,still_dependent,0.0,2061
Uncapped,2026,China,EB-2,2014,saved,14.540059347181009,2061
Uncapped,2026,China,EB-2,2014,aged_out,52.81899109792285,2061
Uncapped,2026,China,EB-2,2014,exited,32.640949554896146,2061
Uncapped,2026,China,EB-2,2014,still_dependent,0.0,2061
Uncapped,2026,China,EB-3,2014,saved,50.16764459346186,2061
Uncapped,2026,China,EB-3,2014,aged_out,15.381391450125733,2061
Uncapped,2026,China,EB-3,2014,exited,34.45096395641241,2061
Uncapped,2026,China,EB-3,2014,still_dependent,0.0,2061
Uncapped,2026,China,EB-4,2014,saved,0.0,2061
Uncapped,2026,China,EB-4,2014,aged_out,59.57446808510638,2061
Uncapped,2026,China,EB-4,2014,exited,40.42553191489362,2061
Uncapped,2026,China,EB-4,2014,still_dependent,0.0,2061
Uncapped,2026,China,EB-5,2014,saved,97.18402095612312,2061
Uncapped,2026,China,EB-5,2014,aged_out,0.0,2061
Uncapped,2026,China,EB-5,2014,exited,2.8159790438768826,2061
Uncapped,2026,China,EB-5,2014,still_dependent,0.0,2061
Uncapped,2026,India,EB-1,2014,saved,97.97718958467829,2061
Uncapped,2026,India,EB-1,2014,aged_out,0.0,2061
Uncapped,2026,India,EB-1,2014,exited,2.022810415321713,2061
Uncapped,2026,India,EB-1,2014,still_dependent,0.0,2061
Uncapped,2026,India,EB-2,2014,saved,19.615531231280293,2061
Uncapped,2026,India,EB-2,2014,aged_out,52.77460110003812,2061
Uncapped,2026,India,EB-2,2014,exited,27.609867668681588,2061
Uncapped,2026,India,EB-2,2014,still_dependent,0.0,2061
Uncapped,2026,India,EB-3,2014,saved,67.77191129883843,2061
Uncapped,2026,India,EB-3,2014,aged_out,8.130939809926083,2061
Uncapped,2026,India,EB-3,2014,exited,24.09714889123548,2061
Uncapped,2026,India,EB-3,2014,still_dependent,0.0,2061
Uncapped,2026,India,EB-4,2014,saved,0.0,2061
Uncapped,2026,India,EB-4,2014,aged_out,50.300601202404806,2061
Uncapped,2026,India,EB-4,2014,exited,49.699398797595194,2061
Uncapped,2026,India,EB-4,2014,still_dependent,0.0,2061
Uncapped,2026,India,EB-5,2014,saved,96.6078697421981,2061
Uncapped,2026,India,EB-5,2014,aged_out,0.40705563093622793,2061
Uncapped,2026,India,EB-5,2014,exited,2.985074626865672,2061
Uncapped,2026,India,EB-5,2014,still_dependent,0.0,2061
Uncapped,2026,ROW,EB-1,2014,saved,97.46526931513527,2061
Uncapped,2026,ROW,EB-1,2014,aged_out,0.15842066780404582,2061
Uncapped,2026,ROW,EB-1,2014,exited,2.3763100170606872,2061
Uncapped,2026,ROW,EB-1,2014,still_dependent,0.0,2061
Uncapped,2026,ROW,EB-2,2014,saved,9.898029594418462,2061
Uncapped,2026,ROW,EB-2,2014,aged_out,51.95123821206778,2061
Uncapped,2026,ROW,EB-2,2014,exited,38.15073219351376,2061
Uncapped,2026,ROW,EB-2,2014,still_dependent,0.0,2061
Uncapped,2026,ROW,EB-3,2014,saved,48.01305209183079,2061
Uncapped,2026,ROW,EB-3,2014,aged_out,17.806782426290642,2061
Uncapped,2026,ROW,EB-3,2014,exited,34.18016548187857,2061
Uncapped,2026,ROW,EB-3,2014,still_dependent,0.0,2061
Uncapped,2026,ROW,EB-4,2014,saved,0.0,2061
Uncapped,2026,ROW,EB-4,2014,aged_out,43.13725490196079,2061
Uncapped,2026,ROW,EB-4,2014,exited,56.86274509803921,2061
Uncapped,2026,ROW,EB-4,2014,still_dependent,0.0,2061
Uncapped,2026,ROW,EB-5,2014,saved,95.48929663608563,2061
Uncapped,2026,ROW,EB-5,2014,aged_out,0.6880733944954128,2061
Uncapped,2026,ROW,EB-5,2014,exited,3.8226299694189603,2061
Uncapped,2026,ROW,EB-5,2014,still_dependent,0.0,2061
Uncapped,2027,China,EB-1,2014,saved,96.37493526670119,2061
Uncapped,2027,China,EB-1,2014,aged_out,0.0,2061
Uncapped,2027,China,EB-1,2014,exited,3.625064733298809,2061
Uncapped,2027,China,EB-1,2014,still_dependent,0.0,2061
Uncapped,2027,China,EB-2,2014,saved,10.543259557344065,2061
Uncapped,2027,China,EB-2,2014,aged_out,57.38430583501006,2061
Uncapped,2027,China,EB-2,2014,exited,32.072434607645874,2061
Uncapped,2027,China,EB-2,2014,still_dependent,0.0,2061
Uncapped,2027,China,EB-3,2014,saved,46.29468177855274,2061
Uncapped,2027,China,EB-3,2014,aged_out,18.265039232781167,2061
Uncapped,2027,China,EB-3,2014,exited,35.44027898866609,2061
Uncapped,2027,China,EB-3,2014,still_dependent,0.0,2061
Uncapped,2027,China,EB-4,2014,saved,0.0,2061
Uncapped,2027,China,EB-4,2014,aged_out,37.878787878787875,2061
Uncapped,2027,China,EB-4,2014,exited,62.121212121212125,2061
Uncapped,2027,China,EB-4,2014,still_dependent,0.0,2061
Uncapped,2027,China,EB-5,2014,saved,96.37046307884856,2061
Uncapped,2027,China,EB-5,2014,aged_out,0.0,2061
Uncapped,2027,China,EB-5,2014,exited,3.6295369211514394,2061
Uncapped,2027,China,EB-5,2014,still_dependent,0.0,2061
Uncapped,2027,India,EB-1,2014,saved,97.41435035552682,2061
Uncapped,2027,India,EB-1,2014,aged_out,0.06464124111182935,2061
Uncapped,2027,India,EB-1,2014,exited,2.5210084033613445,2061
Uncapped,2027,India,EB-1,2014,still_dependent,0.0,2061
Uncapped,2027,India,EB-2,2014,saved,13.612537152121048,2061
Uncapped,2027,India,EB-2,2014,aged_out,58.28154552823561,2061
Uncapped,2027,India,EB-2,2014,exited,28.10591731964334,2061
Uncapped,2027,India,EB-2,2014,still_dependent,0.0,2061
Uncapped,2027,India,EB-3,2014,saved,67.41071428571429,2061
Uncapped,2027,India,EB-3,2014,aged_out,9.80017006802721,2061
Uncapped,2027,India,EB-3,2014,exited,22.789115646258505,2061
Uncapped,2027,India,EB-3,2014,still_dependent,0.0,2061
Uncapped,2027,India,EB-4,2014,saved,0.0,2061
Uncapped,2027,India,EB-4,2014,aged_out,52.17391304347826,2061
Uncapped,2027,India,EB-4,2014,exited,47.82608695652174,2061
Uncapped,2027,India,EB-4,2014,still_dependent,0.0,2061
Uncapped,2027,India,EB-5,2014,saved,96.67128987517337,2061
Uncapped,2027,India,EB-5,2014,aged_out,0.8321775312066574,2061
Uncapped,2027,India,EB-5,2014,exited,2.496532593619972,2061
Uncapped,2027,India,EB-5,2014,still_dependent,0.0,2061
Uncapped,2027,ROW,EB-1,2014,saved,96.81784930504755,2061
Uncapped,2027,ROW,EB-1,2014,aged_out,0.20726652036088758,2061
Uncapped,2027,ROW,EB-1,2014,exited,2.974884174591563,2061
Uncapped,2027,ROW,EB-1,2014,still_dependent,0.0,2061
Uncapped,2027,ROW,EB-2,2014,saved,6.358830845771144,2061
Uncapped,2027,ROW,EB-2,2014,aged_out,53.07835820895522,2061
Uncapped,2027,ROW,EB-2,2014,exited,40.56281094527363,2061
Uncapped,2027,ROW,EB-2,2014,still_dependent,0.0,2061
Uncapped,2027,ROW,EB-3,2014,saved,44.88399071925754,2061
Uncapped,2027,ROW,EB-3,2014,aged_out,19.10092807424594,2061
Uncapped,2027,ROW,EB-3,2014,exited,36.01508120649652,2061
Uncapped,2027,ROW,EB-3,2014,still_dependent,0.0,2061
Uncapped,2027,ROW,EB-4,2014,saved,0.0,2061
Uncapped,2027,ROW,EB-4,2014,aged_out,44.28767750801649,2061
Uncapped,2027,ROW,EB-4,2014,exited,55.71232249198351,2061
Uncapped,2027,ROW,EB-4,2014,still_dependent,0.0,2061
Uncapped,2027,ROW,EB-5,2014,saved,93.53120243531203,2061
Uncapped,2027,ROW,EB-5,2014,aged_out,0.532724505327245,2061
Uncapped,2027,ROW,EB-5,2014,exited,5.936073059360731,2061
Uncapped,2027,ROW,EB-5,2014,still_dependent,0.0,2061
Uncapped,2028,China,EB-1,2014,saved,96.35416666666667,2061
Uncapped,2028,China,EB-1,2014,aged_out,0.0,2061
Uncapped,2028,China,EB-1,2014,exited,3.6458333333333335,2061
Uncapped,2028,China,EB-1,2014,still_dependent,0.0,2061
Uncapped,2028,China,EB-2,2014,saved,7.44167337087691,2061
Uncapped,2028,China,EB-2,2014,aged_out,59.935639581657284,2061
Uncapped,2028,China,EB-2,2014,exited,32.62268704746581,2061
Uncapped,2028,China,EB-2,2014,still_dependent,0.0,2061
Uncapped,2028,China,EB-3,2014,saved,44.84323432343234,2061
Uncapped,2028,China,EB-3,2014,aged_out,19.801980198019802,2061
Uncapped,2028,China,EB-3,2014,exited,35.35478547854785,2061
Uncapped,2028,China,EB-3,2014,still_dependent,0.0,2061
Uncapped,2028,China,EB-4,2014,saved,0.0,2061
Uncapped,2028,China,EB-4,2014,aged_out,69.38775510204081,2061
Uncapped,2028,China,EB-4,2014,exited,30.612244897959183,2061
Uncapped,2028,China,EB-4,2014,still_dependent,0.0,2061
Uncapped,2028,China,EB-5,2014,saved,96.7843631778058,2061
Uncapped,2028,China,EB-5,2014,aged_out,0.0,2061
Uncapped,2028,China,EB-5,2014,exited,3.2156368221941993,2061
Uncapped,2028,China,EB-5,2014,still_dependent,0.0,2061
Uncapped,2028,India,EB-1,2014,saved,98.33119383825417,2061
Uncapped,2028,India,EB-1,2014,aged_out,0.0,2061
Uncapped,2028,India,EB-1,2014,exited,1.668806161745828,2061
Uncapped,2028,India,EB-1,2014,still_dependent,0.0,2061
Uncapped,2028,India,EB-2,2014,saved,9.573824580698378,2061
Uncapped,2028,India,EB-2,2014,aged_out,61.73769590321694,2061
Uncapped,2028,India,EB-2,2014,exited,28.688479516084683,2061
Uncapped,2028,India,EB-2,2014,still_dependent,0.0,2061
Uncapped,2028,India,EB-3,2014,saved,65.57659208261617,2061
Uncapped,2028,India,EB-3,2014,aged_out,10.864888123924269,2061
Uncapped,2028,India,EB-3,2014,exited,23.558519793459553,2061
Uncapped,2028,India,EB-3,2014,still_dependent,0.0,2061
Uncapped,2028,India,EB-4,2014,saved,0.0,2061
Uncapped,2028,India,EB-4,2014,aged_out,53.297872340425535,2061
Uncapped,2028,India,EB-4,2014,exited,46.702127659574465,2061
Uncapped,2028,India,EB-4,2014,still_dependent,0.0,2061
Uncapped,2028,India,EB-5,2014,saved,97.16535433070867,2061
Uncapped,2028,India,EB-5,2014,aged_out,0.7874015748031497,2061
Uncapped,2028,India,EB-5,2014,exited,2.047244094488189,2061
Uncapped,2028,India,EB-5,2014,still_dependent,0.0,2061
Uncapped,2028,ROW,EB-1,2014,saved,96.512641673932,2061
Uncapped,2028,ROW,EB-1,2014,aged_out,0.19927761863245735,2061
Uncapped,2028,ROW,EB-1,2014,exited,3.288080707435546,2061
Uncapped,2028,ROW,EB-1,2014,still_dependent,0.0,2061
Uncapped,2028,ROW,EB-2,2014,saved,4.417985273382422,2061
Uncapped,2028,ROW,EB-2,2014,aged_out,56.29797900673665,2061
Uncapped,2028,ROW,EB-2,2014,exited,39.28403571988093,2061
Uncapped,2028,ROW,EB-2,2014,still_dependent,0.0,2061
Uncapped,2028,ROW,EB-3,2014,saved,42.39092085146419,2061
Uncapped,2028,ROW,EB-3,2014,aged_out,20.851464189109727,2061
Uncapped,2028,ROW,EB-3,2014,exited,36.757614959426085,2061
Uncapped,2028,ROW,EB-3,2014,still_dependent,0.0,2061
Uncapped,2028,ROW,EB-4,2014,saved,0.0,2061
Uncapped,2028,ROW,EB-4,2014,aged_out,43.01910373147652,2061
Uncapped,2028,ROW,EB-4,2014,exited,56.98089626852348,2061
Uncapped,2028,ROW,EB-4,2014,still_dependent,0.0,2061
Uncapped,2028,ROW,EB-5,2014,saved,93.24960753532181,2061
Uncapped,2028,ROW,EB-5,2014,aged_out,2.0408163265306123,2061
Uncapped,2028,ROW,EB-5,2014,exited,4.7095761381475665,2061
Uncapped,2028,ROW,EB-5,2014,still_dependent,0.0,2061
Uncapped,2029,China,EB-1,2014,saved,96.96969696969697,2061
Uncapped,2029,China,EB-1,2014,aged_out,0.0,2061
Uncapped,2029,China,EB-1,2014,exited,3.0303030303030303,2061
Uncapped,2029,China,EB-1,2014,still_dependent,0.0,2061
Uncapped,2029,China,EB-2,2014,saved,3.5010060362173037,2061
Uncapped,2029,China,EB-2,2014,aged_out,63.66197183098591,2061
Uncapped,2029,China,EB-2,2014,exited,32.83702213279678,2061
Uncapped,2029,China,EB-2,2014,still_dependent,0.0,2061
Uncapped,2029,China,EB-3,2014,saved,41.48510449088484,2061
Uncapped,2029,China,EB-3,2014,aged_out,20.364606491774122,2061
Uncapped,2029,China,EB-3,2014,exited,38.15028901734104,2061
Uncapped,2029,China,EB-3,2014,still_dependent,0.0,2061
Uncapped,2029,China,EB-4,2014,saved,0.0,2061
Uncapped,2029,China,EB-4,2014,aged_out,34.54545454545455,2061
Uncapped,2029,China,EB-4,2014,exited,65.45454545454545,2061
Uncapped,2029,China,EB-4,2014,still_dependent,0.0,2061
Uncapped,2029,China,EB-5,2014,saved,95.88772845953002,2061
Uncapped,2029,China,EB-5,2014,aged_out,0.0,2061
Uncapped,2029,China,EB-5,2014,exited,4.1122715404699735,2061
Uncapped,2029,China,EB-5,2014,still_dependent,0.0,2061
Uncapped,2029,India,EB-1,2014,saved,97.4392646093237,2061
Uncapped,2029,India,EB-1,2014,aged_out,0.02188662727073758,2061
Uncapped,2029,India,EB-1,2014,exited,2.538848763405559,2061
Uncapped,2029,India,EB-1,2014,still_dependent,0.0,2061
Uncapped,2029,India,EB-2,2014,saved,4.823961014072168,2061
Uncapped,2029,India,EB-2,2014,aged_out,65.77780211356294,2061
Uncapped,2029,India,EB-2,2014,exited,29.39823687236489,2061
Uncapped,2029,India,EB-2,2014,still_dependent,0.0,2061
Uncapped,2029,India,EB-3,2014,saved,61.556603773584904,2061
Uncapped,2029,India,EB-3,2014,aged_out,12.607204116638078,2061
Uncapped,2029,India,EB-3,2014,exited,25.836192109777016,2061
Uncapped,2029,India,EB-3,2014,still_dependent,0.0,2061
Uncapped,2029,India,EB-4,2014,saved,0.0,2061
Uncapped,2029,India,EB-4,2014,aged_out,55.01138952164009,2061
Uncapped,2029,India,EB-4,2014,exited,44.98861047835991,2061
Uncapped,2029,India,EB-4,2014,still_dependent,0.0,2061
Uncapped,2029,India,EB-5,2014,saved,95.92391304347827,2061
Uncapped,2029,India,EB-5,2014,aged_out,1.0869565217391304,2061
Uncapped,2029,India,EB-5,2014,exited,2.989130434782609,2061
Uncapped,2029,India,EB-5,2014,still_dependent,0.0,2061
Uncapped,2029,ROW,EB-1,2014,saved,95.91738132624712,2061
Uncapped,2029,ROW,EB-1,2014,aged_out,0.28989008334339894,2061
Uncapped,2029,ROW,EB-1,2014,exited,3.7927285904094696,2061
Uncapped,2029,ROW,EB-1,2014,still_dependent,0.0,2061
Uncapped,2029,ROW,EB-2,2014,saved,2.1055891004799503,2061
Uncapped,2029,ROW,EB-2,2014,aged_out,58.894565722248025,2061
Uncapped,2029,ROW,EB-2,2014,exited,38.99984517727202,2061
Uncapped,2029,ROW,EB-2,2014,still_dependent,0.0,2061
Uncapped,2029,ROW,EB-3,2014,saved,40.65285333950689,2061
Uncapped,2029,ROW,EB-3,2014,aged_out,22.5199675888413,2061
Uncapped,2029,ROW,EB-3,2014,exited,36.82717907165181,2061
Uncapped,2029,ROW,EB-3,2014,still_dependent,0.0,2061
Uncapped,2029,ROW,EB-4,2014,saved,0.0,2061
Uncapped,2029,ROW,EB-4,2014,aged_out,43.257664827710954,2061
Uncapped,2029,ROW,EB-4,2014,exited,56.742335172289046,2061
Uncapped,2029,ROW,EB-4,2014,still_dependent,0.0,2061
Uncapped,2029,ROW,EB-5,2014,saved,93.1549960660897,2061
Uncapped,2029,ROW,EB-5,2014,aged_out,1.1801730920535012,2061
Uncapped,2029,ROW,EB-5,2014,exited,5.664830841856806,2061
Uncapped,2029,ROW,EB-5,2014,still_dependent,0.0,2061
Uncapped,2030,China,EB-1,2014,saved,95.71583514099783,2061
Uncapped,2030,China,EB-1,2014,aged_out,0.0,2061
Uncapped,2030,China,EB-1,2014,exited,4.2841648590021695,2061
Uncapped,2030,China,EB-1,2014,still_dependent,0.0,2061
Uncapped,2030,China,EB-2,2014,saved,2.0626432391138274,2061
Uncapped,2030,China,EB-2,2014,aged_out,65.81359816653934,2061
Uncapped,2030,China,EB-2,2014,exited,32.12375859434683,2061
Uncapped,2030,China,EB-2,2014,still_dependent,0.0,2061
Uncapped,2030,China,EB-3,2014,saved,39.72431077694235,2061
Uncapped,2030,China,EB-3,2014,aged_out,22.598162071846282,2061
Uncapped,2030,China,EB-3,2014,exited,37.677527151211365,2061
Uncapped,2030,China,EB-3,2014,still_dependent,0.0,2061
Uncapped,2030,China,EB-4,2014,saved,0.0,2061
Uncapped,2030,China,EB-4,2014,aged_out,52.72727272727273,2061
Uncapped,2030,China,EB-4,2014,exited,47.27272727272727,2061
Uncapped,2030,China,EB-4,2014,still_dependent,0.0,2061
Uncapped,2030,China,EB-5,2014,saved,96.55172413793103,2061
Uncapped,2030,China,EB-5,2014,aged_out,0.0,2061
Uncapped,2030,China,EB-5,2014,exited,3.4482758620689653,2061
Uncapped,2030,China,EB-5,2014,still_dependent,0.0,2061
Uncapped,2030,India,EB-1,2014,saved,97.08060080389254,2061
Uncapped,2030,India,EB-1,2014,aged_out,0.08462026655383964,2061
Uncapped,2030,India,EB-1,2014,exited,2.8347789295536283,2061
Uncapped,2030,India,EB-1,2014,still_dependent,0.0,2061
Uncapped,2030,India,EB-2,2014,saved,2.402826855123675,2061
Uncapped,2030,India,EB-2,2014,aged_out,68.30116879586845,2061
Uncapped,2030,India,EB-2,2014,exited,29.296004349007884,2061
Uncapped,2030,India,EB-2,2014,still_dependent,0.0,2061
Uncapped,2030,India,EB-3,2014,saved,60.915418688040496,2061
Uncapped,2030,India,EB-3,2014,aged_out,14.047669268086901,2061
Uncapped,2030,India,EB-3,2014,exited,25.0369120438726,2061
Uncapped,2030,India,EB-3,2014,still_dependent,0.0,2061
Uncapped,2030,India,EB-4,2014,saved,0.0,2061
Uncapped,2030,India,EB-4,2014,aged_out,51.65421558164354,2061
Uncapped,2030,India,EB-4,2014,exited,48.34578441835646,2061
Uncapped,2030,India,EB-4,2014,still_dependent,0.0,2061
Uncapped,2030,India,EB-5,2014,saved,96.42857142857143,2061
Uncapped,2030,India,EB-5,2014,aged_out,0.8928571428571429,2061
Uncapped,2030,India,EB-5,2014,exited,2.6785714285714284,2061
Uncapped,2030,India,EB-5,2014,still_dependent,0.0,2061
Uncapped,2030,ROW,EB-1,2014,saved,95.71179257043131,2061
Uncapped,2030,ROW,EB-1,2014,aged_out,0.36150585888805786,2061
Uncapped,2030,ROW,EB-1,2014,exited,3.926701570680628,2061
Uncapped,2030,ROW,EB-1,2014,still_dependent,0.0,2061
Uncapped,2030,ROW,EB-2,2014,saved,1.0282574568288854,2061
Uncapped,2030,ROW,EB-2,2014,aged_out,58.05337519623234,2061
Uncapped,2030,ROW,EB-2,2014,exited,40.91836734693877,2061
Uncapped,2030,ROW,EB-2,2014,still_dependent,0.0,2061
Uncapped,2030,ROW,EB-3,2014,saved,38.88314967860423,2061
Uncapped,2030,ROW,EB-3,2014,aged_out,24.449035812672175,2061
Uncapped,2030,ROW,EB-3,2014,exited,36.6678145087236,2061
Uncapped,2030,ROW,EB-3,2014,still_dependent,0.0,2061
Uncapped,2030,ROW,EB-4,2014,saved,0.0,2061
Uncapped,2030,ROW,EB-4,2014,aged_out,42.63129202253317,2061
Uncapped,2030,ROW,EB-4,2014,exited,57.36870797746683,2061
Uncapped,2030,ROW,EB-4,2014,still_dependent,0.0,2061
Uncapped,2030,ROW,EB-5,2014,saved,93.34880123743233,2061
Uncapped,2030,ROW,EB-5,2014,aged_out,1.237432327919567,2061
Uncapped,2030,ROW,EB-5,2014,exited,5.413766434648105,2061
Uncapped,2030,ROW,EB-5,2014,still_dependent,0.0,2061
Uncapped,2031,China,EB-1,2014,saved,94.6178686759957,2061
Uncapped,2031,China,EB-1,2014,aged_out,0.0,2061
Uncapped,2031,China,EB-1,2014,exited,5.382131324004305,2061
Uncapped,2031,China,EB-1,2014,still_dependent,0.0,2061
Uncapped,2031,China,EB-2,2014,saved,0.15065913370998116,2061
Uncapped,2031,China,EB-2,2014,aged_out,66.17702448210923,2061
Uncapped,2031,China,EB-2,2014,exited,33.67231638418079,2061
Uncapped,2031,China,EB-2,2014,still_dependent,0.0,2061
Uncapped,2031,China,EB-3,2014,saved,35.42116630669546,2061
Uncapped,2031,China,EB-3,2014,aged_out,26.652267818574515,2061
Uncapped,2031,China,EB-3,2014,exited,37.926565874730024,2061
Uncapped,2031,China,EB-3,2014,still_dependent,0.0,2061
Uncapped,2031,China,EB-4,2014,saved,0.0,2061
Uncapped,2031,China,EB-4,2014,aged_out,37.77777777777778,2061
Uncapped,2031,China,EB-4,2014,exited,62.22222222222222,2061
Uncapped,2031,China,EB-4,2014,still_dependent,0.0,2061
Uncapped,2031,China,EB-5,2014,saved,96.61774090619018,2061
Uncapped,2031,China,EB-5,2014,aged_out,0.0,2061
Uncapped,2031,China,EB-5,2014,exited,3.382259093809828,2061
Uncapped,2031,China,EB-5,2014,still_dependent,0.0,2061
Uncapped,2031,India,EB-1,2014,saved,96.65459194545068,2061
Uncapped,2031,India,EB-1,2014,aged_out,0.25569997869166844,2061
Uncapped,2031,India,EB-1,2014,exited,3.0897080758576605,2061
Uncapped,2031,India,EB-1,2014,still_dependent,0.0,2061
Uncapped,2031,India,EB-2,2014,saved,0.3330785191656656,2061
Uncapped,2031,India,EB-2,2014,aged_out,69.41137927268755,2061
Uncapped,2031,India,EB-2,2014,exited,30.255542208146775,2061
Uncapped,2031,India,EB-2,2014,still_dependent,0.0,2061
Uncapped,2031,India,EB-3,2014,saved,59.331896551724135,2061
Uncapped,2031,India,EB-3,2014,aged_out,15.344827586206897,2061
Uncapped,2031,India,EB-3,2014,exited,25.323275862068964,2061
Uncapped,2031,India,EB-3,2014,still_dependent,0.0,2061
Uncapped,2031,India,EB-4,2014,saved,0.0,2061
Uncapped,2031,India,EB-4,2014,aged_out,47.27891156462585,2061
Uncapped,2031,India,EB-4,2014,exited,52.72108843537415,2061
Uncapped,2031,India,EB-4,2014,still_dependent,0.0,2061
Uncapped,2031,India,EB-5,2014,saved,96.03399433427762,2061
Uncapped,2031,India,EB-5,2014,aged_out,1.4164305949008498,2061
Uncapped,2031,India,EB-5,2014,exited,2.54957507082153,2061
Uncapped,2031,India,EB-5,2014,still_dependent,0.0,2061
Uncapped,2031,ROW,EB-1,2014,saved,94.68715962725402,2061
Uncapped,2031,ROW,EB-1,2014,aged_out,0.32675783613699627,2061
Uncapped,2031,ROW,EB-1,2014,exited,4.98608253660898,2061
Uncapped,2031,ROW,EB-1,2014,still_dependent,0.0,2061
Uncapped,2031,ROW,EB-2,2014,saved,0.13372138755604498,2061
Uncapped,2031,ROW,EB-2,2014,aged_out,59.30150239911901,2061
Uncapped,2031,ROW,EB-2,2014,exited,40.56477621332494,2061
Uncapped,2031,ROW,EB-2,2014,still_dependent,0.0,2061
Uncapped,2031,ROW,EB-3,2014,saved,35.699011732069586,2061
Uncapped,2031,ROW,EB-3,2014,aged_out,26.319135410044503,2061
Uncapped,2031,ROW,EB-3,2014,exited,37.98185285788592,2061
Uncapped,2031,ROW,EB-3,2014,still_dependent,0.0,2061
Uncapped,2031,ROW,EB-4,2014,saved,0.0,2061
Uncapped,2031,ROW,EB-4,2014,aged_out,44.891612549163085,2061
Uncapped,2031,ROW,EB-4,2014,exited,55.108387450836915,2061
Uncapped,2031,ROW,EB-4,2014,still_dependent,0.0,2061
Uncapped,2031,ROW,EB-5,2014,saved,93.88846447669977,2061
Uncapped,2031,ROW,EB-5,2014,aged_out,1.757066462948816,2061
Uncapped,2031,ROW,EB-5,2014,exited,4.354469060351414,2061
Uncapped,2031,ROW,EB-5,2014,still_dependent,0.0,2061
Uncapped,2032,China,EB-1,2014,saved,96.33225458468176,2061
Uncapped,2032,China,EB-1,2014,aged_out,0.0,2061
Uncapped,2032,China,EB-1,2014,exited,3.667745415318231,2061
Uncapped,2032,China,EB-1,2014,still_dependent,0.0,2061
Uncapped,2032,China,EB-2,2014,saved,0.0,2061
Uncapped,2032,China,EB-2,2014,aged_out,66.112828438949,2061
Uncapped,2032,China,EB-2,2014,exited,33.887171561051005,2061
Uncapped,2032,China,EB-2,2014,still_dependent,0.0,2061
Uncapped,2032,China,EB-3,2014,saved,34.249662009914374,2061
Uncapped,2032,China,EB-3,2014,aged_out,27.3997296079315,2061
Uncapped,2032,China,EB-3,2014,exited,38.35060838215412,2061
Uncapped,2032,China,EB-3,2014,still_dependent,0.0,2061
Uncapped,2032,China,EB-4,2014,saved,0.0,2061
Uncapped,2032,China,EB-4,2014,aged_out,38.0,2061
Uncapped,2032,China,EB-4,2014,exited,62.0,2061
Uncapped,2032,China,EB-4,2014,still_dependent,0.0,2061
Uncapped,2032,China,EB-5,2014,saved,95.8736299161831,2061
Uncapped,2032,China,EB-5,2014,aged_out,0.0,2061
Uncapped,2032,China,EB-5,2014,exited,4.126370083816893,2061
Uncapped,2032,China,EB-5,2014,still_dependent,0.0,2061
Uncapped,2032,India,EB-1,2014,saved,96.18598671523462,2061
Uncapped,2032,India,EB-1,2014,aged_out,0.19284336833083351,2061
Uncapped,2032,India,EB-1,2014,exited,3.6211699164345403,2061
Uncapped,2032,India,EB-1,2014,still_dependent,0.0,2061
Uncapped,2032,India,EB-2,2014,saved,0.0,2061
Uncapped,2032,India,EB-2,2014,aged_out,70.67760224583036,2061
Uncapped,2032,India,EB-2,2014,exited,29.32239775416965,2061
Uncapped,2032,India,EB-2,2014,still_dependent,0.0,2061
Uncapped,2032,India,EB-3,2014,saved,57.22852859284643,2061
Uncapped,2032,India,EB-3,2014,aged_out,16.920111372884985,2061
Uncapped,2032,India,EB-3,2014,exited,25.85136003426858,2061
Uncapped,2032,India,EB-3,2014,still_dependent,0.0,2061
Uncapped,2032,India,EB-4,2014,saved,0.0,2061
Uncapped,2032,India,EB-4,2014,aged_out,50.87514585764294,2061
Uncapped,2032,India,EB-4,2014,exited,49.12485414235706,2061
Uncapped,2032,India,EB-4,2014,still_dependent,0.0,2061
Uncapped,2032,India,EB-5,2014,saved,93.17548746518106,2061
Uncapped,2032,India,EB-5,2014,aged_out,2.2284122562674096,2061
Uncapped,2032,India,EB-5,2014,exited,4.596100278551532,2061
Uncapped,2032,India,EB-5,2014,still_dependent,0.0,2061
Uncapped,2032,ROW,EB-1,2014,saved,94.95860620289139,2061
Uncapped,2032,ROW,EB-1,2014,aged_out,0.4324725071049055,2061
Uncapped,2032,ROW,EB-1,2014,exited,4.608921290003707,2061
Uncapped,2032,ROW,EB-1,2014,still_dependent,0.0,2061
Uncapped,2032,ROW,EB-2,2014,saved,0.0,2061
Uncapped,2032,ROW,EB-2,2014,aged_out,59.36387731919727,2061
Uncapped,2032,ROW,EB-2,2014,exited,40.63612268080273,2061
Uncapped,2032,ROW,EB-2,2014,still_dependent,0.0,2061
Uncapped,2032,ROW,EB-3,2014,saved,34.47612384117544,2061
Uncapped,2032,ROW,EB-3,2014,aged_out,27.14127456125007,2061
Uncapped,2032,ROW,EB-3,2014,exited,38.382601597574485,2061
Uncapped,2032,ROW,EB-3,2014,still_dependent,0.0,2061
Uncapped,2032,ROW,EB-4,2014,saved,0.0,2061
Uncapped,2032,ROW,EB-4,2014,aged_out,45.24895130403064,2061
Uncapped,2032,ROW,EB-4,2014,exited,54.75104869596936,2061
Uncapped,2032,ROW,EB-4,2014,still_dependent,0.0,2061
Uncapped,2032,ROW,EB-5,2014,saved,92.22303741746148,2061
Uncapped,2032,ROW,EB-5,2014,aged_out,1.9075568598679384,2061
Uncapped,2032,ROW,EB-5,2014,exited,5.86940572267058,2061
Uncapped,2032,ROW,EB-5,2014,still_dependent,0.0,2061
Uncapped,2033,China,EB-1,2014,saved,95.19131334022751,2061
Uncapped,2033,China,EB-1,2014,aged_out,0.10341261633919338,2061
Uncapped,2033,China,EB-1,2014,exited,4.705274043433299,2061
Uncapped,2033,China,EB-1,2014,still_dependent,0.0,2061
Uncapped,2033,China,EB-2,2014,saved,0.0,2061
Uncapped,2033,China,EB-2,2014,aged_out,67.4187380497132,2061
Uncapped,2033,China,EB-2,2014,exited,32.58126195028681,2061
Uncapped,2033,China,EB-2,2014,still_dependent,0.0,2061
Uncapped,2033,China,EB-3,2014,saved,32.694819329560296,2061
Uncapped,2033,China,EB-3,2014,aged_out,29.12494558119286,2061
Uncapped,2033,China,EB-3,2014,exited,38.18023508924684,2061
Uncapped,2033,China,EB-3,2014,still_dependent,0.0,2061
Uncapped,2033,China,EB-4,2014,saved,0.0,2061
Uncapped,2033,China,EB-4,2014,aged_out,48.0,2061
Uncapped,2033,China,EB-4,2014,exited,52.0,2061
Uncapped,2033,China,EB-4,2014,still_dependent,0.0,2061
Uncapped,2033,China,EB-5,2014,saved,95.16752577319588,2061
Uncapped,2033,China,EB-5,2014,aged_out,0.0,2061
Uncapped,2033,China,EB-5,2014,exited,4.832474226804123,2061
Uncapped,2033,China,EB-5,2014,still_dependent,0.0,2061
Uncapped,2033,India,EB-1,2014,saved,95.98195100988397,2061
Uncapped,2033,India,EB-1,2014,aged_out,0.45122475290073055,2061
Uncapped,2033,India,EB-1,2014,exited,3.5668242372152985,2061
Uncapped,2033,India,EB-1,2014,still_dependent,0.0,2061
Uncapped,2033,India,EB-2,2014,saved,0.0,2061
Uncapped,2033,India,EB-2,2014,aged_out,69.75518717751675,2061
Uncapped,2033,India,EB-2,2014,exited,30.244812822483258,2061
Uncapped,2033,India,EB-2,2014,still_dependent,0.0,2061
Uncapped,2033,India,EB-3,2014,saved,53.513174404015054,2061
Uncapped,2033,India,EB-3,2014,aged_out,19.657047260560436,2061
Uncapped,2033,India,EB-3,2014,exited,26.829778335424507,2061
Uncapped,2033,India,EB-3,2014,still_dependent,0.0,2061
Uncapped,2033,India,EB-4,2014,saved,0.0,2061
Uncapped,2033,India,EB-4,2014,aged_out,47.52358490566038,2061
Uncapped,2033,India,EB-4,2014,exited,52.47641509433962,2061
Uncapped,2033,India,EB-4,2014,still_dependent,0.0,2061
Uncapped,2033,India,EB-5,2014,saved,93.56223175965665,2061
Uncapped,2033,India,EB-5,2014,aged_out,2.2889842632331905,2061
Uncapped,2033,India,EB-5,2014,exited,4.148783977110157,2061
Uncapped,2033,India,EB-5,2014,still_dependent,0.0,2061
Uncapped,2033,ROW,EB-1,2014,saved,94.17769376181475,2061
Uncapped,2033,ROW,EB-1,2014,aged_out,0.6553245116572148,2061
Uncapped,2033,ROW,EB-1,2014,exited,5.16698172652804,2061
Uncapped,2033,ROW,EB-1,2014,still_dependent,0.0,2061
Uncapped,2033,ROW,EB-2,2014,saved,0.0,2061
Uncapped,2033,ROW,EB-2,2014,aged_out,59.34049196557764,2061
Uncapped,2033,ROW,EB-2,2014,exited,40.65950803442236,2061
Uncapped,2033,ROW,EB-2,2014,still_dependent,0.0,2061
Uncapped,2033,ROW,EB-3,2014,saved,32.59767200645384,2061
Uncapped,2033,ROW,EB-3,2014,aged_out,28.500633859628905,2061
Uncapped,2033,ROW,EB-3,2014,exited,38.90169413391725,2061
Uncapped,2033,ROW,EB-3,2014,still_dependent,0.0,2061
Uncapped,2033,ROW,EB-4,2014,saved,0.0,2061
Uncapped,2033,ROW,EB-4,2014,aged_out,43.45853747051352,2061
Uncapped,2033,ROW,EB-4,2014,exited,56.54146252948648,2061
Uncapped,2033,ROW,EB-4,2014,still_dependent,0.0,2061
Uncapped,2033,ROW,EB-5,2014,saved,93.6964980544747,2061
Uncapped,2033,ROW,EB-5,2014,aged_out,1.3229571984435797,2061
Uncapped,2033,ROW,EB-5,2014,exited,4.980544747081712,2061
Uncapped,2033,ROW,EB-5,2014,still_dependent,0.0,2061
Uncapped,2034,China,EB-1,2014,saved,94.07407407407408,2061
Uncapped,2034,China,EB-1,2014,aged_out,0.15873015873015872,2061
Uncapped,2034,China,EB-1,2014,exited,5.767195767195767,2061
Uncapped,2034,China,EB-1,2014,still_dependent,0.0,2061
Uncapped,2034,China,EB-2,2014,saved,0.0,2061
Uncapped,2034,China,EB-2,2014,aged_out,67.84192173576133,2061
Uncapped,2034,China,EB-2,2014,exited,32.15807826423867,2061
Uncapped,2034,China,EB-2,2014,still_dependent,0.0,2061
Uncapped,2034,China,EB-3,2014,saved,31.25758188435099,2061
Uncapped,2034,China,EB-3,2014,aged_out,30.489284270117267,2061
Uncapped,2034,China,EB-3,2014,exited,38.25313384553174,2061
Uncapped,2034,China,EB-3,2014,still_dependent,0.0,2061
Uncapped,2034,China,EB-4,2014,saved,0.0,2061
Uncapped,2034,China,EB-4,2014,aged_out,36.36363636363637,2061
Uncapped,2034,China,EB-4,2014,exited,63.63636363636363,2061
Uncapped,2034,China,EB-4,2014,still_dependent,0.0,2061
Uncapped,2034,China,EB-5,2014,saved,95.56840077071291,2061
Uncapped,2034,China,EB-5,2014,aged_out,0.0,2061
Uncapped,2034,China,EB-5,2014,exited,4.431599229287091,2061
Uncapped,2034,China,EB-5,2014,still_dependent,0.0,2061
Uncapped,2034,India,EB-1,2014,saved,94.5798319327731,2061
Uncapped,2034,India,EB-1,2014,aged_out,0.46218487394957986,2061
Uncapped,2034,India,EB-1,2014,exited,4.957983193277311,2061
Uncapped,2034,India,EB-1,2014,still_dependent,0.0,2061
Uncapped,2034,India,EB-2,2014,saved,0.0,2061
Uncapped,2034,India,EB-2,2014,aged_out,70.88838520647907,2061
Uncapped,2034,India,EB-2,2014,exited,29.111614793520925,2061
Uncapped,2034,India,EB-2,2014,still_dependent,0.0,2061
Uncapped,2034,India,EB-3,2014,saved,51.63172682083423,2061
Uncapped,2034,India,EB-3,2014,aged_out,20.920682947914415,2061
Uncapped,2034,India,EB-3,2014,exited,27.44759023125135,2061
Uncapped,2034,India,EB-3,2014,still_dependent,0.0,2061
Uncapped,2034,India,EB-4,2014,saved,0.0,2061
Uncapped,2034,India,EB-4,2014,aged_out,52.78350515463917,2061
Uncapped,2034,India,EB-4,2014,exited,47.21649484536083,2061
Uncapped,2034,India,EB-4,2014,still_dependent,0.0,2061
Uncapped,2034,India,EB-5,2014,saved,94.18282548476455,2061
Uncapped,2034,India,EB-5,2014,aged_out,1.8005540166204985,2061
Uncapped,2034,India,EB-5,2014,exited,4.016620498614959,2061
Uncapped,2034,India,EB-5,2014,still_dependent,0.0,2061
Uncapped,2034,ROW,EB-1,2014,saved,92.62284936254487,2061
Uncapped,2034,ROW,EB-1,2014,aged_out,0.7055328629780914,2061
Uncapped,2034,ROW,EB-1,2014,exited,6.671617774477039,2061
Uncapped,2034,ROW,EB-1,2014,still_dependent,0.0,2061
Uncapped,2034,ROW,EB-2,2014,saved,0.0,2061
Uncapped,2034,ROW,EB-2,2014,aged_out,59.558767007456375,2061
Uncapped,2034,ROW,EB-2,2014,exited,40.441232992543625,2061
Uncapped,2034,ROW,EB-2,2014,still_dependent,0.0,2061
Uncapped,2034,ROW,EB-3,2014,saved,30.85149665794827,2061
Uncapped,2034,ROW,EB-3,2014,aged_out,30.09590235396687,2061
Uncapped,2034,ROW,EB-3,2014,exited,39.05260098808486,2061
Uncapped,2034,ROW,EB-3,2014,still_dependent,0.0,2061
Uncapped,2034,ROW,EB-4,2014,saved,0.0,2061
Uncapped,2034,ROW,EB-4,2014,aged_out,44.522776572668114,2061
Uncapped,2034,ROW,EB-4,2014,exited,55.477223427331886,2061
Uncapped,2034,ROW,EB-4,2014,still_dependent,0.0,2061
Uncapped,2034,ROW,EB-5,2014,saved,92.6948051948052,2061
Uncapped,2034,ROW,EB-5,2014,aged_out,1.5422077922077921,2061
Uncapped,2034,ROW,EB-5,2014,exited,5.762987012987013,2061
Uncapped,2034,ROW,EB-5,2014,still_dependent,0.0,2061
Uncapped,2035,China,EB-1,2014,saved,93.8090241343127,2061
Uncapped,2035,China,EB-1,2014,aged_out,0.3147953830010493,2061
Uncapped,2035,China,EB-1,2014,exited,5.876180482686254,2061
Uncapped,2035,China,EB-1,2014,still_dependent,0.0,2061
Uncapped,2035,China,EB-2,2014,saved,0.0,2061
Uncapped,2035,China,EB-2,2014,aged_out,69.70986460348162,2061
Uncapped,2035,China,EB-2,2014,exited,30.290135396518377,2061
Uncapped,2035,China,EB-2,2014,still_dependent,0.0,2061
Uncapped,2035,China,EB-3,2014,saved,29.193341869398207,2061
Uncapped,2035,China,EB-3,2014,aged_out,30.17498932991891,2061
Uncapped,2035,China,EB-3,2014,exited,40.63166880068289,2061
Uncapped,2035,China,EB-3,2014,still_dependent,0.0,2061
Uncapped,2035,China,EB-4,2014,saved,0.0,2061
Uncapped,2035,China,EB-4,2014,aged_out,44.11764705882353,2061
Uncapped,2035,China,EB-4,2014,exited,55.88235294117647,2061
Uncapped,2035,China,EB-4,2014,still_dependent,0.0,2061
Uncapped,2035,China,EB-5,2014,saved,94.39739413680782,2061
Uncapped,2035,China,EB-5,2014,aged_out,0.0,2061
Uncapped,2035,China,EB-5,2014,exited,5.602605863192182,2061
Uncapped,2035,China,EB-5,2014,still_dependent,0.0,2061
Uncapped,2035,India,EB-1,2014,saved,95.74647294167193,2061
Uncapped,2035,India,EB-1,2014,aged_out,0.4211412929037692,2061
Uncapped,2035,India,EB-1,2014,exited,3.8323857654243,2061
Uncapped,2035,India,EB-1,2014,still_dependent,0.0,2061
Uncapped,2035,India,EB-2,2014,saved,0.0,2061
Uncapped,2035,India,EB-2,2014,aged_out,70.2090209020902,2061
Uncapped,2035,India,EB-2,2014,exited,29.79097909790979,2061
Uncapped,2035,India,EB-2,2014,still_dependent,0.0,2061
Uncapped,2035,India,EB-3,2014,saved,51.05386416861827,2061
Uncapped,2035,India,EB-3,2014,aged_out,21.865020225675963,2061
Uncapped,2035,India,EB-3,2014,exited,27.08111560570577,2061
Uncapped,2035,India,EB-3,2014,still_dependent,0.0,2061
Uncapped,2035,India,EB-4,2014,saved,0.0,2061
Uncapped,2035,India,EB-4,2014,aged_out,51.55555555555556,2061
Uncapped,2035,India,EB-4,2014,exited,48.44444444444444,2061
Uncapped,2035,India,EB-4,2014,still_dependent,0.0,2061
Uncapped,2035,India,EB-5,2014,saved,93.47496206373293,2061
Uncapped,2035,India,EB-5,2014,aged_out,2.8831562974203337,2061
Uncapped,2035,India,EB-5,2014,exited,3.6418816388467374,2061
Uncapped,2035,India,EB-5,2014,still_dependent,0.0,2061
Uncapped,2035,ROW,EB-1,2014,saved,92.32,2061
Uncapped,2035,ROW,EB-1,2014,aged_out,0.9476923076923077,2061
Uncapped,2035,ROW,EB-1,2014,exited,6.7323076923076925,2061
Uncapped,2035,ROW,EB-1,2014,still_dependent,0.0,2061
Uncapped,2035,ROW,EB-2,2014,saved,0.0,2061
Uncapped,2035,ROW,EB-2,2014,aged_out,59.831526401996726,2061
Uncapped,2035,ROW,EB-2,2014,exited,40.168473598003274,2061
Uncapped,2035,ROW,EB-2,2014,still_dependent,0.0,2061
Uncapped,2035,ROW,EB-3,2014,saved,29.024476347375852,2061
Uncapped,2035,ROW,EB-3,2014,aged_out,29.624617557072252,2061
Uncapped,2035,ROW,EB-3,2014,exited,41.35090609555189,2061
Uncapped,2035,ROW,EB-3,2014,still_dependent,0.0,2061
Uncapped,2035,ROW,EB-4,2014,saved,0.0,2061
Uncapped,2035,ROW,EB-4,2014,aged_out,44.04815787091518,2061
Uncapped,2035,ROW,EB-4,2014,exited,55.95184212908482,2061
Uncapped,2035,ROW,EB-4,2014,still_dependent,0.0,2061
Uncapped,2035,ROW,EB-5,2014,saved,91.9245283018868,2061
Uncapped,2035,ROW,EB-5,2014,aged_out,1.509433962264151,2061
Uncapped,2035,ROW,EB-5,2014,exited,6.566037735849057,2061
Uncapped,2035,ROW,EB-5,2014,still_dependent,0.0,2061
Uncapped,2036,China,EB-1,2014,saved,92.22050489438433,2061
Uncapped,2036,China,EB-1,2014,aged_out,0.7727975270479135,2061
Uncapped,2036,China,EB-1,2014,exited,7.006697578567748,2061
Uncapped,2036,China,EB-1,2014,still_dependent,0.0,2061
Uncapped,2036,China,EB-2,2014,saved,0.0,2061
Uncapped,2036,China,EB-2,2014,aged_out,67.02371843917368,2061
Uncapped,2036,China,EB-2,2014,exited,32.97628156082632,2061
Uncapped,2036,China,EB-2,2014,still_dependent,0.0,2061
Uncapped,2036,China,EB-3,2014,saved,27.868852459016395,2061
Uncapped,2036,China,EB-3,2014,aged_out,32.46812386156648,2061
Uncapped,2036,China,EB-3,2014,exited,39.66302367941712,2061
Uncapped,2036,China,EB-3,2014,still_dependent,0.0,2061
Uncapped,2036,China,EB-4,2014,saved,0.0,2061
Uncapped,2036,China,EB-4,2014,aged_out,45.09803921568628,2061
Uncapped,2036,China,EB-4,2014,exited,54.90196078431372,2061
Uncapped,2036,China,EB-4,2014,still_dependent,0.0,2061
Uncapped,2036,China,EB-5,2014,saved,95.26098901098901,2061
Uncapped,2036,China,EB-5,2014,aged_out,0.0,2061
Uncapped,2036,China,EB-5,2014,exited,4.739010989010989,2061
Uncapped,2036,China,EB-5,2014,still_dependent,0.0,2061
Uncapped,2036,India,EB-1,2014,saved,95.38561525129982,2061
Uncapped,2036,India,EB-1,2014,aged_out,0.7365684575389948,2061
Uncapped,2036,India,EB-1,2014,exited,3.8778162911611784,2061
Uncapped,2036,India,EB-1,2014,still_dependent,0.0,2061
Uncapped,2036,India,EB-2,2014,saved,0.0,2061
Uncapped,2036,India,EB-2,2014,aged_out,70.80721643865482,2061
Uncapped,2036,India,EB-2,2014,exited,29.19278356134518,2061
Uncapped,2036,India,EB-2,2014,still_dependent,0.0,2061
Uncapped,2036,India,EB-3,2014,saved,48.59853385079776,2061
Uncapped,2036,India,EB-3,2014,aged_out,24.191461836998705,2061
Uncapped,2036,India,EB-3,2014,exited,27.210004312203537,2061
Uncapped,2036,India,EB-3,2014,still_dependent,0.0,2061
Uncapped,2036,India,EB-4,2014,saved,0.0,2061
Uncapped,2036,India,EB-4,2014,aged_out,49.41798941798942,2061
Uncapped,2036,India,EB-4,2014,exited,50.58201058201058,2061
Uncapped,2036,India,EB-4,2014,still_dependent,0.0,2061
Uncapped,2036,India,EB-5,2014,saved,92.99719887955182,2061
Uncapped,2036,India,EB-5,2014,aged_out,2.8011204481792715,2061
Uncapped,2036,India,EB-5,2014,exited,4.201680672268908,2061
Uncapped,2036,India,EB-5,2014,still_dependent,0.0,2061
Uncapped,2036,ROW,EB-1,2014,saved,91.95774816948746,2061
Uncapped,2036,ROW,EB-1,2014,aged_out,1.3923898691633658,2061
Uncapped,2036,ROW,EB-1,2014,exited,6.649861961349178,2061
Uncapped,2036,ROW,EB-1,2014,still_dependent,0.0,2061
Uncapped,2036,ROW,EB-2,2014,saved,0.0,2061
Uncapped,2036,ROW,EB-2,2014,aged_out,59.380762138905965,2061
Uncapped,2036,ROW,EB-2,2014,exited,40.619237861094035,2061
Uncapped,2036,ROW,EB-2,2014,still_dependent,0.0,2061
Uncapped,2036,ROW,EB-3,2014,saved,27.998353038056585,2061
Uncapped,2036,ROW,EB-3,2014,aged_out,31.48638315393212,2061
Uncapped,2036,ROW,EB-3,2014,exited,40.51526380801129,2061
Uncapped,2036,ROW,EB-3,2014,still_dependent,0.0,2061
Uncapped,2036,ROW,EB-4,2014,saved,0.0,2061
Uncapped,2036,ROW,EB-4,2014,aged_out,42.80166184971098,2061
Uncapped,2036,ROW,EB-4,2014,exited,57.19833815028902,2061
Uncapped,2036,ROW,EB-4,2014,still_dependent,0.0,2061
Uncapped,2036,ROW,EB-5,2014,saved,91.19448698315468,2061
Uncapped,2036,ROW,EB-5,2014,aged_out,2.5267993874425727,2061
Uncapped,2036,ROW,EB-5,2014,exited,6.278713629402756,2061
Uncapped,2036,ROW,EB-5,2014,still_dependent,0.0,2061
Uncapped,2037,China,EB-1,2014,saved,92.86504424778761,2061
Uncapped,2037,China,EB-1,2014,aged_out,0.38716814159292035,2061
Uncapped,2037,China,EB-1,2014,exited,6.747787610619469,2061
Uncapped,2037,China,EB-1,2014,still_dependent,0.0,2061
Uncapped,2037,China,EB-2,2014,saved,0.0,2061
Uncapped,2037,China,EB-2,2014,aged_out,66.15079365079364,2061
Uncapped,2037,China,EB-2,2014,exited,33.84920634920635,2061
Uncapped,2037,China,EB-2,2014,still_dependent,0.0,2061
Uncapped,2037,China,EB-3,2014,saved,25.886824324324323,2061
Uncapped,2037,China,EB-3,2014,aged_out,32.854729729729726,2061
Uncapped,2037,China,EB-3,2014,exited,41.258445945945944,2061
Uncapped,2037,China,EB-3,2014,still_dependent,0.0,2061
Uncapped,2037,China,EB-4,2014,saved,0.0,2061
Uncapped,2037,China,EB-4,2014,aged_out,36.36363636363637,2061
Uncapped,2037,China,EB-4,2014,exited,63.63636363636363,2061
Uncapped,2037,China,EB-4,2014,still_dependent,0.0,2061
Uncapped,2037,China,EB-5,2014,saved,95.44846050870147,2061
Uncapped,2037,China,EB-5,2014,aged_out,0.0,2061
Uncapped,2037,China,EB-5,2014,exited,4.551539491298527,2061
Uncapped,2037,China,EB-5,2014,still_dependent,0.0,2061
Uncapped,2037,India,EB-1,2014,saved,93.86134363597338,2061
Uncapped,2037,India,EB-1,2014,aged_out,0.77269800386349,2061
Uncapped,2037,India,EB-1,2014,exited,5.365958360163125,2061
Uncapped,2037,India,EB-1,2014,still_dependent,0.0,2061
Uncapped,2037,India,EB-2,2014,saved,0.0,2061
Uncapped,2037,India,EB-2,2014,aged_out,70.91258933479934,2061
Uncapped,2037,India,EB-2,2014,exited,29.08741066520066,2061
Uncapped,2037,India,EB-2,2014,still_dependent,0.0,2061
Uncapped,2037,India,EB-3,2014,saved,46.42934664640764,2061
Uncapped,2037,India,EB-3,2014,aged_out,25.244193618406772,2061
Uncapped,2037,India,EB-3,2014,exited,28.326459735185587,2061
Uncapped,2037,India,EB-3,2014,still_dependent,0.0,2061
Uncapped,2037,India,EB-4,2014,saved,0.0,2061
Uncapped,2037,India,EB-4,2014,aged_out,45.40420819490587,2061
Uncapped,2037,India,EB-4,2014,exited,54.59579180509413,2061
Uncapped,2037,India,EB-4,2014,still_dependent,0.0,2061
Uncapped,2037,India,EB-5,2014,saved,95.09116409537167,2061
Uncapped,2037,India,EB-5,2014,aged_out,1.402524544179523,2061
Uncapped,2037,India,EB-5,2014,exited,3.506311360448808,2061
Uncapped,2037,India,EB-5,2014,still_dependent,0.0,2061
Uncapped,2037,ROW,EB-1,2014,saved,91.0603668164703,2061
Uncapped,2037,ROW,EB-1,2014,aged_out,1.639742499696344,2061
Uncapped,2037,ROW,EB-1,2014,exited,7.299890683833354,2061
Uncapped,2037,ROW,EB-1,2014,still_dependent,0.0,2061
Uncapped,2037,ROW,EB-2,2014,saved,0.0,2061
Uncapped,2037,ROW,EB-2,2014,aged_out,58.778625954198475,2061
Uncapped,2037,ROW,EB-2,2014,exited,41.221374045801525,2061
Uncapped,2037,ROW,EB-2,2014,still_dependent,0.0,2061
Uncapped,2037,ROW,EB-3,2014,saved,26.123778501628664,2061
Uncapped,2037,ROW,EB-3,2014,aged_out,33.02339354456618,2061
Uncapped,2037,ROW,EB-3,2014,exited,40.85282795380515,2061
Uncapped,2037,ROW,EB-3,2014,still_dependent,0.0,2061
Uncapped,2037,ROW,EB-4,2014,saved,0.0,2061
Uncapped,2037,ROW,EB-4,2014,aged_out,43.693322341302554,2061
Uncapped,2037,ROW,EB-4,2014,exited,56.306677658697446,2061
Uncapped,2037,ROW,EB-4,2014,still_dependent,0.0,2061
Uncapped,2037,ROW,EB-5,2014,saved,90.19769357495882,2061
Uncapped,2037,ROW,EB-5,2014,aged_out,2.9654036243822075,2061
Uncapped,2037,ROW,EB-5,2014,exited,6.8369028006589785,2061
Uncapped,2037,ROW,EB-5,2014,still_dependent,0.0,2061
Uncapped,2038,China,EB-1,2014,saved,92.32444202504082,2061
Uncapped,2038,China,EB-1,2014,aged_out,0.9254218835057159,2061
Uncapped,2038,China,EB-1,2014,exited,6.750136091453457,2061
Uncapped,2038,China,EB-1,2014,still_dependent,0.0,2061
Uncapped,2038,China,EB-2,2014,saved,0.0,2061
Uncapped,2038,China,EB-2,2014,aged_out,69.30539386883973,2061
Uncapped,2038,China,EB-2,2014,exited,30.694606131160263,2061
Uncapped,2038,China,EB-2,2014,still_dependent,0.0,2061
Uncapped,2038,China,EB-3,2014,saved,25.591586327782647,2061
Uncapped,2038,China,EB-3,2014,aged_out,31.463628396143733,2061
Uncapped,2038,China,EB-3,2014,exited,42.94478527607362,2061
Uncapped,2038,China,EB-3,2014,still_dependent,0.0,2061
Uncapped,2038,China,EB-4,2014,saved,0.0,2061
Uncapped,2038,China,EB-4,2014,aged_out,64.91228070175438,2061
Uncapped,2038,China,EB-4,2014,exited,35.08771929824562,2061
Uncapped,2038,China,EB-4,2014,still_dependent,0.0,2061
Uncapped,2038,China,EB-5,2014,saved,94.15584415584415,2061
Uncapped,2038,China,EB-5,2014,aged_out,0.0,2061
Uncapped,2038,China,EB-5,2014,exited,5.8441558441558445,2061
Uncapped,2038,China,EB-5,2014,still_dependent,0.0,2061
Uncapped,2038,India,EB-1,2014,saved,95.18502943650127,2061
Uncapped,2038,India,EB-1,2014,aged_out,0.9671993271656855,2061
Uncapped,2038,India,EB-1,2014,exited,3.847771236333053,2061
Uncapped,2038,India,EB-1,2014,still_dependent,0.0,2061
Uncapped,2038,India,EB-2,2014,saved,0.0,2061
Uncapped,2038,India,EB-2,2014,aged_out,71.21384773997504,2061
Uncapped,2038,India,EB-2,2014,exited,28.78615226002496,2061
Uncapped,2038,India,EB-2,2014,still_dependent,0.0,2061
Uncapped,2038,India,EB-3,2014,saved,46.25732262963766,2061
Uncapped,2038,India,EB-3,2014,aged_out,26.730310262529834,2061
Uncapped,2038,India,EB-3,2014,exited,27.012367107832503,2061
Uncapped,2038,India,EB-3,2014,still_dependent,0.0,2061
Uncapped,2038,India,EB-4,2014,saved,0.0,2061
Uncapped,2038,India,EB-4,2014,aged_out,51.979166666666664,2061
Uncapped,2038,India,EB-4,2014,exited,48.020833333333336,2061
Uncapped,2038,India,EB-4,2014,still_dependent,0.0,2061
Uncapped,2038,India,EB-5,2014,saved,94.9771689497717,2061
Uncapped,2038,India,EB-5,2014,aged_out,1.21765601217656,2061
Uncapped,2038,India,EB-5,2014,exited,3.8051750380517504,2061
Uncapped,2038,India,EB-5,2014,still_dependent,0.0,2061
Uncapped,2038,ROW,EB-1,2014,saved,90.1085193962829,2061
Uncapped,2038,ROW,EB-1,2014,aged_out,2.2452288886117002,2061
Uncapped,2038,ROW,EB-1,2014,exited,7.646251715105401,2061
Uncapped,2038,ROW,EB-1,2014,still_dependent,0.0,2061
Uncapped,2038,ROW,EB-2,2014,saved,0.0,2061
Uncapped,2038,ROW,EB-2,2014,aged_out,58.507553792156266,2061
Uncapped,2038,ROW,EB-2,2014,exited,41.492446207843734,2061
Uncapped,2038,ROW,EB-2,2014,still_dependent,0.0,2061
Uncapped,2038,ROW,EB-3,2014,saved,25.126593329841103,2061
Uncapped,2038,ROW,EB-3,2014,aged_out,32.92590652464932,2061
Uncapped,2038,ROW,EB-3,2014,exited,41.94750014550957,2061
Uncapped,2038,ROW,EB-3,2014,still_dependent,0.0,2061
Uncapped,2038,ROW,EB-4,2014,saved,0.0,2061
Uncapped,2038,ROW,EB-4,2014,aged_out,45.24130493394446,2061
Uncapped,2038,ROW,EB-4,2014,exited,54.75869506605554,2061
Uncapped,2038,ROW,EB-4,2014,still_dependent,0.0,2061
Uncapped,2038,ROW,EB-5,2014,saved,91.87935034802784,2061
Uncapped,2038,ROW,EB-5,2014,aged_out,3.7122969837587005,2061
Uncapped,2038,ROW,EB-5,2014,exited,4.408352668213457,2061
Uncapped,2038,ROW,EB-5,2014,still_dependent,0.0,2061
Uncapped,2039,China,EB-1,2014,saved,91.62132752992383,2061
Uncapped,2039,China,EB-1,2014,aged_out,1.3057671381936888,2061
Uncapped,2039,China,EB-1,2014,exited,7.072905331882481,2061
Uncapped,2039,China,EB-1,2014,still_dependent,0.0,2061
Uncapped,2039,China,EB-2,2014,saved,0.0,2061
Uncapped,2039,China,EB-2,2014,aged_out,65.79476861167002,2061
Uncapped,2039,China,EB-2,2014,exited,34.20523138832998,2061
Uncapped,2039,China,EB-2,2014,still_dependent,0.0,2061
Uncapped,2039,China,EB-3,2014,saved,24.661016949152543,2061
Uncapped,2039,China,EB-3,2014,aged_out,33.09322033898305,2061
Uncapped,2039,China,EB-3,2014,exited,42.24576271186441,2061
Uncapped,2039,China,EB-3,2014,still_dependent,0.0,2061
Uncapped,2039,China,EB-4,2014,saved,0.0,2061
Uncapped,2039,China,EB-4,2014,aged_out,46.774193548387096,2061
Uncapped,2039,China,EB-4,2014,exited,53.225806451612904,2061
Uncapped,2039,China,EB-4,2014,still_dependent,0.0,2061
Uncapped,2039,China,EB-5,2014,saved,95.76043068640647,2061
Uncapped,2039,China,EB-5,2014,aged_out,0.0,2061
Uncapped,2039,China,EB-5,2014,exited,4.23956931359354,2061
Uncapped,2039,China,EB-5,2014,still_dependent,0.0,2061
Uncapped,2039,India,EB-1,2014,saved,94.28152492668622,2061
Uncapped,2039,India,EB-1,2014,aged_out,0.8797653958944281,2061
Uncapped,2039,India,EB-1,2014,exited,4.838709677419355,2061
Uncapped,2039,India,EB-1,2014,still_dependent,0.0,2061
Uncapped,2039,India,EB-2,2014,saved,0.0,2061
Uncapped,2039,India,EB-2,2014,aged_out,70.91411242283115,2061
Uncapped,2039,India,EB-2,2014,exited,29.08588757716885,2061
Uncapped,2039,India,EB-2,2014,still_dependent,0.0,2061
Uncapped,2039,India,EB-3,2014,saved,45.09030516919244,2061
Uncapped,2039,India,EB-3,2014,aged_out,26.904712476645216,2061
Uncapped,2039,India,EB-3,2014,exited,28.00498235416234,2061
Uncapped,2039,India,EB-3,2014,still_dependent,0.0,2061
Uncapped,2039,India,EB-4,2014,saved,0.0,2061
Uncapped,2039,India,EB-4,2014,aged_out,50.42918454935622,2061
Uncapped,2039,India,EB-4,2014,exited,49.57081545064378,2061
Uncapped,2039,India,EB-4,2014,still_dependent,0.0,2061
Uncapped,2039,India,EB-5,2014,saved,94.96598639455782,2061
Uncapped,2039,India,EB-5,2014,aged_out,2.0408163265306123,2061
Uncapped,2039,India,EB-5,2014,exited,2.993197278911565,2061
Uncapped,2039,India,EB-5,2014,still_dependent,0.0,2061
Uncapped,2039,ROW,EB-1,2014,saved,89.52520802741067,2061
Uncapped,2039,ROW,EB-1,2014,aged_out,2.520802741067058,2061
Uncapped,2039,ROW,EB-1,2014,exited,7.9539892315222716,2061
Uncapped,2039,ROW,EB-1,2014,still_dependent,0.0,2061
Uncapped,2039,ROW,EB-2,2014,saved,0.0,2061
Uncapped,2039,ROW,EB-2,2014,aged_out,58.825734853029395,2061
Uncapped,2039,ROW,EB-2,2014,exited,41.174265146970605,2061
Uncapped,2039,ROW,EB-2,2014,still_dependent,0.0,2061
Uncapped,2039,ROW,EB-3,2014,saved,24.47503499766682,2061
Uncapped,2039,ROW,EB-3,2014,aged_out,34.204386374241714,2061
Uncapped,2039,ROW,EB-3,2014,exited,41.32057862809146,2061
Uncapped,2039,ROW,EB-3,2014,still_dependent,0.0,2061
Uncapped,2039,ROW,EB-4,2014,saved,0.0,2061
Uncapped,2039,ROW,EB-4,2014,aged_out,43.58903605592347,2061
Uncapped,2039,ROW,EB-4,2014,exited,56.41096394407653,2061
Uncapped,2039,ROW,EB-4,2014,still_dependent,0.0,2061
Uncapped,2039,ROW,EB-5,2014,saved,92.19143576826197,2061
Uncapped,2039,ROW,EB-5,2014,aged_out,1.8471872376154492,2061
Uncapped,2039,ROW,EB-5,2014,exited,5.9613769941225865,2061
Uncapped,2039,ROW,EB-5,2014,still_dependent,0.0,2061
Uncapped,2040,China,EB-1,2014,saved,92.39524055871702,2061
Uncapped,2040,China,EB-1,2014,aged_out,1.396792550439731,2061
Uncapped,2040,China,EB-1,2014,exited,6.207966890843249,2061
Uncapped,2040,China,EB-1,2014,still_dependent,0.0,2061
Uncapped,2040,China,EB-2,2014,saved,0.0,2061
Uncapped,2040,China,EB-2,2014,aged_out,66.80576631259484,2061
Uncapped,2040,China,EB-2,2014,exited,33.19423368740516,2061
Uncapped,2040,China,EB-2,2014,still_dependent,0.0,2061
Uncapped,2040,China,EB-3,2014,saved,22.96137339055794,2061
Uncapped,2040,China,EB-3,2014,aged_out,35.53648068669528,2061
Uncapped,2040,China,EB-3,2014,exited,41.502145922746784,2061
Uncapped,2040,China,EB-3,2014,still_dependent,0.0,2061
Uncapped,2040,China,EB-4,2014,saved,0.0,2061
Uncapped,2040,China,EB-4,2014,aged_out,47.45762711864407,2061
Uncapped,2040,China,EB-4,2014,exited,52.54237288135593,2061
Uncapped,2040,China,EB-4,2014,still_dependent,0.0,2061
Uncapped,2040,China,EB-5,2014,saved,95.66360052562418,2061
Uncapped,2040,China,EB-5,2014,aged_out,0.0,2061
Uncapped,2040,China,EB-5,2014,exited,4.336399474375821,2061
Uncapped,2040,China,EB-5,2014,still_dependent,0.0,2061
Uncapped,2040,India,EB-1,2014,saved,93.66367024775269,2061
Uncapped,2040,India,EB-1,2014,aged_out,0.855075641306731,2061
Uncapped,2040,India,EB-1,2014,exited,5.481254110940583,2061
Uncapped,2040,India,EB-1,2014,still_dependent,0.0,2061
Uncapped,2040,India,EB-2,2014,saved,0.0,2061
Uncapped,2040,India,EB-2,2014,aged_out,70.1030359799438,2061
Uncapped,2040,India,EB-2,2014,exited,29.896964020056203,2061
Uncapped,2040,India,EB-2,2014,still_dependent,0.0,2061
Uncapped,2040,India,EB-3,2014,saved,40.50991501416431,2061
Uncapped,2040,India,EB-3,2014,aged_out,30.22444977119198,2061
Uncapped,2040,India,EB-3,2014,exited,29.265635214643712,2061
Uncapped,2040,India,EB-3,2014,still_dependent,0.0,2061
Uncapped,2040,India,EB-4,2014,saved,0.0,2061
Uncapped,2040,India,EB-4,2014,aged_out,47.88418708240535,2061
Uncapped,2040,India,EB-4,2014,exited,52.11581291759465,2061
Uncapped,2040,India,EB-4,2014,still_dependent,0.0,2061
Uncapped,2040,India,EB-5,2014,saved,96.10027855153203,2061
Uncapped,2040,India,EB-5,2014,aged_out,1.2534818941504178,2061
Uncapped,2040,India,EB-5,2014,exited,2.6462395543175488,2061
Uncapped,2040,India,EB-5,2014,still_dependent,0.0,2061
Uncapped,2040,ROW,EB-1,2014,saved,89.60832313341493,2061
Uncapped,2040,ROW,EB-1,2014,aged_out,2.802937576499388,2061
Uncapped,2040,ROW,EB-1,2014,exited,7.588739290085679,2061
Uncapped,2040,ROW,EB-1,2014,still_dependent,0.0,2061
Uncapped,2040,ROW,EB-2,2014,saved,0.0,2061
Uncapped,2040,ROW,EB-2,2014,aged_out,59.08231914732784,2061
Uncapped,2040,ROW,EB-2,2014,exited,40.91768085267216,2061
Uncapped,2040,ROW,EB-2,2014,still_dependent,0.0,2061
Uncapped,2040,ROW,EB-3,2014,saved,21.625065153182373,2061
Uncapped,2040,ROW,EB-3,2014,aged_out,35.773440667168586,2061
Uncapped,2040,ROW,EB-3,2014,exited,42.601494179649045,2061
Uncapped,2040,ROW,EB-3,2014,still_dependent,0.0,2061
Uncapped,2040,ROW,EB-4,2014,saved,0.0,2061
Uncapped,2040,ROW,EB-4,2014,aged_out,43.54750637058609,2061
Uncapped,2040,ROW,EB-4,2014,exited,56.45249362941391,2061
Uncapped,2040,ROW,EB-4,2014,still_dependent,0.0,2061
Uncapped,2040,ROW,EB-5,2014,saved,92.76054097056483,2061
Uncapped,2040,ROW,EB-5,2014,aged_out,1.6706443914081146,2061
Uncapped,2040,ROW,EB-5,2014,exited,5.568814638027049,2061
Uncapped,2040,ROW,EB-5,2014,still_dependent,0.0,2061
Capped,2009,China,EB-1,2014,saved,100.0,2061
Capped,2009,China,EB-1,2014,aged_out,0.0,2061
Capped,2009,China,EB-1,2014,exited,0.0,2061
Capped,2009,China,EB-1,2014,still_dependent,0.0,2061
Capped,2009,China,EB-2,2014,saved,96.97549770290965,2061
Capped,2009,China,EB-2,2014,aged_out,0.0,2061
Capped,2009,China,EB-2,2014,exited,3.0245022970903523,2061
Capped,2009,China,EB-2,2014,still_dependent,0.0,2061
Capped,2009,China,EB-3,2014,saved,66.49412701572766,2061
Capped,2009,China,EB-3,2014,aged_out,9.725263786581724,2061
Capped,2009,China,EB-3,2014,exited,23.780609197690623,2061
Capped,2009,China,EB-3,2014,still_dependent,0.0,2061
Capped,2009,China,EB-4,2014,saved,100.0,2061
Capped,2009,China,EB-4,2014,aged_out,0.0,2061
Capped,2009,China,EB-4,2014,exited,0.0,2061
Capped,2009,China,EB-4,2014,still_dependent,0.0,2061
Capped,2009,China,EB-5,2014,saved,100.0,2061
Capped,2009,China,EB-5,2014,aged_out,0.0,2061
Capped,2009,China,EB-5,2014,exited,0.0,2061
Capped,2009,China,EB-5,2014,still_dependent,0.0,2061
Capped,2009,India,EB-1,2014,saved,100.0,2061
Capped,2009,India,EB-1,2014,aged_out,0.0,2061
Capped,2009,India,EB-1,2014,exited,0.0,2061
Capped,2009,India,EB-1,2014,still_dependent,0.0,2061
Capped,2009,India,EB-2,2014,saved,98.14073595868302,2061
Capped,2009,India,EB-2,2014,aged_out,0.0,2061
Capped,2009,India,EB-2,2014,exited,1.8592640413169788,2061
Capped,2009,India,EB-2,2014,still_dependent,0.0,2061
Capped,2009,India,EB-3,2014,saved,41.26764886433395,2061
Capped,2009,India,EB-3,2014,aged_out,31.87794147738899,2061
Capped,2009,India,EB-3,2014,exited,26.85440965827706,2061
Capped,2009,India,EB-3,2014,still_dependent,0.0,2061
Capped,2009,India,EB-4,2014,saved,100.0,2061
Capped,2009,India,EB-4,2014,aged_out,0.0,2061
Capped,2009,India,EB-4,2014,exited,0.0,2061
Capped,2009,India,EB-4,2014,still_dependent,0.0,2061
Capped,2009,India,EB-5,2014,saved,100.0,2061
Capped,2009,India,EB-5,2014,aged_out,0.0,2061
Capped,2009,India,EB-5,2014,exited,0.0,2061
Capped,2009,India,EB-5,2014,still_dependent,0.0,2061
Capped,2009,ROW,EB-1,2014,saved,100.0,2061
Capped,2009,ROW,EB-1,2014,aged_out,0.0,2061
Capped,2009,ROW,EB-1,2014,exited,0.0,2061
Capped,2009,ROW,EB-1,2014,still_dependent,0.0,2061
Capped,2009,ROW,EB-2,2014,saved,100.0,2061
Capped,2009,ROW,EB-2,2014,aged_out,0.0,2061
Capped,2009,ROW,EB-2,2014,exited,0.0,2061
Capped,2009,ROW,EB-2,2014,still_dependent,0.0,2061
Capped,2009,ROW,EB-3,2014,saved,92.08932888223782,2061
Capped,2009,ROW,EB-3,2014,aged_out,0.25094969494647174,2061
Capped,2009,ROW,EB-3,2014,exited,7.659721422815702,2061
Capped,2009,ROW,EB-3,2014,still_dependent,0.0,2061
Capped,2009,ROW,EB-4,2014,saved,99.88797610156834,2061
Capped,2009,ROW,EB-4,2014,aged_out,0.0,2061
Capped,2009,ROW,EB-4,2014,exited,0.11202389843166542,2061
Capped,2009,ROW,EB-4,2014,still_dependent,0.0,2061
Capped,2009,ROW,EB-5,2014,saved,100.0,2061
Capped,2009,ROW,EB-5,2014,aged_out,0.0,2061
Capped,2009,ROW,EB-5,2014,exited,0.0,2061
Capped,2009,ROW,EB-5,2014,still_dependent,0.0,2061
Capped,2010,China,EB-1,2014,saved,100.0,2061
Capped,2010,China,EB-1,2014,aged_out,0.0,2061
Capped,2010,China,EB-1,2014,exited,0.0,2061
Capped,2010,China,EB-1,2014,still_dependent,0.0,2061
Capped,2010,China,EB-2,2014,saved,93.49269588313413,2061
Capped,2010,China,EB-2,2014,aged_out,0.0,2061
Capped,2010,China,EB-2,2014,exited,6.50730411686587,2061
Capped,2010,China,EB-2,2014,still_dependent,0.0,2061
Capped,2010,China,EB-3,2014,saved,41.666666666666664,2061
Capped,2010,China,EB-3,2014,aged_out,22.916666666666668,2061
Capped,2010,China,EB-3,2014,exited,35.416666666666664,2061
Capped,2010,China,EB-3,2014,still_dependent,0.0,2061
Capped,2010,China,EB-5,2014,saved,100.0,2061
Capped,2010,China,EB-5,2014,aged_out,0.0,2061
Capped,2010,China,EB-5,2014,exited,0.0,2061
Capped,2010,China,EB-5,2014,still_dependent,0.0,2061
Capped,2010,India,EB-1,2014,saved,100.0,2061
Capped,2010,India,EB-1,2014,aged_out,0.0,2061
Capped,2010,India,EB-1,2014,exited,0.0,2061
Capped,2010,India,EB-1,2014,still_dependent,0.0,2061
Capped,2010,India,EB-2,2014,saved,94.59193706981317,2061
Capped,2010,India,EB-2,2014,aged_out,0.1685630004214075,2061
Capped,2010,India,EB-2,2014,exited,5.239499929765416,2061
Capped,2010,India,EB-2,2014,still_dependent,0.0,2061
Capped,2010,India,EB-3,2014,saved,0.0,2061
Capped,2010,India,EB-3,2014,aged_out,67.03800786369594,2061
Capped,2010,India,EB-3,2014,exited,32.96199213630406,2061
Capped,2010,India,EB-3,2014,still_dependent,0.0,2061
Capped,2010,India,EB-4,2014,saved,100.0,2061
Capped,2010,India,EB-4,2014,aged_out,0.0,2061
Capped,2010,India,EB-4,2014,exited,0.0,2061
Capped,2010,India,EB-4,2014,still_dependent,0.0,2061
Capped,2010,India,EB-5,2014,saved,100.0,2061
Capped,2010,India,EB-5,2014,aged_out,0.0,2061
Capped,2010,India,EB-5,2014,exited,0.0,2061
Capped,2010,India,EB-5,2014,still_dependent,0.0,2061
Capped,2010,ROW,EB-1,2014,saved,100.0,2061
Capped,2010,ROW,EB-1,2014,aged_out,0.0,2061
Capped,2010,ROW,EB-1,2014,exited,0.0,2061
Capped,2010,ROW,EB-1,2014,still_dependent,0.0,2061
Capped,2010,ROW,EB-2,2014,saved,99.97833622183708,2061
Capped,2010,ROW,EB-2,2014,aged_out,0.0,2061
Capped,2010,ROW,EB-2,2014,exited,0.021663778162911613,2061
Capped,2010,ROW,EB-2,2014,still_dependent,0.0,2061
Capped,2010,ROW,EB-3,2014,saved,86.14097968936679,2061
Capped,2010,ROW,EB-3,2014,aged_out,1.0240655401945724,2061
Capped,2010,ROW,EB-3,2014,exited,12.83495477043864,2061
Capped,2010,ROW,EB-3,2014,still_dependent,0.0,2061
Capped,2010,ROW,EB-4,2014,saved,98.74342489772063,2061
Capped,2010,ROW,EB-4,2014,aged_out,0.0,2061
Capped,2010,ROW,EB-4,2014,exited,1.2565751022793687,2061
Capped,2010,ROW,EB-4,2014,still_dependent,0.0,2061
Capped,2010,ROW,EB-5,2014,saved,100.0,2061
Capped,2010,ROW,EB-5,2014,aged_out,0.0,2061
Capped,2010,ROW,EB-5,2014,exited,0.0,2061
Capped,2010,ROW,EB-5,2014,still_dependent,0.0,2061
Capped,2011,China,EB-1,2014,saved,100.0,2061
Capped,2011,China,EB-1,2014,aged_out,0.0,2061
Capped,2011,China,EB-1,2014,exited,0.0,2061
Capped,2011,China,EB-1,2014,still_dependent,0.0,2061
Capped,2011,China,EB-2,2014,saved,87.1559633027523,2061
Capped,2011,China,EB-2,2014,aged_out,0.6553079947575361,2061
Capped,2011,China,EB-2,2014,exited,12.18872870249017,2061
Capped,2011,China,EB-2,2014,still_dependent,0.0,2061
Capped,2011,China,EB-3,2014,saved,49.12280701754386,2061
Capped,2011,China,EB-3,2014,aged_out,15.789473684210526,2061
Capped,2011,China,EB-3,2014,exited,35.08771929824562,2061
Capped,2011,China,EB-3,2014,still_dependent,0.0,2061
Capped,2011,China,EB-4,2014,saved,100.0,2061
Capped,2011,China,EB-4,2014,aged_out,0.0,2061
Capped,2011,China,EB-4,2014,exited,0.0,2061
Capped,2011,China,EB-4,2014,still_dependent,0.0,2061
Capped,2011,China,EB-5,2014,saved,100.0,2061
Capped,2011,China,EB-5,2014,aged_out,0.0,2061
Capped,2011,China,EB-5,2014,exited,0.0,2061
Capped,2011,China,EB-5,2014,still_dependent,0.0,2061
Capped,2011,India,EB-1,2014,saved,100.0,2061
Capped,2011,India,EB-1,2014,aged_out,0.0,2061
Capped,2011,India,EB-1,2014,exited,0.0,2061
Capped,2011,India,EB-1,2014,still_dependent,0.0,2061
Capped,2011,India,EB-2,2014,saved,80.86832061068702,2061
Capped,2011,India,EB-2,2014,aged_out,4.971374045801527,2061
Capped,2011,India,EB-2,2014,exited,14.16030534351145,2061
Capped,2011,India,EB-2,2014,still_dependent,0.0,2061
Capped,2011,India,EB-3,2014,saved,0.0,2061
Capped,2011,India,EB-3,2014,aged_out,64.80284421460892,2061
Capped,2011,India,EB-3,2014,exited,35.19715578539108,2061
Capped,2011,India,EB-3,2014,still_dependent,0.0,2061
Capped,2011,India,EB-4,2014,saved,99.4949494949495,2061
Capped,2011,India,EB-4,2014,aged_out,0.0,2061
Capped,2011,India,EB-4,2014,exited,0.5050505050505051,2061
Capped,2011,India,EB-4,2014,still_dependent,0.0,2061
Capped,2011,India,EB-5,2014,saved,100.0,2061
Capped,2011,India,EB-5,2014,aged_out,0.0,2061
Capped,2011,India,EB-5,2014,exited,0.0,2061
Capped,2011,India,EB-5,2014,still_dependent,0.0,2061
Capped,2011,ROW,EB-1,2014,saved,100.0,2061
Capped,2011,ROW,EB-1,2014,aged_out,0.0,2061
Capped,2011,ROW,EB-1,2014,exited,0.0,2061
Capped,2011,ROW,EB-1,2014,still_dependent,0.0,2061
Capped,2011,ROW,EB-2,2014,saved,99.65224506494835,2061
Capped,2011,ROW,EB-2,2014,aged_out,0.0,2061
Capped,2011,ROW,EB-2,2014,exited,0.34775493505165184,2061
Capped,2011,ROW,EB-2,2014,still_dependent,0.0,2061
Capped,2011,ROW,EB-3,2014,saved,86.75057208237986,2061
Capped,2011,ROW,EB-3,2014,aged_out,0.5491990846681922,2061
Capped,2011,ROW,EB-3,2014,exited,12.700228832951945,2061
Capped,2011,ROW,EB-3,2014,still_dependent,0.0,2061
Capped,2011,ROW,EB-4,2014,saved,94.97784342688331,2061
Capped,2011,ROW,EB-4,2014,aged_out,0.049236829148202856,2061
Capped,2011,ROW,EB-4,2014,exited,4.972919743968489,2061
Capped,2011,ROW,EB-4,2014,still_dependent,0.0,2061
Capped,2011,ROW,EB-5,2014,saved,100.0,2061
Capped,2011,ROW,EB-5,2014,aged_out,0.0,2061
Capped,2011,ROW,EB-5,2014,exited,0.0,2061
Capped,2011,ROW,EB-5,2014,still_dependent,0.0,2061
Capped,2012,China,EB-1,2014,saved,100.0,2061
Capped,2012,China,EB-1,2014,aged_out,0.0,2061
Capped,2012,China,EB-1,2014,exited,0.0,2061
Capped,2012,China,EB-1,2014,still_dependent,0.0,2061
Capped,2012,China,EB-2,2014,saved,85.54533508541392,2061
Capped,2012,China,EB-2,2014,aged_out,0.657030223390276,2061
Capped,2012,China,EB-2,2014,exited,13.797634691195794,2061
Capped,2012,China,EB-2,2014,still_dependent,0.0,2061
Capped,2012,China,EB-3,2014,saved,51.42857142857143,2061
Capped,2012,China,EB-3,2014,aged_out,14.285714285714286,2061
Capped,2012,China,EB-3,2014,exited,34.285714285714285,2061
Capped,2012,China,EB-3,2014,still_dependent,0.0,2061
Capped,2012,China,EB-4,2014,saved,85.71428571428571,2061
Capped,2012,China,EB-4,2014,aged_out,0.0,2061
Capped,2012,China,EB-4,2014,exited,14.285714285714286,2061
Capped,2012,China,EB-4,2014,still_dependent,0.0,2061
Capped,2012,China,EB-5,2014,saved,100.0,2061
Capped,2012,China,EB-5,2014,aged_out,0.0,2061
Capped,2012,China,EB-5,2014,exited,0.0,2061
Capped,2012,China,EB-5,2014,still_dependent,0.0,2061
Capped,2012,India,EB-1,2014,saved,100.0,2061
Capped,2012,India,EB-1,2014,aged_out,0.0,2061
Capped,2012,India,EB-1,2014,exited,0.0,2061
Capped,2012,India,EB-1,2014,still_dependent,0.0,2061
Capped,2012,India,EB-2,2014,saved,78.34413109756098,2061
Capped,2012,India,EB-2,2014,aged_out,6.431021341463414,2061
Capped,2012,India,EB-2,2014,exited,15.22484756097561,2061
Capped,2012,India,EB-2,2014,still_dependent,0.0,2061
Capped,2012,India,EB-3,2014,saved,0.0,2061
Capped,2012,India,EB-3,2014,aged_out,65.72192513368984,2061
Capped,2012,India,EB-3,2014,exited,34.27807486631016,2061
Capped,2012,India,EB-3,2014,still_dependent,0.0,2061
Capped,2012,India,EB-4,2014,saved,94.1919191919192,2061
Capped,2012,India,EB-4,2014,aged_out,0.7575757575757576,2061
Capped,2012,India,EB-4,2014,exited,5.05050505050505,2061
Capped,2012,India,EB-4,2014,still_dependent,0.0,2061
Capped,2012,India,EB-5,2014,saved,100.0,2061
Capped,2012,India,EB-5,2014,aged_out,0.0,2061
Capped,2012,India,EB-5,2014,exited,0.0,2061
Capped,2012,India,EB-5,2014,still_dependent,0.0,2061
Capped,2012,ROW,EB-1,2014,saved,100.0,2061
Capped,2012,ROW,EB-1,2014,aged_out,0.0,2061
Capped,2012,ROW,EB-1,2014,exited,0.0,2061
Capped,2012,ROW,EB-1,2014,still_dependent,0.0,2061
Capped,2012,ROW,EB-2,2014,saved,99.39448306795245,2061
Capped,2012,ROW,EB-2,2014,aged_out,0.0,2061
Capped,2012,ROW,EB-2,2014,exited,0.6055169320475443,2061
Capped,2012,ROW,EB-2,2014,still_dependent,0.0,2061
Capped,2012,ROW,EB-3,2014,saved,90.13578274760384,2061
Capped,2012,ROW,EB-3,2014,aged_out,0.039936102236421724,2061
Capped,2012,ROW,EB-3,2014,exited,9.824281150159745,2061
Capped,2012,ROW,EB-3,2014,still_dependent,0.0,2061
Capped,2012,ROW,EB-4,2014,saved,88.66494401378122,2061
Capped,2012,ROW,EB-4,2014,aged_out,0.5340223944875108,2061
Capped,2012,ROW,EB-4,2014,exited,10.801033591731267,2061
Capped,2012,ROW,EB-4,2014,still_dependent,0.0,2061
Capped,2012,ROW,EB-5,2014,saved,100.0,2061
Capped,2012,ROW,EB-5,2014,aged_out,0.0,2061
Capped,2012,ROW,EB-5,2014,exited,0.0,2061
Capped,2012,ROW,EB-5,2014,still_dependent,0.0,2061
Capped,2013,China,EB-1,2014,saved,100.0,2061
Capped,2013,China,EB-1,2014,aged_out,0.0,2061
Capped,2013,China,EB-1,2014,exited,0.0,2061
Capped,2013,China,EB-1,2014,still_dependent,0.0,2061
Capped,2013,China,EB-2,2014,saved,86.38360175695462,2061
Capped,2013,China,EB-2,2014,aged_out,1.4641288433382138,2061
Capped,2013,China,EB-2,2014,exited,12.152269399707174,2061
Capped,2013,China,EB-2,2014,still_dependent,0.0,2061
Capped,2013,China,EB-3,2014,saved,49.12280701754386,2061
Capped,2013,China,EB-3,2014,aged_out,13.157894736842104,2061
Capped,2013,China,EB-3,2014,exited,37.719298245614034,2061
Capped,2013,China,EB-3,2014,still_dependent,0.0,2061
Capped,2013,China,EB-4,2014,saved,90.625,2061
Capped,2013,China,EB-4,2014,aged_out,0.0,2061
Capped,2013,China,EB-4,2014,exited,9.375,2061
Capped,2013,China,EB-4,2014,still_dependent,0.0,2061
Capped,2013,China,EB-5,2014,saved,100.0,2061
Capped,2013,China,EB-5,2014,aged_out,0.0,2061
Capped,2013,China,EB-5,2014,exited,0.0,2061
Capped,2013,China,EB-5,2014,still_dependent,0.0,2061
Capped,2013,India,EB-1,2014,saved,100.0,2061
Capped,2013,India,EB-1,2014,aged_out,0.0,2061
Capped,2013,India,EB-1,2014,exited,0.0,2061
Capped,2013,India,EB-1,2014,still_dependent,0.0,2061
Capped,2013,India,EB-2,2014,saved,70.78618225134008,2061
Capped,2013,India,EB-2,2014,aged_out,12.338693666865197,2061
Capped,2013,India,EB-2,2014,exited,16.87512408179472,2061
Capped,2013,India,EB-2,2014,still_dependent,0.0,2061
Capped,2013,India,EB-3,2014,saved,0.0,2061
Capped,2013,India,EB-3,2014,aged_out,64.53018046048538,2061
Capped,2013,India,EB-3,2014,exited,35.469819539514624,2061
Capped,2013,India,EB-3,2014,still_dependent,0.0,2061
Capped,2013,India,EB-4,2014,saved,86.78977272727273,2061
Capped,2013,India,EB-4,2014,aged_out,1.7045454545454546,2061
Capped,2013,India,EB-4,2014,exited,11.505681818181818,2061
Capped,2013,India,EB-4,2014,still_dependent,0.0,2061
Capped,2013,India,EB-5,2014,saved,100.0,2061
Capped,2013,India,EB-5,2014,aged_out,0.0,2061
Capped,2013,India,EB-5,2014,exited,0.0,2061
Capped,2013,India,EB-5,2014,still_dependent,0.0,2061
Capped,2013,ROW,EB-1,2014,saved,100.0,2061
Capped,2013,ROW,EB-1,2014,aged_out,0.0,2061
Capped,2013,ROW,EB-1,2014,exited,0.0,2061
Capped,2013,ROW,EB-1,2014,still_dependent,0.0,2061
Capped,2013,ROW,EB-2,2014,saved,100.0,2061
Capped,2013,ROW,EB-2,2014,aged_out,0.0,2061
Capped,2013,ROW,EB-2,2014,exited,0.0,2061
Capped,2013,ROW,EB-2,2014,still_dependent,0.0,2061
Capped,2013,ROW,EB-3,2014,saved,93.17984361424848,2061
Capped,2013,ROW,EB-3,2014,aged_out,0.0,2061
Capped,2013,ROW,EB-3,2014,exited,6.82015638575152,2061
Capped,2013,ROW,EB-3,2014,still_dependent,0.0,2061
Capped,2013,ROW,EB-4,2014,saved,77.28792122142922,2061
Capped,2013,ROW,EB-4,2014,aged_out,3.0806757611347004,2061
Capped,2013,ROW,EB-4,2014,exited,19.63140301743608,2061
Capped,2013,ROW,EB-4,2014,still_dependent,0.0,2061
Capped,2013,ROW,EB-5,2014,saved,100.0,2061
Capped,2013,ROW,EB-5,2014,aged_out,0.0,2061
Capped,2013,ROW,EB-5,2014,exited,0.0,2061
Capped,2013,ROW,EB-5,2014,still_dependent,0.0,2061
Capped,2014,China,EB-1,2014,saved,100.0,2061
Capped,2014,China,EB-1,2014,aged_out,0.0,2061
Capped,2014,China,EB-1,2014,exited,0.0,2061
Capped,2014,China,EB-1,2014,still_dependent,0.0,2061
Capped,2014,China,EB-2,2014,saved,82.81829419035847,2061
Capped,2014,China,EB-2,2014,aged_out,2.8430160692212607,2061
Capped,2014,China,EB-2,2014,exited,14.338689740420271,2061
Capped,2014,China,EB-2,2014,still_dependent,0.0,2061
Capped,2014,China,EB-3,2014,saved,57.23880597014925,2061
Capped,2014,China,EB-3,2014,aged_out,10.970149253731343,2061
Capped,2014,China,EB-3,2014,exited,31.791044776119403,2061
Capped,2014,China,EB-3,2014,still_dependent,0.0,2061
Capped,2014,China,EB-4,2014,saved,96.7741935483871,2061
Capped,2014,China,EB-4,2014,aged_out,0.0,2061
Capped,2014,China,EB-4,2014,exited,3.225806451612903,2061
Capped,2014,China,EB-4,2014,still_dependent,0.0,2061
Capped,2014,China,EB-5,2014,saved,99.90978800180424,2061
Capped,2014,China,EB-5,2014,aged_out,0.0,2061
Capped,2014,China,EB-5,2014,exited,0.09021199819576003,2061
Capped,2014,China,EB-5,2014,still_dependent,0.0,2061
Capped,2014,India,EB-1,2014,saved,100.0,2061
Capped,2014,India,EB-1,2014,aged_out,0.0,2061
Capped,2014,India,EB-1,2014,exited,0.0,2061
Capped,2014,India,EB-1,2014,still_dependent,0.0,2061
Capped,2014,India,EB-2,2014,saved,15.272879932829555,2061
Capped,2014,India,EB-2,2014,aged_out,57.204030226700255,2061
Capped,2014,India,EB-2,2014,exited,27.523089840470192,2061
Capped,2014,India,EB-2,2014,still_dependent,0.0,2061
Capped,2014,India,EB-3,2014,saved,0.0,2061
Capped,2014,India,EB-3,2014,aged_out,64.76600322754169,2061
Capped,2014,India,EB-3,2014,exited,35.23399677245831,2061
Capped,2014,India,EB-3,2014,still_dependent,0.0,2061
Capped,2014,India,EB-4,2014,saved,80.49713193116635,2061
Capped,2014,India,EB-4,2014,aged_out,5.162523900573614,2061
Capped,2014,India,EB-4,2014,exited,14.340344168260039,2061
Capped,2014,India,EB-4,2014,still_dependent,0.0,2061
Capped,2014,India,EB-5,2014,saved,100.0,2061
Capped,2014,India,EB-5,2014,aged_out,0.0,2061
Capped,2014,India,EB-5,2014,exited,0.0,2061
Capped,2014,India,EB-5,2014,still_dependent,0.0,2061
Capped,2014,ROW,EB-1,2014,saved,100.0,2061
Capped,2014,ROW,EB-1,2014,aged_out,0.0,2061
Capped,2014,ROW,EB-1,2014,exited,0.0,2061
Capped,2014,ROW,EB-1,2014,still_dependent,0.0,2061
Capped,2014,ROW,EB-2,2014,saved,99.92351398601399,2061
Capped,2014,ROW,EB-2,2014,aged_out,0.0,2061
Capped,2014,ROW,EB-2,2014,exited,0.07648601398601398,2061
Capped,2014,ROW,EB-2,2014,still_dependent,0.0,2061
Capped,2014,ROW,EB-3,2014,saved,96.40630729739641,2061
Capped,2014,ROW,EB-3,2014,aged_out,0.0,2061
Capped,2014,ROW,EB-3,2014,exited,3.593692702603594,2061
Capped,2014,ROW,EB-3,2014,still_dependent,0.0,2061
Capped,2014,ROW,EB-4,2014,saved,65.19224590339509,2061
Capped,2014,ROW,EB-4,2014,aged_out,6.661668630181,2061
Capped,2014,ROW,EB-4,2014,exited,28.146085466423905,2061
Capped,2014,ROW,EB-4,2014,still_dependent,0.0,2061
Capped,2014,ROW,EB-5,2014,saved,100.0,2061
Capped,2014,ROW,EB-5,2014,aged_out,0.0,2061
Capped,2014,ROW,EB-5,2014,exited,0.0,2061
Capped,2014,ROW,EB-5,2014,still_dependent,0.0,2061
Capped,2015,China,EB-1,2014,saved,99.69183359013867,2061
Capped,2015,China,EB-1,2014,aged_out,0.0,2061
Capped,2015,China,EB-1,2014,exited,0.3081664098613251,2061
Capped,2015,China,EB-1,2014,still_dependent,0.0,2061
Capped,2015,China,EB-2,2014,saved,83.03495311167946,2061
Capped,2015,China,EB-2,2014,aged_out,2.813299232736573,2061
Capped,2015,China,EB-2,2014,exited,14.151747655583973,2061
Capped,2015,China,EB-2,2014,still_dependent,0.0,2061
Capped,2015,China,EB-3,2014,saved,59.333333333333336,2061
Capped,2015,China,EB-3,2014,aged_out,11.333333333333334,2061
Capped,2015,China,EB-3,2014,exited,29.333333333333332,2061
Capped,2015,China,EB-3,2014,still_dependent,0.0,2061
Capped,2015,China,EB-4,2014,saved,100.0,2061
Capped,2015,China,EB-4,2014,aged_out,0.0,2061
Capped,2015,China,EB-4,2014,exited,0.0,2061
Capped,2015,China,EB-4,2014,still_dependent,0.0,2061
Capped,2015,China,EB-5,2014,saved,98.45316528215412,2061
Capped,2015,China,EB-5,2014,aged_out,0.0,2061
Capped,2015,China,EB-5,2014,exited,1.5468347178458894,2061
Capped,2015,China,EB-5,2014,still_dependent,0.0,2061
Capped,2015,India,EB-1,2014,saved,99.52874646559849,2061
Capped,2015,India,EB-1,2014,aged_out,0.0,2061
Capped,2015,India,EB-1,2014,exited,0.471253534401508,2061
Capped,2015,India,EB-1,2014,still_dependent,0.0,2061
Capped,2015,India,EB-2,2014,saved,0.0,2061
Capped,2015,India,EB-2,2014,aged_out,70.64492216456634,2061
Capped,2015,India,EB-2,2014,exited,29.355077835433654,2061
Capped,2015,India,EB-2,2014,still_dependent,0.0,2061
Capped,2015,India,EB-3,2014,saved,0.0,2061
Capped,2015,India,EB-3,2014,aged_out,65.00515641113785,2061
Capped,2015,India,EB-3,2014,exited,34.99484358886215,2061
Capped,2015,India,EB-3,2014,still_dependent,0.0,2061
Capped,2015,India,EB-4,2014,saved,70.70240295748614,2061
Capped,2015,India,EB-4,2014,aged_out,8.040665434380776,2061
Capped,2015,India,EB-4,2014,exited,21.256931608133087,2061
Capped,2015,India,EB-4,2014,still_dependent,0.0,2061
Capped,2015,India,EB-5,2014,saved,100.0,2061
Capped,2015,India,EB-5,2014,aged_out,0.0,2061
Capped,2015,India,EB-5,2014,exited,0.0,2061
Capped,2015,India,EB-5,2014,still_dependent,0.0,2061
Capped,2015,ROW,EB-1,2014,saved,100.0,2061
Capped,2015,ROW,EB-1,2014,aged_out,0.0,2061
Capped,2015,ROW,EB-1,2014,exited,0.0,2061
Capped,2015,ROW,EB-1,2014,still_dependent,0.0,2061
Capped,2015,ROW,EB-2,2014,saved,99.57247961821436,2061
Capped,2015,ROW,EB-2,2014,aged_out,0.0,2061
Capped,2015,ROW,EB-2,2014,exited,0.4275203817856433,2061
Capped,2015,ROW,EB-2,2014,still_dependent,0.0,2061
Capped,2015,ROW,EB-3,2014,saved,96.5391621129326,2061
Capped,2015,ROW,EB-3,2014,aged_out,0.0,2061
Capped,2015,ROW,EB-3,2014,exited,3.4608378870673953,2061
Capped,2015,ROW,EB-3,2014,still_dependent,0.0,2061
Capped,2015,ROW,EB-4,2014,saved,58.31257783312578,2061
Capped,2015,ROW,EB-4,2014,aged_out,9.76027397260274,2061
Capped,2015,ROW,EB-4,2014,exited,31.92714819427148,2061
Capped,2015,ROW,EB-4,2014,still_dependent,0.0,2061
Capped,2015,ROW,EB-5,2014,saved,100.0,2061
Capped,2015,ROW,EB-5,2014,aged_out,0.0,2061
Capped,2015,ROW,EB-5,2014,exited,0.0,2061
Capped,2015,ROW,EB-5,2014,still_dependent,0.0,2061
Capped,2016,China,EB-1,2014,saved,98.63636363636364,2061
Capped,2016,China,EB-1,2014,aged_out,0.0,2061
Capped,2016,China,EB-1,2014,exited,1.3636363636363635,2061
Capped,2016,China,EB-1,2014,still_dependent,0.0,2061
Capped,2016,China,EB-2,2014,saved,81.07932379713914,2061
Capped,2016,China,EB-2,2014,aged_out,4.0962288686605985,2061
Capped,2016,China,EB-2,2014,exited,14.82444733420026,2061
Capped,2016,China,EB-2,2014,still_dependent,0.0,2061
Capped,2016,China,EB-3,2014,saved,55.064456721915285,2061
Capped,2016,China,EB-3,2014,aged_out,9.668508287292818,2061
Capped,2016,China,EB-3,2014,exited,35.2670349907919,2061
Capped,2016,China,EB-3,2014,still_dependent,0.0,2061
Capped,2016,China,EB-4,2014,saved,100.0,2061
Capped,2016,China,EB-4,2014,aged_out,0.0,2061
Capped,2016,China,EB-4,2014,exited,0.0,2061
Capped,2016,China,EB-4,2014,still_dependent,0.0,2061
Capped,2016,China,EB-5,2014,saved,94.91234101065659,2061
Capped,2016,China,EB-5,2014,aged_out,0.0,2061
Capped,2016,China,EB-5,2014,exited,5.087658989343417,2061
Capped,2016,China,EB-5,2014,still_dependent,0.0,2061
Capped,2016,India,EB-1,2014,saved,99.02676399026764,2061
Capped,2016,India,EB-1,2014,aged_out,0.0,2061
Capped,2016,India,EB-1,2014,exited,0.9732360097323601,2061
Capped,2016,India,EB-1,2014,still_dependent,0.0,2061
Capped,2016,India,EB-2,2014,saved,0.0,2061
Capped,2016,India,EB-2,2014,aged_out,70.63320741140492,2061
Capped,2016,India,EB-2,2014,exited,29.36679258859507,2061
Capped,2016,India,EB-2,2014,still_dependent,0.0,2061
Capped,2016,India,EB-3,2014,saved,0.0,2061
Capped,2016,India,EB-3,2014,aged_out,64.5749417002332,2061
Capped,2016,India,EB-3,2014,exited,35.4250582997668,2061
Capped,2016,India,EB-3,2014,still_dependent,0.0,2061
Capped,2016,India,EB-4,2014,saved,68.86657101865136,2061
Capped,2016,India,EB-4,2014,aged_out,9.182209469153515,2061
Capped,2016,India,EB-4,2014,exited,21.951219512195124,2061
Capped,2016,India,EB-4,2014,still_dependent,0.0,2061
Capped,2016,India,EB-5,2014,saved,100.0,2061
Capped,2016,India,EB-5,2014,aged_out,0.0,2061
Capped,2016,India,EB-5,2014,exited,0.0,2061
Capped,2016,India,EB-5,2014,still_dependent,0.0,2061
Capped,2016,ROW,EB-1,2014,saved,99.83301526717557,2061
Capped,2016,ROW,EB-1,2014,aged_out,0.0,2061
Capped,2016,ROW,EB-1,2014,exited,0.16698473282442747,2061
Capped,2016,ROW,EB-1,2014,still_dependent,0.0,2061
Capped,2016,ROW,EB-2,2014,saved,99.17015791169835,2061
Capped,2016,ROW,EB-2,2014,aged_out,0.0,2061
Capped,2016,ROW,EB-2,2014,exited,0.8298420883016435,2061
Capped,2016,ROW,EB-2,2014,still_dependent,0.0,2061
Capped,2016,ROW,EB-3,2014,saved,97.5677637947725,2061
Capped,2016,ROW,EB-3,2014,aged_out,0.0,2061
Capped,2016,ROW,EB-3,2014,exited,2.432236205227493,2061
Capped,2016,ROW,EB-3,2014,still_dependent,0.0,2061
Capped,2016,ROW,EB-4,2014,saved,50.26650266502665,2061
Capped,2016,ROW,EB-4,2014,aged_out,14.087740877408773,2061
Capped,2016,ROW,EB-4,2014,exited,35.64575645756457,2061
Capped,2016,ROW,EB-4,2014,still_dependent,0.0,2061
Capped,2016,ROW,EB-5,2014,saved,100.0,2061
Capped,2016,ROW,EB-5,2014,aged_out,0.0,2061
Capped,2016,ROW,EB-5,2014,exited,0.0,2061
Capped,2016,ROW,EB-5,2014,still_dependent,0.0,2061
Capped,2017,China,EB-1,2014,saved,97.5765306122449,2061
Capped,2017,China,EB-1,2014,aged_out,0.0,2061
Capped,2017,China,EB-1,2014,exited,2.423469387755102,2061
Capped,2017,China,EB-1,2014,still_dependent,0.0,2061
Capped,2017,China,EB-2,2014,saved,72.74774774774775,2061
Capped,2017,China,EB-2,2014,aged_out,9.60960960960961,2061
Capped,2017,China,EB-2,2014,exited,17.64264264264264,2061
Capped,2017,China,EB-2,2014,still_dependent,0.0,2061
Capped,2017,China,EB-3,2014,saved,58.391123439667126,2061
Capped,2017,China,EB-3,2014,aged_out,12.343966712898752,2061
Capped,2017,China,EB-3,2014,exited,29.26490984743412,2061
Capped,2017,China,EB-3,2014,still_dependent,0.0,2061
Capped,2017,China,EB-4,2014,saved,100.0,2061
Capped,2017,China,EB-4,2014,aged_out,0.0,2061
Capped,2017,China,EB-4,2014,exited,0.0,2061
Capped,2017,China,EB-4,2014,still_dependent,0.0,2061
Capped,2017,China,EB-5,2014,saved,93.33495499878376,2061
Capped,2017,China,EB-5,2014,aged_out,1.0459742155193383,2061
Capped,2017,China,EB-5,2014,exited,5.619070785696911,2061
Capped,2017,China,EB-5,2014,still_dependent,0.0,2061
Capped,2017,India,EB-1,2014,saved,98.41906034290804,2061
Capped,2017,India,EB-1,2014,aged_out,0.0,2061
Capped,2017,India,EB-1,2014,exited,1.5809396570919616,2061
Capped,2017,India,EB-1,2014,still_dependent,0.0,2061
Capped,2017,India,EB-2,2014,saved,0.0,2061
Capped,2017,India,EB-2,2014,aged_out,69.9808399357879,2061
Capped,2017,India,EB-2,2014,exited,30.01916006421211,2061
Capped,2017,India,EB-2,2014,still_dependent,0.0,2061
Capped,2017,India,EB-3,2014,saved,0.0,2061
Capped,2017,India,EB-3,2014,aged_out,64.99872999745999,2061
Capped,2017,India,EB-3,2014,exited,35.001270002540004,2061
Capped,2017,India,EB-3,2014,still_dependent,0.0,2061
Capped,2017,India,EB-4,2014,saved,57.809330628803245,2061
Capped,2017,India,EB-4,2014,aged_out,10.953346855983773,2061
Capped,2017,India,EB-4,2014,exited,31.23732251521298,2061
Capped,2017,India,EB-4,2014,still_dependent,0.0,2061
Capped,2017,India,EB-5,2014,saved,98.5663082437276,2061
Capped,2017,India,EB-5,2014,aged_out,0.0,2061
Capped,2017,India,EB-5,2014,exited,1.4336917562724014,2061
Capped,2017,India,EB-5,2014,still_dependent,0.0,2061
Capped,2017,ROW,EB-1,2014,saved,99.49725776965265,2061
Capped,2017,ROW,EB-1,2014,aged_out,0.0,2061
Capped,2017,ROW,EB-1,2014,exited,0.5027422303473492,2061
Capped,2017,ROW,EB-1,2014,still_dependent,0.0,2061
Capped,2017,ROW,EB-2,2014,saved,98.46108892568424,2061
Capped,2017,ROW,EB-2,2014,aged_out,0.0,2061
Capped,2017,ROW,EB-2,2014,exited,1.538911074315769,2061
Capped,2017,ROW,EB-2,2014,still_dependent,0.0,2061
Capped,2017,ROW,EB-3,2014,saved,97.37586245899784,2061
Capped,2017,ROW,EB-3,2014,aged_out,0.0,2061
Capped,2017,ROW,EB-3,2014,exited,2.624137541002149,2061
Capped,2017,ROW,EB-3,2014,still_dependent,0.0,2061
Capped,2017,ROW,EB-4,2014,saved,41.134135748852216,2061
Capped,2017,ROW,EB-4,2014,aged_out,18.513463208834843,2061
Capped,2017,ROW,EB-4,2014,exited,40.35240104231294,2061
Capped,2017,ROW,EB-4,2014,still_dependent,0.0,2061
Capped,2017,ROW,EB-5,2014,saved,100.0,2061
Capped,2017,ROW,EB-5,2014,aged_out,0.0,2061
Capped,2017,ROW,EB-5,2014,exited,0.0,2061
Capped,2017,ROW,EB-5,2014,still_dependent,0.0,2061
Capped,2018,China,EB-1,2014,saved,96.98841698841699,2061
Capped,2018,China,EB-1,2014,aged_out,0.0,2061
Capped,2018,China,EB-1,2014,exited,3.011583011583012,2061
Capped,2018,China,EB-1,2014,still_dependent,0.0,2061
Capped,2018,China,EB-2,2014,saved,60.3586889301175,2061
Capped,2018,China,EB-2,2014,aged_out,15.893630179344465,2061
Capped,2018,China,EB-2,2014,exited,23.74768089053803,2061
Capped,2018,China,EB-2,2014,still_dependent,0.0,2061
Capped,2018,China,EB-3,2014,saved,51.23226288274832,2061
Capped,2018,China,EB-3,2014,aged_out,14.115011202389843,2061
Capped,2018,China,EB-3,2014,exited,34.65272591486184,2061
Capped,2018,China,EB-3,2014,still_dependent,0.0,2061
Capped,2018,China,EB-4,2014,saved,100.0,2061
Capped,2018,China,EB-4,2014,aged_out,0.0,2061
Capped,2018,China,EB-4,2014,exited,0.0,2061
Capped,2018,China,EB-4,2014,still_dependent,0.0,2061
Capped,2018,China,EB-5,2014,saved,82.94589590619213,2061
Capped,2018,China,EB-5,2014,aged_out,7.405883563052869,2061
Capped,2018,China,EB-5,2014,exited,9.648220530754989,2061
Capped,2018,China,EB-5,2014,still_dependent,0.0,2061
Capped,2018,India,EB-1,2014,saved,97.70780856423174,2061
Capped,2018,India,EB-1,2014,aged_out,0.0,2061
Capped,2018,India,EB-1,2014,exited,2.292191435768262,2061
Capped,2018,India,EB-1,2014,still_dependent,0.0,2061
Capped,2018,India,EB-2,2014,saved,0.0,2061
Capped,2018,India,EB-2,2014,aged_out,69.98026099353,2061
Capped,2018,India,EB-2,2014,exited,30.019739006470008,2061
Capped,2018,India,EB-2,2014,still_dependent,0.0,2061
Capped,2018,India,EB-3,2014,saved,0.0,2061
Capped,2018,India,EB-3,2014,aged_out,66.31271568887709,2061
Capped,2018,India,EB-3,2014,exited,33.68728431112291,2061
Capped,2018,India,EB-3,2014,still_dependent,0.0,2061
Capped,2018,India,EB-4,2014,saved,61.37566137566137,2061
Capped,2018,India,EB-4,2014,aged_out,12.698412698412698,2061
Capped,2018,India,EB-4,2014,exited,25.925925925925927,2061
Capped,2018,India,EB-4,2014,still_dependent,0.0,2061
Capped,2018,India,EB-5,2014,saved,96.11872146118722,2061
Capped,2018,India,EB-5,2014,aged_out,0.7990867579908676,2061
Capped,2018,India,EB-5,2014,exited,3.0821917808219177,2061
Capped,2018,India,EB-5,2014,still_dependent,0.0,2061
Capped,2018,ROW,EB-1,2014,saved,99.02846195949644,2061
Capped,2018,ROW,EB-1,2014,aged_out,0.0,2061
Capped,2018,ROW,EB-1,2014,exited,0.9715380405035577,2061
Capped,2018,ROW,EB-1,2014,still_dependent,0.0,2061
Capped,2018,ROW,EB-2,2014,saved,98.2495978805942,2061
Capped,2018,ROW,EB-2,2014,aged_out,0.0,2061
Capped,2018,ROW,EB-2,2014,exited,1.7504021194058095,2061
Capped,2018,ROW,EB-2,2014,still_dependent,0.0,2061
Capped,2018,ROW,EB-3,2014,saved,96.41383375908823,2061
Capped,2018,ROW,EB-3,2014,aged_out,0.0,2061
Capped,2018,ROW,EB-3,2014,exited,3.5861662409117705,2061
Capped,2018,ROW,EB-3,2014,still_dependent,0.0,2061
Capped,2018,ROW,EB-4,2014,saved,36.37674195098511,2061
Capped,2018,ROW,EB-4,2014,aged_out,20.182604517059108,2061
Capped,2018,ROW,EB-4,2014,exited,43.44065353195579,2061
Capped,2018,ROW,EB-4,2014,still_dependent,0.0,2061
Capped,2018,ROW,EB-5,2014,saved,100.0,2061
Capped,2018,ROW,EB-5,2014,aged_out,0.0,2061
Capped,2018,ROW,EB-5,2014,exited,0.0,2061
Capped,2018,ROW,EB-5,2014,still_dependent,0.0,2061
Capped,2019,China,EB-1,2014,saved,97.28070175438596,2061
Capped,2019,China,EB-1,2014,aged_out,0.0,2061
Capped,2019,China,EB-1,2014,exited,2.719298245614035,2061
Capped,2019,China,EB-1,2014,still_dependent,0.0,2061
Capped,2019,China,EB-2,2014,saved,48.651252408477845,2061
Capped,2019,China,EB-2,2014,aged_out,23.69942196531792,2061
Capped,2019,China,EB-2,2014,exited,27.649325626204238,2061
Capped,2019,China,EB-2,2014,still_dependent,0.0,2061
Capped,2019,China,EB-3,2014,saved,51.243781094527364,2061
Capped,2019,China,EB-3,2014,aged_out,13.432835820895523,2061
Capped,2019,China,EB-3,2014,exited,35.32338308457712,2061
Capped,2019,China,EB-3,2014,still_dependent,0.0,2061
Capped,2019,China,EB-4,2014,saved,100.0,2061
Capped,2019,China,EB-4,2014,aged_out,0.0,2061
Capped,2019,China,EB-4,2014,exited,0.0,2061
Capped,2019,China,EB-4,2014,still_dependent,0.0,2061
Capped,2019,China,EB-5,2014,saved,77.3913043478261,2061
Capped,2019,China,EB-5,2014,aged_out,11.699604743083004,2061
Capped,2019,China,EB-5,2014,exited,10.909090909090908,2061
Capped,2019,China,EB-5,2014,still_dependent,0.0,2061
Capped,2019,India,EB-1,2014,saved,97.86242806248288,2061
Capped,2019,India,EB-1,2014,aged_out,0.0,2061
Capped,2019,India,EB-1,2014,exited,2.137571937517128,2061
Capped,2019,India,EB-1,2014,still_dependent,0.0,2061
Capped,2019,India,EB-2,2014,saved,0.0,2061
Capped,2019,India,EB-2,2014,aged_out,70.27373612823675,2061
Capped,2019,India,EB-2,2014,exited,29.726263871763255,2061
Capped,2019,India,EB-2,2014,still_dependent,0.0,2061
Capped,2019,India,EB-3,2014,saved,0.0,2061
Capped,2019,India,EB-3,2014,aged_out,65.86614173228347,2061
Capped,2019,India,EB-3,2014,exited,34.13385826771653,2061
Capped,2019,India,EB-3,2014,still_dependent,0.0,2061
Capped,2019,India,EB-4,2014,saved,56.633663366336634,2061
Capped,2019,India,EB-4,2014,aged_out,12.475247524752476,2061
Capped,2019,India,EB-4,2014,exited,30.89108910891089,2061
Capped,2019,India,EB-4,2014,still_dependent,0.0,2061
Capped,2019,India,EB-5,2014,saved,92.4187725631769,2061
Capped,2019,India,EB-5,2014,aged_out,1.444043321299639,2061
Capped,2019,India,EB-5,2014,exited,6.137184115523466,2061
Capped,2019,India,EB-5,2014,still_dependent,0.0,2061
Capped,2019,ROW,EB-1,2014,saved,99.19524142757173,2061
Capped,2019,ROW,EB-1,2014,aged_out,0.0,2061
Capped,2019,ROW,EB-1,2014,exited,0.8047585724282715,2061
Capped,2019,ROW,EB-1,2014,still_dependent,0.0,2061
Capped,2019,ROW,EB-2,2014,saved,96.41412283927914,2061
Capped,2019,ROW,EB-2,2014,aged_out,0.055167340934166975,2061
Capped,2019,ROW,EB-2,2014,exited,3.5307098197866864,2061
Capped,2019,ROW,EB-2,2014,still_dependent,0.0,2061
Capped,2019,ROW,EB-3,2014,saved,94.34591604295477,2061
Capped,2019,ROW,EB-3,2014,aged_out,0.0,2061
Capped,2019,ROW,EB-3,2014,exited,5.654083957045232,2061
Capped,2019,ROW,EB-3,2014,still_dependent,0.0,2061
Capped,2019,ROW,EB-4,2014,saved,32.566473988439306,2061
Capped,2019,ROW,EB-4,2014,aged_out,23.028901734104046,2061
Capped,2019,ROW,EB-4,2014,exited,44.40462427745665,2061
Capped,2019,ROW,EB-4,2014,still_dependent,0.0,2061
Capped,2019,ROW,EB-5,2014,saved,100.0,2061
Capped,2019,ROW,EB-5,2014,aged_out,0.0,2061
Capped,2019,ROW,EB-5,2014,exited,0.0,2061
Capped,2019,ROW,EB-5,2014,still_dependent,0.0,2061
Capped,2020,China,EB-1,2014,saved,98.00884955752213,2061
Capped,2020,China,EB-1,2014,aged_out,0.0,2061
Capped,2020,China,EB-1,2014,exited,1.991150442477876,2061
Capped,2020,China,EB-1,2014,still_dependent,0.0,2061
Capped,2020,China,EB-2,2014,saved,36.26966292134831,2061
Capped,2020,China,EB-2,2014,aged_out,34.561797752808985,2061
Capped,2020,China,EB-2,2014,exited,29.168539325842698,2061
Capped,2020,China,EB-2,2014,still_dependent,0.0,2061
Capped,2020,China,EB-3,2014,saved,45.58047493403694,2061
Capped,2020,China,EB-3,2014,aged_out,18.66754617414248,2061
Capped,2020,China,EB-3,2014,exited,35.75197889182058,2061
Capped,2020,China,EB-3,2014,still_dependent,0.0,2061
Capped,2020,China,EB-4,2014,saved,100.0,2061
Capped,2020,China,EB-4,2014,aged_out,0.0,2061
Capped,2020,China,EB-4,2014,exited,0.0,2061
Capped,2020,China,EB-4,2014,still_dependent,0.0,2061
Capped,2020,China,EB-5,2014,saved,79.30232558139535,2061
Capped,2020,China,EB-5,2014,aged_out,9.651162790697674,2061
Capped,2020,China,EB-5,2014,exited,11.046511627906977,2061
Capped,2020,China,EB-5,2014,still_dependent,0.0,2061
Capped,2020,India,EB-1,2014,saved,98.61852433281005,2061
Capped,2020,India,EB-1,2014,aged_out,0.0,2061
Capped,2020,India,EB-1,2014,exited,1.3814756671899528,2061
Capped,2020,India,EB-1,2014,still_dependent,0.0,2061
Capped,2020,India,EB-2,2014,saved,0.0,2061
Capped,2020,India,EB-2,2014,aged_out,70.19456659237396,2061
Capped,2020,India,EB-2,2014,exited,29.805433407626047,2061
Capped,2020,India,EB-2,2014,still_dependent,0.0,2061
Capped,2020,India,EB-3,2014,saved,0.0,2061
Capped,2020,India,EB-3,2014,aged_out,66.0377358490566,2061
Capped,2020,India,EB-3,2014,exited,33.9622641509434,2061
Capped,2020,India,EB-3,2014,still_dependent,0.0,2061
Capped,2020,India,EB-4,2014,saved,60.146252285191956,2061
Capped,2020,India,EB-4,2014,aged_out,17.73308957952468,2061
Capped,2020,India,EB-4,2014,exited,22.120658135283364,2061
Capped,2020,India,EB-4,2014,still_dependent,0.0,2061
Capped,2020,India,EB-5,2014,saved,93.53233830845771,2061
Capped,2020,India,EB-5,2014,aged_out,2.487562189054726,2061
Capped,2020,India,EB-5,2014,exited,3.9800995024875623,2061
Capped,2020,India,EB-5,2014,still_dependent,0.0,2061
Capped,2020,ROW,EB-1,2014,saved,100.0,2061
Capped,2020,ROW,EB-1,2014,aged_out,0.0,2061
Capped,2020,ROW,EB-1,2014,exited,0.0,2061
Capped,2020,ROW,EB-1,2014,still_dependent,0.0,2061
Capped,2020,ROW,EB-2,2014,saved,95.87137350375329,2061
Capped,2020,ROW,EB-2,2014,aged_out,0.08115236356258876,2061
Capped,2020,ROW,EB-2,2014,exited,4.047474132684115,2061
Capped,2020,ROW,EB-2,2014,still_dependent,0.0,2061
Capped,2020,ROW,EB-3,2014,saved,93.39418037231158,2061
Capped,2020,ROW,EB-3,2014,aged_out,0.0,2061
Capped,2020,ROW,EB-3,2014,exited,6.605819627688415,2061
Capped,2020,ROW,EB-3,2014,still_dependent,0.0,2061
Capped,2020,ROW,EB-4,2014,saved,24.10408042578356,2061
Capped,2020,ROW,EB-4,2014,aged_out,27.652276759314017,2061
Capped,2020,ROW,EB-4,2014,exited,48.24364281490242,2061
Capped,2020,ROW,EB-4,2014,still_dependent,0.0,2061
Capped,2020,ROW,EB-5,2014,saved,100.0,2061
Capped,2020,ROW,EB-5,2014,aged_out,0.0,2061
Capped,2020,ROW,EB-5,2014,exited,0.0,2061
Capped,2020,ROW,EB-5,2014,still_dependent,0.0,2061
Capped,2021,China,EB-1,2014,saved,97.33990147783251,2061
Capped,2021,China,EB-1,2014,aged_out,0.0,2061
Capped,2021,China,EB-1,2014,exited,2.6600985221674875,2061
Capped,2021,China,EB-1,2014,still_dependent,0.0,2061
Capped,2021,China,EB-2,2014,saved,22.825540472599297,2061
Capped,2021,China,EB-2,2014,aged_out,46.757164404223225,2061
Capped,2021,China,EB-2,2014,exited,30.417295123177475,2061
Capped,2021,China,EB-2,2014,still_dependent,0.0,2061
Capped,2021,China,EB-3,2014,saved,40.96130592503023,2061
Capped,2021,China,EB-3,2014,aged_out,22.097944377267233,2061
Capped,2021,China,EB-3,2014,exited,36.940749697702536,2061
Capped,2021,China,EB-3,2014,still_dependent,0.0,2061
Capped,2021,China,EB-4,2014,saved,100.0,2061
Capped,2021,China,EB-4,2014,aged_out,0.0,2061
Capped,2021,China,EB-4,2014,exited,0.0,2061
Capped,2021,China,EB-4,2014,still_dependent,0.0,2061
Capped,2021,China,EB-5,2014,saved,84.80697384806975,2061
Capped,2021,China,EB-5,2014,aged_out,6.35118306351183,2061
Capped,2021,China,EB-5,2014,exited,8.84184308841843,2061
Capped,2021,China,EB-5,2014,still_dependent,0.0,2061
Capped,2021,India,EB-1,2014,saved,98.71895424836602,2061
Capped,2021,India,EB-1,2014,aged_out,0.0,2061
Capped,2021,India,EB-1,2014,exited,1.2810457516339868,2061
Capped,2021,India,EB-1,2014,still_dependent,0.0,2061
Capped,2021,India,EB-2,2014,saved,0.0,2061
Capped,2021,India,EB-2,2014,aged_out,70.29775693542008,2061
Capped,2021,India,EB-2,2014,exited,29.70224306457992,2061
Capped,2021,India,EB-2,2014,still_dependent,0.0,2061
Capped,2021,India,EB-3,2014,saved,0.0,2061
Capped,2021,India,EB-3,2014,aged_out,65.73093691609574,2061
Capped,2021,India,EB-3,2014,exited,34.269063083904264,2061
Capped,2021,India,EB-3,2014,still_dependent,0.0,2061
Capped,2021,India,EB-4,2014,saved,48.4304932735426,2061
Capped,2021,India,EB-4,2014,aged_out,16.143497757847534,2061
Capped,2021,India,EB-4,2014,exited,35.426008968609864,2061
Capped,2021,India,EB-4,2014,still_dependent,0.0,2061
Capped,2021,India,EB-5,2014,saved,95.45454545454545,2061
Capped,2021,India,EB-5,2014,aged_out,3.1818181818181817,2061
Capped,2021,India,EB-5,2014,exited,1.3636363636363635,2061
Capped,2021,India,EB-5,2014,still_dependent,0.0,2061
Capped,2021,ROW,EB-1,2014,saved,100.0,2061
Capped,2021,ROW,EB-1,2014,aged_out,0.0,2061
Capped,2021,ROW,EB-1,2014,exited,0.0,2061
Capped,2021,ROW,EB-1,2014,still_dependent,0.0,2061
Capped,2021,ROW,EB-2,2014,saved,96.66634826631005,2061
Capped,2021,ROW,EB-2,2014,aged_out,0.06686407488776387,2061
Capped,2021,ROW,EB-2,2014,exited,3.266787658802178,2061
Capped,2021,ROW,EB-2,2014,still_dependent,0.0,2061
Capped,2021,ROW,EB-3,2014,saved,94.5577640829789,2061
Capped,2021,ROW,EB-3,2014,aged_out,0.0,2061
Capped,2021,ROW,EB-3,2014,exited,5.442235917021092,2061
Capped,2021,ROW,EB-3,2014,still_dependent,0.0,2061
Capped,2021,ROW,EB-4,2014,saved,18.52038248616004,2061
Capped,2021,ROW,EB-4,2014,aged_out,31.565173628585807,2061
Capped,2021,ROW,EB-4,2014,exited,49.91444388525415,2061
Capped,2021,ROW,EB-4,2014,still_dependent,0.0,2061
Capped,2021,ROW,EB-5,2014,saved,99.48186528497409,2061
Capped,2021,ROW,EB-5,2014,aged_out,0.0,2061
Capped,2021,ROW,EB-5,2014,exited,0.5181347150259067,2061
Capped,2021,ROW,EB-5,2014,still_dependent,0.0,2061
Capped,2022,China,EB-1,2014,saved,97.50378214826021,2061
Capped,2022,China,EB-1,2014,aged_out,0.0,2061
Capped,2022,China,EB-1,2014,exited,2.496217851739788,2061
Capped,2022,China,EB-1,2014,still_dependent,0.0,2061
Capped,2022,China,EB-2,2014,saved,11.845730027548209,2061
Capped,2022,China,EB-2,2014,aged_out,56.01469237832874,2061
Capped,2022,China,EB-2,2014,exited,32.13957759412305,2061
Capped,2022,China,EB-2,2014,still_dependent,0.0,2061
Capped,2022,China,EB-3,2014,saved,33.22709163346614,2061
Capped,2022,China,EB-3,2014,aged_out,28.92430278884462,2061
Capped,2022,China,EB-3,2014,exited,37.84860557768924,2061
Capped,2022,China,EB-3,2014,still_dependent,0.0,2061
Capped,2022,China,EB-4,2014,saved,100.0,2061
Capped,2022,China,EB-4,2014,aged_out,0.0,2061
Capped,2022,China,EB-4,2014,exited,0.0,2061
Capped,2022,China,EB-4,2014,still_dependent,0.0,2061
Capped,2022,China,EB-5,2014,saved,78.37837837837837,2061
Capped,2022,China,EB-5,2014,aged_out,4.324324324324325,2061
Capped,2022,China,EB-5,2014,exited,17.2972972972973,2061
Capped,2022,China,EB-5,2014,still_dependent,0.0,2061
Capped,2022,India,EB-1,2014,saved,98.3459682977257,2061
Capped,2022,India,EB-1,2014,aged_out,0.0,2061
Capped,2022,India,EB-1,2014,exited,1.6540317022742936,2061
Capped,2022,India,EB-1,2014,still_dependent,0.0,2061
Capped,2022,India,EB-2,2014,saved,0.0,2061
Capped,2022,India,EB-2,2014,aged_out,69.77636380649388,2061
Capped,2022,India,EB-2,2014,exited,30.223636193506128,2061
Capped,2022,India,EB-2,2014,still_dependent,0.0,2061
Capped,2022,India,EB-3,2014,saved,0.0,2061
Capped,2022,India,EB-3,2014,aged_out,65.47849670670283,2061
Capped,2022,India,EB-3,2014,exited,34.52150329329717,2061
Capped,2022,India,EB-3,2014,still_dependent,0.0,2061
Capped,2022,India,EB-4,2014,saved,47.77365491651206,2061
Capped,2022,India,EB-4,2014,aged_out,21.799628942486084,2061
Capped,2022,India,EB-4,2014,exited,30.426716141001855,2061
Capped,2022,India,EB-4,2014,still_dependent,0.0,2061
Capped,2022,India,EB-5,2014,saved,94.91525423728814,2061
Capped,2022,India,EB-5,2014,aged_out,5.084745762711864,2061
Capped,2022,India,EB-5,2014,exited,0.0,2061
Capped,2022,India,EB-5,2014,still_dependent,0.0,2061
Capped,2022,ROW,EB-1,2014,saved,100.0,2061
Capped,2022,ROW,EB-1,2014,aged_out,0.0,2061
Capped,2022,ROW,EB-1,2014,exited,0.0,2061
Capped,2022,ROW,EB-1,2014,still_dependent,0.0,2061
Capped,2022,ROW,EB-2,2014,saved,96.39968895800934,2061
Capped,2022,ROW,EB-2,2014,aged_out,0.038880248833592534,2061
Capped,2022,ROW,EB-2,2014,exited,3.561430793157076,2061
Capped,2022,ROW,EB-2,2014,still_dependent,0.0,2061
Capped,2022,ROW,EB-3,2014,saved,93.80579216354344,2061
Capped,2022,ROW,EB-3,2014,aged_out,0.0,2061
Capped,2022,ROW,EB-3,2014,exited,6.194207836456559,2061
Capped,2022,ROW,EB-3,2014,still_dependent,0.0,2061
Capped,2022,ROW,EB-4,2014,saved,13.546720433495054,2061
Capped,2022,ROW,EB-4,2014,aged_out,32.90907945309054,2061
Capped,2022,ROW,EB-4,2014,exited,53.544200113414405,2061
Capped,2022,ROW,EB-4,2014,still_dependent,0.0,2061
Capped,2022,ROW,EB-5,2014,saved,100.0,2061
Capped,2022,ROW,EB-5,2014,aged_out,0.0,2061
Capped,2022,ROW,EB-5,2014,exited,0.0,2061
Capped,2022,ROW,EB-5,2014,still_dependent,0.0,2061
Capped,2023,China,EB-1,2014,saved,97.02293801854563,2061
Capped,2023,China,EB-1,2014,aged_out,0.0,2061
Capped,2023,China,EB-1,2014,exited,2.977061981454368,2061
Capped,2023,China,EB-1,2014,still_dependent,0.0,2061
Capped,2023,China,EB-2,2014,saved,1.5937731653076352,2061
Capped,2023,China,EB-2,2014,aged_out,67.79095626389919,2061
Capped,2023,China,EB-2,2014,exited,30.61527057079318,2061
Capped,2023,China,EB-2,2014,still_dependent,0.0,2061
Capped,2023,China,EB-3,2014,saved,30.333951762523192,2061
Capped,2023,China,EB-3,2014,aged_out,30.333951762523192,2061
Capped,2023,China,EB-3,2014,exited,39.332096474953616,2061
Capped,2023,China,EB-3,2014,still_dependent,0.0,2061
Capped,2023,China,EB-4,2014,saved,100.0,2061
Capped,2023,China,EB-4,2014,aged_out,0.0,2061
Capped,2023,China,EB-4,2014,exited,0.0,2061
Capped,2023,China,EB-4,2014,still_dependent,0.0,2061
Capped,2023,China,EB-5,2014,saved,95.0657894736842,2061
Capped,2023,China,EB-5,2014,aged_out,0.0,2061
Capped,2023,China,EB-5,2014,exited,4.934210526315789,2061
Capped,2023,China,EB-5,2014,still_dependent,0.0,2061
Capped,2023,India,EB-1,2014,saved,97.82943086651855,2061
Capped,2023,India,EB-1,2014,aged_out,0.03418219107844813,2061
Capped,2023,India,EB-1,2014,exited,2.136386942403008,2061
Capped,2023,India,EB-1,2014,still_dependent,0.0,2061
Capped,2023,India,EB-2,2014,saved,0.0,2061
Capped,2023,India,EB-2,2014,aged_out,70.33211936728814,2061
Capped,2023,India,EB-2,2014,exited,29.667880632711856,2061
Capped,2023,India,EB-2,2014,still_dependent,0.0,2061
Capped,2023,India,EB-3,2014,saved,0.0,2061
Capped,2023,India,EB-3,2014,aged_out,65.28786088131015,2061
Capped,2023,India,EB-3,2014,exited,34.712139118689855,2061
Capped,2023,India,EB-3,2014,still_dependent,0.0,2061
Capped,2023,India,EB-4,2014,saved,37.06597222222222,2061
Capped,2023,India,EB-4,2014,aged_out,25.520833333333332,2061
Capped,2023,India,EB-4,2014,exited,37.41319444444444,2061
Capped,2023,India,EB-4,2014,still_dependent,0.0,2061
Capped,2023,India,EB-5,2014,saved,95.18518518518519,2061
Capped,2023,India,EB-5,2014,aged_out,0.7407407407407407,2061
Capped,2023,India,EB-5,2014,exited,4.074074074074074,2061
Capped,2023,India,EB-5,2014,still_dependent,0.0,2061
Capped,2023,ROW,EB-1,2014,saved,100.0,2061
Capped,2023,ROW,EB-1,2014,aged_out,0.0,2061
Capped,2023,ROW,EB-1,2014,exited,0.0,2061
Capped,2023,ROW,EB-1,2014,still_dependent,0.0,2061
Capped,2023,ROW,EB-2,2014,saved,94.96398448562458,2061
Capped,2023,ROW,EB-2,2014,aged_out,0.17853844733115803,2061
Capped,2023,ROW,EB-2,2014,exited,4.8574770670442655,2061
Capped,2023,ROW,EB-2,2014,still_dependent,0.0,2061
Capped,2023,ROW,EB-3,2014,saved,90.44408774745854,2061
Capped,2023,ROW,EB-3,2014,aged_out,0.0749063670411985,2061
Capped,2023,ROW,EB-3,2014,exited,9.481005885500268,2061
Capped,2023,ROW,EB-3,2014,still_dependent,0.0,2061
Capped,2023,ROW,EB-4,2014,saved,8.962176262343954,2061
Capped,2023,ROW,EB-4,2014,aged_out,37.8610024222098,2061
Capped,2023,ROW,EB-4,2014,exited,53.17682131544625,2061
Capped,2023,ROW,EB-4,2014,still_dependent,0.0,2061
Capped,2023,ROW,EB-5,2014,saved,100.0,2061
Capped,2023,ROW,EB-5,2014,aged_out,0.0,2061
Capped,2023,ROW,EB-5,2014,exited,0.0,2061
Capped,2023,ROW,EB-5,2014,still_dependent,0.0,2061
Capped,2024,China,EB-1,2014,saved,95.70455735987429,2061
Capped,2024,China,EB-1,2014,aged_out,0.0,2061
Capped,2024,China,EB-1,2014,exited,4.29544264012572,2061
Capped,2024,China,EB-1,2014,still_dependent,0.0,2061
Capped,2024,China,EB-2,2014,saved,0.0,2061
Capped,2024,China,EB-2,2014,aged_out,64.5759368836292,2061
Capped,2024,China,EB-2,2014,exited,35.42406311637081,2061
Capped,2024,China,EB-2,2014,still_dependent,0.0,2061
Capped,2024,China,EB-3,2014,saved,28.923476005188068,2061
Capped,2024,China,EB-3,2014,aged_out,31.085170773886727,2061
Capped,2024,China,EB-3,2014,exited,39.991353220925205,2061
Capped,2024,China,EB-3,2014,still_dependent,0.0,2061
Capped,2024,China,EB-4,2014,saved,100.0,2061
Capped,2024,China,EB-4,2014,aged_out,0.0,2061
Capped,2024,China,EB-4,2014,exited,0.0,2061
Capped,2024,China,EB-4,2014,still_dependent,0.0,2061
Capped,2024,China,EB-5,2014,saved,96.26818469323213,2061
Capped,2024,China,EB-5,2014,aged_out,0.0,2061
Capped,2024,China,EB-5,2014,exited,3.7318153067678685,2061
Capped,2024,China,EB-5,2014,still_dependent,0.0,2061
Capped,2024,India,EB-1,2014,saved,96.35021097046413,2061
Capped,2024,India,EB-1,2014,aged_out,0.25316455696202533,2061
Capped,2024,India,EB-1,2014,exited,3.3966244725738397,2061
Capped,2024,India,EB-1,2014,still_dependent,0.0,2061
Capped,2024,India,EB-2,2014,saved,0.0,2061
Capped,2024,India,EB-2,2014,aged_out,70.22459539799625,2061
Capped,2024,India,EB-2,2014,exited,29.775404602003743,2061
Capped,2024,India,EB-2,2014,still_dependent,0.0,2061
Capped,2024,India,EB-3,2014,saved,0.0,2061
Capped,2024,India,EB-3,2014,aged_out,65.67769477054429,2061
Capped,2024,India,EB-3,2014,exited,34.32230522945571,2061
Capped,2024,India,EB-3,2014,still_dependent,0.0,2061
Capped,2024,India,EB-4,2014,saved,29.32330827067669,2061
Capped,2024,India,EB-4,2014,aged_out,29.32330827067669,2061
Capped,2024,India,EB-4,2014,exited,41.35338345864662,2061
Capped,2024,India,EB-4,2014,still_dependent,0.0,2061
Capped,2024,India,EB-5,2014,saved,94.3213296398892,2061
Capped,2024,India,EB-5,2014,aged_out,2.0775623268698062,2061
Capped,2024,India,EB-5,2014,exited,3.601108033240997,2061
Capped,2024,India,EB-5,2014,still_dependent,0.0,2061
Capped,2024,ROW,EB-1,2014,saved,100.0,2061
Capped,2024,ROW,EB-1,2014,aged_out,0.0,2061
Capped,2024,ROW,EB-1,2014,exited,0.0,2061
Capped,2024,ROW,EB-1,2014,still_dependent,0.0,2061
Capped,2024,ROW,EB-2,2014,saved,94.15599355778818,2061
Capped,2024,ROW,EB-2,2014,aged_out,0.14571669606564921,2061
Capped,2024,ROW,EB-2,2014,exited,5.698289746146177,2061
Capped,2024,ROW,EB-2,2014,still_dependent,0.0,2061
Capped,2024,ROW,EB-3,2014,saved,87.29677757706428,2061
Capped,2024,ROW,EB-3,2014,aged_out,0.3845929724375036,2061
Capped,2024,ROW,EB-3,2014,exited,12.318629450498223,2061
Capped,2024,ROW,EB-3,2014,still_dependent,0.0,2061
Capped,2024,ROW,EB-4,2014,saved,2.3988413143839957,2061
Capped,2024,ROW,EB-4,2014,aged_out,41.69457771340635,2061
Capped,2024,ROW,EB-4,2014,exited,55.90658097220965,2061
Capped,2024,ROW,EB-4,2014,still_dependent,0.0,2061
Capped,2024,ROW,EB-5,2014,saved,100.0,2061
Capped,2024,ROW,EB-5,2014,aged_out,0.0,2061
Capped,2024,ROW,EB-5,2014,exited,0.0,2061
Capped,2024,ROW,EB-5,2014,still_dependent,0.0,2061
Capped,2025,China,EB-1,2014,saved,94.50327786182552,2061
Capped,2025,China,EB-1,2014,aged_out,0.10085728693898134,2061
Capped,2025,China,EB-1,2014,exited,5.395864851235502,2061
Capped,2025,China,EB-1,2014,still_dependent,0.0,2061
Capped,2025,China,EB-2,2014,saved,0.0,2061
Capped,2025,China,EB-2,2014,aged_out,67.59295499021526,2061
Capped,2025,China,EB-2,2014,exited,32.40704500978474,2061
Capped,2025,China,EB-2,2014,still_dependent,0.0,2061
Capped,2025,China,EB-3,2014,saved,24.746807573756055,2061
Capped,2025,China,EB-3,2014,aged_out,31.792162043152796,2061
Capped,2025,China,EB-3,2014,exited,43.46103038309115,2061
Capped,2025,China,EB-3,2014,still_dependent,0.0,2061
Capped,2025,China,EB-4,2014,saved,100.0,2061
Capped,2025,China,EB-4,2014,aged_out,0.0,2061
Capped,2025,China,EB-4,2014,exited,0.0,2061
Capped,2025,China,EB-4,2014,still_dependent,0.0,2061
Capped,2025,China,EB-5,2014,saved,93.88888888888889,2061
Capped,2025,China,EB-5,2014,aged_out,0.0,2061
Capped,2025,China,EB-5,2014,exited,6.111111111111111,2061
Capped,2025,China,EB-5,2014,still_dependent,0.0,2061
Capped,2025,India,EB-1,2014,saved,95.84426946631672,2061
Capped,2025,India,EB-1,2014,aged_out,0.41557305336832895,2061
Capped,2025,India,EB-1,2014,exited,3.7401574803149606,2061
Capped,2025,India,EB-1,2014,still_dependent,0.0,2061
Capped,2025,India,EB-2,2014,saved,0.0,2061
Capped,2025,India,EB-2,2014,aged_out,69.99890326826058,2061
Capped,2025,India,EB-2,2014,exited,30.001096731739416,2061
Capped,2025,India,EB-2,2014,still_dependent,0.0,2061
Capped,2025,India,EB-3,2014,saved,0.0,2061
Capped,2025,India,EB-3,2014,aged_out,64.7847100175747,2061
Capped,2025,India,EB-3,2014,exited,35.215289982425304,2061
Capped,2025,India,EB-3,2014,still_dependent,0.0,2061
Capped,2025,India,EB-4,2014,saved,26.798748696558917,2061
Capped,2025,India,EB-4,2014,aged_out,33.05526590198123,2061
Capped,2025,India,EB-4,2014,exited,40.14598540145985,2061
Capped,2025,India,EB-4,2014,still_dependent,0.0,2061
Capped,2025,India,EB-5,2014,saved,94.46935724962631,2061
Capped,2025,India,EB-5,2014,aged_out,2.242152466367713,2061
Capped,2025,India,EB-5,2014,exited,3.288490284005979,2061
Capped,2025,India,EB-5,2014,still_dependent,0.0,2061
Capped,2025,ROW,EB-1,2014,saved,100.0,2061
Capped,2025,ROW,EB-1,2014,aged_out,0.0,2061
Capped,2025,ROW,EB-1,2014,exited,0.0,2061
Capped,2025,ROW,EB-1,2014,still_dependent,0.0,2061
Capped,2025,ROW,EB-2,2014,saved,93.28665888759238,2061
Capped,2025,ROW,EB-2,2014,aged_out,0.1866977829638273,2061
Capped,2025,ROW,EB-2,2014,exited,6.526643329443796,2061
Capped,2025,ROW,EB-2,2014,still_dependent,0.0,2061
Capped,2025,ROW,EB-3,2014,saved,85.32242263585547,2061
Capped,2025,ROW,EB-3,2014,aged_out,0.7088111565723506,2061
Capped,2025,ROW,EB-3,2014,exited,13.968766207572179,2061
Capped,2025,ROW,EB-3,2014,still_dependent,0.0,2061
Capped,2025,ROW,EB-4,2014,saved,0.0,2061
Capped,2025,ROW,EB-4,2014,aged_out,43.96567299006323,2061
Capped,2025,ROW,EB-4,2014,exited,56.03432700993677,2061
Capped,2025,ROW,EB-4,2014,still_dependent,0.0,2061
Capped,2025,ROW,EB-5,2014,saved,100.0,2061
Capped,2025,ROW,EB-5,2014,aged_out,0.0,2061
Capped,2025,ROW,EB-5,2014,exited,0.0,2061
Capped,2025,ROW,EB-5,2014,still_dependent,0.0,2061
Capped,2026,China,EB-1,2014,saved,91.58774373259052,2061
Capped,2026,China,EB-1,2014,aged_out,1.0027855153203342,2061
Capped,2026,China,EB-1,2014,exited,7.4094707520891365,2061
Capped,2026,China,EB-1,2014,still_dependent,0.0,2061
Capped,2026,China,EB-2,2014,saved,0.0,2061
Capped,2026,China,EB-2,2014,aged_out,68.43471810089021,2061
Capped,2026,China,EB-2,2014,exited,31.56528189910979,2061
Capped,2026,China,EB-2,2014,still_dependent,0.0,2061
Capped,2026,China,EB-3,2014,saved,21.081307627829002,2061
Capped,2026,China,EB-3,2014,aged_out,37.4685666387259,2061
Capped,2026,China,EB-3,2014,exited,41.4501257334451,2061
Capped,2026,China,EB-3,2014,still_dependent,0.0,2061
Capped,2026,China,EB-4,2014,saved,100.0,2061
Capped,2026,China,EB-4,2014,aged_out,0.0,2061
Capped,2026,China,EB-4,2014,exited,0.0,2061
Capped,2026,China,EB-4,2014,still_dependent,0.0,2061
Capped,2026,China,EB-5,2014,saved,93.1237721021611,2061
Capped,2026,China,EB-5,2014,aged_out,0.3274394237066143,2061
Capped,2026,China,EB-5,2014,exited,6.5487884741322855,2061
Capped,2026,China,EB-5,2014,still_dependent,0.0,2061
Capped,2026,India,EB-1,2014,saved,94.14676135140951,2061
Capped,2026,India,EB-1,2014,aged_out,0.7746933505487411,2061
Capped,2026,India,EB-1,2014,exited,5.078545298041747,2061
Capped,2026,India,EB-1,2014,still_dependent,0.0,2061
Capped,2026,India,EB-2,2014,saved,0.0,2061
Capped,2026,India,EB-2,2014,aged_out,70.02668409301313,2061
Capped,2026,India,EB-2,2014,exited,29.973315906986876,2061
Capped,2026,India,EB-2,2014,still_dependent,0.0,2061
Capped,2026,India,EB-3,2014,saved,0.0,2061
Capped,2026,India,EB-3,2014,aged_out,64.54065469904963,2061
Capped,2026,India,EB-3,2014,exited,35.45934530095037,2061
Capped,2026,India,EB-3,2014,still_dependent,0.0,2061
Capped,2026,India,EB-4,2014,saved,24.949899799599198,2061
Capped,2026,India,EB-4,2014,aged_out,36.47294589178357,2061
Capped,2026,India,EB-4,2014,exited,38.57715430861723,2061
Capped,2026,India,EB-4,2014,still_dependent,0.0,2061
Capped,2026,India,EB-5,2014,saved,92.94436906377204,2061
Capped,2026,India,EB-5,2014,aged_out,3.5278154681139755,2061
Capped,2026,India,EB-5,2014,exited,3.5278154681139755,2061
Capped,2026,India,EB-5,2014,still_dependent,0.0,2061
Capped,2026,ROW,EB-1,2014,saved,100.0,2061
Capped,2026,ROW,EB-1,2014,aged_out,0.0,2061
Capped,2026,ROW,EB-1,2014,exited,0.0,2061
Capped,2026,ROW,EB-1,2014,still_dependent,0.0,2061
Capped,2026,ROW,EB-2,2014,saved,92.78540213141149,2061
Capped,2026,ROW,EB-2,2014,aged_out,0.21467453806639578,2061
Capped,2026,ROW,EB-2,2014,exited,6.999923330522119,2061
Capped,2026,ROW,EB-2,2014,still_dependent,0.0,2061
Capped,2026,ROW,EB-3,2014,saved,82.94487821932175,2061
Capped,2026,ROW,EB-3,2014,aged_out,1.066309287961776,2061
Capped,2026,ROW,EB-3,2014,exited,15.988812492716466,2061
Capped,2026,ROW,EB-3,2014,still_dependent,0.0,2061
Capped,2026,ROW,EB-4,2014,saved,0.0,2061
Capped,2026,ROW,EB-4,2014,aged_out,43.79388964888281,2061
Capped,2026,ROW,EB-4,2014,exited,56.20611035111719,2061
Capped,2026,ROW,EB-4,2014,still_dependent,0.0,2061
Capped,2026,ROW,EB-5,2014,saved,100.0,2061
Capped,2026,ROW,EB-5,2014,aged_out,0.0,2061
Capped,2026,ROW,EB-5,2014,exited,0.0,2061
Capped,2026,ROW,EB-5,2014,still_dependent,0.0,2061
Capped,2027,China,EB-1,2014,saved,90.00517866390472,2061
Capped,2027,China,EB-1,2014,aged_out,1.8125323666494044,2061
Capped,2027,China,EB-1,2014,exited,8.182288969445883,2061
Capped,2027,China,EB-1,2014,still_dependent,0.0,2061
Capped,2027,China,EB-2,2014,saved,0.0,2061
Capped,2027,China,EB-2,2014,aged_out,66.72032193158954,2061
Capped,2027,China,EB-2,2014,exited,33.27967806841046,2061
Capped,2027,China,EB-2,2014,still_dependent,0.0,2061
Capped,2027,China,EB-3,2014,saved,15.823888404533566,2061
Capped,2027,China,EB-3,2014,aged_out,39.97384481255449,2061
Capped,2027,China,EB-3,2014,exited,44.20226678291194,2061
Capped,2027,China,EB-3,2014,still_dependent,0.0,2061
Capped,2027,China,EB-4,2014,saved,100.0,2061
Capped,2027,China,EB-4,2014,aged_out,0.0,2061
Capped,2027,China,EB-4,2014,exited,0.0,2061
Capped,2027,China,EB-4,2014,still_dependent,0.0,2061
Capped,2027,China,EB-5,2014,saved,92.36545682102629,2061
Capped,2027,China,EB-5,2014,aged_out,0.6257822277847309,2061
Capped,2027,China,EB-5,2014,exited,7.008760951188986,2061
Capped,2027,China,EB-5,2014,still_dependent,0.0,2061
Capped,2027,India,EB-1,2014,saved,93.08338720103426,2061
Capped,2027,India,EB-1,2014,aged_out,1.1419952596423184,2061
Capped,2027,India,EB-1,2014,exited,5.774617539323422,2061
Capped,2027,India,EB-1,2014,still_dependent,0.0,2061
Capped,2027,India,EB-2,2014,saved,0.0,2061
Capped,2027,India,EB-2,2014,aged_out,70.9429883815185,2061
Capped,2027,India,EB-2,2014,exited,29.057011618481493,2061
Capped,2027,India,EB-2,2014,still_dependent,0.0,2061
Capped,2027,India,EB-3,2014,saved,0.0,2061
Capped,2027,India,EB-3,2014,aged_out,65.81632653061224,2061
Capped,2027,India,EB-3,2014,exited,34.183673469387756,2061
Capped,2027,India,EB-3,2014,still_dependent,0.0,2061
Capped,2027,India,EB-4,2014,saved,20.600414078674948,2061
Capped,2027,India,EB-4,2014,aged_out,37.577639751552795,2061
Capped,2027,India,EB-4,2014,exited,41.821946169772254,2061
Capped,2027,India,EB-4,2014,still_dependent,0.0,2061
Capped,2027,India,EB-5,2014,saved,93.89736477115117,2061
Capped,2027,India,EB-5,2014,aged_out,2.0804438280166435,2061
Capped,2027,India,EB-5,2014,exited,4.0221914008321775,2061
Capped,2027,India,EB-5,2014,still_dependent,0.0,2061
Capped,2027,ROW,EB-1,2014,saved,100.0,2061
Capped,2027,ROW,EB-1,2014,aged_out,0.0,2061
Capped,2027,ROW,EB-1,2014,exited,0.0,2061
Capped,2027,ROW,EB-1,2014,still_dependent,0.0,2061
Capped,2027,ROW,EB-2,2014,saved,93.04259950248756,2061
Capped,2027,ROW,EB-2,2014,aged_out,0.2798507462686567,2061
Capped,2027,ROW,EB-2,2014,exited,6.677549751243781,2061
Capped,2027,ROW,EB-2,2014,still_dependent,0.0,2061
Capped,2027,ROW,EB-3,2014,saved,79.91879350348027,2061
Capped,2027,ROW,EB-3,2014,aged_out,1.75754060324826,2061
Capped,2027,ROW,EB-3,2014,exited,18.32366589327146,2061
Capped,2027,ROW,EB-3,2014,still_dependent,0.0,2061
Capped,2027,ROW,EB-4,2014,saved,0.0,2061
Capped,2027,ROW,EB-4,2014,aged_out,43.78378378378378,2061
Capped,2027,ROW,EB-4,2014,exited,56.21621621621622,2061
Capped,2027,ROW,EB-4,2014,still_dependent,0.0,2061
Capped,2027,ROW,EB-5,2014,saved,100.0,2061
Capped,2027,ROW,EB-5,2014,aged_out,0.0,2061
Capped,2027,ROW,EB-5,2014,exited,0.0,2061
Capped,2027,ROW,EB-5,2014,still_dependent,0.0,2061
Capped,2028,China,EB-1,2014,saved,88.07291666666667,2061
Capped,2028,China,EB-1,2014,aged_out,2.8125,2061
Capped,2028,China,EB-1,2014,exited,9.114583333333334,2061
Capped,2028,China,EB-1,2014,still_dependent,0.0,2061
Capped,2028,China,EB-2,2014,saved,0.0,2061
Capped,2028,China,EB-2,2014,aged_out,67.77956556717619,2061
Capped,2028,China,EB-2,2014,exited,32.220434432823815,2061
Capped,2028,China,EB-2,2014,still_dependent,0.0,2061
Capped,2028,China,EB-3,2014,saved,13.448844884488448,2061
Capped,2028,China,EB-3,2014,aged_out,45.255775577557756,2061
Capped,2028,China,EB-3,2014,exited,41.29537953795379,2061
Capped,2028,China,EB-3,2014,still_dependent,0.0,2061
Capped,2028,China,EB-4,2014,saved,100.0,2061
Capped,2028,China,EB-4,2014,aged_out,0.0,2061
Capped,2028,China,EB-4,2014,exited,0.0,2061
Capped,2028,China,EB-4,2014,still_dependent,0.0,2061
Capped,2028,China,EB-5,2014,saved,93.19041614123581,2061
Capped,2028,China,EB-5,2014,aged_out,1.008827238335435,2061
Capped,2028,China,EB-5,2014,exited,5.800756620428752,2061
Capped,2028,China,EB-5,2014,still_dependent,0.0,2061
Capped,2028,India,EB-1,2014,saved,92.0410783055199,2061
Capped,2028,India,EB-1,2014,aged_out,1.7115960633290543,2061
Capped,2028,India,EB-1,2014,exited,6.247325631151049,2061
Capped,2028,India,EB-1,2014,still_dependent,0.0,2061
Capped,2028,India,EB-2,2014,saved,0.0,2061
Capped,2028,India,EB-2,2014,aged_out,70.6846301897168,2061
Capped,2028,India,EB-2,2014,exited,29.3153698102832,2061
Capped,2028,India,EB-2,2014,still_dependent,0.0,2061
Capped,2028,India,EB-3,2014,saved,0.0,2061
Capped,2028,India,EB-3,2014,aged_out,65.49053356282272,2061
Capped,2028,India,EB-3,2014,exited,34.50946643717728,2061
Capped,2028,India,EB-3,2014,still_dependent,0.0,2061
Capped,2028,India,EB-4,2014,saved,14.148936170212766,2061
Capped,2028,India,EB-4,2014,aged_out,40.212765957446805,2061
Capped,2028,India,EB-4,2014,exited,45.638297872340424,2061
Capped,2028,India,EB-4,2014,still_dependent,0.0,2061
Capped,2028,India,EB-5,2014,saved,90.55118110236221,2061
Capped,2028,India,EB-5,2014,aged_out,3.779527559055118,2061
Capped,2028,India,EB-5,2014,exited,5.669291338582677,2061
Capped,2028,India,EB-5,2014,still_dependent,0.0,2061
Capped,2028,ROW,EB-1,2014,saved,100.0,2061
Capped,2028,ROW,EB-1,2014,aged_out,0.0,2061
Capped,2028,ROW,EB-1,2014,exited,0.0,2061
Capped,2028,ROW,EB-1,2014,still_dependent,0.0,2061
Capped,2028,ROW,EB-2,2014,saved,91.57919473601754,2061
Capped,2028,ROW,EB-2,2014,aged_out,0.28199906000313335,2061
Capped,2028,ROW,EB-2,2014,exited,8.13880620397932,2061
Capped,2028,ROW,EB-2,2014,still_dependent,0.0,2061
Capped,2028,ROW,EB-3,2014,saved,78.26061390097613,2061
Capped,2028,ROW,EB-3,2014,aged_out,2.1698224156180173,2061
Capped,2028,ROW,EB-3,2014,exited,19.569563683405857,2061
Capped,2028,ROW,EB-3,2014,still_dependent,0.0,2061
Capped,2028,ROW,EB-4,2014,saved,0.0,2061
Capped,2028,ROW,EB-4,2014,aged_out,43.527941439028744,2061
Capped,2028,ROW,EB-4,2014,exited,56.472058560971256,2061
Capped,2028,ROW,EB-4,2014,still_dependent,0.0,2061
Capped,2028,ROW,EB-5,2014,saved,100.0,2061
Capped,2028,ROW,EB-5,2014,aged_out,0.0,2061
Capped,2028,ROW,EB-5,2014,exited,0.0,2061
Capped,2028,ROW,EB-5,2014,still_dependent,0.0,2061
Capped,2029,China,EB-1,2014,saved,85.06493506493507,2061
Capped,2029,China,EB-1,2014,aged_out,4.924242424242424,2061
Capped,2029,China,EB-1,2014,exited,10.01082251082251,2061
Capped,2029,China,EB-1,2014,still_dependent,0.0,2061
Capped,2029,China,EB-2,2014,saved,0.0,2061
Capped,2029,China,EB-2,2014,aged_out,68.24949698189135,2061
Capped,2029,China,EB-2,2014,exited,31.750503018108652,2061
Capped,2029,China,EB-2,2014,still_dependent,0.0,2061
Capped,2029,China,EB-3,2014,saved,9.38194753223655,2061
Capped,2029,China,EB-3,2014,aged_out,47.665629168519345,2061
Capped,2029,China,EB-3,2014,exited,42.95242329924411,2061
Capped,2029,China,EB-3,2014,still_dependent,0.0,2061
Capped,2029,China,EB-4,2014,saved,100.0,2061
Capped,2029,China,EB-4,2014,aged_out,0.0,2061
Capped,2029,China,EB-4,2014,exited,0.0,2061
Capped,2029,China,EB-4,2014,still_dependent,0.0,2061
Capped,2029,China,EB-5,2014,saved,91.84073107049609,2061
Capped,2029,China,EB-5,2014,aged_out,1.4360313315926894,2061
Capped,2029,China,EB-5,2014,exited,6.723237597911227,2061
Capped,2029,China,EB-5,2014,still_dependent,0.0,2061
Capped,2029,India,EB-1,2014,saved,89.93215145546071,2061
Capped,2029,India,EB-1,2014,aged_out,3.173560954256949,2061
Capped,2029,India,EB-1,2014,exited,6.894287590282337,2061
Capped,2029,India,EB-1,2014,still_dependent,0.0,2061
Capped,2029,India,EB-2,2014,saved,0.0,2061
Capped,2029,India,EB-2,2014,aged_out,69.94469692821552,2061
Capped,2029,India,EB-2,2014,exited,30.055303071784483,2061
Capped,2029,India,EB-2,2014,still_dependent,0.0,2061
Capped,2029,India,EB-3,2014,saved,0.0,2061
Capped,2029,India,EB-3,2014,aged_out,64.70840480274443,2061
Capped,2029,India,EB-3,2014,exited,35.291595197255575,2061
Capped,2029,India,EB-3,2014,still_dependent,0.0,2061
Capped,2029,India,EB-4,2014,saved,13.66742596810934,2061
Capped,2029,India,EB-4,2014,aged_out,42.02733485193622,2061
Capped,2029,India,EB-4,2014,exited,44.30523917995444,2061
Capped,2029,India,EB-4,2014,still_dependent,0.0,2061
Capped,2029,India,EB-5,2014,saved,92.66304347826087,2061
Capped,2029,India,EB-5,2014,aged_out,2.5815217391304346,2061
Capped,2029,India,EB-5,2014,exited,4.755434782608695,2061
Capped,2029,India,EB-5,2014,still_dependent,0.0,2061
Capped,2029,ROW,EB-1,2014,saved,100.0,2061
Capped,2029,ROW,EB-1,2014,aged_out,0.0,2061
Capped,2029,ROW,EB-1,2014,exited,0.0,2061
Capped,2029,ROW,EB-1,2014,still_dependent,0.0,2061
Capped,2029,ROW,EB-2,2014,saved,91.46152655209785,2061
Capped,2029,ROW,EB-2,2014,aged_out,0.45672704753057747,2061
Capped,2029,ROW,EB-2,2014,exited,8.081746400371575,2061
Capped,2029,ROW,EB-2,2014,still_dependent,0.0,2061
Capped,2029,ROW,EB-3,2014,saved,75.60481537214956,2061
Capped,2029,ROW,EB-3,2014,aged_out,3.374233128834356,2061
Capped,2029,ROW,EB-3,2014,exited,21.02095149901609,2061
Capped,2029,ROW,EB-3,2014,still_dependent,0.0,2061
Capped,2029,ROW,EB-4,2014,saved,0.0,2061
Capped,2029,ROW,EB-4,2014,aged_out,43.61942660757891,2061
Capped,2029,ROW,EB-4,2014,exited,56.38057339242109,2061
Capped,2029,ROW,EB-4,2014,still_dependent,0.0,2061
Capped,2029,ROW,EB-5,2014,saved,100.0,2061
Capped,2029,ROW,EB-5,2014,aged_out,0.0,2061
Capped,2029,ROW,EB-5,2014,exited,0.0,2061
Capped,2029,ROW,EB-5,2014,still_dependent,0.0,2061
Capped,2030,China,EB-1,2014,saved,84.00216919739697,2061
Capped,2030,China,EB-1,2014,aged_out,6.344902386117137,2061
Capped,2030,China,EB-1,2014,exited,9.652928416485901,2061
Capped,2030,China,EB-1,2014,still_dependent,0.0,2061
Capped,2030,China,EB-2,2014,saved,0.0,2061
Capped,2030,China,EB-2,2014,aged_out,66.92131398013751,2061
Capped,2030,China,EB-2,2014,exited,33.07868601986249,2061
Capped,2030,China,EB-2,2014,still_dependent,0.0,2061
Capped,2030,China,EB-3,2014,saved,6.307435254803676,2061
Capped,2030,China,EB-3,2014,aged_out,49.707602339181285,2061
Capped,2030,China,EB-3,2014,exited,43.984962406015036,2061
Capped,2030,China,EB-3,2014,still_dependent,0.0,2061
Capped,2030,China,EB-4,2014,saved,100.0,2061
Capped,2030,China,EB-4,2014,aged_out,0.0,2061
Capped,2030,China,EB-4,2014,exited,0.0,2061
Capped,2030,China,EB-4,2014,still_dependent,0.0,2061
Capped,2030,China,EB-5,2014,saved,92.50663129973475,2061
Capped,2030,China,EB-5,2014,aged_out,1.6578249336870026,2061
Capped,2030,China,EB-5,2014,exited,5.835543766578249,2061
Capped,2030,China,EB-5,2014,still_dependent,0.0,2061
Capped,2030,India,EB-1,2014,saved,87.53966574994712,2061
Capped,2030,India,EB-1,2014,aged_out,4.86566532684578,2061
Capped,2030,India,EB-1,2014,exited,7.5946689232071085,2061
Capped,2030,India,EB-1,2014,still_dependent,0.0,2061
Capped,2030,India,EB-2,2014,saved,0.0,2061
Capped,2030,India,EB-2,2014,aged_out,70.51916281598261,2061
Capped,2030,India,EB-2,2014,exited,29.480837184017396,2061
Capped,2030,India,EB-2,2014,still_dependent,0.0,2061
Capped,2030,India,EB-3,2014,saved,0.0,2061
Capped,2030,India,EB-3,2014,aged_out,63.99493777684033,2061
Capped,2030,India,EB-3,2014,exited,36.00506222315967,2061
Capped,2030,India,EB-3,2014,still_dependent,0.0,2061
Capped,2030,India,EB-4,2014,saved,12.486659551760939,2061
Capped,2030,India,EB-4,2014,aged_out,41.72892209178229,2061
Capped,2030,India,EB-4,2014,exited,45.784418356456776,2061
Capped,2030,India,EB-4,2014,still_dependent,0.0,2061
Capped,2030,India,EB-5,2014,saved,90.77380952380952,2061
Capped,2030,India,EB-5,2014,aged_out,3.7202380952380953,2061
Capped,2030,India,EB-5,2014,exited,5.505952380952381,2061
Capped,2030,India,EB-5,2014,still_dependent,0.0,2061
Capped,2030,ROW,EB-1,2014,saved,100.0,2061
Capped,2030,ROW,EB-1,2014,aged_out,0.0,2061
Capped,2030,ROW,EB-1,2014,exited,0.0,2061
Capped,2030,ROW,EB-1,2014,still_dependent,0.0,2061
Capped,2030,ROW,EB-2,2014,saved,90.57299843014128,2061
Capped,2030,ROW,EB-2,2014,aged_out,0.5102040816326531,2061
Capped,2030,ROW,EB-2,2014,exited,8.91679748822606,2061
Capped,2030,ROW,EB-2,2014,still_dependent,0.0,2061
Capped,2030,ROW,EB-3,2014,saved,74.83356290174471,2061
Capped,2030,ROW,EB-3,2014,aged_out,3.822314049586777,2061
Capped,2030,ROW,EB-3,2014,exited,21.344123048668504,2061
Capped,2030,ROW,EB-3,2014,still_dependent,0.0,2061
Capped,2030,ROW,EB-4,2014,saved,0.0,2061
Capped,2030,ROW,EB-4,2014,aged_out,43.803379974559334,2061
Capped,2030,ROW,EB-4,2014,exited,56.196620025440666,2061
Capped,2030,ROW,EB-4,2014,still_dependent,0.0,2061
Capped,2030,ROW,EB-5,2014,saved,100.0,2061
Capped,2030,ROW,EB-5,2014,aged_out,0.0,2061
Capped,2030,ROW,EB-5,2014,exited,0.0,2061
Capped,2030,ROW,EB-5,2014,still_dependent,0.0,2061
Capped,2031,China,EB-1,2014,saved,77.61033369214209,2061
Capped,2031,China,EB-1,2014,aged_out,10.495156081808396,2061
Capped,2031,China,EB-1,2014,exited,11.894510226049515,2061
Capped,2031,China,EB-1,2014,still_dependent,0.0,2061
Capped,2031,China,EB-2,2014,saved,0.0,2061
Capped,2031,China,EB-2,2014,aged_out,67.00564971751412,2061
Capped,2031,China,EB-2,2014,exited,32.994350282485875,2061
Capped,2031,China,EB-2,2014,still_dependent,0.0,2061
Capped,2031,China,EB-3,2014,saved,2.937365010799136,2061
Capped,2031,China,EB-3,2014,aged_out,53.47732181425486,2061
Capped,2031,China,EB-3,2014,exited,43.585313174946,2061
Capped,2031,China,EB-3,2014,still_dependent,0.0,2061
Capped,2031,China,EB-4,2014,saved,100.0,2061
Capped,2031,China,EB-4,2014,aged_out,0.0,2061
Capped,2031,China,EB-4,2014,exited,0.0,2061
Capped,2031,China,EB-4,2014,still_dependent,0.0,2061
Capped,2031,China,EB-5,2014,saved,91.25717932354819,2061
Capped,2031,China,EB-5,2014,aged_out,1.723037651563497,2061
Capped,2031,China,EB-5,2014,exited,7.019783024888322,2061
Capped,2031,China,EB-5,2014,still_dependent,0.0,2061
Capped,2031,India,EB-1,2014,saved,86.38397613466866,2061
Capped,2031,India,EB-1,2014,aged_out,6.0302578308118475,2061
Capped,2031,India,EB-1,2014,exited,7.585766034519497,2061
Capped,2031,India,EB-1,2014,still_dependent,0.0,2061
Capped,2031,India,EB-2,2014,saved,0.0,2061
Capped,2031,India,EB-2,2014,aged_out,70.57988424156383,2061
Capped,2031,India,EB-2,2014,exited,29.420115758436168,2061
Capped,2031,India,EB-2,2014,still_dependent,0.0,2061
Capped,2031,India,EB-3,2014,saved,0.0,2061
Capped,2031,India,EB-3,2014,aged_out,65.51724137931035,2061
Capped,2031,India,EB-3,2014,exited,34.48275862068966,2061
Capped,2031,India,EB-3,2014,still_dependent,0.0,2061
Capped,2031,India,EB-4,2014,saved,13.492063492063492,2061
Capped,2031,India,EB-4,2014,aged_out,41.723356009070294,2061
Capped,2031,India,EB-4,2014,exited,44.78458049886621,2061
Capped,2031,India,EB-4,2014,still_dependent,0.0,2061
Capped,2031,India,EB-5,2014,saved,89.37677053824362,2061
Capped,2031,India,EB-5,2014,aged_out,3.5410764872521248,2061
Capped,2031,India,EB-5,2014,exited,7.0821529745042495,2061
Capped,2031,India,EB-5,2014,still_dependent,0.0,2061
Capped,2031,ROW,EB-1,2014,saved,100.0,2061
Capped,2031,ROW,EB-1,2014,aged_out,0.0,2061
Capped,2031,ROW,EB-1,2014,exited,0.0,2061
Capped,2031,ROW,EB-1,2014,still_dependent,0.0,2061
Capped,2031,ROW,EB-2,2014,saved,90.73389443876347,2061
Capped,2031,ROW,EB-2,2014,aged_out,0.511287658302525,2061
Capped,2031,ROW,EB-2,2014,exited,8.754817902934004,2061
Capped,2031,ROW,EB-2,2014,still_dependent,0.0,2061
Capped,2031,ROW,EB-3,2014,saved,70.87788244813038,2061
Capped,2031,ROW,EB-3,2014,aged_out,5.149396058486968,2061
Capped,2031,ROW,EB-3,2014,exited,23.97272149338265,2061
Capped,2031,ROW,EB-3,2014,still_dependent,0.0,2061
Capped,2031,ROW,EB-4,2014,saved,0.0,2061
Capped,2031,ROW,EB-4,2014,aged_out,43.50132625994695,2061
Capped,2031,ROW,EB-4,2014,exited,56.49867374005305,2061
Capped,2031,ROW,EB-4,2014,still_dependent,0.0,2061
Capped,2031,ROW,EB-5,2014,saved,100.0,2061
Capped,2031,ROW,EB-5,2014,aged_out,0.0,2061
Capped,2031,ROW,EB-5,2014,exited,0.0,2061
Capped,2031,ROW,EB-5,2014,still_dependent,0.0,2061
Capped,2032,China,EB-1,2014,saved,75.35059331175836,2061
Capped,2032,China,EB-1,2014,aged_out,12.351672060409925,2061
Capped,2032,China,EB-1,2014,exited,12.297734627831716,2061
Capped,2032,China,EB-1,2014,still_dependent,0.0,2061
Capped,2032,China,EB-2,2014,saved,0.0,2061
Capped,2032,China,EB-2,2014,aged_out,65.41731066460588,2061
Capped,2032,China,EB-2,2014,exited,34.58268933539413,2061
Capped,2032,China,EB-2,2014,still_dependent,0.0,2061
Capped,2032,China,EB-3,2014,saved,1.5322217214961695,2061
Capped,2032,China,EB-3,2014,aged_out,57.413249211356465,2061
Capped,2032,China,EB-3,2014,exited,41.054529067147364,2061
Capped,2032,China,EB-3,2014,still_dependent,0.0,2061
Capped,2032,China,EB-4,2014,saved,100.0,2061
Capped,2032,China,EB-4,2014,aged_out,0.0,2061
Capped,2032,China,EB-4,2014,exited,0.0,2061
Capped,2032,China,EB-4,2014,still_dependent,0.0,2061
Capped,2032,China,EB-5,2014,saved,90.52224371373308,2061
Capped,2032,China,EB-5,2014,aged_out,2.0631850419084463,2061
Capped,2032,China,EB-5,2014,exited,7.414571244358479,2061
Capped,2032,China,EB-5,2014,still_dependent,0.0,2061
Capped,2032,India,EB-1,2014,saved,84.10113563316906,2061
Capped,2032,India,EB-1,2014,aged_out,7.092350546389544,2061
Capped,2032,India,EB-1,2014,exited,8.806513820441397,2061
Capped,2032,India,EB-1,2014,still_dependent,0.0,2061
Capped,2032,India,EB-2,2014,saved,0.0,2061
Capped,2032,India,EB-2,2014,aged_out,69.63725436230528,2061
Capped,2032,India,EB-2,2014,exited,30.362745637694722,2061
Capped,2032,India,EB-2,2014,still_dependent,0.0,2061
Capped,2032,India,EB-3,2014,saved,0.0,2061
Capped,2032,India,EB-3,2014,aged_out,64.74619832940672,2061
Capped,2032,India,EB-3,2014,exited,35.253801670593276,2061
Capped,2032,India,EB-3,2014,still_dependent,0.0,2061
Capped,2032,India,EB-4,2014,saved,10.851808634772462,2061
Capped,2032,India,EB-4,2014,aged_out,41.656942823803966,2061
Capped,2032,India,EB-4,2014,exited,47.49124854142357,2061
Capped,2032,India,EB-4,2014,still_dependent,0.0,2061
Capped,2032,India,EB-5,2014,saved,90.25069637883009,2061
Capped,2032,India,EB-5,2014,aged_out,3.8997214484679668,2061
Capped,2032,India,EB-5,2014,exited,5.8495821727019495,2061
Capped,2032,India,EB-5,2014,still_dependent,0.0,2061
Capped,2032,ROW,EB-1,2014,saved,100.0,2061
Capped,2032,ROW,EB-1,2014,aged_out,0.0,2061
Capped,2032,ROW,EB-1,2014,exited,0.0,2061
Capped,2032,ROW,EB-1,2014,still_dependent,0.0,2061
Capped,2032,ROW,EB-2,2014,saved,89.76145399469898,2061
Capped,2032,ROW,EB-2,2014,aged_out,0.605831124574025,2061
Capped,2032,ROW,EB-2,2014,exited,9.632714880726997,2061
Capped,2032,ROW,EB-2,2014,still_dependent,0.0,2061
Capped,2032,ROW,EB-3,2014,saved,70.22914115794997,2061
Capped,2032,ROW,EB-3,2014,aged_out,5.684799720132937,2061
Capped,2032,ROW,EB-3,2014,exited,24.08605912191709,2061
Capped,2032,ROW,EB-3,2014,still_dependent,0.0,2061
Capped,2032,ROW,EB-4,2014,saved,0.0,2061
Capped,2032,ROW,EB-4,2014,aged_out,44.948021156301294,2061
Capped,2032,ROW,EB-4,2014,exited,55.051978843698706,2061
Capped,2032,ROW,EB-4,2014,still_dependent,0.0,2061
Capped,2032,ROW,EB-5,2014,saved,100.0,2061
Capped,2032,ROW,EB-5,2014,aged_out,0.0,2061
Capped,2032,ROW,EB-5,2014,exited,0.0,2061
Capped,2032,ROW,EB-5,2014,still_dependent,0.0,2061
Capped,2033,China,EB-1,2014,saved,70.21716649431231,2061
Capped,2033,China,EB-1,2014,aged_out,15.6153050672182,2061
Capped,2033,China,EB-1,2014,exited,14.167528438469493,2061
Capped,2033,China,EB-1,2014,still_dependent,0.0,2061
Capped,2033,China,EB-2,2014,saved,0.0,2061
Capped,2033,China,EB-2,2014,aged_out,68.10707456978967,2061
Capped,2033,China,EB-2,2014,exited,31.892925430210326,2061
Capped,2033,China,EB-2,2014,still_dependent,0.0,2061
Capped,2033,China,EB-3,2014,saved,0.0,2061
Capped,2033,China,EB-3,2014,aged_out,53.93992163691772,2061
Capped,2033,China,EB-3,2014,exited,46.06007836308228,2061
Capped,2033,China,EB-3,2014,still_dependent,0.0,2061
Capped,2033,China,EB-4,2014,saved,100.0,2061
Capped,2033,China,EB-4,2014,aged_out,0.0,2061
Capped,2033,China,EB-4,2014,exited,0.0,2061
Capped,2033,China,EB-4,2014,still_dependent,0.0,2061
Capped,2033,China,EB-5,2014,saved,89.62628865979381,2061
Capped,2033,China,EB-5,2014,aged_out,2.2551546391752577,2061
Capped,2033,China,EB-5,2014,exited,8.118556701030927,2061
Capped,2033,China,EB-5,2014,still_dependent,0.0,2061
Capped,2033,India,EB-1,2014,saved,79.50150408250967,2061
Capped,2033,India,EB-1,2014,aged_out,10.292221744735711,2061
Capped,2033,India,EB-1,2014,exited,10.20627417275462,2061
Capped,2033,India,EB-1,2014,still_dependent,0.0,2061
Capped,2033,India,EB-2,2014,saved,0.0,2061
Capped,2033,India,EB-2,2014,aged_out,70.22724777692392,2061
Capped,2033,India,EB-2,2014,exited,29.77275222307608,2061
Capped,2033,India,EB-2,2014,still_dependent,0.0,2061
Capped,2033,India,EB-3,2014,saved,0.0,2061
Capped,2033,India,EB-3,2014,aged_out,64.95190296946885,2061
Capped,2033,India,EB-3,2014,exited,35.04809703053116,2061
Capped,2033,India,EB-3,2014,still_dependent,0.0,2061
Capped,2033,India,EB-4,2014,saved,9.19811320754717,2061
Capped,2033,India,EB-4,2014,aged_out,39.740566037735846,2061
Capped,2033,India,EB-4,2014,exited,51.06132075471698,2061
Capped,2033,India,EB-4,2014,still_dependent,0.0,2061
Capped,2033,India,EB-5,2014,saved,89.55650929899856,2061
Capped,2033,India,EB-5,2014,aged_out,5.436337625178827,2061
Capped,2033,India,EB-5,2014,exited,5.007153075822604,2061
Capped,2033,India,EB-5,2014,still_dependent,0.0,2061
Capped,2033,ROW,EB-1,2014,saved,100.0,2061
Capped,2033,ROW,EB-1,2014,aged_out,0.0,2061
Capped,2033,ROW,EB-1,2014,exited,0.0,2061
Capped,2033,ROW,EB-1,2014,still_dependent,0.0,2061
Capped,2033,ROW,EB-2,2014,saved,90.06168608636052,2061
Capped,2033,ROW,EB-2,2014,aged_out,0.6777853933439951,2061
Capped,2033,ROW,EB-2,2014,exited,9.260528520295484,2061
Capped,2033,ROW,EB-2,2014,still_dependent,0.0,2061
Capped,2033,ROW,EB-3,2014,saved,66.72236948254005,2061
Capped,2033,ROW,EB-3,2014,aged_out,7.0588913218854445,2061
Capped,2033,ROW,EB-3,2014,exited,26.218739195574507,2061
Capped,2033,ROW,EB-3,2014,still_dependent,0.0,2061
Capped,2033,ROW,EB-4,2014,saved,0.0,2061
Capped,2033,ROW,EB-4,2014,aged_out,42.71457085828343,2061
Capped,2033,ROW,EB-4,2014,exited,57.28542914171657,2061
Capped,2033,ROW,EB-4,2014,still_dependent,0.0,2061
Capped,2033,ROW,EB-5,2014,saved,100.0,2061
Capped,2033,ROW,EB-5,2014,aged_out,0.0,2061
Capped,2033,ROW,EB-5,2014,exited,0.0,2061
Capped,2033,ROW,EB-5,2014,still_dependent,0.0,2061
Capped,2034,China,EB-1,2014,saved,69.68253968253968,2061
Capped,2034,China,EB-1,2014,aged_out,16.50793650793651,2061
Capped,2034,China,EB-1,2014,exited,13.80952380952381,2061
Capped,2034,China,EB-1,2014,still_dependent,0.0,2061
Capped,2034,China,EB-2,2014,saved,0.0,2061
Capped,2034,China,EB-2,2014,aged_out,67.41573033707866,2061
Capped,2034,China,EB-2,2014,exited,32.58426966292135,2061
Capped,2034,China,EB-2,2014,still_dependent,0.0,2061
Capped,2034,China,EB-3,2014,saved,0.0,2061
Capped,2034,China,EB-3,2014,aged_out,55.9239789729074,2061
Capped,2034,China,EB-3,2014,exited,44.0760210270926,2061
Capped,2034,China,EB-3,2014,still_dependent,0.0,2061
Capped,2034,China,EB-4,2014,saved,100.0,2061
Capped,2034,China,EB-4,2014,aged_out,0.0,2061
Capped,2034,China,EB-4,2014,exited,0.0,2061
Capped,2034,China,EB-4,2014,still_dependent,0.0,2061
Capped,2034,China,EB-5,2014,saved,86.38407193320488,2061
Capped,2034,China,EB-5,2014,aged_out,4.431599229287091,2061
Capped,2034,China,EB-5,2014,exited,9.184328837508028,2061
Capped,2034,China,EB-5,2014,still_dependent,0.0,2061
Capped,2034,India,EB-1,2014,saved,77.77310924369748,2061
Capped,2034,India,EB-1,2014,aged_out,11.302521008403362,2061
Capped,2034,India,EB-1,2014,exited,10.92436974789916,2061
Capped,2034,India,EB-1,2014,still_dependent,0.0,2061
Capped,2034,India,EB-2,2014,saved,0.0,2061
Capped,2034,India,EB-2,2014,aged_out,70.29133727679806,2061
Capped,2034,India,EB-2,2014,exited,29.708662723201947,2061
Capped,2034,India,EB-2,2014,still_dependent,0.0,2061
Capped,2034,India,EB-3,2014,saved,0.0,2061
Capped,2034,India,EB-3,2014,aged_out,65.05295007564297,2061
Capped,2034,India,EB-3,2014,exited,34.94704992435703,2061
Capped,2034,India,EB-3,2014,still_dependent,0.0,2061
Capped,2034,India,EB-4,2014,saved,8.350515463917526,2061
Capped,2034,India,EB-4,2014,aged_out,40.72164948453608,2061
Capped,2034,India,EB-4,2014,exited,50.92783505154639,2061
Capped,2034,India,EB-4,2014,still_dependent,0.0,2061
Capped,2034,India,EB-5,2014,saved,89.75069252077563,2061
Capped,2034,India,EB-5,2014,aged_out,4.293628808864266,2061
Capped,2034,India,EB-5,2014,exited,5.955678670360111,2061
Capped,2034,India,EB-5,2014,still_dependent,0.0,2061
Capped,2034,ROW,EB-1,2014,saved,100.0,2061
Capped,2034,ROW,EB-1,2014,aged_out,0.0,2061
Capped,2034,ROW,EB-1,2014,exited,0.0,2061
Capped,2034,ROW,EB-1,2014,still_dependent,0.0,2061
Capped,2034,ROW,EB-2,2014,saved,88.67706972096241,2061
Capped,2034,ROW,EB-2,2014,aged_out,0.8763163963409947,2061
Capped,2034,ROW,EB-2,2014,exited,10.446613882696594,2061
Capped,2034,ROW,EB-2,2014,still_dependent,0.0,2061
Capped,2034,ROW,EB-3,2014,saved,64.99273467015402,2061
Capped,2034,ROW,EB-3,2014,aged_out,8.055797733217089,2061
Capped,2034,ROW,EB-3,2014,exited,26.951467596628888,2061
Capped,2034,ROW,EB-3,2014,still_dependent,0.0,2061
Capped,2034,ROW,EB-4,2014,saved,0.0,2061
Capped,2034,ROW,EB-4,2014,aged_out,43.33875632682574,2061
Capped,2034,ROW,EB-4,2014,exited,56.66124367317426,2061
Capped,2034,ROW,EB-4,2014,still_dependent,0.0,2061
Capped,2034,ROW,EB-5,2014,saved,100.0,2061
Capped,2034,ROW,EB-5,2014,aged_out,0.0,2061
Capped,2034,ROW,EB-5,2014,exited,0.0,2061
Capped,2034,ROW,EB-5,2014,still_dependent,0.0,2061
Capped,2035,China,EB-1,2014,saved,62.85414480587618,2061
Capped,2035,China,EB-1,2014,aged_out,20.88142707240294,2061
Capped,2035,China,EB-1,2014,exited,16.264428121720883,2061
Capped,2035,China,EB-1,2014,still_dependent,0.0,2061
Capped,2035,China,EB-2,2014,saved,0.0,2061
Capped,2035,China,EB-2,2014,aged_out,66.38297872340425,2061
Capped,2035,China,EB-2,2014,exited,33.61702127659574,2061
Capped,2035,China,EB-2,2014,still_dependent,0.0,2061
Capped,2035,China,EB-3,2014,saved,0.0,2061
Capped,2035,China,EB-3,2014,aged_out,57.53307725138711,2061
Capped,2035,China,EB-3,2014,exited,42.46692274861289,2061
Capped,2035,China,EB-3,2014,still_dependent,0.0,2061
Capped,2035,China,EB-4,2014,saved,100.0,2061
Capped,2035,China,EB-4,2014,aged_out,0.0,2061
Capped,2035,China,EB-4,2014,exited,0.0,2061
Capped,2035,China,EB-4,2014,still_dependent,0.0,2061
Capped,2035,China,EB-5,2014,saved,87.0358306188925,2061
Capped,2035,China,EB-5,2014,aged_out,4.364820846905538,2061
Capped,2035,China,EB-5,2014,exited,8.599348534201955,2061
Capped,2035,China,EB-5,2014,still_dependent,0.0,2061
Capped,2035,India,EB-1,2014,saved,74.85786481364498,2061
Capped,2035,India,EB-1,2014,aged_out,13.371236049694673,2061
Capped,2035,India,EB-1,2014,exited,11.770899136660349,2061
Capped,2035,India,EB-1,2014,still_dependent,0.0,2061
Capped,2035,India,EB-2,2014,saved,0.0,2061
Capped,2035,India,EB-2,2014,aged_out,70.16501650165017,2061
Capped,2035,India,EB-2,2014,exited,29.834983498349835,2061
Capped,2035,India,EB-2,2014,still_dependent,0.0,2061
Capped,2035,India,EB-3,2014,saved,0.0,2061
Capped,2035,India,EB-3,2014,aged_out,65.89312327017245,2061
Capped,2035,India,EB-3,2014,exited,34.10687672982755,2061
Capped,2035,India,EB-3,2014,still_dependent,0.0,2061
Capped,2035,India,EB-4,2014,saved,7.333333333333333,2061
Capped,2035,India,EB-4,2014,aged_out,43.333333333333336,2061
Capped,2035,India,EB-4,2014,exited,49.333333333333336,2061
Capped,2035,India,EB-4,2014,still_dependent,0.0,2061
Capped,2035,India,EB-5,2014,saved,89.83308042488619,2061
Capped,2035,India,EB-5,2014,aged_out,4.704097116843703,2061
Capped,2035,India,EB-5,2014,exited,5.462822458270106,2061
Capped,2035,India,EB-5,2014,still_dependent,0.0,2061
Capped,2035,ROW,EB-1,2014,saved,100.0,2061
Capped,2035,ROW,EB-1,2014,aged_out,0.0,2061
Capped,2035,ROW,EB-1,2014,exited,0.0,2061
Capped,2035,ROW,EB-1,2014,still_dependent,0.0,2061
Capped,2035,ROW,EB-2,2014,saved,87.94165821698776,2061
Capped,2035,ROW,EB-2,2014,aged_out,0.9827626550191093,2061
Capped,2035,ROW,EB-2,2014,exited,11.075579127993135,2061
Capped,2035,ROW,EB-2,2014,still_dependent,0.0,2061
Capped,2035,ROW,EB-3,2014,saved,62.897152271122614,2061
Capped,2035,ROW,EB-3,2014,aged_out,8.949164509296304,2061
Capped,2035,ROW,EB-3,2014,exited,28.15368321958108,2061
Capped,2035,ROW,EB-3,2014,still_dependent,0.0,2061
Capped,2035,ROW,EB-4,2014,saved,0.0,2061
Capped,2035,ROW,EB-4,2014,aged_out,44.12057572191545,2061
Capped,2035,ROW,EB-4,2014,exited,55.87942427808455,2061
Capped,2035,ROW,EB-4,2014,still_dependent,0.0,2061
Capped,2035,ROW,EB-5,2014,saved,100.0,2061
Capped,2035,ROW,EB-5,2014,aged_out,0.0,2061
Capped,2035,ROW,EB-5,2014,exited,0.0,2061
Capped,2035,ROW,EB-5,2014,still_dependent,0.0,2061
Capped,2036,China,EB-1,2014,saved,61.77228232869655,2061
Capped,2036,China,EB-1,2014,aged_out,22.359608449252963,2061
Capped,2036,China,EB-1,2014,exited,15.868109222050489,2061
Capped,2036,China,EB-1,2014,still_dependent,0.0,2061
Capped,2036,China,EB-2,2014,saved,0.0,2061
Capped,2036,China,EB-2,2014,aged_out,67.67406273909717,2061
Capped,2036,China,EB-2,2014,exited,32.32593726090283,2061
Capped,2036,China,EB-2,2014,still_dependent,0.0,2061
Capped,2036,China,EB-3,2014,saved,0.0,2061
Capped,2036,China,EB-3,2014,aged_out,54.91803278688525,2061
Capped,2036,China,EB-3,2014,exited,45.08196721311475,2061
Capped,2036,China,EB-3,2014,still_dependent,0.0,2061
Capped,2036,China,EB-4,2014,saved,100.0,2061
Capped,2036,China,EB-4,2014,aged_out,0.0,2061
Capped,2036,China,EB-4,2014,exited,0.0,2061
Capped,2036,China,EB-4,2014,still_dependent,0.0,2061
Capped,2036,China,EB-5,2014,saved,87.5,2061
Capped,2036,China,EB-5,2014,aged_out,4.739010989010989,2061
Capped,2036,China,EB-5,2014,exited,7.760989010989011,2061
Capped,2036,China,EB-5,2014,still_dependent,0.0,2061
Capped,2036,India,EB-1,2014,saved,73.09358752166378,2061
Capped,2036,India,EB-1,2014,aged_out,15.489601386481802,2061
Capped,2036,India,EB-1,2014,exited,11.41681109185442,2061
Capped,2036,India,EB-1,2014,still_dependent,0.0,2061
Capped,2036,India,EB-2,2014,saved,0.0,2061
Capped,2036,India,EB-2,2014,aged_out,70.67640486183028,2061
Capped,2036,India,EB-2,2014,exited,29.32359513816973,2061
Capped,2036,India,EB-2,2014,still_dependent,0.0,2061
Capped,2036,India,EB-3,2014,saved,0.0,2061
Capped,2036,India,EB-3,2014,aged_out,65.22207848210435,2061
Capped,2036,India,EB-3,2014,exited,34.77792151789564,2061
Capped,2036,India,EB-3,2014,still_dependent,0.0,2061
Capped,2036,India,EB-4,2014,saved,6.137566137566138,2061
Capped,2036,India,EB-4,2014,aged_out,42.857142857142854,2061
Capped,2036,India,EB-4,2014,exited,51.00529100529101,2061
Capped,2036,India,EB-4,2014,still_dependent,0.0,2061
Capped,2036,India,EB-5,2014,saved,90.05602240896359,2061
Capped,2036,India,EB-5,2014,aged_out,5.46218487394958,2061
Capped,2036,India,EB-5,2014,exited,4.481792717086835,2061
Capped,2036,India,EB-5,2014,still_dependent,0.0,2061
Capped,2036,ROW,EB-1,2014,saved,100.0,2061
Capped,2036,ROW,EB-1,2014,aged_out,0.0,2061
Capped,2036,ROW,EB-1,2014,exited,0.0,2061
Capped,2036,ROW,EB-1,2014,still_dependent,0.0,2061
Capped,2036,ROW,EB-2,2014,saved,88.00706822372464,2061
Capped,2036,ROW,EB-2,2014,aged_out,0.9373079287031346,2061
Capped,2036,ROW,EB-2,2014,exited,11.05562384757222,2061
Capped,2036,ROW,EB-2,2014,still_dependent,0.0,2061
Capped,2036,ROW,EB-3,2014,saved,61.39638844773837,2061
Capped,2036,ROW,EB-3,2014,aged_out,9.922945709075936,2061
Capped,2036,ROW,EB-3,2014,exited,28.680665843185697,2061
Capped,2036,ROW,EB-3,2014,still_dependent,0.0,2061
Capped,2036,ROW,EB-4,2014,saved,0.0,2061
Capped,2036,ROW,EB-4,2014,aged_out,44.418352601156066,2061
Capped,2036,ROW,EB-4,2014,exited,55.581647398843934,2061
Capped,2036,ROW,EB-4,2014,still_dependent,0.0,2061
Capped,2036,ROW,EB-5,2014,saved,100.0,2061
Capped,2036,ROW,EB-5,2014,aged_out,0.0,2061
Capped,2036,ROW,EB-5,2014,exited,0.0,2061
Capped,2036,ROW,EB-5,2014,still_dependent,0.0,2061
Capped,2037,China,EB-1,2014,saved,57.24557522123894,2061
Capped,2037,China,EB-1,2014,aged_out,23.506637168141594,2061
Capped,2037,China,EB-1,2014,exited,19.24778761061947,2061
Capped,2037,China,EB-1,2014,still_dependent,0.0,2061
Capped,2037,China,EB-2,2014,saved,0.0,2061
Capped,2037,China,EB-2,2014,aged_out,67.18253968253968,2061
Capped,2037,China,EB-2,2014,exited,32.817460317460316,2061
Capped,2037,China,EB-2,2014,still_dependent,0.0,2061
Capped,2037,China,EB-3,2014,saved,0.0,2061
Capped,2037,China,EB-3,2014,aged_out,55.99662162162162,2061
Capped,2037,China,EB-3,2014,exited,44.00337837837838,2061
Capped,2037,China,EB-3,2014,still_dependent,0.0,2061
Capped,2037,China,EB-4,2014,saved,100.0,2061
Capped,2037,China,EB-4,2014,aged_out,0.0,2061
Capped,2037,China,EB-4,2014,exited,0.0,2061
Capped,2037,China,EB-4,2014,still_dependent,0.0,2061
Capped,2037,China,EB-5,2014,saved,86.54618473895583,2061
Capped,2037,China,EB-5,2014,aged_out,4.953145917001339,2061
Capped,2037,China,EB-5,2014,exited,8.500669344042837,2061
Capped,2037,China,EB-5,2014,still_dependent,0.0,2061
Capped,2037,India,EB-1,2014,saved,68.7271946769693,2061
Capped,2037,India,EB-1,2014,aged_out,17.60034342133505,2061
Capped,2037,India,EB-1,2014,exited,13.672461901695643,2061
Capped,2037,India,EB-1,2014,still_dependent,0.0,2061
Capped,2037,India,EB-2,2014,saved,0.0,2061
Capped,2037,India,EB-2,2014,aged_out,70.20340846619021,2061
Capped,2037,India,EB-2,2014,exited,29.796591533809785,2061
Capped,2037,India,EB-2,2014,still_dependent,0.0,2061
Capped,2037,India,EB-3,2014,saved,0.0,2061
Capped,2037,India,EB-3,2014,aged_out,65.79118732363794,2061
Capped,2037,India,EB-3,2014,exited,34.20881267636206,2061
Capped,2037,India,EB-3,2014,still_dependent,0.0,2061
Capped,2037,India,EB-4,2014,saved,8.527131782945736,2061
Capped,2037,India,EB-4,2014,aged_out,41.97120708748616,2061
Capped,2037,India,EB-4,2014,exited,49.501661129568106,2061
Capped,2037,India,EB-4,2014,still_dependent,0.0,2061
Capped,2037,India,EB-5,2014,saved,90.18232819074333,2061
Capped,2037,India,EB-5,2014,aged_out,4.768583450210379,2061
Capped,2037,India,EB-5,2014,exited,5.049088359046284,2061
Capped,2037,India,EB-5,2014,still_dependent,0.0,2061
Capped,2037,ROW,EB-1,2014,saved,100.0,2061
Capped,2037,ROW,EB-1,2014,aged_out,0.0,2061
Capped,2037,ROW,EB-1,2014,exited,0.0,2061
Capped,2037,ROW,EB-1,2014,still_dependent,0.0,2061
Capped,2037,ROW,EB-2,2014,saved,87.09372786653026,2061
Capped,2037,ROW,EB-2,2014,aged_out,1.0781459038325332,2061
Capped,2037,ROW,EB-2,2014,exited,11.828126229637208,2061
Capped,2037,ROW,EB-2,2014,still_dependent,0.0,2061
Capped,2037,ROW,EB-3,2014,saved,60.07106899615043,2061
Capped,2037,ROW,EB-3,2014,aged_out,10.482676932188333,2061
Capped,2037,ROW,EB-3,2014,exited,29.446254071661237,2061
Capped,2037,ROW,EB-3,2014,still_dependent,0.0,2061
Capped,2037,ROW,EB-4,2014,saved,0.0,2061
Capped,2037,ROW,EB-4,2014,aged_out,44.04140331592929,2061
Capped,2037,ROW,EB-4,2014,exited,55.95859668407071,2061
Capped,2037,ROW,EB-4,2014,still_dependent,0.0,2061
Capped,2037,ROW,EB-5,2014,saved,100.0,2061
Capped,2037,ROW,EB-5,2014,aged_out,0.0,2061
Capped,2037,ROW,EB-5,2014,exited,0.0,2061
Capped,2037,ROW,EB-5,2014,still_dependent,0.0,2061
Capped,2038,China,EB-1,2014,saved,56.01524224278715,2061
Capped,2038,China,EB-1,2014,aged_out,26.1295590636908,2061
Capped,2038,China,EB-1,2014,exited,17.85519869352205,2061
Capped,2038,China,EB-1,2014,still_dependent,0.0,2061
Capped,2038,China,EB-2,2014,saved,0.0,2061
Capped,2038,China,EB-2,2014,aged_out,68.06363989134653,2061
Capped,2038,China,EB-2,2014,exited,31.936360108653474,2061
Capped,2038,China,EB-2,2014,still_dependent,0.0,2061
Capped,2038,China,EB-3,2014,saved,0.0,2061
Capped,2038,China,EB-3,2014,aged_out,53.374233128834355,2061
Capped,2038,China,EB-3,2014,exited,46.625766871165645,2061
Capped,2038,China,EB-3,2014,still_dependent,0.0,2061
Capped,2038,China,EB-4,2014,saved,100.0,2061
Capped,2038,China,EB-4,2014,aged_out,0.0,2061
Capped,2038,China,EB-4,2014,exited,0.0,2061
Capped,2038,China,EB-4,2014,still_dependent,0.0,2061
Capped,2038,China,EB-5,2014,saved,85.9090909090909,2061
Capped,2038,China,EB-5,2014,aged_out,6.233766233766234,2061
Capped,2038,China,EB-5,2014,exited,7.857142857142857,2061
Capped,2038,China,EB-5,2014,still_dependent,0.0,2061
Capped,2038,India,EB-1,2014,saved,65.72750210260723,2061
Capped,2038,India,EB-1,2014,aged_out,20.73170731707317,2061
Capped,2038,India,EB-1,2014,exited,13.540790580319596,2061
Capped,2038,India,EB-1,2014,still_dependent,0.0,2061
Capped,2038,India,EB-2,2014,saved,0.0,2061
Capped,2038,India,EB-2,2014,aged_out,70.59525747463238,2061
Capped,2038,India,EB-2,2014,exited,29.404742525367627,2061
Capped,2038,India,EB-2,2014,still_dependent,0.0,2061
Capped,2038,India,EB-3,2014,saved,0.0,2061
Capped,2038,India,EB-3,2014,aged_out,65.7626383163376,2061
Capped,2038,India,EB-3,2014,exited,34.2373616836624,2061
Capped,2038,India,EB-3,2014,still_dependent,0.0,2061
Capped,2038,India,EB-4,2014,saved,5.416666666666667,2061
Capped,2038,India,EB-4,2014,aged_out,40.833333333333336,2061
Capped,2038,India,EB-4,2014,exited,53.75,2061
Capped,2038,India,EB-4,2014,still_dependent,0.0,2061
Capped,2038,India,EB-5,2014,saved,88.58447488584476,2061
Capped,2038,India,EB-5,2014,aged_out,4.109589041095891,2061
Capped,2038,India,EB-5,2014,exited,7.30593607305936,2061
Capped,2038,India,EB-5,2014,still_dependent,0.0,2061
Capped,2038,ROW,EB-1,2014,saved,100.0,2061
Capped,2038,ROW,EB-1,2014,aged_out,0.0,2061
Capped,2038,ROW,EB-1,2014,exited,0.0,2061
Capped,2038,ROW,EB-1,2014,still_dependent,0.0,2061
Capped,2038,ROW,EB-2,2014,saved,86.80756905234244,2061
Capped,2038,ROW,EB-2,2014,aged_out,1.3657866625972837,2061
Capped,2038,ROW,EB-2,2014,exited,11.826644285060278,2061
Capped,2038,ROW,EB-2,2014,still_dependent,0.0,2061
Capped,2038,ROW,EB-3,2014,saved,59.071066876200454,2061
Capped,2038,ROW,EB-3,2014,aged_out,11.02962574937431,2061
Capped,2038,ROW,EB-3,2014,exited,29.899307374425238,2061
Capped,2038,ROW,EB-3,2014,still_dependent,0.0,2061
Capped,2038,ROW,EB-4,2014,saved,0.0,2061
Capped,2038,ROW,EB-4,2014,aged_out,43.35400377460232,2061
Capped,2038,ROW,EB-4,2014,exited,56.64599622539768,2061
Capped,2038,ROW,EB-4,2014,still_dependent,0.0,2061
Capped,2038,ROW,EB-5,2014,saved,100.0,2061
Capped,2038,ROW,EB-5,2014,aged_out,0.0,2061
Capped,2038,ROW,EB-5,2014,exited,0.0,2061
Capped,2038,ROW,EB-5,2014,still_dependent,0.0,2061
Capped,2039,China,EB-1,2014,saved,52.9379760609358,2061
Capped,2039,China,EB-1,2014,aged_out,26.4961915125136,2061
Capped,2039,China,EB-1,2014,exited,20.5658324265506,2061
Capped,2039,China,EB-1,2014,still_dependent,0.0,2061
Capped,2039,China,EB-2,2014,saved,0.0,2061
Capped,2039,China,EB-2,2014,aged_out,66.47887323943662,2061
Capped,2039,China,EB-2,2014,exited,33.521126760563384,2061
Capped,2039,China,EB-2,2014,still_dependent,0.0,2061
Capped,2039,China,EB-3,2014,saved,0.0,2061
Capped,2039,China,EB-3,2014,aged_out,56.059322033898304,2061
Capped,2039,China,EB-3,2014,exited,43.940677966101696,2061
Capped,2039,China,EB-3,2014,still_dependent,0.0,2061
Capped,2039,China,EB-4,2014,saved,100.0,2061
Capped,2039,China,EB-4,2014,aged_out,0.0,2061
Capped,2039,China,EB-4,2014,exited,0.0,2061
Capped,2039,China,EB-4,2014,still_dependent,0.0,2061
Capped,2039,China,EB-5,2014,saved,83.04172274562585,2061
Capped,2039,China,EB-5,2014,aged_out,7.6716016150740245,2061
Capped,2039,China,EB-5,2014,exited,9.286675639300135,2061
Capped,2039,China,EB-5,2014,still_dependent,0.0,2061
Capped,2039,India,EB-1,2014,saved,63.84583158776707,2061
Capped,2039,India,EB-1,2014,aged_out,22.14076246334311,2061
Capped,2039,India,EB-1,2014,exited,14.01340594888982,2061
Capped,2039,India,EB-1,2014,still_dependent,0.0,2061
Capped,2039,India,EB-2,2014,saved,0.0,2061
Capped,2039,India,EB-2,2014,aged_out,70.70832882053504,2061
Capped,2039,India,EB-2,2014,exited,29.291671179464963,2061
Capped,2039,India,EB-2,2014,still_dependent,0.0,2061
Capped,2039,India,EB-3,2014,saved,0.0,2061
Capped,2039,India,EB-3,2014,aged_out,64.29312850321777,2061
Capped,2039,India,EB-3,2014,exited,35.70687149678223,2061
Capped,2039,India,EB-3,2014,still_dependent,0.0,2061
Capped,2039,India,EB-4,2014,saved,4.399141630901288,2061
Capped,2039,India,EB-4,2014,aged_out,50.107296137339056,2061
Capped,2039,India,EB-4,2014,exited,45.493562231759654,2061
Capped,2039,India,EB-4,2014,still_dependent,0.0,2061
Capped,2039,India,EB-5,2014,saved,88.43537414965986,2061
Capped,2039,India,EB-5,2014,aged_out,5.714285714285714,2061
Capped,2039,India,EB-5,2014,exited,5.850340136054422,2061
Capped,2039,India,EB-5,2014,still_dependent,0.0,2061
Capped,2039,ROW,EB-1,2014,saved,100.0,2061
Capped,2039,ROW,EB-1,2014,aged_out,0.0,2061
Capped,2039,ROW,EB-1,2014,exited,0.0,2061
Capped,2039,ROW,EB-1,2014,still_dependent,0.0,2061
Capped,2039,ROW,EB-2,2014,saved,86.43521295740852,2061
Capped,2039,ROW,EB-2,2014,aged_out,1.5746850629874025,2061
Capped,2039,ROW,EB-2,2014,exited,11.990101979604079,2061
Capped,2039,ROW,EB-2,2014,still_dependent,0.0,2061
Capped,2039,ROW,EB-3,2014,saved,57.64115725618292,2061
Capped,2039,ROW,EB-3,2014,aged_out,12.068362109192721,2061
Capped,2039,ROW,EB-3,2014,exited,30.29048063462436,2061
Capped,2039,ROW,EB-3,2014,still_dependent,0.0,2061
Capped,2039,ROW,EB-4,2014,saved,0.0,2061
Capped,2039,ROW,EB-4,2014,aged_out,42.328918322295806,2061
Capped,2039,ROW,EB-4,2014,exited,57.671081677704194,2061
Capped,2039,ROW,EB-4,2014,still_dependent,0.0,2061
Capped,2039,ROW,EB-5,2014,saved,100.0,2061
Capped,2039,ROW,EB-5,2014,aged_out,0.0,2061
Capped,2039,ROW,EB-5,2014,exited,0.0,2061
Capped,2039,ROW,EB-5,2014,still_dependent,0.0,2061
Capped,2040,China,EB-1,2014,saved,54.42317640972581,2061
Capped,2040,China,EB-1,2014,aged_out,27.36678737713399,2061
Capped,2040,China,EB-1,2014,exited,18.210036213140196,2061
Capped,2040,China,EB-1,2014,still_dependent,0.0,2061
Capped,2040,China,EB-2,2014,saved,0.0,2061
Capped,2040,China,EB-2,2014,aged_out,66.46433990895297,2061
Capped,2040,China,EB-2,2014,exited,33.53566009104704,2061
Capped,2040,China,EB-2,2014,still_dependent,0.0,2061
Capped,2040,China,EB-3,2014,saved,0.0,2061
Capped,2040,China,EB-3,2014,aged_out,56.437768240343345,2061
Capped,2040,China,EB-3,2014,exited,43.562231759656655,2061
Capped,2040,China,EB-3,2014,still_dependent,0.0,2061
Capped,2040,China,EB-4,2014,saved,100.0,2061
Capped,2040,China,EB-4,2014,aged_out,0.0,2061
Capped,2040,China,EB-4,2014,exited,0.0,2061
Capped,2040,China,EB-4,2014,still_dependent,0.0,2061
Capped,2040,China,EB-5,2014,saved,84.88830486202366,2061
Capped,2040,China,EB-5,2014,aged_out,7.752956636005257,2061
Capped,2040,China,EB-5,2014,exited,7.35873850197109,2061
Capped,2040,China,EB-5,2014,still_dependent,0.0,2061
Capped,2040,India,EB-1,2014,saved,60.62267046700285,2061
Capped,2040,India,EB-1,2014,aged_out,25.104143828107873,2061
Capped,2040,India,EB-1,2014,exited,14.27318570488928,2061
Capped,2040,India,EB-1,2014,still_dependent,0.0,2061
Capped,2040,India,EB-2,2014,saved,0.0,2061
Capped,2040,India,EB-2,2014,aged_out,70.92952779767481,2061
Capped,2040,India,EB-2,2014,exited,29.070472202325195,2061
Capped,2040,India,EB-2,2014,still_dependent,0.0,2061
Capped,2040,India,EB-3,2014,saved,0.0,2061
Capped,2040,India,EB-3,2014,aged_out,65.4173022444977,2061
Capped,2040,India,EB-3,2014,exited,34.58269775550229,2061
Capped,2040,India,EB-3,2014,still_dependent,0.0,2061
Capped,2040,India,EB-4,2014,saved,3.8975501113585747,2061
Capped,2040,India,EB-4,2014,aged_out,45.657015590200444,2061
Capped,2040,India,EB-4,2014,exited,50.44543429844098,2061
Capped,2040,India,EB-4,2014,still_dependent,0.0,2061
Capped,2040,India,EB-5,2014,saved,88.44011142061281,2061
Capped,2040,India,EB-5,2014,aged_out,5.013927576601671,2061
Capped,2040,India,EB-5,2014,exited,6.545961002785515,2061
Capped,2040,India,EB-5,2014,still_dependent,0.0,2061
Capped,2040,ROW,EB-1,2014,saved,100.0,2061
Capped,2040,ROW,EB-1,2014,aged_out,0.0,2061
Capped,2040,ROW,EB-1,2014,exited,0.0,2061
Capped,2040,ROW,EB-1,2014,still_dependent,0.0,2061
Capped,2040,ROW,EB-2,2014,saved,86.27258296167511,2061
Capped,2040,ROW,EB-2,2014,aged_out,1.5647441227606018,2061
Capped,2040,ROW,EB-2,2014,exited,12.16267291556429,2061
Capped,2040,ROW,EB-2,2014,still_dependent,0.0,2061
Capped,2040,ROW,EB-3,2014,saved,55.50471998610065,2061
Capped,2040,ROW,EB-3,2014,aged_out,12.816354896623617,2061
Capped,2040,ROW,EB-3,2014,exited,31.67892511727573,2061
Capped,2040,ROW,EB-3,2014,still_dependent,0.0,2061
Capped,2040,ROW,EB-4,2014,saved,0.0,2061
Capped,2040,ROW,EB-4,2014,aged_out,44.17546414270113,2061
Capped,2040,ROW,EB-4,2014,exited,55.82453585729887,2061
Capped,2040,ROW,EB-4,2014,still_dependent,0.0,2061
Capped,2040,ROW,EB-5,2014,saved,100.0,2061
Capped,2040,ROW,EB-5,2014,aged_out,0.0,2061
Capped,2040,ROW,EB-5,2014,exited,0.0,2061
Capped,2040,ROW,EB-5,2014,still_dependent,0.0,2061
Uncapped,2009,China,EB-1,2015,saved,100.0,2061
Uncapped,2009,China,EB-1,2015,aged_out,0.0,2061
Uncapped,2009,China,EB-1,2015,exited,0.0,2061
Uncapped,2009,China,EB-1,2015,still_dependent,0.0,2061
Uncapped,2009,China,EB-2,2015,saved,97.13500784929356,2061
Uncapped,2009,China,EB-2,2015,aged_out,0.0,2061
Uncapped,2009,China,EB-2,2015,exited,2.864992150706436,2061
Uncapped,2009,China,EB-2,2015,still_dependent,0.0,2061
Uncapped,2009,China,EB-3,2015,saved,65.63747930262005,2061
Uncapped,2009,China,EB-3,2015,aged_out,9.20424661536963,2061
Uncapped,2009,China,EB-3,2015,exited,25.158274082010326,2061
Uncapped,2009,China,EB-3,2015,still_dependent,0.0,2061
Uncapped,2009,China,EB-4,2015,saved,100.0,2061
Uncapped,2009,China,EB-4,2015,aged_out,0.0,2061
Uncapped,2009,China,EB-4,2015,exited,0.0,2061
Uncapped,2009,China,EB-4,2015,still_dependent,0.0,2061
Uncapped,2009,China,EB-5,2015,saved,100.0,2061
Uncapped,2009,China,EB-5,2015,aged_out,0.0,2061
Uncapped,2009,China,EB-5,2015,exited,0.0,2061
Uncapped,2009,China,EB-5,2015,still_dependent,0.0,2061
Uncapped,2009,India,EB-1,2015,saved,100.0,2061
Uncapped,2009,India,EB-1,2015,aged_out,0.0,2061
Uncapped,2009,India,EB-1,2015,exited,0.0,2061
Uncapped,2009,India,EB-1,2015,still_dependent,0.0,2061
Uncapped,2009,India,EB-2,2015,saved,97.63014245772867,2061
Uncapped,2009,India,EB-2,2015,aged_out,0.0,2061
Uncapped,2009,India,EB-2,2015,exited,2.3698575422713355,2061
Uncapped,2009,India,EB-2,2015,still_dependent,0.0,2061
Uncapped,2009,India,EB-3,2015,saved,59.946704929793995,2061
Uncapped,2009,India,EB-3,2015,aged_out,16.12944552628882,2061
Uncapped,2009,India,EB-3,2015,exited,23.92384954391719,2061
Uncapped,2009,India,EB-3,2015,still_dependent,0.0,2061
Uncapped,2009,India,EB-4,2015,saved,100.0,2061
Uncapped,2009,India,EB-4,2015,aged_out,0.0,2061
Uncapped,2009,India,EB-4,2015,exited,0.0,2061
Uncapped,2009,India,EB-4,2015,still_dependent,0.0,2061
Uncapped,2009,India,EB-5,2015,saved,100.0,2061
Uncapped,2009,India,EB-5,2015,aged_out,0.0,2061
Uncapped,2009,India,EB-5,2015,exited,0.0,2061
Uncapped,2009,India,EB-5,2015,still_dependent,0.0,2061
Uncapped,2009,ROW,EB-1,2015,saved,100.0,2061
Uncapped,2009,ROW,EB-1,2015,aged_out,0.0,2061
Uncapped,2009,ROW,EB-1,2015,exited,0.0,2061
Uncapped,2009,ROW,EB-1,2015,still_dependent,0.0,2061
Uncapped,2009,ROW,EB-2,2015,saved,100.0,2061
Uncapped,2009,ROW,EB-2,2015,aged_out,0.0,2061
Uncapped,2009,ROW,EB-2,2015,exited,0.0,2061
Uncapped,2009,ROW,EB-2,2015,still_dependent,0.0,2061
Uncapped,2009,ROW,EB-3,2015,saved,92.26084338744413,2061
Uncapped,2009,ROW,EB-3,2015,aged_out,0.20841534863256375,2061
Uncapped,2009,ROW,EB-3,2015,exited,7.530741263923304,2061
Uncapped,2009,ROW,EB-3,2015,still_dependent,0.0,2061
Uncapped,2009,ROW,EB-4,2015,saved,100.0,2061
Uncapped,2009,ROW,EB-4,2015,aged_out,0.0,2061
Uncapped,2009,ROW,EB-4,2015,exited,0.0,2061
Uncapped,2009,ROW,EB-4,2015,still_dependent,0.0,2061
Uncapped,2009,ROW,EB-5,2015,saved,100.0,2061
Uncapped,2009,ROW,EB-5,2015,aged_out,0.0,2061
Uncapped,2009,ROW,EB-5,2015,exited,0.0,2061
Uncapped,2009,ROW,EB-5,2015,still_dependent,0.0,2061
Uncapped,2010,China,EB-1,2015,saved,100.0,2061
Uncapped,2010,China,EB-1,2015,aged_out,0.0,2061
Uncapped,2010,China,EB-1,2015,exited,0.0,2061
Uncapped,2010,China,EB-1,2015,still_dependent,0.0,2061
Uncapped,2010,China,EB-2,2015,saved,93.88816644993499,2061
Uncapped,2010,China,EB-2,2015,aged_out,0.13003901170351106,2061
Uncapped,2010,China,EB-2,2015,exited,5.981794538361508,2061
Uncapped,2010,China,EB-2,2015,still_dependent,0.0,2061
Uncapped,2010,China,EB-3,2015,saved,50.51020408163265,2061
Uncapped,2010,China,EB-3,2015,aged_out,17.346938775510203,2061
Uncapped,2010,China,EB-3,2015,exited,32.142857142857146,2061
Uncapped,2010,China,EB-3,2015,still_dependent,0.0,2061
Uncapped,2010,China,EB-4,2015,saved,100.0,2061
Uncapped,2010,China,EB-4,2015,aged_out,0.0,2061
Uncapped,2010,China,EB-4,2015,exited,0.0,2061
Uncapped,2010,China,EB-4,2015,still_dependent,0.0,2061
Uncapped,2010,China,EB-5,2015,saved,100.0,2061
Uncapped,2010,China,EB-5,2015,aged_out,0.0,2061
Uncapped,2010,China,EB-5,2015,exited,0.0,2061
Uncapped,2010,China,EB-5,2015,still_dependent,0.0,2061
Uncapped,2010,India,EB-1,2015,saved,100.0,2061
Uncapped,2010,India,EB-1,2015,aged_out,0.0,2061
Uncapped,2010,India,EB-1,2015,exited,0.0,2061
Uncapped,2010,India,EB-1,2015,still_dependent,0.0,2061
Uncapped,2010,India,EB-2,2015,saved,94.63169339494428,2061
Uncapped,2010,India,EB-2,2015,aged_out,0.12231584669747214,2061
Uncapped,2010,India,EB-2,2015,exited,5.24599075835825,2061
Uncapped,2010,India,EB-2,2015,still_dependent,0.0,2061
Uncapped,2010,India,EB-3,2015,saved,49.901185770750985,2061
Uncapped,2010,India,EB-3,2015,aged_out,22.06851119894598,2061
Uncapped,2010,India,EB-3,2015,exited,28.03030303030303,2061
Uncapped,2010,India,EB-3,2015,still_dependent,0.0,2061
Uncapped,2010,India,EB-4,2015,saved,100.0,2061
Uncapped,2010,India,EB-4,2015,aged_out,0.0,2061
Uncapped,2010,India,EB-4,2015,exited,0.0,2061
Uncapped,2010,India,EB-4,2015,still_dependent,0.0,2061
Uncapped,2010,India,EB-5,2015,saved,100.0,2061
Uncapped,2010,India,EB-5,2015,aged_out,0.0,2061
Uncapped,2010,India,EB-5,2015,exited,0.0,2061
Uncapped,2010,India,EB-5,2015,still_dependent,0.0,2061
Uncapped,2010,ROW,EB-1,2015,saved,100.0,2061
Uncapped,2010,ROW,EB-1,2015,aged_out,0.0,2061
Uncapped,2010,ROW,EB-1,2015,exited,0.0,2061
Uncapped,2010,ROW,EB-1,2015,still_dependent,0.0,2061
Uncapped,2010,ROW,EB-2,2015,saved,99.96768634209393,2061
Uncapped,2010,ROW,EB-2,2015,aged_out,0.0,2061
Uncapped,2010,ROW,EB-2,2015,exited,0.03231365790607497,2061
Uncapped,2010,ROW,EB-2,2015,still_dependent,0.0,2061
Uncapped,2010,ROW,EB-3,2015,saved,85.26481384373362,2061
Uncapped,2010,ROW,EB-3,2015,aged_out,0.8390141583639223,2061
Uncapped,2010,ROW,EB-3,2015,exited,13.896171997902465,2061
Uncapped,2010,ROW,EB-3,2015,still_dependent,0.0,2061
Uncapped,2010,ROW,EB-4,2015,saved,99.06223358908781,2061
Uncapped,2010,ROW,EB-4,2015,aged_out,0.0,2061
Uncapped,2010,ROW,EB-4,2015,exited,0.9377664109121909,2061
Uncapped,2010,ROW,EB-4,2015,still_dependent,0.0,2061
Uncapped,2010,ROW,EB-5,2015,saved,100.0,2061
Uncapped,2010,ROW,EB-5,2015,aged_out,0.0,2061
Uncapped,2010,ROW,EB-5,2015,exited,0.0,2061
Uncapped,2010,ROW,EB-5,2015,still_dependent,0.0,2061
Uncapped,2011,China,EB-1,2015,saved,100.0,2061
Uncapped,2011,China,EB-1,2015,aged_out,0.0,2061
Uncapped,2011,China,EB-1,2015,exited,0.0,2061
Uncapped,2011,China,EB-1,2015,still_dependent,0.0,2061
Uncapped,2011,China,EB-2,2015,saved,90.95541401273886,2061
Uncapped,2011,China,EB-2,2015,aged_out,0.3821656050955414,2061
Uncapped,2011,China,EB-2,2015,exited,8.662420382165605,2061
Uncapped,2011,China,EB-2,2015,still_dependent,0.0,2061
Uncapped,2011,China,EB-3,2015,saved,52.0,2061
Uncapped,2011,China,EB-3,2015,aged_out,13.333333333333334,2061
Uncapped,2011,China,EB-3,2015,exited,34.666666666666664,2061
Uncapped,2011,China,EB-3,2015,still_dependent,0.0,2061
Uncapped,2011,China,EB-4,2015,saved,85.71428571428571,2061
Uncapped,2011,China,EB-4,2015,aged_out,0.0,2061
Uncapped,2011,China,EB-4,2015,exited,14.285714285714286,2061
Uncapped,2011,China,EB-4,2015,still_dependent,0.0,2061
Uncapped,2011,China,EB-5,2015,saved,100.0,2061
Uncapped,2011,China,EB-5,2015,aged_out,0.0,2061
Uncapped,2011,China,EB-5,2015,exited,0.0,2061
Uncapped,2011,China,EB-5,2015,still_dependent,0.0,2061
Uncapped,2011,India,EB-1,2015,saved,100.0,2061
Uncapped,2011,India,EB-1,2015,aged_out,0.0,2061
Uncapped,2011,India,EB-1,2015,exited,0.0,2061
Uncapped,2011,India,EB-1,2015,still_dependent,0.0,2061
Uncapped,2011,India,EB-2,2015,saved,81.44485259489498,2061
Uncapped,2011,India,EB-2,2015,aged_out,4.794197984364698,2061
Uncapped,2011,India,EB-2,2015,exited,13.760949420740323,2061
Uncapped,2011,India,EB-2,2015,still_dependent,0.0,2061
Uncapped,2011,India,EB-3,2015,saved,55.32761788120025,2061
Uncapped,2011,India,EB-3,2015,aged_out,17.881200244947948,2061
Uncapped,2011,India,EB-3,2015,exited,26.791181873851805,2061
Uncapped,2011,India,EB-3,2015,still_dependent,0.0,2061
Uncapped,2011,India,EB-4,2015,saved,95.77464788732394,2061
Uncapped,2011,India,EB-4,2015,aged_out,0.4694835680751174,2061
Uncapped,2011,India,EB-4,2015,exited,3.755868544600939,2061
Uncapped,2011,India,EB-4,2015,still_dependent,0.0,2061
Uncapped,2011,India,EB-5,2015,saved,100.0,2061
Uncapped,2011,India,EB-5,2015,aged_out,0.0,2061
Uncapped,2011,India,EB-5,2015,exited,0.0,2061
Uncapped,2011,India,EB-5,2015,still_dependent,0.0,2061
Uncapped,2011,ROW,EB-1,2015,saved,100.0,2061
Uncapped,2011,ROW,EB-1,2015,aged_out,0.0,2061
Uncapped,2011,ROW,EB-1,2015,exited,0.0,2061
Uncapped,2011,ROW,EB-1,2015,still_dependent,0.0,2061
Uncapped,2011,ROW,EB-2,2015,saved,99.44185102496448,2061
Uncapped,2011,ROW,EB-2,2015,aged_out,0.0,2061
Uncapped,2011,ROW,EB-2,2015,exited,0.5581489750355185,2061
Uncapped,2011,ROW,EB-2,2015,still_dependent,0.0,2061
Uncapped,2011,ROW,EB-3,2015,saved,87.67372977899294,2061
Uncapped,2011,ROW,EB-3,2015,aged_out,0.2961950330371383,2061
Uncapped,2011,ROW,EB-3,2015,exited,12.030075187969924,2061
Uncapped,2011,ROW,EB-3,2015,still_dependent,0.0,2061
Uncapped,2011,ROW,EB-4,2015,saved,95.53196741545297,2061
Uncapped,2011,ROW,EB-4,2015,aged_out,0.0,2061
Uncapped,2011,ROW,EB-4,2015,exited,4.468032584547025,2061
Uncapped,2011,ROW,EB-4,2015,still_dependent,0.0,2061
Uncapped,2011,ROW,EB-5,2015,saved,100.0,2061
Uncapped,2011,ROW,EB-5,2015,aged_out,0.0,2061
Uncapped,2011,ROW,EB-5,2015,exited,0.0,2061
Uncapped,2011,ROW,EB-5,2015,still_dependent,0.0,2061
Uncapped,2012,China,EB-1,2015,saved,100.0,2061
Uncapped,2012,China,EB-1,2015,aged_out,0.0,2061
Uncapped,2012,China,EB-1,2015,exited,0.0,2061
Uncapped,2012,China,EB-1,2015,still_dependent,0.0,2061
Uncapped,2012,China,EB-2,2015,saved,86.272040302267,2061
Uncapped,2012,China,EB-2,2015,aged_out,1.385390428211587,2061
Uncapped,2012,China,EB-2,2015,exited,12.34256926952141,2061
Uncapped,2012,China,EB-2,2015,still_dependent,0.0,2061
Uncapped,2012,China,EB-3,2015,saved,50.0,2061
Uncapped,2012,China,EB-3,2015,aged_out,8.620689655172415,2061
Uncapped,2012,China,EB-3,2015,exited,41.37931034482759,2061
Uncapped,2012,China,EB-3,2015,still_dependent,0.0,2061
Uncapped,2012,China,EB-4,2015,saved,100.0,2061
Uncapped,2012,China,EB-4,2015,aged_out,0.0,2061
Uncapped,2012,China,EB-4,2015,exited,0.0,2061
Uncapped,2012,China,EB-4,2015,still_dependent,0.0,2061
Uncapped,2012,China,EB-5,2015,saved,100.0,2061
Uncapped,2012,China,EB-5,2015,aged_out,0.0,2061
Uncapped,2012,China,EB-5,2015,exited,0.0,2061
Uncapped,2012,China,EB-5,2015,still_dependent,0.0,2061
Uncapped,2012,India,EB-1,2015,saved,100.0,2061
Uncapped,2012,India,EB-1,2015,aged_out,0.0,2061
Uncapped,2012,India,EB-1,2015,exited,0.0,2061
Uncapped,2012,India,EB-1,2015,still_dependent,0.0,2061
Uncapped,2012,India,EB-2,2015,saved,78.66199848599545,2061
Uncapped,2012,India,EB-2,2015,aged_out,6.0276305828917485,2061
Uncapped,2012,India,EB-2,2015,exited,15.310370931112793,2061
Uncapped,2012,India,EB-2,2015,still_dependent,0.0,2061
Uncapped,2012,India,EB-3,2015,saved,60.30020703933747,2061
Uncapped,2012,India,EB-3,2015,aged_out,13.975155279503106,2061
Uncapped,2012,India,EB-3,2015,exited,25.72463768115942,2061
Uncapped,2012,India,EB-3,2015,still_dependent,0.0,2061
Uncapped,2012,India,EB-4,2015,saved,91.74603174603175,2061
Uncapped,2012,India,EB-4,2015,aged_out,0.31746031746031744,2061
Uncapped,2012,India,EB-4,2015,exited,7.936507936507937,2061
Uncapped,2012,India,EB-4,2015,still_dependent,0.0,2061
Uncapped,2012,India,EB-5,2015,saved,100.0,2061
Uncapped,2012,India,EB-5,2015,aged_out,0.0,2061
Uncapped,2012,India,EB-5,2015,exited,0.0,2061
Uncapped,2012,India,EB-5,2015,still_dependent,0.0,2061
Uncapped,2012,ROW,EB-1,2015,saved,100.0,2061
Uncapped,2012,ROW,EB-1,2015,aged_out,0.0,2061
Uncapped,2012,ROW,EB-1,2015,exited,0.0,2061
Uncapped,2012,ROW,EB-1,2015,still_dependent,0.0,2061
Uncapped,2012,ROW,EB-2,2015,saved,99.62116991643454,2061
Uncapped,2012,ROW,EB-2,2015,aged_out,0.0,2061
Uncapped,2012,ROW,EB-2,2015,exited,0.3788300835654596,2061
Uncapped,2012,ROW,EB-2,2015,still_dependent,0.0,2061
Uncapped,2012,ROW,EB-3,2015,saved,89.09991742361684,2061
Uncapped,2012,ROW,EB-3,2015,aged_out,0.16515276630883569,2061
Uncapped,2012,ROW,EB-3,2015,exited,10.734929810074318,2061
Uncapped,2012,ROW,EB-3,2015,still_dependent,0.0,2061
Uncapped,2012,ROW,EB-4,2015,saved,88.01742919389979,2061
Uncapped,2012,ROW,EB-4,2015,aged_out,0.4189710072063013,2061
Uncapped,2012,ROW,EB-4,2015,exited,11.563599798893916,2061
Uncapped,2012,ROW,EB-4,2015,still_dependent,0.0,2061
Uncapped,2012,ROW,EB-5,2015,saved,100.0,2061
Uncapped,2012,ROW,EB-5,2015,aged_out,0.0,2061
Uncapped,2012,ROW,EB-5,2015,exited,0.0,2061
Uncapped,2012,ROW,EB-5,2015,still_dependent,0.0,2061
Uncapped,2013,China,EB-1,2015,saved,100.0,2061
Uncapped,2013,China,EB-1,2015,aged_out,0.0,2061
Uncapped,2013,China,EB-1,2015,exited,0.0,2061
Uncapped,2013,China,EB-1,2015,still_dependent,0.0,2061
Uncapped,2013,China,EB-2,2015,saved,87.08272859216255,2061
Uncapped,2013,China,EB-2,2015,aged_out,2.0319303338171264,2061
Uncapped,2013,China,EB-2,2015,exited,10.88534107402032,2061
Uncapped,2013,China,EB-2,2015,still_dependent,0.0,2061
Uncapped,2013,China,EB-3,2015,saved,46.22641509433962,2061
Uncapped,2013,China,EB-3,2015,aged_out,18.867924528301888,2061
Uncapped,2013,China,EB-3,2015,exited,34.905660377358494,2061
Uncapped,2013,China,EB-3,2015,still_dependent,0.0,2061
Uncapped,2013,China,EB-4,2015,saved,94.54545454545455,2061
Uncapped,2013,China,EB-4,2015,aged_out,0.0,2061
Uncapped,2013,China,EB-4,2015,exited,5.454545454545454,2061
Uncapped,2013,China,EB-4,2015,still_dependent,0.0,2061
Uncapped,2013,China,EB-5,2015,saved,100.0,2061
Uncapped,2013,China,EB-5,2015,aged_out,0.0,2061
Uncapped,2013,China,EB-5,2015,exited,0.0,2061
Uncapped,2013,China,EB-5,2015,still_dependent,0.0,2061
Uncapped,2013,India,EB-1,2015,saved,100.0,2061
Uncapped,2013,India,EB-1,2015,aged_out,0.0,2061
Uncapped,2013,India,EB-1,2015,exited,0.0,2061
Uncapped,2013,India,EB-1,2015,still_dependent,0.0,2061
Uncapped,2013,India,EB-2,2015,saved,76.5364789849326,2061
Uncapped,2013,India,EB-2,2015,aged_out,8.455590800951626,2061
Uncapped,2013,India,EB-2,2015,exited,15.007930214115781,2061
Uncapped,2013,India,EB-2,2015,still_dependent,0.0,2061
Uncapped,2013,India,EB-3,2015,saved,61.17122851686824,2061
Uncapped,2013,India,EB-3,2015,aged_out,12.28516868236792,2061
Uncapped,2013,India,EB-3,2015,exited,26.543602800763846,2061
Uncapped,2013,India,EB-3,2015,still_dependent,0.0,2061
Uncapped,2013,India,EB-4,2015,saved,84.9673202614379,2061
Uncapped,2013,India,EB-4,2015,aged_out,2.3529411764705883,2061
Uncapped,2013,India,EB-4,2015,exited,12.679738562091503,2061
Uncapped,2013,India,EB-4,2015,still_dependent,0.0,2061
Uncapped,2013,India,EB-5,2015,saved,100.0,2061
Uncapped,2013,India,EB-5,2015,aged_out,0.0,2061
Uncapped,2013,India,EB-5,2015,exited,0.0,2061
Uncapped,2013,India,EB-5,2015,still_dependent,0.0,2061
Uncapped,2013,ROW,EB-1,2015,saved,100.0,2061
Uncapped,2013,ROW,EB-1,2015,aged_out,0.0,2061
Uncapped,2013,ROW,EB-1,2015,exited,0.0,2061
Uncapped,2013,ROW,EB-1,2015,still_dependent,0.0,2061
Uncapped,2013,ROW,EB-2,2015,saved,100.0,2061
Uncapped,2013,ROW,EB-2,2015,aged_out,0.0,2061
Uncapped,2013,ROW,EB-2,2015,exited,0.0,2061
Uncapped,2013,ROW,EB-2,2015,still_dependent,0.0,2061
Uncapped,2013,ROW,EB-3,2015,saved,92.36079153244363,2061
Uncapped,2013,ROW,EB-3,2015,aged_out,0.0,2061
Uncapped,2013,ROW,EB-3,2015,exited,7.639208467556374,2061
Uncapped,2013,ROW,EB-3,2015,still_dependent,0.0,2061
Uncapped,2013,ROW,EB-4,2015,saved,76.83488309108965,2061
Uncapped,2013,ROW,EB-4,2015,aged_out,3.006229123408865,2061
Uncapped,2013,ROW,EB-4,2015,exited,20.158887785501488,2061
Uncapped,2013,ROW,EB-4,2015,still_dependent,0.0,2061
Uncapped,2013,ROW,EB-5,2015,saved,100.0,2061
Uncapped,2013,ROW,EB-5,2015,aged_out,0.0,2061
Uncapped,2013,ROW,EB-5,2015,exited,0.0,2061
Uncapped,2013,ROW,EB-5,2015,still_dependent,0.0,2061
Uncapped,2014,China,EB-1,2015,saved,99.91181657848324,2061
Uncapped,2014,China,EB-1,2015,aged_out,0.0,2061
Uncapped,2014,China,EB-1,2015,exited,0.08818342151675485,2061
Uncapped,2014,China,EB-1,2015,still_dependent,0.0,2061
Uncapped,2014,China,EB-2,2015,saved,84.7877358490566,2061
Uncapped,2014,China,EB-2,2015,aged_out,2.1226415094339623,2061
Uncapped,2014,China,EB-2,2015,exited,13.089622641509434,2061
Uncapped,2014,China,EB-2,2015,still_dependent,0.0,2061
Uncapped,2014,China,EB-3,2015,saved,53.104026845637584,2061
Uncapped,2014,China,EB-3,2015,aged_out,14.513422818791947,2061
Uncapped,2014,China,EB-3,2015,exited,32.38255033557047,2061
Uncapped,2014,China,EB-3,2015,still_dependent,0.0,2061
Uncapped,2014,China,EB-4,2015,saved,87.09677419354838,2061
Uncapped,2014,China,EB-4,2015,aged_out,0.0,2061
Uncapped,2014,China,EB-4,2015,exited,12.903225806451612,2061
Uncapped,2014,China,EB-4,2015,still_dependent,0.0,2061
Uncapped,2014,China,EB-5,2015,saved,99.61371318203766,2061
Uncapped,2014,China,EB-5,2015,aged_out,0.0,2061
Uncapped,2014,China,EB-5,2015,exited,0.38628681796233705,2061
Uncapped,2014,China,EB-5,2015,still_dependent,0.0,2061
Uncapped,2014,India,EB-1,2015,saved,99.9707516817783,2061
Uncapped,2014,India,EB-1,2015,aged_out,0.0,2061
Uncapped,2014,India,EB-1,2015,exited,0.029248318221702253,2061
Uncapped,2014,India,EB-1,2015,still_dependent,0.0,2061
Uncapped,2014,India,EB-2,2015,saved,73.3338978745025,2061
Uncapped,2014,India,EB-2,2015,aged_out,10.170209162503175,2061
Uncapped,2014,India,EB-2,2015,exited,16.495892962994326,2061
Uncapped,2014,India,EB-2,2015,still_dependent,0.0,2061
Uncapped,2014,India,EB-3,2015,saved,65.38031319910515,2061
Uncapped,2014,India,EB-3,2015,aged_out,11.241610738255034,2061
Uncapped,2014,India,EB-3,2015,exited,23.37807606263982,2061
Uncapped,2014,India,EB-3,2015,still_dependent,0.0,2061
Uncapped,2014,India,EB-4,2015,saved,77.71929824561404,2061
Uncapped,2014,India,EB-4,2015,aged_out,4.385964912280702,2061
Uncapped,2014,India,EB-4,2015,exited,17.894736842105264,2061
Uncapped,2014,India,EB-4,2015,still_dependent,0.0,2061
Uncapped,2014,India,EB-5,2015,saved,100.0,2061
Uncapped,2014,India,EB-5,2015,aged_out,0.0,2061
Uncapped,2014,India,EB-5,2015,exited,0.0,2061
Uncapped,2014,India,EB-5,2015,still_dependent,0.0,2061
Uncapped,2014,ROW,EB-1,2015,saved,100.0,2061
Uncapped,2014,ROW,EB-1,2015,aged_out,0.0,2061
Uncapped,2014,ROW,EB-1,2015,exited,0.0,2061
Uncapped,2014,ROW,EB-1,2015,still_dependent,0.0,2061
Uncapped,2014,ROW,EB-2,2015,saved,99.91277802006105,2061
Uncapped,2014,ROW,EB-2,2015,aged_out,0.0,2061
Uncapped,2014,ROW,EB-2,2015,exited,0.08722197993894461,2061
Uncapped,2014,ROW,EB-2,2015,still_dependent,0.0,2061
Uncapped,2014,ROW,EB-3,2015,saved,95.90747330960853,2061
Uncapped,2014,ROW,EB-3,2015,aged_out,0.0,2061
Uncapped,2014,ROW,EB-3,2015,exited,4.092526690391459,2061
Uncapped,2014,ROW,EB-3,2015,still_dependent,0.0,2061
Uncapped,2014,ROW,EB-4,2015,saved,64.44615723408941,2061
Uncapped,2014,ROW,EB-4,2015,aged_out,7.079938339572782,2061
Uncapped,2014,ROW,EB-4,2015,exited,28.47390442633781,2061
Uncapped,2014,ROW,EB-4,2015,still_dependent,0.0,2061
Uncapped,2014,ROW,EB-5,2015,saved,100.0,2061
Uncapped,2014,ROW,EB-5,2015,aged_out,0.0,2061
Uncapped,2014,ROW,EB-5,2015,exited,0.0,2061
Uncapped,2014,ROW,EB-5,2015,still_dependent,0.0,2061
Uncapped,2015,China,EB-1,2015,saved,99.62321024868123,2061
Uncapped,2015,China,EB-1,2015,aged_out,0.0,2061
Uncapped,2015,China,EB-1,2015,exited,0.37678975131876413,2061
Uncapped,2015,China,EB-1,2015,still_dependent,0.0,2061
Uncapped,2015,China,EB-2,2015,saved,81.20672601384767,2061
Uncapped,2015,China,EB-2,2015,aged_out,2.7695351137487636,2061
Uncapped,2015,China,EB-2,2015,exited,16.023738872403563,2061
Uncapped,2015,China,EB-2,2015,still_dependent,0.0,2061
Uncapped,2015,China,EB-3,2015,saved,53.546910755148744,2061
Uncapped,2015,China,EB-3,2015,aged_out,13.729977116704806,2061
Uncapped,2015,China,EB-3,2015,exited,32.723112128146454,2061
Uncapped,2015,China,EB-3,2015,still_dependent,0.0,2061
Uncapped,2015,China,EB-4,2015,saved,100.0,2061
Uncapped,2015,China,EB-4,2015,aged_out,0.0,2061
Uncapped,2015,China,EB-4,2015,exited,0.0,2061
Uncapped,2015,China,EB-4,2015,still_dependent,0.0,2061
Uncapped,2015,China,EB-5,2015,saved,98.7948350071736,2061
Uncapped,2015,China,EB-5,2015,aged_out,0.0,2061
Uncapped,2015,China,EB-5,2015,exited,1.2051649928263988,2061
Uncapped,2015,China,EB-5,2015,still_dependent,0.0,2061
Uncapped,2015,India,EB-1,2015,saved,99.38176197836167,2061
Uncapped,2015,India,EB-1,2015,aged_out,0.0,2061
Uncapped,2015,India,EB-1,2015,exited,0.6182380216383307,2061
Uncapped,2015,India,EB-1,2015,still_dependent,0.0,2061
Uncapped,2015,India,EB-2,2015,saved,72.91568217106595,2061
Uncapped,2015,India,EB-2,2015,aged_out,10.23425369607777,2061
Uncapped,2015,India,EB-2,2015,exited,16.850064132856275,2061
Uncapped,2015,India,EB-2,2015,still_dependent,0.0,2061
Uncapped,2015,India,EB-3,2015,saved,70.30971876112496,2061
Uncapped,2015,India,EB-3,2015,aged_out,7.547169811320755,2061
Uncapped,2015,India,EB-3,2015,exited,22.143111427554288,2061
Uncapped,2015,India,EB-3,2015,still_dependent,0.0,2061
Uncapped,2015,India,EB-4,2015,saved,68.79505664263645,2061
Uncapped,2015,India,EB-4,2015,aged_out,8.54788877445932,2061
Uncapped,2015,India,EB-4,2015,exited,22.657054582904223,2061
Uncapped,2015,India,EB-4,2015,still_dependent,0.0,2061
Uncapped,2015,India,EB-5,2015,saved,100.0,2061
Uncapped,2015,India,EB-5,2015,aged_out,0.0,2061
Uncapped,2015,India,EB-5,2015,exited,0.0,2061
Uncapped,2015,India,EB-5,2015,still_dependent,0.0,2061
Uncapped,2015,ROW,EB-1,2015,saved,100.0,2061
Uncapped,2015,ROW,EB-1,2015,aged_out,0.0,2061
Uncapped,2015,ROW,EB-1,2015,exited,0.0,2061
Uncapped,2015,ROW,EB-1,2015,still_dependent,0.0,2061
Uncapped,2015,ROW,EB-2,2015,saved,99.61581235466586,2061
Uncapped,2015,ROW,EB-2,2015,aged_out,0.0,2061
Uncapped,2015,ROW,EB-2,2015,exited,0.3841876453341421,2061
Uncapped,2015,ROW,EB-2,2015,still_dependent,0.0,2061
Uncapped,2015,ROW,EB-3,2015,saved,96.48885887913572,2061
Uncapped,2015,ROW,EB-3,2015,aged_out,0.0,2061
Uncapped,2015,ROW,EB-3,2015,exited,3.511141120864281,2061
Uncapped,2015,ROW,EB-3,2015,still_dependent,0.0,2061
Uncapped,2015,ROW,EB-4,2015,saved,59.1354246365723,2061
Uncapped,2015,ROW,EB-4,2015,aged_out,9.502677888293803,2061
Uncapped,2015,ROW,EB-4,2015,exited,31.361897475133894,2061
Uncapped,2015,ROW,EB-4,2015,still_dependent,0.0,2061
Uncapped,2015,ROW,EB-5,2015,saved,100.0,2061
Uncapped,2015,ROW,EB-5,2015,aged_out,0.0,2061
Uncapped,2015,ROW,EB-5,2015,exited,0.0,2061
Uncapped,2015,ROW,EB-5,2015,still_dependent,0.0,2061
Uncapped,2016,China,EB-1,2015,saved,98.56361149110808,2061
Uncapped,2016,China,EB-1,2015,aged_out,0.0,2061
Uncapped,2016,China,EB-1,2015,exited,1.4363885088919288,2061
Uncapped,2016,China,EB-1,2015,still_dependent,0.0,2061
Uncapped,2016,China,EB-2,2015,saved,81.41702921068988,2061
Uncapped,2016,China,EB-2,2015,aged_out,4.4126786824114355,2061
Uncapped,2016,China,EB-2,2015,exited,14.170292106898694,2061
Uncapped,2016,China,EB-2,2015,still_dependent,0.0,2061
Uncapped,2016,China,EB-3,2015,saved,55.90339892665474,2061
Uncapped,2016,China,EB-3,2015,aged_out,12.9695885509839,2061
Uncapped,2016,China,EB-3,2015,exited,31.12701252236136,2061
Uncapped,2016,China,EB-3,2015,still_dependent,0.0,2061
Uncapped,2016,China,EB-4,2015,saved,100.0,2061
Uncapped,2016,China,EB-4,2015,aged_out,0.0,2061
Uncapped,2016,China,EB-4,2015,exited,0.0,2061
Uncapped,2016,China,EB-4,2015,still_dependent,0.0,2061
Uncapped,2016,China,EB-5,2015,saved,95.7162440027416,2061
Uncapped,2016,China,EB-5,2015,aged_out,0.0,2061
Uncapped,2016,China,EB-5,2015,exited,4.283755997258396,2061
Uncapped,2016,China,EB-5,2015,still_dependent,0.0,2061
Uncapped,2016,India,EB-1,2015,saved,99.43391582574452,2061
Uncapped,2016,India,EB-1,2015,aged_out,0.0,2061
Uncapped,2016,India,EB-1,2015,exited,0.5660841742554763,2061
Uncapped,2016,India,EB-1,2015,still_dependent,0.0,2061
Uncapped,2016,India,EB-2,2015,saved,70.66000360165677,2061
Uncapped,2016,India,EB-2,2015,aged_out,12.394201332613003,2061
Uncapped,2016,India,EB-2,2015,exited,16.945795065730238,2061
Uncapped,2016,India,EB-2,2015,still_dependent,0.0,2061
Uncapped,2016,India,EB-3,2015,saved,71.56735751295336,2061
Uncapped,2016,India,EB-3,2015,aged_out,6.627806563039724,2061
Uncapped,2016,India,EB-3,2015,exited,21.80483592400691,2061
Uncapped,2016,India,EB-3,2015,still_dependent,0.0,2061
Uncapped,2016,India,EB-4,2015,saved,66.70854271356784,2061
Uncapped,2016,India,EB-4,2015,aged_out,10.050251256281408,2061
Uncapped,2016,India,EB-4,2015,exited,23.241206030150753,2061
Uncapped,2016,India,EB-4,2015,still_dependent,0.0,2061
Uncapped,2016,India,EB-5,2015,saved,99.00662251655629,2061
Uncapped,2016,India,EB-5,2015,aged_out,0.0,2061
Uncapped,2016,India,EB-5,2015,exited,0.9933774834437086,2061
Uncapped,2016,India,EB-5,2015,still_dependent,0.0,2061
Uncapped,2016,ROW,EB-1,2015,saved,99.77914110429448,2061
Uncapped,2016,ROW,EB-1,2015,aged_out,0.0,2061
Uncapped,2016,ROW,EB-1,2015,exited,0.22085889570552147,2061
Uncapped,2016,ROW,EB-1,2015,still_dependent,0.0,2061
Uncapped,2016,ROW,EB-2,2015,saved,98.87640449438203,2061
Uncapped,2016,ROW,EB-2,2015,aged_out,0.0,2061
Uncapped,2016,ROW,EB-2,2015,exited,1.1235955056179776,2061
Uncapped,2016,ROW,EB-2,2015,still_dependent,0.0,2061
Uncapped,2016,ROW,EB-3,2015,saved,97.80450776596987,2061
Uncapped,2016,ROW,EB-3,2015,aged_out,0.0,2061
Uncapped,2016,ROW,EB-3,2015,exited,2.1954922340301297,2061
Uncapped,2016,ROW,EB-3,2015,still_dependent,0.0,2061
Uncapped,2016,ROW,EB-4,2015,saved,48.77434519811954,2061
Uncapped,2016,ROW,EB-4,2015,aged_out,14.061450638012088,2061
Uncapped,2016,ROW,EB-4,2015,exited,37.16420416386837,2061
Uncapped,2016,ROW,EB-4,2015,still_dependent,0.0,2061
Uncapped,2016,ROW,EB-5,2015,saved,100.0,2061
Uncapped,2016,ROW,EB-5,2015,aged_out,0.0,2061
Uncapped,2016,ROW,EB-5,2015,exited,0.0,2061
Uncapped,2016,ROW,EB-5,2015,still_dependent,0.0,2061
Uncapped,2017,China,EB-1,2015,saved,98.04432855280312,2061
Uncapped,2017,China,EB-1,2015,aged_out,0.0,2061
Uncapped,2017,China,EB-1,2015,exited,1.955671447196871,2061
Uncapped,2017,China,EB-1,2015,still_dependent,0.0,2061
Uncapped,2017,China,EB-2,2015,saved,52.05696202531646,2061
Uncapped,2017,China,EB-2,2015,aged_out,22.705696202531644,2061
Uncapped,2017,China,EB-2,2015,exited,25.2373417721519,2061
Uncapped,2017,China,EB-2,2015,still_dependent,0.0,2061
Uncapped,2017,China,EB-3,2015,saved,54.24621461487821,2061
Uncapped,2017,China,EB-3,2015,aged_out,13.429888084265965,2061
Uncapped,2017,China,EB-3,2015,exited,32.323897300855826,2061
Uncapped,2017,China,EB-3,2015,still_dependent,0.0,2061
Uncapped,2017,China,EB-4,2015,saved,100.0,2061
Uncapped,2017,China,EB-4,2015,aged_out,0.0,2061
Uncapped,2017,China,EB-4,2015,exited,0.0,2061
Uncapped,2017,China,EB-4,2015,still_dependent,0.0,2061
Uncapped,2017,China,EB-5,2015,saved,92.42284661446338,2061
Uncapped,2017,China,EB-5,2015,aged_out,0.9903270382312298,2061
Uncapped,2017,China,EB-5,2015,exited,6.586826347305389,2061
Uncapped,2017,China,EB-5,2015,still_dependent,0.0,2061
Uncapped,2017,India,EB-1,2015,saved,98.10725552050474,2061
Uncapped,2017,India,EB-1,2015,aged_out,0.02253267237494367,2061
Uncapped,2017,India,EB-1,2015,exited,1.8702118071203244,2061
Uncapped,2017,India,EB-1,2015,still_dependent,0.0,2061
Uncapped,2017,India,EB-2,2015,saved,67.86866772524715,2061
Uncapped,2017,India,EB-2,2015,aged_out,14.17814885007427,2061
Uncapped,2017,India,EB-2,2015,exited,17.953183424678585,2061
Uncapped,2017,India,EB-2,2015,still_dependent,0.0,2061
Uncapped,2017,India,EB-3,2015,saved,71.98838896952104,2061
Uncapped,2017,India,EB-3,2015,aged_out,7.039187227866473,2061
Uncapped,2017,India,EB-3,2015,exited,20.972423802612482,2061
Uncapped,2017,India,EB-3,2015,still_dependent,0.0,2061
Uncapped,2017,India,EB-4,2015,saved,49.76190476190476,2061
Uncapped,2017,India,EB-4,2015,aged_out,16.19047619047619,2061
Uncapped,2017,India,EB-4,2015,exited,34.04761904761905,2061
Uncapped,2017,India,EB-4,2015,still_dependent,0.0,2061
Uncapped,2017,India,EB-5,2015,saved,98.88535031847134,2061
Uncapped,2017,India,EB-5,2015,aged_out,0.0,2061
Uncapped,2017,India,EB-5,2015,exited,1.1146496815286624,2061
Uncapped,2017,India,EB-5,2015,still_dependent,0.0,2061
Uncapped,2017,ROW,EB-1,2015,saved,99.38236303328377,2061
Uncapped,2017,ROW,EB-1,2015,aged_out,0.0,2061
Uncapped,2017,ROW,EB-1,2015,exited,0.6176369667162301,2061
Uncapped,2017,ROW,EB-1,2015,still_dependent,0.0,2061
Uncapped,2017,ROW,EB-2,2015,saved,98.41735052754983,2061
Uncapped,2017,ROW,EB-2,2015,aged_out,0.0,2061
Uncapped,2017,ROW,EB-2,2015,exited,1.5826494724501758,2061
Uncapped,2017,ROW,EB-2,2015,still_dependent,0.0,2061
Uncapped,2017,ROW,EB-3,2015,saved,96.96621466329579,2061
Uncapped,2017,ROW,EB-3,2015,aged_out,0.0,2061
Uncapped,2017,ROW,EB-3,2015,exited,3.033785336704206,2061
Uncapped,2017,ROW,EB-3,2015,still_dependent,0.0,2061
Uncapped,2017,ROW,EB-4,2015,saved,41.63380975850173,2061
Uncapped,2017,ROW,EB-4,2015,aged_out,17.447018235584032,2061
Uncapped,2017,ROW,EB-4,2015,exited,40.91917200591424,2061
Uncapped,2017,ROW,EB-4,2015,still_dependent,0.0,2061
Uncapped,2017,ROW,EB-5,2015,saved,100.0,2061
Uncapped,2017,ROW,EB-5,2015,aged_out,0.0,2061
Uncapped,2017,ROW,EB-5,2015,exited,0.0,2061
Uncapped,2017,ROW,EB-5,2015,still_dependent,0.0,2061
Uncapped,2018,China,EB-1,2015,saved,97.09605361131794,2061
Uncapped,2018,China,EB-1,2015,aged_out,0.0,2061
Uncapped,2018,China,EB-1,2015,exited,2.903946388682055,2061
Uncapped,2018,China,EB-1,2015,still_dependent,0.0,2061
Uncapped,2018,China,EB-2,2015,saved,49.96825396825397,2061
Uncapped,2018,China,EB-2,2015,aged_out,24.253968253968253,2061
Uncapped,2018,China,EB-2,2015,exited,25.77777777777778,2061
Uncapped,2018,China,EB-2,2015,still_dependent,0.0,2061
Uncapped,2018,China,EB-3,2015,saved,59.716312056737586,2061
Uncapped,2018,China,EB-3,2015,aged_out,11.914893617021276,2061
Uncapped,2018,China,EB-3,2015,exited,28.368794326241133,2061
Uncapped,2018,China,EB-3,2015,still_dependent,0.0,2061
Uncapped,2018,China,EB-4,2015,saved,100.0,2061
Uncapped,2018,China,EB-4,2015,aged_out,0.0,2061
Uncapped,2018,China,EB-4,2015,exited,0.0,2061
Uncapped,2018,China,EB-4,2015,still_dependent,0.0,2061
Uncapped,2018,China,EB-5,2015,saved,86.62472092551248,2061
Uncapped,2018,China,EB-5,2015,aged_out,5.134970570326771,2061
Uncapped,2018,China,EB-5,2015,exited,8.240308504160748,2061
Uncapped,2018,China,EB-5,2015,still_dependent,0.0,2061
Uncapped,2018,India,EB-1,2015,saved,97.81094527363184,2061
Uncapped,2018,India,EB-1,2015,aged_out,0.024875621890547265,2061
Uncapped,2018,India,EB-1,2015,exited,2.1641791044776117,2061
Uncapped,2018,India,EB-1,2015,still_dependent,0.0,2061
Uncapped,2018,India,EB-2,2015,saved,63.80973019828801,2061
Uncapped,2018,India,EB-2,2015,aged_out,17.07660634955033,2061
Uncapped,2018,India,EB-2,2015,exited,19.113663452161664,2061
Uncapped,2018,India,EB-2,2015,still_dependent,0.0,2061
Uncapped,2018,India,EB-3,2015,saved,74.1839762611276,2061
Uncapped,2018,India,EB-3,2015,aged_out,4.235230644726194,2061
Uncapped,2018,India,EB-3,2015,exited,21.58079309414621,2061
Uncapped,2018,India,EB-3,2015,still_dependent,0.0,2061
Uncapped,2018,India,EB-4,2015,saved,49.48453608247423,2061
Uncapped,2018,India,EB-4,2015,aged_out,20.876288659793815,2061
Uncapped,2018,India,EB-4,2015,exited,29.63917525773196,2061
Uncapped,2018,India,EB-4,2015,still_dependent,0.0,2061
Uncapped,2018,India,EB-5,2015,saved,98.08429118773947,2061
Uncapped,2018,India,EB-5,2015,aged_out,0.7662835249042146,2061
Uncapped,2018,India,EB-5,2015,exited,1.1494252873563218,2061
Uncapped,2018,India,EB-5,2015,still_dependent,0.0,2061
Uncapped,2018,ROW,EB-1,2015,saved,99.17287014061208,2061
Uncapped,2018,ROW,EB-1,2015,aged_out,0.0,2061
Uncapped,2018,ROW,EB-1,2015,exited,0.8271298593879239,2061
Uncapped,2018,ROW,EB-1,2015,still_dependent,0.0,2061
Uncapped,2018,ROW,EB-2,2015,saved,97.96891389339181,2061
Uncapped,2018,ROW,EB-2,2015,aged_out,0.0,2061
Uncapped,2018,ROW,EB-2,2015,exited,2.0310861066081816,2061
Uncapped,2018,ROW,EB-2,2015,still_dependent,0.0,2061
Uncapped,2018,ROW,EB-3,2015,saved,96.51365485183032,2061
Uncapped,2018,ROW,EB-3,2015,aged_out,0.0,2061
Uncapped,2018,ROW,EB-3,2015,exited,3.486345148169669,2061
Uncapped,2018,ROW,EB-3,2015,still_dependent,0.0,2061
Uncapped,2018,ROW,EB-4,2015,saved,38.90553540451033,2061
Uncapped,2018,ROW,EB-4,2015,aged_out,18.845607948273145,2061
Uncapped,2018,ROW,EB-4,2015,exited,42.24885664721653,2061
Uncapped,2018,ROW,EB-4,2015,still_dependent,0.0,2061
Uncapped,2018,ROW,EB-5,2015,saved,100.0,2061
Uncapped,2018,ROW,EB-5,2015,aged_out,0.0,2061
Uncapped,2018,ROW,EB-5,2015,exited,0.0,2061
Uncapped,2018,ROW,EB-5,2015,still_dependent,0.0,2061
Uncapped,2019,China,EB-1,2015,saved,97.11895910780669,2061
Uncapped,2019,China,EB-1,2015,aged_out,0.0,2061
Uncapped,2019,China,EB-1,2015,exited,2.8810408921933086,2061
Uncapped,2019,China,EB-1,2015,still_dependent,0.0,2061
Uncapped,2019,China,EB-2,2015,saved,46.215494211932324,2061
Uncapped,2019,China,EB-2,2015,aged_out,27.025823686553874,2061
Uncapped,2019,China,EB-2,2015,exited,26.758682101513802,2061
Uncapped,2019,China,EB-2,2015,still_dependent,0.0,2061
Uncapped,2019,China,EB-3,2015,saved,58.57142857142857,2061
Uncapped,2019,China,EB-3,2015,aged_out,10.336134453781513,2061
Uncapped,2019,China,EB-3,2015,exited,31.092436974789916,2061
Uncapped,2019,China,EB-3,2015,still_dependent,0.0,2061
Uncapped,2019,China,EB-4,2015,saved,100.0,2061
Uncapped,2019,China,EB-4,2015,aged_out,0.0,2061
Uncapped,2019,China,EB-4,2015,exited,0.0,2061
Uncapped,2019,China,EB-4,2015,still_dependent,0.0,2061
Uncapped,2019,China,EB-5,2015,saved,88.1619937694704,2061
Uncapped,2019,China,EB-5,2015,aged_out,5.062305295950155,2061
Uncapped,2019,China,EB-5,2015,exited,6.775700934579439,2061
Uncapped,2019,China,EB-5,2015,still_dependent,0.0,2061
Uncapped,2019,India,EB-1,2015,saved,98.47389558232932,2061
Uncapped,2019,India,EB-1,2015,aged_out,0.0,2061
Uncapped,2019,India,EB-1,2015,exited,1.5261044176706828,2061
Uncapped,2019,India,EB-1,2015,still_dependent,0.0,2061
Uncapped,2019,India,EB-2,2015,saved,58.88140095430174,2061
Uncapped,2019,India,EB-2,2015,aged_out,21.196320527325497,2061
Uncapped,2019,India,EB-2,2015,exited,19.922278518372767,2061
Uncapped,2019,India,EB-2,2015,still_dependent,0.0,2061
Uncapped,2019,India,EB-3,2015,saved,74.98095963442498,2061
Uncapped,2019,India,EB-3,2015,aged_out,4.226961157654227,2061
Uncapped,2019,India,EB-3,2015,exited,20.792079207920793,2061
Uncapped,2019,India,EB-3,2015,still_dependent,0.0,2061
Uncapped,2019,India,EB-4,2015,saved,40.38834951456311,2061
Uncapped,2019,India,EB-4,2015,aged_out,23.106796116504853,2061
Uncapped,2019,India,EB-4,2015,exited,36.50485436893204,2061
Uncapped,2019,India,EB-4,2015,still_dependent,0.0,2061
Uncapped,2019,India,EB-5,2015,saved,97.1608832807571,2061
Uncapped,2019,India,EB-5,2015,aged_out,1.2618296529968454,2061
Uncapped,2019,India,EB-5,2015,exited,1.5772870662460567,2061
Uncapped,2019,India,EB-5,2015,still_dependent,0.0,2061
Uncapped,2019,ROW,EB-1,2015,saved,99.39088061260007,2061
Uncapped,2019,ROW,EB-1,2015,aged_out,0.0,2061
Uncapped,2019,ROW,EB-1,2015,exited,0.6091193873999304,2061
Uncapped,2019,ROW,EB-1,2015,still_dependent,0.0,2061
Uncapped,2019,ROW,EB-2,2015,saved,96.94102516994305,2061
Uncapped,2019,ROW,EB-2,2015,aged_out,0.0,2061
Uncapped,2019,ROW,EB-2,2015,exited,3.058974830056954,2061
Uncapped,2019,ROW,EB-2,2015,still_dependent,0.0,2061
Uncapped,2019,ROW,EB-3,2015,saved,94.78692257644762,2061
Uncapped,2019,ROW,EB-3,2015,aged_out,0.0,2061
Uncapped,2019,ROW,EB-3,2015,exited,5.213077423552375,2061
Uncapped,2019,ROW,EB-3,2015,still_dependent,0.0,2061
Uncapped,2019,ROW,EB-4,2015,saved,34.643934122013455,2061
Uncapped,2019,ROW,EB-4,2015,aged_out,21.25956854558107,2061
Uncapped,2019,ROW,EB-4,2015,exited,44.09649733240548,2061
Uncapped,2019,ROW,EB-4,2015,still_dependent,0.0,2061
Uncapped,2019,ROW,EB-5,2015,saved,100.0,2061
Uncapped,2019,ROW,EB-5,2015,aged_out,0.0,2061
Uncapped,2019,ROW,EB-5,2015,exited,0.0,2061
Uncapped,2019,ROW,EB-5,2015,still_dependent,0.0,2061
Uncapped,2020,China,EB-1,2015,saved,97.76119402985074,2061
Uncapped,2020,China,EB-1,2015,aged_out,0.0,2061
Uncapped,2020,China,EB-1,2015,exited,2.2388059701492535,2061
Uncapped,2020,China,EB-1,2015,still_dependent,0.0,2061
Uncapped,2020,China,EB-2,2015,saved,41.13345521023766,2061
Uncapped,2020,China,EB-2,2015,aged_out,30.438756855575868,2061
Uncapped,2020,China,EB-2,2015,exited,28.427787934186473,2061
Uncapped,2020,China,EB-2,2015,still_dependent,0.0,2061
Uncapped,2020,China,EB-3,2015,saved,61.28808864265928,2061
Uncapped,2020,China,EB-3,2015,aged_out,10.041551246537397,2061
Uncapped,2020,China,EB-3,2015,exited,28.670360110803323,2061
Uncapped,2020,China,EB-3,2015,still_dependent,0.0,2061
Uncapped,2020,China,EB-4,2015,saved,100.0,2061
Uncapped,2020,China,EB-4,2015,aged_out,0.0,2061
Uncapped,2020,China,EB-4,2015,exited,0.0,2061
Uncapped,2020,China,EB-4,2015,still_dependent,0.0,2061
Uncapped,2020,China,EB-5,2015,saved,90.01122334455668,2061
Uncapped,2020,China,EB-5,2015,aged_out,2.5813692480359145,2061
Uncapped,2020,China,EB-5,2015,exited,7.407407407407407,2061
Uncapped,2020,China,EB-5,2015,still_dependent,0.0,2061
Uncapped,2020,India,EB-1,2015,saved,98.33080424886191,2061
Uncapped,2020,India,EB-1,2015,aged_out,0.0,2061
Uncapped,2020,India,EB-1,2015,exited,1.669195751138088,2061
Uncapped,2020,India,EB-1,2015,still_dependent,0.0,2061
Uncapped,2020,India,EB-2,2015,saved,56.76447360427677,2061
Uncapped,2020,India,EB-2,2015,aged_out,23.018042646254784,2061
Uncapped,2020,India,EB-2,2015,exited,20.21748374946844,2061
Uncapped,2020,India,EB-2,2015,still_dependent,0.0,2061
Uncapped,2020,India,EB-3,2015,saved,76.97645600991326,2061
Uncapped,2020,India,EB-3,2015,aged_out,3.0483271375464684,2061
Uncapped,2020,India,EB-3,2015,exited,19.97521685254027,2061
Uncapped,2020,India,EB-3,2015,still_dependent,0.0,2061
Uncapped,2020,India,EB-4,2015,saved,29.25170068027211,2061
Uncapped,2020,India,EB-4,2015,aged_out,29.25170068027211,2061
Uncapped,2020,India,EB-4,2015,exited,41.49659863945578,2061
Uncapped,2020,India,EB-4,2015,still_dependent,0.0,2061
Uncapped,2020,India,EB-5,2015,saved,91.9047619047619,2061
Uncapped,2020,India,EB-5,2015,aged_out,3.8095238095238093,2061
Uncapped,2020,India,EB-5,2015,exited,4.285714285714286,2061
Uncapped,2020,India,EB-5,2015,still_dependent,0.0,2061
Uncapped,2020,ROW,EB-1,2015,saved,100.0,2061
Uncapped,2020,ROW,EB-1,2015,aged_out,0.0,2061
Uncapped,2020,ROW,EB-1,2015,exited,0.0,2061
Uncapped,2020,ROW,EB-1,2015,still_dependent,0.0,2061
Uncapped,2020,ROW,EB-2,2015,saved,95.98562628336755,2061
Uncapped,2020,ROW,EB-2,2015,aged_out,0.030800821355236138,2061
Uncapped,2020,ROW,EB-2,2015,exited,3.9835728952772076,2061
Uncapped,2020,ROW,EB-2,2015,still_dependent,0.0,2061
Uncapped,2020,ROW,EB-3,2015,saved,93.68791208791208,2061
Uncapped,2020,ROW,EB-3,2015,aged_out,0.0,2061
Uncapped,2020,ROW,EB-3,2015,exited,6.312087912087912,2061
Uncapped,2020,ROW,EB-3,2015,still_dependent,0.0,2061
Uncapped,2020,ROW,EB-4,2015,saved,26.968858963568593,2061
Uncapped,2020,ROW,EB-4,2015,aged_out,25.874714440302995,2061
Uncapped,2020,ROW,EB-4,2015,exited,47.15642659612841,2061
Uncapped,2020,ROW,EB-4,2015,still_dependent,0.0,2061
Uncapped,2020,ROW,EB-5,2015,saved,100.0,2061
Uncapped,2020,ROW,EB-5,2015,aged_out,0.0,2061
Uncapped,2020,ROW,EB-5,2015,exited,0.0,2061
Uncapped,2020,ROW,EB-5,2015,still_dependent,0.0,2061
Uncapped,2021,China,EB-1,2015,saved,97.33201581027669,2061
Uncapped,2021,China,EB-1,2015,aged_out,0.0,2061
Uncapped,2021,China,EB-1,2015,exited,2.6679841897233203,2061
Uncapped,2021,China,EB-1,2015,still_dependent,0.0,2061
Uncapped,2021,China,EB-2,2015,saved,39.40125543215838,2061
Uncapped,2021,China,EB-2,2015,aged_out,32.11009174311926,2061
Uncapped,2021,China,EB-2,2015,exited,28.488652824722358,2061
Uncapped,2021,China,EB-2,2015,still_dependent,0.0,2061
Uncapped,2021,China,EB-3,2015,saved,59.36254980079681,2061
Uncapped,2021,China,EB-3,2015,aged_out,9.531106343855347,2061
Uncapped,2021,China,EB-3,2015,exited,31.106343855347838,2061
Uncapped,2021,China,EB-3,2015,still_dependent,0.0,2061
Uncapped,2021,China,EB-4,2015,saved,100.0,2061
Uncapped,2021,China,EB-4,2015,aged_out,0.0,2061
Uncapped,2021,China,EB-4,2015,exited,0.0,2061
Uncapped,2021,China,EB-4,2015,still_dependent,0.0,2061
Uncapped,2021,China,EB-5,2015,saved,93.1930693069307,2061
Uncapped,2021,China,EB-5,2015,aged_out,0.0,2061
Uncapped,2021,China,EB-5,2015,exited,6.806930693069307,2061
Uncapped,2021,China,EB-5,2015,still_dependent,0.0,2061
Uncapped,2021,India,EB-1,2015,saved,98.88594164456234,2061
Uncapped,2021,India,EB-1,2015,aged_out,0.0,2061
Uncapped,2021,India,EB-1,2015,exited,1.1140583554376657,2061
Uncapped,2021,India,EB-1,2015,still_dependent,0.0,2061
Uncapped,2021,India,EB-2,2015,saved,51.52379354694403,2061
Uncapped,2021,India,EB-2,2015,aged_out,26.66778504725158,2061
Uncapped,2021,India,EB-2,2015,exited,21.808421405804395,2061
Uncapped,2021,India,EB-2,2015,still_dependent,0.0,2061
Uncapped,2021,India,EB-3,2015,saved,76.7770579440946,2061
Uncapped,2021,India,EB-3,2015,aged_out,3.4340597109590902,2061
Uncapped,2021,India,EB-3,2015,exited,19.788882344946316,2061
Uncapped,2021,India,EB-3,2015,still_dependent,0.0,2061
Uncapped,2021,India,EB-4,2015,saved,22.894736842105264,2061
Uncapped,2021,India,EB-4,2015,aged_out,30.526315789473685,2061
Uncapped,2021,India,EB-4,2015,exited,46.578947368421055,2061
Uncapped,2021,India,EB-4,2015,still_dependent,0.0,2061
Uncapped,2021,India,EB-5,2015,saved,92.34234234234235,2061
Uncapped,2021,India,EB-5,2015,aged_out,2.2522522522522523,2061
Uncapped,2021,India,EB-5,2015,exited,5.405405405405405,2061
Uncapped,2021,India,EB-5,2015,still_dependent,0.0,2061
Uncapped,2021,ROW,EB-1,2015,saved,100.0,2061
Uncapped,2021,ROW,EB-1,2015,aged_out,0.0,2061
Uncapped,2021,ROW,EB-1,2015,exited,0.0,2061
Uncapped,2021,ROW,EB-1,2015,still_dependent,0.0,2061
Uncapped,2021,ROW,EB-2,2015,saved,96.05644693601391,2061
Uncapped,2021,ROW,EB-2,2015,aged_out,0.04832785617630002,2061
Uncapped,2021,ROW,EB-2,2015,exited,3.8952252078097818,2061
Uncapped,2021,ROW,EB-2,2015,still_dependent,0.0,2061
Uncapped,2021,ROW,EB-3,2015,saved,94.46254071661238,2061
Uncapped,2021,ROW,EB-3,2015,aged_out,0.0,2061
Uncapped,2021,ROW,EB-3,2015,exited,5.537459283387622,2061
Uncapped,2021,ROW,EB-3,2015,still_dependent,0.0,2061
Uncapped,2021,ROW,EB-4,2015,saved,20.301356102461074,2061
Uncapped,2021,ROW,EB-4,2015,aged_out,29.412355600200904,2061
Uncapped,2021,ROW,EB-4,2015,exited,50.28628829733802,2061
Uncapped,2021,ROW,EB-4,2015,still_dependent,0.0,2061
Uncapped,2021,ROW,EB-5,2015,saved,99.62756052141528,2061
Uncapped,2021,ROW,EB-5,2015,aged_out,0.0,2061
Uncapped,2021,ROW,EB-5,2015,exited,0.37243947858473,2061
Uncapped,2021,ROW,EB-5,2015,still_dependent,0.0,2061
Uncapped,2022,China,EB-1,2015,saved,97.69858945805494,2061
Uncapped,2022,China,EB-1,2015,aged_out,0.0,2061
Uncapped,2022,China,EB-1,2015,exited,2.3014105419450632,2061
Uncapped,2022,China,EB-1,2015,still_dependent,0.0,2061
Uncapped,2022,China,EB-2,2015,saved,34.95660559305689,2061
Uncapped,2022,China,EB-2,2015,aged_out,33.89585342333655,2061
Uncapped,2022,China,EB-2,2015,exited,31.147540983606557,2061
Uncapped,2022,China,EB-2,2015,still_dependent,0.0,2061
Uncapped,2022,China,EB-3,2015,saved,61.38461538461539,2061
Uncapped,2022,China,EB-3,2015,aged_out,9.461538461538462,2061
Uncapped,2022,China,EB-3,2015,exited,29.153846153846153,2061
Uncapped,2022,China,EB-3,2015,still_dependent,0.0,2061
Uncapped,2022,China,EB-4,2015,saved,100.0,2061
Uncapped,2022,China,EB-4,2015,aged_out,0.0,2061
Uncapped,2022,China,EB-4,2015,exited,0.0,2061
Uncapped,2022,China,EB-4,2015,still_dependent,0.0,2061
Uncapped,2022,China,EB-5,2015,saved,97.46835443037975,2061
Uncapped,2022,China,EB-5,2015,aged_out,0.0,2061
Uncapped,2022,China,EB-5,2015,exited,2.5316455696202533,2061
Uncapped,2022,China,EB-5,2015,still_dependent,0.0,2061
Uncapped,2022,India,EB-1,2015,saved,98.64461291063634,2061
Uncapped,2022,India,EB-1,2015,aged_out,0.0,2061
Uncapped,2022,India,EB-1,2015,exited,1.3553870893636573,2061
Uncapped,2022,India,EB-1,2015,still_dependent,0.0,2061
Uncapped,2022,India,EB-2,2015,saved,47.03176861071598,2061
Uncapped,2022,India,EB-2,2015,aged_out,30.668563300142246,2061
Uncapped,2022,India,EB-2,2015,exited,22.299668089141772,2061
Uncapped,2022,India,EB-2,2015,still_dependent,0.0,2061
Uncapped,2022,India,EB-3,2015,saved,74.11062061802129,2061
Uncapped,2022,India,EB-3,2015,aged_out,3.8561412620098676,2061
Uncapped,2022,India,EB-3,2015,exited,22.03323811996884,2061
Uncapped,2022,India,EB-3,2015,still_dependent,0.0,2061
Uncapped,2022,India,EB-4,2015,saved,20.23486901535682,2061
Uncapped,2022,India,EB-4,2015,aged_out,39.65672990063234,2061
Uncapped,2022,India,EB-4,2015,exited,40.10840108401084,2061
Uncapped,2022,India,EB-4,2015,still_dependent,0.0,2061
Uncapped,2022,India,EB-5,2015,saved,84.61538461538461,2061
Uncapped,2022,India,EB-5,2015,aged_out,5.769230769230769,2061
Uncapped,2022,India,EB-5,2015,exited,9.615384615384615,2061
Uncapped,2022,India,EB-5,2015,still_dependent,0.0,2061
Uncapped,2022,ROW,EB-1,2015,saved,100.0,2061
Uncapped,2022,ROW,EB-1,2015,aged_out,0.0,2061
Uncapped,2022,ROW,EB-1,2015,exited,0.0,2061
Uncapped,2022,ROW,EB-1,2015,still_dependent,0.0,2061
Uncapped,2022,ROW,EB-2,2015,saved,96.2081959491286,2061
Uncapped,2022,ROW,EB-2,2015,aged_out,0.07850525985241011,2061
Uncapped,2022,ROW,EB-2,2015,exited,3.7132987910189983,2061
Uncapped,2022,ROW,EB-2,2015,still_dependent,0.0,2061
Uncapped,2022,ROW,EB-3,2015,saved,94.15646258503402,2061
Uncapped,2022,ROW,EB-3,2015,aged_out,0.047619047619047616,2061
Uncapped,2022,ROW,EB-3,2015,exited,5.795918367346939,2061
Uncapped,2022,ROW,EB-3,2015,still_dependent,0.0,2061
Uncapped,2022,ROW,EB-4,2015,saved,15.79045604429789,2061
Uncapped,2022,ROW,EB-4,2015,aged_out,31.20139364151061,2061
Uncapped,2022,ROW,EB-4,2015,exited,53.008150314191504,2061
Uncapped,2022,ROW,EB-4,2015,still_dependent,0.0,2061
Uncapped,2022,ROW,EB-5,2015,saved,100.0,2061
Uncapped,2022,ROW,EB-5,2015,aged_out,0.0,2061
Uncapped,2022,ROW,EB-5,2015,exited,0.0,2061
Uncapped,2022,ROW,EB-5,2015,still_dependent,0.0,2061
Uncapped,2023,China,EB-1,2015,saved,97.7116704805492,2061
Uncapped,2023,China,EB-1,2015,aged_out,0.0,2061
Uncapped,2023,China,EB-1,2015,exited,2.288329519450801,2061
Uncapped,2023,China,EB-1,2015,still_dependent,0.0,2061
Uncapped,2023,China,EB-2,2015,saved,31.13278319579895,2061
Uncapped,2023,China,EB-2,2015,aged_out,37.43435858964741,2061
Uncapped,2023,China,EB-2,2015,exited,31.43285821455364,2061
Uncapped,2023,China,EB-2,2015,still_dependent,0.0,2061
Uncapped,2023,China,EB-3,2015,saved,59.436619718309856,2061
Uncapped,2023,China,EB-3,2015,aged_out,10.7981220657277,2061
Uncapped,2023,China,EB-3,2015,exited,29.76525821596244,2061
Uncapped,2023,China,EB-3,2015,still_dependent,0.0,2061
Uncapped,2023,China,EB-4,2015,saved,100.0,2061
Uncapped,2023,China,EB-4,2015,aged_out,0.0,2061
Uncapped,2023,China,EB-4,2015,exited,0.0,2061
Uncapped,2023,China,EB-4,2015,still_dependent,0.0,2061
Uncapped,2023,China,EB-5,2015,saved,96.74681753889675,2061
Uncapped,2023,China,EB-5,2015,aged_out,0.0,2061
Uncapped,2023,China,EB-5,2015,exited,3.253182461103253,2061
Uncapped,2023,China,EB-5,2015,still_dependent,0.0,2061
Uncapped,2023,India,EB-1,2015,saved,98.32458960907091,2061
Uncapped,2023,India,EB-1,2015,aged_out,0.0,2061
Uncapped,2023,India,EB-1,2015,exited,1.6754103909290912,2061
Uncapped,2023,India,EB-1,2015,still_dependent,0.0,2061
Uncapped,2023,India,EB-2,2015,saved,40.833333333333336,2061
Uncapped,2023,India,EB-2,2015,aged_out,35.21103896103896,2061
Uncapped,2023,India,EB-2,2015,exited,23.955627705627705,2061
Uncapped,2023,India,EB-2,2015,still_dependent,0.0,2061
Uncapped,2023,India,EB-3,2015,saved,74.02726970402395,2061
Uncapped,2023,India,EB-3,2015,aged_out,4.556035916195544,2061
Uncapped,2023,India,EB-3,2015,exited,21.416694379780512,2061
Uncapped,2023,India,EB-3,2015,still_dependent,0.0,2061
Uncapped,2023,India,EB-4,2015,saved,11.450381679389313,2061
Uncapped,2023,India,EB-4,2015,aged_out,42.08015267175573,2061
Uncapped,2023,India,EB-4,2015,exited,46.469465648854964,2061
Uncapped,2023,India,EB-4,2015,still_dependent,0.0,2061
Uncapped,2023,India,EB-5,2015,saved,95.6043956043956,2061
Uncapped,2023,India,EB-5,2015,aged_out,0.7326007326007326,2061
Uncapped,2023,India,EB-5,2015,exited,3.663003663003663,2061
Uncapped,2023,India,EB-5,2015,still_dependent,0.0,2061
Uncapped,2023,ROW,EB-1,2015,saved,100.0,2061
Uncapped,2023,ROW,EB-1,2015,aged_out,0.0,2061
Uncapped,2023,ROW,EB-1,2015,exited,0.0,2061
Uncapped,2023,ROW,EB-1,2015,still_dependent,0.0,2061
Uncapped,2023,ROW,EB-2,2015,saved,44.15161567760167,2061
Uncapped,2023,ROW,EB-2,2015,aged_out,28.82417987467748,2061
Uncapped,2023,ROW,EB-2,2015,exited,27.02420444772085,2061
Uncapped,2023,ROW,EB-2,2015,still_dependent,0.0,2061
Uncapped,2023,ROW,EB-3,2015,saved,56.433843191785215,2061
Uncapped,2023,ROW,EB-3,2015,aged_out,12.381003315862658,2061
Uncapped,2023,ROW,EB-3,2015,exited,31.185153492352125,2061
Uncapped,2023,ROW,EB-3,2015,still_dependent,0.0,2061
Uncapped,2023,ROW,EB-4,2015,saved,10.736052508204407,2061
Uncapped,2023,ROW,EB-4,2015,aged_out,35.01172058134083,2061
Uncapped,2023,ROW,EB-4,2015,exited,54.25222691045476,2061
Uncapped,2023,ROW,EB-4,2015,still_dependent,0.0,2061
Uncapped,2023,ROW,EB-5,2015,saved,100.0,2061
Uncapped,2023,ROW,EB-5,2015,aged_out,0.0,2061
Uncapped,2023,ROW,EB-5,2015,exited,0.0,2061
Uncapped,2023,ROW,EB-5,2015,still_dependent,0.0,2061
Uncapped,2024,China,EB-1,2015,saved,97.45011086474501,2061
Uncapped,2024,China,EB-1,2015,aged_out,0.0,2061
Uncapped,2024,China,EB-1,2015,exited,2.549889135254989,2061
Uncapped,2024,China,EB-1,2015,still_dependent,0.0,2061
Uncapped,2024,China,EB-2,2015,saved,23.941908713692946,2061
Uncapped,2024,China,EB-2,2015,aged_out,44.066390041493776,2061
Uncapped,2024,China,EB-2,2015,exited,31.991701244813278,2061
Uncapped,2024,China,EB-2,2015,still_dependent,0.0,2061
Uncapped,2024,China,EB-3,2015,saved,57.44588744588744,2061
Uncapped,2024,China,EB-3,2015,aged_out,12.077922077922079,2061
Uncapped,2024,China,EB-3,2015,exited,30.476190476190474,2061
Uncapped,2024,China,EB-3,2015,still_dependent,0.0,2061
Uncapped,2024,China,EB-4,2015,saved,100.0,2061
Uncapped,2024,China,EB-4,2015,aged_out,0.0,2061
Uncapped,2024,China,EB-4,2015,exited,0.0,2061
Uncapped,2024,China,EB-4,2015,still_dependent,0.0,2061
Uncapped,2024,China,EB-5,2015,saved,97.14841218405704,2061
Uncapped,2024,China,EB-5,2015,aged_out,0.0,2061
Uncapped,2024,China,EB-5,2015,exited,2.851587815942968,2061
Uncapped,2024,China,EB-5,2015,still_dependent,0.0,2061
Uncapped,2024,India,EB-1,2015,saved,98.51549053356283,2061
Uncapped,2024,India,EB-1,2015,aged_out,0.0,2061
Uncapped,2024,India,EB-1,2015,exited,1.4845094664371772,2061
Uncapped,2024,India,EB-1,2015,still_dependent,0.0,2061
Uncapped,2024,India,EB-2,2015,saved,32.884319331427314,2061
Uncapped,2024,India,EB-2,2015,aged_out,41.279964811963936,2061
Uncapped,2024,India,EB-2,2015,exited,25.835715856608754,2061
Uncapped,2024,India,EB-2,2015,still_dependent,0.0,2061
Uncapped,2024,India,EB-3,2015,saved,74.11513859275053,2061
Uncapped,2024,India,EB-3,2015,aged_out,5.330490405117271,2061
Uncapped,2024,India,EB-3,2015,exited,20.554371002132196,2061
Uncapped,2024,India,EB-3,2015,still_dependent,0.0,2061
Uncapped,2024,India,EB-4,2015,saved,5.329153605015674,2061
Uncapped,2024,India,EB-4,2015,aged_out,51.515151515151516,2061
Uncapped,2024,India,EB-4,2015,exited,43.15569487983281,2061
Uncapped,2024,India,EB-4,2015,still_dependent,0.0,2061
Uncapped,2024,India,EB-5,2015,saved,97.8021978021978,2061
Uncapped,2024,India,EB-5,2015,aged_out,0.27472527472527475,2061
Uncapped,2024,India,EB-5,2015,exited,1.9230769230769231,2061
Uncapped,2024,India,EB-5,2015,still_dependent,0.0,2061
Uncapped,2024,ROW,EB-1,2015,saved,100.0,2061
Uncapped,2024,ROW,EB-1,2015,aged_out,0.0,2061
Uncapped,2024,ROW,EB-1,2015,exited,0.0,2061
Uncapped,2024,ROW,EB-1,2015,still_dependent,0.0,2061
Uncapped,2024,ROW,EB-2,2015,saved,18.312693498452013,2061
Uncapped,2024,ROW,EB-2,2015,aged_out,44.43498452012384,2061
Uncapped,2024,ROW,EB-2,2015,exited,37.252321981424146,2061
Uncapped,2024,ROW,EB-2,2015,still_dependent,0.0,2061
Uncapped,2024,ROW,EB-3,2015,saved,53.299315783370055,2061
Uncapped,2024,ROW,EB-3,2015,aged_out,14.455525919053693,2061
Uncapped,2024,ROW,EB-3,2015,exited,32.245158297576246,2061
Uncapped,2024,ROW,EB-3,2015,still_dependent,0.0,2061
Uncapped,2024,ROW,EB-4,2015,saved,4.231665770127308,2061
Uncapped,2024,ROW,EB-4,2015,aged_out,40.16496324188632,2061
Uncapped,2024,ROW,EB-4,2015,exited,55.603370987986374,2061
Uncapped,2024,ROW,EB-4,2015,still_dependent,0.0,2061
Uncapped,2024,ROW,EB-5,2015,saved,100.0,2061
Uncapped,2024,ROW,EB-5,2015,aged_out,0.0,2061
Uncapped,2024,ROW,EB-5,2015,exited,0.0,2061
Uncapped,2024,ROW,EB-5,2015,still_dependent,0.0,2061
Uncapped,2025,China,EB-1,2015,saved,97.45322245322245,2061
Uncapped,2025,China,EB-1,2015,aged_out,0.0,2061
Uncapped,2025,China,EB-1,2015,exited,2.546777546777547,2061
Uncapped,2025,China,EB-1,2015,still_dependent,0.0,2061
Uncapped,2025,China,EB-2,2015,saved,19.43273284783442,2061
Uncapped,2025,China,EB-2,2015,aged_out,46.10962054426984,2061
Uncapped,2025,China,EB-2,2015,exited,34.45764660789575,2061
Uncapped,2025,China,EB-2,2015,still_dependent,0.0,2061
Uncapped,2025,China,EB-3,2015,saved,53.08964316797215,2061
Uncapped,2025,China,EB-3,2015,aged_out,14.621409921671018,2061
Uncapped,2025,China,EB-3,2015,exited,32.288946910356835,2061
Uncapped,2025,China,EB-3,2015,still_dependent,0.0,2061
Uncapped,2025,China,EB-4,2015,saved,0.0,2061
Uncapped,2025,China,EB-4,2015,aged_out,35.84905660377358,2061
Uncapped,2025,China,EB-4,2015,exited,64.15094339622641,2061
Uncapped,2025,China,EB-4,2015,still_dependent,0.0,2061
Uncapped,2025,China,EB-5,2015,saved,95.73667711598746,2061
Uncapped,2025,China,EB-5,2015,aged_out,0.0,2061
Uncapped,2025,China,EB-5,2015,exited,4.263322884012539,2061
Uncapped,2025,China,EB-5,2015,still_dependent,0.0,2061
Uncapped,2025,India,EB-1,2015,saved,98.72651356993737,2061
Uncapped,2025,India,EB-1,2015,aged_out,0.0,2061
Uncapped,2025,India,EB-1,2015,exited,1.2734864300626305,2061
Uncapped,2025,India,EB-1,2015,still_dependent,0.0,2061
Uncapped,2025,India,EB-2,2015,saved,26.361952495096972,2061
Uncapped,2025,India,EB-2,2015,aged_out,47.2597515798649,2061
Uncapped,2025,India,EB-2,2015,exited,26.378295925038135,2061
Uncapped,2025,India,EB-2,2015,still_dependent,0.0,2061
Uncapped,2025,India,EB-3,2015,saved,70.02155172413794,2061
Uncapped,2025,India,EB-3,2015,aged_out,7.7155172413793105,2061
Uncapped,2025,India,EB-3,2015,exited,22.262931034482758,2061
Uncapped,2025,India,EB-3,2015,still_dependent,0.0,2061
Uncapped,2025,India,EB-4,2015,saved,0.5512679162072768,2061
Uncapped,2025,India,EB-4,2015,aged_out,49.28335170893054,2061
Uncapped,2025,India,EB-4,2015,exited,50.16538037486218,2061
Uncapped,2025,India,EB-4,2015,still_dependent,0.0,2061
Uncapped,2025,India,EB-5,2015,saved,95.59939301972686,2061
Uncapped,2025,India,EB-5,2015,aged_out,0.15174506828528073,2061
Uncapped,2025,India,EB-5,2015,exited,4.24886191198786,2061
Uncapped,2025,India,EB-5,2015,still_dependent,0.0,2061
Uncapped,2025,ROW,EB-1,2015,saved,98.09665059943147,2061
Uncapped,2025,ROW,EB-1,2015,aged_out,0.13595352861203808,2061
Uncapped,2025,ROW,EB-1,2015,exited,1.7673958719564948,2061
Uncapped,2025,ROW,EB-1,2015,still_dependent,0.0,2061
Uncapped,2025,ROW,EB-2,2015,saved,14.110238669050766,2061
Uncapped,2025,ROW,EB-2,2015,aged_out,48.099199253673326,2061
Uncapped,2025,ROW,EB-2,2015,exited,37.79056207727591,2061
Uncapped,2025,ROW,EB-2,2015,still_dependent,0.0,2061
Uncapped,2025,ROW,EB-3,2015,saved,49.96818786511655,2061
Uncapped,2025,ROW,EB-3,2015,aged_out,15.449129504309099,2061
Uncapped,2025,ROW,EB-3,2015,exited,34.582682630574354,2061
Uncapped,2025,ROW,EB-3,2015,still_dependent,0.0,2061
Uncapped,2025,ROW,EB-4,2015,saved,0.3084179970972424,2061
Uncapped,2025,ROW,EB-4,2015,aged_out,43.94049346879535,2061
Uncapped,2025,ROW,EB-4,2015,exited,55.7510885341074,2061
Uncapped,2025,ROW,EB-4,2015,still_dependent,0.0,2061
Uncapped,2025,ROW,EB-5,2015,saved,95.99686028257457,2061
Uncapped,2025,ROW,EB-5,2015,aged_out,0.7849293563579278,2061
Uncapped,2025,ROW,EB-5,2015,exited,3.218210361067504,2061
Uncapped,2025,ROW,EB-5,2015,still_dependent,0.0,2061
Uncapped,2026,China,EB-1,2015,saved,97.90286975717439,2061
Uncapped,2026,China,EB-1,2015,aged_out,0.0,2061
Uncapped,2026,China,EB-1,2015,exited,2.097130242825607,2061
Uncapped,2026,China,EB-1,2015,still_dependent,0.0,2061
Uncapped,2026,China,EB-2,2015,saved,15.804030027657053,2061
Uncapped,2026,China,EB-2,2015,aged_out,54.56341367048597,2061
Uncapped,2026,China,EB-2,2015,exited,29.632556301856972,2061
Uncapped,2026,China,EB-2,2015,still_dependent,0.0,2061
Uncapped,2026,China,EB-3,2015,saved,50.41794984601848,2061
Uncapped,2026,China,EB-3,2015,aged_out,15.310162780466344,2061
Uncapped,2026,China,EB-3,2015,exited,34.27188737351518,2061
Uncapped,2026,China,EB-3,2015,still_dependent,0.0,2061
Uncapped,2026,China,EB-4,2015,saved,0.0,2061
Uncapped,2026,China,EB-4,2015,aged_out,40.35087719298246,2061
Uncapped,2026,China,EB-4,2015,exited,59.64912280701754,2061
Uncapped,2026,China,EB-4,2015,still_dependent,0.0,2061
Uncapped,2026,China,EB-5,2015,saved,96.56290531776914,2061
Uncapped,2026,China,EB-5,2015,aged_out,0.0,2061
Uncapped,2026,China,EB-5,2015,exited,3.437094682230869,2061
Uncapped,2026,China,EB-5,2015,still_dependent,0.0,2061
Uncapped,2026,India,EB-1,2015,saved,98.07491106926135,2061
Uncapped,2026,India,EB-1,2015,aged_out,0.0,2061
Uncapped,2026,India,EB-1,2015,exited,1.9250889307386483,2061
Uncapped,2026,India,EB-1,2015,still_dependent,0.0,2061
Uncapped,2026,India,EB-2,2015,saved,19.160475079993493,2061
Uncapped,2026,India,EB-2,2015,aged_out,53.56581159498888,2061
Uncapped,2026,India,EB-2,2015,exited,27.273713325017624,2061
Uncapped,2026,India,EB-2,2015,still_dependent,0.0,2061
Uncapped,2026,India,EB-3,2015,saved,69.0777972027972,2061
Uncapped,2026,India,EB-3,2015,aged_out,8.631993006993007,2061
Uncapped,2026,India,EB-3,2015,exited,22.29020979020979,2061
Uncapped,2026,India,EB-3,2015,still_dependent,0.0,2061
Uncapped,2026,India,EB-4,2015,saved,0.0,2061
Uncapped,2026,India,EB-4,2015,aged_out,51.94508009153318,2061
Uncapped,2026,India,EB-4,2015,exited,48.05491990846682,2061
Uncapped,2026,India,EB-4,2015,still_dependent,0.0,2061
Uncapped,2026,India,EB-5,2015,saved,97.32540861812778,2061
Uncapped,2026,India,EB-5,2015,aged_out,0.2971768202080238,2061
Uncapped,2026,India,EB-5,2015,exited,2.37741456166419,2061
Uncapped,2026,India,EB-5,2015,still_dependent,0.0,2061
Uncapped,2026,ROW,EB-1,2015,saved,97.39374010473755,2061
Uncapped,2026,ROW,EB-1,2015,aged_out,0.12178784557301181,2061
Uncapped,2026,ROW,EB-1,2015,exited,2.484472049689441,2061
Uncapped,2026,ROW,EB-1,2015,still_dependent,0.0,2061
Uncapped,2026,ROW,EB-2,2015,saved,10.171322734989968,2061
Uncapped,2026,ROW,EB-2,2015,aged_out,50.58651026392962,2061
Uncapped,2026,ROW,EB-2,2015,exited,39.24216700108041,2061
Uncapped,2026,ROW,EB-2,2015,still_dependent,0.0,2061
Uncapped,2026,ROW,EB-3,2015,saved,47.95965955462283,2061
Uncapped,2026,ROW,EB-3,2015,aged_out,18.50880261163577,2061
Uncapped,2026,ROW,EB-3,2015,exited,33.5315378337414,2061
Uncapped,2026,ROW,EB-3,2015,still_dependent,0.0,2061
Uncapped,2026,ROW,EB-4,2015,saved,0.0,2061
Uncapped,2026,ROW,EB-4,2015,aged_out,44.45145018915511,2061
Uncapped,2026,ROW,EB-4,2015,exited,55.54854981084489,2061
Uncapped,2026,ROW,EB-4,2015,still_dependent,0.0,2061
Uncapped,2026,ROW,EB-5,2015,saved,92.09726443768997,2061
Uncapped,2026,ROW,EB-5,2015,aged_out,1.7477203647416413,2061
Uncapped,2026,ROW,EB-5,2015,exited,6.155015197568389,2061
Uncapped,2026,ROW,EB-5,2015,still_dependent,0.0,2061
Uncapped,2027,China,EB-1,2015,saved,96.53518123667378,2061
Uncapped,2027,China,EB-1,2015,aged_out,0.0,2061
Uncapped,2027,China,EB-1,2015,exited,3.464818763326226,2061
Uncapped,2027,China,EB-1,2015,still_dependent,0.0,2061
Uncapped,2027,China,EB-2,2015,saved,11.098696461824954,2061
Uncapped,2027,China,EB-2,2015,aged_out,56.53631284916201,2061
Uncapped,2027,China,EB-2,2015,exited,32.364990689013034,2061
Uncapped,2027,China,EB-2,2015,still_dependent,0.0,2061
Uncapped,2027,China,EB-3,2015,saved,45.48494983277592,2061
Uncapped,2027,China,EB-3,2015,aged_out,18.22742474916388,2061
Uncapped,2027,China,EB-3,2015,exited,36.2876254180602,2061
Uncapped,2027,China,EB-3,2015,still_dependent,0.0,2061
Uncapped,2027,China,EB-4,2015,saved,0.0,2061
Uncapped,2027,China,EB-4,2015,aged_out,26.229508196721312,2061
Uncapped,2027,China,EB-4,2015,exited,73.77049180327869,2061
Uncapped,2027,China,EB-4,2015,still_dependent,0.0,2061
Uncapped,2027,China,EB-5,2015,saved,95.9387483355526,2061
Uncapped,2027,China,EB-5,2015,aged_out,0.0,2061
Uncapped,2027,China,EB-5,2015,exited,4.061251664447403,2061
Uncapped,2027,China,EB-5,2015,still_dependent,0.0,2061
Uncapped,2027,India,EB-1,2015,saved,97.69799366420274,2061
Uncapped,2027,India,EB-1,2015,aged_out,0.021119324181626188,2061
Uncapped,2027,India,EB-1,2015,exited,2.2808870116156283,2061
Uncapped,2027,India,EB-1,2015,still_dependent,0.0,2061
Uncapped,2027,India,EB-2,2015,saved,13.796451108354457,2061
Uncapped,2027,India,EB-2,2015,aged_out,58.45423655682002,2061
Uncapped,2027,India,EB-2,2015,exited,27.74931233482552,2061
Uncapped,2027,India,EB-2,2015,still_dependent,0.0,2061
Uncapped,2027,India,EB-3,2015,saved,66.56922113176029,2061
Uncapped,2027,India,EB-3,2015,aged_out,9.939444560451033,2061
Uncapped,2027,India,EB-3,2015,exited,23.491334307788684,2061
Uncapped,2027,India,EB-3,2015,still_dependent,0.0,2061
Uncapped,2027,India,EB-4,2015,saved,0.0,2061
Uncapped,2027,India,EB-4,2015,aged_out,46.121593291404615,2061
Uncapped,2027,India,EB-4,2015,exited,53.878406708595385,2061
Uncapped,2027,India,EB-4,2015,still_dependent,0.0,2061
Uncapped,2027,India,EB-5,2015,saved,95.40229885057471,2061
Uncapped,2027,India,EB-5,2015,aged_out,0.7183908045977011,2061
Uncapped,2027,India,EB-5,2015,exited,3.8793103448275863,2061
Uncapped,2027,India,EB-5,2015,still_dependent,0.0,2061
Uncapped,2027,ROW,EB-1,2015,saved,96.36161815490873,2061
Uncapped,2027,ROW,EB-1,2015,aged_out,0.2713369511593488,2061
Uncapped,2027,ROW,EB-1,2015,exited,3.367044893931919,2061
Uncapped,2027,ROW,EB-1,2015,still_dependent,0.0,2061
Uncapped,2027,ROW,EB-2,2015,saved,6.680052513707622,2061
Uncapped,2027,ROW,EB-2,2015,aged_out,52.90756042937679,2061
Uncapped,2027,ROW,EB-2,2015,exited,40.41238705691559,2061
Uncapped,2027,ROW,EB-2,2015,still_dependent,0.0,2061
Uncapped,2027,ROW,EB-3,2015,saved,44.93379049420667,2061
Uncapped,2027,ROW,EB-3,2015,aged_out,19.70915109955072,2061
Uncapped,2027,ROW,EB-3,2015,exited,35.35705840624261,2061
Uncapped,2027,ROW,EB-3,2015,still_dependent,0.0,2061
Uncapped,2027,ROW,EB-4,2015,saved,0.0,2061
Uncapped,2027,ROW,EB-4,2015,aged_out,43.307657453556864,2061
Uncapped,2027,ROW,EB-4,2015,exited,56.692342546443136,2061
Uncapped,2027,ROW,EB-4,2015,still_dependent,0.0,2061
Uncapped,2027,ROW,EB-5,2015,saved,96.73826571201273,2061
Uncapped,2027,ROW,EB-5,2015,aged_out,1.2728719172633254,2061
Uncapped,2027,ROW,EB-5,2015,exited,1.988862370723946,2061
Uncapped,2027,ROW,EB-5,2015,still_dependent,0.0,2061
Uncapped,2028,China,EB-1,2015,saved,96.41711229946524,2061
Uncapped,2028,China,EB-1,2015,aged_out,0.0,2061
Uncapped,2028,China,EB-1,2015,exited,3.5828877005347595,2061
Uncapped,2028,China,EB-1,2015,still_dependent,0.0,2061
Uncapped,2028,China,EB-2,2015,saved,8.309098462816785,2061
Uncapped,2028,China,EB-2,2015,aged_out,60.57332779393436,2061
Uncapped,2028,China,EB-2,2015,exited,31.117573743248858,2061
Uncapped,2028,China,EB-2,2015,still_dependent,0.0,2061
Uncapped,2028,China,EB-3,2015,saved,45.135699373695196,2061
Uncapped,2028,China,EB-3,2015,aged_out,19.707724425887264,2061
Uncapped,2028,China,EB-3,2015,exited,35.15657620041754,2061
Uncapped,2028,China,EB-3,2015,still_dependent,0.0,2061
Uncapped,2028,China,EB-4,2015,saved,0.0,2061
Uncapped,2028,China,EB-4,2015,aged_out,53.65853658536585,2061
Uncapped,2028,China,EB-4,2015,exited,46.34146341463415,2061
Uncapped,2028,China,EB-4,2015,still_dependent,0.0,2061
Uncapped,2028,China,EB-5,2015,saved,96.89320388349515,2061
Uncapped,2028,China,EB-5,2015,aged_out,0.0,2061
Uncapped,2028,China,EB-5,2015,exited,3.1067961165048543,2061
Uncapped,2028,China,EB-5,2015,still_dependent,0.0,2061
Uncapped,2028,India,EB-1,2015,saved,97.12291093716945,2061
Uncapped,2028,India,EB-1,2015,aged_out,0.06346519991537973,2061
Uncapped,2028,India,EB-1,2015,exited,2.813623862915168,2061
Uncapped,2028,India,EB-1,2015,still_dependent,0.0,2061
Uncapped,2028,India,EB-2,2015,saved,9.58053970188951,2061
Uncapped,2028,India,EB-2,2015,aged_out,61.60580705934505,2061
Uncapped,2028,India,EB-2,2015,exited,28.813653238765447,2061
Uncapped,2028,India,EB-2,2015,still_dependent,0.0,2061
Uncapped,2028,India,EB-3,2015,saved,64.9353448275862,2061
Uncapped,2028,India,EB-3,2015,aged_out,10.280172413793103,2061
Uncapped,2028,India,EB-3,2015,exited,24.78448275862069,2061
Uncapped,2028,India,EB-3,2015,still_dependent,0.0,2061
Uncapped,2028,India,EB-4,2015,saved,0.0,2061
Uncapped,2028,India,EB-4,2015,aged_out,49.84358706986444,2061
Uncapped,2028,India,EB-4,2015,exited,50.15641293013556,2061
Uncapped,2028,India,EB-4,2015,still_dependent,0.0,2061
Uncapped,2028,India,EB-5,2015,saved,96.3013698630137,2061
Uncapped,2028,India,EB-5,2015,aged_out,1.2328767123287672,2061
Uncapped,2028,India,EB-5,2015,exited,2.4657534246575343,2061
Uncapped,2028,India,EB-5,2015,still_dependent,0.0,2061
Uncapped,2028,ROW,EB-1,2015,saved,96.17639872953823,2061
Uncapped,2028,ROW,EB-1,2015,aged_out,0.20767163449792328,2061
Uncapped,2028,ROW,EB-1,2015,exited,3.6159296359638406,2061
Uncapped,2028,ROW,EB-1,2015,still_dependent,0.0,2061
Uncapped,2028,ROW,EB-2,2015,saved,4.232720355104629,2061
Uncapped,2028,ROW,EB-2,2015,aged_out,56.34115409004439,2061
Uncapped,2028,ROW,EB-2,2015,exited,39.426125554850984,2061
Uncapped,2028,ROW,EB-2,2015,still_dependent,0.0,2061
Uncapped,2028,ROW,EB-3,2015,saved,42.900584795321635,2061
Uncapped,2028,ROW,EB-3,2015,aged_out,21.11111111111111,2061
Uncapped,2028,ROW,EB-3,2015,exited,35.98830409356725,2061
Uncapped,2028,ROW,EB-3,2015,still_dependent,0.0,2061
Uncapped,2028,ROW,EB-4,2015,saved,0.0,2061
Uncapped,2028,ROW,EB-4,2015,aged_out,43.22400432510362,2061
Uncapped,2028,ROW,EB-4,2015,exited,56.77599567489638,2061
Uncapped,2028,ROW,EB-4,2015,still_dependent,0.0,2061
Uncapped,2028,ROW,EB-5,2015,saved,95.47892720306514,2061
Uncapped,2028,ROW,EB-5,2015,aged_out,0.7662835249042146,2061
Uncapped,2028,ROW,EB-5,2015,exited,3.7547892720306515,2061
Uncapped,2028,ROW,EB-5,2015,still_dependent,0.0,2061
Uncapped,2029,China,EB-1,2015,saved,96.60415610745058,2061
Uncapped,2029,China,EB-1,2015,aged_out,0.0,2061
Uncapped,2029,China,EB-1,2015,exited,3.395843892549417,2061
Uncapped,2029,China,EB-1,2015,still_dependent,0.0,2061
Uncapped,2029,China,EB-2,2015,saved,4.487179487179487,2061
Uncapped,2029,China,EB-2,2015,aged_out,61.979166666666664,2061
Uncapped,2029,China,EB-2,2015,exited,33.53365384615385,2061
Uncapped,2029,China,EB-2,2015,still_dependent,0.0,2061
Uncapped,2029,China,EB-3,2015,saved,42.762339278307756,2061
Uncapped,2029,China,EB-3,2015,aged_out,21.401907922024055,2061
Uncapped,2029,China,EB-3,2015,exited,35.835752799668185,2061
Uncapped,2029,China,EB-3,2015,still_dependent,0.0,2061
Uncapped,2029,China,EB-4,2015,saved,0.0,2061
Uncapped,2029,China,EB-4,2015,aged_out,57.971014492753625,2061
Uncapped,2029,China,EB-4,2015,exited,42.028985507246375,2061
Uncapped,2029,China,EB-4,2015,still_dependent,0.0,2061
Uncapped,2029,China,EB-5,2015,saved,96.2671905697446,2061
Uncapped,2029,China,EB-5,2015,aged_out,0.0,2061
Uncapped,2029,China,EB-5,2015,exited,3.732809430255403,2061
Uncapped,2029,China,EB-5,2015,still_dependent,0.0,2061
Uncapped,2029,India,EB-1,2015,saved,97.94220665499124,2061
Uncapped,2029,India,EB-1,2015,aged_out,0.08756567425569177,2061
Uncapped,2029,India,EB-1,2015,exited,1.9702276707530648,2061
Uncapped,2029,India,EB-1,2015,still_dependent,0.0,2061
Uncapped,2029,India,EB-2,2015,saved,4.859681438942464,2061
Uncapped,2029,India,EB-2,2015,aged_out,66.19352042474807,2061
Uncapped,2029,India,EB-2,2015,exited,28.94679813630946,2061
Uncapped,2029,India,EB-2,2015,still_dependent,0.0,2061
Uncapped,2029,India,EB-3,2015,saved,63.27840787502675,2061
Uncapped,2029,India,EB-3,2015,aged_out,12.176332120693345,2061
Uncapped,2029,India,EB-3,2015,exited,24.545260004279907,2061
Uncapped,2029,India,EB-3,2015,still_dependent,0.0,2061
Uncapped,2029,India,EB-4,2015,saved,0.0,2061
Uncapped,2029,India,EB-4,2015,aged_out,51.64609053497942,2061
Uncapped,2029,India,EB-4,2015,exited,48.35390946502058,2061
Uncapped,2029,India,EB-4,2015,still_dependent,0.0,2061
Uncapped,2029,India,EB-5,2015,saved,94.91525423728814,2061
Uncapped,2029,India,EB-5,2015,aged_out,1.8489984591679507,2061
Uncapped,2029,India,EB-5,2015,exited,3.235747303543914,2061
Uncapped,2029,India,EB-5,2015,still_dependent,0.0,2061
Uncapped,2029,ROW,EB-1,2015,saved,95.94395280235989,2061
Uncapped,2029,ROW,EB-1,2015,aged_out,0.28269419862340217,2061
Uncapped,2029,ROW,EB-1,2015,exited,3.7733529990167156,2061
Uncapped,2029,ROW,EB-1,2015,still_dependent,0.0,2061
Uncapped,2029,ROW,EB-2,2015,saved,2.106326752681486,2061
Uncapped,2029,ROW,EB-2,2015,aged_out,56.94854655681642,2061
Uncapped,2029,ROW,EB-2,2015,exited,40.9451266905021,2061
Uncapped,2029,ROW,EB-2,2015,still_dependent,0.0,2061
Uncapped,2029,ROW,EB-3,2015,saved,40.58860650565085,2061
Uncapped,2029,ROW,EB-3,2015,aged_out,23.22299351729677,2061
Uncapped,2029,ROW,EB-3,2015,exited,36.18839997705238,2061
Uncapped,2029,ROW,EB-3,2015,still_dependent,0.0,2061
Uncapped,2029,ROW,EB-4,2015,saved,0.0,2061
Uncapped,2029,ROW,EB-4,2015,aged_out,43.837867445681944,2061
Uncapped,2029,ROW,EB-4,2015,exited,56.162132554318056,2061
Uncapped,2029,ROW,EB-4,2015,still_dependent,0.0,2061
Uncapped,2029,ROW,EB-5,2015,saved,91.38187221396731,2061
Uncapped,2029,ROW,EB-5,2015,aged_out,2.1545319465081723,2061
Uncapped,2029,ROW,EB-5,2015,exited,6.463595839524517,2061
Uncapped,2029,ROW,EB-5,2015,still_dependent,0.0,2061
Uncapped,2030,China,EB-1,2015,saved,96.19928094504365,2061
Uncapped,2030,China,EB-1,2015,aged_out,0.0,2061
Uncapped,2030,China,EB-1,2015,exited,3.800719054956343,2061
Uncapped,2030,China,EB-1,2015,still_dependent,0.0,2061
Uncapped,2030,China,EB-2,2015,saved,1.4901329037454691,2061
Uncapped,2030,China,EB-2,2015,aged_out,63.954893274265004,2061
Uncapped,2030,China,EB-2,2015,exited,34.55497382198953,2061
Uncapped,2030,China,EB-2,2015,still_dependent,0.0,2061
Uncapped,2030,China,EB-3,2015,saved,37.70564695420187,2061
Uncapped,2030,China,EB-3,2015,aged_out,23.34370831480658,2061
Uncapped,2030,China,EB-3,2015,exited,38.95064473099155,2061
Uncapped,2030,China,EB-3,2015,still_dependent,0.0,2061
Uncapped,2030,China,EB-4,2015,saved,0.0,2061
Uncapped,2030,China,EB-4,2015,aged_out,48.648648648648646,2061
Uncapped,2030,China,EB-4,2015,exited,51.351351351351354,2061
Uncapped,2030,China,EB-4,2015,still_dependent,0.0,2061
Uncapped,2030,China,EB-5,2015,saved,96.47209749839641,2061
Uncapped,2030,China,EB-5,2015,aged_out,0.0,2061
Uncapped,2030,China,EB-5,2015,exited,3.527902501603592,2061
Uncapped,2030,China,EB-5,2015,still_dependent,0.0,2061
Uncapped,2030,India,EB-1,2015,saved,96.77829588808817,2061
Uncapped,2030,India,EB-1,2015,aged_out,0.1695633743111488,2061
Uncapped,2030,India,EB-1,2015,exited,3.0521407376006784,2061
Uncapped,2030,India,EB-1,2015,still_dependent,0.0,2061
Uncapped,2030,India,EB-2,2015,saved,2.240236621569809,2061
Uncapped,2030,India,EB-2,2015,aged_out,68.11633893848935,2061
Uncapped,2030,India,EB-2,2015,exited,29.643424439940844,2061
Uncapped,2030,India,EB-2,2015,still_dependent,0.0,2061
Uncapped,2030,India,EB-3,2015,saved,60.91101694915254,2061
Uncapped,2030,India,EB-3,2015,aged_out,14.830508474576272,2061
Uncapped,2030,India,EB-3,2015,exited,24.258474576271187,2061
Uncapped,2030,India,EB-3,2015,still_dependent,0.0,2061
Uncapped,2030,India,EB-4,2015,saved,0.0,2061
Uncapped,2030,India,EB-4,2015,aged_out,50.22222222222222,2061
Uncapped,2030,India,EB-4,2015,exited,49.77777777777778,2061
Uncapped,2030,India,EB-4,2015,still_dependent,0.0,2061
Uncapped,2030,India,EB-5,2015,saved,95.72039942938659,2061
Uncapped,2030,India,EB-5,2015,aged_out,1.2838801711840229,2061
Uncapped,2030,India,EB-5,2015,exited,2.9957203994293864,2061
Uncapped,2030,India,EB-5,2015,still_dependent,0.0,2061
Uncapped,2030,ROW,EB-1,2015,saved,95.06815365551425,2061
Uncapped,2030,ROW,EB-1,2015,aged_out,0.38413878562577447,2061
Uncapped,2030,ROW,EB-1,2015,exited,4.547707558859975,2061
Uncapped,2030,ROW,EB-1,2015,still_dependent,0.0,2061
Uncapped,2030,ROW,EB-2,2015,saved,1.0395169303676526,2061
Uncapped,2030,ROW,EB-2,2015,aged_out,58.93143774363678,2061
Uncapped,2030,ROW,EB-2,2015,exited,40.02904532599557,2061
Uncapped,2030,ROW,EB-2,2015,still_dependent,0.0,2061
Uncapped,2030,ROW,EB-3,2015,saved,38.08604038630377,2061
Uncapped,2030,ROW,EB-3,2015,aged_out,24.489318115305824,2061
Uncapped,2030,ROW,EB-3,2015,exited,37.4246414983904,2061
Uncapped,2030,ROW,EB-3,2015,still_dependent,0.0,2061
Uncapped,2030,ROW,EB-4,2015,saved,0.0,2061
Uncapped,2030,ROW,EB-4,2015,aged_out,44.18771914051965,2061
Uncapped,2030,ROW,EB-4,2015,exited,55.81228085948035,2061
Uncapped,2030,ROW,EB-4,2015,still_dependent,0.0,2061
Uncapped,2030,ROW,EB-5,2015,saved,93.31184528605964,2061
Uncapped,2030,ROW,EB-5,2015,aged_out,1.7727639000805802,2061
Uncapped,2030,ROW,EB-5,2015,exited,4.915390813859791,2061
Uncapped,2030,ROW,EB-5,2015,still_dependent,0.0,2061
Uncapped,2031,China,EB-1,2015,saved,94.82758620689656,2061
Uncapped,2031,China,EB-1,2015,aged_out,0.0,2061
Uncapped,2031,China,EB-1,2015,exited,5.172413793103448,2061
Uncapped,2031,China,EB-1,2015,still_dependent,0.0,2061
Uncapped,2031,China,EB-2,2015,saved,0.15804030027657054,2061
Uncapped,2031,China,EB-2,2015,aged_out,66.96957724219676,2061
Uncapped,2031,China,EB-2,2015,exited,32.87238245752667,2061
Uncapped,2031,China,EB-2,2015,still_dependent,0.0,2061
Uncapped,2031,China,EB-3,2015,saved,38.39516824849008,2061
Uncapped,2031,China,EB-3,2015,aged_out,24.67644521138913,2061
Uncapped,2031,China,EB-3,2015,exited,36.92838654012079,2061
Uncapped,2031,China,EB-3,2015,still_dependent,0.0,2061
Uncapped,2031,China,EB-4,2015,saved,0.0,2061
Uncapped,2031,China,EB-4,2015,aged_out,51.06382978723404,2061
Uncapped,2031,China,EB-4,2015,exited,48.93617021276596,2061
Uncapped,2031,China,EB-4,2015,still_dependent,0.0,2061
Uncapped,2031,China,EB-5,2015,saved,95.43773119605426,2061
Uncapped,2031,China,EB-5,2015,aged_out,0.0,2061
Uncapped,2031,China,EB-5,2015,exited,4.562268803945746,2061
Uncapped,2031,China,EB-5,2015,still_dependent,0.0,2061
Uncapped,2031,India,EB-1,2015,saved,96.4548205793342,2061
Uncapped,2031,India,EB-1,2015,aged_out,0.23778642455685256,2061
Uncapped,2031,India,EB-1,2015,exited,3.307392996108949,2061
Uncapped,2031,India,EB-1,2015,still_dependent,0.0,2061
Uncapped,2031,India,EB-2,2015,saved,0.2723459883435917,2061
Uncapped,2031,India,EB-2,2015,aged_out,69.6769976578245,2061
Uncapped,2031,India,EB-2,2015,exited,30.050656353831908,2061
Uncapped,2031,India,EB-2,2015,still_dependent,0.0,2061
Uncapped,2031,India,EB-3,2015,saved,59.17450812660393,2061
Uncapped,2031,India,EB-3,2015,aged_out,15.804106073567151,2061
Uncapped,2031,India,EB-3,2015,exited,25.021385799828913,2061
Uncapped,2031,India,EB-3,2015,still_dependent,0.0,2061
Uncapped,2031,India,EB-4,2015,saved,0.0,2061
Uncapped,2031,India,EB-4,2015,aged_out,52.826510721247566,2061
Uncapped,2031,India,EB-4,2015,exited,47.173489278752434,2061
Uncapped,2031,India,EB-4,2015,still_dependent,0.0,2061
Uncapped,2031,India,EB-5,2015,saved,94.23347398030943,2061
Uncapped,2031,India,EB-5,2015,aged_out,1.6877637130801688,2061
Uncapped,2031,India,EB-5,2015,exited,4.0787623066104075,2061
Uncapped,2031,India,EB-5,2015,still_dependent,0.0,2061
Uncapped,2031,ROW,EB-1,2015,saved,94.69263542300669,2061
Uncapped,2031,ROW,EB-1,2015,aged_out,0.47474132684114423,2061
Uncapped,2031,ROW,EB-1,2015,exited,4.832623250152161,2061
Uncapped,2031,ROW,EB-1,2015,still_dependent,0.0,2061
Uncapped,2031,ROW,EB-2,2015,saved,0.19198279834126863,2061
Uncapped,2031,ROW,EB-2,2015,aged_out,59.46091230225772,2061
Uncapped,2031,ROW,EB-2,2015,exited,40.34710489940101,2061
Uncapped,2031,ROW,EB-2,2015,still_dependent,0.0,2061
Uncapped,2031,ROW,EB-3,2015,saved,36.474340388518414,2061
Uncapped,2031,ROW,EB-3,2015,aged_out,26.082922586256885,2061
Uncapped,2031,ROW,EB-3,2015,exited,37.4427370252247,2061
Uncapped,2031,ROW,EB-3,2015,still_dependent,0.0,2061
Uncapped,2031,ROW,EB-4,2015,saved,0.0,2061
Uncapped,2031,ROW,EB-4,2015,aged_out,42.819006940736784,2061
Uncapped,2031,ROW,EB-4,2015,exited,57.180993059263216,2061
Uncapped,2031,ROW,EB-4,2015,still_dependent,0.0,2061
Uncapped,2031,ROW,EB-5,2015,saved,93.75,2061
Uncapped,2031,ROW,EB-5,2015,aged_out,1.4240506329113924,2061
Uncapped,2031,ROW,EB-5,2015,exited,4.825949367088608,2061
Uncapped,2031,ROW,EB-5,2015,still_dependent,0.0,2061
Uncapped,2032,China,EB-1,2015,saved,95.26091586794462,2061
Uncapped,2032,China,EB-1,2015,aged_out,0.0,2061
Uncapped,2032,China,EB-1,2015,exited,4.739084132055378,2061
Uncapped,2032,China,EB-1,2015,still_dependent,0.0,2061
Uncapped,2032,China,EB-2,2015,saved,0.0,2061
Uncapped,2032,China,EB-2,2015,aged_out,66.61417322834646,2061
Uncapped,2032,China,EB-2,2015,exited,33.38582677165354,2061
Uncapped,2032,China,EB-2,2015,still_dependent,0.0,2061
Uncapped,2032,China,EB-3,2015,saved,36.937716262975776,2061
Uncapped,2032,China,EB-3,2015,aged_out,25.60553633217993,2061
Uncapped,2032,China,EB-3,2015,exited,37.45674740484429,2061
Uncapped,2032,China,EB-3,2015,still_dependent,0.0,2061
Uncapped,2032,China,EB-4,2015,saved,0.0,2061
Uncapped,2032,China,EB-4,2015,aged_out,39.21568627450981,2061
Uncapped,2032,China,EB-4,2015,exited,60.78431372549019,2061
Uncapped,2032,China,EB-4,2015,still_dependent,0.0,2061
Uncapped,2032,China,EB-5,2015,saved,95.48429319371728,2061
Uncapped,2032,China,EB-5,2015,aged_out,0.0,2061
Uncapped,2032,China,EB-5,2015,exited,4.515706806282722,2061
Uncapped,2032,China,EB-5,2015,still_dependent,0.0,2061
Uncapped,2032,India,EB-1,2015,saved,96.04569420035149,2061
Uncapped,2032,India,EB-1,2015,aged_out,0.3295254833040422,2061
Uncapped,2032,India,EB-1,2015,exited,3.624780316344464,2061
Uncapped,2032,India,EB-1,2015,still_dependent,0.0,2061
Uncapped,2032,India,EB-2,2015,saved,0.0,2061
Uncapped,2032,India,EB-2,2015,aged_out,70.24893080381621,2061
Uncapped,2032,India,EB-2,2015,exited,29.751069196183792,2061
Uncapped,2032,India,EB-2,2015,still_dependent,0.0,2061
Uncapped,2032,India,EB-3,2015,saved,55.89058798190825,2061
Uncapped,2032,India,EB-3,2015,aged_out,17.25177686840405,2061
Uncapped,2032,India,EB-3,2015,exited,26.857635149687702,2061
Uncapped,2032,India,EB-3,2015,still_dependent,0.0,2061
Uncapped,2032,India,EB-4,2015,saved,0.0,2061
Uncapped,2032,India,EB-4,2015,aged_out,46.026490066225165,2061
Uncapped,2032,India,EB-4,2015,exited,53.973509933774835,2061
Uncapped,2032,India,EB-4,2015,still_dependent,0.0,2061
Uncapped,2032,India,EB-5,2015,saved,94.26573426573427,2061
Uncapped,2032,India,EB-5,2015,aged_out,1.6783216783216783,2061
Uncapped,2032,India,EB-5,2015,exited,4.055944055944056,2061
Uncapped,2032,India,EB-5,2015,still_dependent,0.0,2061
Uncapped,2032,ROW,EB-1,2015,saved,94.0803897685749,2061
Uncapped,2032,ROW,EB-1,2015,aged_out,0.4993909866017052,2061
Uncapped,2032,ROW,EB-1,2015,exited,5.420219244823386,2061
Uncapped,2032,ROW,EB-1,2015,still_dependent,0.0,2061
Uncapped,2032,ROW,EB-2,2015,saved,0.0,2061
Uncapped,2032,ROW,EB-2,2015,aged_out,59.52288445100629,2061
Uncapped,2032,ROW,EB-2,2015,exited,40.47711554899371,2061
Uncapped,2032,ROW,EB-2,2015,still_dependent,0.0,2061
Uncapped,2032,ROW,EB-3,2015,saved,34.94088182188829,2061
Uncapped,2032,ROW,EB-3,2015,aged_out,26.833245966567652,2061
Uncapped,2032,ROW,EB-3,2015,exited,38.225872211544065,2061
Uncapped,2032,ROW,EB-3,2015,still_dependent,0.0,2061
Uncapped,2032,ROW,EB-4,2015,saved,0.0,2061
Uncapped,2032,ROW,EB-4,2015,aged_out,44.681232091690546,2061
Uncapped,2032,ROW,EB-4,2015,exited,55.318767908309454,2061
Uncapped,2032,ROW,EB-4,2015,still_dependent,0.0,2061
Uncapped,2032,ROW,EB-5,2015,saved,94.33534743202416,2061
Uncapped,2032,ROW,EB-5,2015,aged_out,1.8126888217522659,2061
Uncapped,2032,ROW,EB-5,2015,exited,3.8519637462235647,2061
Uncapped,2032,ROW,EB-5,2015,still_dependent,0.0,2061
Uncapped,2033,China,EB-1,2015,saved,94.37600428494912,2061
Uncapped,2033,China,EB-1,2015,aged_out,0.05356186395286556,2061
Uncapped,2033,China,EB-1,2015,exited,5.570433851098018,2061
Uncapped,2033,China,EB-1,2015,still_dependent,0.0,2061
Uncapped,2033,China,EB-2,2015,saved,0.0,2061
Uncapped,2033,China,EB-2,2015,aged_out,67.69977595220314,2061
Uncapped,2033,China,EB-2,2015,exited,32.30022404779686,2061
Uncapped,2033,China,EB-2,2015,still_dependent,0.0,2061
Uncapped,2033,China,EB-3,2015,saved,32.59521700620018,2061
Uncapped,2033,China,EB-3,2015,aged_out,28.210806023029228,2061
Uncapped,2033,China,EB-3,2015,exited,39.19397697077059,2061
Uncapped,2033,China,EB-3,2015,still_dependent,0.0,2061
Uncapped,2033,China,EB-4,2015,saved,0.0,2061
Uncapped,2033,China,EB-4,2015,aged_out,48.57142857142857,2061
Uncapped,2033,China,EB-4,2015,exited,51.42857142857143,2061
Uncapped,2033,China,EB-4,2015,still_dependent,0.0,2061
Uncapped,2033,China,EB-5,2015,saved,96.40757674722404,2061
Uncapped,2033,China,EB-5,2015,aged_out,0.0,2061
Uncapped,2033,China,EB-5,2015,exited,3.5924232527759634,2061
Uncapped,2033,China,EB-5,2015,still_dependent,0.0,2061
Uncapped,2033,India,EB-1,2015,saved,95.60647466890897,2061
Uncapped,2033,India,EB-1,2015,aged_out,0.5045196552449023,2061
Uncapped,2033,India,EB-1,2015,exited,3.8890056758461213,2061
Uncapped,2033,India,EB-1,2015,still_dependent,0.0,2061
Uncapped,2033,India,EB-2,2015,saved,0.0,2061
Uncapped,2033,India,EB-2,2015,aged_out,70.43416056787542,2061
Uncapped,2033,India,EB-2,2015,exited,29.56583943212458,2061
Uncapped,2033,India,EB-2,2015,still_dependent,0.0,2061
Uncapped,2033,India,EB-3,2015,saved,53.46703648389162,2061
Uncapped,2033,India,EB-3,2015,aged_out,19.88478771068914,2061
Uncapped,2033,India,EB-3,2015,exited,26.648175805419246,2061
Uncapped,2033,India,EB-3,2015,still_dependent,0.0,2061
Uncapped,2033,India,EB-4,2015,saved,0.0,2061
Uncapped,2033,India,EB-4,2015,aged_out,49.89247311827957,2061
Uncapped,2033,India,EB-4,2015,exited,50.10752688172043,2061
Uncapped,2033,India,EB-4,2015,still_dependent,0.0,2061
Uncapped,2033,India,EB-5,2015,saved,94.94219653179191,2061
Uncapped,2033,India,EB-5,2015,aged_out,1.0115606936416186,2061
Uncapped,2033,India,EB-5,2015,exited,4.046242774566474,2061
Uncapped,2033,India,EB-5,2015,still_dependent,0.0,2061
Uncapped,2033,ROW,EB-1,2015,saved,94.47688564476886,2061
Uncapped,2033,ROW,EB-1,2015,aged_out,0.583941605839416,2061
Uncapped,2033,ROW,EB-1,2015,exited,4.9391727493917275,2061
Uncapped,2033,ROW,EB-1,2015,still_dependent,0.0,2061
Uncapped,2033,ROW,EB-2,2015,saved,0.0,2061
Uncapped,2033,ROW,EB-2,2015,aged_out,59.275843433953526,2061
Uncapped,2033,ROW,EB-2,2015,exited,40.724156566046474,2061
Uncapped,2033,ROW,EB-2,2015,still_dependent,0.0,2061
Uncapped,2033,ROW,EB-3,2015,saved,32.06896551724138,2061
Uncapped,2033,ROW,EB-3,2015,aged_out,28.15897136177674,2061
Uncapped,2033,ROW,EB-3,2015,exited,39.77206312098188,2061
Uncapped,2033,ROW,EB-3,2015,still_dependent,0.0,2061
Uncapped,2033,ROW,EB-4,2015,saved,0.0,2061
Uncapped,2033,ROW,EB-4,2015,aged_out,43.22166131252868,2061
Uncapped,2033,ROW,EB-4,2015,exited,56.77833868747132,2061
Uncapped,2033,ROW,EB-4,2015,still_dependent,0.0,2061
Uncapped,2033,ROW,EB-5,2015,saved,93.49890430971512,2061
Uncapped,2033,ROW,EB-5,2015,aged_out,1.7531044558071585,2061
Uncapped,2033,ROW,EB-5,2015,exited,4.747991234477721,2061
Uncapped,2033,ROW,EB-5,2015,still_dependent,0.0,2061
Uncapped,2034,China,EB-1,2015,saved,93.97781299524564,2061
Uncapped,2034,China,EB-1,2015,aged_out,0.05282620179609086,2061
Uncapped,2034,China,EB-1,2015,exited,5.969360802958267,2061
Uncapped,2034,China,EB-1,2015,still_dependent,0.0,2061
Uncapped,2034,China,EB-2,2015,saved,0.0,2061
Uncapped,2034,China,EB-2,2015,aged_out,65.84,2061
Uncapped,2034,China,EB-2,2015,exited,34.16,2061
Uncapped,2034,China,EB-2,2015,still_dependent,0.0,2061
Uncapped,2034,China,EB-3,2015,saved,33.97548161120841,2061
Uncapped,2034,China,EB-3,2015,aged_out,30.385288966725042,2061
Uncapped,2034,China,EB-3,2015,exited,35.63922942206655,2061
Uncapped,2034,China,EB-3,2015,still_dependent,0.0,2061
Uncapped,2034,China,EB-4,2015,saved,0.0,2061
Uncapped,2034,China,EB-4,2015,aged_out,28.571428571428573,2061
Uncapped,2034,China,EB-4,2015,exited,71.42857142857143,2061
Uncapped,2034,China,EB-4,2015,still_dependent,0.0,2061
Uncapped,2034,China,EB-5,2015,saved,95.54140127388536,2061
Uncapped,2034,China,EB-5,2015,aged_out,0.0,2061
Uncapped,2034,China,EB-5,2015,exited,4.45859872611465,2061
Uncapped,2034,China,EB-5,2015,still_dependent,0.0,2061
Uncapped,2034,India,EB-1,2015,saved,94.94440948185442,2061
Uncapped,2034,India,EB-1,2015,aged_out,0.4824837423956367,2061
Uncapped,2034,India,EB-1,2015,exited,4.573106775749948,2061
Uncapped,2034,India,EB-1,2015,still_dependent,0.0,2061
Uncapped,2034,India,EB-2,2015,saved,0.0,2061
Uncapped,2034,India,EB-2,2015,aged_out,70.43704587354951,2061
Uncapped,2034,India,EB-2,2015,exited,29.562954126450492,2061
Uncapped,2034,India,EB-2,2015,still_dependent,0.0,2061
Uncapped,2034,India,EB-3,2015,saved,52.26229508196721,2061
Uncapped,2034,India,EB-3,2015,aged_out,20.459016393442624,2061
Uncapped,2034,India,EB-3,2015,exited,27.278688524590162,2061
Uncapped,2034,India,EB-3,2015,still_dependent,0.0,2061
Uncapped,2034,India,EB-4,2015,saved,0.0,2061
Uncapped,2034,India,EB-4,2015,aged_out,52.436440677966104,2061
Uncapped,2034,India,EB-4,2015,exited,47.563559322033896,2061
Uncapped,2034,India,EB-4,2015,still_dependent,0.0,2061
Uncapped,2034,India,EB-5,2015,saved,94.74452554744525,2061
Uncapped,2034,India,EB-5,2015,aged_out,2.4817518248175183,2061
Uncapped,2034,India,EB-5,2015,exited,2.7737226277372264,2061
Uncapped,2034,India,EB-5,2015,still_dependent,0.0,2061
Uncapped,2034,ROW,EB-1,2015,saved,92.57696127110228,2061
Uncapped,2034,ROW,EB-1,2015,aged_out,1.0923535253227408,2061
Uncapped,2034,ROW,EB-1,2015,exited,6.330685203574975,2061
Uncapped,2034,ROW,EB-1,2015,still_dependent,0.0,2061
Uncapped,2034,ROW,EB-2,2015,saved,0.0,2061
Uncapped,2034,ROW,EB-2,2015,aged_out,59.05661815133735,2061
Uncapped,2034,ROW,EB-2,2015,exited,40.94338184866265,2061
Uncapped,2034,ROW,EB-2,2015,still_dependent,0.0,2061
Uncapped,2034,ROW,EB-3,2015,saved,30.9537673226971,2061
Uncapped,2034,ROW,EB-3,2015,aged_out,29.795039012460695,2061
Uncapped,2034,ROW,EB-3,2015,exited,39.251193664842205,2061
Uncapped,2034,ROW,EB-3,2015,still_dependent,0.0,2061
Uncapped,2034,ROW,EB-4,2015,saved,0.0,2061
Uncapped,2034,ROW,EB-4,2015,aged_out,44.531814895155456,2061
Uncapped,2034,ROW,EB-4,2015,exited,55.468185104844544,2061
Uncapped,2034,ROW,EB-4,2015,still_dependent,0.0,2061
Uncapped,2034,ROW,EB-5,2015,saved,92.12121212121212,2061
Uncapped,2034,ROW,EB-5,2015,aged_out,1.9696969696969697,2061
Uncapped,2034,ROW,EB-5,2015,exited,5.909090909090909,2061
Uncapped,2034,ROW,EB-5,2015,still_dependent,0.0,2061
Uncapped,2035,China,EB-1,2015,saved,92.03771608171817,2061
Uncapped,2035,China,EB-1,2015,aged_out,0.26191723415400736,2061
Uncapped,2035,China,EB-1,2015,exited,7.7003666841278156,2061
Uncapped,2035,China,EB-1,2015,still_dependent,0.0,2061
Uncapped,2035,China,EB-2,2015,saved,0.0,2061
Uncapped,2035,China,EB-2,2015,aged_out,65.40413900819992,2061
Uncapped,2035,China,EB-2,2015,exited,34.59586099180008,2061
Uncapped,2035,China,EB-2,2015,still_dependent,0.0,2061
Uncapped,2035,China,EB-3,2015,saved,29.697486152535152,2061
Uncapped,2035,China,EB-3,2015,aged_out,32.38176395398381,2061
Uncapped,2035,China,EB-3,2015,exited,37.92074989348104,2061
Uncapped,2035,China,EB-3,2015,still_dependent,0.0,2061
Uncapped,2035,China,EB-4,2015,saved,0.0,2061
Uncapped,2035,China,EB-4,2015,aged_out,41.37931034482759,2061
Uncapped,2035,China,EB-4,2015,exited,58.62068965517241,2061
Uncapped,2035,China,EB-4,2015,still_dependent,0.0,2061
Uncapped,2035,China,EB-5,2015,saved,95.84664536741214,2061
Uncapped,2035,China,EB-5,2015,aged_out,0.0,2061
Uncapped,2035,China,EB-5,2015,exited,4.15335463258786,2061
Uncapped,2035,China,EB-5,2015,still_dependent,0.0,2061
Uncapped,2035,India,EB-1,2015,saved,94.41292012221737,2061
Uncapped,2035,India,EB-1,2015,aged_out,0.6110868616324749,2061
Uncapped,2035,India,EB-1,2015,exited,4.975993016150153,2061
Uncapped,2035,India,EB-1,2015,still_dependent,0.0,2061
Uncapped,2035,India,EB-2,2015,saved,0.0,2061
Uncapped,2035,India,EB-2,2015,aged_out,69.5980985306828,2061
Uncapped,2035,India,EB-2,2015,exited,30.4019014693172,2061
Uncapped,2035,India,EB-2,2015,still_dependent,0.0,2061
Uncapped,2035,India,EB-3,2015,saved,50.27466490881125,2061
Uncapped,2035,India,EB-3,2015,aged_out,22.03911228301472,2061
Uncapped,2035,India,EB-3,2015,exited,27.686222808174026,2061
Uncapped,2035,India,EB-3,2015,still_dependent,0.0,2061
Uncapped,2035,India,EB-4,2015,saved,0.0,2061
Uncapped,2035,India,EB-4,2015,aged_out,50.98468271334792,2061
Uncapped,2035,India,EB-4,2015,exited,49.01531728665208,2061
Uncapped,2035,India,EB-4,2015,still_dependent,0.0,2061
Uncapped,2035,India,EB-5,2015,saved,93.99141630901288,2061
Uncapped,2035,India,EB-5,2015,aged_out,2.0028612303290414,2061
Uncapped,2035,India,EB-5,2015,exited,4.005722460658083,2061
Uncapped,2035,India,EB-5,2015,still_dependent,0.0,2061
Uncapped,2035,ROW,EB-1,2015,saved,92.75271773085093,2061
Uncapped,2035,ROW,EB-1,2015,aged_out,1.0621017118580531,2061
Uncapped,2035,ROW,EB-1,2015,exited,6.185180557291016,2061
Uncapped,2035,ROW,EB-1,2015,still_dependent,0.0,2061
Uncapped,2035,ROW,EB-2,2015,saved,0.0,2061
Uncapped,2035,ROW,EB-2,2015,aged_out,59.264208788617246,2061
Uncapped,2035,ROW,EB-2,2015,exited,40.735791211382754,2061
Uncapped,2035,ROW,EB-2,2015,still_dependent,0.0,2061
Uncapped,2035,ROW,EB-3,2015,saved,28.599514282410084,2061
Uncapped,2035,ROW,EB-3,2015,aged_out,30.733202266682085,2061
Uncapped,2035,ROW,EB-3,2015,exited,40.66728345090783,2061
Uncapped,2035,ROW,EB-3,2015,still_dependent,0.0,2061
Uncapped,2035,ROW,EB-4,2015,saved,0.0,2061
Uncapped,2035,ROW,EB-4,2015,aged_out,42.95093603052081,2061
Uncapped,2035,ROW,EB-4,2015,exited,57.04906396947919,2061
Uncapped,2035,ROW,EB-4,2015,still_dependent,0.0,2061
Uncapped,2035,ROW,EB-5,2015,saved,90.390625,2061
Uncapped,2035,ROW,EB-5,2015,aged_out,2.734375,2061
Uncapped,2035,ROW,EB-5,2015,exited,6.875,2061
Uncapped,2035,ROW,EB-5,2015,still_dependent,0.0,2061
Uncapped,2036,China,EB-1,2015,saved,92.56286784376672,2061
Uncapped,2036,China,EB-1,2015,aged_out,0.48154093097913325,2061
Uncapped,2036,China,EB-1,2015,exited,6.955591225254147,2061
Uncapped,2036,China,EB-1,2015,still_dependent,0.0,2061
Uncapped,2036,China,EB-2,2015,saved,0.0,2061
Uncapped,2036,China,EB-2,2015,aged_out,68.7378640776699,2061
Uncapped,2036,China,EB-2,2015,exited,31.262135922330096,2061
Uncapped,2036,China,EB-2,2015,still_dependent,0.0,2061
Uncapped,2036,China,EB-3,2015,saved,29.538721963605585,2061
Uncapped,2036,China,EB-3,2015,aged_out,30.765975454930174,2061
Uncapped,2036,China,EB-3,2015,exited,39.69530258146424,2061
Uncapped,2036,China,EB-3,2015,still_dependent,0.0,2061
Uncapped,2036,China,EB-4,2015,saved,0.0,2061
Uncapped,2036,China,EB-4,2015,aged_out,40.90909090909091,2061
Uncapped,2036,China,EB-4,2015,exited,59.09090909090909,2061
Uncapped,2036,China,EB-4,2015,still_dependent,0.0,2061
Uncapped,2036,China,EB-5,2015,saved,95.4428754813864,2061
Uncapped,2036,China,EB-5,2015,aged_out,0.0,2061
Uncapped,2036,China,EB-5,2015,exited,4.557124518613607,2061
Uncapped,2036,China,EB-5,2015,still_dependent,0.0,2061
Uncapped,2036,India,EB-1,2015,saved,95.40008557980316,2061
Uncapped,2036,India,EB-1,2015,aged_out,0.599058622165169,2061
Uncapped,2036,India,EB-1,2015,exited,4.000855798031664,2061
Uncapped,2036,India,EB-1,2015,still_dependent,0.0,2061
Uncapped,2036,India,EB-2,2015,saved,0.0,2061
Uncapped,2036,India,EB-2,2015,aged_out,69.87158559146806,2061
Uncapped,2036,India,EB-2,2015,exited,30.128414408531942,2061
Uncapped,2036,India,EB-2,2015,still_dependent,0.0,2061
Uncapped,2036,India,EB-3,2015,saved,47.03773982711364,2061
Uncapped,2036,India,EB-3,2015,aged_out,23.908918406072107,2061
Uncapped,2036,India,EB-3,2015,exited,29.053341766814253,2061
Uncapped,2036,India,EB-3,2015,still_dependent,0.0,2061
Uncapped,2036,India,EB-4,2015,saved,0.0,2061
Uncapped,2036,India,EB-4,2015,aged_out,49.15433403805497,2061
Uncapped,2036,India,EB-4,2015,exited,50.84566596194503,2061
Uncapped,2036,India,EB-4,2015,still_dependent,0.0,2061
Uncapped,2036,India,EB-5,2015,saved,94.48373408769449,2061
Uncapped,2036,India,EB-5,2015,aged_out,2.9702970297029703,2061
Uncapped,2036,India,EB-5,2015,exited,2.545968882602546,2061
Uncapped,2036,India,EB-5,2015,still_dependent,0.0,2061
Uncapped,2036,ROW,EB-1,2015,saved,91.38187221396731,2061
Uncapped,2036,ROW,EB-1,2015,aged_out,1.2753838533927686,2061
Uncapped,2036,ROW,EB-1,2015,exited,7.34274393263992,2061
Uncapped,2036,ROW,EB-1,2015,still_dependent,0.0,2061
Uncapped,2036,ROW,EB-2,2015,saved,0.0,2061
Uncapped,2036,ROW,EB-2,2015,aged_out,58.87042189967662,2061
Uncapped,2036,ROW,EB-2,2015,exited,41.12957810032338,2061
Uncapped,2036,ROW,EB-2,2015,still_dependent,0.0,2061
Uncapped,2036,ROW,EB-3,2015,saved,27.691770457455476,2061
Uncapped,2036,ROW,EB-3,2015,aged_out,31.08485624490746,2061
Uncapped,2036,ROW,EB-3,2015,exited,41.22337329763706,2061
Uncapped,2036,ROW,EB-3,2015,still_dependent,0.0,2061
Uncapped,2036,ROW,EB-4,2015,saved,0.0,2061
Uncapped,2036,ROW,EB-4,2015,aged_out,44.8567825617006,2061
Uncapped,2036,ROW,EB-4,2015,exited,55.1432174382994,2061
Uncapped,2036,ROW,EB-4,2015,still_dependent,0.0,2061
Uncapped,2036,ROW,EB-5,2015,saved,92.06219312602292,2061
Uncapped,2036,ROW,EB-5,2015,aged_out,1.800327332242226,2061
Uncapped,2036,ROW,EB-5,2015,exited,6.137479541734861,2061
Uncapped,2036,ROW,EB-5,2015,still_dependent,0.0,2061
Uncapped,2037,China,EB-1,2015,saved,92.0704845814978,2061
Uncapped,2037,China,EB-1,2015,aged_out,0.4955947136563877,2061
Uncapped,2037,China,EB-1,2015,exited,7.433920704845815,2061
Uncapped,2037,China,EB-1,2015,still_dependent,0.0,2061
Uncapped,2037,China,EB-2,2015,saved,0.0,2061
Uncapped,2037,China,EB-2,2015,aged_out,65.85858585858585,2061
Uncapped,2037,China,EB-2,2015,exited,34.14141414141414,2061
Uncapped,2037,China,EB-2,2015,still_dependent,0.0,2061
Uncapped,2037,China,EB-3,2015,saved,28.70981946279172,2061
Uncapped,2037,China,EB-3,2015,aged_out,33.069132540730955,2061
Uncapped,2037,China,EB-3,2015,exited,38.221047996477324,2061
Uncapped,2037,China,EB-3,2015,still_dependent,0.0,2061
Uncapped,2037,China,EB-4,2015,saved,0.0,2061
Uncapped,2037,China,EB-4,2015,aged_out,36.8421052631579,2061
Uncapped,2037,China,EB-4,2015,exited,63.1578947368421,2061
Uncapped,2037,China,EB-4,2015,still_dependent,0.0,2061
Uncapped,2037,China,EB-5,2015,saved,95.7051282051282,2061
Uncapped,2037,China,EB-5,2015,aged_out,0.0,2061
Uncapped,2037,China,EB-5,2015,exited,4.294871794871795,2061
Uncapped,2037,China,EB-5,2015,still_dependent,0.0,2061
Uncapped,2037,India,EB-1,2015,saved,95.28080290412129,2061
Uncapped,2037,India,EB-1,2015,aged_out,0.7687379884689302,2061
Uncapped,2037,India,EB-1,2015,exited,3.95045910740978,2061
Uncapped,2037,India,EB-1,2015,still_dependent,0.0,2061
Uncapped,2037,India,EB-2,2015,saved,0.0,2061
Uncapped,2037,India,EB-2,2015,aged_out,70.44418821720748,2061
Uncapped,2037,India,EB-2,2015,exited,29.55581178279251,2061
Uncapped,2037,India,EB-2,2015,still_dependent,0.0,2061
Uncapped,2037,India,EB-3,2015,saved,47.11391853626661,2061
Uncapped,2037,India,EB-3,2015,aged_out,24.591592245698106,2061
Uncapped,2037,India,EB-3,2015,exited,28.294489218035288,2061
Uncapped,2037,India,EB-3,2015,still_dependent,0.0,2061
Uncapped,2037,India,EB-4,2015,saved,0.0,2061
Uncapped,2037,India,EB-4,2015,aged_out,49.113660062565174,2061
Uncapped,2037,India,EB-4,2015,exited,50.886339937434826,2061
Uncapped,2037,India,EB-4,2015,still_dependent,0.0,2061
Uncapped,2037,India,EB-5,2015,saved,94.78873239436619,2061
Uncapped,2037,India,EB-5,2015,aged_out,2.3943661971830985,2061
Uncapped,2037,India,EB-5,2015,exited,2.816901408450704,2061
Uncapped,2037,India,EB-5,2015,still_dependent,0.0,2061
Uncapped,2037,ROW,EB-1,2015,saved,91.35347580447065,2061
Uncapped,2037,ROW,EB-1,2015,aged_out,1.694915254237288,2061
Uncapped,2037,ROW,EB-1,2015,exited,6.951608941292066,2061
Uncapped,2037,ROW,EB-1,2015,still_dependent,0.0,2061
Uncapped,2037,ROW,EB-2,2015,saved,0.0,2061
Uncapped,2037,ROW,EB-2,2015,aged_out,59.91265013258462,2061
Uncapped,2037,ROW,EB-2,2015,exited,40.08734986741538,2061
Uncapped,2037,ROW,EB-2,2015,still_dependent,0.0,2061
Uncapped,2037,ROW,EB-3,2015,saved,26.374079528718703,2061
Uncapped,2037,ROW,EB-3,2015,aged_out,33.166421207658324,2061
Uncapped,2037,ROW,EB-3,2015,exited,40.45949926362297,2061
Uncapped,2037,ROW,EB-3,2015,still_dependent,0.0,2061
Uncapped,2037,ROW,EB-4,2015,saved,0.0,2061
Uncapped,2037,ROW,EB-4,2015,aged_out,44.31644316443165,2061
Uncapped,2037,ROW,EB-4,2015,exited,55.68355683556835,2061
Uncapped,2037,ROW,EB-4,2015,still_dependent,0.0,2061
Uncapped,2037,ROW,EB-5,2015,saved,92.04892966360856,2061
Uncapped,2037,ROW,EB-5,2015,aged_out,2.293577981651376,2061
Uncapped,2037,ROW,EB-5,2015,exited,5.657492354740061,2061
Uncapped,2037,ROW,EB-5,2015,still_dependent,0.0,2061
Uncapped,2038,China,EB-1,2015,saved,92.95991778006166,2061
Uncapped,2038,China,EB-1,2015,aged_out,0.7708119218910586,2061
Uncapped,2038,China,EB-1,2015,exited,6.269270298047276,2061
Uncapped,2038,China,EB-1,2015,still_dependent,0.0,2061
Uncapped,2038,China,EB-2,2015,saved,0.0,2061
Uncapped,2038,China,EB-2,2015,aged_out,67.65688822874118,2061
Uncapped,2038,China,EB-2,2015,exited,32.34311177125882,2061
Uncapped,2038,China,EB-2,2015,still_dependent,0.0,2061
Uncapped,2038,China,EB-3,2015,saved,26.370306430729393,2061
Uncapped,2038,China,EB-3,2015,aged_out,33.53474320241692,2061
Uncapped,2038,China,EB-3,2015,exited,40.09495036685369,2061
Uncapped,2038,China,EB-3,2015,still_dependent,0.0,2061
Uncapped,2038,China,EB-4,2015,saved,0.0,2061
Uncapped,2038,China,EB-4,2015,aged_out,31.428571428571427,2061
Uncapped,2038,China,EB-4,2015,exited,68.57142857142857,2061
Uncapped,2038,China,EB-4,2015,still_dependent,0.0,2061
Uncapped,2038,China,EB-5,2015,saved,96.20578778135048,2061
Uncapped,2038,China,EB-5,2015,aged_out,0.0,2061
Uncapped,2038,China,EB-5,2015,exited,3.7942122186495175,2061
Uncapped,2038,China,EB-5,2015,still_dependent,0.0,2061
Uncapped,2038,India,EB-1,2015,saved,94.1506583207425,2061
Uncapped,2038,India,EB-1,2015,aged_out,0.7770343190157565,2061
Uncapped,2038,India,EB-1,2015,exited,5.072307360241744,2061
Uncapped,2038,India,EB-1,2015,still_dependent,0.0,2061
Uncapped,2038,India,EB-2,2015,saved,0.0,2061
Uncapped,2038,India,EB-2,2015,aged_out,70.63815716962417,2061
Uncapped,2038,India,EB-2,2015,exited,29.361842830375842,2061
Uncapped,2038,India,EB-2,2015,still_dependent,0.0,2061
Uncapped,2038,India,EB-3,2015,saved,45.08620689655172,2061
Uncapped,2038,India,EB-3,2015,aged_out,26.745689655172413,2061
Uncapped,2038,India,EB-3,2015,exited,28.16810344827586,2061
Uncapped,2038,India,EB-3,2015,still_dependent,0.0,2061
Uncapped,2038,India,EB-4,2015,saved,0.0,2061
Uncapped,2038,India,EB-4,2015,aged_out,50.63291139240506,2061
Uncapped,2038,India,EB-4,2015,exited,49.36708860759494,2061
Uncapped,2038,India,EB-4,2015,still_dependent,0.0,2061
Uncapped,2038,India,EB-5,2015,saved,95.33239038189534,2061
Uncapped,2038,India,EB-5,2015,aged_out,2.9702970297029703,2061
Uncapped,2038,India,EB-5,2015,exited,1.6973125884016973,2061
Uncapped,2038,India,EB-5,2015,still_dependent,0.0,2061
Uncapped,2038,ROW,EB-1,2015,saved,90.18217385988507,2061
Uncapped,2038,ROW,EB-1,2015,aged_out,2.1518523046827243,2061
Uncapped,2038,ROW,EB-1,2015,exited,7.6659738354322045,2061
Uncapped,2038,ROW,EB-1,2015,still_dependent,0.0,2061
Uncapped,2038,ROW,EB-2,2015,saved,0.0,2061
Uncapped,2038,ROW,EB-2,2015,aged_out,59.660377358490564,2061
Uncapped,2038,ROW,EB-2,2015,exited,40.339622641509436,2061
Uncapped,2038,ROW,EB-2,2015,still_dependent,0.0,2061
Uncapped,2038,ROW,EB-3,2015,saved,25.33076878242117,2061
Uncapped,2038,ROW,EB-3,2015,aged_out,34.143498280585185,2061
Uncapped,2038,ROW,EB-3,2015,exited,40.52573293699365,2061
Uncapped,2038,ROW,EB-3,2015,still_dependent,0.0,2061
Uncapped,2038,ROW,EB-4,2015,saved,0.0,2061
Uncapped,2038,ROW,EB-4,2015,aged_out,43.932827735644636,2061
Uncapped,2038,ROW,EB-4,2015,exited,56.067172264355364,2061
Uncapped,2038,ROW,EB-4,2015,still_dependent,0.0,2061
Uncapped,2038,ROW,EB-5,2015,saved,89.8936170212766,2061
Uncapped,2038,ROW,EB-5,2015,aged_out,3.1914893617021276,2061
Uncapped,2038,ROW,EB-5,2015,exited,6.914893617021277,2061
Uncapped,2038,ROW,EB-5,2015,still_dependent,0.0,2061
Uncapped,2039,China,EB-1,2015,saved,91.77861364857604,2061
Uncapped,2039,China,EB-1,2015,aged_out,0.7522837184309511,2061
Uncapped,2039,China,EB-1,2015,exited,7.469102632993015,2061
Uncapped,2039,China,EB-1,2015,still_dependent,0.0,2061
Uncapped,2039,China,EB-2,2015,saved,0.0,2061
Uncapped,2039,China,EB-2,2015,aged_out,67.30474732006125,2061
Uncapped,2039,China,EB-2,2015,exited,32.69525267993875,2061
Uncapped,2039,China,EB-2,2015,still_dependent,0.0,2061
Uncapped,2039,China,EB-3,2015,saved,28.49137931034483,2061
Uncapped,2039,China,EB-3,2015,aged_out,33.44827586206897,2061
Uncapped,2039,China,EB-3,2015,exited,38.060344827586206,2061
Uncapped,2039,China,EB-3,2015,still_dependent,0.0,2061
Uncapped,2039,China,EB-4,2015,saved,0.0,2061
Uncapped,2039,China,EB-4,2015,aged_out,31.506849315068493,2061
Uncapped,2039,China,EB-4,2015,exited,68.4931506849315,2061
Uncapped,2039,China,EB-4,2015,still_dependent,0.0,2061
Uncapped,2039,China,EB-5,2015,saved,93.59137055837563,2061
Uncapped,2039,China,EB-5,2015,aged_out,0.0,2061
Uncapped,2039,China,EB-5,2015,exited,6.408629441624366,2061
Uncapped,2039,China,EB-5,2015,still_dependent,0.0,2061
Uncapped,2039,India,EB-1,2015,saved,94.35052428846565,2061
Uncapped,2039,India,EB-1,2015,aged_out,1.0485769313075113,2061
Uncapped,2039,India,EB-1,2015,exited,4.600898780226835,2061
Uncapped,2039,India,EB-1,2015,still_dependent,0.0,2061
Uncapped,2039,India,EB-2,2015,saved,0.0,2061
Uncapped,2039,India,EB-2,2015,aged_out,70.31991174848318,2061
Uncapped,2039,India,EB-2,2015,exited,29.68008825151682,2061
Uncapped,2039,India,EB-2,2015,still_dependent,0.0,2061
Uncapped,2039,India,EB-3,2015,saved,42.86962218825071,2061
Uncapped,2039,India,EB-3,2015,aged_out,28.958287835772,2061
Uncapped,2039,India,EB-3,2015,exited,28.172089975977286,2061
Uncapped,2039,India,EB-3,2015,still_dependent,0.0,2061
Uncapped,2039,India,EB-4,2015,saved,0.0,2061
Uncapped,2039,India,EB-4,2015,aged_out,51.87376725838264,2061
Uncapped,2039,India,EB-4,2015,exited,48.12623274161736,2061
Uncapped,2039,India,EB-4,2015,still_dependent,0.0,2061
Uncapped,2039,India,EB-5,2015,saved,94.61538461538461,2061
Uncapped,2039,India,EB-5,2015,aged_out,2.1538461538461537,2061
Uncapped,2039,India,EB-5,2015,exited,3.230769230769231,2061
Uncapped,2039,India,EB-5,2015,still_dependent,0.0,2061
Uncapped,2039,ROW,EB-1,2015,saved,89.24839481304294,2061
Uncapped,2039,ROW,EB-1,2015,aged_out,2.303915397205086,2061
Uncapped,2039,ROW,EB-1,2015,exited,8.447689789751983,2061
Uncapped,2039,ROW,EB-1,2015,still_dependent,0.0,2061
Uncapped,2039,ROW,EB-2,2015,saved,0.0,2061
Uncapped,2039,ROW,EB-2,2015,aged_out,58.58685731670216,2061
Uncapped,2039,ROW,EB-2,2015,exited,41.41314268329784,2061
Uncapped,2039,ROW,EB-2,2015,still_dependent,0.0,2061
Uncapped,2039,ROW,EB-3,2015,saved,23.429073856975382,2061
Uncapped,2039,ROW,EB-3,2015,aged_out,33.33528722157092,2061
Uncapped,2039,ROW,EB-3,2015,exited,43.23563892145369,2061
Uncapped,2039,ROW,EB-3,2015,still_dependent,0.0,2061
Uncapped,2039,ROW,EB-4,2015,saved,0.0,2061
Uncapped,2039,ROW,EB-4,2015,aged_out,44.848814050334965,2061
Uncapped,2039,ROW,EB-4,2015,exited,55.151185949665035,2061
Uncapped,2039,ROW,EB-4,2015,still_dependent,0.0,2061
Uncapped,2039,ROW,EB-5,2015,saved,92.4512987012987,2061
Uncapped,2039,ROW,EB-5,2015,aged_out,2.1915584415584415,2061
Uncapped,2039,ROW,EB-5,2015,exited,5.357142857142857,2061
Uncapped,2039,ROW,EB-5,2015,still_dependent,0.0,2061
Uncapped,2040,China,EB-1,2015,saved,92.31168831168831,2061
Uncapped,2040,China,EB-1,2015,aged_out,0.7792207792207793,2061
Uncapped,2040,China,EB-1,2015,exited,6.909090909090909,2061
Uncapped,2040,China,EB-1,2015,still_dependent,0.0,2061
Uncapped,2040,China,EB-2,2015,saved,0.0,2061
Uncapped,2040,China,EB-2,2015,aged_out,65.546875,2061
Uncapped,2040,China,EB-2,2015,exited,34.453125,2061
Uncapped,2040,China,EB-2,2015,still_dependent,0.0,2061
Uncapped,2040,China,EB-3,2015,saved,24.934839270199827,2061
Uncapped,2040,China,EB-3,2015,aged_out,33.84013900955691,2061
Uncapped,2040,China,EB-3,2015,exited,41.22502172024327,2061
Uncapped,2040,China,EB-3,2015,still_dependent,0.0,2061
Uncapped,2040,China,EB-4,2015,saved,0.0,2061
Uncapped,2040,China,EB-4,2015,aged_out,50.0,2061
Uncapped,2040,China,EB-4,2015,exited,50.0,2061
Uncapped,2040,China,EB-4,2015,still_dependent,0.0,2061
Uncapped,2040,China,EB-5,2015,saved,95.43973941368078,2061
Uncapped,2040,China,EB-5,2015,aged_out,0.0,2061
Uncapped,2040,China,EB-5,2015,exited,4.5602605863192185,2061
Uncapped,2040,China,EB-5,2015,still_dependent,0.0,2061
Uncapped,2040,India,EB-1,2015,saved,93.48145042967931,2061
Uncapped,2040,India,EB-1,2015,aged_out,0.8803185914902536,2061
Uncapped,2040,India,EB-1,2015,exited,5.638230978830434,2061
Uncapped,2040,India,EB-1,2015,still_dependent,0.0,2061
Uncapped,2040,India,EB-2,2015,saved,0.0,2061
Uncapped,2040,India,EB-2,2015,aged_out,70.87282888608843,2061
Uncapped,2040,India,EB-2,2015,exited,29.127171113911565,2061
Uncapped,2040,India,EB-2,2015,still_dependent,0.0,2061
Uncapped,2040,India,EB-3,2015,saved,41.909246575342465,2061
Uncapped,2040,India,EB-3,2015,aged_out,28.981164383561644,2061
Uncapped,2040,India,EB-3,2015,exited,29.10958904109589,2061
Uncapped,2040,India,EB-3,2015,still_dependent,0.0,2061
Uncapped,2040,India,EB-4,2015,saved,0.0,2061
Uncapped,2040,India,EB-4,2015,aged_out,50.052029136316335,2061
Uncapped,2040,India,EB-4,2015,exited,49.947970863683665,2061
Uncapped,2040,India,EB-4,2015,still_dependent,0.0,2061
Uncapped,2040,India,EB-5,2015,saved,94.01709401709402,2061
Uncapped,2040,India,EB-5,2015,aged_out,2.2792022792022792,2061
Uncapped,2040,India,EB-5,2015,exited,3.7037037037037037,2061
Uncapped,2040,India,EB-5,2015,still_dependent,0.0,2061
Uncapped,2040,ROW,EB-1,2015,saved,87.90231684408265,2061
Uncapped,2040,ROW,EB-1,2015,aged_out,3.1308703819661865,2061
Uncapped,2040,ROW,EB-1,2015,exited,8.966812773951158,2061
Uncapped,2040,ROW,EB-1,2015,still_dependent,0.0,2061
Uncapped,2040,ROW,EB-2,2015,saved,0.0,2061
Uncapped,2040,ROW,EB-2,2015,aged_out,59.98765050941649,2061
Uncapped,2040,ROW,EB-2,2015,exited,40.01234949058351,2061
Uncapped,2040,ROW,EB-2,2015,still_dependent,0.0,2061
Uncapped,2040,ROW,EB-3,2015,saved,22.490358770597172,2061
Uncapped,2040,ROW,EB-3,2015,aged_out,34.90709360757275,2061
Uncapped,2040,ROW,EB-3,2015,exited,42.602547621830084,2061
Uncapped,2040,ROW,EB-3,2015,still_dependent,0.0,2061
Uncapped,2040,ROW,EB-4,2015,saved,0.0,2061
Uncapped,2040,ROW,EB-4,2015,aged_out,43.27806812038205,2061
Uncapped,2040,ROW,EB-4,2015,exited,56.72193187961795,2061
Uncapped,2040,ROW,EB-4,2015,still_dependent,0.0,2061
Uncapped,2040,ROW,EB-5,2015,saved,90.38013964313421,2061
Uncapped,2040,ROW,EB-5,2015,aged_out,3.6462373933281613,2061
Uncapped,2040,ROW,EB-5,2015,exited,5.973622963537626,2061
Uncapped,2040,ROW,EB-5,2015,still_dependent,0.0,2061
Capped,2009,China,EB-1,2015,saved,100.0,2061
Capped,2009,China,EB-1,2015,aged_out,0.0,2061
Capped,2009,China,EB-1,2015,exited,0.0,2061
Capped,2009,China,EB-1,2015,still_dependent,0.0,2061
Capped,2009,China,EB-2,2015,saved,97.13500784929356,2061
Capped,2009,China,EB-2,2015,aged_out,0.0,2061
Capped,2009,China,EB-2,2015,exited,2.864992150706436,2061
Capped,2009,China,EB-2,2015,still_dependent,0.0,2061
Capped,2009,China,EB-3,2015,saved,65.63747930262005,2061
Capped,2009,China,EB-3,2015,aged_out,9.20424661536963,2061
Capped,2009,China,EB-3,2015,exited,25.158274082010326,2061
Capped,2009,China,EB-3,2015,still_dependent,0.0,2061
Capped,2009,China,EB-4,2015,saved,100.0,2061
Capped,2009,China,EB-4,2015,aged_out,0.0,2061
Capped,2009,China,EB-4,2015,exited,0.0,2061
Capped,2009,China,EB-4,2015,still_dependent,0.0,2061
Capped,2009,China,EB-5,2015,saved,100.0,2061
Capped,2009,China,EB-5,2015,aged_out,0.0,2061
Capped,2009,China,EB-5,2015,exited,0.0,2061
Capped,2009,China,EB-5,2015,still_dependent,0.0,2061
Capped,2009,India,EB-1,2015,saved,100.0,2061
Capped,2009,India,EB-1,2015,aged_out,0.0,2061
Capped,2009,India,EB-1,2015,exited,0.0,2061
Capped,2009,India,EB-1,2015,still_dependent,0.0,2061
Capped,2009,India,EB-2,2015,saved,97.63014245772867,2061
Capped,2009,India,EB-2,2015,aged_out,0.0,2061
Capped,2009,India,EB-2,2015,exited,2.3698575422713355,2061
Capped,2009,India,EB-2,2015,still_dependent,0.0,2061
Capped,2009,India,EB-3,2015,saved,41.052577636568614,2061
Capped,2009,India,EB-3,2015,aged_out,32.16408732192272,2061
Capped,2009,India,EB-3,2015,exited,26.78333504150866,2061
Capped,2009,India,EB-3,2015,still_dependent,0.0,2061
Capped,2009,India,EB-4,2015,saved,100.0,2061
Capped,2009,India,EB-4,2015,aged_out,0.0,2061
Capped,2009,India,EB-4,2015,exited,0.0,2061
Capped,2009,India,EB-4,2015,still_dependent,0.0,2061
Capped,2009,India,EB-5,2015,saved,100.0,2061
Capped,2009,India,EB-5,2015,aged_out,0.0,2061
Capped,2009,India,EB-5,2015,exited,0.0,2061
Capped,2009,India,EB-5,2015,still_dependent,0.0,2061
Capped,2009,ROW,EB-1,2015,saved,100.0,2061
Capped,2009,ROW,EB-1,2015,aged_out,0.0,2061
Capped,2009,ROW,EB-1,2015,exited,0.0,2061
Capped,2009,ROW,EB-1,2015,still_dependent,0.0,2061
Capped,2009,ROW,EB-2,2015,saved,100.0,2061
Capped,2009,ROW,EB-2,2015,aged_out,0.0,2061
Capped,2009,ROW,EB-2,2015,exited,0.0,2061
Capped,2009,ROW,EB-2,2015,still_dependent,0.0,2061
Capped,2009,ROW,EB-3,2015,saved,92.26084338744413,2061
Capped,2009,ROW,EB-3,2015,aged_out,0.20841534863256375,2061
Capped,2009,ROW,EB-3,2015,exited,7.530741263923304,2061
Capped,2009,ROW,EB-3,2015,still_dependent,0.0,2061
Capped,2009,ROW,EB-4,2015,saved,100.0,2061
Capped,2009,ROW,EB-4,2015,aged_out,0.0,2061
Capped,2009,ROW,EB-4,2015,exited,0.0,2061
Capped,2009,ROW,EB-4,2015,still_dependent,0.0,2061
Capped,2009,ROW,EB-5,2015,saved,100.0,2061
Capped,2009,ROW,EB-5,2015,aged_out,0.0,2061
Capped,2009,ROW,EB-5,2015,exited,0.0,2061
Capped,2009,ROW,EB-5,2015,still_dependent,0.0,2061
Capped,2010,China,EB-1,2015,saved,100.0,2061
Capped,2010,China,EB-1,2015,aged_out,0.0,2061
Capped,2010,China,EB-1,2015,exited,0.0,2061
Capped,2010,China,EB-1,2015,still_dependent,0.0,2061
Capped,2010,China,EB-2,2015,saved,93.88816644993499,2061
Capped,2010,China,EB-2,2015,aged_out,0.13003901170351106,2061
Capped,2010,China,EB-2,2015,exited,5.981794538361508,2061
Capped,2010,China,EB-2,2015,still_dependent,0.0,2061
Capped,2010,China,EB-3,2015,saved,50.51020408163265,2061
Capped,2010,China,EB-3,2015,aged_out,17.346938775510203,2061
Capped,2010,China,EB-3,2015,exited,32.142857142857146,2061
Capped,2010,China,EB-3,2015,still_dependent,0.0,2061
Capped,2010,China,EB-4,2015,saved,100.0,2061
Capped,2010,China,EB-4,2015,aged_out,0.0,2061
Capped,2010,China,EB-4,2015,exited,0.0,2061
Capped,2010,China,EB-4,2015,still_dependent,0.0,2061
Capped,2010,China,EB-5,2015,saved,100.0,2061
Capped,2010,China,EB-5,2015,aged_out,0.0,2061
Capped,2010,China,EB-5,2015,exited,0.0,2061
Capped,2010,China,EB-5,2015,still_dependent,0.0,2061
Capped,2010,India,EB-1,2015,saved,100.0,2061
Capped,2010,India,EB-1,2015,aged_out,0.0,2061
Capped,2010,India,EB-1,2015,exited,0.0,2061
Capped,2010,India,EB-1,2015,still_dependent,0.0,2061
Capped,2010,India,EB-2,2015,saved,94.63169339494428,2061
Capped,2010,India,EB-2,2015,aged_out,0.12231584669747214,2061
Capped,2010,India,EB-2,2015,exited,5.24599075835825,2061
Capped,2010,India,EB-2,2015,still_dependent,0.0,2061
Capped,2010,India,EB-3,2015,saved,0.0,2061
Capped,2010,India,EB-3,2015,aged_out,65.34914361001317,2061
Capped,2010,India,EB-3,2015,exited,34.65085638998683,2061
Capped,2010,India,EB-3,2015,still_dependent,0.0,2061
Capped,2010,India,EB-4,2015,saved,100.0,2061
Capped,2010,India,EB-4,2015,aged_out,0.0,2061
Capped,2010,India,EB-4,2015,exited,0.0,2061
Capped,2010,India,EB-4,2015,still_dependent,0.0,2061
Capped,2010,India,EB-5,2015,saved,100.0,2061
Capped,2010,India,EB-5,2015,aged_out,0.0,2061
Capped,2010,India,EB-5,2015,exited,0.0,2061
Capped,2010,India,EB-5,2015,still_dependent,0.0,2061
Capped,2010,ROW,EB-1,2015,saved,100.0,2061
Capped,2010,ROW,EB-1,2015,aged_out,0.0,2061
Capped,2010,ROW,EB-1,2015,exited,0.0,2061
Capped,2010,ROW,EB-1,2015,still_dependent,0.0,2061
Capped,2010,ROW,EB-2,2015,saved,99.96768634209393,2061
Capped,2010,ROW,EB-2,2015,aged_out,0.0,2061
Capped,2010,ROW,EB-2,2015,exited,0.03231365790607497,2061
Capped,2010,ROW,EB-2,2015,still_dependent,0.0,2061
Capped,2010,ROW,EB-3,2015,saved,85.26481384373362,2061
Capped,2010,ROW,EB-3,2015,aged_out,0.8390141583639223,2061
Capped,2010,ROW,EB-3,2015,exited,13.896171997902465,2061
Capped,2010,ROW,EB-3,2015,still_dependent,0.0,2061
Capped,2010,ROW,EB-4,2015,saved,99.06223358908781,2061
Capped,2010,ROW,EB-4,2015,aged_out,0.0,2061
Capped,2010,ROW,EB-4,2015,exited,0.9377664109121909,2061
Capped,2010,ROW,EB-4,2015,still_dependent,0.0,2061
Capped,2010,ROW,EB-5,2015,saved,100.0,2061
Capped,2010,ROW,EB-5,2015,aged_out,0.0,2061
Capped,2010,ROW,EB-5,2015,exited,0.0,2061
Capped,2010,ROW,EB-5,2015,still_dependent,0.0,2061
Capped,2011,China,EB-1,2015,saved,100.0,2061
Capped,2011,China,EB-1,2015,aged_out,0.0,2061
Capped,2011,China,EB-1,2015,exited,0.0,2061
Capped,2011,China,EB-1,2015,still_dependent,0.0,2061
Capped,2011,China,EB-2,2015,saved,90.95541401273886,2061
Capped,2011,China,EB-2,2015,aged_out,0.3821656050955414,2061
Capped,2011,China,EB-2,2015,exited,8.662420382165605,2061
Capped,2011,China,EB-2,2015,still_dependent,0.0,2061
Capped,2011,China,EB-3,2015,saved,52.0,2061
Capped,2011,China,EB-3,2015,aged_out,13.333333333333334,2061
Capped,2011,China,EB-3,2015,exited,34.666666666666664,2061
Capped,2011,China,EB-3,2015,still_dependent,0.0,2061
Capped,2011,China,EB-4,2015,saved,85.71428571428571,2061
Capped,2011,China,EB-4,2015,aged_out,0.0,2061
Capped,2011,China,EB-4,2015,exited,14.285714285714286,2061
Capped,2011,China,EB-4,2015,still_dependent,0.0,2061
Capped,2011,China,EB-5,2015,saved,100.0,2061
Capped,2011,China,EB-5,2015,aged_out,0.0,2061
Capped,2011,China,EB-5,2015,exited,0.0,2061
Capped,2011,China,EB-5,2015,still_dependent,0.0,2061
Capped,2011,India,EB-1,2015,saved,100.0,2061
Capped,2011,India,EB-1,2015,aged_out,0.0,2061
Capped,2011,India,EB-1,2015,exited,0.0,2061
Capped,2011,India,EB-1,2015,still_dependent,0.0,2061
Capped,2011,India,EB-2,2015,saved,81.44485259489498,2061
Capped,2011,India,EB-2,2015,aged_out,4.794197984364698,2061
Capped,2011,India,EB-2,2015,exited,13.760949420740323,2061
Capped,2011,India,EB-2,2015,still_dependent,0.0,2061
Capped,2011,India,EB-3,2015,saved,0.0,2061
Capped,2011,India,EB-3,2015,aged_out,65.43172075933865,2061
Capped,2011,India,EB-3,2015,exited,34.56827924066136,2061
Capped,2011,India,EB-3,2015,still_dependent,0.0,2061
Capped,2011,India,EB-4,2015,saved,95.77464788732394,2061
Capped,2011,India,EB-4,2015,aged_out,0.4694835680751174,2061
Capped,2011,India,EB-4,2015,exited,3.755868544600939,2061
Capped,2011,India,EB-4,2015,still_dependent,0.0,2061
Capped,2011,India,EB-5,2015,saved,100.0,2061
Capped,2011,India,EB-5,2015,aged_out,0.0,2061
Capped,2011,India,EB-5,2015,exited,0.0,2061
Capped,2011,India,EB-5,2015,still_dependent,0.0,2061
Capped,2011,ROW,EB-1,2015,saved,100.0,2061
Capped,2011,ROW,EB-1,2015,aged_out,0.0,2061
Capped,2011,ROW,EB-1,2015,exited,0.0,2061
Capped,2011,ROW,EB-1,2015,still_dependent,0.0,2061
Capped,2011,ROW,EB-2,2015,saved,99.44185102496448,2061
Capped,2011,ROW,EB-2,2015,aged_out,0.0,2061
Capped,2011,ROW,EB-2,2015,exited,0.5581489750355185,2061
Capped,2011,ROW,EB-2,2015,still_dependent,0.0,2061
Capped,2011,ROW,EB-3,2015,saved,87.67372977899294,2061
Capped,2011,ROW,EB-3,2015,aged_out,0.2961950330371383,2061
Capped,2011,ROW,EB-3,2015,exited,12.030075187969924,2061
Capped,2011,ROW,EB-3,2015,still_dependent,0.0,2061
Capped,2011,ROW,EB-4,2015,saved,95.53196741545297,2061
Capped,2011,ROW,EB-4,2015,aged_out,0.0,2061
Capped,2011,ROW,EB-4,2015,exited,4.468032584547025,2061
Capped,2011,ROW,EB-4,2015,still_dependent,0.0,2061
Capped,2011,ROW,EB-5,2015,saved,100.0,2061
Capped,2011,ROW,EB-5,2015,aged_out,0.0,2061
Capped,2011,ROW,EB-5,2015,exited,0.0,2061
Capped,2011,ROW,EB-5,2015,still_dependent,0.0,2061
Capped,2012,China,EB-1,2015,saved,100.0,2061
Capped,2012,China,EB-1,2015,aged_out,0.0,2061
Capped,2012,China,EB-1,2015,exited,0.0,2061
Capped,2012,China,EB-1,2015,still_dependent,0.0,2061
Capped,2012,China,EB-2,2015,saved,86.272040302267,2061
Capped,2012,China,EB-2,2015,aged_out,1.385390428211587,2061
Capped,2012,China,EB-2,2015,exited,12.34256926952141,2061
Capped,2012,China,EB-2,2015,still_dependent,0.0,2061
Capped,2012,China,EB-3,2015,saved,50.0,2061
Capped,2012,China,EB-3,2015,aged_out,8.620689655172415,2061
Capped,2012,China,EB-3,2015,exited,41.37931034482759,2061
Capped,2012,China,EB-3,2015,still_dependent,0.0,2061
Capped,2012,China,EB-4,2015,saved,100.0,2061
Capped,2012,China,EB-4,2015,aged_out,0.0,2061
Capped,2012,China,EB-4,2015,exited,0.0,2061
Capped,2012,China,EB-4,2015,still_dependent,0.0,2061
Capped,2012,China,EB-5,2015,saved,100.0,2061
Capped,2012,China,EB-5,2015,aged_out,0.0,2061
Capped,2012,China,EB-5,2015,exited,0.0,2061
Capped,2012,China,EB-5,2015,still_dependent,0.0,2061
Capped,2012,India,EB-1,2015,saved,100.0,2061
Capped,2012,India,EB-1,2015,aged_out,0.0,2061
Capped,2012,India,EB-1,2015,exited,0.0,2061
Capped,2012,India,EB-1,2015,still_dependent,0.0,2061
Capped,2012,India,EB-2,2015,saved,78.66199848599545,2061
Capped,2012,India,EB-2,2015,aged_out,6.0276305828917485,2061
Capped,2012,India,EB-2,2015,exited,15.310370931112793,2061
Capped,2012,India,EB-2,2015,still_dependent,0.0,2061
Capped,2012,India,EB-3,2015,saved,0.0,2061
Capped,2012,India,EB-3,2015,aged_out,64.69979296066252,2061
Capped,2012,India,EB-3,2015,exited,35.30020703933747,2061
Capped,2012,India,EB-3,2015,still_dependent,0.0,2061
Capped,2012,India,EB-4,2015,saved,91.74603174603175,2061
Capped,2012,India,EB-4,2015,aged_out,0.31746031746031744,2061
Capped,2012,India,EB-4,2015,exited,7.936507936507937,2061
Capped,2012,India,EB-4,2015,still_dependent,0.0,2061
Capped,2012,India,EB-5,2015,saved,100.0,2061
Capped,2012,India,EB-5,2015,aged_out,0.0,2061
Capped,2012,India,EB-5,2015,exited,0.0,2061
Capped,2012,India,EB-5,2015,still_dependent,0.0,2061
Capped,2012,ROW,EB-1,2015,saved,100.0,2061
Capped,2012,ROW,EB-1,2015,aged_out,0.0,2061
Capped,2012,ROW,EB-1,2015,exited,0.0,2061
Capped,2012,ROW,EB-1,2015,still_dependent,0.0,2061
Capped,2012,ROW,EB-2,2015,saved,99.62116991643454,2061
Capped,2012,ROW,EB-2,2015,aged_out,0.0,2061
Capped,2012,ROW,EB-2,2015,exited,0.3788300835654596,2061
Capped,2012,ROW,EB-2,2015,still_dependent,0.0,2061
Capped,2012,ROW,EB-3,2015,saved,89.09991742361684,2061
Capped,2012,ROW,EB-3,2015,aged_out,0.16515276630883569,2061
Capped,2012,ROW,EB-3,2015,exited,10.734929810074318,2061
Capped,2012,ROW,EB-3,2015,still_dependent,0.0,2061
Capped,2012,ROW,EB-4,2015,saved,88.01742919389979,2061
Capped,2012,ROW,EB-4,2015,aged_out,0.4189710072063013,2061
Capped,2012,ROW,EB-4,2015,exited,11.563599798893916,2061
Capped,2012,ROW,EB-4,2015,still_dependent,0.0,2061
Capped,2012,ROW,EB-5,2015,saved,100.0,2061
Capped,2012,ROW,EB-5,2015,aged_out,0.0,2061
Capped,2012,ROW,EB-5,2015,exited,0.0,2061
Capped,2012,ROW,EB-5,2015,still_dependent,0.0,2061
Capped,2013,China,EB-1,2015,saved,100.0,2061
Capped,2013,China,EB-1,2015,aged_out,0.0,2061
Capped,2013,China,EB-1,2015,exited,0.0,2061
Capped,2013,China,EB-1,2015,still_dependent,0.0,2061
Capped,2013,China,EB-2,2015,saved,87.08272859216255,2061
Capped,2013,China,EB-2,2015,aged_out,2.0319303338171264,2061
Capped,2013,China,EB-2,2015,exited,10.88534107402032,2061
Capped,2013,China,EB-2,2015,still_dependent,0.0,2061
Capped,2013,China,EB-3,2015,saved,46.22641509433962,2061
Capped,2013,China,EB-3,2015,aged_out,18.867924528301888,2061
Capped,2013,China,EB-3,2015,exited,34.905660377358494,2061
Capped,2013,China,EB-3,2015,still_dependent,0.0,2061
Capped,2013,China,EB-4,2015,saved,94.54545454545455,2061
Capped,2013,China,EB-4,2015,aged_out,0.0,2061
Capped,2013,China,EB-4,2015,exited,5.454545454545454,2061
Capped,2013,China,EB-4,2015,still_dependent,0.0,2061
Capped,2013,China,EB-5,2015,saved,100.0,2061
Capped,2013,China,EB-5,2015,aged_out,0.0,2061
Capped,2013,China,EB-5,2015,exited,0.0,2061
Capped,2013,China,EB-5,2015,still_dependent,0.0,2061
Capped,2013,India,EB-1,2015,saved,100.0,2061
Capped,2013,India,EB-1,2015,aged_out,0.0,2061
Capped,2013,India,EB-1,2015,exited,0.0,2061
Capped,2013,India,EB-1,2015,still_dependent,0.0,2061
Capped,2013,India,EB-2,2015,saved,71.11419508326725,2061
Capped,2013,India,EB-2,2015,aged_out,12.63877874702617,2061
Capped,2013,India,EB-2,2015,exited,16.247026169706583,2061
Capped,2013,India,EB-2,2015,still_dependent,0.0,2061
Capped,2013,India,EB-3,2015,saved,0.0,2061
Capped,2013,India,EB-3,2015,aged_out,64.79949077021006,2061
Capped,2013,India,EB-3,2015,exited,35.200509229789944,2061
Capped,2013,India,EB-3,2015,still_dependent,0.0,2061
Capped,2013,India,EB-4,2015,saved,84.9673202614379,2061
Capped,2013,India,EB-4,2015,aged_out,2.3529411764705883,2061
Capped,2013,India,EB-4,2015,exited,12.679738562091503,2061
Capped,2013,India,EB-4,2015,still_dependent,0.0,2061
Capped,2013,India,EB-5,2015,saved,100.0,2061
Capped,2013,India,EB-5,2015,aged_out,0.0,2061
Capped,2013,India,EB-5,2015,exited,0.0,2061
Capped,2013,India,EB-5,2015,still_dependent,0.0,2061
Capped,2013,ROW,EB-1,2015,saved,100.0,2061
Capped,2013,ROW,EB-1,2015,aged_out,0.0,2061
Capped,2013,ROW,EB-1,2015,exited,0.0,2061
Capped,2013,ROW,EB-1,2015,still_dependent,0.0,2061
Capped,2013,ROW,EB-2,2015,saved,100.0,2061
Capped,2013,ROW,EB-2,2015,aged_out,0.0,2061
Capped,2013,ROW,EB-2,2015,exited,0.0,2061
Capped,2013,ROW,EB-2,2015,still_dependent,0.0,2061
Capped,2013,ROW,EB-3,2015,saved,92.36079153244363,2061
Capped,2013,ROW,EB-3,2015,aged_out,0.0,2061
Capped,2013,ROW,EB-3,2015,exited,7.639208467556374,2061
Capped,2013,ROW,EB-3,2015,still_dependent,0.0,2061
Capped,2013,ROW,EB-4,2015,saved,76.83488309108965,2061
Capped,2013,ROW,EB-4,2015,aged_out,3.006229123408865,2061
Capped,2013,ROW,EB-4,2015,exited,20.158887785501488,2061
Capped,2013,ROW,EB-4,2015,still_dependent,0.0,2061
Capped,2013,ROW,EB-5,2015,saved,100.0,2061
Capped,2013,ROW,EB-5,2015,aged_out,0.0,2061
Capped,2013,ROW,EB-5,2015,exited,0.0,2061
Capped,2013,ROW,EB-5,2015,still_dependent,0.0,2061
Capped,2014,China,EB-1,2015,saved,99.91181657848324,2061
Capped,2014,China,EB-1,2015,aged_out,0.0,2061
Capped,2014,China,EB-1,2015,exited,0.08818342151675485,2061
Capped,2014,China,EB-1,2015,still_dependent,0.0,2061
Capped,2014,China,EB-2,2015,saved,84.7877358490566,2061
Capped,2014,China,EB-2,2015,aged_out,2.1226415094339623,2061
Capped,2014,China,EB-2,2015,exited,13.089622641509434,2061
Capped,2014,China,EB-2,2015,still_dependent,0.0,2061
Capped,2014,China,EB-3,2015,saved,56.375838926174495,2061
Capped,2014,China,EB-3,2015,aged_out,11.996644295302014,2061
Capped,2014,China,EB-3,2015,exited,31.62751677852349,2061
Capped,2014,China,EB-3,2015,still_dependent,0.0,2061
Capped,2014,China,EB-4,2015,saved,87.09677419354838,2061
Capped,2014,China,EB-4,2015,aged_out,0.0,2061
Capped,2014,China,EB-4,2015,exited,12.903225806451612,2061
Capped,2014,China,EB-4,2015,still_dependent,0.0,2061
Capped,2014,China,EB-5,2015,saved,99.61371318203766,2061
Capped,2014,China,EB-5,2015,aged_out,0.0,2061
Capped,2014,China,EB-5,2015,exited,0.38628681796233705,2061
Capped,2014,China,EB-5,2015,still_dependent,0.0,2061
Capped,2014,India,EB-1,2015,saved,99.9707516817783,2061
Capped,2014,India,EB-1,2015,aged_out,0.0,2061
Capped,2014,India,EB-1,2015,exited,0.029248318221702253,2061
Capped,2014,India,EB-1,2015,still_dependent,0.0,2061
Capped,2014,India,EB-2,2015,saved,14.895418748412228,2061
Capped,2014,India,EB-2,2015,aged_out,57.379964433906345,2061
Capped,2014,India,EB-2,2015,exited,27.72461681768143,2061
Capped,2014,India,EB-2,2015,still_dependent,0.0,2061
Capped,2014,India,EB-3,2015,saved,0.0,2061
Capped,2014,India,EB-3,2015,aged_out,66.38702460850112,2061
Capped,2014,India,EB-3,2015,exited,33.61297539149888,2061
Capped,2014,India,EB-3,2015,still_dependent,0.0,2061
Capped,2014,India,EB-4,2015,saved,77.71929824561404,2061
Capped,2014,India,EB-4,2015,aged_out,4.385964912280702,2061
Capped,2014,India,EB-4,2015,exited,17.894736842105264,2061
Capped,2014,India,EB-4,2015,still_dependent,0.0,2061
Capped,2014,India,EB-5,2015,saved,100.0,2061
Capped,2014,India,EB-5,2015,aged_out,0.0,2061
Capped,2014,India,EB-5,2015,exited,0.0,2061
Capped,2014,India,EB-5,2015,still_dependent,0.0,2061
Capped,2014,ROW,EB-1,2015,saved,100.0,2061
Capped,2014,ROW,EB-1,2015,aged_out,0.0,2061
Capped,2014,ROW,EB-1,2015,exited,0.0,2061
Capped,2014,ROW,EB-1,2015,still_dependent,0.0,2061
Capped,2014,ROW,EB-2,2015,saved,99.91277802006105,2061
Capped,2014,ROW,EB-2,2015,aged_out,0.0,2061
Capped,2014,ROW,EB-2,2015,exited,0.08722197993894461,2061
Capped,2014,ROW,EB-2,2015,still_dependent,0.0,2061
Capped,2014,ROW,EB-3,2015,saved,95.90747330960853,2061
Capped,2014,ROW,EB-3,2015,aged_out,0.0,2061
Capped,2014,ROW,EB-3,2015,exited,4.092526690391459,2061
Capped,2014,ROW,EB-3,2015,still_dependent,0.0,2061
Capped,2014,ROW,EB-4,2015,saved,64.44615723408941,2061
Capped,2014,ROW,EB-4,2015,aged_out,7.079938339572782,2061
Capped,2014,ROW,EB-4,2015,exited,28.47390442633781,2061
Capped,2014,ROW,EB-4,2015,still_dependent,0.0,2061
Capped,2014,ROW,EB-5,2015,saved,100.0,2061
Capped,2014,ROW,EB-5,2015,aged_out,0.0,2061
Capped,2014,ROW,EB-5,2015,exited,0.0,2061
Capped,2014,ROW,EB-5,2015,still_dependent,0.0,2061
Capped,2015,China,EB-1,2015,saved,99.62321024868123,2061
Capped,2015,China,EB-1,2015,aged_out,0.0,2061
Capped,2015,China,EB-1,2015,exited,0.37678975131876413,2061
Capped,2015,China,EB-1,2015,still_dependent,0.0,2061
Capped,2015,China,EB-2,2015,saved,81.20672601384767,2061
Capped,2015,China,EB-2,2015,aged_out,2.7695351137487636,2061
Capped,2015,China,EB-2,2015,exited,16.023738872403563,2061
Capped,2015,China,EB-2,2015,still_dependent,0.0,2061
Capped,2015,China,EB-3,2015,saved,64.07322654462243,2061
Capped,2015,China,EB-3,2015,aged_out,8.695652173913043,2061
Capped,2015,China,EB-3,2015,exited,27.23112128146453,2061
Capped,2015,China,EB-3,2015,still_dependent,0.0,2061
Capped,2015,China,EB-4,2015,saved,100.0,2061
Capped,2015,China,EB-4,2015,aged_out,0.0,2061
Capped,2015,China,EB-4,2015,exited,0.0,2061
Capped,2015,China,EB-4,2015,still_dependent,0.0,2061
Capped,2015,China,EB-5,2015,saved,98.7948350071736,2061
Capped,2015,China,EB-5,2015,aged_out,0.0,2061
Capped,2015,China,EB-5,2015,exited,1.2051649928263988,2061
Capped,2015,China,EB-5,2015,still_dependent,0.0,2061
Capped,2015,India,EB-1,2015,saved,99.38176197836167,2061
Capped,2015,India,EB-1,2015,aged_out,0.0,2061
Capped,2015,India,EB-1,2015,exited,0.6182380216383307,2061
Capped,2015,India,EB-1,2015,still_dependent,0.0,2061
Capped,2015,India,EB-2,2015,saved,0.0,2061
Capped,2015,India,EB-2,2015,aged_out,69.93181664753932,2061
Capped,2015,India,EB-2,2015,exited,30.068183352460675,2061
Capped,2015,India,EB-2,2015,still_dependent,0.0,2061
Capped,2015,India,EB-3,2015,saved,0.0,2061
Capped,2015,India,EB-3,2015,aged_out,66.00213599145603,2061
Capped,2015,India,EB-3,2015,exited,33.997864008543964,2061
Capped,2015,India,EB-3,2015,still_dependent,0.0,2061
Capped,2015,India,EB-4,2015,saved,68.79505664263645,2061
Capped,2015,India,EB-4,2015,aged_out,8.54788877445932,2061
Capped,2015,India,EB-4,2015,exited,22.657054582904223,2061
Capped,2015,India,EB-4,2015,still_dependent,0.0,2061
Capped,2015,India,EB-5,2015,saved,100.0,2061
Capped,2015,India,EB-5,2015,aged_out,0.0,2061
Capped,2015,India,EB-5,2015,exited,0.0,2061
Capped,2015,India,EB-5,2015,still_dependent,0.0,2061
Capped,2015,ROW,EB-1,2015,saved,100.0,2061
Capped,2015,ROW,EB-1,2015,aged_out,0.0,2061
Capped,2015,ROW,EB-1,2015,exited,0.0,2061
Capped,2015,ROW,EB-1,2015,still_dependent,0.0,2061
Capped,2015,ROW,EB-2,2015,saved,99.61581235466586,2061
Capped,2015,ROW,EB-2,2015,aged_out,0.0,2061
Capped,2015,ROW,EB-2,2015,exited,0.3841876453341421,2061
Capped,2015,ROW,EB-2,2015,still_dependent,0.0,2061
Capped,2015,ROW,EB-3,2015,saved,96.48885887913572,2061
Capped,2015,ROW,EB-3,2015,aged_out,0.0,2061
Capped,2015,ROW,EB-3,2015,exited,3.511141120864281,2061
Capped,2015,ROW,EB-3,2015,still_dependent,0.0,2061
Capped,2015,ROW,EB-4,2015,saved,59.1354246365723,2061
Capped,2015,ROW,EB-4,2015,aged_out,9.502677888293803,2061
Capped,2015,ROW,EB-4,2015,exited,31.361897475133894,2061
Capped,2015,ROW,EB-4,2015,still_dependent,0.0,2061
Capped,2015,ROW,EB-5,2015,saved,100.0,2061
Capped,2015,ROW,EB-5,2015,aged_out,0.0,2061
Capped,2015,ROW,EB-5,2015,exited,0.0,2061
Capped,2015,ROW,EB-5,2015,still_dependent,0.0,2061
Capped,2016,China,EB-1,2015,saved,98.56361149110808,2061
Capped,2016,China,EB-1,2015,aged_out,0.0,2061
Capped,2016,China,EB-1,2015,exited,1.4363885088919288,2061
Capped,2016,China,EB-1,2015,still_dependent,0.0,2061
Capped,2016,China,EB-2,2015,saved,81.9763828464885,2061
Capped,2016,China,EB-2,2015,aged_out,4.039776258545681,2061
Capped,2016,China,EB-2,2015,exited,13.983840894965818,2061
Capped,2016,China,EB-2,2015,still_dependent,0.0,2061
Capped,2016,China,EB-3,2015,saved,58.85509838998211,2061
Capped,2016,China,EB-3,2015,aged_out,11.627906976744185,2061
Capped,2016,China,EB-3,2015,exited,29.516994633273704,2061
Capped,2016,China,EB-3,2015,still_dependent,0.0,2061
Capped,2016,China,EB-4,2015,saved,100.0,2061
Capped,2016,China,EB-4,2015,aged_out,0.0,2061
Capped,2016,China,EB-4,2015,exited,0.0,2061
Capped,2016,China,EB-4,2015,still_dependent,0.0,2061
Capped,2016,China,EB-5,2015,saved,95.7162440027416,2061
Capped,2016,China,EB-5,2015,aged_out,0.0,2061
Capped,2016,China,EB-5,2015,exited,4.283755997258396,2061
Capped,2016,China,EB-5,2015,still_dependent,0.0,2061
Capped,2016,India,EB-1,2015,saved,99.43391582574452,2061
Capped,2016,India,EB-1,2015,aged_out,0.0,2061
Capped,2016,India,EB-1,2015,exited,0.5660841742554763,2061
Capped,2016,India,EB-1,2015,still_dependent,0.0,2061
Capped,2016,India,EB-2,2015,saved,0.0,2061
Capped,2016,India,EB-2,2015,aged_out,70.71402845308842,2061
Capped,2016,India,EB-2,2015,exited,29.28597154691158,2061
Capped,2016,India,EB-2,2015,still_dependent,0.0,2061
Capped,2016,India,EB-3,2015,saved,0.0,2061
Capped,2016,India,EB-3,2015,aged_out,66.17012089810017,2061
Capped,2016,India,EB-3,2015,exited,33.82987910189983,2061
Capped,2016,India,EB-3,2015,still_dependent,0.0,2061
Capped,2016,India,EB-4,2015,saved,66.70854271356784,2061
Capped,2016,India,EB-4,2015,aged_out,10.050251256281408,2061
Capped,2016,India,EB-4,2015,exited,23.241206030150753,2061
Capped,2016,India,EB-4,2015,still_dependent,0.0,2061
Capped,2016,India,EB-5,2015,saved,99.00662251655629,2061
Capped,2016,India,EB-5,2015,aged_out,0.0,2061
Capped,2016,India,EB-5,2015,exited,0.9933774834437086,2061
Capped,2016,India,EB-5,2015,still_dependent,0.0,2061
Capped,2016,ROW,EB-1,2015,saved,99.77914110429448,2061
Capped,2016,ROW,EB-1,2015,aged_out,0.0,2061
Capped,2016,ROW,EB-1,2015,exited,0.22085889570552147,2061
Capped,2016,ROW,EB-1,2015,still_dependent,0.0,2061
Capped,2016,ROW,EB-2,2015,saved,98.87640449438203,2061
Capped,2016,ROW,EB-2,2015,aged_out,0.0,2061
Capped,2016,ROW,EB-2,2015,exited,1.1235955056179776,2061
Capped,2016,ROW,EB-2,2015,still_dependent,0.0,2061
Capped,2016,ROW,EB-3,2015,saved,97.80450776596987,2061
Capped,2016,ROW,EB-3,2015,aged_out,0.0,2061
Capped,2016,ROW,EB-3,2015,exited,2.1954922340301297,2061
Capped,2016,ROW,EB-3,2015,still_dependent,0.0,2061
Capped,2016,ROW,EB-4,2015,saved,48.80792478173271,2061
Capped,2016,ROW,EB-4,2015,aged_out,14.137004701141706,2061
Capped,2016,ROW,EB-4,2015,exited,37.055070517125586,2061
Capped,2016,ROW,EB-4,2015,still_dependent,0.0,2061
Capped,2016,ROW,EB-5,2015,saved,100.0,2061
Capped,2016,ROW,EB-5,2015,aged_out,0.0,2061
Capped,2016,ROW,EB-5,2015,exited,0.0,2061
Capped,2016,ROW,EB-5,2015,still_dependent,0.0,2061
Capped,2017,China,EB-1,2015,saved,98.04432855280312,2061
Capped,2017,China,EB-1,2015,aged_out,0.0,2061
Capped,2017,China,EB-1,2015,exited,1.955671447196871,2061
Capped,2017,China,EB-1,2015,still_dependent,0.0,2061
Capped,2017,China,EB-2,2015,saved,70.25316455696202,2061
Capped,2017,China,EB-2,2015,aged_out,11.313291139240507,2061
Capped,2017,China,EB-2,2015,exited,18.43354430379747,2061
Capped,2017,China,EB-2,2015,still_dependent,0.0,2061
Capped,2017,China,EB-3,2015,saved,55.89203423304806,2061
Capped,2017,China,EB-3,2015,aged_out,12.771560236998026,2061
Capped,2017,China,EB-3,2015,exited,31.336405529953918,2061
Capped,2017,China,EB-3,2015,still_dependent,0.0,2061
Capped,2017,China,EB-4,2015,saved,100.0,2061
Capped,2017,China,EB-4,2015,aged_out,0.0,2061
Capped,2017,China,EB-4,2015,exited,0.0,2061
Capped,2017,China,EB-4,2015,still_dependent,0.0,2061
Capped,2017,China,EB-5,2015,saved,92.42284661446338,2061
Capped,2017,China,EB-5,2015,aged_out,0.9903270382312298,2061
Capped,2017,China,EB-5,2015,exited,6.586826347305389,2061
Capped,2017,China,EB-5,2015,still_dependent,0.0,2061
Capped,2017,India,EB-1,2015,saved,98.10725552050474,2061
Capped,2017,India,EB-1,2015,aged_out,0.02253267237494367,2061
Capped,2017,India,EB-1,2015,exited,1.8702118071203244,2061
Capped,2017,India,EB-1,2015,still_dependent,0.0,2061
Capped,2017,India,EB-2,2015,saved,0.0,2061
Capped,2017,India,EB-2,2015,aged_out,69.92265532961123,2061
Capped,2017,India,EB-2,2015,exited,30.077344670388772,2061
Capped,2017,India,EB-2,2015,still_dependent,0.0,2061
Capped,2017,India,EB-3,2015,saved,0.0,2061
Capped,2017,India,EB-3,2015,aged_out,64.6589259796807,2061
Capped,2017,India,EB-3,2015,exited,35.341074020319304,2061
Capped,2017,India,EB-3,2015,still_dependent,0.0,2061
Capped,2017,India,EB-4,2015,saved,58.57142857142857,2061
Capped,2017,India,EB-4,2015,aged_out,12.142857142857142,2061
Capped,2017,India,EB-4,2015,exited,29.285714285714285,2061
Capped,2017,India,EB-4,2015,still_dependent,0.0,2061
Capped,2017,India,EB-5,2015,saved,98.88535031847134,2061
Capped,2017,India,EB-5,2015,aged_out,0.0,2061
Capped,2017,India,EB-5,2015,exited,1.1146496815286624,2061
Capped,2017,India,EB-5,2015,still_dependent,0.0,2061
Capped,2017,ROW,EB-1,2015,saved,99.38236303328377,2061
Capped,2017,ROW,EB-1,2015,aged_out,0.0,2061
Capped,2017,ROW,EB-1,2015,exited,0.6176369667162301,2061
Capped,2017,ROW,EB-1,2015,still_dependent,0.0,2061
Capped,2017,ROW,EB-2,2015,saved,98.41735052754983,2061
Capped,2017,ROW,EB-2,2015,aged_out,0.0,2061
Capped,2017,ROW,EB-2,2015,exited,1.5826494724501758,2061
Capped,2017,ROW,EB-2,2015,still_dependent,0.0,2061
Capped,2017,ROW,EB-3,2015,saved,96.96621466329579,2061
Capped,2017,ROW,EB-3,2015,aged_out,0.0,2061
Capped,2017,ROW,EB-3,2015,exited,3.033785336704206,2061
Capped,2017,ROW,EB-3,2015,still_dependent,0.0,2061
Capped,2017,ROW,EB-4,2015,saved,40.1675702316412,2061
Capped,2017,ROW,EB-4,2015,aged_out,18.100049285362246,2061
Capped,2017,ROW,EB-4,2015,exited,41.73238048299655,2061
Capped,2017,ROW,EB-4,2015,still_dependent,0.0,2061
Capped,2017,ROW,EB-5,2015,saved,100.0,2061
Capped,2017,ROW,EB-5,2015,aged_out,0.0,2061
Capped,2017,ROW,EB-5,2015,exited,0.0,2061
Capped,2017,ROW,EB-5,2015,still_dependent,0.0,2061
Capped,2018,China,EB-1,2015,saved,97.09605361131794,2061
Capped,2018,China,EB-1,2015,aged_out,0.0,2061
Capped,2018,China,EB-1,2015,exited,2.903946388682055,2061
Capped,2018,China,EB-1,2015,still_dependent,0.0,2061
Capped,2018,China,EB-2,2015,saved,62.666666666666664,2061
Capped,2018,China,EB-2,2015,aged_out,13.714285714285714,2061
Capped,2018,China,EB-2,2015,exited,23.61904761904762,2061
Capped,2018,China,EB-2,2015,still_dependent,0.0,2061
Capped,2018,China,EB-3,2015,saved,53.333333333333336,2061
Capped,2018,China,EB-3,2015,aged_out,15.957446808510639,2061
Capped,2018,China,EB-3,2015,exited,30.70921985815603,2061
Capped,2018,China,EB-3,2015,still_dependent,0.0,2061
Capped,2018,China,EB-4,2015,saved,100.0,2061
Capped,2018,China,EB-4,2015,aged_out,0.0,2061
Capped,2018,China,EB-4,2015,exited,0.0,2061
Capped,2018,China,EB-4,2015,still_dependent,0.0,2061
Capped,2018,China,EB-5,2015,saved,82.89019687436574,2061
Capped,2018,China,EB-5,2015,aged_out,7.6923076923076925,2061
Capped,2018,China,EB-5,2015,exited,9.417495433326568,2061
Capped,2018,China,EB-5,2015,still_dependent,0.0,2061
Capped,2018,India,EB-1,2015,saved,97.81094527363184,2061
Capped,2018,India,EB-1,2015,aged_out,0.024875621890547265,2061
Capped,2018,India,EB-1,2015,exited,2.1641791044776117,2061
Capped,2018,India,EB-1,2015,still_dependent,0.0,2061
Capped,2018,India,EB-2,2015,saved,0.0,2061
Capped,2018,India,EB-2,2015,aged_out,69.89923068588146,2061
Capped,2018,India,EB-2,2015,exited,30.10076931411854,2061
Capped,2018,India,EB-2,2015,still_dependent,0.0,2061
Capped,2018,India,EB-3,2015,saved,0.0,2061
Capped,2018,India,EB-3,2015,aged_out,64.55354734286485,2061
Capped,2018,India,EB-3,2015,exited,35.44645265713515,2061
Capped,2018,India,EB-3,2015,still_dependent,0.0,2061
Capped,2018,India,EB-4,2015,saved,63.402061855670105,2061
Capped,2018,India,EB-4,2015,aged_out,13.917525773195877,2061
Capped,2018,India,EB-4,2015,exited,22.68041237113402,2061
Capped,2018,India,EB-4,2015,still_dependent,0.0,2061
Capped,2018,India,EB-5,2015,saved,98.08429118773947,2061
Capped,2018,India,EB-5,2015,aged_out,0.7662835249042146,2061
Capped,2018,India,EB-5,2015,exited,1.1494252873563218,2061
Capped,2018,India,EB-5,2015,still_dependent,0.0,2061
Capped,2018,ROW,EB-1,2015,saved,99.17287014061208,2061
Capped,2018,ROW,EB-1,2015,aged_out,0.0,2061
Capped,2018,ROW,EB-1,2015,exited,0.8271298593879239,2061
Capped,2018,ROW,EB-1,2015,still_dependent,0.0,2061
Capped,2018,ROW,EB-2,2015,saved,97.96891389339181,2061
Capped,2018,ROW,EB-2,2015,aged_out,0.0,2061
Capped,2018,ROW,EB-2,2015,exited,2.0310861066081816,2061
Capped,2018,ROW,EB-2,2015,still_dependent,0.0,2061
Capped,2018,ROW,EB-3,2015,saved,96.51365485183032,2061
Capped,2018,ROW,EB-3,2015,aged_out,0.0,2061
Capped,2018,ROW,EB-3,2015,exited,3.486345148169669,2061
Capped,2018,ROW,EB-3,2015,still_dependent,0.0,2061
Capped,2018,ROW,EB-4,2015,saved,36.35073332281974,2061
Capped,2018,ROW,EB-4,2015,aged_out,19.681438258949694,2061
Capped,2018,ROW,EB-4,2015,exited,43.96782841823056,2061
Capped,2018,ROW,EB-4,2015,still_dependent,0.0,2061
Capped,2018,ROW,EB-5,2015,saved,100.0,2061
Capped,2018,ROW,EB-5,2015,aged_out,0.0,2061
Capped,2018,ROW,EB-5,2015,exited,0.0,2061
Capped,2018,ROW,EB-5,2015,still_dependent,0.0,2061
Capped,2019,China,EB-1,2015,saved,97.11895910780669,2061
Capped,2019,China,EB-1,2015,aged_out,0.0,2061
Capped,2019,China,EB-1,2015,exited,2.8810408921933086,2061
Capped,2019,China,EB-1,2015,still_dependent,0.0,2061
Capped,2019,China,EB-2,2015,saved,51.602849510240425,2061
Capped,2019,China,EB-2,2015,aged_out,24.487978628673197,2061
Capped,2019,China,EB-2,2015,exited,23.909171861086374,2061
Capped,2019,China,EB-2,2015,still_dependent,0.0,2061
Capped,2019,China,EB-3,2015,saved,48.48739495798319,2061
Capped,2019,China,EB-3,2015,aged_out,16.30252100840336,2061
Capped,2019,China,EB-3,2015,exited,35.21008403361345,2061
Capped,2019,China,EB-3,2015,still_dependent,0.0,2061
Capped,2019,China,EB-4,2015,saved,100.0,2061
Capped,2019,China,EB-4,2015,aged_out,0.0,2061
Capped,2019,China,EB-4,2015,exited,0.0,2061
Capped,2019,China,EB-4,2015,still_dependent,0.0,2061
Capped,2019,China,EB-5,2015,saved,76.32398753894081,2061
Capped,2019,China,EB-5,2015,aged_out,13.2398753894081,2061
Capped,2019,China,EB-5,2015,exited,10.43613707165109,2061
Capped,2019,China,EB-5,2015,still_dependent,0.0,2061
Capped,2019,India,EB-1,2015,saved,98.47389558232932,2061
Capped,2019,India,EB-1,2015,aged_out,0.0,2061
Capped,2019,India,EB-1,2015,exited,1.5261044176706828,2061
Capped,2019,India,EB-1,2015,still_dependent,0.0,2061
Capped,2019,India,EB-2,2015,saved,0.0,2061
Capped,2019,India,EB-2,2015,aged_out,70.64784298293078,2061
Capped,2019,India,EB-2,2015,exited,29.35215701706921,2061
Capped,2019,India,EB-2,2015,still_dependent,0.0,2061
Capped,2019,India,EB-3,2015,saved,0.0,2061
Capped,2019,India,EB-3,2015,aged_out,65.36557501904036,2061
Capped,2019,India,EB-3,2015,exited,34.634424980959636,2061
Capped,2019,India,EB-3,2015,still_dependent,0.0,2061
Capped,2019,India,EB-4,2015,saved,59.80582524271845,2061
Capped,2019,India,EB-4,2015,aged_out,15.145631067961165,2061
Capped,2019,India,EB-4,2015,exited,25.04854368932039,2061
Capped,2019,India,EB-4,2015,still_dependent,0.0,2061
Capped,2019,India,EB-5,2015,saved,97.1608832807571,2061
Capped,2019,India,EB-5,2015,aged_out,1.2618296529968454,2061
Capped,2019,India,EB-5,2015,exited,1.5772870662460567,2061
Capped,2019,India,EB-5,2015,still_dependent,0.0,2061
Capped,2019,ROW,EB-1,2015,saved,99.39088061260007,2061
Capped,2019,ROW,EB-1,2015,aged_out,0.0,2061
Capped,2019,ROW,EB-1,2015,exited,0.6091193873999304,2061
Capped,2019,ROW,EB-1,2015,still_dependent,0.0,2061
Capped,2019,ROW,EB-2,2015,saved,96.94102516994305,2061
Capped,2019,ROW,EB-2,2015,aged_out,0.0,2061
Capped,2019,ROW,EB-2,2015,exited,3.058974830056954,2061
Capped,2019,ROW,EB-2,2015,still_dependent,0.0,2061
Capped,2019,ROW,EB-3,2015,saved,94.78692257644762,2061
Capped,2019,ROW,EB-3,2015,aged_out,0.0,2061
Capped,2019,ROW,EB-3,2015,exited,5.213077423552375,2061
Capped,2019,ROW,EB-3,2015,still_dependent,0.0,2061
Capped,2019,ROW,EB-4,2015,saved,32.73022500579912,2061
Capped,2019,ROW,EB-4,2015,aged_out,22.0946416144746,2061
Capped,2019,ROW,EB-4,2015,exited,45.17513337972628,2061
Capped,2019,ROW,EB-4,2015,still_dependent,0.0,2061
Capped,2019,ROW,EB-5,2015,saved,100.0,2061
Capped,2019,ROW,EB-5,2015,aged_out,0.0,2061
Capped,2019,ROW,EB-5,2015,exited,0.0,2061
Capped,2019,ROW,EB-5,2015,still_dependent,0.0,2061
Capped,2020,China,EB-1,2015,saved,97.76119402985074,2061
Capped,2020,China,EB-1,2015,aged_out,0.0,2061
Capped,2020,China,EB-1,2015,exited,2.2388059701492535,2061
Capped,2020,China,EB-1,2015,still_dependent,0.0,2061
Capped,2020,China,EB-2,2015,saved,35.237659963436926,2061
Capped,2020,China,EB-2,2015,aged_out,35.237659963436926,2061
Capped,2020,China,EB-2,2015,exited,29.52468007312614,2061
Capped,2020,China,EB-2,2015,still_dependent,0.0,2061
Capped,2020,China,EB-3,2015,saved,49.79224376731302,2061
Capped,2020,China,EB-3,2015,aged_out,16.62049861495845,2061
Capped,2020,China,EB-3,2015,exited,33.58725761772853,2061
Capped,2020,China,EB-3,2015,still_dependent,0.0,2061
Capped,2020,China,EB-4,2015,saved,100.0,2061
Capped,2020,China,EB-4,2015,aged_out,0.0,2061
Capped,2020,China,EB-4,2015,exited,0.0,2061
Capped,2020,China,EB-4,2015,still_dependent,0.0,2061
Capped,2020,China,EB-5,2015,saved,83.27721661054994,2061
Capped,2020,China,EB-5,2015,aged_out,9.427609427609427,2061
Capped,2020,China,EB-5,2015,exited,7.295173961840629,2061
Capped,2020,China,EB-5,2015,still_dependent,0.0,2061
Capped,2020,India,EB-1,2015,saved,98.33080424886191,2061
Capped,2020,India,EB-1,2015,aged_out,0.0,2061
Capped,2020,India,EB-1,2015,exited,1.669195751138088,2061
Capped,2020,India,EB-1,2015,still_dependent,0.0,2061
Capped,2020,India,EB-2,2015,saved,0.0,2061
Capped,2020,India,EB-2,2015,aged_out,70.32987060324403,2061
Capped,2020,India,EB-2,2015,exited,29.670129396755968,2061
Capped,2020,India,EB-2,2015,still_dependent,0.0,2061
Capped,2020,India,EB-3,2015,saved,0.0,2061
Capped,2020,India,EB-3,2015,aged_out,65.77447335811648,2061
Capped,2020,India,EB-3,2015,exited,34.22552664188352,2061
Capped,2020,India,EB-3,2015,still_dependent,0.0,2061
Capped,2020,India,EB-4,2015,saved,52.04081632653061,2061
Capped,2020,India,EB-4,2015,aged_out,17.687074829931973,2061
Capped,2020,India,EB-4,2015,exited,30.272108843537413,2061
Capped,2020,India,EB-4,2015,still_dependent,0.0,2061
Capped,2020,India,EB-5,2015,saved,93.80952380952381,2061
Capped,2020,India,EB-5,2015,aged_out,2.857142857142857,2061
Capped,2020,India,EB-5,2015,exited,3.3333333333333335,2061
Capped,2020,India,EB-5,2015,still_dependent,0.0,2061
Capped,2020,ROW,EB-1,2015,saved,100.0,2061
Capped,2020,ROW,EB-1,2015,aged_out,0.0,2061
Capped,2020,ROW,EB-1,2015,exited,0.0,2061
Capped,2020,ROW,EB-1,2015,still_dependent,0.0,2061
Capped,2020,ROW,EB-2,2015,saved,95.98562628336755,2061
Capped,2020,ROW,EB-2,2015,aged_out,0.030800821355236138,2061
Capped,2020,ROW,EB-2,2015,exited,3.9835728952772076,2061
Capped,2020,ROW,EB-2,2015,still_dependent,0.0,2061
Capped,2020,ROW,EB-3,2015,saved,93.68791208791208,2061
Capped,2020,ROW,EB-3,2015,aged_out,0.0,2061
Capped,2020,ROW,EB-3,2015,exited,6.312087912087912,2061
Capped,2020,ROW,EB-3,2015,still_dependent,0.0,2061
Capped,2020,ROW,EB-4,2015,saved,24.648310688950342,2061
Capped,2020,ROW,EB-4,2015,aged_out,26.956835397378864,2061
Capped,2020,ROW,EB-4,2015,exited,48.394853913670794,2061
Capped,2020,ROW,EB-4,2015,still_dependent,0.0,2061
Capped,2020,ROW,EB-5,2015,saved,100.0,2061
Capped,2020,ROW,EB-5,2015,aged_out,0.0,2061
Capped,2020,ROW,EB-5,2015,exited,0.0,2061
Capped,2020,ROW,EB-5,2015,still_dependent,0.0,2061
Capped,2021,China,EB-1,2015,saved,97.33201581027669,2061
Capped,2021,China,EB-1,2015,aged_out,0.0,2061
Capped,2021,China,EB-1,2015,exited,2.6679841897233203,2061
Capped,2021,China,EB-1,2015,still_dependent,0.0,2061
Capped,2021,China,EB-2,2015,saved,23.032351521004347,2061
Capped,2021,China,EB-2,2015,aged_out,45.53355866731048,2061
Capped,2021,China,EB-2,2015,exited,31.434089811685176,2061
Capped,2021,China,EB-2,2015,still_dependent,0.0,2061
Capped,2021,China,EB-3,2015,saved,39.227704566349985,2061
Capped,2021,China,EB-3,2015,aged_out,22.24946368372663,2061
Capped,2021,China,EB-3,2015,exited,38.522831749923384,2061
Capped,2021,China,EB-3,2015,still_dependent,0.0,2061
Capped,2021,China,EB-4,2015,saved,100.0,2061
Capped,2021,China,EB-4,2015,aged_out,0.0,2061
Capped,2021,China,EB-4,2015,exited,0.0,2061
Capped,2021,China,EB-4,2015,still_dependent,0.0,2061
Capped,2021,China,EB-5,2015,saved,83.04455445544555,2061
Capped,2021,China,EB-5,2015,aged_out,6.930693069306931,2061
Capped,2021,China,EB-5,2015,exited,10.024752475247524,2061
Capped,2021,China,EB-5,2015,still_dependent,0.0,2061
Capped,2021,India,EB-1,2015,saved,98.88594164456234,2061
Capped,2021,India,EB-1,2015,aged_out,0.0,2061
Capped,2021,India,EB-1,2015,exited,1.1140583554376657,2061
Capped,2021,India,EB-1,2015,still_dependent,0.0,2061
Capped,2021,India,EB-2,2015,saved,0.0,2061
Capped,2021,India,EB-2,2015,aged_out,70.54744729631494,2061
Capped,2021,India,EB-2,2015,exited,29.452552703685065,2061
Capped,2021,India,EB-2,2015,still_dependent,0.0,2061
Capped,2021,India,EB-3,2015,saved,0.0,2061
Capped,2021,India,EB-3,2015,aged_out,65.17464775970643,2061
Capped,2021,India,EB-3,2015,exited,34.82535224029357,2061
Capped,2021,India,EB-3,2015,still_dependent,0.0,2061
Capped,2021,India,EB-4,2015,saved,48.94736842105263,2061
Capped,2021,India,EB-4,2015,aged_out,15.789473684210526,2061
Capped,2021,India,EB-4,2015,exited,35.26315789473684,2061
Capped,2021,India,EB-4,2015,still_dependent,0.0,2061
Capped,2021,India,EB-5,2015,saved,95.04504504504504,2061
Capped,2021,India,EB-5,2015,aged_out,1.3513513513513513,2061
Capped,2021,India,EB-5,2015,exited,3.6036036036036037,2061
Capped,2021,India,EB-5,2015,still_dependent,0.0,2061
Capped,2021,ROW,EB-1,2015,saved,100.0,2061
Capped,2021,ROW,EB-1,2015,aged_out,0.0,2061
Capped,2021,ROW,EB-1,2015,exited,0.0,2061
Capped,2021,ROW,EB-1,2015,still_dependent,0.0,2061
Capped,2021,ROW,EB-2,2015,saved,96.05644693601391,2061
Capped,2021,ROW,EB-2,2015,aged_out,0.04832785617630002,2061
Capped,2021,ROW,EB-2,2015,exited,3.8952252078097818,2061
Capped,2021,ROW,EB-2,2015,still_dependent,0.0,2061
Capped,2021,ROW,EB-3,2015,saved,94.46254071661238,2061
Capped,2021,ROW,EB-3,2015,aged_out,0.0,2061
Capped,2021,ROW,EB-3,2015,exited,5.537459283387622,2061
Capped,2021,ROW,EB-3,2015,still_dependent,0.0,2061
Capped,2021,ROW,EB-4,2015,saved,18.774485183324963,2061
Capped,2021,ROW,EB-4,2015,aged_out,30.557508789552987,2061
Capped,2021,ROW,EB-4,2015,exited,50.66800602712205,2061
Capped,2021,ROW,EB-4,2015,still_dependent,0.0,2061
Capped,2021,ROW,EB-5,2015,saved,99.62756052141528,2061
Capped,2021,ROW,EB-5,2015,aged_out,0.0,2061
Capped,2021,ROW,EB-5,2015,exited,0.37243947858473,2061
Capped,2021,ROW,EB-5,2015,still_dependent,0.0,2061
Capped,2022,China,EB-1,2015,saved,97.69858945805494,2061
Capped,2022,China,EB-1,2015,aged_out,0.0,2061
Capped,2022,China,EB-1,2015,exited,2.3014105419450632,2061
Capped,2022,China,EB-1,2015,still_dependent,0.0,2061
Capped,2022,China,EB-2,2015,saved,11.234329797492768,2061
Capped,2022,China,EB-2,2015,aged_out,56.31629701060752,2061
Capped,2022,China,EB-2,2015,exited,32.44937319189971,2061
Capped,2022,China,EB-2,2015,still_dependent,0.0,2061
Capped,2022,China,EB-3,2015,saved,34.76923076923077,2061
Capped,2022,China,EB-3,2015,aged_out,28.53846153846154,2061
Capped,2022,China,EB-3,2015,exited,36.69230769230769,2061
Capped,2022,China,EB-3,2015,still_dependent,0.0,2061
Capped,2022,China,EB-4,2015,saved,100.0,2061
Capped,2022,China,EB-4,2015,aged_out,0.0,2061
Capped,2022,China,EB-4,2015,exited,0.0,2061
Capped,2022,China,EB-4,2015,still_dependent,0.0,2061
Capped,2022,China,EB-5,2015,saved,91.77215189873418,2061
Capped,2022,China,EB-5,2015,aged_out,3.7974683544303796,2061
Capped,2022,China,EB-5,2015,exited,4.430379746835443,2061
Capped,2022,China,EB-5,2015,still_dependent,0.0,2061
Capped,2022,India,EB-1,2015,saved,98.64461291063634,2061
Capped,2022,India,EB-1,2015,aged_out,0.0,2061
Capped,2022,India,EB-1,2015,exited,1.3553870893636573,2061
Capped,2022,India,EB-1,2015,still_dependent,0.0,2061
Capped,2022,India,EB-2,2015,saved,0.0,2061
Capped,2022,India,EB-2,2015,aged_out,70.35087719298245,2061
Capped,2022,India,EB-2,2015,exited,29.649122807017545,2061
Capped,2022,India,EB-2,2015,still_dependent,0.0,2061
Capped,2022,India,EB-3,2015,saved,0.0,2061
Capped,2022,India,EB-3,2015,aged_out,64.08725006491821,2061
Capped,2022,India,EB-3,2015,exited,35.9127499350818,2061
Capped,2022,India,EB-3,2015,still_dependent,0.0,2061
Capped,2022,India,EB-4,2015,saved,47.60614272809395,2061
Capped,2022,India,EB-4,2015,aged_out,20.23486901535682,2061
Capped,2022,India,EB-4,2015,exited,32.15898825654923,2061
Capped,2022,India,EB-4,2015,still_dependent,0.0,2061
Capped,2022,India,EB-5,2015,saved,84.61538461538461,2061
Capped,2022,India,EB-5,2015,aged_out,5.769230769230769,2061
Capped,2022,India,EB-5,2015,exited,9.615384615384615,2061
Capped,2022,India,EB-5,2015,still_dependent,0.0,2061
Capped,2022,ROW,EB-1,2015,saved,100.0,2061
Capped,2022,ROW,EB-1,2015,aged_out,0.0,2061
Capped,2022,ROW,EB-1,2015,exited,0.0,2061
Capped,2022,ROW,EB-1,2015,still_dependent,0.0,2061
Capped,2022,ROW,EB-2,2015,saved,96.2081959491286,2061
Capped,2022,ROW,EB-2,2015,aged_out,0.07850525985241011,2061
Capped,2022,ROW,EB-2,2015,exited,3.7132987910189983,2061
Capped,2022,ROW,EB-2,2015,still_dependent,0.0,2061
Capped,2022,ROW,EB-3,2015,saved,94.27891156462584,2061
Capped,2022,ROW,EB-3,2015,aged_out,0.0,2061
Capped,2022,ROW,EB-3,2015,exited,5.72108843537415,2061
Capped,2022,ROW,EB-3,2015,still_dependent,0.0,2061
Capped,2022,ROW,EB-4,2015,saved,13.196043053568095,2061
Capped,2022,ROW,EB-4,2015,aged_out,33.024326510296774,2061
Capped,2022,ROW,EB-4,2015,exited,53.779630436135136,2061
Capped,2022,ROW,EB-4,2015,still_dependent,0.0,2061
Capped,2022,ROW,EB-5,2015,saved,100.0,2061
Capped,2022,ROW,EB-5,2015,aged_out,0.0,2061
Capped,2022,ROW,EB-5,2015,exited,0.0,2061
Capped,2022,ROW,EB-5,2015,still_dependent,0.0,2061
Capped,2023,China,EB-1,2015,saved,96.70480549199085,2061
Capped,2023,China,EB-1,2015,aged_out,0.0,2061
Capped,2023,China,EB-1,2015,exited,3.2951945080091534,2061
Capped,2023,China,EB-1,2015,still_dependent,0.0,2061
Capped,2023,China,EB-2,2015,saved,1.1627906976744187,2061
Capped,2023,China,EB-2,2015,aged_out,65.07876969242311,2061
Capped,2023,China,EB-2,2015,exited,33.758439609902474,2061
Capped,2023,China,EB-2,2015,still_dependent,0.0,2061
Capped,2023,China,EB-3,2015,saved,33.23943661971831,2061
Capped,2023,China,EB-3,2015,aged_out,27.323943661971832,2061
Capped,2023,China,EB-3,2015,exited,39.436619718309856,2061
Capped,2023,China,EB-3,2015,still_dependent,0.0,2061
Capped,2023,China,EB-4,2015,saved,100.0,2061
Capped,2023,China,EB-4,2015,aged_out,0.0,2061
Capped,2023,China,EB-4,2015,exited,0.0,2061
Capped,2023,China,EB-4,2015,still_dependent,0.0,2061
Capped,2023,China,EB-5,2015,saved,94.05940594059406,2061
Capped,2023,China,EB-5,2015,aged_out,0.0,2061
Capped,2023,China,EB-5,2015,exited,5.9405940594059405,2061
Capped,2023,China,EB-5,2015,still_dependent,0.0,2061
Capped,2023,India,EB-1,2015,saved,97.83381282788966,2061
Capped,2023,India,EB-1,2015,aged_out,0.033846674564224064,2061
Capped,2023,India,EB-1,2015,exited,2.132340497546116,2061
Capped,2023,India,EB-1,2015,still_dependent,0.0,2061
Capped,2023,India,EB-2,2015,saved,0.0,2061
Capped,2023,India,EB-2,2015,aged_out,70.39502164502164,2061
Capped,2023,India,EB-2,2015,exited,29.604978354978353,2061
Capped,2023,India,EB-2,2015,still_dependent,0.0,2061
Capped,2023,India,EB-3,2015,saved,0.0,2061
Capped,2023,India,EB-3,2015,aged_out,66.16228799467908,2061
Capped,2023,India,EB-3,2015,exited,33.83771200532092,2061
Capped,2023,India,EB-3,2015,still_dependent,0.0,2061
Capped,2023,India,EB-4,2015,saved,37.30916030534351,2061
Capped,2023,India,EB-4,2015,aged_out,26.14503816793893,2061
Capped,2023,India,EB-4,2015,exited,36.545801526717554,2061
Capped,2023,India,EB-4,2015,still_dependent,0.0,2061
Capped,2023,India,EB-5,2015,saved,95.97069597069597,2061
Capped,2023,India,EB-5,2015,aged_out,1.098901098901099,2061
Capped,2023,India,EB-5,2015,exited,2.93040293040293,2061
Capped,2023,India,EB-5,2015,still_dependent,0.0,2061
Capped,2023,ROW,EB-1,2015,saved,100.0,2061
Capped,2023,ROW,EB-1,2015,aged_out,0.0,2061
Capped,2023,ROW,EB-1,2015,exited,0.0,2061
Capped,2023,ROW,EB-1,2015,still_dependent,0.0,2061
Capped,2023,ROW,EB-2,2015,saved,95.58299545398698,2061
Capped,2023,ROW,EB-2,2015,aged_out,0.11672195601425236,2061
Capped,2023,ROW,EB-2,2015,exited,4.300282589998772,2061
Capped,2023,ROW,EB-2,2015,still_dependent,0.0,2061
Capped,2023,ROW,EB-3,2015,saved,90.51235426248796,2061
Capped,2023,ROW,EB-3,2015,aged_out,0.06952615252968232,2061
Capped,2023,ROW,EB-3,2015,exited,9.418119584982351,2061
Capped,2023,ROW,EB-3,2015,still_dependent,0.0,2061
Capped,2023,ROW,EB-4,2015,saved,9.132676980778246,2061
Capped,2023,ROW,EB-4,2015,aged_out,37.47773089545242,2061
Capped,2023,ROW,EB-4,2015,exited,53.38959212376934,2061
Capped,2023,ROW,EB-4,2015,still_dependent,0.0,2061
Capped,2023,ROW,EB-5,2015,saved,100.0,2061
Capped,2023,ROW,EB-5,2015,aged_out,0.0,2061
Capped,2023,ROW,EB-5,2015,exited,0.0,2061
Capped,2023,ROW,EB-5,2015,still_dependent,0.0,2061
Capped,2024,China,EB-1,2015,saved,94.45676274944567,2061
Capped,2024,China,EB-1,2015,aged_out,0.0,2061
Capped,2024,China,EB-1,2015,exited,5.5432372505543235,2061
Capped,2024,China,EB-1,2015,still_dependent,0.0,2061
Capped,2024,China,EB-2,2015,saved,0.0,2061
Capped,2024,China,EB-2,2015,aged_out,65.4356846473029,2061
Capped,2024,China,EB-2,2015,exited,34.56431535269709,2061
Capped,2024,China,EB-2,2015,still_dependent,0.0,2061
Capped,2024,China,EB-3,2015,saved,31.341991341991342,2061
Capped,2024,China,EB-3,2015,aged_out,30.649350649350648,2061
Capped,2024,China,EB-3,2015,exited,38.00865800865801,2061
Capped,2024,China,EB-3,2015,still_dependent,0.0,2061
Capped,2024,China,EB-4,2015,saved,100.0,2061
Capped,2024,China,EB-4,2015,aged_out,0.0,2061
Capped,2024,China,EB-4,2015,exited,0.0,2061
Capped,2024,China,EB-4,2015,still_dependent,0.0,2061
Capped,2024,China,EB-5,2015,saved,94.16720674011665,2061
Capped,2024,China,EB-5,2015,aged_out,0.0,2061
Capped,2024,China,EB-5,2015,exited,5.832793259883344,2061
Capped,2024,China,EB-5,2015,still_dependent,0.0,2061
Capped,2024,India,EB-1,2015,saved,96.60068846815835,2061
Capped,2024,India,EB-1,2015,aged_out,0.25817555938037867,2061
Capped,2024,India,EB-1,2015,exited,3.1411359724612735,2061
Capped,2024,India,EB-1,2015,still_dependent,0.0,2061
Capped,2024,India,EB-2,2015,saved,0.0,2061
Capped,2024,India,EB-2,2015,aged_out,70.23312073894876,2061
Capped,2024,India,EB-2,2015,exited,29.766879261051244,2061
Capped,2024,India,EB-2,2015,still_dependent,0.0,2061
Capped,2024,India,EB-3,2015,saved,0.0,2061
Capped,2024,India,EB-3,2015,aged_out,64.58422174840085,2061
Capped,2024,India,EB-3,2015,exited,35.41577825159915,2061
Capped,2024,India,EB-3,2015,still_dependent,0.0,2061
Capped,2024,India,EB-4,2015,saved,33.333333333333336,2061
Capped,2024,India,EB-4,2015,aged_out,31.87042842215256,2061
Capped,2024,India,EB-4,2015,exited,34.79623824451411,2061
Capped,2024,India,EB-4,2015,still_dependent,0.0,2061
Capped,2024,India,EB-5,2015,saved,93.95604395604396,2061
Capped,2024,India,EB-5,2015,aged_out,2.7472527472527473,2061
Capped,2024,India,EB-5,2015,exited,3.2967032967032965,2061
Capped,2024,India,EB-5,2015,still_dependent,0.0,2061
Capped,2024,ROW,EB-1,2015,saved,100.0,2061
Capped,2024,ROW,EB-1,2015,aged_out,0.0,2061
Capped,2024,ROW,EB-1,2015,exited,0.0,2061
Capped,2024,ROW,EB-1,2015,still_dependent,0.0,2061
Capped,2024,ROW,EB-2,2015,saved,94.14860681114551,2061
Capped,2024,ROW,EB-2,2015,aged_out,0.19349845201238391,2061
Capped,2024,ROW,EB-2,2015,exited,5.657894736842105,2061
Capped,2024,ROW,EB-2,2015,still_dependent,0.0,2061
Capped,2024,ROW,EB-3,2015,saved,87.92763539371448,2061
Capped,2024,ROW,EB-3,2015,aged_out,0.46967412733387454,2061
Capped,2024,ROW,EB-3,2015,exited,11.60269047895164,2061
Capped,2024,ROW,EB-3,2015,still_dependent,0.0,2061
Capped,2024,ROW,EB-4,2015,saved,2.662721893491124,2061
Capped,2024,ROW,EB-4,2015,aged_out,41.25874125874126,2061
Capped,2024,ROW,EB-4,2015,exited,56.078536847767616,2061
Capped,2024,ROW,EB-4,2015,still_dependent,0.0,2061
Capped,2024,ROW,EB-5,2015,saved,100.0,2061
Capped,2024,ROW,EB-5,2015,aged_out,0.0,2061
Capped,2024,ROW,EB-5,2015,exited,0.0,2061
Capped,2024,ROW,EB-5,2015,still_dependent,0.0,2061
Capped,2025,China,EB-1,2015,saved,92.98336798336798,2061
Capped,2025,China,EB-1,2015,aged_out,0.0,2061
Capped,2025,China,EB-1,2015,exited,7.016632016632016,2061
Capped,2025,China,EB-1,2015,still_dependent,0.0,2061
Capped,2025,China,EB-2,2015,saved,0.0,2061
Capped,2025,China,EB-2,2015,aged_out,67.26715216558068,2061
Capped,2025,China,EB-2,2015,exited,32.73284783441932,2061
Capped,2025,China,EB-2,2015,still_dependent,0.0,2061
Capped,2025,China,EB-3,2015,saved,23.150565709312446,2061
Capped,2025,China,EB-3,2015,aged_out,34.42123585726719,2061
Capped,2025,China,EB-3,2015,exited,42.42819843342036,2061
Capped,2025,China,EB-3,2015,still_dependent,0.0,2061
Capped,2025,China,EB-4,2015,saved,100.0,2061
Capped,2025,China,EB-4,2015,aged_out,0.0,2061
Capped,2025,China,EB-4,2015,exited,0.0,2061
Capped,2025,China,EB-4,2015,still_dependent,0.0,2061
Capped,2025,China,EB-5,2015,saved,94.7962382445141,2061
Capped,2025,China,EB-5,2015,aged_out,0.0,2061
Capped,2025,China,EB-5,2015,exited,5.2037617554858935,2061
Capped,2025,China,EB-5,2015,still_dependent,0.0,2061
Capped,2025,India,EB-1,2015,saved,96.13778705636743,2061
Capped,2025,India,EB-1,2015,aged_out,0.35490605427974947,2061
Capped,2025,India,EB-1,2015,exited,3.5073068893528183,2061
Capped,2025,India,EB-1,2015,still_dependent,0.0,2061
Capped,2025,India,EB-2,2015,saved,0.0,2061
Capped,2025,India,EB-2,2015,aged_out,70.64175201568969,2061
Capped,2025,India,EB-2,2015,exited,29.358247984310307,2061
Capped,2025,India,EB-2,2015,still_dependent,0.0,2061
Capped,2025,India,EB-3,2015,saved,0.0,2061
Capped,2025,India,EB-3,2015,aged_out,65.49568965517241,2061
Capped,2025,India,EB-3,2015,exited,34.50431034482759,2061
Capped,2025,India,EB-3,2015,still_dependent,0.0,2061
Capped,2025,India,EB-4,2015,saved,25.13781697905182,2061
Capped,2025,India,EB-4,2015,aged_out,30.981256890848954,2061
Capped,2025,India,EB-4,2015,exited,43.880926130099226,2061
Capped,2025,India,EB-4,2015,still_dependent,0.0,2061
Capped,2025,India,EB-5,2015,saved,94.08194233687405,2061
Capped,2025,India,EB-5,2015,aged_out,1.8209408194233687,2061
Capped,2025,India,EB-5,2015,exited,4.09711684370258,2061
Capped,2025,India,EB-5,2015,still_dependent,0.0,2061
Capped,2025,ROW,EB-1,2015,saved,100.0,2061
Capped,2025,ROW,EB-1,2015,aged_out,0.0,2061
Capped,2025,ROW,EB-1,2015,exited,0.0,2061
Capped,2025,ROW,EB-1,2015,still_dependent,0.0,2061
Capped,2025,ROW,EB-2,2015,saved,93.48519008007463,2061
Capped,2025,ROW,EB-2,2015,aged_out,0.21767861307626526,2061
Capped,2025,ROW,EB-2,2015,exited,6.297131306849102,2061
Capped,2025,ROW,EB-2,2015,still_dependent,0.0,2061
Capped,2025,ROW,EB-3,2015,saved,84.9210480652438,2061
Capped,2025,ROW,EB-3,2015,aged_out,0.7519231881543178,2061
Capped,2025,ROW,EB-3,2015,exited,14.327028746601886,2061
Capped,2025,ROW,EB-3,2015,still_dependent,0.0,2061
Capped,2025,ROW,EB-4,2015,saved,0.0,2061
Capped,2025,ROW,EB-4,2015,aged_out,43.341799709724235,2061
Capped,2025,ROW,EB-4,2015,exited,56.658200290275765,2061
Capped,2025,ROW,EB-4,2015,still_dependent,0.0,2061
Capped,2025,ROW,EB-5,2015,saved,100.0,2061
Capped,2025,ROW,EB-5,2015,aged_out,0.0,2061
Capped,2025,ROW,EB-5,2015,exited,0.0,2061
Capped,2025,ROW,EB-5,2015,still_dependent,0.0,2061
Capped,2026,China,EB-1,2015,saved,91.94260485651215,2061
Capped,2026,China,EB-1,2015,aged_out,0.717439293598234,2061
Capped,2026,China,EB-1,2015,exited,7.339955849889625,2061
Capped,2026,China,EB-1,2015,still_dependent,0.0,2061
Capped,2026,China,EB-2,2015,saved,0.0,2061
Capped,2026,China,EB-2,2015,aged_out,67.40418806795734,2061
Capped,2026,China,EB-2,2015,exited,32.59581193204267,2061
Capped,2026,China,EB-2,2015,still_dependent,0.0,2061
Capped,2026,China,EB-3,2015,saved,20.501539815222174,2061
Capped,2026,China,EB-3,2015,aged_out,36.47162340519138,2061
Capped,2026,China,EB-3,2015,exited,43.026836779586446,2061
Capped,2026,China,EB-3,2015,still_dependent,0.0,2061
Capped,2026,China,EB-4,2015,saved,100.0,2061
Capped,2026,China,EB-4,2015,aged_out,0.0,2061
Capped,2026,China,EB-4,2015,exited,0.0,2061
Capped,2026,China,EB-4,2015,still_dependent,0.0,2061
Capped,2026,China,EB-5,2015,saved,93.90402075226977,2061
Capped,2026,China,EB-5,2015,aged_out,0.2594033722438392,2061
Capped,2026,China,EB-5,2015,exited,5.836575875486381,2061
Capped,2026,China,EB-5,2015,still_dependent,0.0,2061
Capped,2026,India,EB-1,2015,saved,94.03640929064657,2061
Capped,2026,India,EB-1,2015,aged_out,0.7951454279137895,2061
Capped,2026,India,EB-1,2015,exited,5.168445281439632,2061
Capped,2026,India,EB-1,2015,still_dependent,0.0,2061
Capped,2026,India,EB-2,2015,saved,0.0,2061
Capped,2026,India,EB-2,2015,aged_out,70.97456478117034,2061
Capped,2026,India,EB-2,2015,exited,29.025435218829653,2061
Capped,2026,India,EB-2,2015,still_dependent,0.0,2061
Capped,2026,India,EB-3,2015,saved,0.0,2061
Capped,2026,India,EB-3,2015,aged_out,65.23164335664336,2061
Capped,2026,India,EB-3,2015,exited,34.76835664335665,2061
Capped,2026,India,EB-3,2015,still_dependent,0.0,2061
Capped,2026,India,EB-4,2015,saved,25.05720823798627,2061
Capped,2026,India,EB-4,2015,aged_out,34.89702517162471,2061
Capped,2026,India,EB-4,2015,exited,40.045766590389015,2061
Capped,2026,India,EB-4,2015,still_dependent,0.0,2061
Capped,2026,India,EB-5,2015,saved,92.71916790490341,2061
Capped,2026,India,EB-5,2015,aged_out,2.674591381872214,2061
Capped,2026,India,EB-5,2015,exited,4.606240713224368,2061
Capped,2026,India,EB-5,2015,still_dependent,0.0,2061
Capped,2026,ROW,EB-1,2015,saved,100.0,2061
Capped,2026,ROW,EB-1,2015,aged_out,0.0,2061
Capped,2026,ROW,EB-1,2015,exited,0.0,2061
Capped,2026,ROW,EB-1,2015,still_dependent,0.0,2061
Capped,2026,ROW,EB-2,2015,saved,93.36317332921747,2061
Capped,2026,ROW,EB-2,2015,aged_out,0.19293100787158513,2061
Capped,2026,ROW,EB-2,2015,exited,6.443895662910943,2061
Capped,2026,ROW,EB-2,2015,still_dependent,0.0,2061
Capped,2026,ROW,EB-3,2015,saved,82.10329952197738,2061
Capped,2026,ROW,EB-3,2015,aged_out,1.0493179433368311,2061
Capped,2026,ROW,EB-3,2015,exited,16.84738253468579,2061
Capped,2026,ROW,EB-3,2015,still_dependent,0.0,2061
Capped,2026,ROW,EB-4,2015,saved,0.0,2061
Capped,2026,ROW,EB-4,2015,aged_out,43.82093316519546,2061
Capped,2026,ROW,EB-4,2015,exited,56.17906683480454,2061
Capped,2026,ROW,EB-4,2015,still_dependent,0.0,2061
Capped,2026,ROW,EB-5,2015,saved,100.0,2061
Capped,2026,ROW,EB-5,2015,aged_out,0.0,2061
Capped,2026,ROW,EB-5,2015,exited,0.0,2061
Capped,2026,ROW,EB-5,2015,still_dependent,0.0,2061
Capped,2027,China,EB-1,2015,saved,90.29850746268657,2061
Capped,2027,China,EB-1,2015,aged_out,1.0660980810234542,2061
Capped,2027,China,EB-1,2015,exited,8.635394456289978,2061
Capped,2027,China,EB-1,2015,still_dependent,0.0,2061
Capped,2027,China,EB-2,2015,saved,0.0,2061
Capped,2027,China,EB-2,2015,aged_out,67.89571694599627,2061
Capped,2027,China,EB-2,2015,exited,32.10428305400372,2061
Capped,2027,China,EB-2,2015,still_dependent,0.0,2061
Capped,2027,China,EB-3,2015,saved,16.304347826086957,2061
Capped,2027,China,EB-3,2015,aged_out,39.5066889632107,2061
Capped,2027,China,EB-3,2015,exited,44.18896321070234,2061
Capped,2027,China,EB-3,2015,still_dependent,0.0,2061
Capped,2027,China,EB-4,2015,saved,100.0,2061
Capped,2027,China,EB-4,2015,aged_out,0.0,2061
Capped,2027,China,EB-4,2015,exited,0.0,2061
Capped,2027,China,EB-4,2015,still_dependent,0.0,2061
Capped,2027,China,EB-5,2015,saved,92.47669773635153,2061
Capped,2027,China,EB-5,2015,aged_out,0.6657789613848203,2061
Capped,2027,China,EB-5,2015,exited,6.857523302263648,2061
Capped,2027,China,EB-5,2015,still_dependent,0.0,2061
Capped,2027,India,EB-1,2015,saved,92.75607180570222,2061
Capped,2027,India,EB-1,2015,aged_out,1.1404435058078142,2061
Capped,2027,India,EB-1,2015,exited,6.103484688489968,2061
Capped,2027,India,EB-1,2015,still_dependent,0.0,2061
Capped,2027,India,EB-2,2015,saved,0.0,2061
Capped,2027,India,EB-2,2015,aged_out,70.22274958200744,2061
Capped,2027,India,EB-2,2015,exited,29.77725041799256,2061
Capped,2027,India,EB-2,2015,still_dependent,0.0,2061
Capped,2027,India,EB-3,2015,saved,0.0,2061
Capped,2027,India,EB-3,2015,aged_out,64.79432031739402,2061
Capped,2027,India,EB-3,2015,exited,35.205679682605975,2061
Capped,2027,India,EB-3,2015,still_dependent,0.0,2061
Capped,2027,India,EB-4,2015,saved,17.71488469601677,2061
Capped,2027,India,EB-4,2015,aged_out,34.59119496855346,2061
Capped,2027,India,EB-4,2015,exited,47.693920335429766,2061
Capped,2027,India,EB-4,2015,still_dependent,0.0,2061
Capped,2027,India,EB-5,2015,saved,93.10344827586206,2061
Capped,2027,India,EB-5,2015,aged_out,3.3045977011494254,2061
Capped,2027,India,EB-5,2015,exited,3.5919540229885056,2061
Capped,2027,India,EB-5,2015,still_dependent,0.0,2061
Capped,2027,ROW,EB-1,2015,saved,100.0,2061
Capped,2027,ROW,EB-1,2015,aged_out,0.0,2061
Capped,2027,ROW,EB-1,2015,exited,0.0,2061
Capped,2027,ROW,EB-1,2015,still_dependent,0.0,2061
Capped,2027,ROW,EB-2,2015,saved,92.72530697351147,2061
Capped,2027,ROW,EB-2,2015,aged_out,0.28573635029732025,2061
Capped,2027,ROW,EB-2,2015,exited,6.988956676191211,2061
Capped,2027,ROW,EB-2,2015,still_dependent,0.0,2061
Capped,2027,ROW,EB-3,2015,saved,80.23173327027666,2061
Capped,2027,ROW,EB-3,2015,aged_out,1.9094348545755497,2061
Capped,2027,ROW,EB-3,2015,exited,17.85883187514779,2061
Capped,2027,ROW,EB-3,2015,still_dependent,0.0,2061
Capped,2027,ROW,EB-4,2015,saved,0.0,2061
Capped,2027,ROW,EB-4,2015,aged_out,43.61576801087449,2061
Capped,2027,ROW,EB-4,2015,exited,56.38423198912551,2061
Capped,2027,ROW,EB-4,2015,still_dependent,0.0,2061
Capped,2027,ROW,EB-5,2015,saved,100.0,2061
Capped,2027,ROW,EB-5,2015,aged_out,0.0,2061
Capped,2027,ROW,EB-5,2015,exited,0.0,2061
Capped,2027,ROW,EB-5,2015,still_dependent,0.0,2061
Capped,2028,China,EB-1,2015,saved,88.50267379679144,2061
Capped,2028,China,EB-1,2015,aged_out,3.6898395721925135,2061
Capped,2028,China,EB-1,2015,exited,7.807486631016043,2061
Capped,2028,China,EB-1,2015,still_dependent,0.0,2061
Capped,2028,China,EB-2,2015,saved,0.0,2061
Capped,2028,China,EB-2,2015,aged_out,67.4283340257582,2061
Capped,2028,China,EB-2,2015,exited,32.571665974241796,2061
Capped,2028,China,EB-2,2015,still_dependent,0.0,2061
Capped,2028,China,EB-3,2015,saved,13.068893528183716,2061
Capped,2028,China,EB-3,2015,aged_out,44.96868475991649,2061
Capped,2028,China,EB-3,2015,exited,41.96242171189979,2061
Capped,2028,China,EB-3,2015,still_dependent,0.0,2061
Capped,2028,China,EB-4,2015,saved,100.0,2061
Capped,2028,China,EB-4,2015,aged_out,0.0,2061
Capped,2028,China,EB-4,2015,exited,0.0,2061
Capped,2028,China,EB-4,2015,still_dependent,0.0,2061
Capped,2028,China,EB-5,2015,saved,92.49190938511327,2061
Capped,2028,China,EB-5,2015,aged_out,1.1003236245954693,2061
Capped,2028,China,EB-5,2015,exited,6.407766990291262,2061
Capped,2028,China,EB-5,2015,still_dependent,0.0,2061
Capped,2028,India,EB-1,2015,saved,92.36302094351598,2061
Capped,2028,India,EB-1,2015,aged_out,1.7347154643537128,2061
Capped,2028,India,EB-1,2015,exited,5.902263592130315,2061
Capped,2028,India,EB-1,2015,still_dependent,0.0,2061
Capped,2028,India,EB-2,2015,saved,0.0,2061
Capped,2028,India,EB-2,2015,aged_out,71.10877154097633,2061
Capped,2028,India,EB-2,2015,exited,28.89122845902366,2061
Capped,2028,India,EB-2,2015,still_dependent,0.0,2061
Capped,2028,India,EB-3,2015,saved,0.0,2061
Capped,2028,India,EB-3,2015,aged_out,67.06896551724138,2061
Capped,2028,India,EB-3,2015,exited,32.93103448275862,2061
Capped,2028,India,EB-3,2015,still_dependent,0.0,2061
Capped,2028,India,EB-4,2015,saved,17.309697601668404,2061
Capped,2028,India,EB-4,2015,aged_out,34.932221063607926,2061
Capped,2028,India,EB-4,2015,exited,47.75808133472367,2061
Capped,2028,India,EB-4,2015,still_dependent,0.0,2061
Capped,2028,India,EB-5,2015,saved,91.91780821917808,2061
Capped,2028,India,EB-5,2015,aged_out,2.73972602739726,2061
Capped,2028,India,EB-5,2015,exited,5.342465753424658,2061
Capped,2028,India,EB-5,2015,still_dependent,0.0,2061
Capped,2028,ROW,EB-1,2015,saved,100.0,2061
Capped,2028,ROW,EB-1,2015,aged_out,0.0,2061
Capped,2028,ROW,EB-1,2015,exited,0.0,2061
Capped,2028,ROW,EB-1,2015,still_dependent,0.0,2061
Capped,2028,ROW,EB-2,2015,saved,92.96924540266329,2061
Capped,2028,ROW,EB-2,2015,aged_out,0.293278376664553,2061
Capped,2028,ROW,EB-2,2015,exited,6.737476220672162,2061
Capped,2028,ROW,EB-2,2015,still_dependent,0.0,2061
Capped,2028,ROW,EB-3,2015,saved,77.39181286549707,2061
Capped,2028,ROW,EB-3,2015,aged_out,2.473684210526316,2061
Capped,2028,ROW,EB-3,2015,exited,20.13450292397661,2061
Capped,2028,ROW,EB-3,2015,still_dependent,0.0,2061
Capped,2028,ROW,EB-4,2015,saved,0.0,2061
Capped,2028,ROW,EB-4,2015,aged_out,43.35015318075329,2061
Capped,2028,ROW,EB-4,2015,exited,56.64984681924671,2061
Capped,2028,ROW,EB-4,2015,still_dependent,0.0,2061
Capped,2028,ROW,EB-5,2015,saved,100.0,2061
Capped,2028,ROW,EB-5,2015,aged_out,0.0,2061
Capped,2028,ROW,EB-5,2015,exited,0.0,2061
Capped,2028,ROW,EB-5,2015,still_dependent,0.0,2061
Capped,2029,China,EB-1,2015,saved,85.25088697415104,2061
Capped,2029,China,EB-1,2015,aged_out,5.119107957425241,2061
Capped,2029,China,EB-1,2015,exited,9.63000506842372,2061
Capped,2029,China,EB-1,2015,still_dependent,0.0,2061
Capped,2029,China,EB-2,2015,saved,0.0,2061
Capped,2029,China,EB-2,2015,aged_out,65.82532051282051,2061
Capped,2029,China,EB-2,2015,exited,34.17467948717949,2061
Capped,2029,China,EB-2,2015,still_dependent,0.0,2061
Capped,2029,China,EB-3,2015,saved,7.797594359187059,2061
Capped,2029,China,EB-3,2015,aged_out,47.44919120696807,2061
Capped,2029,China,EB-3,2015,exited,44.753214433844875,2061
Capped,2029,China,EB-3,2015,still_dependent,0.0,2061
Capped,2029,China,EB-4,2015,saved,100.0,2061
Capped,2029,China,EB-4,2015,aged_out,0.0,2061
Capped,2029,China,EB-4,2015,exited,0.0,2061
Capped,2029,China,EB-4,2015,still_dependent,0.0,2061
Capped,2029,China,EB-5,2015,saved,91.15913555992141,2061
Capped,2029,China,EB-5,2015,aged_out,1.83366077275704,2061
Capped,2029,China,EB-5,2015,exited,7.007203667321545,2061
Capped,2029,China,EB-5,2015,still_dependent,0.0,2061
Capped,2029,India,EB-1,2015,saved,89.79859894921191,2061
Capped,2029,India,EB-1,2015,aged_out,3.677758318739054,2061
Capped,2029,India,EB-1,2015,exited,6.523642732049037,2061
Capped,2029,India,EB-1,2015,still_dependent,0.0,2061
Capped,2029,India,EB-2,2015,saved,0.0,2061
Capped,2029,India,EB-2,2015,aged_out,70.65229168924044,2061
Capped,2029,India,EB-2,2015,exited,29.34770831075956,2061
Capped,2029,India,EB-2,2015,still_dependent,0.0,2061
Capped,2029,India,EB-3,2015,saved,0.0,2061
Capped,2029,India,EB-3,2015,aged_out,65.69655467579713,2061
Capped,2029,India,EB-3,2015,exited,34.30344532420287,2061
Capped,2029,India,EB-3,2015,still_dependent,0.0,2061
Capped,2029,India,EB-4,2015,saved,16.049382716049383,2061
Capped,2029,India,EB-4,2015,aged_out,41.666666666666664,2061
Capped,2029,India,EB-4,2015,exited,42.28395061728395,2061
Capped,2029,India,EB-4,2015,still_dependent,0.0,2061
Capped,2029,India,EB-5,2015,saved,91.21725731895224,2061
Capped,2029,India,EB-5,2015,aged_out,3.852080123266564,2061
Capped,2029,India,EB-5,2015,exited,4.9306625577812015,2061
Capped,2029,India,EB-5,2015,still_dependent,0.0,2061
Capped,2029,ROW,EB-1,2015,saved,100.0,2061
Capped,2029,ROW,EB-1,2015,aged_out,0.0,2061
Capped,2029,ROW,EB-1,2015,exited,0.0,2061
Capped,2029,ROW,EB-1,2015,still_dependent,0.0,2061
Capped,2029,ROW,EB-2,2015,saved,91.8000932690813,2061
Capped,2029,ROW,EB-2,2015,aged_out,0.310896937665164,2061
Capped,2029,ROW,EB-2,2015,exited,7.889009793253536,2061
Capped,2029,ROW,EB-2,2015,still_dependent,0.0,2061
Capped,2029,ROW,EB-3,2015,saved,75.65257300212265,2061
Capped,2029,ROW,EB-3,2015,aged_out,3.361826630715392,2061
Capped,2029,ROW,EB-3,2015,exited,20.985600367161954,2061
Capped,2029,ROW,EB-3,2015,still_dependent,0.0,2061
Capped,2029,ROW,EB-4,2015,saved,0.0,2061
Capped,2029,ROW,EB-4,2015,aged_out,45.07942304181121,2061
Capped,2029,ROW,EB-4,2015,exited,54.92057695818879,2061
Capped,2029,ROW,EB-4,2015,still_dependent,0.0,2061
Capped,2029,ROW,EB-5,2015,saved,100.0,2061
Capped,2029,ROW,EB-5,2015,aged_out,0.0,2061
Capped,2029,ROW,EB-5,2015,exited,0.0,2061
Capped,2029,ROW,EB-5,2015,still_dependent,0.0,2061
Capped,2030,China,EB-1,2015,saved,81.30457113507961,2061
Capped,2030,China,EB-1,2015,aged_out,6.882383153569594,2061
Capped,2030,China,EB-1,2015,exited,11.813045711350796,2061
Capped,2030,China,EB-1,2015,still_dependent,0.0,2061
Capped,2030,China,EB-2,2015,saved,0.0,2061
Capped,2030,China,EB-2,2015,aged_out,65.96858638743456,2061
Capped,2030,China,EB-2,2015,exited,34.031413612565444,2061
Capped,2030,China,EB-2,2015,still_dependent,0.0,2061
Capped,2030,China,EB-3,2015,saved,6.224988883948422,2061
Capped,2030,China,EB-3,2015,aged_out,48.77723432636727,2061
Capped,2030,China,EB-3,2015,exited,44.9977767896843,2061
Capped,2030,China,EB-3,2015,still_dependent,0.0,2061
Capped,2030,China,EB-4,2015,saved,100.0,2061
Capped,2030,China,EB-4,2015,aged_out,0.0,2061
Capped,2030,China,EB-4,2015,exited,0.0,2061
Capped,2030,China,EB-4,2015,still_dependent,0.0,2061
Capped,2030,China,EB-5,2015,saved,92.62347658755613,2061
Capped,2030,China,EB-5,2015,aged_out,1.667735728030789,2061
Capped,2030,China,EB-5,2015,exited,5.708787684413085,2061
Capped,2030,China,EB-5,2015,still_dependent,0.0,2061
Capped,2030,India,EB-1,2015,saved,87.93980500211954,2061
Capped,2030,India,EB-1,2015,aged_out,4.514624841034337,2061
Capped,2030,India,EB-1,2015,exited,7.5455701568461215,2061
Capped,2030,India,EB-1,2015,still_dependent,0.0,2061
Capped,2030,India,EB-2,2015,saved,0.0,2061
Capped,2030,India,EB-2,2015,aged_out,70.29632469737635,2061
Capped,2030,India,EB-2,2015,exited,29.70367530262365,2061
Capped,2030,India,EB-2,2015,still_dependent,0.0,2061
Capped,2030,India,EB-3,2015,saved,0.0,2061
Capped,2030,India,EB-3,2015,aged_out,65.86864406779661,2061
Capped,2030,India,EB-3,2015,exited,34.13135593220339,2061
Capped,2030,India,EB-3,2015,still_dependent,0.0,2061
Capped,2030,India,EB-4,2015,saved,12.11111111111111,2061
Capped,2030,India,EB-4,2015,aged_out,41.55555555555556,2061
Capped,2030,India,EB-4,2015,exited,46.333333333333336,2061
Capped,2030,India,EB-4,2015,still_dependent,0.0,2061
Capped,2030,India,EB-5,2015,saved,90.44222539229672,2061
Capped,2030,India,EB-5,2015,aged_out,3.8516405135520686,2061
Capped,2030,India,EB-5,2015,exited,5.706134094151213,2061
Capped,2030,India,EB-5,2015,still_dependent,0.0,2061
Capped,2030,ROW,EB-1,2015,saved,100.0,2061
Capped,2030,ROW,EB-1,2015,aged_out,0.0,2061
Capped,2030,ROW,EB-1,2015,exited,0.0,2061
Capped,2030,ROW,EB-1,2015,still_dependent,0.0,2061
Capped,2030,ROW,EB-2,2015,saved,90.52205151723611,2061
Capped,2030,ROW,EB-2,2015,aged_out,0.41274936941068563,2061
Capped,2030,ROW,EB-2,2015,exited,9.065199113353206,2061
Capped,2030,ROW,EB-2,2015,still_dependent,0.0,2061
Capped,2030,ROW,EB-3,2015,saved,73.20456540825285,2061
Capped,2030,ROW,EB-3,2015,aged_out,4.1264266900790165,2061
Capped,2030,ROW,EB-3,2015,exited,22.66900790166813,2061
Capped,2030,ROW,EB-3,2015,still_dependent,0.0,2061
Capped,2030,ROW,EB-4,2015,saved,0.0,2061
Capped,2030,ROW,EB-4,2015,aged_out,45.19464173334532,2061
Capped,2030,ROW,EB-4,2015,exited,54.80535826665468,2061
Capped,2030,ROW,EB-4,2015,still_dependent,0.0,2061
Capped,2030,ROW,EB-5,2015,saved,100.0,2061
Capped,2030,ROW,EB-5,2015,aged_out,0.0,2061
Capped,2030,ROW,EB-5,2015,exited,0.0,2061
Capped,2030,ROW,EB-5,2015,still_dependent,0.0,2061
Capped,2031,China,EB-1,2015,saved,78.84012539184953,2061
Capped,2031,China,EB-1,2015,aged_out,9.561128526645769,2061
Capped,2031,China,EB-1,2015,exited,11.598746081504702,2061
Capped,2031,China,EB-1,2015,still_dependent,0.0,2061
Capped,2031,China,EB-2,2015,saved,0.0,2061
Capped,2031,China,EB-2,2015,aged_out,67.44369814302647,2061
Capped,2031,China,EB-2,2015,exited,32.556301856973526,2061
Capped,2031,China,EB-2,2015,still_dependent,0.0,2061
Capped,2031,China,EB-3,2015,saved,3.7532355478861086,2061
Capped,2031,China,EB-3,2015,aged_out,50.38826574633305,2061
Capped,2031,China,EB-3,2015,exited,45.858498705780846,2061
Capped,2031,China,EB-3,2015,still_dependent,0.0,2061
Capped,2031,China,EB-4,2015,saved,100.0,2061
Capped,2031,China,EB-4,2015,aged_out,0.0,2061
Capped,2031,China,EB-4,2015,exited,0.0,2061
Capped,2031,China,EB-4,2015,still_dependent,0.0,2061
Capped,2031,China,EB-5,2015,saved,92.04685573366214,2061
Capped,2031,China,EB-5,2015,aged_out,2.281134401972873,2061
Capped,2031,China,EB-5,2015,exited,5.6720098643649814,2061
Capped,2031,China,EB-5,2015,still_dependent,0.0,2061
Capped,2031,India,EB-1,2015,saved,85.9489840034587,2061
Capped,2031,India,EB-1,2015,aged_out,5.555555555555555,2061
Capped,2031,India,EB-1,2015,exited,8.495460440985733,2061
Capped,2031,India,EB-1,2015,still_dependent,0.0,2061
Capped,2031,India,EB-2,2015,saved,0.0,2061
Capped,2031,India,EB-2,2015,aged_out,69.99291900430306,2061
Capped,2031,India,EB-2,2015,exited,30.007080995696935,2061
Capped,2031,India,EB-2,2015,still_dependent,0.0,2061
Capped,2031,India,EB-3,2015,saved,0.0,2061
Capped,2031,India,EB-3,2015,aged_out,65.11976047904191,2061
Capped,2031,India,EB-3,2015,exited,34.880239520958085,2061
Capped,2031,India,EB-3,2015,still_dependent,0.0,2061
Capped,2031,India,EB-4,2015,saved,12.378167641325536,2061
Capped,2031,India,EB-4,2015,aged_out,43.66471734892787,2061
Capped,2031,India,EB-4,2015,exited,43.95711500974659,2061
Capped,2031,India,EB-4,2015,still_dependent,0.0,2061
Capped,2031,India,EB-5,2015,saved,92.54571026722925,2061
Capped,2031,India,EB-5,2015,aged_out,3.3755274261603376,2061
Capped,2031,India,EB-5,2015,exited,4.0787623066104075,2061
Capped,2031,India,EB-5,2015,still_dependent,0.0,2061
Capped,2031,ROW,EB-1,2015,saved,100.0,2061
Capped,2031,ROW,EB-1,2015,aged_out,0.0,2061
Capped,2031,ROW,EB-1,2015,exited,0.0,2061
Capped,2031,ROW,EB-1,2015,still_dependent,0.0,2061
Capped,2031,ROW,EB-2,2015,saved,90.89233604669022,2061
Capped,2031,ROW,EB-2,2015,aged_out,0.49147596375364766,2061
Capped,2031,ROW,EB-2,2015,exited,8.616187989556137,2061
Capped,2031,ROW,EB-2,2015,still_dependent,0.0,2061
Capped,2031,ROW,EB-3,2015,saved,70.89011307625398,2061
Capped,2031,ROW,EB-3,2015,aged_out,5.1783125543635835,2061
Capped,2031,ROW,EB-3,2015,exited,23.931574369382428,2061
Capped,2031,ROW,EB-3,2015,still_dependent,0.0,2061
Capped,2031,ROW,EB-4,2015,saved,0.0,2061
Capped,2031,ROW,EB-4,2015,aged_out,43.050364833600284,2061
Capped,2031,ROW,EB-4,2015,exited,56.949635166399716,2061
Capped,2031,ROW,EB-4,2015,still_dependent,0.0,2061
Capped,2031,ROW,EB-5,2015,saved,100.0,2061
Capped,2031,ROW,EB-5,2015,aged_out,0.0,2061
Capped,2031,ROW,EB-5,2015,exited,0.0,2061
Capped,2031,ROW,EB-5,2015,still_dependent,0.0,2061
Capped,2032,China,EB-1,2015,saved,75.9318423855165,2061
Capped,2032,China,EB-1,2015,aged_out,13.099041533546325,2061
Capped,2032,China,EB-1,2015,exited,10.969116080937168,2061
Capped,2032,China,EB-1,2015,still_dependent,0.0,2061
Capped,2032,China,EB-2,2015,saved,0.0,2061
Capped,2032,China,EB-2,2015,aged_out,67.5984251968504,2061
Capped,2032,China,EB-2,2015,exited,32.40157480314961,2061
Capped,2032,China,EB-2,2015,still_dependent,0.0,2061
Capped,2032,China,EB-3,2015,saved,1.9463667820069204,2061
Capped,2032,China,EB-3,2015,aged_out,52.94117647058823,2061
Capped,2032,China,EB-3,2015,exited,45.11245674740484,2061
Capped,2032,China,EB-3,2015,still_dependent,0.0,2061
Capped,2032,China,EB-4,2015,saved,100.0,2061
Capped,2032,China,EB-4,2015,aged_out,0.0,2061
Capped,2032,China,EB-4,2015,exited,0.0,2061
Capped,2032,China,EB-4,2015,still_dependent,0.0,2061
Capped,2032,China,EB-5,2015,saved,89.3979057591623,2061
Capped,2032,China,EB-5,2015,aged_out,2.5523560209424083,2061
Capped,2032,China,EB-5,2015,exited,8.049738219895287,2061
Capped,2032,China,EB-5,2015,still_dependent,0.0,2061
Capped,2032,India,EB-1,2015,saved,84.16080843585237,2061
Capped,2032,India,EB-1,2015,aged_out,7.42530755711775,2061
Capped,2032,India,EB-1,2015,exited,8.413884007029877,2061
Capped,2032,India,EB-1,2015,still_dependent,0.0,2061
Capped,2032,India,EB-2,2015,saved,0.0,2061
Capped,2032,India,EB-2,2015,aged_out,70.28731220528567,2061
Capped,2032,India,EB-2,2015,exited,29.712687794714334,2061
Capped,2032,India,EB-2,2015,still_dependent,0.0,2061
Capped,2032,India,EB-3,2015,saved,0.0,2061
Capped,2032,India,EB-3,2015,aged_out,64.91492569459402,2061
Capped,2032,India,EB-3,2015,exited,35.08507430540599,2061
Capped,2032,India,EB-3,2015,still_dependent,0.0,2061
Capped,2032,India,EB-4,2015,saved,10.706401766004415,2061
Capped,2032,India,EB-4,2015,aged_out,39.0728476821192,2061
Capped,2032,India,EB-4,2015,exited,50.22075055187638,2061
Capped,2032,India,EB-4,2015,still_dependent,0.0,2061
Capped,2032,India,EB-5,2015,saved,92.44755244755245,2061
Capped,2032,India,EB-5,2015,aged_out,3.6363636363636362,2061
Capped,2032,India,EB-5,2015,exited,3.9160839160839163,2061
Capped,2032,India,EB-5,2015,still_dependent,0.0,2061
Capped,2032,ROW,EB-1,2015,saved,100.0,2061
Capped,2032,ROW,EB-1,2015,aged_out,0.0,2061
Capped,2032,ROW,EB-1,2015,exited,0.0,2061
Capped,2032,ROW,EB-1,2015,still_dependent,0.0,2061
Capped,2032,ROW,EB-2,2015,saved,90.26342373144766,2061
Capped,2032,ROW,EB-2,2015,aged_out,0.5672546429403994,2061
Capped,2032,ROW,EB-2,2015,exited,9.169321625611936,2061
Capped,2032,ROW,EB-2,2015,still_dependent,0.0,2061
Capped,2032,ROW,EB-3,2015,saved,69.6546100530025,2061
Capped,2032,ROW,EB-3,2015,aged_out,5.888520006989341,2061
Capped,2032,ROW,EB-3,2015,exited,24.456869940008154,2061
Capped,2032,ROW,EB-3,2015,still_dependent,0.0,2061
Capped,2032,ROW,EB-4,2015,saved,0.0,2061
Capped,2032,ROW,EB-4,2015,aged_out,43.81267908309456,2061
Capped,2032,ROW,EB-4,2015,exited,56.18732091690544,2061
Capped,2032,ROW,EB-4,2015,still_dependent,0.0,2061
Capped,2032,ROW,EB-5,2015,saved,100.0,2061
Capped,2032,ROW,EB-5,2015,aged_out,0.0,2061
Capped,2032,ROW,EB-5,2015,exited,0.0,2061
Capped,2032,ROW,EB-5,2015,still_dependent,0.0,2061
Capped,2033,China,EB-1,2015,saved,72.57632565613284,2061
Capped,2033,China,EB-1,2015,aged_out,14.193893947509373,2061
Capped,2033,China,EB-1,2015,exited,13.229780396357793,2061
Capped,2033,China,EB-1,2015,still_dependent,0.0,2061
Capped,2033,China,EB-2,2015,saved,0.0,2061
Capped,2033,China,EB-2,2015,aged_out,66.91560866318147,2061
Capped,2033,China,EB-2,2015,exited,33.08439133681852,2061
Capped,2033,China,EB-2,2015,still_dependent,0.0,2061
Capped,2033,China,EB-3,2015,saved,0.0,2061
Capped,2033,China,EB-3,2015,aged_out,53.808680248007086,2061
Capped,2033,China,EB-3,2015,exited,46.191319751992914,2061
Capped,2033,China,EB-3,2015,still_dependent,0.0,2061
Capped,2033,China,EB-4,2015,saved,100.0,2061
Capped,2033,China,EB-4,2015,aged_out,0.0,2061
Capped,2033,China,EB-4,2015,exited,0.0,2061
Capped,2033,China,EB-4,2015,still_dependent,0.0,2061
Capped,2033,China,EB-5,2015,saved,90.26779882429784,2061
Capped,2033,China,EB-5,2015,aged_out,3.5924232527759634,2061
Capped,2033,China,EB-5,2015,exited,6.139777922926192,2061
Capped,2033,China,EB-5,2015,still_dependent,0.0,2061
Capped,2033,India,EB-1,2015,saved,80.02943031322262,2061
Capped,2033,India,EB-1,2015,aged_out,8.892158923691403,2061
Capped,2033,India,EB-1,2015,exited,11.078410763085978,2061
Capped,2033,India,EB-1,2015,still_dependent,0.0,2061
Capped,2033,India,EB-2,2015,saved,0.0,2061
Capped,2033,India,EB-2,2015,aged_out,70.86887140263028,2061
Capped,2033,India,EB-2,2015,exited,29.131128597369724,2061
Capped,2033,India,EB-2,2015,still_dependent,0.0,2061
Capped,2033,India,EB-3,2015,saved,0.0,2061
Capped,2033,India,EB-3,2015,aged_out,64.58288884147642,2061
Capped,2033,India,EB-3,2015,exited,35.417111158523575,2061
Capped,2033,India,EB-3,2015,still_dependent,0.0,2061
Capped,2033,India,EB-4,2015,saved,9.46236559139785,2061
Capped,2033,India,EB-4,2015,aged_out,40.53763440860215,2061
Capped,2033,India,EB-4,2015,exited,50.0,2061
Capped,2033,India,EB-4,2015,still_dependent,0.0,2061
Capped,2033,India,EB-5,2015,saved,91.18497109826589,2061
Capped,2033,India,EB-5,2015,aged_out,3.3236994219653178,2061
Capped,2033,India,EB-5,2015,exited,5.491329479768786,2061
Capped,2033,India,EB-5,2015,still_dependent,0.0,2061
Capped,2033,ROW,EB-1,2015,saved,100.0,2061
Capped,2033,ROW,EB-1,2015,aged_out,0.0,2061
Capped,2033,ROW,EB-1,2015,exited,0.0,2061
Capped,2033,ROW,EB-1,2015,still_dependent,0.0,2061
Capped,2033,ROW,EB-2,2015,saved,90.28796417818266,2061
Capped,2033,ROW,EB-2,2015,aged_out,0.6098973210839188,2061
Capped,2033,ROW,EB-2,2015,exited,9.102138500733421,2061
Capped,2033,ROW,EB-2,2015,still_dependent,0.0,2061
Capped,2033,ROW,EB-3,2015,saved,67.11864406779661,2061
Capped,2033,ROW,EB-3,2015,aged_out,6.914085330216248,2061
Capped,2033,ROW,EB-3,2015,exited,25.967270601987142,2061
Capped,2033,ROW,EB-3,2015,still_dependent,0.0,2061
Capped,2033,ROW,EB-4,2015,saved,0.0,2061
Capped,2033,ROW,EB-4,2015,aged_out,43.24001835704452,2061
Capped,2033,ROW,EB-4,2015,exited,56.75998164295548,2061
Capped,2033,ROW,EB-4,2015,still_dependent,0.0,2061
Capped,2033,ROW,EB-5,2015,saved,100.0,2061
Capped,2033,ROW,EB-5,2015,aged_out,0.0,2061
Capped,2033,ROW,EB-5,2015,exited,0.0,2061
Capped,2033,ROW,EB-5,2015,still_dependent,0.0,2061
Capped,2034,China,EB-1,2015,saved,68.35710512414157,2061
Capped,2034,China,EB-1,2015,aged_out,16.69307976756471,2061
Capped,2034,China,EB-1,2015,exited,14.949815108293715,2061
Capped,2034,China,EB-1,2015,still_dependent,0.0,2061
Capped,2034,China,EB-2,2015,saved,0.0,2061
Capped,2034,China,EB-2,2015,aged_out,67.32,2061
Capped,2034,China,EB-2,2015,exited,32.68,2061
Capped,2034,China,EB-2,2015,still_dependent,0.0,2061
Capped,2034,China,EB-3,2015,saved,0.0,2061
Capped,2034,China,EB-3,2015,aged_out,57.443082311733804,2061
Capped,2034,China,EB-3,2015,exited,42.556917688266196,2061
Capped,2034,China,EB-3,2015,still_dependent,0.0,2061
Capped,2034,China,EB-4,2015,saved,100.0,2061
Capped,2034,China,EB-4,2015,aged_out,0.0,2061
Capped,2034,China,EB-4,2015,exited,0.0,2061
Capped,2034,China,EB-4,2015,still_dependent,0.0,2061
Capped,2034,China,EB-5,2015,saved,88.15286624203821,2061
Capped,2034,China,EB-5,2015,aged_out,4.076433121019108,2061
Capped,2034,China,EB-5,2015,exited,7.770700636942675,2061
Capped,2034,China,EB-5,2015,still_dependent,0.0,2061
Capped,2034,India,EB-1,2015,saved,78.09943360604153,2061
Capped,2034,India,EB-1,2015,aged_out,11.076148521082441,2061
Capped,2034,India,EB-1,2015,exited,10.824417872876023,2061
Capped,2034,India,EB-1,2015,still_dependent,0.0,2061
Capped,2034,India,EB-2,2015,saved,0.0,2061
Capped,2034,India,EB-2,2015,aged_out,70.13881357770308,2061
Capped,2034,India,EB-2,2015,exited,29.86118642229693,2061
Capped,2034,India,EB-2,2015,still_dependent,0.0,2061
Capped,2034,India,EB-3,2015,saved,0.0,2061
Capped,2034,India,EB-3,2015,aged_out,66.79781420765028,2061
Capped,2034,India,EB-3,2015,exited,33.202185792349724,2061
Capped,2034,India,EB-3,2015,still_dependent,0.0,2061
Capped,2034,India,EB-4,2015,saved,7.521186440677966,2061
Capped,2034,India,EB-4,2015,aged_out,45.65677966101695,2061
Capped,2034,India,EB-4,2015,exited,46.82203389830509,2061
Capped,2034,India,EB-4,2015,still_dependent,0.0,2061
Capped,2034,India,EB-5,2015,saved,90.07299270072993,2061
Capped,2034,India,EB-5,2015,aged_out,5.547445255474453,2061
Capped,2034,India,EB-5,2015,exited,4.37956204379562,2061
Capped,2034,India,EB-5,2015,still_dependent,0.0,2061
Capped,2034,ROW,EB-1,2015,saved,100.0,2061
Capped,2034,ROW,EB-1,2015,aged_out,0.0,2061
Capped,2034,ROW,EB-1,2015,exited,0.0,2061
Capped,2034,ROW,EB-1,2015,still_dependent,0.0,2061
Capped,2034,ROW,EB-2,2015,saved,88.92783662272346,2061
Capped,2034,ROW,EB-2,2015,aged_out,0.731540044197211,2061
Capped,2034,ROW,EB-2,2015,exited,10.340623333079327,2061
Capped,2034,ROW,EB-2,2015,still_dependent,0.0,2061
Capped,2034,ROW,EB-3,2015,saved,64.39967392570165,2061
Capped,2034,ROW,EB-3,2015,aged_out,8.035402352393152,2061
Capped,2034,ROW,EB-3,2015,exited,27.564923721905206,2061
Capped,2034,ROW,EB-3,2015,still_dependent,0.0,2061
Capped,2034,ROW,EB-4,2015,saved,0.0,2061
Capped,2034,ROW,EB-4,2015,aged_out,43.71836587129429,2061
Capped,2034,ROW,EB-4,2015,exited,56.28163412870571,2061
Capped,2034,ROW,EB-4,2015,still_dependent,0.0,2061
Capped,2034,ROW,EB-5,2015,saved,100.0,2061
Capped,2034,ROW,EB-5,2015,aged_out,0.0,2061
Capped,2034,ROW,EB-5,2015,exited,0.0,2061
Capped,2034,ROW,EB-5,2015,still_dependent,0.0,2061
Capped,2035,China,EB-1,2015,saved,65.37454164484024,2061
Capped,2035,China,EB-1,2015,aged_out,19.119958093242534,2061
Capped,2035,China,EB-1,2015,exited,15.505500261917234,2061
Capped,2035,China,EB-1,2015,still_dependent,0.0,2061
Capped,2035,China,EB-2,2015,saved,0.0,2061
Capped,2035,China,EB-2,2015,aged_out,67.47364310816087,2061
Capped,2035,China,EB-2,2015,exited,32.52635689183913,2061
Capped,2035,China,EB-2,2015,still_dependent,0.0,2061
Capped,2035,China,EB-3,2015,saved,0.0,2061
Capped,2035,China,EB-3,2015,aged_out,54.02641670217299,2061
Capped,2035,China,EB-3,2015,exited,45.97358329782701,2061
Capped,2035,China,EB-3,2015,still_dependent,0.0,2061
Capped,2035,China,EB-4,2015,saved,100.0,2061
Capped,2035,China,EB-4,2015,aged_out,0.0,2061
Capped,2035,China,EB-4,2015,exited,0.0,2061
Capped,2035,China,EB-4,2015,still_dependent,0.0,2061
Capped,2035,China,EB-5,2015,saved,87.79552715654953,2061
Capped,2035,China,EB-5,2015,aged_out,4.984025559105431,2061
Capped,2035,China,EB-5,2015,exited,7.220447284345048,2061
Capped,2035,China,EB-5,2015,still_dependent,0.0,2061
Capped,2035,India,EB-1,2015,saved,75.31645569620254,2061
Capped,2035,India,EB-1,2015,aged_out,13.727629855958098,2061
Capped,2035,India,EB-1,2015,exited,10.95591444783937,2061
Capped,2035,India,EB-1,2015,still_dependent,0.0,2061
Capped,2035,India,EB-2,2015,saved,0.0,2061
Capped,2035,India,EB-2,2015,aged_out,70.01404494382022,2061
Capped,2035,India,EB-2,2015,exited,29.985955056179776,2061
Capped,2035,India,EB-2,2015,still_dependent,0.0,2061
Capped,2035,India,EB-3,2015,saved,0.0,2061
Capped,2035,India,EB-3,2015,aged_out,65.23840914084816,2061
Capped,2035,India,EB-3,2015,exited,34.76159085915184,2061
Capped,2035,India,EB-3,2015,still_dependent,0.0,2061
Capped,2035,India,EB-4,2015,saved,7.658643326039387,2061
Capped,2035,India,EB-4,2015,aged_out,43.65426695842451,2061
Capped,2035,India,EB-4,2015,exited,48.6870897155361,2061
Capped,2035,India,EB-4,2015,still_dependent,0.0,2061
Capped,2035,India,EB-5,2015,saved,85.83690987124463,2061
Capped,2035,India,EB-5,2015,aged_out,4.721030042918455,2061
Capped,2035,India,EB-5,2015,exited,9.44206008583691,2061
Capped,2035,India,EB-5,2015,still_dependent,0.0,2061
Capped,2035,ROW,EB-1,2015,saved,100.0,2061
Capped,2035,ROW,EB-1,2015,aged_out,0.0,2061
Capped,2035,ROW,EB-1,2015,exited,0.0,2061
Capped,2035,ROW,EB-1,2015,still_dependent,0.0,2061
Capped,2035,ROW,EB-2,2015,saved,88.75088436443676,2061
Capped,2035,ROW,EB-2,2015,aged_out,0.7546576527002594,2061
Capped,2035,ROW,EB-2,2015,exited,10.494457982862983,2061
Capped,2035,ROW,EB-2,2015,still_dependent,0.0,2061
Capped,2035,ROW,EB-3,2015,saved,64.14363363016075,2061
Capped,2035,ROW,EB-3,2015,aged_out,9.101422458656181,2061
Capped,2035,ROW,EB-3,2015,exited,26.75494391118307,2061
Capped,2035,ROW,EB-3,2015,still_dependent,0.0,2061
Capped,2035,ROW,EB-4,2015,saved,0.0,2061
Capped,2035,ROW,EB-4,2015,aged_out,42.37423476177801,2061
Capped,2035,ROW,EB-4,2015,exited,57.62576523822199,2061
Capped,2035,ROW,EB-4,2015,still_dependent,0.0,2061
Capped,2035,ROW,EB-5,2015,saved,100.0,2061
Capped,2035,ROW,EB-5,2015,aged_out,0.0,2061
Capped,2035,ROW,EB-5,2015,exited,0.0,2061
Capped,2035,ROW,EB-5,2015,still_dependent,0.0,2061
Capped,2036,China,EB-1,2015,saved,60.94168004280364,2061
Capped,2036,China,EB-1,2015,aged_out,23.70251471375067,2061
Capped,2036,China,EB-1,2015,exited,15.355805243445692,2061
Capped,2036,China,EB-1,2015,still_dependent,0.0,2061
Capped,2036,China,EB-2,2015,saved,0.0,2061
Capped,2036,China,EB-2,2015,aged_out,67.45631067961165,2061
Capped,2036,China,EB-2,2015,exited,32.54368932038835,2061
Capped,2036,China,EB-2,2015,still_dependent,0.0,2061
Capped,2036,China,EB-3,2015,saved,0.0,2061
Capped,2036,China,EB-3,2015,aged_out,54.46466356326703,2061
Capped,2036,China,EB-3,2015,exited,45.53533643673297,2061
Capped,2036,China,EB-3,2015,still_dependent,0.0,2061
Capped,2036,China,EB-4,2015,saved,100.0,2061
Capped,2036,China,EB-4,2015,aged_out,0.0,2061
Capped,2036,China,EB-4,2015,exited,0.0,2061
Capped,2036,China,EB-4,2015,still_dependent,0.0,2061
Capped,2036,China,EB-5,2015,saved,85.75096277278563,2061
Capped,2036,China,EB-5,2015,aged_out,4.557124518613607,2061
Capped,2036,China,EB-5,2015,exited,9.69191270860077,2061
Capped,2036,China,EB-5,2015,still_dependent,0.0,2061
Capped,2036,India,EB-1,2015,saved,72.400513478819,2061
Capped,2036,India,EB-1,2015,aged_out,15.361574668378262,2061
Capped,2036,India,EB-1,2015,exited,12.237911852802739,2061
Capped,2036,India,EB-1,2015,still_dependent,0.0,2061
Capped,2036,India,EB-2,2015,saved,0.0,2061
Capped,2036,India,EB-2,2015,aged_out,70.06747197736424,2061
Capped,2036,India,EB-2,2015,exited,29.93252802263576,2061
Capped,2036,India,EB-2,2015,still_dependent,0.0,2061
Capped,2036,India,EB-3,2015,saved,0.0,2061
Capped,2036,India,EB-3,2015,aged_out,65.88656968163609,2061
Capped,2036,India,EB-3,2015,exited,34.1134303183639,2061
Capped,2036,India,EB-3,2015,still_dependent,0.0,2061
Capped,2036,India,EB-4,2015,saved,7.08245243128964,2061
Capped,2036,India,EB-4,2015,aged_out,44.503171247357294,2061
Capped,2036,India,EB-4,2015,exited,48.41437632135307,2061
Capped,2036,India,EB-4,2015,still_dependent,0.0,2061
Capped,2036,India,EB-5,2015,saved,87.6944837340877,2061
Capped,2036,India,EB-5,2015,aged_out,4.809052333804809,2061
Capped,2036,India,EB-5,2015,exited,7.496463932107496,2061
Capped,2036,India,EB-5,2015,still_dependent,0.0,2061
Capped,2036,ROW,EB-1,2015,saved,100.0,2061
Capped,2036,ROW,EB-1,2015,aged_out,0.0,2061
Capped,2036,ROW,EB-1,2015,exited,0.0,2061
Capped,2036,ROW,EB-1,2015,still_dependent,0.0,2061
Capped,2036,ROW,EB-2,2015,saved,87.97473114236294,2061
Capped,2036,ROW,EB-2,2015,aged_out,1.1130330149657817,2061
Capped,2036,ROW,EB-2,2015,exited,10.91223584267128,2061
Capped,2036,ROW,EB-2,2015,still_dependent,0.0,2061
Capped,2036,ROW,EB-3,2015,saved,60.76126178558957,2061
Capped,2036,ROW,EB-3,2015,aged_out,9.515772319869631,2061
Capped,2036,ROW,EB-3,2015,exited,29.7229658945408,2061
Capped,2036,ROW,EB-3,2015,still_dependent,0.0,2061
Capped,2036,ROW,EB-4,2015,saved,0.0,2061
Capped,2036,ROW,EB-4,2015,aged_out,43.68582237434696,2061
Capped,2036,ROW,EB-4,2015,exited,56.31417762565304,2061
Capped,2036,ROW,EB-4,2015,still_dependent,0.0,2061
Capped,2036,ROW,EB-5,2015,saved,100.0,2061
Capped,2036,ROW,EB-5,2015,aged_out,0.0,2061
Capped,2036,ROW,EB-5,2015,exited,0.0,2061
Capped,2036,ROW,EB-5,2015,still_dependent,0.0,2061
Capped,2037,China,EB-1,2015,saved,59.030837004405285,2061
Capped,2037,China,EB-1,2015,aged_out,22.301762114537446,2061
Capped,2037,China,EB-1,2015,exited,18.66740088105727,2061
Capped,2037,China,EB-1,2015,still_dependent,0.0,2061
Capped,2037,China,EB-2,2015,saved,0.0,2061
Capped,2037,China,EB-2,2015,aged_out,66.94949494949495,2061
Capped,2037,China,EB-2,2015,exited,33.05050505050505,2061
Capped,2037,China,EB-2,2015,still_dependent,0.0,2061
Capped,2037,China,EB-3,2015,saved,0.0,2061
Capped,2037,China,EB-3,2015,aged_out,57.375605460149714,2061
Capped,2037,China,EB-3,2015,exited,42.624394539850286,2061
Capped,2037,China,EB-3,2015,still_dependent,0.0,2061
Capped,2037,China,EB-4,2015,saved,100.0,2061
Capped,2037,China,EB-4,2015,aged_out,0.0,2061
Capped,2037,China,EB-4,2015,exited,0.0,2061
Capped,2037,China,EB-4,2015,still_dependent,0.0,2061
Capped,2037,China,EB-5,2015,saved,84.48717948717949,2061
Capped,2037,China,EB-5,2015,aged_out,7.243589743589744,2061
Capped,2037,China,EB-5,2015,exited,8.26923076923077,2061
Capped,2037,China,EB-5,2015,still_dependent,0.0,2061
Capped,2037,India,EB-1,2015,saved,70.59577194106342,2061
Capped,2037,India,EB-1,2015,aged_out,17.70232756779842,2061
Capped,2037,India,EB-1,2015,exited,11.70190049113816,2061
Capped,2037,India,EB-1,2015,still_dependent,0.0,2061
Capped,2037,India,EB-2,2015,saved,0.0,2061
Capped,2037,India,EB-2,2015,aged_out,70.29045187503432,2061
Capped,2037,India,EB-2,2015,exited,29.709548124965682,2061
Capped,2037,India,EB-2,2015,still_dependent,0.0,2061
Capped,2037,India,EB-3,2015,saved,0.0,2061
Capped,2037,India,EB-3,2015,aged_out,65.12742321934219,2061
Capped,2037,India,EB-3,2015,exited,34.87257678065781,2061
Capped,2037,India,EB-3,2015,still_dependent,0.0,2061
Capped,2037,India,EB-4,2015,saved,5.526590198123045,2061
Capped,2037,India,EB-4,2015,aged_out,44.42127215849844,2061
Capped,2037,India,EB-4,2015,exited,50.05213764337852,2061
Capped,2037,India,EB-4,2015,still_dependent,0.0,2061
Capped,2037,India,EB-5,2015,saved,88.45070422535211,2061
Capped,2037,India,EB-5,2015,aged_out,5.774647887323944,2061
Capped,2037,India,EB-5,2015,exited,5.774647887323944,2061
Capped,2037,India,EB-5,2015,still_dependent,0.0,2061
Capped,2037,ROW,EB-1,2015,saved,100.0,2061
Capped,2037,ROW,EB-1,2015,aged_out,0.0,2061
Capped,2037,ROW,EB-1,2015,exited,0.0,2061
Capped,2037,ROW,EB-1,2015,still_dependent,0.0,2061
Capped,2037,ROW,EB-2,2015,saved,87.5058493214787,2061
Capped,2037,ROW,EB-2,2015,aged_out,1.2400561534861956,2061
Capped,2037,ROW,EB-2,2015,exited,11.254094525035097,2061
Capped,2037,ROW,EB-2,2015,still_dependent,0.0,2061
Capped,2037,ROW,EB-3,2015,saved,60.36524300441826,2061
Capped,2037,ROW,EB-3,2015,aged_out,10.4860088365243,2061
Capped,2037,ROW,EB-3,2015,exited,29.148748159057437,2061
Capped,2037,ROW,EB-3,2015,still_dependent,0.0,2061
Capped,2037,ROW,EB-4,2015,saved,0.0,2061
Capped,2037,ROW,EB-4,2015,aged_out,44.32544325443254,2061
Capped,2037,ROW,EB-4,2015,exited,55.67455674556746,2061
Capped,2037,ROW,EB-4,2015,still_dependent,0.0,2061
Capped,2037,ROW,EB-5,2015,saved,100.0,2061
Capped,2037,ROW,EB-5,2015,aged_out,0.0,2061
Capped,2037,ROW,EB-5,2015,exited,0.0,2061
Capped,2037,ROW,EB-5,2015,still_dependent,0.0,2061
Capped,2038,China,EB-1,2015,saved,56.16649537512847,2061
Capped,2038,China,EB-1,2015,aged_out,23.329907502569373,2061
Capped,2038,China,EB-1,2015,exited,20.503597122302157,2061
Capped,2038,China,EB-1,2015,still_dependent,0.0,2061
Capped,2038,China,EB-2,2015,saved,0.0,2061
Capped,2038,China,EB-2,2015,aged_out,65.13182324545117,2061
Capped,2038,China,EB-2,2015,exited,34.86817675454883,2061
Capped,2038,China,EB-2,2015,still_dependent,0.0,2061
Capped,2038,China,EB-3,2015,saved,0.0,2061
Capped,2038,China,EB-3,2015,aged_out,56.23651273198101,2061
Capped,2038,China,EB-3,2015,exited,43.76348726801899,2061
Capped,2038,China,EB-3,2015,still_dependent,0.0,2061
Capped,2038,China,EB-4,2015,saved,100.0,2061
Capped,2038,China,EB-4,2015,aged_out,0.0,2061
Capped,2038,China,EB-4,2015,exited,0.0,2061
Capped,2038,China,EB-4,2015,still_dependent,0.0,2061
Capped,2038,China,EB-5,2015,saved,84.7588424437299,2061
Capped,2038,China,EB-5,2015,aged_out,6.495176848874598,2061
Capped,2038,China,EB-5,2015,exited,8.745980707395498,2061
Capped,2038,China,EB-5,2015,still_dependent,0.0,2061
Capped,2038,India,EB-1,2015,saved,66.56593999568314,2061
Capped,2038,India,EB-1,2015,aged_out,20.224476581048997,2061
Capped,2038,India,EB-1,2015,exited,13.20958342326786,2061
Capped,2038,India,EB-1,2015,still_dependent,0.0,2061
Capped,2038,India,EB-2,2015,saved,0.0,2061
Capped,2038,India,EB-2,2015,aged_out,70.70428744626915,2061
Capped,2038,India,EB-2,2015,exited,29.29571255373085,2061
Capped,2038,India,EB-2,2015,still_dependent,0.0,2061
Capped,2038,India,EB-3,2015,saved,0.0,2061
Capped,2038,India,EB-3,2015,aged_out,64.59051724137932,2061
Capped,2038,India,EB-3,2015,exited,35.40948275862069,2061
Capped,2038,India,EB-3,2015,still_dependent,0.0,2061
Capped,2038,India,EB-4,2015,saved,5.69620253164557,2061
Capped,2038,India,EB-4,2015,aged_out,43.565400843881854,2061
Capped,2038,India,EB-4,2015,exited,50.73839662447257,2061
Capped,2038,India,EB-4,2015,still_dependent,0.0,2061
Capped,2038,India,EB-5,2015,saved,88.11881188118812,2061
Capped,2038,India,EB-5,2015,aged_out,5.657708628005658,2061
Capped,2038,India,EB-5,2015,exited,6.223479490806223,2061
Capped,2038,India,EB-5,2015,still_dependent,0.0,2061
Capped,2038,ROW,EB-1,2015,saved,100.0,2061
Capped,2038,ROW,EB-1,2015,aged_out,0.0,2061
Capped,2038,ROW,EB-1,2015,exited,0.0,2061
Capped,2038,ROW,EB-1,2015,still_dependent,0.0,2061
Capped,2038,ROW,EB-2,2015,saved,87.26037735849057,2061
Capped,2038,ROW,EB-2,2015,aged_out,1.2452830188679245,2061
Capped,2038,ROW,EB-2,2015,exited,11.49433962264151,2061
Capped,2038,ROW,EB-2,2015,still_dependent,0.0,2061
Capped,2038,ROW,EB-3,2015,saved,58.09290668531795,2061
Capped,2038,ROW,EB-3,2015,aged_out,11.476365331934488,2061
Capped,2038,ROW,EB-3,2015,exited,30.430727982747566,2061
Capped,2038,ROW,EB-3,2015,still_dependent,0.0,2061
Capped,2038,ROW,EB-4,2015,saved,0.0,2061
Capped,2038,ROW,EB-4,2015,aged_out,43.17443120260022,2061
Capped,2038,ROW,EB-4,2015,exited,56.82556879739978,2061
Capped,2038,ROW,EB-4,2015,still_dependent,0.0,2061
Capped,2038,ROW,EB-5,2015,saved,100.0,2061
Capped,2038,ROW,EB-5,2015,aged_out,0.0,2061
Capped,2038,ROW,EB-5,2015,exited,0.0,2061
Capped,2038,ROW,EB-5,2015,still_dependent,0.0,2061
Capped,2039,China,EB-1,2015,saved,55.72272971520688,2061
Capped,2039,China,EB-1,2015,aged_out,25.25523911875336,2061
Capped,2039,China,EB-1,2015,exited,19.022031166039763,2061
Capped,2039,China,EB-1,2015,still_dependent,0.0,2061
Capped,2039,China,EB-2,2015,saved,0.0,2061
Capped,2039,China,EB-2,2015,aged_out,67.64931087289433,2061
Capped,2039,China,EB-2,2015,exited,32.35068912710567,2061
Capped,2039,China,EB-2,2015,still_dependent,0.0,2061
Capped,2039,China,EB-3,2015,saved,0.0,2061
Capped,2039,China,EB-3,2015,aged_out,55.043103448275865,2061
Capped,2039,China,EB-3,2015,exited,44.956896551724135,2061
Capped,2039,China,EB-3,2015,still_dependent,0.0,2061
Capped,2039,China,EB-4,2015,saved,100.0,2061
Capped,2039,China,EB-4,2015,aged_out,0.0,2061
Capped,2039,China,EB-4,2015,exited,0.0,2061
Capped,2039,China,EB-4,2015,still_dependent,0.0,2061
Capped,2039,China,EB-5,2015,saved,83.81979695431473,2061
Capped,2039,China,EB-5,2015,aged_out,7.677664974619289,2061
Capped,2039,China,EB-5,2015,exited,8.50253807106599,2061
Capped,2039,China,EB-5,2015,still_dependent,0.0,2061
Capped,2039,India,EB-1,2015,saved,62.7006205863471,2061
Capped,2039,India,EB-1,2015,aged_out,22.98309437192382,2061
Capped,2039,India,EB-1,2015,exited,14.316285041729081,2061
Capped,2039,India,EB-1,2015,still_dependent,0.0,2061
Capped,2039,India,EB-2,2015,saved,0.0,2061
Capped,2039,India,EB-2,2015,aged_out,70.54605626034197,2061
Capped,2039,India,EB-2,2015,exited,29.453943739658026,2061
Capped,2039,India,EB-2,2015,still_dependent,0.0,2061
Capped,2039,India,EB-3,2015,saved,0.0,2061
Capped,2039,India,EB-3,2015,aged_out,65.51648831622624,2061
Capped,2039,India,EB-3,2015,exited,34.48351168377375,2061
Capped,2039,India,EB-3,2015,still_dependent,0.0,2061
Capped,2039,India,EB-4,2015,saved,5.128205128205129,2061
Capped,2039,India,EB-4,2015,aged_out,43.98422090729783,2061
Capped,2039,India,EB-4,2015,exited,50.887573964497044,2061
Capped,2039,India,EB-4,2015,still_dependent,0.0,2061
Capped,2039,India,EB-5,2015,saved,86.76923076923077,2061
Capped,2039,India,EB-5,2015,aged_out,6.153846153846154,2061
Capped,2039,India,EB-5,2015,exited,7.076923076923077,2061
Capped,2039,India,EB-5,2015,still_dependent,0.0,2061
Capped,2039,ROW,EB-1,2015,saved,100.0,2061
Capped,2039,ROW,EB-1,2015,aged_out,0.0,2061
Capped,2039,ROW,EB-1,2015,exited,0.0,2061
Capped,2039,ROW,EB-1,2015,still_dependent,0.0,2061
Capped,2039,ROW,EB-2,2015,saved,86.31731061758443,2061
Capped,2039,ROW,EB-2,2015,aged_out,1.452692424703377,2061
Capped,2039,ROW,EB-2,2015,exited,12.2299969577122,2061
Capped,2039,ROW,EB-2,2015,still_dependent,0.0,2061
Capped,2039,ROW,EB-3,2015,saved,56.91090269636577,2061
Capped,2039,ROW,EB-3,2015,aged_out,12.385697538100821,2061
Capped,2039,ROW,EB-3,2015,exited,30.703399765533412,2061
Capped,2039,ROW,EB-3,2015,still_dependent,0.0,2061
Capped,2039,ROW,EB-4,2015,saved,0.0,2061
Capped,2039,ROW,EB-4,2015,aged_out,44.85786710121311,2061
Capped,2039,ROW,EB-4,2015,exited,55.14213289878689,2061
Capped,2039,ROW,EB-4,2015,still_dependent,0.0,2061
Capped,2039,ROW,EB-5,2015,saved,100.0,2061
Capped,2039,ROW,EB-5,2015,aged_out,0.0,2061
Capped,2039,ROW,EB-5,2015,exited,0.0,2061
Capped,2039,ROW,EB-5,2015,still_dependent,0.0,2061
Capped,2040,China,EB-1,2015,saved,51.48051948051948,2061
Capped,2040,China,EB-1,2015,aged_out,28.103896103896105,2061
Capped,2040,China,EB-1,2015,exited,20.415584415584416,2061
Capped,2040,China,EB-1,2015,still_dependent,0.0,2061
Capped,2040,China,EB-2,2015,saved,0.0,2061
Capped,2040,China,EB-2,2015,aged_out,65.7421875,2061
Capped,2040,China,EB-2,2015,exited,34.2578125,2061
Capped,2040,China,EB-2,2015,still_dependent,0.0,2061
Capped,2040,China,EB-3,2015,saved,0.0,2061
Capped,2040,China,EB-3,2015,aged_out,55.99478714161599,2061
Capped,2040,China,EB-3,2015,exited,44.00521285838401,2061
Capped,2040,China,EB-3,2015,still_dependent,0.0,2061
Capped,2040,China,EB-4,2015,saved,100.0,2061
Capped,2040,China,EB-4,2015,aged_out,0.0,2061
Capped,2040,China,EB-4,2015,exited,0.0,2061
Capped,2040,China,EB-4,2015,still_dependent,0.0,2061
Capped,2040,China,EB-5,2015,saved,82.99674267100977,2061
Capped,2040,China,EB-5,2015,aged_out,6.514657980456026,2061
Capped,2040,China,EB-5,2015,exited,10.488599348534201,2061
Capped,2040,China,EB-5,2015,still_dependent,0.0,2061
Capped,2040,India,EB-1,2015,saved,60.322783483546424,2061
Capped,2040,India,EB-1,2015,aged_out,25.277719555648712,2061
Capped,2040,India,EB-1,2015,exited,14.399496960804862,2061
Capped,2040,India,EB-1,2015,still_dependent,0.0,2061
Capped,2040,India,EB-2,2015,saved,0.0,2061
Capped,2040,India,EB-2,2015,aged_out,70.72489178675141,2061
Capped,2040,India,EB-2,2015,exited,29.27510821324859,2061
Capped,2040,India,EB-2,2015,still_dependent,0.0,2061
Capped,2040,India,EB-3,2015,saved,0.0,2061
Capped,2040,India,EB-3,2015,aged_out,65.94606164383562,2061
Capped,2040,India,EB-3,2015,exited,34.05393835616438,2061
Capped,2040,India,EB-3,2015,still_dependent,0.0,2061
Capped,2040,India,EB-4,2015,saved,4.0582726326742975,2061
Capped,2040,India,EB-4,2015,aged_out,47.346514047866805,2061
Capped,2040,India,EB-4,2015,exited,48.5952133194589,2061
Capped,2040,India,EB-4,2015,still_dependent,0.0,2061
Capped,2040,India,EB-5,2015,saved,88.46153846153847,2061
Capped,2040,India,EB-5,2015,aged_out,6.410256410256411,2061
Capped,2040,India,EB-5,2015,exited,5.128205128205129,2061
Capped,2040,India,EB-5,2015,still_dependent,0.0,2061
Capped,2040,ROW,EB-1,2015,saved,100.0,2061
Capped,2040,ROW,EB-1,2015,aged_out,0.0,2061
Capped,2040,ROW,EB-1,2015,exited,0.0,2061
Capped,2040,ROW,EB-1,2015,still_dependent,0.0,2061
Capped,2040,ROW,EB-2,2015,saved,86.54677369558506,2061
Capped,2040,ROW,EB-2,2015,aged_out,1.4279098487187403,2061
Capped,2040,ROW,EB-2,2015,exited,12.025316455696203,2061
Capped,2040,ROW,EB-2,2015,still_dependent,0.0,2061
Capped,2040,ROW,EB-3,2015,saved,55.545167698959915,2061
Capped,2040,ROW,EB-3,2015,aged_out,12.86665887577422,2061
Capped,2040,ROW,EB-3,2015,exited,31.588173425265865,2061
Capped,2040,ROW,EB-3,2015,still_dependent,0.0,2061
Capped,2040,ROW,EB-4,2015,saved,0.0,2061
Capped,2040,ROW,EB-4,2015,aged_out,43.07082357181474,2061
Capped,2040,ROW,EB-4,2015,exited,56.92917642818526,2061
Capped,2040,ROW,EB-4,2015,still_dependent,0.0,2061
Capped,2040,ROW,EB-5,2015,saved,100.0,2061
Capped,2040,ROW,EB-5,2015,aged_out,0.0,2061
Capped,2040,ROW,EB-5,2015,exited,0.0,2061
Capped,2040,ROW,EB-5,2015,still_dependent,0.0,2061
