aged_out,ageout_pct,eb_category,entry_year,exit_pct,exited,nationality,save_pct,saved,scenario,still_dependent,total_created,seed,observation_end_year
0,0.0,EB-1,2009,0.0,0,China,100.0,623,Uncapped,0,623,2014,2061
0,0.0,EB-2,2009,3.024502297090352,79,China,96.97549770290965,2533,Uncapped,0,2612,2014,2061
977,9.725263786581724,EB-3,2009,23.780609197690623,2389,China,66.49412701572766,6680,Uncapped,0,10046,2014,2061
0,0.0,EB-4,2009,0.0,0,China,100.0,11,Uncapped,0,11,2014,2061
0,0.0,EB-5,2009,0.0,0,China,100.0,326,Uncapped,0,326,2014,2061
0,0.0,EB-1,2009,0.0,0,India,100.0,1235,Uncapped,0,1235,2014,2061
0,0.0,EB-2,2009,1.8592640413169788,144,India,98.14073595868302,7601,Uncapped,0,7745,2014,2061
6309,16.13720073664825,EB-3,2009,24.07663188049928,9413,India,59.78616738285246,23374,Uncapped,0,39096,2014,2061
0,0.0,EB-4,2009,0.0,0,India,100.0,162,Uncapped,0,162,2014,2061
0,0.0,EB-5,2009,0.0,0,India,100.0,19,Uncapped,0,19,2014,2061
0,0.0,EB-1,2009,0.0,0,ROW,100.0,8021,Uncapped,0,8021,2014,2061
0,0.0,EB-2,2009,0.0,0,ROW,100.0,8004,Uncapped,0,8004,2014,2061
109,0.25094969494647174,EB-3,2009,7.659721422815702,3327,ROW,92.08932888223784,39999,Uncapped,0,43435,2014,2061
0,0.0,EB-4,2009,0.11202389843166542,3,ROW,99.88797610156833,2675,Uncapped,0,2678,2014,2061
0,0.0,EB-5,2009,0.0,0,ROW,100.0,601,Uncapped,0,601,2014,2061
0,0.0,EB-1,2010,0.0,0,China,100.0,771,Uncapped,0,771,2014,2061
0,0.0,EB-2,2010,6.507304116865869,49,China,93.49269588313412,704,Uncapped,0,753,2014,2061
55,22.916666666666664,EB-3,2010,35.41666666666667,85,China,41.66666666666667,100,Uncapped,0,240,2014,2061
0,0.0,EB-5,2010,0.0,0,China,100.0,301,Uncapped,0,301,2014,2061
0,0.0,EB-1,2010,0.0,0,India,100.0,1477,Uncapped,0,1477,2014,2061
12,0.1685630004214075,EB-2,2010,5.239499929765416,373,India,94.59193706981318,6734,Uncapped,0,7119,2014,2061
715,23.427260812581913,EB-3,2010,26.146788990825687,798,India,50.425950196592396,1539,Uncapped,0,3052,2014,2061
0,0.0,EB-4,2010,0.0,0,India,100.0,198,Uncapped,0,198,2014,2061
0,0.0,EB-5,2010,0.0,0,India,100.0,28,Uncapped,0,28,2014,2061
0,0.0,EB-1,2010,0.0,0,ROW,100.0,7508,Uncapped,0,7508,2014,2061
0,0.0,EB-2,2010,0.02166377816291161,2,ROW,99.97833622183708,9230,Uncapped,0,9232,2014,2061
60,1.0240655401945724,EB-3,2010,12.834954770438642,752,ROW,86.14097968936679,5047,Uncapped,0,5859,2014,2061
0,0.0,EB-4,2010,1.2565751022793687,43,ROW,98.74342489772063,3379,Uncapped,0,3422,2014,2061
0,0.0,EB-5,2010,0.0,0,ROW,100.0,581,Uncapped,0,581,2014,2061
0,0.0,EB-1,2011,0.0,0,China,100.0,748,Uncapped,0,748,2014,2061
5,0.655307994757536,EB-2,2011,12.18872870249017,93,China,87.1559633027523,665,Uncapped,0,763,2014,2061
27,15.789473684210526,EB-3,2011,35.08771929824561,60,China,49.122807017543856,84,Uncapped,0,171,2014,2061
0,0.0,EB-4,2011,0.0,0,China,100.0,11,Uncapped,0,11,2014,2061
0,0.0,EB-5,2011,0.0,0,China,100.0,581,Uncapped,0,581,2014,2061
0,0.0,EB-1,2011,0.0,0,India,100.0,1629,Uncapped,0,1629,2014,2061
521,4.971374045801526,EB-2,2011,14.160305343511451,1484,India,80.86832061068702,8475,Uncapped,0,10480,2014,2061
567,18.32579185520362,EB-3,2011,27.020038784744667,836,India,54.65416936005171,1691,Uncapped,0,3094,2014,2061
0,0.0,EB-4,2011,0.5050505050505051,1,India,99.4949494949495,197,Uncapped,0,198,2014,2061
0,0.0,EB-5,2011,0.0,0,India,100.0,13,Uncapped,0,13,2014,2061
0,0.0,EB-1,2011,0.0,0,ROW,100.0,5443,Uncapped,0,5443,2014,2061
0,0.0,EB-2,2011,0.34775493505165184,34,ROW,99.65224506494835,9743,Uncapped,0,9777,2014,2061
24,0.5491990846681922,EB-3,2011,12.700228832951947,555,ROW,86.75057208237986,3791,Uncapped,0,4370,2014,2061
2,0.04923682914820286,EB-4,2011,4.972919743968488,202,ROW,94.97784342688331,3858,Uncapped,0,4062,2014,2061
0,0.0,EB-5,2011,0.0,0,ROW,100.0,376,Uncapped,0,376,2014,2061
0,0.0,EB-1,2012,0.0,0,China,100.0,771,Uncapped,0,771,2014,2061
5,0.657030223390276,EB-2,2012,13.797634691195796,105,China,85.54533508541394,651,Uncapped,0,761,2014,2061
20,14.285714285714285,EB-3,2012,34.285714285714285,48,China,51.42857142857142,72,Uncapped,0,140,2014,2061
0,0.0,EB-4,2012,14.285714285714285,2,China,85.71428571428571,12,Uncapped,0,14,2014,2061
0,0.0,EB-5,2012,0.0,0,China,100.0,1534,Uncapped,0,1534,2014,2061
0,0.0,EB-1,2012,0.0,0,India,100.0,1815,Uncapped,0,1815,2014,2061
675,6.431021341463415,EB-2,2012,15.22484756097561,1598,India,78.34413109756098,8223,Uncapped,0,10496,2014,2061
244,13.04812834224599,EB-3,2012,25.3475935828877,474,India,61.604278074866315,1152,Uncapped,0,1870,2014,2061
3,0.7575757575757576,EB-4,2012,5.05050505050505,20,India,94.1919191919192,373,Uncapped,0,396,2014,2061
0,0.0,EB-5,2012,0.0,0,India,100.0,28,Uncapped,0,28,2014,2061
0,0.0,EB-1,2012,0.0,0,ROW,100.0,5754,Uncapped,0,5754,2014,2061
0,0.0,EB-2,2012,0.6055169320475443,54,ROW,99.39448306795245,8864,Uncapped,0,8918,2014,2061
1,0.039936102236421724,EB-3,2012,9.824281150159745,246,ROW,90.13578274760383,2257,Uncapped,0,2504,2014,2061
31,0.5340223944875108,EB-4,2012,10.801033591731265,627,ROW,88.66494401378122,5147,Uncapped,0,5805,2014,2061
0,0.0,EB-5,2012,0.0,0,ROW,100.0,551,Uncapped,0,551,2014,2061
0,0.0,EB-1,2013,0.0,0,China,100.0,962,Uncapped,0,962,2014,2061
10,1.4641288433382138,EB-2,2013,12.152269399707174,83,China,86.3836017569546,590,Uncapped,0,683,2014,2061
15,13.157894736842104,EB-3,2013,37.719298245614034,43,China,49.122807017543856,56,Uncapped,0,114,2014,2061
0,0.0,EB-4,2013,9.375,3,China,90.625,29,Uncapped,0,32,2014,2061
0,0.0,EB-5,2013,0.0,0,China,100.0,1598,Uncapped,0,1598,2014,2061
0,0.0,EB-1,2013,0.0,0,India,100.0,2510,Uncapped,0,2510,2014,2061
852,8.457415128052412,EB-2,2013,15.654159221758984,1577,India,75.88842565018861,7645,Uncapped,0,10074,2014,2061
216,13.4411947728687,EB-3,2013,26.13565650280025,420,India,60.42314872433106,971,Uncapped,0,1607,2014,2061
12,1.7045454545454544,EB-4,2013,11.505681818181818,81,India,86.78977272727273,611,Uncapped,0,704,2014,2061
0,0.0,EB-5,2013,0.0,0,India,100.0,27,Uncapped,0,27,2014,2061
0,0.0,EB-1,2013,0.0,0,ROW,100.0,6331,Uncapped,0,6331,2014,2061
0,0.0,EB-2,2013,0.0,0,ROW,100.0,7655,Uncapped,0,7655,2014,2061
0,0.0,EB-3,2013,6.82015638575152,157,ROW,93.17984361424848,2145,Uncapped,0,2302,2014,2061
341,3.0806757611347004,EB-4,2013,19.63140301743608,2173,ROW,77.28792122142922,8555,Uncapped,0,11069,2014,2061
0,0.0,EB-5,2013,0.0,0,ROW,100.0,594,Uncapped,0,594,2014,2061
0,0.0,EB-1,2014,0.0,0,China,100.0,1123,Uncapped,0,1123,2014,2061
23,2.843016069221261,EB-2,2014,14.338689740420271,116,China,82.81829419035847,670,Uncapped,0,809,2014,2061
193,14.402985074626864,EB-3,2014,33.059701492537314,443,China,52.537313432835816,704,Uncapped,0,1340,2014,2061
0,0.0,EB-4,2014,3.225806451612903,1,China,96.7741935483871,30,Uncapped,0,31,2014,2061
0,0.0,EB-5,2014,0.09021199819576003,2,China,99.90978800180424,2215,Uncapped,0,2217,2014,2061
0,0.0,EB-1,2014,0.0,0,India,100.0,3378,Uncapped,0,3378,2014,2061
1196,10.041981528127623,EB-2,2014,16.288832913518053,1940,India,73.66918555835433,8774,Uncapped,0,11910,2014,2061
195,10.48951048951049,EB-3,2014,24.314147391070467,452,India,65.19634211941904,1212,Uncapped,0,1859,2014,2061
27,5.162523900573614,EB-4,2014,14.340344168260039,75,India,80.49713193116634,421,Uncapped,0,523,2014,2061
0,0.0,EB-5,2014,0.0,0,India,100.0,97,Uncapped,0,97,2014,2061
0,0.0,EB-1,2014,0.0,0,ROW,100.0,6258,Uncapped,0,6258,2014,2061
0,0.0,EB-2,2014,0.07648601398601398,7,ROW,99.92351398601399,9145,Uncapped,0,9152,2014,2061
0,0.0,EB-3,2014,3.593692702603594,98,ROW,96.40630729739641,2629,Uncapped,0,2727,2014,2061
622,6.661668630181,EB-4,2014,28.146085466423905,2628,ROW,65.19224590339509,6087,Uncapped,0,9337,2014,2061
0,0.0,EB-5,2014,0.0,0,ROW,100.0,752,Uncapped,0,752,2014,2061
0,0.0,EB-1,2015,0.30816640986132515,4,China,99.69183359013869,1294,Uncapped,0,1298,2014,2061
33,2.813299232736573,EB-2,2015,14.151747655583973,166,China,83.03495311167946,974,Uncapped,0,1173,2014,2061
72,16.0,EB-3,2015,33.77777777777778,152,China,50.22222222222222,226,Uncapped,0,450,2014,2061
0,0.0,EB-4,2015,0.0,0,China,100.0,61,Uncapped,0,61,2014,2061
0,0.0,EB-5,2015,1.5468347178458894,54,China,98.4531652821541,3437,Uncapped,0,3491,2014,2061
0,0.0,EB-1,2015,0.47125353440150797,15,India,99.52874646559849,3168,Uncapped,0,3183,2014,2061
1498,10.095019880045825,EB-2,2015,16.214030595053575,2406,India,73.69094952490059,10935,Uncapped,0,14839,2014,2061
271,9.315916122378825,EB-3,2015,23.719491234101064,690,India,66.96459264352012,1948,Uncapped,0,2909,2014,2061
87,8.040665434380777,EB-4,2015,21.256931608133087,230,India,70.70240295748613,765,Uncapped,0,1082,2014,2061
0,0.0,EB-5,2015,0.0,0,India,100.0,238,Uncapped,0,238,2014,2061
0,0.0,EB-1,2015,0.0,0,ROW,100.0,7176,Uncapped,0,7176,2014,2061
0,0.0,EB-2,2015,0.4275203817856433,43,ROW,99.57247961821436,10015,Uncapped,0,10058,2014,2061
0,0.0,EB-3,2015,3.4608378870673953,152,ROW,96.53916211293262,4240,Uncapped,0,4392,2014,2061
1254,9.76027397260274,EB-4,2015,31.92714819427148,4102,ROW,58.31257783312578,7492,Uncapped,0,12848,2014,2061
0,0.0,EB-5,2015,0.0,0,ROW,100.0,1518,Uncapped,0,1518,2014,2061
0,0.0,EB-1,2016,1.3636363636363635,18,China,98.63636363636363,1302,Uncapped,0,1320,2014,2061
75,4.876462938881664,EB-2,2016,15.084525357607282,232,China,80.03901170351105,1231,Uncapped,0,1538,2014,2061
123,11.32596685082873,EB-3,2016,36.279926335174956,394,China,52.39410681399632,569,Uncapped,0,1086,2014,2061
0,0.0,EB-4,2016,0.0,0,China,100.0,69,Uncapped,0,69,2014,2061
0,0.0,EB-5,2016,5.087658989343416,148,China,94.91234101065659,2761,Uncapped,0,2909,2014,2061
0,0.0,EB-1,2016,0.9732360097323601,40,India,99.02676399026764,4070,Uncapped,0,4110,2014,2061
2693,12.11099118546501,EB-2,2016,17.15236553336931,3814,India,70.73664328116568,15729,Uncapped,0,22236,2014,2061
308,6.529573881704473,EB-3,2016,22.959508161967353,1083,India,70.51091795632817,3326,Uncapped,0,4717,2014,2061
64,9.182209469153516,EB-4,2016,21.951219512195124,153,India,68.86657101865137,480,Uncapped,0,697,2014,2061
0,0.0,EB-5,2016,0.0,0,India,100.0,294,Uncapped,0,294,2014,2061
0,0.0,EB-1,2016,0.16698473282442747,14,ROW,99.83301526717557,8370,Uncapped,0,8384,2014,2061
0,0.0,EB-2,2016,0.8298420883016435,103,ROW,99.17015791169835,12309,Uncapped,0,12412,2014,2061
0,0.0,EB-3,2016,2.432236205227493,201,ROW,97.56776379477252,8063,Uncapped,0,8264,2014,2061
1711,14.030340303403033,EB-4,2016,35.43255432554325,4321,ROW,50.53710537105371,6163,Uncapped,0,12195,2014,2061
0,0.0,EB-5,2016,0.0,0,ROW,100.0,1429,Uncapped,0,1429,2014,2061
0,0.0,EB-1,2017,2.423469387755102,38,China,97.5765306122449,1530,Uncapped,0,1568,2014,2061
301,22.597597597597595,EB-2,2017,24.324324324324326,324,China,53.07807807807807,707,Uncapped,0,1332,2014,2061
203,14.077669902912621,EB-3,2017,31.27600554785021,451,China,54.64632454923717,788,Uncapped,0,1442,2014,2061
0,0.0,EB-4,2017,0.0,0,China,100.0,26,Uncapped,0,26,2014,2061
43,1.0459742155193383,EB-5,2017,5.619070785696911,231,China,93.33495499878374,3837,Uncapped,0,4111,2014,2061
0,0.0,EB-1,2017,1.5809396570919616,71,India,98.41906034290804,4420,Uncapped,0,4491,2014,2061
2876,14.89306612811351,EB-2,2017,18.264201750297758,3527,India,66.84273212158874,12908,Uncapped,0,19311,2014,2061
267,6.781813563627128,EB-3,2017,21.818643637287273,859,India,71.39954279908561,2811,Uncapped,0,3937,2014,2061
70,14.198782961460447,EB-4,2017,37.52535496957404,185,India,48.275862068965516,238,Uncapped,0,493,2014,2061
0,0.0,EB-5,2017,1.4336917562724014,8,India,98.56630824372759,550,Uncapped,0,558,2014,2061
0,0.0,EB-1,2017,0.5027422303473492,44,ROW,99.49725776965265,8708,Uncapped,0,8752,2014,2061
0,0.0,EB-2,2017,1.538911074315769,158,ROW,98.46108892568422,10109,Uncapped,0,10267,2014,2061
0,0.0,EB-3,2017,2.624137541002149,232,ROW,97.37586245899786,8609,Uncapped,0,8841,2014,2061
1441,17.880630351160193,EB-4,2017,39.62030028539521,3193,ROW,42.4990693634446,3425,Uncapped,0,8059,2014,2061
0,0.0,EB-5,2017,0.0,0,ROW,100.0,2081,Uncapped,0,2081,2014,2061
0,0.0,EB-1,2018,3.011583011583012,39,China,96.98841698841699,1256,Uncapped,0,1295,2014,2061
407,25.170068027210885,EB-2,2018,25.60296846011132,414,China,49.2269635126778,796,Uncapped,0,1617,2014,2061
144,10.75429424943988,EB-3,2018,31.06796116504854,416,China,58.17774458551157,779,Uncapped,0,1339,2014,2061
0,0.0,EB-4,2018,0.0,0,China,100.0,42,Uncapped,0,42,2014,2061
246,5.060687101419461,EB-5,2018,8.72248508537338,424,China,86.21682781320716,4191,Uncapped,0,4861,2014,2061
0,0.0,EB-1,2018,2.2921914357682622,91,India,97.70780856423174,3879,Uncapped,0,3970,2014,2061
3148,17.26066454655116,EB-2,2018,18.86720035091567,3441,India,63.872135102533164,11649,Uncapped,0,18238,2014,2061
152,4.035041146801168,EB-3,2018,21.34324396071144,804,India,74.62171489248739,2811,Uncapped,0,3767,2014,2061
76,20.105820105820104,EB-4,2018,35.714285714285715,135,India,44.17989417989418,167,Uncapped,0,378,2014,2061
7,0.7990867579908676,EB-5,2018,3.0821917808219177,27,India,96.11872146118722,842,Uncapped,0,876,2014,2061
0,0.0,EB-1,2018,0.9715380405035577,71,ROW,99.02846195949644,7237,Uncapped,0,7308,2014,2061
0,0.0,EB-2,2018,1.7504021194058095,185,ROW,98.24959788059418,10384,Uncapped,0,10569,2014,2061
0,0.0,EB-3,2018,3.586166240911771,365,ROW,96.41383375908823,9813,Uncapped,0,10178,2014,2061
1225,19.621976613807465,EB-4,2018,41.59859042127182,2597,ROW,38.779432964920716,2421,Uncapped,0,6243,2014,2061
0,0.0,EB-5,2018,0.0,0,ROW,100.0,2612,Uncapped,0,2612,2014,2061
0,0.0,EB-1,2019,2.719298245614035,31,China,97.28070175438597,1109,Uncapped,0,1140,2014,2061
553,26.637764932562618,EB-2,2019,27.3121387283237,567,China,46.05009633911368,956,Uncapped,0,2076,2014,2061
108,8.955223880597014,EB-3,2019,32.00663349917081,386,China,59.03814262023217,712,Uncapped,0,1206,2014,2061
0,0.0,EB-4,2019,0.0,0,China,100.0,47,Uncapped,0,47,2014,2061
45,3.557312252964427,EB-5,2019,9.802371541501977,124,China,86.6403162055336,1096,Uncapped,0,1265,2014,2061
0,0.0,EB-1,2019,2.1375719375171283,78,India,97.86242806248288,3571,Uncapped,0,3649,2014,2061
4288,21.14919852034525,EB-2,2019,19.551171393341555,3964,India,59.29963008631319,12023,Uncapped,0,20275,2014,2061
178,3.503937007874016,EB-3,2019,19.82283464566929,1007,India,76.6732283464567,3895,Uncapped,0,5080,2014,2061
100,19.801980198019802,EB-4,2019,40.0,202,India,40.1980198019802,203,Uncapped,0,505,2014,2061
4,1.444043321299639,EB-5,2019,6.4981949458483745,18,India,92.05776173285199,255,Uncapped,0,277,2014,2061
0,0.0,EB-1,2019,0.8047585724282715,46,ROW,99.19524142757172,5670,Uncapped,0,5716,2014,2061
6,0.055167340934166975,EB-2,2019,3.5307098197866864,384,ROW,96.41412283927914,10486,Uncapped,0,10876,2014,2061
0,0.0,EB-3,2019,5.654083957045232,695,ROW,94.34591604295477,11597,Uncapped,0,12292,2014,2061
1909,22.069364161849713,EB-4,2019,43.052023121387286,3724,ROW,34.87861271676301,3017,Uncapped,0,8650,2014,2061
0,0.0,EB-5,2019,0.0,0,ROW,100.0,774,Uncapped,0,774,2014,2061
0,0.0,EB-1,2020,1.991150442477876,18,China,98.00884955752213,886,Uncapped,0,904,2014,2061
638,28.674157303370784,EB-2,2020,28.13483146067416,626,China,43.19101123595506,961,Uncapped,0,2225,2014,2061
169,11.147757255936677,EB-3,2020,29.419525065963057,446,China,59.43271767810027,901,Uncapped,0,1516,2014,2061
0,0.0,EB-4,2020,0.0,0,China,100.0,23,Uncapped,0,23,2014,2061
28,3.255813953488372,EB-5,2020,8.13953488372093,70,China,88.60465116279069,762,Uncapped,0,860,2014,2061
0,0.0,EB-1,2020,1.3814756671899528,44,India,98.61852433281004,3141,Uncapped,0,3185,2014,2061
3801,22.89621107162219,EB-2,2020,20.872236612252273,3465,India,56.23155231612553,9335,Uncapped,0,16601,2014,2061
116,2.8059990324141264,EB-3,2020,18.867924528301888,780,India,78.32607643928398,3238,Uncapped,0,4134,2014,2061
169,30.895795246800734,EB-4,2020,38.391224862888485,210,India,30.712979890310788,168,Uncapped,0,547,2014,2061
7,3.482587064676617,EB-5,2020,4.975124378109453,10,India,91.54228855721394,184,Uncapped,0,201,2014,2061
0,0.0,EB-1,2020,0.0,0,ROW,100.0,5315,Uncapped,0,5315,2014,2061
8,0.08115236356258876,EB-2,2020,4.047474132684115,399,ROW,95.8713735037533,9451,Uncapped,0,9858,2014,2061
0,0.0,EB-3,2020,6.605819627688415,731,ROW,93.39418037231158,10335,Uncapped,0,11066,2014,2061
2234,26.42223536369012,EB-4,2020,46.85984624482555,3962,ROW,26.71791839148433,2259,Uncapped,0,8455,2014,2061
0,0.0,EB-5,2020,0.0,0,ROW,100.0,491,Uncapped,0,491,2014,2061
0,0.0,EB-1,2021,2.6600985221674875,27,China,97.33990147783251,988,Uncapped,0,1015,2014,2061
672,33.78582202111614,EB-2,2021,28.607340372046252,569,China,37.60683760683761,748,Uncapped,0,1989,2014,2061
332,10.036275695284159,EB-3,2021,30.743651753325274,1017,China,59.220072551390565,1959,Uncapped,0,3308,2014,2061
0,0.0,EB-4,2021,0.0,0,China,100.0,9,Uncapped,0,9,2014,2061
0,0.0,EB-5,2021,5.1058530510585305,41,China,94.89414694894147,762,Uncapped,0,803,2014,2061
0,0.0,EB-1,2021,1.2810457516339868,49,India,98.718954248366,3776,Uncapped,0,3825,2014,2061
4697,26.53822249844624,EB-2,2021,21.44188937228092,3795,India,52.01988812927284,9207,Uncapped,0,17699,2014,2061
746,3.3188006050360355,EB-3,2021,20.006228312127412,4497,India,76.67497108283655,17235,Uncapped,0,22478,2014,2061
139,31.16591928251121,EB-4,2021,46.860986547085204,209,India,21.973094170403588,98,Uncapped,0,446,2014,2061
7,3.1818181818181817,EB-5,2021,3.6363636363636362,8,India,93.18181818181817,205,Uncapped,0,220,2014,2061
0,0.0,EB-1,2021,0.0,0,ROW,100.0,5151,Uncapped,0,5151,2014,2061
7,0.06686407488776389,EB-2,2021,3.2667876588021776,342,ROW,96.66634826631005,10120,Uncapped,0,10469,2014,2061
0,0.0,EB-3,2021,5.442235917021092,627,ROW,94.5577640829789,10894,Uncapped,0,11521,2014,2061
2979,29.984901862103676,EB-4,2021,49.96477101157524,4964,ROW,20.050327126321086,1992,Uncapped,0,9935,2014,2061
0,0.0,EB-5,2021,0.5181347150259068,3,ROW,99.48186528497409,576,Uncapped,0,579,2014,2061
0,0.0,EB-1,2022,2.496217851739788,33,China,97.50378214826021,1289,Uncapped,0,1322,2014,2061
775,35.583103764921944,EB-2,2022,28.78787878787879,627,China,35.62901744719926,776,Uncapped,0,2178,2014,2061
144,11.474103585657371,EB-3,2022,27.88844621513944,350,China,60.637450199203194,761,Uncapped,0,1255,2014,2061
0,0.0,EB-4,2022,0.0,0,China,100.0,43,Uncapped,0,43,2014,2061
0,0.0,EB-5,2022,12.432432432432433,23,China,87.56756756756758,162,Uncapped,0,185,2014,2061
0,0.0,EB-1,2022,1.6540317022742934,72,India,98.3459682977257,4281,Uncapped,0,4353,2014,2061
6381,29.85402825863198,EB-2,2022,22.513333957144194,4812,India,47.632637784223824,10181,Uncapped,0,21374,2014,2061
302,3.900297042489991,EB-3,2022,20.650910499806276,1599,India,75.44879245770373,5842,Uncapped,0,7743,2014,2061
389,36.08534322820037,EB-4,2022,45.26901669758813,488,India,18.645640074211503,201,Uncapped,0,1078,2014,2061
3,5.084745762711865,EB-5,2022,1.694915254237288,1,India,93.22033898305084,55,Uncapped,0,59,2014,2061
0,0.0,EB-1,2022,0.0,0,ROW,100.0,6265,Uncapped,0,6265,2014,2061
5,0.038880248833592534,EB-2,2022,3.561430793157076,458,ROW,96.39968895800934,12397,Uncapped,0,12860,2014,2061
0,0.0,EB-3,2022,6.194207836456559,909,ROW,93.80579216354344,13766,Uncapped,0,14675,2014,2061
5083,32.02696742486296,EB-4,2022,51.931195261798244,8242,ROW,16.041837313338796,2546,Uncapped,0,15871,2014,2061
0,0.0,EB-5,2022,0.0,0,ROW,100.0,147,Uncapped,0,147,2014,2061
0,0.0,EB-1,2023,2.0009760858955588,41,China,97.99902391410444,2008,Uncapped,0,2049,2014,2061
1063,39.399555226093405,EB-2,2023,30.059303187546334,811,China,30.541141586360265,824,Uncapped,0,2698,2014,2061
134,12.430426716141001,EB-3,2023,29.777365491651203,321,China,57.7922077922078,623,Uncapped,0,1078,2014,2061
0,0.0,EB-4,2023,0.0,0,China,100.0,22,Uncapped,0,22,2014,2061
0,0.0,EB-5,2023,3.7828947368421053,23,China,96.2171052631579,585,Uncapped,0,608,2014,2061
0,0.0,EB-1,2023,1.606562980687062,94,India,98.39343701931294,5757,Uncapped,0,5851,2014,2061
6606,35.90802848290482,EB-2,2023,23.835407946947875,4385,India,40.25656357014731,7406,Uncapped,0,18397,2014,2061
274,4.626034104339018,EB-3,2023,20.428836738139456,1210,India,74.94512915752154,4439,Uncapped,0,5923,2014,2061
482,41.84027777777778,EB-4,2023,46.52777777777778,536,India,11.631944444444445,134,Uncapped,0,1152,2014,2061
6,2.2222222222222223,EB-5,2023,2.9629629629629632,8,India,94.81481481481482,256,Uncapped,0,270,2014,2061
0,0.0,EB-1,2023,0.0,0,ROW,100.0,8371,Uncapped,0,8371,2014,2061
4832,29.74819922428123,EB-2,2023,27.433355907160006,4456,ROW,42.818444868558764,6955,Uncapped,0,16243,2014,2061
2280,12.199036918138042,EB-3,2023,31.348314606741575,5859,ROW,56.452648475120384,10551,Uncapped,0,18690,2014,2061
3865,36.00708030557108,EB-4,2023,53.4190422955096,5734,ROW,10.573877398919322,1135,Uncapped,0,10734,2014,2061
0,0.0,EB-5,2023,0.0,0,ROW,100.0,458,Uncapped,0,458,2014,2061
0,0.0,EB-1,2024,1.9905709795704558,38,China,98.00942902042954,1871,Uncapped,0,1909,2014,2061
1125,44.37869822485207,EB-2,2024,31.676528599605525,803,China,23.944773175542405,607,Uncapped,0,2535,2014,2061
309,13.359273670557718,EB-3,2024,31.776913099870296,735,China,54.86381322957199,1269,Uncapped,0,2313,2014,2061
0,0.0,EB-4,2024,0.0,0,China,100.0,37,Uncapped,0,37,2014,2061
0,0.0,EB-5,2024,2.340290955091714,37,China,97.65970904490828,1544,Uncapped,0,1581,2014,2061
0,0.0,EB-1,2024,1.6033755274261603,76,India,98.39662447257383,4664,Uncapped,0,4740,2014,2061
7626,41.979522184300336,EB-2,2024,25.11284817791479,4562,India,32.90762963778487,5978,Uncapped,0,18166,2014,2061
257,5.485592315901814,EB-3,2024,22.411953041622198,1050,India,72.10245464247599,3378,Uncapped,0,4685,2014,2061
411,44.14607948442535,EB-4,2024,50.05370569280344,466,India,5.800214822771213,54,Uncapped,0,931,2014,2061
0,0.0,EB-5,2024,2.4930747922437675,18,India,97.50692520775624,704,Uncapped,0,722,2014,2061
0,0.0,EB-1,2024,0.0,0,ROW,100.0,8124,Uncapped,0,8124,2014,2061
5758,44.15982820768464,EB-2,2024,37.809647979139505,4930,ROW,18.030523813175858,2351,Uncapped,0,13039,2014,2061
2406,14.020161995221725,EB-3,2024,32.0960316997844,5508,ROW,53.88380630499389,9247,Uncapped,0,17161,2014,2061
4505,40.780302344527925,EB-4,2024,55.001357834706255,6076,ROW,4.218339820765818,466,Uncapped,0,11047,2014,2061
0,0.0,EB-5,2024,0.0,0,ROW,100.0,1229,Uncapped,0,1229,2014,2061
0,0.0,EB-1,2025,1.8154311649016641,36,China,98.18456883509835,1947,Uncapped,0,1983,2014,2061
1282,50.1761252446184,EB-2,2025,30.645792563600782,783,China,19.17808219178082,490,Uncapped,0,2555,2014,2061
307,13.518273888154997,EB-3,2025,31.616028181417878,718,China,54.865697930427125,1246,Uncapped,0,2271,2014,2061
19,48.717948717948715,EB-4,2025,51.28205128205128,20,China,0.0,0,Uncapped,0,39,2014,2061
0,0.0,EB-5,2025,2.037037037037037,33,China,97.96296296296296,1587,Uncapped,0,1620,2014,2061
0,0.0,EB-1,2025,1.5091863517060367,69,India,98.49081364829397,4503,Uncapped,0,4572,2014,2061
8644,47.400745777582806,EB-2,2025,26.91379688528186,4908,India,25.685457337135336,4684,Uncapped,0,18236,2014,2061
350,7.6889279437609845,EB-3,2025,23.110720562390156,1052,India,69.20035149384886,3150,Uncapped,0,4552,2014,2061
488,50.88633993743483,EB-4,2025,48.38373305526591,464,India,0.7299270072992701,7,Uncapped,0,959,2014,2061
0,0.0,EB-5,2025,3.8863976083707024,26,India,96.1136023916293,643,Uncapped,0,669,2014,2061
9,0.11323603422244591,EB-1,2025,1.9250125817815802,153,ROW,97.96175138399597,7786,Uncapped,0,7948,2014,2061
6197,48.20692337611824,EB-2,2025,37.604045118630886,4834,ROW,14.189031505250876,1824,Uncapped,0,12855,2014,2061
2825,16.279605831844638,EB-3,2025,33.65988589869187,5841,ROW,50.06050826946349,8687,Uncapped,0,17353,2014,2061
4904,44.29990966576332,EB-4,2025,55.39295392953929,6132,ROW,0.3071364046973803,34,Uncapped,0,11070,2014,2061
13,1.0743801652892562,EB-5,2025,2.396694214876033,29,ROW,96.52892561983471,1168,Uncapped,0,1210,2014,2061
0,0.0,EB-1,2026,2.33983286908078,42,China,97.66016713091922,1753,Uncapped,0,1795,2014,2061
1424,52.818991097922854,EB-2,2026,32.640949554896146,880,China,14.540059347181009,392,Uncapped,0,2696,2014,2061
367,15.381391450125733,EB-3,2026,34.45096395641241,822,China,50.16764459346186,1197,Uncapped,0,2386,2014,2061
28,59.57446808510638,EB-4,2026,40.42553191489361,19,China,0.0,0,Uncapped,0,47,2014,2061
0,0.0,EB-5,2026,2.8159790438768826,43,China,97.18402095612312,1484,Uncapped,0,1527,2014,2061
0,0.0,EB-1,2026,2.022810415321713,94,India,97.97718958467829,4553,Uncapped,0,4647,2014,2061
9691,52.77460110003812,EB-2,2026,27.609867668681588,5070,India,19.615531231280293,3602,Uncapped,0,18363,2014,2061
385,8.130939809926083,EB-3,2026,24.09714889123548,1141,India,67.77191129883843,3209,Uncapped,0,4735,2014,2061
502,50.300601202404806,EB-4,2026,49.69939879759519,496,India,0.0,0,Uncapped,0,998,2014,2061
3,0.40705563093622793,EB-5,2026,2.9850746268656714,22,India,96.6078697421981,712,Uncapped,0,737,2014,2061
13,0.15842066780404582,EB-1,2026,2.3763100170606877,195,ROW,97.46526931513527,7998,Uncapped,0,8206,2014,2061
6776,51.95123821206777,EB-2,2026,38.15073219351376,4976,ROW,9.898029594418462,1291,Uncapped,0,13043,2014,2061
3056,17.806782426290642,EB-3,2026,34.180165481878575,5866,ROW,48.01305209183079,8240,Uncapped,0,17162,2014,2061
4730,43.13725490196079,EB-4,2026,56.86274509803921,6235,ROW,0.0,0,Uncapped,0,10965,2014,2061
9,0.6880733944954129,EB-5,2026,3.82262996941896,50,ROW,95.48929663608563,1249,Uncapped,0,1308,2014,2061
0,0.0,EB-1,2027,3.6250647332988093,70,China,96.37493526670119,1861,Uncapped,0,1931,2014,2061
1426,57.38430583501006,EB-2,2027,32.072434607645874,797,China,10.543259557344065,262,Uncapped,0,2485,2014,2061
419,18.26503923278117,EB-3,2027,35.44027898866609,813,China,46.29468177855275,1062,Uncapped,0,2294,2014,2061
25,37.878787878787875,EB-4,2027,62.121212121212125,41,China,0.0,0,Uncapped,0,66,2014,2061
0,0.0,EB-5,2027,3.629536921151439,58,China,96.37046307884856,1540,Uncapped,0,1598,2014,2061
3,0.06464124111182934,EB-1,2027,2.5210084033613445,117,India,97.41435035552682,4521,Uncapped,0,4641,2014,2061
10785,58.28154552823561,EB-2,2027,28.105917319643343,5201,India,13.612537152121048,2519,Uncapped,0,18505,2014,2061
461,9.800170068027212,EB-3,2027,22.789115646258505,1072,India,67.41071428571429,3171,Uncapped,0,4704,2014,2061
504,52.17391304347826,EB-4,2027,47.82608695652174,462,India,0.0,0,Uncapped,0,966,2014,2061
6,0.8321775312066574,EB-5,2027,2.496532593619972,18,India,96.67128987517337,697,Uncapped,0,721,2014,2061
17,0.20726652036088758,EB-1,2027,2.974884174591563,244,ROW,96.81784930504756,7941,Uncapped,0,8202,2014,2061
6828,53.07835820895522,EB-2,2027,40.56281094527363,5218,ROW,6.358830845771145,818,Uncapped,0,12864,2014,2061
3293,19.10092807424594,EB-3,2027,36.01508120649652,6209,ROW,44.88399071925754,7738,Uncapped,0,17240,2014,2061
4834,44.28767750801649,EB-4,2027,55.712322491983514,6081,ROW,0.0,0,Uncapped,0,10915,2014,2061
7,0.532724505327245,EB-5,2027,5.93607305936073,78,ROW,93.53120243531203,1229,Uncapped,0,1314,2014,2061
0,0.0,EB-1,2028,3.6458333333333335,70,China,96.35416666666666,1850,Uncapped,0,1920,2014,2061
1490,59.935639581657284,EB-2,2028,32.62268704746581,811,China,7.441673370876911,185,Uncapped,0,2486,2014,2061
480,19.801980198019802,EB-3,2028,35.35478547854785,857,China,44.84323432343234,1087,Uncapped,0,2424,2014,2061
34,69.38775510204081,EB-4,2028,30.612244897959183,15,China,0.0,0,Uncapped,0,49,2014,2061
0,0.0,EB-5,2028,3.215636822194199,51,China,96.7843631778058,1535,Uncapped,0,1586,2014,2061
0,0.0,EB-1,2028,1.6688061617458279,78,India,98.33119383825417,4596,Uncapped,0,4674,2014,2061
11227,61.73769590321694,EB-2,2028,28.688479516084687,5217,India,9.573824580698377,1741,Uncapped,0,18185,2014,2061
505,10.864888123924269,EB-3,2028,23.558519793459553,1095,India,65.57659208261619,3048,Uncapped,0,4648,2014,2061
501,53.297872340425535,EB-4,2028,46.702127659574465,439,India,0.0,0,Uncapped,0,940,2014,2061
5,0.7874015748031495,EB-5,2028,2.047244094488189,13,India,97.16535433070867,617,Uncapped,0,635,2014,2061
16,0.19927761863245733,EB-1,2028,3.2880807074355465,264,ROW,96.512641673932,7749,Uncapped,0,8029,2014,2061
7187,56.29797900673664,EB-2,2028,39.28403571988093,5015,ROW,4.417985273382422,564,Uncapped,0,12766,2014,2061
3546,20.851464189109727,EB-3,2028,36.757614959426085,6251,ROW,42.39092085146419,7209,Uncapped,0,17006,2014,2061
4819,43.01910373147652,EB-4,2028,56.98089626852347,6383,ROW,0.0,0,Uncapped,0,11202,2014,2061
26,2.0408163265306123,EB-5,2028,4.709576138147567,60,ROW,93.24960753532181,1188,Uncapped,0,1274,2014,2061
0,0.0,EB-1,2029,3.0303030303030303,56,China,96.96969696969697,1792,Uncapped,0,1848,2014,2061
1582,63.66197183098592,EB-2,2029,32.837022132796776,816,China,3.5010060362173037,87,Uncapped,0,2485,2014,2061
458,20.364606491774122,EB-3,2029,38.15028901734104,858,China,41.48510449088484,933,Uncapped,0,2249,2014,2061
19,34.54545454545455,EB-4,2029,65.45454545454545,36,China,0.0,0,Uncapped,0,55,2014,2061
0,0.0,EB-5,2029,4.1122715404699735,63,China,95.88772845953002,1469,Uncapped,0,1532,2014,2061
1,0.02188662727073758,EB-1,2029,2.538848763405559,116,India,97.4392646093237,4452,Uncapped,0,4569,2014,2061
12013,65.77780211356294,EB-2,2029,29.39823687236489,5369,India,4.823961014072168,881,Uncapped,0,18263,2014,2061
588,12.60720411663808,EB-3,2029,25.836192109777016,1205,India,61.556603773584904,2871,Uncapped,0,4664,2014,2061
483,55.01138952164008,EB-4,2029,44.98861047835991,395,India,0.0,0,Uncapped,0,878,2014,2061
8,1.0869565217391304,EB-5,2029,2.989130434782609,22,India,95.92391304347827,706,Uncapped,0,736,2014,2061
24,0.28989008334339894,EB-1,2029,3.79272859040947,314,ROW,95.91738132624712,7941,Uncapped,0,8279,2014,2061
7608,58.894565722248025,EB-2,2029,38.99984517727202,5038,ROW,2.1055891004799503,272,Uncapped,0,12918,2014,2061
3891,22.5199675888413,EB-3,2029,36.82717907165181,6363,ROW,40.65285333950689,7024,Uncapped,0,17278,2014,2061
4783,43.257664827710954,EB-4,2029,56.742335172289046,6274,ROW,0.0,0,Uncapped,0,11057,2014,2061
15,1.1801730920535012,EB-5,2029,5.664830841856806,72,ROW,93.1549960660897,1184,Uncapped,0,1271,2014,2061
0,0.0,EB-1,2030,4.2841648590021695,79,China,95.71583514099783,1765,Uncapped,0,1844,2014,2061
1723,65.81359816653935,EB-2,2030,32.12375859434683,841,China,2.0626432391138274,54,Uncapped,0,2618,2014,2061
541,22.598162071846282,EB-3,2030,37.67752715121136,902,China,39.72431077694235,951,Uncapped,0,2394,2014,2061
29,52.72727272727272,EB-4,2030,47.27272727272727,26,China,0.0,0,Uncapped,0,55,2014,2061
0,0.0,EB-5,2030,3.4482758620689653,52,China,96.55172413793103,1456,Uncapped,0,1508,2014,2061
4,0.08462026655383964,EB-1,2030,2.8347789295536283,134,India,97.08060080389254,4589,Uncapped,0,4727,2014,2061
12564,68.30116879586843,EB-2,2030,29.29600434900788,5389,India,2.402826855123675,442,Uncapped,0,18395,2014,2061
666,14.047669268086901,EB-3,2030,25.0369120438726,1187,India,60.9154186880405,2888,Uncapped,0,4741,2014,2061
484,51.65421558164355,EB-4,2030,48.34578441835646,453,India,0.0,0,Uncapped,0,937,2014,2061
6,0.8928571428571428,EB-5,2030,2.6785714285714284,18,India,96.42857142857143,648,Uncapped,0,672,2014,2061
29,0.36150585888805786,EB-1,2030,3.926701570680628,315,ROW,95.71179257043131,7678,Uncapped,0,8022,2014,2061
7396,58.05337519623234,EB-2,2030,40.91836734693878,5213,ROW,1.0282574568288854,131,Uncapped,0,12740,2014,2061
4260,24.449035812672175,EB-3,2030,36.6678145087236,6389,ROW,38.88314967860423,6775,Uncapped,0,17424,2014,2061
4692,42.63129202253316,EB-4,2030,57.36870797746684,6314,ROW,0.0,0,Uncapped,0,11006,2014,2061
16,1.237432327919567,EB-5,2030,5.413766434648106,70,ROW,93.34880123743233,1207,Uncapped,0,1293,2014,2061
0,0.0,EB-1,2031,5.382131324004305,100,China,94.6178686759957,1758,Uncapped,0,1858,2014,2061
1757,66.17702448210923,EB-2,2031,33.67231638418079,894,China,0.15065913370998116,4,Uncapped,0,2655,2014,2061
617,26.652267818574515,EB-3,2031,37.926565874730024,878,China,35.42116630669546,820,Uncapped,0,2315,2014,2061
17,37.77777777777778,EB-4,2031,62.22222222222222,28,China,0.0,0,Uncapped,0,45,2014,2061
0,0.0,EB-5,2031,3.382259093809828,53,China,96.61774090619018,1514,Uncapped,0,1567,2014,2061
12,0.25569997869166844,EB-1,2031,3.0897080758576605,145,India,96.65459194545068,4536,Uncapped,0,4693,2014,2061
12712,69.41137927268755,EB-2,2031,30.255542208146775,5541,India,0.3330785191656656,61,Uncapped,0,18314,2014,2061
712,15.344827586206897,EB-3,2031,25.323275862068968,1175,India,59.33189655172414,2753,Uncapped,0,4640,2014,2061
417,47.27891156462585,EB-4,2031,52.721088435374156,465,India,0.0,0,Uncapped,0,882,2014,2061
10,1.41643059490085,EB-5,2031,2.5495750708215295,18,India,96.03399433427762,678,Uncapped,0,706,2014,2061
27,0.3267578361369962,EB-1,2031,4.986082536608979,412,ROW,94.68715962725402,7824,Uncapped,0,8263,2014,2061
7539,59.30150239911901,EB-2,2031,40.56477621332494,5157,ROW,0.13372138755604498,17,Uncapped,0,12713,2014,2061
4554,26.319135410044503,EB-3,2031,37.98185285788592,6572,ROW,35.699011732069586,6177,Uncapped,0,17303,2014,2061
4908,44.891612549163085,EB-4,2031,55.108387450836915,6025,ROW,0.0,0,Uncapped,0,10933,2014,2061
23,1.757066462948816,EB-5,2031,4.354469060351414,57,ROW,93.88846447669977,1229,Uncapped,0,1309,2014,2061
0,0.0,EB-1,2032,3.6677454153182305,68,China,96.33225458468176,1786,Uncapped,0,1854,2014,2061
1711,66.112828438949,EB-2,2032,33.887171561051005,877,China,0.0,0,Uncapped,0,2588,2014,2061
608,27.3997296079315,EB-3,2032,38.35060838215412,851,China,34.24966200991438,760,Uncapped,0,2219,2014,2061
19,38.0,EB-4,2032,62.0,31,China,0.0,0,Uncapped,0,50,2014,2061
0,0.0,EB-5,2032,4.126370083816893,64,China,95.8736299161831,1487,Uncapped,0,1551,2014,2061
9,0.19284336833083351,EB-1,2032,3.6211699164345403,169,India,96.18598671523463,4489,Uncapped,0,4667,2014,2061
12840,70.67760224583036,EB-2,2032,29.32239775416965,5327,India,0.0,0,Uncapped,0,18167,2014,2061
790,16.920111372884985,EB-3,2032,25.851360034268577,1207,India,57.22852859284644,2672,Uncapped,0,4669,2014,2061
436,50.87514585764295,EB-4,2032,49.12485414235706,421,India,0.0,0,Uncapped,0,857,2014,2061
16,2.2284122562674096,EB-5,2032,4.596100278551532,33,India,93.17548746518106,669,Uncapped,0,718,2014,2061
35,0.4324725071049054,EB-1,2032,4.608921290003707,373,ROW,94.95860620289139,7685,Uncapped,0,8093,2014,2061
7839,59.36387731919728,EB-2,2032,40.63612268080273,5366,ROW,0.0,0,Uncapped,0,13205,2014,2061
4655,27.14127456125007,EB-3,2032,38.382601597574485,6583,ROW,34.47612384117544,5913,Uncapped,0,17151,2014,2061
4962,45.24895130403064,EB-4,2032,54.75104869596936,6004,ROW,0.0,0,Uncapped,0,10966,2014,2061
26,1.9075568598679384,EB-5,2032,5.86940572267058,80,ROW,92.22303741746148,1257,Uncapped,0,1363,2014,2061
2,0.1034126163391934,EB-1,2033,4.705274043433299,91,China,95.19131334022751,1841,Uncapped,0,1934,2014,2061
1763,67.41873804971318,EB-2,2033,32.5812619502868,852,China,0.0,0,Uncapped,0,2615,2014,2061
669,29.12494558119286,EB-3,2033,38.18023508924684,877,China,32.694819329560296,751,Uncapped,0,2297,2014,2061
24,48.0,EB-4,2033,52.0,26,China,0.0,0,Uncapped,0,50,2014,2061
0,0.0,EB-5,2033,4.832474226804124,75,China,95.16752577319588,1477,Uncapped,0,1552,2014,2061
21,0.45122475290073055,EB-1,2033,3.5668242372152985,166,India,95.98195100988397,4467,Uncapped,0,4654,2014,2061
12708,69.75518717751675,EB-2,2033,30.244812822483258,5510,India,0.0,0,Uncapped,0,18218,2014,2061
940,19.657047260560432,EB-3,2033,26.82977833542451,1283,India,53.513174404015054,2559,Uncapped,0,4782,2014,2061
403,47.52358490566038,EB-4,2033,52.47641509433962,445,India,0.0,0,Uncapped,0,848,2014,2061
16,2.28898426323319,EB-5,2033,4.148783977110158,29,India,93.56223175965665,654,Uncapped,0,699,2014,2061
52,0.6553245116572148,EB-1,2033,5.16698172652804,410,ROW,94.17769376181474,7473,Uncapped,0,7935,2014,2061
7792,59.340491965577634,EB-2,2033,40.65950803442236,5339,ROW,0.0,0,Uncapped,0,13131,2014,2061
4946,28.500633859628905,EB-3,2033,38.90169413391725,6751,ROW,32.59767200645384,5657,Uncapped,0,17354,2014,2061
4790,43.45853747051352,EB-4,2033,56.54146252948649,6232,ROW,0.0,0,Uncapped,0,11022,2014,2061
17,1.3229571984435797,EB-5,2033,4.980544747081712,64,ROW,93.6964980544747,1204,Uncapped,0,1285,2014,2061
3,0.15873015873015872,EB-1,2034,5.767195767195767,109,China,94.07407407407408,1778,Uncapped,0,1890,2014,2061
1751,67.84192173576133,EB-2,2034,32.15807826423867,830,China,0.0,0,Uncapped,0,2581,2014,2061
754,30.489284270117267,EB-3,2034,38.25313384553174,946,China,31.257581884350994,773,Uncapped,0,2473,2014,2061
20,36.36363636363637,EB-4,2034,63.63636363636363,35,China,0.0,0,Uncapped,0,55,2014,2061
0,0.0,EB-5,2034,4.431599229287091,69,China,95.56840077071291,1488,Uncapped,0,1557,2014,2061
22,0.46218487394957986,EB-1,2034,4.957983193277311,236,India,94.5798319327731,4502,Uncapped,0,4760,2014,2061
12823,70.88838520647907,EB-2,2034,29.111614793520925,5266,India,0.0,0,Uncapped,0,18089,2014,2061
968,20.920682947914415,EB-3,2034,27.44759023125135,1270,India,51.63172682083423,2389,Uncapped,0,4627,2014,2061
512,52.78350515463918,EB-4,2034,47.21649484536082,458,India,0.0,0,Uncapped,0,970,2014,2061
13,1.8005540166204987,EB-5,2034,4.016620498614958,29,India,94.18282548476455,680,Uncapped,0,722,2014,2061
57,0.7055328629780914,EB-1,2034,6.671617774477038,539,ROW,92.62284936254487,7483,Uncapped,0,8079,2014,2061
7748,59.55876700745638,EB-2,2034,40.441232992543625,5261,ROW,0.0,0,Uncapped,0,13009,2014,2061
5178,30.09590235396687,EB-3,2034,39.052600988084855,6719,ROW,30.851496657948267,5308,Uncapped,0,17205,2014,2061
4926,44.52277657266811,EB-4,2034,55.47722342733189,6138,ROW,0.0,0,Uncapped,0,11064,2014,2061
19,1.5422077922077921,EB-5,2034,5.762987012987013,71,ROW,92.6948051948052,1142,Uncapped,0,1232,2014,2061
6,0.3147953830010493,EB-1,2035,5.876180482686253,112,China,93.80902413431271,1788,Uncapped,0,1906,2014,2061
1802,69.70986460348162,EB-2,2035,30.290135396518377,783,China,0.0,0,Uncapped,0,2585,2014,2061
707,30.174989329918905,EB-3,2035,40.63166880068289,952,China,29.19334186939821,684,Uncapped,0,2343,2014,2061
15,44.11764705882353,EB-4,2035,55.88235294117647,19,China,0.0,0,Uncapped,0,34,2014,2061
0,0.0,EB-5,2035,5.602605863192182,86,China,94.39739413680782,1449,Uncapped,0,1535,2014,2061
20,0.4211412929037693,EB-1,2035,3.8323857654242994,182,India,95.74647294167194,4547,Uncapped,0,4749,2014,2061
12764,70.20902090209022,EB-2,2035,29.79097909790979,5416,India,0.0,0,Uncapped,0,18180,2014,2061
1027,21.865020225675963,EB-3,2035,27.08111560570577,1272,India,51.05386416861827,2398,Uncapped,0,4697,2014,2061
464,51.55555555555556,EB-4,2035,48.44444444444444,436,India,0.0,0,Uncapped,0,900,2014,2061
19,2.8831562974203337,EB-5,2035,3.6418816388467374,24,India,93.47496206373293,616,Uncapped,0,659,2014,2061
77,0.9476923076923077,EB-1,2035,6.7323076923076925,547,ROW,92.32000000000001,7501,Uncapped,0,8125,2014,2061
7671,59.831526401996726,EB-2,2035,40.168473598003274,5150,ROW,0.0,0,Uncapped,0,12821,2014,2061
5035,29.624617557072252,EB-3,2035,41.35090609555189,7028,ROW,29.024476347375856,4933,Uncapped,0,16996,2014,2061
4866,44.04815787091518,EB-4,2035,55.95184212908482,6181,ROW,0.0,0,Uncapped,0,11047,2014,2061
20,1.509433962264151,EB-5,2035,6.566037735849056,87,ROW,91.92452830188678,1218,Uncapped,0,1325,2014,2061
15,0.7727975270479135,EB-1,2036,7.006697578567748,136,China,92.22050489438433,1790,Uncapped,0,1941,2014,2061
1752,67.02371843917369,EB-2,2036,32.97628156082632,862,China,0.0,0,Uncapped,0,2614,2014,2061
713,32.46812386156648,EB-3,2036,39.66302367941712,871,China,27.86885245901639,612,Uncapped,0,2196,2014,2061
23,45.09803921568628,EB-4,2036,54.90196078431373,28,China,0.0,0,Uncapped,0,51,2014,2061
0,0.0,EB-5,2036,4.739010989010989,69,China,95.26098901098901,1387,Uncapped,0,1456,2014,2061
34,0.7365684575389948,EB-1,2036,3.8778162911611784,179,India,95.38561525129982,4403,Uncapped,0,4616,2014,2061
12991,70.80721643865482,EB-2,2036,29.19278356134518,5356,India,0.0,0,Uncapped,0,18347,2014,2061
1122,24.191461836998705,EB-3,2036,27.210004312203534,1262,India,48.59853385079776,2254,Uncapped,0,4638,2014,2061
467,49.41798941798942,EB-4,2036,50.58201058201058,478,India,0.0,0,Uncapped,0,945,2014,2061
20,2.801120448179272,EB-5,2036,4.201680672268908,30,India,92.99719887955182,664,Uncapped,0,714,2014,2061
116,1.3923898691633658,EB-1,2036,6.649861961349178,554,ROW,91.95774816948745,7661,Uncapped,0,8331,2014,2061
7729,59.380762138905965,EB-2,2036,40.619237861094035,5287,ROW,0.0,0,Uncapped,0,13016,2014,2061
5353,31.486383153932124,EB-3,2036,40.51526380801129,6888,ROW,27.998353038056585,4760,Uncapped,0,17001,2014,2061
4739,42.80166184971098,EB-4,2036,57.19833815028902,6333,ROW,0.0,0,Uncapped,0,11072,2014,2061
33,2.5267993874425727,EB-5,2036,6.278713629402756,82,ROW,91.19448698315466,1191,Uncapped,0,1306,2014,2061
7,0.38716814159292035,EB-1,2037,6.7477876106194685,122,China,92.86504424778761,1679,Uncapped,0,1808,2014,2061
1667,66.15079365079364,EB-2,2037,33.84920634920635,853,China,0.0,0,Uncapped,0,2520,2014,2061
778,32.85472972972973,EB-3,2037,41.25844594594595,977,China,25.886824324324326,613,Uncapped,0,2368,2014,2061
16,36.36363636363637,EB-4,2037,63.63636363636363,28,China,0.0,0,Uncapped,0,44,2014,2061
0,0.0,EB-5,2037,4.551539491298527,68,China,95.44846050870147,1426,Uncapped,0,1494,2014,2061
36,0.7726980038634901,EB-1,2037,5.365958360163125,250,India,93.86134363597338,4373,Uncapped,0,4659,2014,2061
12899,70.91258933479934,EB-2,2037,29.087410665200657,5291,India,0.0,0,Uncapped,0,18190,2014,2061
1163,25.244193618406776,EB-3,2037,28.326459735185587,1305,India,46.429346646407645,2139,Uncapped,0,4607,2014,2061
410,45.40420819490587,EB-4,2037,54.59579180509413,493,India,0.0,0,Uncapped,0,903,2014,2061
10,1.402524544179523,EB-5,2037,3.506311360448808,25,India,95.09116409537167,678,Uncapped,0,713,2014,2061
135,1.639742499696344,EB-1,2037,7.299890683833353,601,ROW,91.0603668164703,7497,Uncapped,0,8233,2014,2061
7469,58.778625954198475,EB-2,2037,41.221374045801525,5238,ROW,0.0,0,Uncapped,0,12707,2014,2061
5576,33.02339354456618,EB-3,2037,40.85282795380515,6898,ROW,26.123778501628664,4411,Uncapped,0,16885,2014,2061
4770,43.693322341302554,EB-4,2037,56.306677658697446,6147,ROW,0.0,0,Uncapped,0,10917,2014,2061
36,2.9654036243822075,EB-5,2037,6.8369028006589785,83,ROW,90.19769357495882,1095,Uncapped,0,1214,2014,2061
17,0.9254218835057159,EB-1,2038,6.750136091453457,124,China,92.32444202504084,1696,Uncapped,0,1837,2014,2061
1786,69.30539386883974,EB-2,2038,30.694606131160263,791,China,0.0,0,Uncapped,0,2577,2014,2061
718,31.463628396143733,EB-3,2038,42.944785276073624,980,China,25.591586327782643,584,Uncapped,0,2282,2014,2061
37,64.91228070175438,EB-4,2038,35.08771929824561,20,China,0.0,0,Uncapped,0,57,2014,2061
0,0.0,EB-5,2038,5.844155844155844,90,China,94.15584415584416,1450,Uncapped,0,1540,2014,2061
46,0.9671993271656856,EB-1,2038,3.847771236333053,183,India,95.18502943650125,4527,Uncapped,0,4756,2014,2061
13124,71.21384773997505,EB-2,2038,28.78615226002496,5305,India,0.0,0,Uncapped,0,18429,2014,2061
1232,26.730310262529834,EB-3,2038,27.012367107832503,1245,India,46.25732262963766,2132,Uncapped,0,4609,2014,2061
499,51.979166666666664,EB-4,2038,48.020833333333336,461,India,0.0,0,Uncapped,0,960,2014,2061
8,1.21765601217656,EB-5,2038,3.8051750380517504,25,India,94.97716894977168,624,Uncapped,0,657,2014,2061
180,2.2452288886117,EB-1,2038,7.646251715105401,613,ROW,90.10851939628289,7224,Uncapped,0,8017,2014,2061
7668,58.507553792156266,EB-2,2038,41.492446207843734,5438,ROW,0.0,0,Uncapped,0,13106,2014,2061
5657,32.92590652464932,EB-3,2038,41.94750014550957,7207,ROW,25.1265933298411,4317,Uncapped,0,17181,2014,2061
5034,45.24130493394446,EB-4,2038,54.75869506605554,6093,ROW,0.0,0,Uncapped,0,11127,2014,2061
48,3.7122969837587005,EB-5,2038,4.408352668213457,57,ROW,91.87935034802784,1188,Uncapped,0,1293,2014,2061
24,1.3057671381936888,EB-1,2039,7.072905331882481,130,China,91.62132752992383,1684,Uncapped,0,1838,2014,2061
1635,65.79476861167002,EB-2,2039,34.205231388329985,850,China,0.0,0,Uncapped,0,2485,2014,2061
781,33.093220338983045,EB-3,2039,42.2457627118644,997,China,24.661016949152543,582,Uncapped,0,2360,2014,2061
29,46.774193548387096,EB-4,2039,53.2258064516129,33,China,0.0,0,Uncapped,0,62,2014,2061
0,0.0,EB-5,2039,4.23956931359354,63,China,95.76043068640647,1423,Uncapped,0,1486,2014,2061
42,0.8797653958944283,EB-1,2039,4.838709677419355,231,India,94.28152492668622,4501,Uncapped,0,4774,2014,2061
13095,70.91411242283114,EB-2,2039,29.08588757716885,5371,India,0.0,0,Uncapped,0,18466,2014,2061
1296,26.904712476645216,EB-3,2039,28.004982354162344,1349,India,45.09030516919245,2172,Uncapped,0,4817,2014,2061
470,50.42918454935622,EB-4,2039,49.57081545064378,462,India,0.0,0,Uncapped,0,932,2014,2061
15,2.0408163265306123,EB-5,2039,2.9931972789115644,22,India,94.96598639455782,698,Uncapped,0,735,2014,2061
206,2.520802741067058,EB-1,2039,7.953989231522271,650,ROW,89.52520802741067,7316,Uncapped,0,8172,2014,2061
7845,58.8257348530294,EB-2,2039,41.174265146970605,5491,ROW,0.0,0,Uncapped,0,13336,2014,2061
5864,34.20438637424172,EB-3,2039,41.32057862809146,7084,ROW,24.47503499766682,4196,Uncapped,0,17144,2014,2061
4739,43.58903605592347,EB-4,2039,56.41096394407653,6133,ROW,0.0,0,Uncapped,0,10872,2014,2061
22,1.8471872376154492,EB-5,2039,5.961376994122586,71,ROW,92.19143576826197,1098,Uncapped,0,1191,2014,2061
27,1.396792550439731,EB-1,2040,6.207966890843249,120,China,92.39524055871702,1786,Uncapped,0,1933,2014,2061
1761,66.80576631259484,EB-2,2040,33.19423368740516,875,China,0.0,0,Uncapped,0,2636,2014,2061
828,35.53648068669528,EB-3,2040,41.50214592274678,967,China,22.96137339055794,535,Uncapped,0,2330,2014,2061
28,47.45762711864407,EB-4,2040,52.54237288135594,31,China,0.0,0,Uncapped,0,59,2014,2061
0,0.0,EB-5,2040,4.336399474375821,66,China,95.66360052562418,1456,Uncapped,0,1522,2014,2061
39,0.8550756413067309,EB-1,2040,5.481254110940583,250,India,93.66367024775269,4272,Uncapped,0,4561,2014,2061
12723,70.1030359799438,EB-2,2040,29.8969640200562,5426,India,0.0,0,Uncapped,0,18149,2014,2061
1387,30.22444977119198,EB-3,2040,29.265635214643716,1343,India,40.50991501416431,1859,Uncapped,0,4589,2014,2061
430,47.88418708240535,EB-4,2040,52.11581291759465,468,India,0.0,0,Uncapped,0,898,2014,2061
9,1.2534818941504178,EB-5,2040,2.6462395543175488,19,India,96.10027855153204,690,Uncapped,0,718,2014,2061
229,2.802937576499388,EB-1,2040,7.588739290085679,620,ROW,89.60832313341494,7321,Uncapped,0,8170,2014,2061
7816,59.082319147327844,EB-2,2040,40.91768085267216,5413,ROW,0.0,0,Uncapped,0,13229,2014,2061
6177,35.773440667168586,EB-3,2040,42.60149417964904,7356,ROW,21.625065153182373,3734,Uncapped,0,17267,2014,2061
4785,43.54750637058609,EB-4,2040,56.4524936294139,6203,ROW,0.0,0,Uncapped,0,10988,2014,2061
21,1.6706443914081146,EB-5,2040,5.568814638027049,70,ROW,92.76054097056485,1166,Uncapped,0,1257,2014,2061
0,0.0,EB-1,2009,0.0,0,China,100.0,623,Capped,0,623,2014,2061
0,0.0,EB-2,2009,3.024502297090352,79,China,96.97549770290965,2533,Capped,0,2612,2014,2061
977,9.725263786581724,EB-3,2009,23.780609197690623,2389,China,66.49412701572766,6680,Capped,0,10046,2014,2061
0,0.0,EB-4,2009,0.0,0,China,100.0,11,Capped,0,11,2014,2061
0,0.0,EB-5,2009,0.0,0,China,100.0,326,Capped,0,326,2014,2061
0,0.0,EB-1,2009,0.0,0,India,100.0,1235,Capped,0,1235,2014,2061
0,0.0,EB-2,2009,1.8592640413169788,144,India,98.14073595868302,7601,Capped,0,7745,2014,2061
12463,31.877941477388994,EB-3,2009,26.854409658277063,10499,India,41.26764886433394,16134,Capped,0,39096,2014,2061
0,0.0,EB-4,2009,0.0,0,India,100.0,162,Capped,0,162,2014,2061
0,0.0,EB-5,2009,0.0,0,India,100.0,19,Capped,0,19,2014,2061
0,0.0,EB-1,2009,0.0,0,ROW,100.0,8021,Capped,0,8021,2014,2061
0,0.0,EB-2,2009,0.0,0,ROW,100.0,8004,Capped,0,8004,2014,2061
109,0.25094969494647174,EB-3,2009,7.659721422815702,3327,ROW,92.08932888223784,39999,Capped,0,43435,2014,2061
0,0.0,EB-4,2009,0.11202389843166542,3,ROW,99.88797610156833,2675,Capped,0,2678,2014,2061
0,0.0,EB-5,2009,0.0,0,ROW,100.0,601,Capped,0,601,2014,2061
0,0.0,EB-1,2010,0.0,0,China,100.0,771,Capped,0,771,2014,2061
0,0.0,EB-2,2010,6.507304116865869,49,China,93.49269588313412,704,Capped,0,753,2014,2061
55,22.916666666666664,EB-3,2010,35.41666666666667,85,China,41.66666666666667,100,Capped,0,240,2014,2061
0,0.0,EB-5,2010,0.0,0,China,100.0,301,Capped,0,301,2014,2061
0,0.0,EB-1,2010,0.0,0,India,100.0,1477,Capped,0,1477,2014,2061
12,0.1685630004214075,EB-2,2010,5.239499929765416,373,India,94.59193706981318,6734,Capped,0,7119,2014,2061
2046,67.03800786369594,EB-3,2010,32.96199213630406,1006,India,0.0,0,Capped,0,3052,2014,2061
0,0.0,EB-4,2010,0.0,0,India,100.0,198,Capped,0,198,2014,2061
0,0.0,EB-5,2010,0.0,0,India,100.0,28,Capped,0,28,2014,2061
0,0.0,EB-1,2010,0.0,0,ROW,100.0,7508,Capped,0,7508,2014,2061
0,0.0,EB-2,2010,0.02166377816291161,2,ROW,99.97833622183708,9230,Capped,0,9232,2014,2061
60,1.0240655401945724,EB-3,2010,12.834954770438642,752,ROW,86.14097968936679,5047,Capped,0,5859,2014,2061
0,0.0,EB-4,2010,1.2565751022793687,43,ROW,98.74342489772063,3379,Capped,0,3422,2014,2061
0,0.0,EB-5,2010,0.0,0,ROW,100.0,581,Capped,0,581,2014,2061
0,0.0,EB-1,2011,0.0,0,China,100.0,748,Capped,0,748,2014,2061
5,0.655307994757536,EB-2,2011,12.18872870249017,93,China,87.1559633027523,665,Capped,0,763,2014,2061
27,15.789473684210526,EB-3,2011,35.08771929824561,60,China,49.122807017543856,84,Capped,0,171,2014,2061
0,0.0,EB-4,2011,0.0,0,China,100.0,11,Capped,0,11,2014,2061
0,0.0,EB-5,2011,0.0,0,China,100.0,581,Capped,0,581,2014,2061
0,0.0,EB-1,2011,0.0,0,India,100.0,1629,Capped,0,1629,2014,2061
521,4.971374045801526,EB-2,2011,14.160305343511451,1484,India,80.86832061068702,8475,Capped,0,10480,2014,2061
2005,64.80284421460892,EB-3,2011,35.19715578539108,1089,India,0.0,0,Capped,0,3094,2014,2061
0,0.0,EB-4,2011,0.5050505050505051,1,India,99.4949494949495,197,Capped,0,198,2014,2061
0,0.0,EB-5,2011,0.0,0,India,100.0,13,Capped,0,13,2014,2061
0,0.0,EB-1,2011,0.0,0,ROW,100.0,5443,Capped,0,5443,2014,2061
0,0.0,EB-2,2011,0.34775493505165184,34,ROW,99.65224506494835,9743,Capped,0,9777,2014,2061
24,0.5491990846681922,EB-3,2011,12.700228832951947,555,ROW,86.75057208237986,3791,Capped,0,4370,2014,2061
2,0.04923682914820286,EB-4,2011,4.972919743968488,202,ROW,94.97784342688331,3858,Capped,0,4062,2014,2061
0,0.0,EB-5,2011,0.0,0,ROW,100.0,376,Capped,0,376,2014,2061
0,0.0,EB-1,2012,0.0,0,China,100.0,771,Capped,0,771,2014,2061
5,0.657030223390276,EB-2,2012,13.797634691195796,105,China,85.54533508541394,651,Capped,0,761,2014,2061
20,14.285714285714285,EB-3,2012,34.285714285714285,48,China,51.42857142857142,72,Capped,0,140,2014,2061
0,0.0,EB-4,2012,14.285714285714285,2,China,85.71428571428571,12,Capped,0,14,2014,2061
0,0.0,EB-5,2012,0.0,0,China,100.0,1534,Capped,0,1534,2014,2061
0,0.0,EB-1,2012,0.0,0,India,100.0,1815,Capped,0,1815,2014,2061
675,6.431021341463415,EB-2,2012,15.22484756097561,1598,India,78.34413109756098,8223,Capped,0,10496,2014,2061
1229,65.72192513368984,EB-3,2012,34.27807486631016,641,India,0.0,0,Capped,0,1870,2014,2061
3,0.7575757575757576,EB-4,2012,5.05050505050505,20,India,94.1919191919192,373,Capped,0,396,2014,2061
0,0.0,EB-5,2012,0.0,0,India,100.0,28,Capped,0,28,2014,2061
0,0.0,EB-1,2012,0.0,0,ROW,100.0,5754,Capped,0,5754,2014,2061
0,0.0,EB-2,2012,0.6055169320475443,54,ROW,99.39448306795245,8864,Capped,0,8918,2014,2061
1,0.039936102236421724,EB-3,2012,9.824281150159745,246,ROW,90.13578274760383,2257,Capped,0,2504,2014,2061
31,0.5340223944875108,EB-4,2012,10.801033591731265,627,ROW,88.66494401378122,5147,Capped,0,5805,2014,2061
0,0.0,EB-5,2012,0.0,0,ROW,100.0,551,Capped,0,551,2014,2061
0,0.0,EB-1,2013,0.0,0,China,100.0,962,Capped,0,962,2014,2061
10,1.4641288433382138,EB-2,2013,12.152269399707174,83,China,86.3836017569546,590,Capped,0,683,2014,2061
15,13.157894736842104,EB-3,2013,37.719298245614034,43,China,49.122807017543856,56,Capped,0,114,2014,2061
0,0.0,EB-4,2013,9.375,3,China,90.625,29,Capped,0,32,2014,2061
0,0.0,EB-5,2013,0.0,0,China,100.0,1598,Capped,0,1598,2014,2061
0,0.0,EB-1,2013,0.0,0,India,100.0,2510,Capped,0,2510,2014,2061
1243,12.338693666865197,EB-2,2013,16.875124081794716,1700,India,70.78618225134008,7131,Capped,0,10074,2014,2061
1037,64.53018046048538,EB-3,2013,35.469819539514624,570,India,0.0,0,Capped,0,1607,2014,2061
12,1.7045454545454544,EB-4,2013,11.505681818181818,81,India,86.78977272727273,611,Capped,0,704,2014,2061
0,0.0,EB-5,2013,0.0,0,India,100.0,27,Capped,0,27,2014,2061
0,0.0,EB-1,2013,0.0,0,ROW,100.0,6331,Capped,0,6331,2014,2061
0,0.0,EB-2,2013,0.0,0,ROW,100.0,7655,Capped,0,7655,2014,2061
0,0.0,EB-3,2013,6.82015638575152,157,ROW,93.17984361424848,2145,Capped,0,2302,2014,2061
341,3.0806757611347004,EB-4,2013,19.63140301743608,2173,ROW,77.28792122142922,8555,Capped,0,11069,2014,2061
0,0.0,EB-5,2013,0.0,0,ROW,100.0,594,Capped,0,594,2014,2061
0,0.0,EB-1,2014,0.0,0,China,100.0,1123,Capped,0,1123,2014,2061
23,2.843016069221261,EB-2,2014,14.338689740420271,116,China,82.81829419035847,670,Capped,0,809,2014,2061
147,10.970149253731343,EB-3,2014,31.791044776119403,426,China,57.23880597014925,767,Capped,0,1340,2014,2061
0,0.0,EB-4,2014,3.225806451612903,1,China,96.7741935483871,30,Capped,0,31,2014,2061
0,0.0,EB-5,2014,0.09021199819576003,2,China,99.90978800180424,2215,Capped,0,2217,2014,2061
0,0.0,EB-1,2014,0.0,0,India,100.0,3378,Capped,0,3378,2014,2061
6813,57.204030226700255,EB-2,2014,27.523089840470195,3278,India,15.272879932829555,1819,Capped,0,11910,2014,2061
1204,64.76600322754169,EB-3,2014,35.23399677245831,655,India,0.0,0,Capped,0,1859,2014,2061
27,5.162523900573614,EB-4,2014,14.340344168260039,75,India,80.49713193116634,421,Capped,0,523,2014,2061
0,0.0,EB-5,2014,0.0,0,India,100.0,97,Capped,0,97,2014,2061
0,0.0,EB-1,2014,0.0,0,ROW,100.0,6258,Capped,0,6258,2014,2061
0,0.0,EB-2,2014,0.07648601398601398,7,ROW,99.92351398601399,9145,Capped,0,9152,2014,2061
0,0.0,EB-3,2014,3.593692702603594,98,ROW,96.40630729739641,2629,Capped,0,2727,2014,2061
622,6.661668630181,EB-4,2014,28.146085466423905,2628,ROW,65.19224590339509,6087,Capped,0,9337,2014,2061
0,0.0,EB-5,2014,0.0,0,ROW,100.0,752,Capped,0,752,2014,2061
0,0.0,EB-1,2015,0.30816640986132515,4,China,99.69183359013869,1294,Capped,0,1298,2014,2061
33,2.813299232736573,EB-2,2015,14.151747655583973,166,China,83.03495311167946,974,Capped,0,1173,2014,2061
51,11.333333333333332,EB-3,2015,29.333333333333332,132,China,59.333333333333336,267,Capped,0,450,2014,2061
0,0.0,EB-4,2015,0.0,0,China,100.0,61,Capped,0,61,2014,2061
0,0.0,EB-5,2015,1.5468347178458894,54,China,98.4531652821541,3437,Capped,0,3491,2014,2061
0,0.0,EB-1,2015,0.47125353440150797,15,India,99.52874646559849,3168,Capped,0,3183,2014,2061
10483,70.64492216456635,EB-2,2015,29.355077835433658,4356,India,0.0,0,Capped,0,14839,2014,2061
1891,65.00515641113785,EB-3,2015,34.99484358886215,1018,India,0.0,0,Capped,0,2909,2014,2061
87,8.040665434380777,EB-4,2015,21.256931608133087,230,India,70.70240295748613,765,Capped,0,1082,2014,2061
0,0.0,EB-5,2015,0.0,0,India,100.0,238,Capped,0,238,2014,2061
0,0.0,EB-1,2015,0.0,0,ROW,100.0,7176,Capped,0,7176,2014,2061
0,0.0,EB-2,2015,0.4275203817856433,43,ROW,99.57247961821436,10015,Capped,0,10058,2014,2061
0,0.0,EB-3,2015,3.4608378870673953,152,ROW,96.53916211293262,4240,Capped,0,4392,2014,2061
1254,9.76027397260274,EB-4,2015,31.92714819427148,4102,ROW,58.31257783312578,7492,Capped,0,12848,2014,2061
0,0.0,EB-5,2015,0.0,0,ROW,100.0,1518,Capped,0,1518,2014,2061
0,0.0,EB-1,2016,1.3636363636363635,18,China,98.63636363636363,1302,Capped,0,1320,2014,2061
63,4.096228868660598,EB-2,2016,14.824447334200261,228,China,81.07932379713915,1247,Capped,0,1538,2014,2061
105,9.668508287292818,EB-3,2016,35.2670349907919,383,China,55.06445672191529,598,Capped,0,1086,2014,2061
0,0.0,EB-4,2016,0.0,0,China,100.0,69,Capped,0,69,2014,2061
0,0.0,EB-5,2016,5.087658989343416,148,China,94.91234101065659,2761,Capped,0,2909,2014,2061
0,0.0,EB-1,2016,0.9732360097323601,40,India,99.02676399026764,4070,Capped,0,4110,2014,2061
15706,70.63320741140492,EB-2,2016,29.366792588595068,6530,India,0.0,0,Capped,0,22236,2014,2061
3046,64.5749417002332,EB-3,2016,35.425058299766796,1671,India,0.0,0,Capped,0,4717,2014,2061
64,9.182209469153516,EB-4,2016,21.951219512195124,153,India,68.86657101865137,480,Capped,0,697,2014,2061
0,0.0,EB-5,2016,0.0,0,India,100.0,294,Capped,0,294,2014,2061
0,0.0,EB-1,2016,0.16698473282442747,14,ROW,99.83301526717557,8370,Capped,0,8384,2014,2061
0,0.0,EB-2,2016,0.8298420883016435,103,ROW,99.17015791169835,12309,Capped,0,12412,2014,2061
0,0.0,EB-3,2016,2.432236205227493,201,ROW,97.56776379477252,8063,Capped,0,8264,2014,2061
1718,14.087740877408775,EB-4,2016,35.64575645756457,4347,ROW,50.26650266502665,6130,Capped,0,12195,2014,2061
0,0.0,EB-5,2016,0.0,0,ROW,100.0,1429,Capped,0,1429,2014,2061
0,0.0,EB-1,2017,2.423469387755102,38,China,97.5765306122449,1530,Capped,0,1568,2014,2061
128,9.60960960960961,EB-2,2017,17.64264264264264,235,China,72.74774774774775,969,Capped,0,1332,2014,2061
178,12.343966712898752,EB-3,2017,29.26490984743412,422,China,58.391123439667126,842,Capped,0,1442,2014,2061
0,0.0,EB-4,2017,0.0,0,China,100.0,26,Capped,0,26,2014,2061
43,1.0459742155193383,EB-5,2017,5.619070785696911,231,China,93.33495499878374,3837,Capped,0,4111,2014,2061
0,0.0,EB-1,2017,1.5809396570919616,71,India,98.41906034290804,4420,Capped,0,4491,2014,2061
13514,69.9808399357879,EB-2,2017,30.01916006421211,5797,India,0.0,0,Capped,0,19311,2014,2061
2559,64.99872999745999,EB-3,2017,35.001270002540004,1378,India,0.0,0,Capped,0,3937,2014,2061
54,10.953346855983773,EB-4,2017,31.237322515212984,154,India,57.809330628803245,285,Capped,0,493,2014,2061
0,0.0,EB-5,2017,1.4336917562724014,8,India,98.56630824372759,550,Capped,0,558,2014,2061
0,0.0,EB-1,2017,0.5027422303473492,44,ROW,99.49725776965265,8708,Capped,0,8752,2014,2061
0,0.0,EB-2,2017,1.538911074315769,158,ROW,98.46108892568422,10109,Capped,0,10267,2014,2061
0,0.0,EB-3,2017,2.624137541002149,232,ROW,97.37586245899786,8609,Capped,0,8841,2014,2061
1492,18.513463208834843,EB-4,2017,40.35240104231294,3252,ROW,41.134135748852216,3315,Capped,0,8059,2014,2061
0,0.0,EB-5,2017,0.0,0,ROW,100.0,2081,Capped,0,2081,2014,2061
0,0.0,EB-1,2018,3.011583011583012,39,China,96.98841698841699,1256,Capped,0,1295,2014,2061
257,15.893630179344465,EB-2,2018,23.747680890538035,384,China,60.3586889301175,976,Capped,0,1617,2014,2061
189,14.115011202389843,EB-3,2018,34.65272591486184,464,China,51.23226288274832,686,Capped,0,1339,2014,2061
0,0.0,EB-4,2018,0.0,0,China,100.0,42,Capped,0,42,2014,2061
360,7.40588356305287,EB-5,2018,9.648220530754989,469,China,82.94589590619215,4032,Capped,0,4861,2014,2061
0,0.0,EB-1,2018,2.2921914357682622,91,India,97.70780856423174,3879,Capped,0,3970,2014,2061
12763,69.98026099353,EB-2,2018,30.019739006470008,5475,India,0.0,0,Capped,0,18238,2014,2061
2498,66.31271568887709,EB-3,2018,33.68728431112291,1269,India,0.0,0,Capped,0,3767,2014,2061
48,12.698412698412698,EB-4,2018,25.925925925925924,98,India,61.37566137566137,232,Capped,0,378,2014,2061
7,0.7990867579908676,EB-5,2018,3.0821917808219177,27,India,96.11872146118722,842,Capped,0,876,2014,2061
0,0.0,EB-1,2018,0.9715380405035577,71,ROW,99.02846195949644,7237,Capped,0,7308,2014,2061
0,0.0,EB-2,2018,1.7504021194058095,185,ROW,98.24959788059418,10384,Capped,0,10569,2014,2061
0,0.0,EB-3,2018,3.586166240911771,365,ROW,96.41383375908823,9813,Capped,0,10178,2014,2061
1260,20.182604517059104,EB-4,2018,43.44065353195579,2712,ROW,36.37674195098511,2271,Capped,0,6243,2014,2061
0,0.0,EB-5,2018,0.0,0,ROW,100.0,2612,Capped,0,2612,2014,2061
0,0.0,EB-1,2019,2.719298245614035,31,China,97.28070175438597,1109,Capped,0,1140,2014,2061
492,23.699421965317917,EB-2,2019,27.64932562620424,574,China,48.65125240847784,1010,Capped,0,2076,2014,2061
162,13.432835820895523,EB-3,2019,35.32338308457712,426,China,51.243781094527364,618,Capped,0,1206,2014,2061
0,0.0,EB-4,2019,0.0,0,China,100.0,47,Capped,0,47,2014,2061
148,11.699604743083004,EB-5,2019,10.909090909090908,138,China,77.39130434782608,979,Capped,0,1265,2014,2061
0,0.0,EB-1,2019,2.1375719375171283,78,India,97.86242806248288,3571,Capped,0,3649,2014,2061
14248,70.27373612823673,EB-2,2019,29.726263871763255,6027,India,0.0,0,Capped,0,20275,2014,2061
3346,65.86614173228347,EB-3,2019,34.13385826771654,1734,India,0.0,0,Capped,0,5080,2014,2061
63,12.475247524752476,EB-4,2019,30.89108910891089,156,India,56.63366336633663,286,Capped,0,505,2014,2061
4,1.444043321299639,EB-5,2019,6.137184115523466,17,India,92.4187725631769,256,Capped,0,277,2014,2061
0,0.0,EB-1,2019,0.8047585724282715,46,ROW,99.19524142757172,5670,Capped,0,5716,2014,2061
6,0.055167340934166975,EB-2,2019,3.5307098197866864,384,ROW,96.41412283927914,10486,Capped,0,10876,2014,2061
0,0.0,EB-3,2019,5.654083957045232,695,ROW,94.34591604295477,11597,Capped,0,12292,2014,2061
1992,23.028901734104046,EB-4,2019,44.40462427745665,3841,ROW,32.566473988439306,2817,Capped,0,8650,2014,2061
0,0.0,EB-5,2019,0.0,0,ROW,100.0,774,Capped,0,774,2014,2061
0,0.0,EB-1,2020,1.991150442477876,18,China,98.00884955752213,886,Capped,0,904,2014,2061
769,34.561797752808985,EB-2,2020,29.168539325842698,649,China,36.26966292134831,807,Capped,0,2225,2014,2061
283,18.66754617414248,EB-3,2020,35.75197889182058,542,China,45.58047493403694,691,Capped,0,1516,2014,2061
0,0.0,EB-4,2020,0.0,0,China,100.0,23,Capped,0,23,2014,2061
83,9.651162790697674,EB-5,2020,11.046511627906977,95,China,79.30232558139535,682,Capped,0,860,2014,2061
0,0.0,EB-1,2020,1.3814756671899528,44,India,98.61852433281004,3141,Capped,0,3185,2014,2061
11653,70.19456659237395,EB-2,2020,29.805433407626047,4948,India,0.0,0,Capped,0,16601,2014,2061
2730,66.0377358490566,EB-3,2020,33.9622641509434,1404,India,0.0,0,Capped,0,4134,2014,2061
97,17.73308957952468,EB-4,2020,22.120658135283364,121,India,60.146252285191956,329,Capped,0,547,2014,2061
5,2.4875621890547266,EB-5,2020,3.9800995024875623,8,India,93.53233830845771,188,Capped,0,201,2014,2061
0,0.0,EB-1,2020,0.0,0,ROW,100.0,5315,Capped,0,5315,2014,2061
8,0.08115236356258876,EB-2,2020,4.047474132684115,399,ROW,95.8713735037533,9451,Capped,0,9858,2014,2061
0,0.0,EB-3,2020,6.605819627688415,731,ROW,93.39418037231158,10335,Capped,0,11066,2014,2061
2338,27.652276759314017,EB-4,2020,48.24364281490243,4079,ROW,24.10408042578356,2038,Capped,0,8455,2014,2061
0,0.0,EB-5,2020,0.0,0,ROW,100.0,491,Capped,0,491,2014,2061
0,0.0,EB-1,2021,2.6600985221674875,27,China,97.33990147783251,988,Capped,0,1015,2014,2061
930,46.757164404223225,EB-2,2021,30.417295123177475,605,China,22.825540472599297,454,Capped,0,1989,2014,2061
731,22.097944377267233,EB-3,2021,36.94074969770254,1222,China,40.96130592503023,1355,Capped,0,3308,2014,2061
0,0.0,EB-4,2021,0.0,0,China,100.0,9,Capped,0,9,2014,2061
51,6.351183063511831,EB-5,2021,8.84184308841843,71,China,84.80697384806973,681,Capped,0,803,2014,2061
0,0.0,EB-1,2021,1.2810457516339868,49,India,98.718954248366,3776,Capped,0,3825,2014,2061
12442,70.29775693542007,EB-2,2021,29.70224306457992,5257,India,0.0,0,Capped,0,17699,2014,2061
14775,65.73093691609574,EB-3,2021,34.269063083904264,7703,India,0.0,0,Capped,0,22478,2014,2061
72,16.143497757847534,EB-4,2021,35.42600896860987,158,India,48.4304932735426,216,Capped,0,446,2014,2061
7,3.1818181818181817,EB-5,2021,1.3636363636363635,3,India,95.45454545454545,210,Capped,0,220,2014,2061
0,0.0,EB-1,2021,0.0,0,ROW,100.0,5151,Capped,0,5151,2014,2061
7,0.06686407488776389,EB-2,2021,3.2667876588021776,342,ROW,96.66634826631005,10120,Capped,0,10469,2014,2061
0,0.0,EB-3,2021,5.442235917021092,627,ROW,94.5577640829789,10894,Capped,0,11521,2014,2061
3136,31.565173628585807,EB-4,2021,49.91444388525415,4959,ROW,18.520382486160038,1840,Capped,0,9935,2014,2061
0,0.0,EB-5,2021,0.5181347150259068,3,ROW,99.48186528497409,576,Capped,0,579,2014,2061
0,0.0,EB-1,2022,2.496217851739788,33,China,97.50378214826021,1289,Capped,0,1322,2014,2061
1220,56.014692378328746,EB-2,2022,32.13957759412305,700,China,11.84573002754821,258,Capped,0,2178,2014,2061
363,28.92430278884462,EB-3,2022,37.84860557768924,475,China,33.22709163346614,417,Capped,0,1255,2014,2061
0,0.0,EB-4,2022,0.0,0,China,100.0,43,Capped,0,43,2014,2061
8,4.324324324324325,EB-5,2022,17.2972972972973,32,China,78.37837837837837,145,Capped,0,185,2014,2061
0,0.0,EB-1,2022,1.6540317022742934,72,India,98.3459682977257,4281,Capped,0,4353,2014,2061
14914,69.77636380649386,EB-2,2022,30.22363619350613,6460,India,0.0,0,Capped,0,21374,2014,2061
5070,65.47849670670283,EB-3,2022,34.52150329329717,2673,India,0.0,0,Capped,0,7743,2014,2061
235,21.799628942486084,EB-4,2022,30.426716141001855,328,India,47.77365491651206,515,Capped,0,1078,2014,2061
3,5.084745762711865,EB-5,2022,0.0,0,India,94.91525423728814,56,Capped,0,59,2014,2061
0,0.0,EB-1,2022,0.0,0,ROW,100.0,6265,Capped,0,6265,2014,2061
5,0.038880248833592534,EB-2,2022,3.561430793157076,458,ROW,96.39968895800934,12397,Capped,0,12860,2014,2061
0,0.0,EB-3,2022,6.194207836456559,909,ROW,93.80579216354344,13766,Capped,0,14675,2014,2061
5223,32.90907945309055,EB-4,2022,53.544200113414405,8498,ROW,13.546720433495056,2150,Capped,0,15871,2014,2061
0,0.0,EB-5,2022,0.0,0,ROW,100.0,147,Capped,0,147,2014,2061
0,0.0,EB-1,2023,2.977061981454368,61,China,97.02293801854563,1988,Capped,0,2049,2014,2061
1829,67.79095626389918,EB-2,2023,30.61527057079318,826,China,1.5937731653076352,43,Capped,0,2698,2014,2061
327,30.333951762523192,EB-3,2023,39.332096474953616,424,China,30.333951762523192,327,Capped,0,1078,2014,2061
0,0.0,EB-4,2023,0.0,0,China,100.0,22,Capped,0,22,2014,2061
0,0.0,EB-5,2023,4.934210526315789,30,China,95.06578947368422,578,Capped,0,608,2014,2061
2,0.03418219107844813,EB-1,2023,2.136386942403008,125,India,97.82943086651854,5724,Capped,0,5851,2014,2061
12939,70.33211936728814,EB-2,2023,29.667880632711856,5458,India,0.0,0,Capped,0,18397,2014,2061
3867,65.28786088131014,EB-3,2023,34.712139118689855,2056,India,0.0,0,Capped,0,5923,2014,2061
294,25.520833333333332,EB-4,2023,37.41319444444444,431,India,37.06597222222222,427,Capped,0,1152,2014,2061
2,0.7407407407407408,EB-5,2023,4.074074074074074,11,India,95.18518518518519,257,Capped,0,270,2014,2061
0,0.0,EB-1,2023,0.0,0,ROW,100.0,8371,Capped,0,8371,2014,2061
29,0.17853844733115803,EB-2,2023,4.857477067044265,789,ROW,94.96398448562458,15425,Capped,0,16243,2014,2061
14,0.0749063670411985,EB-3,2023,9.481005885500267,1772,ROW,90.44408774745854,16904,Capped,0,18690,2014,2061
4064,37.8610024222098,EB-4,2023,53.17682131544624,5708,ROW,8.962176262343954,962,Capped,0,10734,2014,2061
0,0.0,EB-5,2023,0.0,0,ROW,100.0,458,Capped,0,458,2014,2061
0,0.0,EB-1,2024,4.295442640125721,82,China,95.70455735987427,1827,Capped,0,1909,2014,2061
1637,64.5759368836292,EB-2,2024,35.42406311637081,898,China,0.0,0,Capped,0,2535,2014,2061
719,31.085170773886727,EB-3,2024,39.991353220925205,925,China,28.92347600518807,669,Capped,0,2313,2014,2061
0,0.0,EB-4,2024,0.0,0,China,100.0,37,Capped,0,37,2014,2061
0,0.0,EB-5,2024,3.731815306767868,59,China,96.26818469323213,1522,Capped,0,1581,2014,2061
12,0.25316455696202533,EB-1,2024,3.39662447257384,161,India,96.35021097046413,4567,Capped,0,4740,2014,2061
12757,70.22459539799625,EB-2,2024,29.77540460200374,5409,India,0.0,0,Capped,0,18166,2014,2061
3077,65.67769477054429,EB-3,2024,34.32230522945571,1608,India,0.0,0,Capped,0,4685,2014,2061
273,29.32330827067669,EB-4,2024,41.35338345864661,385,India,29.32330827067669,273,Capped,0,931,2014,2061
15,2.0775623268698062,EB-5,2024,3.6011080332409975,26,India,94.3213296398892,681,Capped,0,722,2014,2061
0,0.0,EB-1,2024,0.0,0,ROW,100.0,8124,Capped,0,8124,2014,2061
19,0.14571669606564921,EB-2,2024,5.698289746146177,743,ROW,94.15599355778818,12277,Capped,0,13039,2014,2061
66,0.3845929724375037,EB-3,2024,12.318629450498223,2114,ROW,87.29677757706428,14981,Capped,0,17161,2014,2061
4606,41.69457771340635,EB-4,2024,55.90658097220965,6176,ROW,2.3988413143839957,265,Capped,0,11047,2014,2061
0,0.0,EB-5,2024,0.0,0,ROW,100.0,1229,Capped,0,1229,2014,2061
2,0.10085728693898136,EB-1,2025,5.395864851235502,107,China,94.50327786182552,1874,Capped,0,1983,2014,2061
1727,67.59295499021526,EB-2,2025,32.40704500978474,828,China,0.0,0,Capped,0,2555,2014,2061
722,31.792162043152793,EB-3,2025,43.46103038309115,987,China,24.746807573756055,562,Capped,0,2271,2014,2061
0,0.0,EB-4,2025,0.0,0,China,100.0,39,Capped,0,39,2014,2061
0,0.0,EB-5,2025,6.111111111111111,99,China,93.88888888888889,1521,Capped,0,1620,2014,2061
19,0.41557305336832895,EB-1,2025,3.740157480314961,171,India,95.84426946631672,4382,Capped,0,4572,2014,2061
12765,69.99890326826058,EB-2,2025,30.00109673173942,5471,India,0.0,0,Capped,0,18236,2014,2061
2949,64.78471001757468,EB-3,2025,35.215289982425304,1603,India,0.0,0,Capped,0,4552,2014,2061
317,33.05526590198123,EB-4,2025,40.14598540145985,385,India,26.798748696558917,257,Capped,0,959,2014,2061
15,2.242152466367713,EB-5,2025,3.288490284005979,22,India,94.46935724962631,632,Capped,0,669,2014,2061
0,0.0,EB-1,2025,0.0,0,ROW,100.0,7948,Capped,0,7948,2014,2061
24,0.1866977829638273,EB-2,2025,6.526643329443796,839,ROW,93.28665888759238,11992,Capped,0,12855,2014,2061
123,0.7088111565723506,EB-3,2025,13.968766207572179,2424,ROW,85.32242263585547,14806,Capped,0,17353,2014,2061
4867,43.96567299006323,EB-4,2025,56.03432700993677,6203,ROW,0.0,0,Capped,0,11070,2014,2061
0,0.0,EB-5,2025,0.0,0,ROW,100.0,1210,Capped,0,1210,2014,2061
18,1.0027855153203342,EB-1,2026,7.4094707520891365,133,China,91.58774373259052,1644,Capped,0,1795,2014,2061
1845,68.43471810089021,EB-2,2026,31.56528189910979,851,China,0.0,0,Capped,0,2696,2014,2061
894,37.4685666387259,EB-3,2026,41.4501257334451,989,China,21.081307627829002,503,Capped,0,2386,2014,2061
0,0.0,EB-4,2026,0.0,0,China,100.0,47,Capped,0,47,2014,2061
5,0.3274394237066143,EB-5,2026,6.548788474132286,100,China,93.1237721021611,1422,Capped,0,1527,2014,2061
36,0.7746933505487411,EB-1,2026,5.078545298041747,236,India,94.14676135140951,4375,Capped,0,4647,2014,2061
12859,70.02668409301313,EB-2,2026,29.973315906986876,5504,India,0.0,0,Capped,0,18363,2014,2061
3056,64.54065469904963,EB-3,2026,35.45934530095037,1679,India,0.0,0,Capped,0,4735,2014,2061
364,36.47294589178357,EB-4,2026,38.57715430861723,385,India,24.949899799599198,249,Capped,0,998,2014,2061
26,3.5278154681139755,EB-5,2026,3.5278154681139755,26,India,92.94436906377204,685,Capped,0,737,2014,2061
0,0.0,EB-1,2026,0.0,0,ROW,100.0,8206,Capped,0,8206,2014,2061
28,0.21467453806639578,EB-2,2026,6.999923330522119,913,ROW,92.78540213141149,12102,Capped,0,13043,2014,2061
183,1.066309287961776,EB-3,2026,15.988812492716468,2744,ROW,82.94487821932177,14235,Capped,0,17162,2014,2061
4802,43.79388964888281,EB-4,2026,56.20611035111719,6163,ROW,0.0,0,Capped,0,10965,2014,2061
0,0.0,EB-5,2026,0.0,0,ROW,100.0,1308,Capped,0,1308,2014,2061
35,1.8125323666494046,EB-1,2027,8.182288969445883,158,China,90.00517866390472,1738,Capped,0,1931,2014,2061
1658,66.72032193158954,EB-2,2027,33.27967806841046,827,China,0.0,0,Capped,0,2485,2014,2061
917,39.97384481255449,EB-3,2027,44.20226678291194,1014,China,15.823888404533564,363,Capped,0,2294,2014,2061
0,0.0,EB-4,2027,0.0,0,China,100.0,66,Capped,0,66,2014,2061
10,0.6257822277847309,EB-5,2027,7.008760951188986,112,China,92.36545682102629,1476,Capped,0,1598,2014,2061
53,1.1419952596423184,EB-1,2027,5.774617539323422,268,India,93.08338720103426,4320,Capped,0,4641,2014,2061
13128,70.94298838151852,EB-2,2027,29.057011618481493,5377,India,0.0,0,Capped,0,18505,2014,2061
3096,65.81632653061224,EB-3,2027,34.183673469387756,1608,India,0.0,0,Capped,0,4704,2014,2061
363,37.577639751552795,EB-4,2027,41.821946169772254,404,India,20.600414078674948,199,Capped,0,966,2014,2061
15,2.0804438280166435,EB-5,2027,4.0221914008321775,29,India,93.89736477115119,677,Capped,0,721,2014,2061
0,0.0,EB-1,2027,0.0,0,ROW,100.0,8202,Capped,0,8202,2014,2061
36,0.2798507462686567,EB-2,2027,6.677549751243782,859,ROW,93.04259950248756,11969,Capped,0,12864,2014,2061
303,1.75754060324826,EB-3,2027,18.323665893271464,3159,ROW,79.91879350348027,13778,Capped,0,17240,2014,2061
4779,43.78378378378379,EB-4,2027,56.21621621621622,6136,ROW,0.0,0,Capped,0,10915,2014,2061
0,0.0,EB-5,2027,0.0,0,ROW,100.0,1314,Capped,0,1314,2014,2061
54,2.8125,EB-1,2028,9.114583333333332,175,China,88.07291666666667,1691,Capped,0,1920,2014,2061
1685,67.77956556717619,EB-2,2028,32.220434432823815,801,China,0.0,0,Capped,0,2486,2014,2061
1097,45.255775577557756,EB-3,2028,41.2953795379538,1001,China,13.448844884488448,326,Capped,0,2424,2014,2061
0,0.0,EB-4,2028,0.0,0,China,100.0,49,Capped,0,49,2014,2061
16,1.008827238335435,EB-5,2028,5.800756620428752,92,China,93.19041614123581,1478,Capped,0,1586,2014,2061
80,1.7115960633290546,EB-1,2028,6.247325631151048,292,India,92.0410783055199,4302,Capped,0,4674,2014,2061
12854,70.6846301897168,EB-2,2028,29.315369810283197,5331,India,0.0,0,Capped,0,18185,2014,2061
3044,65.49053356282272,EB-3,2028,34.50946643717728,1604,India,0.0,0,Capped,0,4648,2014,2061
378,40.21276595744681,EB-4,2028,45.63829787234043,429,India,14.148936170212767,133,Capped,0,940,2014,2061
24,3.779527559055118,EB-5,2028,5.669291338582677,36,India,90.5511811023622,575,Capped,0,635,2014,2061
0,0.0,EB-1,2028,0.0,0,ROW,100.0,8029,Capped,0,8029,2014,2061
36,0.28199906000313335,EB-2,2028,8.138806203979321,1039,ROW,91.57919473601754,11691,Capped,0,12766,2014,2061
369,2.1698224156180173,EB-3,2028,19.569563683405857,3328,ROW,78.26061390097613,13309,Capped,0,17006,2014,2061
4876,43.527941439028744,EB-4,2028,56.47205856097125,6326,ROW,0.0,0,Capped,0,11202,2014,2061
0,0.0,EB-5,2028,0.0,0,ROW,100.0,1274,Capped,0,1274,2014,2061
91,4.924242424242424,EB-1,2029,10.01082251082251,185,China,85.06493506493507,1572,Capped,0,1848,2014,2061
1696,68.24949698189134,EB-2,2029,31.75050301810865,789,China,0.0,0,Capped,0,2485,2014,2061
1072,47.66562916851934,EB-3,2029,42.95242329924411,966,China,9.38194753223655,211,Capped,0,2249,2014,2061
0,0.0,EB-4,2029,0.0,0,China,100.0,55,Capped,0,55,2014,2061
22,1.4360313315926894,EB-5,2029,6.723237597911227,103,China,91.84073107049609,1407,Capped,0,1532,2014,2061
145,3.1735609542569487,EB-1,2029,6.894287590282337,315,India,89.93215145546071,4109,Capped,0,4569,2014,2061
12774,69.94469692821552,EB-2,2029,30.055303071784483,5489,India,0.0,0,Capped,0,18263,2014,2061
3018,64.70840480274443,EB-3,2029,35.291595197255575,1646,India,0.0,0,Capped,0,4664,2014,2061
369,42.027334851936224,EB-4,2029,44.30523917995444,389,India,13.66742596810934,120,Capped,0,878,2014,2061
19,2.5815217391304346,EB-5,2029,4.755434782608696,35,India,92.66304347826086,682,Capped,0,736,2014,2061
0,0.0,EB-1,2029,0.0,0,ROW,100.0,8279,Capped,0,8279,2014,2061
59,0.45672704753057747,EB-2,2029,8.081746400371575,1044,ROW,91.46152655209785,11815,Capped,0,12918,2014,2061
583,3.374233128834356,EB-3,2029,21.020951499016093,3632,ROW,75.60481537214956,13063,Capped,0,17278,2014,2061
4823,43.61942660757891,EB-4,2029,56.3805733924211,6234,ROW,0.0,0,Capped,0,11057,2014,2061
0,0.0,EB-5,2029,0.0,0,ROW,100.0,1271,Capped,0,1271,2014,2061
117,6.344902386117137,EB-1,2030,9.652928416485901,178,China,84.00216919739695,1549,Capped,0,1844,2014,2061
1752,66.92131398013751,EB-2,2030,33.07868601986249,866,China,0.0,0,Capped,0,2618,2014,2061
1190,49.707602339181285,EB-3,2030,43.984962406015036,1053,China,6.307435254803676,151,Capped,0,2394,2014,2061
0,0.0,EB-4,2030,0.0,0,China,100.0,55,Capped,0,55,2014,2061
25,1.6578249336870028,EB-5,2030,5.835543766578249,88,China,92.50663129973475,1395,Capped,0,1508,2014,2061
230,4.86566532684578,EB-1,2030,7.5946689232071085,359,India,87.53966574994712,4138,Capped,0,4727,2014,2061
12972,70.51916281598261,EB-2,2030,29.480837184017396,5423,India,0.0,0,Capped,0,18395,2014,2061
3034,63.99493777684033,EB-3,2030,36.005062223159676,1707,India,0.0,0,Capped,0,4741,2014,2061
391,41.72892209178228,EB-4,2030,45.78441835645678,429,India,12.48665955176094,117,Capped,0,937,2014,2061
25,3.7202380952380953,EB-5,2030,5.5059523809523805,37,India,90.77380952380952,610,Capped,0,672,2014,2061
0,0.0,EB-1,2030,0.0,0,ROW,100.0,8022,Capped,0,8022,2014,2061
65,0.5102040816326531,EB-2,2030,8.91679748822606,1136,ROW,90.57299843014128,11539,Capped,0,12740,2014,2061
666,3.8223140495867765,EB-3,2030,21.344123048668504,3719,ROW,74.83356290174473,13039,Capped,0,17424,2014,2061
4821,43.803379974559334,EB-4,2030,56.196620025440666,6185,ROW,0.0,0,Capped,0,11006,2014,2061
0,0.0,EB-5,2030,0.0,0,ROW,100.0,1293,Capped,0,1293,2014,2061
195,10.495156081808396,EB-1,2031,11.894510226049515,221,China,77.61033369214209,1442,Capped,0,1858,2014,2061
1779,67.00564971751413,EB-2,2031,32.994350282485875,876,China,0.0,0,Capped,0,2655,2014,2061
1238,53.477321814254864,EB-3,2031,43.58531317494601,1009,China,2.937365010799136,68,Capped,0,2315,2014,2061
0,0.0,EB-4,2031,0.0,0,China,100.0,45,Capped,0,45,2014,2061
27,1.723037651563497,EB-5,2031,7.019783024888322,110,China,91.25717932354817,1430,Capped,0,1567,2014,2061
283,6.0302578308118475,EB-1,2031,7.585766034519498,356,India,86.38397613466866,4054,Capped,0,4693,2014,2061
12926,70.57988424156383,EB-2,2031,29.42011575843617,5388,India,0.0,0,Capped,0,18314,2014,2061
3040,65.51724137931035,EB-3,2031,34.48275862068966,1600,India,0.0,0,Capped,0,4640,2014,2061
368,41.723356009070294,EB-4,2031,44.78458049886621,395,India,13.492063492063492,119,Capped,0,882,2014,2061
25,3.5410764872521248,EB-5,2031,7.0821529745042495,50,India,89.37677053824362,631,Capped,0,706,2014,2061
0,0.0,EB-1,2031,0.0,0,ROW,100.0,8263,Capped,0,8263,2014,2061
65,0.511287658302525,EB-2,2031,8.754817902934004,1113,ROW,90.73389443876347,11535,Capped,0,12713,2014,2061
891,5.149396058486968,EB-3,2031,23.97272149338265,4148,ROW,70.87788244813038,12264,Capped,0,17303,2014,2061
4756,43.50132625994695,EB-4,2031,56.49867374005305,6177,ROW,0.0,0,Capped,0,10933,2014,2061
0,0.0,EB-5,2031,0.0,0,ROW,100.0,1309,Capped,0,1309,2014,2061
229,12.351672060409925,EB-1,2032,12.297734627831716,228,China,75.35059331175836,1397,Capped,0,1854,2014,2061
1693,65.41731066460588,EB-2,2032,34.58268933539413,895,China,0.0,0,Capped,0,2588,2014,2061
1274,57.413249211356465,EB-3,2032,41.054529067147364,911,China,1.5322217214961695,34,Capped,0,2219,2014,2061
0,0.0,EB-4,2032,0.0,0,China,100.0,50,Capped,0,50,2014,2061
32,2.0631850419084463,EB-5,2032,7.414571244358478,115,China,90.52224371373308,1404,Capped,0,1551,2014,2061
331,7.092350546389543,EB-1,2032,8.806513820441397,411,India,84.10113563316905,3925,Capped,0,4667,2014,2061
12651,69.63725436230528,EB-2,2032,30.362745637694722,5516,India,0.0,0,Capped,0,18167,2014,2061
3023,64.74619832940672,EB-3,2032,35.253801670593276,1646,India,0.0,0,Capped,0,4669,2014,2061
357,41.656942823803966,EB-4,2032,47.49124854142357,407,India,10.851808634772462,93,Capped,0,857,2014,2061
28,3.8997214484679668,EB-5,2032,5.8495821727019495,42,India,90.25069637883009,648,Capped,0,718,2014,2061
0,0.0,EB-1,2032,0.0,0,ROW,100.0,8093,Capped,0,8093,2014,2061
80,0.605831124574025,EB-2,2032,9.632714880726997,1272,ROW,89.76145399469898,11853,Capped,0,13205,2014,2061
975,5.684799720132936,EB-3,2032,24.08605912191709,4131,ROW,70.22914115794997,12045,Capped,0,17151,2014,2061
4929,44.948021156301294,EB-4,2032,55.0519788436987,6037,ROW,0.0,0,Capped,0,10966,2014,2061
0,0.0,EB-5,2032,0.0,0,ROW,100.0,1363,Capped,0,1363,2014,2061
302,15.615305067218202,EB-1,2033,14.167528438469493,274,China,70.21716649431231,1358,Capped,0,1934,2014,2061
1781,68.10707456978967,EB-2,2033,31.892925430210322,834,China,0.0,0,Capped,0,2615,2014,2061
1239,53.93992163691772,EB-3,2033,46.06007836308228,1058,China,0.0,0,Capped,0,2297,2014,2061
0,0.0,EB-4,2033,0.0,0,China,100.0,50,Capped,0,50,2014,2061
35,2.2551546391752577,EB-5,2033,8.118556701030927,126,China,89.62628865979381,1391,Capped,0,1552,2014,2061
479,10.292221744735711,EB-1,2033,10.20627417275462,475,India,79.50150408250967,3700,Capped,0,4654,2014,2061
12794,70.22724777692392,EB-2,2033,29.772752223076075,5424,India,0.0,0,Capped,0,18218,2014,2061
3106,64.95190296946885,EB-3,2033,35.04809703053116,1676,India,0.0,0,Capped,0,4782,2014,2061
337,39.740566037735846,EB-4,2033,51.061320754716974,433,India,9.19811320754717,78,Capped,0,848,2014,2061
38,5.436337625178827,EB-5,2033,5.007153075822604,35,India,89.55650929899856,626,Capped,0,699,2014,2061
0,0.0,EB-1,2033,0.0,0,ROW,100.0,7935,Capped,0,7935,2014,2061
89,0.6777853933439951,EB-2,2033,9.260528520295484,1216,ROW,90.06168608636052,11826,Capped,0,13131,2014,2061
1225,7.058891321885444,EB-3,2033,26.218739195574507,4550,ROW,66.72236948254005,11579,Capped,0,17354,2014,2061
4708,42.71457085828344,EB-4,2033,57.28542914171657,6314,ROW,0.0,0,Capped,0,11022,2014,2061
0,0.0,EB-5,2033,0.0,0,ROW,100.0,1285,Capped,0,1285,2014,2061
312,16.507936507936506,EB-1,2034,13.80952380952381,261,China,69.68253968253968,1317,Capped,0,1890,2014,2061
1740,67.41573033707866,EB-2,2034,32.58426966292135,841,China,0.0,0,Capped,0,2581,2014,2061
1383,55.92397897290739,EB-3,2034,44.0760210270926,1090,China,0.0,0,Capped,0,2473,2014,2061
0,0.0,EB-4,2034,0.0,0,China,100.0,55,Capped,0,55,2014,2061
69,4.431599229287091,EB-5,2034,9.184328837508028,143,China,86.38407193320488,1345,Capped,0,1557,2014,2061
538,11.302521008403362,EB-1,2034,10.92436974789916,520,India,77.77310924369748,3702,Capped,0,4760,2014,2061
12715,70.29133727679805,EB-2,2034,29.708662723201947,5374,India,0.0,0,Capped,0,18089,2014,2061
3010,65.05295007564297,EB-3,2034,34.94704992435703,1617,India,0.0,0,Capped,0,4627,2014,2061
395,40.72164948453608,EB-4,2034,50.92783505154639,494,India,8.350515463917525,81,Capped,0,970,2014,2061
31,4.293628808864266,EB-5,2034,5.955678670360111,43,India,89.75069252077562,648,Capped,0,722,2014,2061
0,0.0,EB-1,2034,0.0,0,ROW,100.0,8079,Capped,0,8079,2014,2061
114,0.8763163963409947,EB-2,2034,10.446613882696594,1359,ROW,88.67706972096241,11536,Capped,0,13009,2014,2061
1386,8.055797733217087,EB-3,2034,26.951467596628888,4637,ROW,64.99273467015402,11182,Capped,0,17205,2014,2061
4795,43.33875632682574,EB-4,2034,56.661243673174255,6269,ROW,0.0,0,Capped,0,11064,2014,2061
0,0.0,EB-5,2034,0.0,0,ROW,100.0,1232,Capped,0,1232,2014,2061
398,20.88142707240294,EB-1,2035,16.26442812172088,310,China,62.854144805876174,1198,Capped,0,1906,2014,2061
1716,66.38297872340425,EB-2,2035,33.61702127659574,869,China,0.0,0,Capped,0,2585,2014,2061
1348,57.53307725138711,EB-3,2035,42.46692274861289,995,China,0.0,0,Capped,0,2343,2014,2061
0,0.0,EB-4,2035,0.0,0,China,100.0,34,Capped,0,34,2014,2061
67,4.364820846905538,EB-5,2035,8.599348534201955,132,China,87.0358306188925,1336,Capped,0,1535,2014,2061
635,13.371236049694673,EB-1,2035,11.770899136660349,559,India,74.85786481364498,3555,Capped,0,4749,2014,2061
12756,70.16501650165017,EB-2,2035,29.83498349834984,5424,India,0.0,0,Capped,0,18180,2014,2061
3095,65.89312327017245,EB-3,2035,34.10687672982755,1602,India,0.0,0,Capped,0,4697,2014,2061
390,43.333333333333336,EB-4,2035,49.333333333333336,444,India,7.333333333333333,66,Capped,0,900,2014,2061
31,4.704097116843703,EB-5,2035,5.462822458270106,36,India,89.83308042488619,592,Capped,0,659,2014,2061
0,0.0,EB-1,2035,0.0,0,ROW,100.0,8125,Capped,0,8125,2014,2061
126,0.9827626550191093,EB-2,2035,11.075579127993135,1420,ROW,87.94165821698775,11275,Capped,0,12821,2014,2061
1521,8.949164509296304,EB-3,2035,28.153683219581076,4785,ROW,62.897152271122614,10690,Capped,0,16996,2014,2061
4874,44.12057572191545,EB-4,2035,55.87942427808454,6173,ROW,0.0,0,Capped,0,11047,2014,2061
0,0.0,EB-5,2035,0.0,0,ROW,100.0,1325,Capped,0,1325,2014,2061
434,22.359608449252963,EB-1,2036,15.868109222050489,308,China,61.77228232869655,1199,Capped,0,1941,2014,2061
1769,67.67406273909717,EB-2,2036,32.32593726090283,845,China,0.0,0,Capped,0,2614,2014,2061
1206,54.91803278688525,EB-3,2036,45.08196721311475,990,China,0.0,0,Capped,0,2196,2014,2061
0,0.0,EB-4,2036,0.0,0,China,100.0,51,Capped,0,51,2014,2061
69,4.739010989010989,EB-5,2036,7.760989010989011,113,China,87.5,1274,Capped,0,1456,2014,2061
715,15.489601386481802,EB-1,2036,11.416811091854418,527,India,73.09358752166378,3374,Capped,0,4616,2014,2061
12967,70.67640486183026,EB-2,2036,29.32359513816973,5380,India,0.0,0,Capped,0,18347,2014,2061
3025,65.22207848210435,EB-3,2036,34.77792151789564,1613,India,0.0,0,Capped,0,4638,2014,2061
405,42.857142857142854,EB-4,2036,51.00529100529101,482,India,6.137566137566138,58,Capped,0,945,2014,2061
39,5.46218487394958,EB-5,2036,4.481792717086835,32,India,90.05602240896359,643,Capped,0,714,2014,2061
0,0.0,EB-1,2036,0.0,0,ROW,100.0,8331,Capped,0,8331,2014,2061
122,0.9373079287031346,EB-2,2036,11.05562384757222,1439,ROW,88.00706822372464,11455,Capped,0,13016,2014,2061
1687,9.922945709075936,EB-3,2036,28.680665843185693,4876,ROW,61.39638844773837,10438,Capped,0,17001,2014,2061
4918,44.418352601156066,EB-4,2036,55.58164739884393,6154,ROW,0.0,0,Capped,0,11072,2014,2061
0,0.0,EB-5,2036,0.0,0,ROW,100.0,1306,Capped,0,1306,2014,2061
425,23.50663716814159,EB-1,2037,19.24778761061947,348,China,57.245575221238944,1035,Capped,0,1808,2014,2061
1693,67.18253968253968,EB-2,2037,32.817460317460316,827,China,0.0,0,Capped,0,2520,2014,2061
1326,55.99662162162162,EB-3,2037,44.00337837837838,1042,China,0.0,0,Capped,0,2368,2014,2061
0,0.0,EB-4,2037,0.0,0,China,100.0,44,Capped,0,44,2014,2061
74,4.953145917001338,EB-5,2037,8.500669344042839,127,China,86.54618473895582,1293,Capped,0,1494,2014,2061
820,17.60034342133505,EB-1,2037,13.672461901695643,637,India,68.7271946769693,3202,Capped,0,4659,2014,2061
12770,70.20340846619021,EB-2,2037,29.796591533809785,5420,India,0.0,0,Capped,0,18190,2014,2061
3031,65.79118732363794,EB-3,2037,34.20881267636206,1576,India,0.0,0,Capped,0,4607,2014,2061
379,41.97120708748616,EB-4,2037,49.501661129568106,447,India,8.527131782945736,77,Capped,0,903,2014,2061
34,4.768583450210379,EB-5,2037,5.049088359046284,36,India,90.18232819074333,643,Capped,0,713,2014,2061
0,0.0,EB-1,2037,0.0,0,ROW,100.0,8233,Capped,0,8233,2014,2061
137,1.0781459038325332,EB-2,2037,11.828126229637208,1503,ROW,87.09372786653026,11067,Capped,0,12707,2014,2061
1770,10.482676932188333,EB-3,2037,29.446254071661237,4972,ROW,60.07106899615044,10143,Capped,0,16885,2014,2061
4808,44.04140331592929,EB-4,2037,55.95859668407071,6109,ROW,0.0,0,Capped,0,10917,2014,2061
0,0.0,EB-5,2037,0.0,0,ROW,100.0,1214,Capped,0,1214,2014,2061
480,26.1295590636908,EB-1,2038,17.85519869352205,328,China,56.01524224278715,1029,Capped,0,1837,2014,2061
1754,68.06363989134653,EB-2,2038,31.93636010865347,823,China,0.0,0,Capped,0,2577,2014,2061
1218,53.37423312883436,EB-3,2038,46.62576687116564,1064,China,0.0,0,Capped,0,2282,2014,2061
0,0.0,EB-4,2038,0.0,0,China,100.0,57,Capped,0,57,2014,2061
96,6.233766233766234,EB-5,2038,7.857142857142857,121,China,85.9090909090909,1323,Capped,0,1540,2014,2061
986,20.73170731707317,EB-1,2038,13.540790580319594,644,India,65.72750210260723,3126,Capped,0,4756,2014,2061
13010,70.59525747463238,EB-2,2038,29.404742525367627,5419,India,0.0,0,Capped,0,18429,2014,2061
3031,65.7626383163376,EB-3,2038,34.2373616836624,1578,India,0.0,0,Capped,0,4609,2014,2061
392,40.833333333333336,EB-4,2038,53.75,516,India,5.416666666666667,52,Capped,0,960,2014,2061
27,4.10958904109589,EB-5,2038,7.30593607305936,48,India,88.58447488584474,582,Capped,0,657,2014,2061
0,0.0,EB-1,2038,0.0,0,ROW,100.0,8017,Capped,0,8017,2014,2061
179,1.3657866625972837,EB-2,2038,11.826644285060278,1550,ROW,86.80756905234244,11377,Capped,0,13106,2014,2061
1895,11.029625749374308,EB-3,2038,29.899307374425238,5137,ROW,59.07106687620045,10149,Capped,0,17181,2014,2061
4824,43.35400377460232,EB-4,2038,56.645996225397674,6303,ROW,0.0,0,Capped,0,11127,2014,2061
0,0.0,EB-5,2038,0.0,0,ROW,100.0,1293,Capped,0,1293,2014,2061
487,26.4961915125136,EB-1,2039,20.5658324265506,378,China,52.937976060935796,973,Capped,0,1838,2014,2061
1652,66.47887323943662,EB-2,2039,33.52112676056338,833,China,0.0,0,Capped,0,2485,2014,2061
1323,56.059322033898304,EB-3,2039,43.940677966101696,1037,China,0.0,0,Capped,0,2360,2014,2061
0,0.0,EB-4,2039,0.0,0,China,100.0,62,Capped,0,62,2014,2061
114,7.671601615074024,EB-5,2039,9.286675639300135,138,China,83.04172274562585,1234,Capped,0,1486,2014,2061
1057,22.14076246334311,EB-1,2039,14.01340594888982,669,India,63.84583158776708,3048,Capped,0,4774,2014,2061
13057,70.70832882053504,EB-2,2039,29.291671179464963,5409,India,0.0,0,Capped,0,18466,2014,2061
3097,64.29312850321777,EB-3,2039,35.70687149678223,1720,India,0.0,0,Capped,0,4817,2014,2061
467,50.107296137339056,EB-4,2039,45.493562231759654,424,India,4.399141630901288,41,Capped,0,932,2014,2061
42,5.714285714285714,EB-5,2039,5.850340136054422,43,India,88.43537414965986,650,Capped,0,735,2014,2061
0,0.0,EB-1,2039,0.0,0,ROW,100.0,8172,Capped,0,8172,2014,2061
210,1.5746850629874025,EB-2,2039,11.990101979604079,1599,ROW,86.43521295740851,11527,Capped,0,13336,2014,2061
2069,12.068362109192721,EB-3,2039,30.290480634624355,5193,ROW,57.641157256182915,9882,Capped,0,17144,2014,2061
4602,42.328918322295806,EB-4,2039,57.671081677704194,6270,ROW,0.0,0,Capped,0,10872,2014,2061
0,0.0,EB-5,2039,0.0,0,ROW,100.0,1191,Capped,0,1191,2014,2061
529,27.36678737713399,EB-1,2040,18.210036213140196,352,China,54.42317640972581,1052,Capped,0,1933,2014,2061
1752,66.46433990895297,EB-2,2040,33.53566009104704,884,China,0.0,0,Capped,0,2636,2014,2061
1315,56.437768240343345,EB-3,2040,43.56223175965665,1015,China,0.0,0,Capped,0,2330,2014,2061
0,0.0,EB-4,2040,0.0,0,China,100.0,59,Capped,0,59,2014,2061
118,7.752956636005257,EB-5,2040,7.35873850197109,112,China,84.88830486202366,1292,Capped,0,1522,2014,2061
1145,25.104143828107873,EB-1,2040,14.27318570488928,651,India,60.62267046700285,2765,Capped,0,4561,2014,2061
12873,70.92952779767481,EB-2,2040,29.0704722023252,5276,India,0.0,0,Capped,0,18149,2014,2061
3002,65.4173022444977,EB-3,2040,34.58269775550229,1587,India,0.0,0,Capped,0,4589,2014,2061
410,45.657015590200444,EB-4,2040,50.445434298440986,453,India,3.8975501113585747,35,Capped,0,898,2014,2061
36,5.013927576601671,EB-5,2040,6.545961002785515,47,India,88.44011142061281,635,Capped,0,718,2014,2061
0,0.0,EB-1,2040,0.0,0,ROW,100.0,8170,Capped,0,8170,2014,2061
207,1.5647441227606016,EB-2,2040,12.16267291556429,1609,ROW,86.2725829616751,11413,Capped,0,13229,2014,2061
2213,12.816354896623617,EB-3,2040,31.678925117275732,5470,ROW,55.50471998610066,9584,Capped,0,17267,2014,2061
4854,44.175464142701124,EB-4,2040,55.824535857298876,6134,ROW,0.0,0,Capped,0,10988,2014,2061
0,0.0,EB-5,2040,0.0,0,ROW,100.0,1257,Capped,0,1257,2014,2061
0,0.0,EB-1,2009,0.0,0,China,100.0,655,Uncapped,0,655,2015,2061
0,0.0,EB-2,2009,2.8649921507064366,73,China,97.13500784929356,2475,Uncapped,0,2548,2015,2061
945,9.20424661536963,EB-3,2009,25.158274082010323,2583,China,65.63747930262005,6739,Uncapped,0,10267,2015,2061
0,0.0,EB-4,2009,0.0,0,China,100.0,7,Uncapped,0,7,2015,2061
0,0.0,EB-5,2009,0.0,0,China,100.0,324,Uncapped,0,324,2015,2061
0,0.0,EB-1,2009,0.0,0,India,100.0,1203,Uncapped,0,1203,2015,2061
0,0.0,EB-2,2009,2.3698575422713355,178,India,97.63014245772867,7333,Uncapped,0,7511,2015,2061
6295,16.12944552628882,EB-3,2009,23.92384954391719,9337,India,59.946704929793995,23396,Uncapped,0,39028,2015,2061
0,0.0,EB-4,2009,0.0,0,India,100.0,168,Uncapped,0,168,2015,2061
0,0.0,EB-5,2009,0.0,0,India,100.0,15,Uncapped,0,15,2015,2061
0,0.0,EB-1,2009,0.0,0,ROW,100.0,7808,Uncapped,0,7808,2015,2061
0,0.0,EB-2,2009,0.0,0,ROW,100.0,8068,Uncapped,0,8068,2015,2061
90,0.20841534863256372,EB-3,2009,7.530741263923304,3252,ROW,92.26084338744414,39841,Uncapped,0,43183,2015,2061
0,0.0,EB-4,2009,0.0,0,ROW,100.0,2705,Uncapped,0,2705,2015,2061
0,0.0,EB-5,2009,0.0,0,ROW,100.0,562,Uncapped,0,562,2015,2061
0,0.0,EB-1,2010,0.0,0,China,100.0,801,Uncapped,0,801,2015,2061
1,0.13003901170351106,EB-2,2010,5.981794538361508,46,China,93.88816644993499,722,Uncapped,0,769,2015,2061
34,17.346938775510203,EB-3,2010,32.142857142857146,63,China,50.51020408163265,99,Uncapped,0,196,2015,2061
0,0.0,EB-4,2010,0.0,0,China,100.0,12,Uncapped,0,12,2015,2061
0,0.0,EB-5,2010,0.0,0,China,100.0,293,Uncapped,0,293,2015,2061
0,0.0,EB-1,2010,0.0,0,India,100.0,1430,Uncapped,0,1430,2015,2061
9,0.12231584669747216,EB-2,2010,5.24599075835825,386,India,94.63169339494428,6963,Uncapped,0,7358,2015,2061
670,22.06851119894598,EB-3,2010,28.030303030303028,851,India,49.90118577075099,1515,Uncapped,0,3036,2015,2061
0,0.0,EB-4,2010,0.0,0,India,100.0,161,Uncapped,0,161,2015,2061
0,0.0,EB-5,2010,0.0,0,India,100.0,26,Uncapped,0,26,2015,2061
0,0.0,EB-1,2010,0.0,0,ROW,100.0,7786,Uncapped,0,7786,2015,2061
0,0.0,EB-2,2010,0.03231365790607497,3,ROW,99.96768634209391,9281,Uncapped,0,9284,2015,2061
48,0.8390141583639223,EB-3,2010,13.896171997902465,795,ROW,85.2648138437336,4878,Uncapped,0,5721,2015,2061
0,0.0,EB-4,2010,0.937766410912191,33,ROW,99.06223358908781,3486,Uncapped,0,3519,2015,2061
0,0.0,EB-5,2010,0.0,0,ROW,100.0,645,Uncapped,0,645,2015,2061
0,0.0,EB-1,2011,0.0,0,China,100.0,738,Uncapped,0,738,2015,2061
3,0.3821656050955414,EB-2,2011,8.662420382165605,68,China,90.95541401273886,714,Uncapped,0,785,2015,2061
20,13.333333333333334,EB-3,2011,34.66666666666667,52,China,52.0,78,Uncapped,0,150,2015,2061
0,0.0,EB-4,2011,14.285714285714285,1,China,85.71428571428571,6,Uncapped,0,7,2015,2061
0,0.0,EB-5,2011,0.0,0,China,100.0,605,Uncapped,0,605,2015,2061
0,0.0,EB-1,2011,0.0,0,India,100.0,1682,Uncapped,0,1682,2015,2061
509,4.794197984364698,EB-2,2011,13.760949420740323,1461,India,81.44485259489498,8647,Uncapped,0,10617,2015,2061
584,17.881200244947948,EB-3,2011,26.791181873851805,875,India,55.32761788120024,1807,Uncapped,0,3266,2015,2061
1,0.4694835680751174,EB-4,2011,3.755868544600939,8,India,95.77464788732394,204,Uncapped,0,213,2015,2061
0,0.0,EB-5,2011,0.0,0,India,100.0,9,Uncapped,0,9,2015,2061
0,0.0,EB-1,2011,0.0,0,ROW,100.0,5461,Uncapped,0,5461,2015,2061
0,0.0,EB-2,2011,0.5581489750355185,55,ROW,99.44185102496448,9799,Uncapped,0,9854,2015,2061
13,0.2961950330371383,EB-3,2011,12.030075187969924,528,ROW,87.67372977899294,3848,Uncapped,0,4389,2015,2061
0,0.0,EB-4,2011,4.468032584547026,181,ROW,95.53196741545298,3870,Uncapped,0,4051,2015,2061
0,0.0,EB-5,2011,0.0,0,ROW,100.0,421,Uncapped,0,421,2015,2061
0,0.0,EB-1,2012,0.0,0,China,100.0,859,Uncapped,0,859,2015,2061
11,1.385390428211587,EB-2,2012,12.34256926952141,98,China,86.272040302267,685,Uncapped,0,794,2015,2061
10,8.620689655172415,EB-3,2012,41.37931034482759,48,China,50.0,58,Uncapped,0,116,2015,2061
0,0.0,EB-4,2012,0.0,0,China,100.0,7,Uncapped,0,7,2015,2061
0,0.0,EB-5,2012,0.0,0,China,100.0,1530,Uncapped,0,1530,2015,2061
0,0.0,EB-1,2012,0.0,0,India,100.0,1916,Uncapped,0,1916,2015,2061
637,6.0276305828917485,EB-2,2012,15.310370931112793,1618,India,78.66199848599545,8313,Uncapped,0,10568,2015,2061
270,13.975155279503104,EB-3,2012,25.724637681159418,497,India,60.30020703933747,1165,Uncapped,0,1932,2015,2061
1,0.31746031746031744,EB-4,2012,7.936507936507936,25,India,91.74603174603175,289,Uncapped,0,315,2015,2061
0,0.0,EB-5,2012,0.0,0,India,100.0,23,Uncapped,0,23,2015,2061
0,0.0,EB-1,2012,0.0,0,ROW,100.0,5709,Uncapped,0,5709,2015,2061
0,0.0,EB-2,2012,0.3788300835654596,34,ROW,99.62116991643454,8941,Uncapped,0,8975,2015,2061
4,0.16515276630883566,EB-3,2012,10.734929810074318,260,ROW,89.09991742361684,2158,Uncapped,0,2422,2015,2061
25,0.41897100720630126,EB-4,2012,11.563599798893916,690,ROW,88.01742919389977,5252,Uncapped,0,5967,2015,2061
0,0.0,EB-5,2012,0.0,0,ROW,100.0,666,Uncapped,0,666,2015,2061
0,0.0,EB-1,2013,0.0,0,China,100.0,933,Uncapped,0,933,2015,2061
14,2.0319303338171264,EB-2,2013,10.88534107402032,75,China,87.08272859216255,600,Uncapped,0,689,2015,2061
20,18.867924528301888,EB-3,2013,34.90566037735849,37,China,46.22641509433962,49,Uncapped,0,106,2015,2061
0,0.0,EB-4,2013,5.454545454545454,3,China,94.54545454545455,52,Uncapped,0,55,2015,2061
0,0.0,EB-5,2013,0.0,0,China,100.0,1574,Uncapped,0,1574,2015,2061
0,0.0,EB-1,2013,0.0,0,India,100.0,2535,Uncapped,0,2535,2015,2061
853,8.455590800951626,EB-2,2013,15.007930214115781,1514,India,76.53647898493259,7721,Uncapped,0,10088,2015,2061
193,12.285168682367917,EB-3,2013,26.543602800763843,417,India,61.17122851686824,961,Uncapped,0,1571,2015,2061
18,2.3529411764705883,EB-4,2013,12.679738562091503,97,India,84.9673202614379,650,Uncapped,0,765,2015,2061
0,0.0,EB-5,2013,0.0,0,India,100.0,32,Uncapped,0,32,2015,2061
0,0.0,EB-1,2013,0.0,0,ROW,100.0,6134,Uncapped,0,6134,2015,2061
0,0.0,EB-2,2013,0.0,0,ROW,100.0,7696,Uncapped,0,7696,2015,2061
0,0.0,EB-3,2013,7.639208467556374,166,ROW,92.36079153244363,2007,Uncapped,0,2173,2015,2061
333,3.006229123408865,EB-4,2013,20.158887785501488,2233,ROW,76.83488309108965,8511,Uncapped,0,11077,2015,2061
0,0.0,EB-5,2013,0.0,0,ROW,100.0,608,Uncapped,0,608,2015,2061
0,0.0,EB-1,2014,0.08818342151675485,1,China,99.91181657848325,1133,Uncapped,0,1134,2015,2061
18,2.1226415094339623,EB-2,2014,13.089622641509436,111,China,84.7877358490566,719,Uncapped,0,848,2015,2061
173,14.513422818791947,EB-3,2014,32.38255033557047,386,China,53.104026845637584,633,Uncapped,0,1192,2015,2061
0,0.0,EB-4,2014,12.903225806451612,4,China,87.09677419354838,27,Uncapped,0,31,2015,2061
0,0.0,EB-5,2014,0.386286817962337,8,China,99.61371318203767,2063,Uncapped,0,2071,2015,2061
0,0.0,EB-1,2014,0.029248318221702253,1,India,99.9707516817783,3418,Uncapped,0,3419,2015,2061
1201,10.170209162503175,EB-2,2014,16.495892962994326,1948,India,73.3338978745025,8660,Uncapped,0,11809,2015,2061
201,11.241610738255034,EB-3,2014,23.37807606263982,418,India,65.38031319910515,1169,Uncapped,0,1788,2015,2061
25,4.385964912280701,EB-4,2014,17.894736842105264,102,India,77.71929824561403,443,Uncapped,0,570,2015,2061
0,0.0,EB-5,2014,0.0,0,India,100.0,83,Uncapped,0,83,2015,2061
0,0.0,EB-1,2014,0.0,0,ROW,100.0,6186,Uncapped,0,6186,2015,2061
0,0.0,EB-2,2014,0.08722197993894462,8,ROW,99.91277802006105,9164,Uncapped,0,9172,2015,2061
0,0.0,EB-3,2014,4.092526690391459,115,ROW,95.90747330960853,2695,Uncapped,0,2810,2015,2061
643,7.079938339572782,EB-4,2014,28.47390442633781,2586,ROW,64.44615723408941,5853,Uncapped,0,9082,2015,2061
0,0.0,EB-5,2014,0.0,0,ROW,100.0,850,Uncapped,0,850,2015,2061
0,0.0,EB-1,2015,0.37678975131876413,5,China,99.62321024868123,1322,Uncapped,0,1327,2015,2061
28,2.7695351137487636,EB-2,2015,16.023738872403563,162,China,81.20672601384767,821,Uncapped,0,1011,2015,2061
60,13.729977116704806,EB-3,2015,32.723112128146454,143,China,53.546910755148744,234,Uncapped,0,437,2015,2061
0,0.0,EB-4,2015,0.0,0,China,100.0,52,Uncapped,0,52,2015,2061
0,0.0,EB-5,2015,1.205164992826399,42,China,98.7948350071736,3443,Uncapped,0,3485,2015,2061
0,0.0,EB-1,2015,0.6182380216383307,20,India,99.38176197836167,3215,Uncapped,0,3235,2015,2061
1516,10.234253696077769,EB-2,2015,16.850064132856275,2496,India,72.91568217106595,10801,Uncapped,0,14813,2015,2061
212,7.547169811320755,EB-3,2015,22.14311142755429,622,India,70.30971876112496,1975,Uncapped,0,2809,2015,2061
83,8.54788877445932,EB-4,2015,22.657054582904223,220,India,68.79505664263645,668,Uncapped,0,971,2015,2061
0,0.0,EB-5,2015,0.0,0,India,100.0,253,Uncapped,0,253,2015,2061
0,0.0,EB-1,2015,0.0,0,ROW,100.0,7440,Uncapped,0,7440,2015,2061
0,0.0,EB-2,2015,0.3841876453341421,38,ROW,99.61581235466585,9853,Uncapped,0,9891,2015,2061
0,0.0,EB-3,2015,3.5111411208642807,156,ROW,96.48885887913572,4287,Uncapped,0,4443,2015,2061
1242,9.502677888293801,EB-4,2015,31.361897475133894,4099,ROW,59.135424636572296,7729,Uncapped,0,13070,2015,2061
0,0.0,EB-5,2015,0.0,0,ROW,100.0,1495,Uncapped,0,1495,2015,2061
0,0.0,EB-1,2016,1.4363885088919288,21,China,98.56361149110808,1441,Uncapped,0,1462,2015,2061
71,4.4126786824114355,EB-2,2016,14.170292106898694,228,China,81.41702921068988,1310,Uncapped,0,1609,2015,2061
145,12.969588550983898,EB-3,2016,31.12701252236136,348,China,55.903398926654745,625,Uncapped,0,1118,2015,2061
0,0.0,EB-4,2016,0.0,0,China,100.0,49,Uncapped,0,49,2015,2061
0,0.0,EB-5,2016,4.283755997258396,125,China,95.7162440027416,2793,Uncapped,0,2918,2015,2061
0,0.0,EB-1,2016,0.5660841742554762,23,India,99.43391582574452,4040,Uncapped,0,4063,2015,2061
2753,12.394201332613001,EB-2,2016,16.945795065730234,3764,India,70.66000360165677,15695,Uncapped,0,22212,2015,2061
307,6.627806563039723,EB-3,2016,21.80483592400691,1010,India,71.56735751295336,3315,Uncapped,0,4632,2015,2061
80,10.050251256281408,EB-4,2016,23.241206030150753,185,India,66.70854271356784,531,Uncapped,0,796,2015,2061
0,0.0,EB-5,2016,0.9933774834437087,3,India,99.00662251655629,299,Uncapped,0,302,2015,2061
0,0.0,EB-1,2016,0.22085889570552147,18,ROW,99.77914110429448,8132,Uncapped,0,8150,2015,2061
0,0.0,EB-2,2016,1.1235955056179776,138,ROW,98.87640449438202,12144,Uncapped,0,12282,2015,2061
0,0.0,EB-3,2016,2.1954922340301297,188,ROW,97.80450776596987,8375,Uncapped,0,8563,2015,2061
1675,14.061450638012088,EB-4,2016,37.16420416386837,4427,ROW,48.77434519811955,5810,Uncapped,0,11912,2015,2061
0,0.0,EB-5,2016,0.0,0,ROW,100.0,1368,Uncapped,0,1368,2015,2061
0,0.0,EB-1,2017,1.955671447196871,30,China,98.04432855280312,1504,Uncapped,0,1534,2015,2061
287,22.705696202531644,EB-2,2017,25.2373417721519,319,China,52.05696202531646,658,Uncapped,0,1264,2015,2061
204,13.429888084265965,EB-3,2017,32.323897300855826,491,China,54.246214614878205,824,Uncapped,0,1519,2015,2061
0,0.0,EB-4,2017,0.0,0,China,100.0,49,Uncapped,0,49,2015,2061
43,0.9903270382312299,EB-5,2017,6.58682634730539,286,China,92.42284661446338,4013,Uncapped,0,4342,2015,2061
1,0.02253267237494367,EB-1,2017,1.8702118071203244,83,India,98.10725552050474,4354,Uncapped,0,4438,2015,2061
2768,14.17814885007427,EB-2,2017,17.953183424678585,3505,India,67.86866772524715,13250,Uncapped,0,19523,2015,2061
291,7.039187227866474,EB-3,2017,20.972423802612482,867,India,71.98838896952104,2976,Uncapped,0,4134,2015,2061
68,16.19047619047619,EB-4,2017,34.04761904761905,143,India,49.76190476190476,209,Uncapped,0,420,2015,2061
0,0.0,EB-5,2017,1.1146496815286624,7,India,98.88535031847134,621,Uncapped,0,628,2015,2061
0,0.0,EB-1,2017,0.6176369667162301,54,ROW,99.38236303328377,8689,Uncapped,0,8743,2015,2061
0,0.0,EB-2,2017,1.5826494724501756,162,ROW,98.41735052754983,10074,Uncapped,0,10236,2015,2061
0,0.0,EB-3,2017,3.033785336704206,264,ROW,96.96621466329579,8438,Uncapped,0,8702,2015,2061
1416,17.44701823558403,EB-4,2017,40.91917200591425,3321,ROW,41.63380975850173,3379,Uncapped,0,8116,2015,2061
0,0.0,EB-5,2017,0.0,0,ROW,100.0,2143,Uncapped,0,2143,2015,2061
0,0.0,EB-1,2018,2.9039463886820553,39,China,97.09605361131794,1304,Uncapped,0,1343,2015,2061
382,24.253968253968253,EB-2,2018,25.77777777777778,406,China,49.96825396825397,787,Uncapped,0,1575,2015,2061
168,11.914893617021278,EB-3,2018,28.368794326241137,400,China,59.716312056737586,842,Uncapped,0,1410,2015,2061
0,0.0,EB-4,2018,0.0,0,China,100.0,34,Uncapped,0,34,2015,2061
253,5.134970570326771,EB-5,2018,8.240308504160748,406,China,86.62472092551248,4268,Uncapped,0,4927,2015,2061
1,0.02487562189054726,EB-1,2018,2.164179104477612,87,India,97.81094527363184,3932,Uncapped,0,4020,2015,2061
3152,17.07660634955033,EB-2,2018,19.113663452161664,3528,India,63.80973019828801,11778,Uncapped,0,18458,2015,2061
157,4.235230644726194,EB-3,2018,21.580793094146212,800,India,74.1839762611276,2750,Uncapped,0,3707,2015,2061
81,20.876288659793815,EB-4,2018,29.63917525773196,115,India,49.48453608247423,192,Uncapped,0,388,2015,2061
6,0.7662835249042145,EB-5,2018,1.1494252873563218,9,India,98.08429118773945,768,Uncapped,0,783,2015,2061
0,0.0,EB-1,2018,0.8271298593879239,60,ROW,99.17287014061208,7194,Uncapped,0,7254,2015,2061
0,0.0,EB-2,2018,2.0310861066081816,213,ROW,97.96891389339181,10274,Uncapped,0,10487,2015,2061
0,0.0,EB-3,2018,3.4863451481696686,360,ROW,96.51365485183034,9966,Uncapped,0,10326,2015,2061
1195,18.845607948273145,EB-4,2018,42.24885664721653,2679,ROW,38.905535404510324,2467,Uncapped,0,6341,2015,2061
0,0.0,EB-5,2018,0.0,0,ROW,100.0,2646,Uncapped,0,2646,2015,2061
0,0.0,EB-1,2019,2.8810408921933086,31,China,97.11895910780669,1045,Uncapped,0,1076,2015,2061
607,27.025823686553874,EB-2,2019,26.758682101513802,601,China,46.215494211932324,1038,Uncapped,0,2246,2015,2061
123,10.336134453781511,EB-3,2019,31.092436974789916,370,China,58.57142857142858,697,Uncapped,0,1190,2015,2061
0,0.0,EB-4,2019,0.0,0,China,100.0,47,Uncapped,0,47,2015,2061
65,5.062305295950155,EB-5,2019,6.775700934579438,87,China,88.1619937694704,1132,Uncapped,0,1284,2015,2061
0,0.0,EB-1,2019,1.5261044176706828,57,India,98.47389558232932,3678,Uncapped,0,3735,2015,2061
4309,21.196320527325497,EB-2,2019,19.922278518372767,4050,India,58.88140095430173,11970,Uncapped,0,20329,2015,2061
222,4.226961157654227,EB-3,2019,20.792079207920793,1092,India,74.98095963442498,3938,Uncapped,0,5252,2015,2061
119,23.106796116504853,EB-4,2019,36.50485436893204,188,India,40.3883495145631,208,Uncapped,0,515,2015,2061
4,1.2618296529968454,EB-5,2019,1.5772870662460567,5,India,97.16088328075709,308,Uncapped,0,317,2015,2061
0,0.0,EB-1,2019,0.6091193873999303,35,ROW,99.39088061260007,5711,Uncapped,0,5746,2015,2061
0,0.0,EB-2,2019,3.058974830056954,333,ROW,96.94102516994305,10553,Uncapped,0,10886,2015,2061
0,0.0,EB-3,2019,5.213077423552375,641,ROW,94.78692257644764,11655,Uncapped,0,12296,2015,2061
1833,21.25956854558107,EB-4,2019,44.09649733240548,3802,ROW,34.643934122013455,2987,Uncapped,0,8622,2015,2061
0,0.0,EB-5,2019,0.0,0,ROW,100.0,788,Uncapped,0,788,2015,2061
0,0.0,EB-1,2020,2.2388059701492535,21,China,97.76119402985076,917,Uncapped,0,938,2015,2061
666,30.438756855575868,EB-2,2020,28.427787934186473,622,China,41.13345521023766,900,Uncapped,0,2188,2015,2061
145,10.041551246537397,EB-3,2020,28.670360110803323,414,China,61.288088642659275,885,Uncapped,0,1444,2015,2061
0,0.0,EB-4,2020,0.0,0,China,100.0,40,Uncapped,0,40,2015,2061
23,2.581369248035915,EB-5,2020,7.4074074074074066,66,China,90.01122334455668,802,Uncapped,0,891,2015,2061
0,0.0,EB-1,2020,1.669195751138088,55,India,98.33080424886191,3240,Uncapped,0,3295,2015,2061
3789,23.018042646254784,EB-2,2020,20.21748374946844,3328,India,56.76447360427678,9344,Uncapped,0,16461,2015,2061
123,3.0483271375464684,EB-3,2020,19.975216852540274,806,India,76.97645600991326,3106,Uncapped,0,4035,2015,2061
172,29.25170068027211,EB-4,2020,41.49659863945578,244,India,29.25170068027211,172,Uncapped,0,588,2015,2061
8,3.8095238095238098,EB-5,2020,4.285714285714286,9,India,91.9047619047619,193,Uncapped,0,210,2015,2061
0,0.0,EB-1,2020,0.0,0,ROW,100.0,5427,Uncapped,0,5427,2015,2061
3,0.03080082135523614,EB-2,2020,3.9835728952772076,388,ROW,95.98562628336755,9349,Uncapped,0,9740,2015,2061
0,0.0,EB-3,2020,6.312087912087912,718,ROW,93.68791208791208,10657,Uncapped,0,11375,2015,2061
2152,25.87471444030299,EB-4,2020,47.15642659612841,3922,ROW,26.968858963568593,2243,Uncapped,0,8317,2015,2061
0,0.0,EB-5,2020,0.0,0,ROW,100.0,589,Uncapped,0,589,2015,2061
0,0.0,EB-1,2021,2.66798418972332,27,China,97.33201581027669,985,Uncapped,0,1012,2015,2061
665,32.11009174311927,EB-2,2021,28.488652824722354,590,China,39.40125543215838,816,Uncapped,0,2071,2015,2061
311,9.531106343855347,EB-3,2021,31.10634385534784,1015,China,59.36254980079681,1937,Uncapped,0,3263,2015,2061
0,0.0,EB-4,2021,0.0,0,China,100.0,12,Uncapped,0,12,2015,2061
0,0.0,EB-5,2021,6.806930693069307,55,China,93.1930693069307,753,Uncapped,0,808,2015,2061
0,0.0,EB-1,2021,1.1140583554376657,42,India,98.88594164456234,3728,Uncapped,0,3770,2015,2061
4769,26.66778504725158,EB-2,2021,21.808421405804395,3900,India,51.52379354694403,9214,Uncapped,0,17883,2015,2061
758,3.4340597109590907,EB-3,2021,19.788882344946316,4368,India,76.7770579440946,16947,Uncapped,0,22073,2015,2061
116,30.526315789473685,EB-4,2021,46.578947368421055,177,India,22.894736842105264,87,Uncapped,0,380,2015,2061
5,2.2522522522522523,EB-5,2021,5.405405405405405,12,India,92.34234234234235,205,Uncapped,0,222,2015,2061
0,0.0,EB-1,2021,0.0,0,ROW,100.0,5100,Uncapped,0,5100,2015,2061
5,0.04832785617630002,EB-2,2021,3.8952252078097813,403,ROW,96.05644693601391,9938,Uncapped,0,10346,2015,2061
0,0.0,EB-3,2021,5.537459283387622,646,ROW,94.46254071661238,11020,Uncapped,0,11666,2015,2061
2928,29.412355600200907,EB-4,2021,50.286288297338025,5006,ROW,20.301356102461074,2021,Uncapped,0,9955,2015,2061
0,0.0,EB-5,2021,0.37243947858473,2,ROW,99.62756052141528,535,Uncapped,0,537,2015,2061
0,0.0,EB-1,2022,2.3014105419450632,31,China,97.69858945805494,1316,Uncapped,0,1347,2015,2061
703,33.89585342333655,EB-2,2022,31.147540983606557,646,China,34.95660559305689,725,Uncapped,0,2074,2015,2061
123,9.461538461538462,EB-3,2022,29.153846153846153,379,China,61.38461538461538,798,Uncapped,0,1300,2015,2061
0,0.0,EB-4,2022,0.0,0,China,100.0,31,Uncapped,0,31,2015,2061
0,0.0,EB-5,2022,2.5316455696202533,4,China,97.46835443037975,154,Uncapped,0,158,2015,2061
0,0.0,EB-1,2022,1.3553870893636573,59,India,98.64461291063634,4294,Uncapped,0,4353,2015,2061
6468,30.66856330014225,EB-2,2022,22.299668089141772,4703,India,47.03176861071598,9919,Uncapped,0,21090,2015,2061
297,3.8561412620098676,EB-3,2022,22.03323811996884,1697,India,74.1106206180213,5708,Uncapped,0,7702,2015,2061
439,39.656729900632335,EB-4,2022,40.10840108401084,444,India,20.23486901535682,224,Uncapped,0,1107,2015,2061
3,5.769230769230769,EB-5,2022,9.615384615384617,5,India,84.61538461538461,44,Uncapped,0,52,2015,2061
0,0.0,EB-1,2022,0.0,0,ROW,100.0,6116,Uncapped,0,6116,2015,2061
10,0.07850525985241011,EB-2,2022,3.7132987910189987,473,ROW,96.2081959491286,12255,Uncapped,0,12738,2015,2061
7,0.047619047619047616,EB-3,2022,5.795918367346939,852,ROW,94.15646258503402,13841,Uncapped,0,14700,2015,2061
5015,31.201393641510606,EB-4,2022,53.008150314191504,8520,ROW,15.79045604429789,2538,Uncapped,0,16073,2015,2061
0,0.0,EB-5,2022,0.0,0,ROW,100.0,146,Uncapped,0,146,2015,2061
0,0.0,EB-1,2023,2.2883295194508007,50,China,97.7116704805492,2135,Uncapped,0,2185,2015,2061
998,37.43435858964741,EB-2,2023,31.43285821455364,838,China,31.13278319579895,830,Uncapped,0,2666,2015,2061
115,10.7981220657277,EB-3,2023,29.765258215962444,317,China,59.436619718309856,633,Uncapped,0,1065,2015,2061
0,0.0,EB-4,2023,0.0,0,China,100.0,14,Uncapped,0,14,2015,2061
0,0.0,EB-5,2023,3.253182461103253,23,China,96.74681753889675,684,Uncapped,0,707,2015,2061
0,0.0,EB-1,2023,1.6754103909290912,99,India,98.32458960907091,5810,Uncapped,0,5909,2015,2061
6507,35.21103896103896,EB-2,2023,23.955627705627705,4427,India,40.833333333333336,7546,Uncapped,0,18480,2015,2061
274,4.556035916195544,EB-3,2023,21.416694379780512,1288,India,74.02726970402395,4452,Uncapped,0,6014,2015,2061
441,42.08015267175573,EB-4,2023,46.469465648854964,487,India,11.450381679389313,120,Uncapped,0,1048,2015,2061
2,0.7326007326007326,EB-5,2023,3.6630036630036633,10,India,95.6043956043956,261,Uncapped,0,273,2015,2061
0,0.0,EB-1,2023,0.0,0,ROW,100.0,8248,Uncapped,0,8248,2015,2061
4692,28.82417987467748,EB-2,2023,27.02420444772085,4399,ROW,44.15161567760167,7187,Uncapped,0,16278,2015,2061
2315,12.38100331586266,EB-3,2023,31.185153492352125,5831,ROW,56.433843191785215,10552,Uncapped,0,18698,2015,2061
3734,35.01172058134083,EB-4,2023,54.25222691045476,5786,ROW,10.736052508204406,1145,Uncapped,0,10665,2015,2061
0,0.0,EB-5,2023,0.0,0,ROW,100.0,481,Uncapped,0,481,2015,2061
0,0.0,EB-1,2024,2.549889135254989,46,China,97.45011086474501,1758,Uncapped,0,1804,2015,2061
1062,44.066390041493776,EB-2,2024,31.991701244813274,771,China,23.941908713692946,577,Uncapped,0,2410,2015,2061
279,12.077922077922079,EB-3,2024,30.476190476190478,704,China,57.44588744588744,1327,Uncapped,0,2310,2015,2061
0,0.0,EB-4,2024,0.0,0,China,100.0,59,Uncapped,0,59,2015,2061
0,0.0,EB-5,2024,2.851587815942968,44,China,97.14841218405704,1499,Uncapped,0,1543,2015,2061
0,0.0,EB-1,2024,1.4845094664371772,69,India,98.51549053356283,4579,Uncapped,0,4648,2015,2061
7508,41.27996481196393,EB-2,2024,25.835715856608754,4699,India,32.884319331427314,5981,Uncapped,0,18188,2015,2061
250,5.330490405117271,EB-3,2024,20.554371002132196,964,India,74.11513859275053,3476,Uncapped,0,4690,2015,2061
493,51.515151515151516,EB-4,2024,43.155694879832815,413,India,5.329153605015674,51,Uncapped,0,957,2015,2061
2,0.27472527472527475,EB-5,2024,1.9230769230769231,14,India,97.8021978021978,712,Uncapped,0,728,2015,2061
0,0.0,EB-1,2024,0.0,0,ROW,100.0,8192,Uncapped,0,8192,2015,2061
5741,44.43498452012384,EB-2,2024,37.252321981424146,4813,ROW,18.312693498452013,2366,Uncapped,0,12920,2015,2061
2493,14.455525919053693,EB-3,2024,32.245158297576246,5561,ROW,53.29931578337006,9192,Uncapped,0,17246,2015,2061
4480,40.16496324188632,EB-4,2024,55.60337098798638,6202,ROW,4.231665770127309,472,Uncapped,0,11154,2015,2061
0,0.0,EB-5,2024,0.0,0,ROW,100.0,1296,Uncapped,0,1296,2015,2061
0,0.0,EB-1,2025,2.546777546777547,49,China,97.45322245322245,1875,Uncapped,0,1924,2015,2061
1203,46.10962054426984,EB-2,2025,34.45764660789575,899,China,19.43273284783442,507,Uncapped,0,2609,2015,2061
336,14.621409921671018,EB-3,2025,32.28894691035683,742,China,53.08964316797214,1220,Uncapped,0,2298,2015,2061
19,35.84905660377358,EB-4,2025,64.15094339622641,34,China,0.0,0,Uncapped,0,53,2015,2061
0,0.0,EB-5,2025,4.263322884012539,68,China,95.73667711598746,1527,Uncapped,0,1595,2015,2061
0,0.0,EB-1,2025,1.2734864300626305,61,India,98.72651356993737,4729,Uncapped,0,4790,2015,2061
8675,47.2597515798649,EB-2,2025,26.378295925038138,4842,India,26.36195249509697,4839,Uncapped,0,18356,2015,2061
358,7.7155172413793105,EB-3,2025,22.262931034482758,1033,India,70.02155172413794,3249,Uncapped,0,4640,2015,2061
447,49.28335170893054,EB-4,2025,50.16538037486218,455,India,0.5512679162072767,5,Uncapped,0,907,2015,2061
1,0.15174506828528073,EB-5,2025,4.24886191198786,28,India,95.59939301972686,630,Uncapped,0,659,2015,2061
11,0.13595352861203808,EB-1,2025,1.7673958719564948,143,ROW,98.09665059943147,7937,Uncapped,0,8091,2015,2061
6187,48.099199253673326,EB-2,2025,37.79056207727591,4861,ROW,14.110238669050764,1815,Uncapped,0,12863,2015,2061
2671,15.449129504309097,EB-3,2025,34.582682630574354,5979,ROW,49.96818786511655,8639,Uncapped,0,17289,2015,2061
4844,43.94049346879535,EB-4,2025,55.75108853410741,6146,ROW,0.3084179970972424,34,Uncapped,0,11024,2015,2061
10,0.7849293563579277,EB-5,2025,3.2182103610675044,41,ROW,95.99686028257457,1223,Uncapped,0,1274,2015,2061
0,0.0,EB-1,2026,2.097130242825607,38,China,97.90286975717439,1774,Uncapped,0,1812,2015,2061
1381,54.56341367048597,EB-2,2026,29.632556301856972,750,China,15.804030027657054,400,Uncapped,0,2531,2015,2061
348,15.310162780466344,EB-3,2026,34.27188737351518,779,China,50.41794984601847,1146,Uncapped,0,2273,2015,2061
23,40.35087719298245,EB-4,2026,59.64912280701754,34,China,0.0,0,Uncapped,0,57,2015,2061
0,0.0,EB-5,2026,3.4370946822308692,53,China,96.56290531776914,1489,Uncapped,0,1542,2015,2061
0,0.0,EB-1,2026,1.925088930738648,92,India,98.07491106926135,4687,Uncapped,0,4779,2015,2061
9877,53.56581159498888,EB-2,2026,27.273713325017624,5029,India,19.160475079993493,3533,Uncapped,0,18439,2015,2061
395,8.631993006993007,EB-3,2026,22.29020979020979,1020,India,69.0777972027972,3161,Uncapped,0,4576,2015,2061
454,51.94508009153318,EB-4,2026,48.05491990846682,420,India,0.0,0,Uncapped,0,874,2015,2061
2,0.2971768202080238,EB-5,2026,2.37741456166419,16,India,97.32540861812778,655,Uncapped,0,673,2015,2061
10,0.12178784557301181,EB-1,2026,2.484472049689441,204,ROW,97.39374010473755,7997,Uncapped,0,8211,2015,2061
6555,50.58651026392962,EB-2,2026,39.24216700108041,5085,ROW,10.171322734989968,1318,Uncapped,0,12958,2015,2061
3175,18.50880261163577,EB-3,2026,33.5315378337414,5752,ROW,47.95965955462283,8227,Uncapped,0,17154,2015,2061
4935,44.4514501891551,EB-4,2026,55.5485498108449,6167,ROW,0.0,0,Uncapped,0,11102,2015,2061
23,1.7477203647416413,EB-5,2026,6.155015197568389,81,ROW,92.09726443768997,1212,Uncapped,0,1316,2015,2061
0,0.0,EB-1,2027,3.464818763326226,65,China,96.53518123667378,1811,Uncapped,0,1876,2015,2061
1518,56.53631284916201,EB-2,2027,32.364990689013034,869,China,11.098696461824954,298,Uncapped,0,2685,2015,2061
436,18.22742474916388,EB-3,2027,36.2876254180602,868,China,45.48494983277592,1088,Uncapped,0,2392,2015,2061
16,26.229508196721312,EB-4,2027,73.77049180327869,45,China,0.0,0,Uncapped,0,61,2015,2061
0,0.0,EB-5,2027,4.061251664447404,61,China,95.93874833555259,1441,Uncapped,0,1502,2015,2061
1,0.021119324181626188,EB-1,2027,2.2808870116156283,108,India,97.69799366420274,4626,Uncapped,0,4735,2015,2061
10838,58.454236556820014,EB-2,2027,27.74931233482552,5145,India,13.796451108354457,2558,Uncapped,0,18541,2015,2061
476,9.939444560451035,EB-3,2027,23.491334307788684,1125,India,66.56922113176029,3188,Uncapped,0,4789,2015,2061
440,46.12159329140461,EB-4,2027,53.878406708595385,514,India,0.0,0,Uncapped,0,954,2015,2061
5,0.7183908045977011,EB-5,2027,3.8793103448275863,27,India,95.40229885057471,664,Uncapped,0,696,2015,2061
22,0.2713369511593488,EB-1,2027,3.367044893931919,273,ROW,96.36161815490874,7813,Uncapped,0,8108,2015,2061
6851,52.90756042937679,EB-2,2027,40.41238705691559,5233,ROW,6.680052513707622,865,Uncapped,0,12949,2015,2061
3334,19.70915109955072,EB-3,2027,35.35705840624261,5981,ROW,44.93379049420667,7601,Uncapped,0,16916,2015,2061
4779,43.307657453556864,EB-4,2027,56.69234254644313,6256,ROW,0.0,0,Uncapped,0,11035,2015,2061
16,1.2728719172633254,EB-5,2027,1.988862370723946,25,ROW,96.73826571201273,1216,Uncapped,0,1257,2015,2061
0,0.0,EB-1,2028,3.5828877005347595,67,China,96.41711229946523,1803,Uncapped,0,1870,2015,2061
1458,60.57332779393436,EB-2,2028,31.117573743248855,749,China,8.309098462816785,200,Uncapped,0,2407,2015,2061
472,19.707724425887267,EB-3,2028,35.15657620041754,842,China,45.135699373695196,1081,Uncapped,0,2395,2015,2061
44,53.65853658536586,EB-4,2028,46.34146341463415,38,China,0.0,0,Uncapped,0,82,2015,2061
0,0.0,EB-5,2028,3.1067961165048543,48,China,96.89320388349515,1497,Uncapped,0,1545,2015,2061
3,0.06346519991537973,EB-1,2028,2.8136238629151684,133,India,97.12291093716945,4591,Uncapped,0,4727,2015,2061
11118,61.60580705934504,EB-2,2028,28.813653238765447,5200,India,9.58053970188951,1729,Uncapped,0,18047,2015,2061
477,10.280172413793103,EB-3,2028,24.78448275862069,1150,India,64.9353448275862,3013,Uncapped,0,4640,2015,2061
478,49.84358706986444,EB-4,2028,50.156412930135566,481,India,0.0,0,Uncapped,0,959,2015,2061
9,1.2328767123287672,EB-5,2028,2.4657534246575343,18,India,96.30136986301369,703,Uncapped,0,730,2015,2061
17,0.20767163449792328,EB-1,2028,3.615929635963841,296,ROW,96.17639872953823,7873,Uncapped,0,8186,2015,2061
7108,56.341154090044384,EB-2,2028,39.426125554850984,4974,ROW,4.232720355104629,534,Uncapped,0,12616,2015,2061
3610,21.11111111111111,EB-3,2028,35.98830409356725,6154,ROW,42.90058479532164,7336,Uncapped,0,17100,2015,2061
4797,43.22400432510362,EB-4,2028,56.77599567489637,6301,ROW,0.0,0,Uncapped,0,11098,2015,2061
10,0.7662835249042145,EB-5,2028,3.7547892720306515,49,ROW,95.47892720306514,1246,Uncapped,0,1305,2015,2061
0,0.0,EB-1,2029,3.3958438925494168,67,China,96.60415610745058,1906,Uncapped,0,1973,2015,2061
1547,61.979166666666664,EB-2,2029,33.53365384615385,837,China,4.487179487179487,112,Uncapped,0,2496,2015,2061
516,21.40190792202406,EB-3,2029,35.835752799668185,864,China,42.762339278307756,1031,Uncapped,0,2411,2015,2061
40,57.971014492753625,EB-4,2029,42.028985507246375,29,China,0.0,0,Uncapped,0,69,2015,2061
0,0.0,EB-5,2029,3.732809430255403,57,China,96.2671905697446,1470,Uncapped,0,1527,2015,2061
4,0.08756567425569177,EB-1,2029,1.9702276707530646,90,India,97.94220665499125,4474,Uncapped,0,4568,2015,2061
12218,66.19352042474807,EB-2,2029,28.94679813630946,5343,India,4.859681438942464,897,Uncapped,0,18458,2015,2061
569,12.176332120693345,EB-3,2029,24.545260004279907,1147,India,63.27840787502675,2957,Uncapped,0,4673,2015,2061
502,51.64609053497943,EB-4,2029,48.35390946502058,470,India,0.0,0,Uncapped,0,972,2015,2061
12,1.848998459167951,EB-5,2029,3.2357473035439135,21,India,94.91525423728814,616,Uncapped,0,649,2015,2061
23,0.28269419862340217,EB-1,2029,3.7733529990167156,307,ROW,95.94395280235987,7806,Uncapped,0,8136,2015,2061
7327,56.94854655681642,EB-2,2029,40.9451266905021,5268,ROW,2.1063267526814857,271,Uncapped,0,12866,2015,2061
4048,23.222993517296768,EB-3,2029,36.18839997705238,6308,ROW,40.58860650565085,7075,Uncapped,0,17431,2015,2061
4802,43.837867445681944,EB-4,2029,56.162132554318056,6152,ROW,0.0,0,Uncapped,0,10954,2015,2061
29,2.1545319465081723,EB-5,2029,6.463595839524518,87,ROW,91.38187221396731,1230,Uncapped,0,1346,2015,2061
0,0.0,EB-1,2030,3.8007190549563434,74,China,96.19928094504365,1873,Uncapped,0,1947,2015,2061
1588,63.954893274265004,EB-2,2030,34.55497382198953,858,China,1.4901329037454691,37,Uncapped,0,2483,2015,2061
525,23.34370831480658,EB-3,2030,38.95064473099155,876,China,37.70564695420187,848,Uncapped,0,2249,2015,2061
36,48.64864864864865,EB-4,2030,51.35135135135135,38,China,0.0,0,Uncapped,0,74,2015,2061
0,0.0,EB-5,2030,3.527902501603592,55,China,96.47209749839641,1504,Uncapped,0,1559,2015,2061
8,0.1695633743111488,EB-1,2030,3.052140737600678,144,India,96.77829588808817,4566,Uncapped,0,4718,2015,2061
12436,68.11633893848935,EB-2,2030,29.643424439940848,5412,India,2.240236621569809,409,Uncapped,0,18257,2015,2061
700,14.83050847457627,EB-3,2030,24.258474576271187,1145,India,60.91101694915254,2875,Uncapped,0,4720,2015,2061
452,50.22222222222222,EB-4,2030,49.77777777777778,448,India,0.0,0,Uncapped,0,900,2015,2061
9,1.2838801711840229,EB-5,2030,2.9957203994293864,21,India,95.72039942938659,671,Uncapped,0,701,2015,2061
31,0.38413878562577447,EB-1,2030,4.547707558859975,367,ROW,95.06815365551425,7672,Uncapped,0,8070,2015,2061
7710,58.931437743636785,EB-2,2030,40.02904532599557,5237,ROW,1.0395169303676528,136,Uncapped,0,13083,2015,2061
4184,24.489318115305824,EB-3,2030,37.4246414983904,6394,ROW,38.08604038630378,6507,Uncapped,0,17085,2015,2061
4915,44.18771914051965,EB-4,2030,55.81228085948035,6208,ROW,0.0,0,Uncapped,0,11123,2015,2061
22,1.7727639000805804,EB-5,2030,4.915390813859791,61,ROW,93.31184528605962,1158,Uncapped,0,1241,2015,2061
0,0.0,EB-1,2031,5.172413793103448,99,China,94.82758620689656,1815,Uncapped,0,1914,2015,2061
1695,66.96957724219676,EB-2,2031,32.87238245752667,832,China,0.1580403002765705,4,Uncapped,0,2531,2015,2061
572,24.67644521138913,EB-3,2031,36.9283865401208,856,China,38.39516824849008,890,Uncapped,0,2318,2015,2061
24,51.06382978723404,EB-4,2031,48.93617021276596,23,China,0.0,0,Uncapped,0,47,2015,2061
0,0.0,EB-5,2031,4.562268803945746,74,China,95.43773119605426,1548,Uncapped,0,1622,2015,2061
11,0.23778642455685256,EB-1,2031,3.3073929961089497,153,India,96.4548205793342,4462,Uncapped,0,4626,2015,2061
12792,69.6769976578245,EB-2,2031,30.050656353831904,5517,India,0.2723459883435917,50,Uncapped,0,18359,2015,2061
739,15.804106073567151,EB-3,2031,25.021385799828916,1170,India,59.17450812660393,2767,Uncapped,0,4676,2015,2061
542,52.826510721247566,EB-4,2031,47.173489278752434,484,India,0.0,0,Uncapped,0,1026,2015,2061
12,1.6877637130801686,EB-5,2031,4.0787623066104075,29,India,94.23347398030943,670,Uncapped,0,711,2015,2061
39,0.47474132684114423,EB-1,2031,4.83262325015216,397,ROW,94.69263542300669,7779,Uncapped,0,8215,2015,2061
7743,59.46091230225772,EB-2,2031,40.34710489940102,5254,ROW,0.1919827983412686,25,Uncapped,0,13022,2015,2061
4498,26.082922586256885,EB-3,2031,37.4427370252247,6457,ROW,36.474340388518414,6290,Uncapped,0,17245,2015,2061
4812,42.819006940736784,EB-4,2031,57.180993059263216,6426,ROW,0.0,0,Uncapped,0,11238,2015,2061
18,1.4240506329113924,EB-5,2031,4.825949367088608,61,ROW,93.75,1185,Uncapped,0,1264,2015,2061
0,0.0,EB-1,2032,4.739084132055378,89,China,95.26091586794462,1789,Uncapped,0,1878,2015,2061
1692,66.61417322834644,EB-2,2032,33.38582677165354,848,China,0.0,0,Uncapped,0,2540,2015,2061
592,25.60553633217993,EB-3,2032,37.45674740484429,866,China,36.937716262975776,854,Uncapped,0,2312,2015,2061
20,39.21568627450981,EB-4,2032,60.78431372549019,31,China,0.0,0,Uncapped,0,51,2015,2061
0,0.0,EB-5,2032,4.515706806282722,69,China,95.48429319371728,1459,Uncapped,0,1528,2015,2061
15,0.3295254833040422,EB-1,2032,3.6247803163444643,165,India,96.04569420035149,4372,Uncapped,0,4552,2015,2061
12812,70.24893080381621,EB-2,2032,29.751069196183792,5426,India,0.0,0,Uncapped,0,18238,2015,2061
801,17.251776868404047,EB-3,2032,26.857635149687702,1247,India,55.89058798190825,2595,Uncapped,0,4643,2015,2061
417,46.026490066225165,EB-4,2032,53.973509933774835,489,India,0.0,0,Uncapped,0,906,2015,2061
12,1.6783216783216783,EB-5,2032,4.055944055944056,29,India,94.26573426573427,674,Uncapped,0,715,2015,2061
41,0.4993909866017053,EB-1,2032,5.420219244823386,445,ROW,94.08038976857492,7724,Uncapped,0,8210,2015,2061
7660,59.5228844510063,EB-2,2032,40.47711554899371,5209,ROW,0.0,0,Uncapped,0,12869,2015,2061
4607,26.833245966567652,EB-3,2032,38.22587221154406,6563,ROW,34.94088182188829,5999,Uncapped,0,17169,2015,2061
4990,44.68123209169054,EB-4,2032,55.318767908309454,6178,ROW,0.0,0,Uncapped,0,11168,2015,2061
24,1.812688821752266,EB-5,2032,3.8519637462235647,51,ROW,94.33534743202418,1249,Uncapped,0,1324,2015,2061
1,0.05356186395286556,EB-1,2033,5.570433851098018,104,China,94.3760042849491,1762,Uncapped,0,1867,2015,2061
1813,67.69977595220314,EB-2,2033,32.30022404779687,865,China,0.0,0,Uncapped,0,2678,2015,2061
637,28.210806023029228,EB-3,2033,39.19397697077059,885,China,32.59521700620018,736,Uncapped,0,2258,2015,2061
17,48.57142857142857,EB-4,2033,51.42857142857142,18,China,0.0,0,Uncapped,0,35,2015,2061
0,0.0,EB-5,2033,3.5924232527759634,55,China,96.40757674722403,1476,Uncapped,0,1531,2015,2061
24,0.5045196552449023,EB-1,2033,3.889005675846122,185,India,95.60647466890899,4548,Uncapped,0,4757,2015,2061
12800,70.43416056787541,EB-2,2033,29.56583943212458,5373,India,0.0,0,Uncapped,0,18173,2015,2061
932,19.88478771068914,EB-3,2033,26.648175805419243,1249,India,53.46703648389162,2506,Uncapped,0,4687,2015,2061
464,49.89247311827957,EB-4,2033,50.10752688172043,466,India,0.0,0,Uncapped,0,930,2015,2061
7,1.0115606936416186,EB-5,2033,4.046242774566474,28,India,94.94219653179191,657,Uncapped,0,692,2015,2061
48,0.583941605839416,EB-1,2033,4.9391727493917275,406,ROW,94.47688564476886,7766,Uncapped,0,8220,2015,2061
7678,59.275843433953526,EB-2,2033,40.724156566046474,5275,ROW,0.0,0,Uncapped,0,12953,2015,2061
4818,28.158971361776743,EB-3,2033,39.77206312098188,6805,ROW,32.068965517241374,5487,Uncapped,0,17110,2015,2061
4709,43.22166131252868,EB-4,2033,56.77833868747132,6186,ROW,0.0,0,Uncapped,0,10895,2015,2061
24,1.7531044558071585,EB-5,2033,4.7479912344777215,65,ROW,93.49890430971513,1280,Uncapped,0,1369,2015,2061
1,0.05282620179609086,EB-1,2034,5.969360802958267,113,China,93.97781299524564,1779,Uncapped,0,1893,2015,2061
1646,65.84,EB-2,2034,34.160000000000004,854,China,0.0,0,Uncapped,0,2500,2015,2061
694,30.385288966725042,EB-3,2034,35.63922942206655,814,China,33.97548161120841,776,Uncapped,0,2284,2015,2061
16,28.57142857142857,EB-4,2034,71.42857142857143,40,China,0.0,0,Uncapped,0,56,2015,2061
0,0.0,EB-5,2034,4.45859872611465,70,China,95.54140127388536,1500,Uncapped,0,1570,2015,2061
23,0.4824837423956367,EB-1,2034,4.573106775749947,218,India,94.94440948185442,4526,Uncapped,0,4767,2015,2061
12990,70.43704587354951,EB-2,2034,29.562954126450492,5452,India,0.0,0,Uncapped,0,18442,2015,2061
936,20.45901639344262,EB-3,2034,27.278688524590166,1248,India,52.26229508196722,2391,Uncapped,0,4575,2015,2061
495,52.436440677966104,EB-4,2034,47.563559322033896,449,India,0.0,0,Uncapped,0,944,2015,2061
17,2.4817518248175183,EB-5,2034,2.7737226277372264,19,India,94.74452554744526,649,Uncapped,0,685,2015,2061
88,1.0923535253227408,EB-1,2034,6.3306852035749746,510,ROW,92.57696127110229,7458,Uncapped,0,8056,2015,2061
7750,59.05661815133735,EB-2,2034,40.94338184866265,5373,ROW,0.0,0,Uncapped,0,13123,2015,2061
5117,29.795039012460695,EB-3,2034,39.251193664842205,6741,ROW,30.9537673226971,5316,Uncapped,0,17174,2015,2061
4927,44.531814895155456,EB-4,2034,55.46818510484454,6137,ROW,0.0,0,Uncapped,0,11064,2015,2061
26,1.9696969696969695,EB-5,2034,5.909090909090909,78,ROW,92.12121212121212,1216,Uncapped,0,1320,2015,2061
5,0.26191723415400736,EB-1,2035,7.7003666841278156,147,China,92.03771608171817,1757,Uncapped,0,1909,2015,2061
1675,65.40413900819992,EB-2,2035,34.59586099180007,886,China,0.0,0,Uncapped,0,2561,2015,2061
760,32.381763953983814,EB-3,2035,37.92074989348104,890,China,29.697486152535152,697,Uncapped,0,2347,2015,2061
24,41.37931034482759,EB-4,2035,58.620689655172406,34,China,0.0,0,Uncapped,0,58,2015,2061
0,0.0,EB-5,2035,4.15335463258786,65,China,95.84664536741214,1500,Uncapped,0,1565,2015,2061
28,0.6110868616324749,EB-1,2035,4.975993016150153,228,India,94.41292012221737,4326,Uncapped,0,4582,2015,2061
12884,69.59809853068279,EB-2,2035,30.4019014693172,5628,India,0.0,0,Uncapped,0,18512,2015,2061
1003,22.039112283014724,EB-3,2035,27.686222808174026,1260,India,50.27466490881125,2288,Uncapped,0,4551,2015,2061
466,50.984682713347915,EB-4,2035,49.01531728665208,448,India,0.0,0,Uncapped,0,914,2015,2061
14,2.0028612303290414,EB-5,2035,4.005722460658083,28,India,93.99141630901288,657,Uncapped,0,699,2015,2061
85,1.0621017118580534,EB-1,2035,6.185180557291016,495,ROW,92.75271773085093,7423,Uncapped,0,8003,2015,2061
7539,59.264208788617246,EB-2,2035,40.735791211382754,5182,ROW,0.0,0,Uncapped,0,12721,2015,2061
5315,30.733202266682085,EB-3,2035,40.66728345090783,7033,ROW,28.599514282410084,4946,Uncapped,0,17294,2015,2061
4841,42.9509360305208,EB-4,2035,57.0490639694792,6430,ROW,0.0,0,Uncapped,0,11271,2015,2061
35,2.734375,EB-5,2035,6.875000000000001,88,ROW,90.390625,1157,Uncapped,0,1280,2015,2061
9,0.4815409309791332,EB-1,2036,6.955591225254147,130,China,92.56286784376671,1730,Uncapped,0,1869,2015,2061
1770,68.73786407766991,EB-2,2036,31.2621359223301,805,China,0.0,0,Uncapped,0,2575,2015,2061
727,30.76597545493017,EB-3,2036,39.69530258146424,938,China,29.538721963605585,698,Uncapped,0,2363,2015,2061
18,40.909090909090914,EB-4,2036,59.09090909090909,26,China,0.0,0,Uncapped,0,44,2015,2061
0,0.0,EB-5,2036,4.557124518613607,71,China,95.4428754813864,1487,Uncapped,0,1558,2015,2061
28,0.599058622165169,EB-1,2036,4.000855798031664,187,India,95.40008557980316,4459,Uncapped,0,4674,2015,2061
12841,69.87158559146806,EB-2,2036,30.12841440853194,5537,India,0.0,0,Uncapped,0,18378,2015,2061
1134,23.908918406072104,EB-3,2036,29.05334176681425,1378,India,47.03773982711364,2231,Uncapped,0,4743,2015,2061
465,49.15433403805497,EB-4,2036,50.84566596194503,481,India,0.0,0,Uncapped,0,946,2015,2061
21,2.9702970297029703,EB-5,2036,2.545968882602546,18,India,94.48373408769449,668,Uncapped,0,707,2015,2061
103,1.2753838533927686,EB-1,2036,7.342743932639921,593,ROW,91.38187221396731,7380,Uncapped,0,8076,2015,2061
7828,58.870421899676614,EB-2,2036,41.129578100323386,5469,ROW,0.0,0,Uncapped,0,13297,2015,2061
5341,31.08485624490746,EB-3,2036,41.22337329763706,7083,ROW,27.691770457455476,4758,Uncapped,0,17182,2015,2061
4980,44.85678256170059,EB-4,2036,55.14321743829941,6122,ROW,0.0,0,Uncapped,0,11102,2015,2061
22,1.800327332242226,EB-5,2036,6.137479541734861,75,ROW,92.06219312602292,1125,Uncapped,0,1222,2015,2061
9,0.4955947136563877,EB-1,2037,7.433920704845814,135,China,92.07048458149781,1672,Uncapped,0,1816,2015,2061
1630,65.85858585858585,EB-2,2037,34.14141414141414,845,China,0.0,0,Uncapped,0,2475,2015,2061
751,33.069132540730955,EB-3,2037,38.221047996477324,868,China,28.70981946279172,652,Uncapped,0,2271,2015,2061
28,36.84210526315789,EB-4,2037,63.1578947368421,48,China,0.0,0,Uncapped,0,76,2015,2061
0,0.0,EB-5,2037,4.294871794871795,67,China,95.7051282051282,1493,Uncapped,0,1560,2015,2061
36,0.7687379884689303,EB-1,2037,3.95045910740978,185,India,95.28080290412129,4462,Uncapped,0,4683,2015,2061
12830,70.4441882172075,EB-2,2037,29.555811782792514,5383,India,0.0,0,Uncapped,0,18213,2015,2061
1129,24.591592245698106,EB-3,2037,28.294489218035284,1299,India,47.11391853626661,2163,Uncapped,0,4591,2015,2061
471,49.113660062565174,EB-4,2037,50.88633993743483,488,India,0.0,0,Uncapped,0,959,2015,2061
17,2.3943661971830985,EB-5,2037,2.8169014084507045,20,India,94.78873239436619,673,Uncapped,0,710,2015,2061
138,1.694915254237288,EB-1,2037,6.951608941292066,566,ROW,91.35347580447063,7438,Uncapped,0,8142,2015,2061
7682,59.91265013258462,EB-2,2037,40.08734986741538,5140,ROW,0.0,0,Uncapped,0,12822,2015,2061
5630,33.16642120765832,EB-3,2037,40.45949926362297,6868,ROW,26.374079528718703,4477,Uncapped,0,16975,2015,2061
4924,44.31644316443165,EB-4,2037,55.68355683556836,6187,ROW,0.0,0,Uncapped,0,11111,2015,2061
30,2.293577981651376,EB-5,2037,5.657492354740061,74,ROW,92.04892966360856,1204,Uncapped,0,1308,2015,2061
15,0.7708119218910586,EB-1,2038,6.269270298047276,122,China,92.95991778006166,1809,Uncapped,0,1946,2015,2061
1822,67.65688822874118,EB-2,2038,32.34311177125882,871,China,0.0,0,Uncapped,0,2693,2015,2061
777,33.53474320241692,EB-3,2038,40.09495036685369,929,China,26.37030643072939,611,Uncapped,0,2317,2015,2061
11,31.428571428571427,EB-4,2038,68.57142857142857,24,China,0.0,0,Uncapped,0,35,2015,2061
0,0.0,EB-5,2038,3.7942122186495175,59,China,96.20578778135048,1496,Uncapped,0,1555,2015,2061
36,0.7770343190157565,EB-1,2038,5.072307360241744,235,India,94.1506583207425,4362,Uncapped,0,4633,2015,2061
12818,70.63815716962417,EB-2,2038,29.36184283037584,5328,India,0.0,0,Uncapped,0,18146,2015,2061
1241,26.745689655172413,EB-3,2038,28.16810344827586,1307,India,45.08620689655172,2092,Uncapped,0,4640,2015,2061
480,50.63291139240506,EB-4,2038,49.36708860759494,468,India,0.0,0,Uncapped,0,948,2015,2061
21,2.9702970297029703,EB-5,2038,1.6973125884016973,12,India,95.33239038189534,674,Uncapped,0,707,2015,2061
176,2.1518523046827243,EB-1,2038,7.6659738354322045,627,ROW,90.18217385988507,7376,Uncapped,0,8179,2015,2061
7905,59.66037735849057,EB-2,2038,40.33962264150943,5345,ROW,0.0,0,Uncapped,0,13250,2015,2061
5858,34.143498280585185,EB-3,2038,40.52573293699365,6953,ROW,25.33076878242117,4346,Uncapped,0,17157,2015,2061
4866,43.932827735644636,EB-4,2038,56.06717226435536,6210,ROW,0.0,0,Uncapped,0,11076,2015,2061
42,3.1914893617021276,EB-5,2038,6.914893617021277,91,ROW,89.8936170212766,1183,Uncapped,0,1316,2015,2061
14,0.7522837184309511,EB-1,2039,7.469102632993015,139,China,91.77861364857604,1708,Uncapped,0,1861,2015,2061
1758,67.30474732006125,EB-2,2039,32.69525267993875,854,China,0.0,0,Uncapped,0,2612,2015,2061
776,33.44827586206897,EB-3,2039,38.060344827586206,883,China,28.49137931034483,661,Uncapped,0,2320,2015,2061
23,31.506849315068493,EB-4,2039,68.4931506849315,50,China,0.0,0,Uncapped,0,73,2015,2061
0,0.0,EB-5,2039,6.408629441624365,101,China,93.59137055837563,1475,Uncapped,0,1576,2015,2061
49,1.048576931307511,EB-1,2039,4.600898780226835,215,India,94.35052428846565,4409,Uncapped,0,4673,2015,2061
12749,70.31991174848318,EB-2,2039,29.68008825151682,5381,India,0.0,0,Uncapped,0,18130,2015,2061
1326,28.958287835772,EB-3,2039,28.172089975977286,1290,India,42.86962218825071,1963,Uncapped,0,4579,2015,2061
526,51.87376725838264,EB-4,2039,48.12623274161736,488,India,0.0,0,Uncapped,0,1014,2015,2061
14,2.1538461538461537,EB-5,2039,3.230769230769231,21,India,94.61538461538461,615,Uncapped,0,650,2015,2061
183,2.3039153972050865,EB-1,2039,8.447689789751983,671,ROW,89.24839481304294,7089,Uncapped,0,7943,2015,2061
7703,58.58685731670216,EB-2,2039,41.413142683297835,5445,ROW,0.0,0,Uncapped,0,13148,2015,2061
5687,33.33528722157092,EB-3,2039,43.23563892145369,7376,ROW,23.42907385697538,3997,Uncapped,0,17060,2015,2061
4954,44.848814050334965,EB-4,2039,55.151185949665035,6092,ROW,0.0,0,Uncapped,0,11046,2015,2061
27,2.1915584415584415,EB-5,2039,5.357142857142857,66,ROW,92.4512987012987,1139,Uncapped,0,1232,2015,2061
15,0.7792207792207793,EB-1,2040,6.909090909090909,133,China,92.31168831168831,1777,Uncapped,0,1925,2015,2061
1678,65.546875,EB-2,2040,34.453125,882,China,0.0,0,Uncapped,0,2560,2015,2061
779,33.84013900955691,EB-3,2040,41.22502172024326,949,China,24.934839270199827,574,Uncapped,0,2302,2015,2061
21,50.0,EB-4,2040,50.0,21,China,0.0,0,Uncapped,0,42,2015,2061
0,0.0,EB-5,2040,4.5602605863192185,70,China,95.43973941368078,1465,Uncapped,0,1535,2015,2061
42,0.8803185914902536,EB-1,2040,5.638230978830434,269,India,93.48145042967931,4460,Uncapped,0,4771,2015,2061
12935,70.87282888608843,EB-2,2040,29.127171113911565,5316,India,0.0,0,Uncapped,0,18251,2015,2061
1354,28.98116438356164,EB-3,2040,29.10958904109589,1360,India,41.909246575342465,1958,Uncapped,0,4672,2015,2061
481,50.052029136316335,EB-4,2040,49.94797086368366,480,India,0.0,0,Uncapped,0,961,2015,2061
16,2.2792022792022792,EB-5,2040,3.7037037037037033,26,India,94.01709401709401,660,Uncapped,0,702,2015,2061
250,3.1308703819661865,EB-1,2040,8.966812773951158,716,ROW,87.90231684408265,7019,Uncapped,0,7985,2015,2061
7772,59.98765050941649,EB-2,2040,40.01234949058352,5184,ROW,0.0,0,Uncapped,0,12956,2015,2061
5974,34.90709360757275,EB-3,2040,42.60254762183008,7291,ROW,22.490358770597172,3849,Uncapped,0,17114,2015,2061
4803,43.27806812038205,EB-4,2040,56.72193187961795,6295,ROW,0.0,0,Uncapped,0,11098,2015,2061
47,3.6462373933281613,EB-5,2040,5.973622963537626,77,ROW,90.38013964313421,1165,Uncapped,0,1289,2015,2061
0,0.0,EB-1,2009,0.0,0,China,100.0,655,Capped,0,655,2015,2061
0,0.0,EB-2,2009,2.8649921507064366,73,China,97.13500784929356,2475,Capped,0,2548,2015,2061
945,9.20424661536963,EB-3,2009,25.158274082010323,2583,China,65.63747930262005,6739,Capped,0,10267,2015,2061
0,0.0,EB-4,2009,0.0,0,China,100.0,7,Capped,0,7,2015,2061
0,0.0,EB-5,2009,0.0,0,China,100.0,324,Capped,0,324,2015,2061
0,0.0,EB-1,2009,0.0,0,India,100.0,1203,Capped,0,1203,2015,2061
0,0.0,EB-2,2009,2.3698575422713355,178,India,97.63014245772867,7333,Capped,0,7511,2015,2061
12553,32.16408732192272,EB-3,2009,26.78333504150866,10453,India,41.052577636568614,16022,Capped,0,39028,2015,2061
0,0.0,EB-4,2009,0.0,0,India,100.0,168,Capped,0,168,2015,2061
0,0.0,EB-5,2009,0.0,0,India,100.0,15,Capped,0,15,2015,2061
0,0.0,EB-1,2009,0.0,0,ROW,100.0,7808,Capped,0,7808,2015,2061
0,0.0,EB-2,2009,0.0,0,ROW,100.0,8068,Capped,0,8068,2015,2061
90,0.20841534863256372,EB-3,2009,7.530741263923304,3252,ROW,92.26084338744414,39841,Capped,0,43183,2015,2061
0,0.0,EB-4,2009,0.0,0,ROW,100.0,2705,Capped,0,2705,2015,2061
0,0.0,EB-5,2009,0.0,0,ROW,100.0,562,Capped,0,562,2015,2061
0,0.0,EB-1,2010,0.0,0,China,100.0,801,Capped,0,801,2015,2061
1,0.13003901170351106,EB-2,2010,5.981794538361508,46,China,93.88816644993499,722,Capped,0,769,2015,2061
34,17.346938775510203,EB-3,2010,32.142857142857146,63,China,50.51020408163265,99,Capped,0,196,2015,2061
0,0.0,EB-4,2010,0.0,0,China,100.0,12,Capped,0,12,2015,2061
0,0.0,EB-5,2010,0.0,0,China,100.0,293,Capped,0,293,2015,2061
0,0.0,EB-1,2010,0.0,0,India,100.0,1430,Capped,0,1430,2015,2061
9,0.12231584669747216,EB-2,2010,5.24599075835825,386,India,94.63169339494428,6963,Capped,0,7358,2015,2061
1984,65.34914361001317,EB-3,2010,34.65085638998682,1052,India,0.0,0,Capped,0,3036,2015,2061
0,0.0,EB-4,2010,0.0,0,India,100.0,161,Capped,0,161,2015,2061
0,0.0,EB-5,2010,0.0,0,India,100.0,26,Capped,0,26,2015,2061
0,0.0,EB-1,2010,0.0,0,ROW,100.0,7786,Capped,0,7786,2015,2061
0,0.0,EB-2,2010,0.03231365790607497,3,ROW,99.96768634209391,9281,Capped,0,9284,2015,2061
48,0.8390141583639223,EB-3,2010,13.896171997902465,795,ROW,85.2648138437336,4878,Capped,0,5721,2015,2061
0,0.0,EB-4,2010,0.937766410912191,33,ROW,99.06223358908781,3486,Capped,0,3519,2015,2061
0,0.0,EB-5,2010,0.0,0,ROW,100.0,645,Capped,0,645,2015,2061
0,0.0,EB-1,2011,0.0,0,China,100.0,738,Capped,0,738,2015,2061
3,0.3821656050955414,EB-2,2011,8.662420382165605,68,China,90.95541401273886,714,Capped,0,785,2015,2061
20,13.333333333333334,EB-3,2011,34.66666666666667,52,China,52.0,78,Capped,0,150,2015,2061
0,0.0,EB-4,2011,14.285714285714285,1,China,85.71428571428571,6,Capped,0,7,2015,2061
0,0.0,EB-5,2011,0.0,0,China,100.0,605,Capped,0,605,2015,2061
0,0.0,EB-1,2011,0.0,0,India,100.0,1682,Capped,0,1682,2015,2061
509,4.794197984364698,EB-2,2011,13.760949420740323,1461,India,81.44485259489498,8647,Capped,0,10617,2015,2061
2137,65.43172075933865,EB-3,2011,34.56827924066136,1129,India,0.0,0,Capped,0,3266,2015,2061
1,0.4694835680751174,EB-4,2011,3.755868544600939,8,India,95.77464788732394,204,Capped,0,213,2015,2061
0,0.0,EB-5,2011,0.0,0,India,100.0,9,Capped,0,9,2015,2061
0,0.0,EB-1,2011,0.0,0,ROW,100.0,5461,Capped,0,5461,2015,2061
0,0.0,EB-2,2011,0.5581489750355185,55,ROW,99.44185102496448,9799,Capped,0,9854,2015,2061
13,0.2961950330371383,EB-3,2011,12.030075187969924,528,ROW,87.67372977899294,3848,Capped,0,4389,2015,2061
0,0.0,EB-4,2011,4.468032584547026,181,ROW,95.53196741545298,3870,Capped,0,4051,2015,2061
0,0.0,EB-5,2011,0.0,0,ROW,100.0,421,Capped,0,421,2015,2061
0,0.0,EB-1,2012,0.0,0,China,100.0,859,Capped,0,859,2015,2061
11,1.385390428211587,EB-2,2012,12.34256926952141,98,China,86.272040302267,685,Capped,0,794,2015,2061
10,8.620689655172415,EB-3,2012,41.37931034482759,48,China,50.0,58,Capped,0,116,2015,2061
0,0.0,EB-4,2012,0.0,0,China,100.0,7,Capped,0,7,2015,2061
0,0.0,EB-5,2012,0.0,0,China,100.0,1530,Capped,0,1530,2015,2061
0,0.0,EB-1,2012,0.0,0,India,100.0,1916,Capped,0,1916,2015,2061
637,6.0276305828917485,EB-2,2012,15.310370931112793,1618,India,78.66199848599545,8313,Capped,0,10568,2015,2061
1250,64.69979296066253,EB-3,2012,35.30020703933747,682,India,0.0,0,Capped,0,1932,2015,2061
1,0.31746031746031744,EB-4,2012,7.936507936507936,25,India,91.74603174603175,289,Capped,0,315,2015,2061
0,0.0,EB-5,2012,0.0,0,India,100.0,23,Capped,0,23,2015,2061
0,0.0,EB-1,2012,0.0,0,ROW,100.0,5709,Capped,0,5709,2015,2061
0,0.0,EB-2,2012,0.3788300835654596,34,ROW,99.62116991643454,8941,Capped,0,8975,2015,2061
4,0.16515276630883566,EB-3,2012,10.734929810074318,260,ROW,89.09991742361684,2158,Capped,0,2422,2015,2061
25,0.41897100720630126,EB-4,2012,11.563599798893916,690,ROW,88.01742919389977,5252,Capped,0,5967,2015,2061
0,0.0,EB-5,2012,0.0,0,ROW,100.0,666,Capped,0,666,2015,2061
0,0.0,EB-1,2013,0.0,0,China,100.0,933,Capped,0,933,2015,2061
14,2.0319303338171264,EB-2,2013,10.88534107402032,75,China,87.08272859216255,600,Capped,0,689,2015,2061
20,18.867924528301888,EB-3,2013,34.90566037735849,37,China,46.22641509433962,49,Capped,0,106,2015,2061
0,0.0,EB-4,2013,5.454545454545454,3,China,94.54545454545455,52,Capped,0,55,2015,2061
0,0.0,EB-5,2013,0.0,0,China,100.0,1574,Capped,0,1574,2015,2061
0,0.0,EB-1,2013,0.0,0,India,100.0,2535,Capped,0,2535,2015,2061
1275,12.63877874702617,EB-2,2013,16.247026169706583,1639,India,71.11419508326725,7174,Capped,0,10088,2015,2061
1018,64.79949077021006,EB-3,2013,35.200509229789944,553,India,0.0,0,Capped,0,1571,2015,2061
18,2.3529411764705883,EB-4,2013,12.679738562091503,97,India,84.9673202614379,650,Capped,0,765,2015,2061
0,0.0,EB-5,2013,0.0,0,India,100.0,32,Capped,0,32,2015,2061
0,0.0,EB-1,2013,0.0,0,ROW,100.0,6134,Capped,0,6134,2015,2061
0,0.0,EB-2,2013,0.0,0,ROW,100.0,7696,Capped,0,7696,2015,2061
0,0.0,EB-3,2013,7.639208467556374,166,ROW,92.36079153244363,2007,Capped,0,2173,2015,2061
333,3.006229123408865,EB-4,2013,20.158887785501488,2233,ROW,76.83488309108965,8511,Capped,0,11077,2015,2061
0,0.0,EB-5,2013,0.0,0,ROW,100.0,608,Capped,0,608,2015,2061
0,0.0,EB-1,2014,0.08818342151675485,1,China,99.91181657848325,1133,Capped,0,1134,2015,2061
18,2.1226415094339623,EB-2,2014,13.089622641509436,111,China,84.7877358490566,719,Capped,0,848,2015,2061
143,11.996644295302012,EB-3,2014,31.62751677852349,377,China,56.375838926174495,672,Capped,0,1192,2015,2061
0,0.0,EB-4,2014,12.903225806451612,4,China,87.09677419354838,27,Capped,0,31,2015,2061
0,0.0,EB-5,2014,0.386286817962337,8,China,99.61371318203767,2063,Capped,0,2071,2015,2061
0,0.0,EB-1,2014,0.029248318221702253,1,India,99.9707516817783,3418,Capped,0,3419,2015,2061
6776,57.37996443390634,EB-2,2014,27.72461681768143,3274,India,14.89541874841223,1759,Capped,0,11809,2015,2061
1187,66.38702460850112,EB-3,2014,33.612975391498885,601,India,0.0,0,Capped,0,1788,2015,2061
25,4.385964912280701,EB-4,2014,17.894736842105264,102,India,77.71929824561403,443,Capped,0,570,2015,2061
0,0.0,EB-5,2014,0.0,0,India,100.0,83,Capped,0,83,2015,2061
0,0.0,EB-1,2014,0.0,0,ROW,100.0,6186,Capped,0,6186,2015,2061
0,0.0,EB-2,2014,0.08722197993894462,8,ROW,99.91277802006105,9164,Capped,0,9172,2015,2061
0,0.0,EB-3,2014,4.092526690391459,115,ROW,95.90747330960853,2695,Capped,0,2810,2015,2061
643,7.079938339572782,EB-4,2014,28.47390442633781,2586,ROW,64.44615723408941,5853,Capped,0,9082,2015,2061
0,0.0,EB-5,2014,0.0,0,ROW,100.0,850,Capped,0,850,2015,2061
0,0.0,EB-1,2015,0.37678975131876413,5,China,99.62321024868123,1322,Capped,0,1327,2015,2061
28,2.7695351137487636,EB-2,2015,16.023738872403563,162,China,81.20672601384767,821,Capped,0,1011,2015,2061
38,8.695652173913043,EB-3,2015,27.23112128146453,119,China,64.07322654462243,280,Capped,0,437,2015,2061
0,0.0,EB-4,2015,0.0,0,China,100.0,52,Capped,0,52,2015,2061
0,0.0,EB-5,2015,1.205164992826399,42,China,98.7948350071736,3443,Capped,0,3485,2015,2061
0,0.0,EB-1,2015,0.6182380216383307,20,India,99.38176197836167,3215,Capped,0,3235,2015,2061
10359,69.93181664753932,EB-2,2015,30.068183352460675,4454,India,0.0,0,Capped,0,14813,2015,2061
1854,66.00213599145603,EB-3,2015,33.997864008543964,955,India,0.0,0,Capped,0,2809,2015,2061
83,8.54788877445932,EB-4,2015,22.657054582904223,220,India,68.79505664263645,668,Capped,0,971,2015,2061
0,0.0,EB-5,2015,0.0,0,India,100.0,253,Capped,0,253,2015,2061
0,0.0,EB-1,2015,0.0,0,ROW,100.0,7440,Capped,0,7440,2015,2061
0,0.0,EB-2,2015,0.3841876453341421,38,ROW,99.61581235466585,9853,Capped,0,9891,2015,2061
0,0.0,EB-3,2015,3.5111411208642807,156,ROW,96.48885887913572,4287,Capped,0,4443,2015,2061
1242,9.502677888293801,EB-4,2015,31.361897475133894,4099,ROW,59.135424636572296,7729,Capped,0,13070,2015,2061
0,0.0,EB-5,2015,0.0,0,ROW,100.0,1495,Capped,0,1495,2015,2061
0,0.0,EB-1,2016,1.4363885088919288,21,China,98.56361149110808,1441,Capped,0,1462,2015,2061
65,4.039776258545681,EB-2,2016,13.983840894965818,225,China,81.9763828464885,1319,Capped,0,1609,2015,2061
130,11.627906976744185,EB-3,2016,29.5169946332737,330,China,58.85509838998211,658,Capped,0,1118,2015,2061
0,0.0,EB-4,2016,0.0,0,China,100.0,49,Capped,0,49,2015,2061
0,0.0,EB-5,2016,4.283755997258396,125,China,95.7162440027416,2793,Capped,0,2918,2015,2061
0,0.0,EB-1,2016,0.5660841742554762,23,India,99.43391582574452,4040,Capped,0,4063,2015,2061
15707,70.71402845308842,EB-2,2016,29.285971546911576,6505,India,0.0,0,Capped,0,22212,2015,2061
3065,66.17012089810017,EB-3,2016,33.82987910189983,1567,India,0.0,0,Capped,0,4632,2015,2061
80,10.050251256281408,EB-4,2016,23.241206030150753,185,India,66.70854271356784,531,Capped,0,796,2015,2061
0,0.0,EB-5,2016,0.9933774834437087,3,India,99.00662251655629,299,Capped,0,302,2015,2061
0,0.0,EB-1,2016,0.22085889570552147,18,ROW,99.77914110429448,8132,Capped,0,8150,2015,2061
0,0.0,EB-2,2016,1.1235955056179776,138,ROW,98.87640449438202,12144,Capped,0,12282,2015,2061
0,0.0,EB-3,2016,2.1954922340301297,188,ROW,97.80450776596987,8375,Capped,0,8563,2015,2061
1684,14.137004701141706,EB-4,2016,37.055070517125586,4414,ROW,48.80792478173271,5814,Capped,0,11912,2015,2061
0,0.0,EB-5,2016,0.0,0,ROW,100.0,1368,Capped,0,1368,2015,2061
0,0.0,EB-1,2017,1.955671447196871,30,China,98.04432855280312,1504,Capped,0,1534,2015,2061
143,11.313291139240507,EB-2,2017,18.43354430379747,233,China,70.25316455696202,888,Capped,0,1264,2015,2061
194,12.771560236998026,EB-3,2017,31.336405529953915,476,China,55.89203423304806,849,Capped,0,1519,2015,2061
0,0.0,EB-4,2017,0.0,0,China,100.0,49,Capped,0,49,2015,2061
43,0.9903270382312299,EB-5,2017,6.58682634730539,286,China,92.42284661446338,4013,Capped,0,4342,2015,2061
1,0.02253267237494367,EB-1,2017,1.8702118071203244,83,India,98.10725552050474,4354,Capped,0,4438,2015,2061
13651,69.92265532961123,EB-2,2017,30.077344670388772,5872,India,0.0,0,Capped,0,19523,2015,2061
2673,64.65892597968069,EB-3,2017,35.341074020319304,1461,India,0.0,0,Capped,0,4134,2015,2061
51,12.142857142857142,EB-4,2017,29.28571428571429,123,India,58.57142857142858,246,Capped,0,420,2015,2061
0,0.0,EB-5,2017,1.1146496815286624,7,India,98.88535031847134,621,Capped,0,628,2015,2061
0,0.0,EB-1,2017,0.6176369667162301,54,ROW,99.38236303328377,8689,Capped,0,8743,2015,2061
0,0.0,EB-2,2017,1.5826494724501756,162,ROW,98.41735052754983,10074,Capped,0,10236,2015,2061
0,0.0,EB-3,2017,3.033785336704206,264,ROW,96.96621466329579,8438,Capped,0,8702,2015,2061
1469,18.100049285362246,EB-4,2017,41.732380482996554,3387,ROW,40.1675702316412,3260,Capped,0,8116,2015,2061
0,0.0,EB-5,2017,0.0,0,ROW,100.0,2143,Capped,0,2143,2015,2061
0,0.0,EB-1,2018,2.9039463886820553,39,China,97.09605361131794,1304,Capped,0,1343,2015,2061
216,13.714285714285715,EB-2,2018,23.61904761904762,372,China,62.66666666666667,987,Capped,0,1575,2015,2061
225,15.957446808510639,EB-3,2018,30.70921985815603,433,China,53.333333333333336,752,Capped,0,1410,2015,2061
0,0.0,EB-4,2018,0.0,0,China,100.0,34,Capped,0,34,2015,2061
379,7.6923076923076925,EB-5,2018,9.417495433326568,464,China,82.89019687436574,4084,Capped,0,4927,2015,2061
1,0.02487562189054726,EB-1,2018,2.164179104477612,87,India,97.81094527363184,3932,Capped,0,4020,2015,2061
12902,69.89923068588146,EB-2,2018,30.10076931411854,5556,India,0.0,0,Capped,0,18458,2015,2061
2393,64.55354734286485,EB-3,2018,35.446452657135154,1314,India,0.0,0,Capped,0,3707,2015,2061
54,13.917525773195877,EB-4,2018,22.68041237113402,88,India,63.4020618556701,246,Capped,0,388,2015,2061
6,0.7662835249042145,EB-5,2018,1.1494252873563218,9,India,98.08429118773945,768,Capped,0,783,2015,2061
0,0.0,EB-1,2018,0.8271298593879239,60,ROW,99.17287014061208,7194,Capped,0,7254,2015,2061
0,0.0,EB-2,2018,2.0310861066081816,213,ROW,97.96891389339181,10274,Capped,0,10487,2015,2061
0,0.0,EB-3,2018,3.4863451481696686,360,ROW,96.51365485183034,9966,Capped,0,10326,2015,2061
1248,19.681438258949694,EB-4,2018,43.96782841823057,2788,ROW,36.35073332281974,2305,Capped,0,6341,2015,2061
0,0.0,EB-5,2018,0.0,0,ROW,100.0,2646,Capped,0,2646,2015,2061
0,0.0,EB-1,2019,2.8810408921933086,31,China,97.11895910780669,1045,Capped,0,1076,2015,2061
550,24.487978628673197,EB-2,2019,23.909171861086374,537,China,51.602849510240425,1159,Capped,0,2246,2015,2061
194,16.30252100840336,EB-3,2019,35.21008403361345,419,China,48.48739495798319,577,Capped,0,1190,2015,2061
0,0.0,EB-4,2019,0.0,0,China,100.0,47,Capped,0,47,2015,2061
170,13.239875389408098,EB-5,2019,10.43613707165109,134,China,76.32398753894081,980,Capped,0,1284,2015,2061
0,0.0,EB-1,2019,1.5261044176706828,57,India,98.47389558232932,3678,Capped,0,3735,2015,2061
14362,70.64784298293078,EB-2,2019,29.352157017069214,5967,India,0.0,0,Capped,0,20329,2015,2061
3433,65.36557501904036,EB-3,2019,34.634424980959636,1819,India,0.0,0,Capped,0,5252,2015,2061
78,15.145631067961165,EB-4,2019,25.04854368932039,129,India,59.80582524271845,308,Capped,0,515,2015,2061
4,1.2618296529968454,EB-5,2019,1.5772870662460567,5,India,97.16088328075709,308,Capped,0,317,2015,2061
0,0.0,EB-1,2019,0.6091193873999303,35,ROW,99.39088061260007,5711,Capped,0,5746,2015,2061
0,0.0,EB-2,2019,3.058974830056954,333,ROW,96.94102516994305,10553,Capped,0,10886,2015,2061
0,0.0,EB-3,2019,5.213077423552375,641,ROW,94.78692257644764,11655,Capped,0,12296,2015,2061
1905,22.0946416144746,EB-4,2019,45.175133379726276,3895,ROW,32.73022500579912,2822,Capped,0,8622,2015,2061
0,0.0,EB-5,2019,0.0,0,ROW,100.0,788,Capped,0,788,2015,2061
0,0.0,EB-1,2020,2.2388059701492535,21,China,97.76119402985076,917,Capped,0,938,2015,2061
771,35.237659963436926,EB-2,2020,29.52468007312614,646,China,35.237659963436926,771,Capped,0,2188,2015,2061
240,16.62049861495845,EB-3,2020,33.58725761772853,485,China,49.792243767313025,719,Capped,0,1444,2015,2061
0,0.0,EB-4,2020,0.0,0,China,100.0,40,Capped,0,40,2015,2061
84,9.427609427609427,EB-5,2020,7.295173961840629,65,China,83.27721661054994,742,Capped,0,891,2015,2061
0,0.0,EB-1,2020,1.669195751138088,55,India,98.33080424886191,3240,Capped,0,3295,2015,2061
11577,70.32987060324403,EB-2,2020,29.670129396755968,4884,India,0.0,0,Capped,0,16461,2015,2061
2654,65.77447335811648,EB-3,2020,34.22552664188352,1381,India,0.0,0,Capped,0,4035,2015,2061
104,17.687074829931973,EB-4,2020,30.272108843537417,178,India,52.04081632653062,306,Capped,0,588,2015,2061
6,2.857142857142857,EB-5,2020,3.3333333333333335,7,India,93.80952380952381,197,Capped,0,210,2015,2061
0,0.0,EB-1,2020,0.0,0,ROW,100.0,5427,Capped,0,5427,2015,2061
3,0.03080082135523614,EB-2,2020,3.9835728952772076,388,ROW,95.98562628336755,9349,Capped,0,9740,2015,2061
0,0.0,EB-3,2020,6.312087912087912,718,ROW,93.68791208791208,10657,Capped,0,11375,2015,2061
2242,26.956835397378864,EB-4,2020,48.394853913670794,4025,ROW,24.648310688950342,2050,Capped,0,8317,2015,2061
0,0.0,EB-5,2020,0.0,0,ROW,100.0,589,Capped,0,589,2015,2061
0,0.0,EB-1,2021,2.66798418972332,27,China,97.33201581027669,985,Capped,0,1012,2015,2061
943,45.53355866731047,EB-2,2021,31.43408981168518,651,China,23.032351521004347,477,Capped,0,2071,2015,2061
726,22.24946368372663,EB-3,2021,38.522831749923384,1257,China,39.227704566349985,1280,Capped,0,3263,2015,2061
0,0.0,EB-4,2021,0.0,0,China,100.0,12,Capped,0,12,2015,2061
56,6.9306930693069315,EB-5,2021,10.024752475247526,81,China,83.04455445544554,671,Capped,0,808,2015,2061
0,0.0,EB-1,2021,1.1140583554376657,42,India,98.88594164456234,3728,Capped,0,3770,2015,2061
12616,70.54744729631494,EB-2,2021,29.452552703685065,5267,India,0.0,0,Capped,0,17883,2015,2061
14386,65.17464775970643,EB-3,2021,34.82535224029357,7687,India,0.0,0,Capped,0,22073,2015,2061
60,15.789473684210526,EB-4,2021,35.26315789473684,134,India,48.94736842105264,186,Capped,0,380,2015,2061
3,1.3513513513513513,EB-5,2021,3.6036036036036037,8,India,95.04504504504504,211,Capped,0,222,2015,2061
0,0.0,EB-1,2021,0.0,0,ROW,100.0,5100,Capped,0,5100,2015,2061
5,0.04832785617630002,EB-2,2021,3.8952252078097813,403,ROW,96.05644693601391,9938,Capped,0,10346,2015,2061
0,0.0,EB-3,2021,5.537459283387622,646,ROW,94.46254071661238,11020,Capped,0,11666,2015,2061
3042,30.55750878955299,EB-4,2021,50.66800602712205,5044,ROW,18.774485183324963,1869,Capped,0,9955,2015,2061
0,0.0,EB-5,2021,0.37243947858473,2,ROW,99.62756052141528,535,Capped,0,537,2015,2061
0,0.0,EB-1,2022,2.3014105419450632,31,China,97.69858945805494,1316,Capped,0,1347,2015,2061
1168,56.31629701060752,EB-2,2022,32.44937319189971,673,China,11.234329797492768,233,Capped,0,2074,2015,2061
371,28.53846153846154,EB-3,2022,36.69230769230769,477,China,34.76923076923077,452,Capped,0,1300,2015,2061
0,0.0,EB-4,2022,0.0,0,China,100.0,31,Capped,0,31,2015,2061
6,3.79746835443038,EB-5,2022,4.430379746835443,7,China,91.77215189873418,145,Capped,0,158,2015,2061
0,0.0,EB-1,2022,1.3553870893636573,59,India,98.64461291063634,4294,Capped,0,4353,2015,2061
14837,70.35087719298245,EB-2,2022,29.64912280701754,6253,India,0.0,0,Capped,0,21090,2015,2061
4936,64.0872500649182,EB-3,2022,35.91274993508179,2766,India,0.0,0,Capped,0,7702,2015,2061
224,20.23486901535682,EB-4,2022,32.15898825654923,356,India,47.60614272809395,527,Capped,0,1107,2015,2061
3,5.769230769230769,EB-5,2022,9.615384615384617,5,India,84.61538461538461,44,Capped,0,52,2015,2061
0,0.0,EB-1,2022,0.0,0,ROW,100.0,6116,Capped,0,6116,2015,2061
10,0.07850525985241011,EB-2,2022,3.7132987910189987,473,ROW,96.2081959491286,12255,Capped,0,12738,2015,2061
0,0.0,EB-3,2022,5.72108843537415,841,ROW,94.27891156462586,13859,Capped,0,14700,2015,2061
5308,33.02432651029677,EB-4,2022,53.77963043613513,8644,ROW,13.196043053568097,2121,Capped,0,16073,2015,2061
0,0.0,EB-5,2022,0.0,0,ROW,100.0,146,Capped,0,146,2015,2061
0,0.0,EB-1,2023,3.2951945080091534,72,China,96.70480549199084,2113,Capped,0,2185,2015,2061
1735,65.07876969242311,EB-2,2023,33.758439609902474,900,China,1.1627906976744187,31,Capped,0,2666,2015,2061
291,27.323943661971832,EB-3,2023,39.436619718309856,420,China,33.23943661971831,354,Capped,0,1065,2015,2061
0,0.0,EB-4,2023,0.0,0,China,100.0,14,Capped,0,14,2015,2061
0,0.0,EB-5,2023,5.9405940594059405,42,China,94.05940594059405,665,Capped,0,707,2015,2061
2,0.033846674564224064,EB-1,2023,2.132340497546116,126,India,97.83381282788966,5781,Capped,0,5909,2015,2061
13009,70.39502164502164,EB-2,2023,29.604978354978357,5471,India,0.0,0,Capped,0,18480,2015,2061
3979,66.16228799467908,EB-3,2023,33.83771200532092,2035,India,0.0,0,Capped,0,6014,2015,2061
274,26.14503816793893,EB-4,2023,36.54580152671756,383,India,37.30916030534351,391,Capped,0,1048,2015,2061
3,1.098901098901099,EB-5,2023,2.93040293040293,8,India,95.97069597069597,262,Capped,0,273,2015,2061
0,0.0,EB-1,2023,0.0,0,ROW,100.0,8248,Capped,0,8248,2015,2061
19,0.11672195601425236,EB-2,2023,4.300282589998771,700,ROW,95.58299545398697,15559,Capped,0,16278,2015,2061
13,0.06952615252968232,EB-3,2023,9.418119584982351,1761,ROW,90.51235426248797,16924,Capped,0,18698,2015,2061
3997,37.47773089545242,EB-4,2023,53.38959212376933,5694,ROW,9.132676980778246,974,Capped,0,10665,2015,2061
0,0.0,EB-5,2023,0.0,0,ROW,100.0,481,Capped,0,481,2015,2061
0,0.0,EB-1,2024,5.543237250554324,100,China,94.45676274944567,1704,Capped,0,1804,2015,2061
1577,65.4356846473029,EB-2,2024,34.56431535269709,833,China,0.0,0,Capped,0,2410,2015,2061
708,30.649350649350648,EB-3,2024,38.00865800865801,878,China,31.341991341991342,724,Capped,0,2310,2015,2061
0,0.0,EB-4,2024,0.0,0,China,100.0,59,Capped,0,59,2015,2061
0,0.0,EB-5,2024,5.832793259883344,90,China,94.16720674011665,1453,Capped,0,1543,2015,2061
12,0.25817555938037867,EB-1,2024,3.141135972461274,146,India,96.60068846815835,4490,Capped,0,4648,2015,2061
12774,70.23312073894876,EB-2,2024,29.766879261051244,5414,India,0.0,0,Capped,0,18188,2015,2061
3029,64.58422174840085,EB-3,2024,35.41577825159914,1661,India,0.0,0,Capped,0,4690,2015,2061
305,31.870428422152557,EB-4,2024,34.79623824451411,333,India,33.33333333333333,319,Capped,0,957,2015,2061
20,2.7472527472527473,EB-5,2024,3.296703296703297,24,India,93.95604395604396,684,Capped,0,728,2015,2061
0,0.0,EB-1,2024,0.0,0,ROW,100.0,8192,Capped,0,8192,2015,2061
25,0.19349845201238391,EB-2,2024,5.657894736842105,731,ROW,94.14860681114551,12164,Capped,0,12920,2015,2061
81,0.4696741273338745,EB-3,2024,11.602690478951642,2001,ROW,87.92763539371448,15164,Capped,0,17246,2015,2061
4602,41.25874125874126,EB-4,2024,56.078536847767616,6255,ROW,2.6627218934911245,297,Capped,0,11154,2015,2061
0,0.0,EB-5,2024,0.0,0,ROW,100.0,1296,Capped,0,1296,2015,2061
0,0.0,EB-1,2025,7.016632016632017,135,China,92.98336798336798,1789,Capped,0,1924,2015,2061
1755,67.26715216558068,EB-2,2025,32.73284783441932,854,China,0.0,0,Capped,0,2609,2015,2061
791,34.42123585726719,EB-3,2025,42.42819843342037,975,China,23.150565709312446,532,Capped,0,2298,2015,2061
0,0.0,EB-4,2025,0.0,0,China,100.0,53,Capped,0,53,2015,2061
0,0.0,EB-5,2025,5.2037617554858935,83,China,94.79623824451411,1512,Capped,0,1595,2015,2061
17,0.35490605427974947,EB-1,2025,3.507306889352818,168,India,96.13778705636743,4605,Capped,0,4790,2015,2061
12967,70.64175201568969,EB-2,2025,29.35824798431031,5389,India,0.0,0,Capped,0,18356,2015,2061
3039,65.49568965517241,EB-3,2025,34.50431034482759,1601,India,0.0,0,Capped,0,4640,2015,2061
281,30.98125689084895,EB-4,2025,43.880926130099226,398,India,25.13781697905182,228,Capped,0,907,2015,2061
12,1.8209408194233687,EB-5,2025,4.09711684370258,27,India,94.08194233687405,620,Capped,0,659,2015,2061
0,0.0,EB-1,2025,0.0,0,ROW,100.0,8091,Capped,0,8091,2015,2061
28,0.21767861307626524,EB-2,2025,6.297131306849102,810,ROW,93.48519008007463,12025,Capped,0,12863,2015,2061
130,0.7519231881543177,EB-3,2025,14.327028746601886,2477,ROW,84.9210480652438,14682,Capped,0,17289,2015,2061
4778,43.341799709724235,EB-4,2025,56.658200290275765,6246,ROW,0.0,0,Capped,0,11024,2015,2061
0,0.0,EB-5,2025,0.0,0,ROW,100.0,1274,Capped,0,1274,2015,2061
13,0.717439293598234,EB-1,2026,7.339955849889625,133,China,91.94260485651215,1666,Capped,0,1812,2015,2061
1706,67.40418806795732,EB-2,2026,32.59581193204267,825,China,0.0,0,Capped,0,2531,2015,2061
829,36.47162340519138,EB-3,2026,43.026836779586446,978,China,20.501539815222174,466,Capped,0,2273,2015,2061
0,0.0,EB-4,2026,0.0,0,China,100.0,57,Capped,0,57,2015,2061
4,0.25940337224383914,EB-5,2026,5.836575875486381,90,China,93.90402075226977,1448,Capped,0,1542,2015,2061
38,0.7951454279137895,EB-1,2026,5.168445281439632,247,India,94.03640929064659,4494,Capped,0,4779,2015,2061
13087,70.97456478117034,EB-2,2026,29.025435218829653,5352,India,0.0,0,Capped,0,18439,2015,2061
2985,65.23164335664336,EB-3,2026,34.76835664335665,1591,India,0.0,0,Capped,0,4576,2015,2061
305,34.89702517162471,EB-4,2026,40.045766590389015,350,India,25.057208237986274,219,Capped,0,874,2015,2061
18,2.674591381872214,EB-5,2026,4.606240713224369,31,India,92.71916790490341,624,Capped,0,673,2015,2061
0,0.0,EB-1,2026,0.0,0,ROW,100.0,8211,Capped,0,8211,2015,2061
25,0.19293100787158513,EB-2,2026,6.443895662910943,835,ROW,93.36317332921747,12098,Capped,0,12958,2015,2061
180,1.049317943336831,EB-3,2026,16.84738253468579,2890,ROW,82.10329952197738,14084,Capped,0,17154,2015,2061
4865,43.820933165195456,EB-4,2026,56.17906683480454,6237,ROW,0.0,0,Capped,0,11102,2015,2061
0,0.0,EB-5,2026,0.0,0,ROW,100.0,1316,Capped,0,1316,2015,2061
20,1.0660980810234542,EB-1,2027,8.635394456289978,162,China,90.29850746268657,1694,Capped,0,1876,2015,2061
1823,67.89571694599627,EB-2,2027,32.10428305400372,862,China,0.0,0,Capped,0,2685,2015,2061
945,39.5066889632107,EB-3,2027,44.18896321070234,1057,China,16.304347826086957,390,Capped,0,2392,2015,2061
0,0.0,EB-4,2027,0.0,0,China,100.0,61,Capped,0,61,2015,2061
10,0.6657789613848202,EB-5,2027,6.857523302263649,103,China,92.47669773635153,1389,Capped,0,1502,2015,2061
54,1.1404435058078142,EB-1,2027,6.103484688489969,289,India,92.75607180570222,4392,Capped,0,4735,2015,2061
13020,70.22274958200744,EB-2,2027,29.77725041799256,5521,India,0.0,0,Capped,0,18541,2015,2061
3103,64.79432031739402,EB-3,2027,35.205679682605975,1686,India,0.0,0,Capped,0,4789,2015,2061
330,34.59119496855346,EB-4,2027,47.693920335429766,455,India,17.71488469601677,169,Capped,0,954,2015,2061
23,3.3045977011494254,EB-5,2027,3.5919540229885056,25,India,93.10344827586206,648,Capped,0,696,2015,2061
0,0.0,EB-1,2027,0.0,0,ROW,100.0,8108,Capped,0,8108,2015,2061
37,0.28573635029732025,EB-2,2027,6.988956676191211,905,ROW,92.72530697351147,12007,Capped,0,12949,2015,2061
323,1.9094348545755497,EB-3,2027,17.85883187514779,3021,ROW,80.23173327027666,13572,Capped,0,16916,2015,2061
4813,43.61576801087449,EB-4,2027,56.38423198912551,6222,ROW,0.0,0,Capped,0,11035,2015,2061
0,0.0,EB-5,2027,0.0,0,ROW,100.0,1257,Capped,0,1257,2015,2061
69,3.689839572192513,EB-1,2028,7.807486631016043,146,China,88.50267379679144,1655,Capped,0,1870,2015,2061
1623,67.4283340257582,EB-2,2028,32.571665974241796,784,China,0.0,0,Capped,0,2407,2015,2061
1077,44.96868475991649,EB-3,2028,41.962421711899786,1005,China,13.068893528183716,313,Capped,0,2395,2015,2061
0,0.0,EB-4,2028,0.0,0,China,100.0,82,Capped,0,82,2015,2061
17,1.1003236245954693,EB-5,2028,6.407766990291262,99,China,92.49190938511327,1429,Capped,0,1545,2015,2061
82,1.7347154643537126,EB-1,2028,5.902263592130315,279,India,92.36302094351598,4366,Capped,0,4727,2015,2061
12833,71.10877154097633,EB-2,2028,28.89122845902366,5214,India,0.0,0,Capped,0,18047,2015,2061
3112,67.06896551724138,EB-3,2028,32.93103448275862,1528,India,0.0,0,Capped,0,4640,2015,2061
335,34.932221063607926,EB-4,2028,47.75808133472367,458,India,17.309697601668404,166,Capped,0,959,2015,2061
20,2.73972602739726,EB-5,2028,5.342465753424658,39,India,91.91780821917808,671,Capped,0,730,2015,2061
0,0.0,EB-1,2028,0.0,0,ROW,100.0,8186,Capped,0,8186,2015,2061
37,0.293278376664553,EB-2,2028,6.7374762206721615,850,ROW,92.96924540266328,11729,Capped,0,12616,2015,2061
423,2.473684210526316,EB-3,2028,20.13450292397661,3443,ROW,77.39181286549707,13234,Capped,0,17100,2015,2061
4811,43.35015318075329,EB-4,2028,56.649846819246704,6287,ROW,0.0,0,Capped,0,11098,2015,2061
0,0.0,EB-5,2028,0.0,0,ROW,100.0,1305,Capped,0,1305,2015,2061
101,5.119107957425241,EB-1,2029,9.63000506842372,190,China,85.25088697415104,1682,Capped,0,1973,2015,2061
1643,65.82532051282051,EB-2,2029,34.17467948717949,853,China,0.0,0,Capped,0,2496,2015,2061
1144,47.44919120696806,EB-3,2029,44.75321443384488,1079,China,7.797594359187059,188,Capped,0,2411,2015,2061
0,0.0,EB-4,2029,0.0,0,China,100.0,69,Capped,0,69,2015,2061
28,1.8336607727570402,EB-5,2029,7.007203667321546,107,China,91.15913555992141,1392,Capped,0,1527,2015,2061
168,3.677758318739054,EB-1,2029,6.523642732049037,298,India,89.79859894921191,4102,Capped,0,4568,2015,2061
13041,70.65229168924044,EB-2,2029,29.34770831075956,5417,India,0.0,0,Capped,0,18458,2015,2061
3070,65.69655467579713,EB-3,2029,34.30344532420287,1603,India,0.0,0,Capped,0,4673,2015,2061
405,41.66666666666667,EB-4,2029,42.28395061728395,411,India,16.049382716049383,156,Capped,0,972,2015,2061
25,3.8520801232665636,EB-5,2029,4.930662557781202,32,India,91.21725731895224,592,Capped,0,649,2015,2061
0,0.0,EB-1,2029,0.0,0,ROW,100.0,8136,Capped,0,8136,2015,2061
40,0.310896937665164,EB-2,2029,7.889009793253536,1015,ROW,91.8000932690813,11811,Capped,0,12866,2015,2061
586,3.361826630715392,EB-3,2029,20.985600367161954,3658,ROW,75.65257300212267,13187,Capped,0,17431,2015,2061
4938,45.07942304181121,EB-4,2029,54.920576958188796,6016,ROW,0.0,0,Capped,0,10954,2015,2061
0,0.0,EB-5,2029,0.0,0,ROW,100.0,1346,Capped,0,1346,2015,2061
134,6.882383153569595,EB-1,2030,11.813045711350796,230,China,81.30457113507961,1583,Capped,0,1947,2015,2061
1638,65.96858638743456,EB-2,2030,34.031413612565444,845,China,0.0,0,Capped,0,2483,2015,2061
1097,48.77723432636728,EB-3,2030,44.9977767896843,1012,China,6.224988883948422,140,Capped,0,2249,2015,2061
0,0.0,EB-4,2030,0.0,0,China,100.0,74,Capped,0,74,2015,2061
26,1.6677357280307887,EB-5,2030,5.708787684413085,89,China,92.62347658755613,1444,Capped,0,1559,2015,2061
213,4.514624841034336,EB-1,2030,7.545570156846121,356,India,87.93980500211954,4149,Capped,0,4718,2015,2061
12834,70.29632469737635,EB-2,2030,29.70367530262365,5423,India,0.0,0,Capped,0,18257,2015,2061
3109,65.86864406779661,EB-3,2030,34.13135593220339,1611,India,0.0,0,Capped,0,4720,2015,2061
374,41.55555555555556,EB-4,2030,46.33333333333333,417,India,12.11111111111111,109,Capped,0,900,2015,2061
27,3.851640513552068,EB-5,2030,5.706134094151213,40,India,90.44222539229672,634,Capped,0,701,2015,2061
0,0.0,EB-1,2030,0.0,0,ROW,100.0,8070,Capped,0,8070,2015,2061
54,0.41274936941068563,EB-2,2030,9.065199113353206,1186,ROW,90.52205151723611,11843,Capped,0,13083,2015,2061
705,4.1264266900790165,EB-3,2030,22.66900790166813,3873,ROW,73.20456540825285,12507,Capped,0,17085,2015,2061
5027,45.19464173334532,EB-4,2030,54.80535826665468,6096,ROW,0.0,0,Capped,0,11123,2015,2061
0,0.0,EB-5,2030,0.0,0,ROW,100.0,1241,Capped,0,1241,2015,2061
183,9.561128526645767,EB-1,2031,11.598746081504702,222,China,78.84012539184953,1509,Capped,0,1914,2015,2061
1707,67.44369814302648,EB-2,2031,32.556301856973526,824,China,0.0,0,Capped,0,2531,2015,2061
1168,50.38826574633305,EB-3,2031,45.858498705780846,1063,China,3.7532355478861086,87,Capped,0,2318,2015,2061
0,0.0,EB-4,2031,0.0,0,China,100.0,47,Capped,0,47,2015,2061
37,2.281134401972873,EB-5,2031,5.6720098643649814,92,China,92.04685573366214,1493,Capped,0,1622,2015,2061
257,5.555555555555555,EB-1,2031,8.495460440985733,393,India,85.94898400345872,3976,Capped,0,4626,2015,2061
12850,69.99291900430306,EB-2,2031,30.00708099569693,5509,India,0.0,0,Capped,0,18359,2015,2061
3045,65.11976047904191,EB-3,2031,34.880239520958085,1631,India,0.0,0,Capped,0,4676,2015,2061
448,43.66471734892787,EB-4,2031,43.95711500974659,451,India,12.378167641325536,127,Capped,0,1026,2015,2061
24,3.375527426160337,EB-5,2031,4.0787623066104075,29,India,92.54571026722925,658,Capped,0,711,2015,2061
0,0.0,EB-1,2031,0.0,0,ROW,100.0,8215,Capped,0,8215,2015,2061
64,0.4914759637536477,EB-2,2031,8.616187989556137,1122,ROW,90.89233604669022,11836,Capped,0,13022,2015,2061
893,5.1783125543635835,EB-3,2031,23.93157436938243,4127,ROW,70.890113076254,12225,Capped,0,17245,2015,2061
4838,43.050364833600284,EB-4,2031,56.949635166399716,6400,ROW,0.0,0,Capped,0,11238,2015,2061
0,0.0,EB-5,2031,0.0,0,ROW,100.0,1264,Capped,0,1264,2015,2061
246,13.099041533546327,EB-1,2032,10.969116080937168,206,China,75.9318423855165,1426,Capped,0,1878,2015,2061
1717,67.5984251968504,EB-2,2032,32.40157480314961,823,China,0.0,0,Capped,0,2540,2015,2061
1224,52.94117647058824,EB-3,2032,45.11245674740484,1043,China,1.9463667820069204,45,Capped,0,2312,2015,2061
0,0.0,EB-4,2032,0.0,0,China,100.0,51,Capped,0,51,2015,2061
39,2.5523560209424083,EB-5,2032,8.049738219895287,123,China,89.3979057591623,1366,Capped,0,1528,2015,2061
338,7.425307557117751,EB-1,2032,8.413884007029877,383,India,84.16080843585237,3831,Capped,0,4552,2015,2061
12819,70.28731220528567,EB-2,2032,29.71268779471433,5419,India,0.0,0,Capped,0,18238,2015,2061
3014,64.91492569459402,EB-3,2032,35.08507430540599,1629,India,0.0,0,Capped,0,4643,2015,2061
354,39.0728476821192,EB-4,2032,50.22075055187638,455,India,10.706401766004415,97,Capped,0,906,2015,2061
26,3.6363636363636362,EB-5,2032,3.9160839160839163,28,India,92.44755244755245,661,Capped,0,715,2015,2061
0,0.0,EB-1,2032,0.0,0,ROW,100.0,8210,Capped,0,8210,2015,2061
73,0.5672546429403994,EB-2,2032,9.169321625611936,1180,ROW,90.26342373144767,11616,Capped,0,12869,2015,2061
1011,5.888520006989341,EB-3,2032,24.456869940008154,4199,ROW,69.65461005300251,11959,Capped,0,17169,2015,2061
4893,43.81267908309456,EB-4,2032,56.18732091690545,6275,ROW,0.0,0,Capped,0,11168,2015,2061
0,0.0,EB-5,2032,0.0,0,ROW,100.0,1324,Capped,0,1324,2015,2061
265,14.193893947509373,EB-1,2033,13.229780396357793,247,China,72.57632565613284,1355,Capped,0,1867,2015,2061
1792,66.91560866318149,EB-2,2033,33.08439133681852,886,China,0.0,0,Capped,0,2678,2015,2061
1215,53.80868024800709,EB-3,2033,46.191319751992914,1043,China,0.0,0,Capped,0,2258,2015,2061
0,0.0,EB-4,2033,0.0,0,China,100.0,35,Capped,0,35,2015,2061
55,3.5924232527759634,EB-5,2033,6.139777922926192,94,China,90.26779882429784,1382,Capped,0,1531,2015,2061
423,8.892158923691403,EB-1,2033,11.078410763085978,527,India,80.02943031322262,3807,Capped,0,4757,2015,2061
12879,70.86887140263028,EB-2,2033,29.131128597369727,5294,India,0.0,0,Capped,0,18173,2015,2061
3027,64.58288884147643,EB-3,2033,35.417111158523575,1660,India,0.0,0,Capped,0,4687,2015,2061
377,40.53763440860215,EB-4,2033,50.0,465,India,9.46236559139785,88,Capped,0,930,2015,2061
23,3.3236994219653178,EB-5,2033,5.491329479768786,38,India,91.1849710982659,631,Capped,0,692,2015,2061
0,0.0,EB-1,2033,0.0,0,ROW,100.0,8220,Capped,0,8220,2015,2061
79,0.6098973210839188,EB-2,2033,9.102138500733421,1179,ROW,90.28796417818266,11695,Capped,0,12953,2015,2061
1183,6.914085330216248,EB-3,2033,25.967270601987142,4443,ROW,67.11864406779661,11484,Capped,0,17110,2015,2061
4711,43.24001835704452,EB-4,2033,56.75998164295548,6184,ROW,0.0,0,Capped,0,10895,2015,2061
0,0.0,EB-5,2033,0.0,0,ROW,100.0,1369,Capped,0,1369,2015,2061
316,16.69307976756471,EB-1,2034,14.949815108293713,283,China,68.35710512414157,1294,Capped,0,1893,2015,2061
1683,67.32000000000001,EB-2,2034,32.68,817,China,0.0,0,Capped,0,2500,2015,2061
1312,57.4430823117338,EB-3,2034,42.556917688266196,972,China,0.0,0,Capped,0,2284,2015,2061
0,0.0,EB-4,2034,0.0,0,China,100.0,56,Capped,0,56,2015,2061
64,4.076433121019108,EB-5,2034,7.770700636942675,122,China,88.15286624203821,1384,Capped,0,1570,2015,2061
528,11.076148521082443,EB-1,2034,10.824417872876023,516,India,78.09943360604153,3723,Capped,0,4767,2015,2061
12935,70.13881357770308,EB-2,2034,29.86118642229693,5507,India,0.0,0,Capped,0,18442,2015,2061
3056,66.79781420765028,EB-3,2034,33.202185792349724,1519,India,0.0,0,Capped,0,4575,2015,2061
431,45.65677966101695,EB-4,2034,46.82203389830508,442,India,7.521186440677965,71,Capped,0,944,2015,2061
38,5.547445255474453,EB-5,2034,4.37956204379562,30,India,90.07299270072993,617,Capped,0,685,2015,2061
0,0.0,EB-1,2034,0.0,0,ROW,100.0,8056,Capped,0,8056,2015,2061
96,0.731540044197211,EB-2,2034,10.340623333079327,1357,ROW,88.92783662272346,11670,Capped,0,13123,2015,2061
1380,8.035402352393152,EB-3,2034,27.564923721905206,4734,ROW,64.39967392570163,11060,Capped,0,17174,2015,2061
4837,43.71836587129429,EB-4,2034,56.28163412870572,6227,ROW,0.0,0,Capped,0,11064,2015,2061
0,0.0,EB-5,2034,0.0,0,ROW,100.0,1320,Capped,0,1320,2015,2061
365,19.119958093242538,EB-1,2035,15.505500261917234,296,China,65.37454164484024,1248,Capped,0,1909,2015,2061
1728,67.47364310816087,EB-2,2035,32.52635689183913,833,China,0.0,0,Capped,0,2561,2015,2061
1268,54.02641670217299,EB-3,2035,45.97358329782701,1079,China,0.0,0,Capped,0,2347,2015,2061
0,0.0,EB-4,2035,0.0,0,China,100.0,58,Capped,0,58,2015,2061
78,4.984025559105431,EB-5,2035,7.220447284345048,113,China,87.79552715654953,1374,Capped,0,1565,2015,2061
629,13.727629855958096,EB-1,2035,10.95591444783937,502,India,75.31645569620254,3451,Capped,0,4582,2015,2061
12961,70.01404494382022,EB-2,2035,29.985955056179776,5551,India,0.0,0,Capped,0,18512,2015,2061
2969,65.23840914084816,EB-3,2035,34.76159085915184,1582,India,0.0,0,Capped,0,4551,2015,2061
399,43.65426695842451,EB-4,2035,48.6870897155361,445,India,7.658643326039387,70,Capped,0,914,2015,2061
33,4.721030042918455,EB-5,2035,9.44206008583691,66,India,85.83690987124464,600,Capped,0,699,2015,2061
0,0.0,EB-1,2035,0.0,0,ROW,100.0,8003,Capped,0,8003,2015,2061
96,0.7546576527002594,EB-2,2035,10.494457982862983,1335,ROW,88.75088436443676,11290,Capped,0,12721,2015,2061
1574,9.101422458656181,EB-3,2035,26.75494391118307,4627,ROW,64.14363363016075,11093,Capped,0,17294,2015,2061
4776,42.37423476177801,EB-4,2035,57.62576523822198,6495,ROW,0.0,0,Capped,0,11271,2015,2061
0,0.0,EB-5,2035,0.0,0,ROW,100.0,1280,Capped,0,1280,2015,2061
443,23.70251471375067,EB-1,2036,15.355805243445692,287,China,60.94168004280364,1139,Capped,0,1869,2015,2061
1737,67.45631067961165,EB-2,2036,32.543689320388346,838,China,0.0,0,Capped,0,2575,2015,2061
1287,54.46466356326704,EB-3,2036,45.53533643673296,1076,China,0.0,0,Capped,0,2363,2015,2061
0,0.0,EB-4,2036,0.0,0,China,100.0,44,Capped,0,44,2015,2061
71,4.557124518613607,EB-5,2036,9.691912708600771,151,China,85.75096277278563,1336,Capped,0,1558,2015,2061
718,15.361574668378264,EB-1,2036,12.237911852802737,572,India,72.400513478819,3384,Capped,0,4674,2015,2061
12877,70.06747197736424,EB-2,2036,29.93252802263576,5501,India,0.0,0,Capped,0,18378,2015,2061
3125,65.8865696816361,EB-3,2036,34.1134303183639,1618,India,0.0,0,Capped,0,4743,2015,2061
421,44.503171247357294,EB-4,2036,48.41437632135307,458,India,7.08245243128964,67,Capped,0,946,2015,2061
34,4.809052333804809,EB-5,2036,7.4964639321074955,53,India,87.6944837340877,620,Capped,0,707,2015,2061
0,0.0,EB-1,2036,0.0,0,ROW,100.0,8076,Capped,0,8076,2015,2061
148,1.1130330149657819,EB-2,2036,10.91223584267128,1451,ROW,87.97473114236294,11698,Capped,0,13297,2015,2061
1635,9.515772319869631,EB-3,2036,29.7229658945408,5107,ROW,60.76126178558957,10440,Capped,0,17182,2015,2061
4850,43.68582237434697,EB-4,2036,56.31417762565304,6252,ROW,0.0,0,Capped,0,11102,2015,2061
0,0.0,EB-5,2036,0.0,0,ROW,100.0,1222,Capped,0,1222,2015,2061
405,22.301762114537446,EB-1,2037,18.66740088105727,339,China,59.03083700440529,1072,Capped,0,1816,2015,2061
1657,66.94949494949495,EB-2,2037,33.05050505050505,818,China,0.0,0,Capped,0,2475,2015,2061
1303,57.375605460149714,EB-3,2037,42.624394539850286,968,China,0.0,0,Capped,0,2271,2015,2061
0,0.0,EB-4,2037,0.0,0,China,100.0,76,Capped,0,76,2015,2061
113,7.2435897435897445,EB-5,2037,8.269230769230768,129,China,84.48717948717949,1318,Capped,0,1560,2015,2061
829,17.70232756779842,EB-1,2037,11.70190049113816,548,India,70.59577194106342,3306,Capped,0,4683,2015,2061
12802,70.29045187503432,EB-2,2037,29.709548124965686,5411,India,0.0,0,Capped,0,18213,2015,2061
2990,65.12742321934219,EB-3,2037,34.87257678065781,1601,India,0.0,0,Capped,0,4591,2015,2061
426,44.42127215849844,EB-4,2037,50.05213764337852,480,India,5.526590198123045,53,Capped,0,959,2015,2061
41,5.774647887323944,EB-5,2037,5.774647887323944,41,India,88.45070422535211,628,Capped,0,710,2015,2061
0,0.0,EB-1,2037,0.0,0,ROW,100.0,8142,Capped,0,8142,2015,2061
159,1.2400561534861956,EB-2,2037,11.254094525035097,1443,ROW,87.5058493214787,11220,Capped,0,12822,2015,2061
1780,10.4860088365243,EB-3,2037,29.148748159057437,4948,ROW,60.36524300441827,10247,Capped,0,16975,2015,2061
4925,44.32544325443254,EB-4,2037,55.67455674556746,6186,ROW,0.0,0,Capped,0,11111,2015,2061
0,0.0,EB-5,2037,0.0,0,ROW,100.0,1308,Capped,0,1308,2015,2061
454,23.329907502569373,EB-1,2038,20.503597122302157,399,China,56.16649537512847,1093,Capped,0,1946,2015,2061
1754,65.13182324545117,EB-2,2038,34.86817675454883,939,China,0.0,0,Capped,0,2693,2015,2061
1303,56.236512731981016,EB-3,2038,43.76348726801899,1014,China,0.0,0,Capped,0,2317,2015,2061
0,0.0,EB-4,2038,0.0,0,China,100.0,35,Capped,0,35,2015,2061
101,6.495176848874598,EB-5,2038,8.745980707395498,136,China,84.7588424437299,1318,Capped,0,1555,2015,2061
937,20.224476581048997,EB-1,2038,13.209583423267862,612,India,66.56593999568314,3084,Capped,0,4633,2015,2061
12830,70.70428744626915,EB-2,2038,29.29571255373085,5316,India,0.0,0,Capped,0,18146,2015,2061
2997,64.5905172413793,EB-3,2038,35.40948275862069,1643,India,0.0,0,Capped,0,4640,2015,2061
413,43.56540084388186,EB-4,2038,50.73839662447257,481,India,5.69620253164557,54,Capped,0,948,2015,2061
40,5.657708628005658,EB-5,2038,6.223479490806223,44,India,88.11881188118812,623,Capped,0,707,2015,2061
0,0.0,EB-1,2038,0.0,0,ROW,100.0,8179,Capped,0,8179,2015,2061
165,1.2452830188679245,EB-2,2038,11.49433962264151,1523,ROW,87.26037735849057,11562,Capped,0,13250,2015,2061
1969,11.476365331934488,EB-3,2038,30.43072798274757,5221,ROW,58.09290668531795,9967,Capped,0,17157,2015,2061
4782,43.17443120260022,EB-4,2038,56.82556879739978,6294,ROW,0.0,0,Capped,0,11076,2015,2061
0,0.0,EB-5,2038,0.0,0,ROW,100.0,1316,Capped,0,1316,2015,2061
470,25.25523911875336,EB-1,2039,19.022031166039763,354,China,55.722729715206874,1037,Capped,0,1861,2015,2061
1767,67.64931087289433,EB-2,2039,32.35068912710567,845,China,0.0,0,Capped,0,2612,2015,2061
1277,55.043103448275865,EB-3,2039,44.95689655172414,1043,China,0.0,0,Capped,0,2320,2015,2061
0,0.0,EB-4,2039,0.0,0,China,100.0,73,Capped,0,73,2015,2061
121,7.677664974619288,EB-5,2039,8.50253807106599,134,China,83.81979695431471,1321,Capped,0,1576,2015,2061
1074,22.98309437192382,EB-1,2039,14.316285041729081,669,India,62.7006205863471,2930,Capped,0,4673,2015,2061
12790,70.54605626034197,EB-2,2039,29.453943739658023,5340,India,0.0,0,Capped,0,18130,2015,2061
3000,65.51648831622626,EB-3,2039,34.48351168377375,1579,India,0.0,0,Capped,0,4579,2015,2061
446,43.98422090729783,EB-4,2039,50.887573964497044,516,India,5.128205128205128,52,Capped,0,1014,2015,2061
40,6.153846153846154,EB-5,2039,7.076923076923077,46,India,86.76923076923076,564,Capped,0,650,2015,2061
0,0.0,EB-1,2039,0.0,0,ROW,100.0,7943,Capped,0,7943,2015,2061
191,1.4526924247033768,EB-2,2039,12.2299969577122,1608,ROW,86.31731061758443,11349,Capped,0,13148,2015,2061
2113,12.385697538100821,EB-3,2039,30.703399765533412,5238,ROW,56.910902696365774,9709,Capped,0,17060,2015,2061
4955,44.85786710121311,EB-4,2039,55.14213289878689,6091,ROW,0.0,0,Capped,0,11046,2015,2061
0,0.0,EB-5,2039,0.0,0,ROW,100.0,1232,Capped,0,1232,2015,2061
541,28.103896103896105,EB-1,2040,20.415584415584416,393,China,51.48051948051948,991,Capped,0,1925,2015,2061
1683,65.7421875,EB-2,2040,34.2578125,877,China,0.0,0,Capped,0,2560,2015,2061
1289,55.99478714161599,EB-3,2040,44.00521285838401,1013,China,0.0,0,Capped,0,2302,2015,2061
0,0.0,EB-4,2040,0.0,0,China,100.0,42,Capped,0,42,2015,2061
100,6.514657980456026,EB-5,2040,10.488599348534201,161,China,82.99674267100977,1274,Capped,0,1535,2015,2061
1206,25.27771955564871,EB-1,2040,14.399496960804864,687,India,60.32278348354643,2878,Capped,0,4771,2015,2061
12908,70.72489178675141,EB-2,2040,29.27510821324859,5343,India,0.0,0,Capped,0,18251,2015,2061
3081,65.94606164383562,EB-3,2040,34.05393835616438,1591,India,0.0,0,Capped,0,4672,2015,2061
455,47.346514047866805,EB-4,2040,48.5952133194589,467,India,4.0582726326742975,39,Capped,0,961,2015,2061
45,6.41025641025641,EB-5,2040,5.128205128205128,36,India,88.46153846153845,621,Capped,0,702,2015,2061
0,0.0,EB-1,2040,0.0,0,ROW,100.0,7985,Capped,0,7985,2015,2061
185,1.4279098487187403,EB-2,2040,12.025316455696203,1558,ROW,86.54677369558506,11213,Capped,0,12956,2015,2061
2202,12.86665887577422,EB-3,2040,31.588173425265865,5406,ROW,55.545167698959915,9506,Capped,0,17114,2015,2061
4780,43.07082357181474,EB-4,2040,56.92917642818526,6318,ROW,0.0,0,Capped,0,11098,2015,2061
0,0.0,EB-5,2040,0.0,0,ROW,100.0,1289,Capped,0,1289,2015,2061
