seed,metric,period,dimension,group,scenario,value
2014,ageouts,historical,overall,All,Uncapped,100.0
2014,ageouts,projection,overall,All,Uncapped,100.0
2014,ageouts,full,overall,All,Uncapped,100.0
2014,ageouts,historical,nationality,India,Uncapped,60.970283463218294
2014,ageouts,projection,nationality,India,Uncapped,36.77090319416222
2014,ageouts,full,nationality,India,Uncapped,39.30344691605872
2014,ageouts,historical,nationality,China,Uncapped,9.026290999400532
2014,ageouts,projection,nationality,China,Uncapped,7.40483078247465
2014,ageouts,full,nationality,China,Uncapped,7.57452185914786
2014,ageouts,historical,nationality,ROW,Uncapped,30.003425537381176
2014,ageouts,projection,nationality,ROW,Uncapped,55.82426602336313
2014,ageouts,full,nationality,ROW,Uncapped,53.12203122479342
2014,ageouts,historical,category,EB-1,Uncapped,0.0
2014,ageouts,projection,category,EB-1,Uncapped,0.36586220358154575
2014,ageouts,full,category,EB-1,Uncapped,0.3275735360017208
2014,ageouts,historical,category,EB-2,Uncapped,27.21589449344866
2014,ageouts,projection,category,EB-2,Uncapped,54.36632265943284
2014,ageouts,full,category,EB-2,Uncapped,51.524942192905414
2014,ageouts,historical,category,EB-3,Uncapped,41.43615654705832
2014,ageouts,projection,category,EB-3,Uncapped,20.09539444049609
2014,ageouts,full,category,EB-3,Uncapped,22.32877448959472
2014,ageouts,historical,category,EB-4,Uncapped,30.495846535925324
2014,ageouts,projection,category,EB-4,Uncapped,24.893644708261178
2014,ageouts,full,category,EB-4,Uncapped,25.479933320188568
2014,ageouts,historical,category,EB-5,Uncapped,0.8521024235676972
2014,ageouts,projection,category,EB-5,Uncapped,0.27877598822834604
2014,ageouts,full,category,EB-5,Uncapped,0.33877646130957717
2014,exits,historical,overall,All,Uncapped,100.0
2014,exits,projection,overall,All,Uncapped,100.0
2014,exits,full,overall,All,Uncapped,100.0
2014,exits,historical,nationality,India,Uncapped,40.21547804760038
2014,exits,projection,nationality,India,Uncapped,17.457336993003864
2014,exits,full,nationality,India,Uncapped,21.614934567161814
2014,exits,historical,nationality,China,Uncapped,13.561018744838288
2014,exits,projection,nationality,China,Uncapped,8.897045661351195
2014,exits,full,nationality,China,Uncapped,9.749089030417469
2014,exits,historical,nationality,ROW,Uncapped,46.223503207561336
2014,exits,projection,nationality,ROW,Uncapped,73.64561734564494
2014,exits,full,nationality,ROW,Uncapped,68.63597640242072
2014,exits,historical,category,EB-1,Uncapped,0.9668565898909679
2014,exits,projection,category,EB-1,Uncapped,1.5358123126034877
2014,exits,full,category,EB-1,Uncapped,1.4318719720072115
2014,exits,historical,category,EB-2,Uncapped,28.7233155089136
2014,exits,projection,category,EB-2,Uncapped,26.34086400047735
2014,exits,full,category,EB-2,Uncapped,26.77610493638072
2014,exits,historical,category,EB-3,Uncapped,35.48714055708959
2014,exits,projection,category,EB-3,Uncapped,23.284809135253667
2014,exits,full,category,EB-3,Uncapped,25.514006300206198
2014,exits,historical,category,EB-4,Uncapped,33.974289456341296
2014,exits,projection,category,EB-4,Uncapped,48.52488178170264
2014,exits,full,category,EB-4,Uncapped,45.86668983143062
2014,exits,historical,category,EB-5,Uncapped,0.8483978877645508
2014,exits,projection,category,EB-5,Uncapped,0.31363276996285633
2014,exits,full,category,EB-5,Uncapped,0.41132695997525026
2014,ageouts,historical,overall,All,Capped,100.0
2014,ageouts,projection,overall,All,Capped,100.0
2014,ageouts,full,overall,All,Capped,100.0
2014,ageouts,historical,nationality,India,Capped,60.970283463218294
2014,ageouts,projection,nationality,India,Capped,72.63106938205726
2014,ageouts,full,nationality,India,Capped,71.69147963496472
2014,ageouts,historical,nationality,China,Capped,9.026290999400532
2014,ageouts,projection,nationality,China,Capped,7.071423478596973
2014,ageouts,full,nationality,China,Capped,7.228940604136836
2014,ageouts,historical,nationality,ROW,Capped,30.003425537381176
2014,ageouts,projection,nationality,ROW,Capped,20.297507139345768
2014,ageouts,full,nationality,ROW,Capped,21.079579760898444
2014,ageouts,historical,category,EB-1,Capped,0.0
2014,ageouts,projection,category,EB-1,Capped,0.9602936044220789
2014,ageouts,full,category,EB-1,Capped,0.8829161419428295
2014,ageouts,historical,category,EB-2,Capped,27.21589449344866
2014,ageouts,projection,category,EB-2,Capped,56.20062968842056
2014,ageouts,full,category,EB-2,Capped,53.8651301602636
2014,ageouts,historical,category,EB-3,Capped,41.43615654705832
2014,ageouts,projection,category,EB-3,Capped,23.8714955287619
2014,ageouts,full,category,EB-3,Capped,25.286801110976935
2014,ageouts,historical,category,EB-4,Capped,30.495846535925324
2014,ageouts,projection,category,EB-4,Capped,18.571305271295138
2014,ageouts,full,category,EB-4,Capped,19.532147601221386
2014,ageouts,historical,category,EB-5,Capped,0.8521024235676972
2014,ageouts,projection,category,EB-5,Capped,0.39627590710031857
2014,ageouts,full,category,EB-5,Capped,0.43300498559525247
2014,exits,historical,overall,All,Capped,100.0
2014,exits,projection,overall,All,Capped,100.0
2014,exits,full,overall,All,Capped,100.0
2014,exits,historical,nationality,India,Capped,40.21547804760038
2014,exits,projection,nationality,India,Capped,30.583503766605812
2014,exits,full,nationality,India,Capped,32.315807951461245
2014,exits,historical,nationality,China,Capped,13.561018744838288
2014,exits,projection,nationality,China,Capped,9.584264770985245
2014,exits,full,nationality,China,Capped,10.299481335115727
2014,exits,historical,nationality,ROW,Capped,46.223503207561336
2014,exits,projection,nationality,ROW,Capped,59.83223146240894
2014,exits,full,nationality,ROW,Capped,57.384710713423026
2014,exits,historical,category,EB-1,Capped,0.9668565898909679
2014,exits,projection,category,EB-1,Capped,1.4449021853265185
2014,exits,full,category,EB-1,Capped,1.3589260021094673
2014,exits,historical,category,EB-2,Capped,28.7233155089136
2014,exits,projection,category,EB-2,Capped,28.327473355700032
2014,exits,full,category,EB-2,Capped,28.39866530436492
2014,exits,historical,category,EB-3,Capped,35.48714055708959
2014,exits,projection,category,EB-3,Capped,22.35880258887836
2014,exits,full,category,EB-3,Capped,24.719925463490164
2014,exits,historical,category,EB-4,Capped,33.974289456341296
2014,exits,projection,category,EB-4,Capped,47.529296839270756
2014,exits,full,category,EB-4,Capped,45.091437753462394
2014,exits,historical,category,EB-5,Capped,0.8483978877645508
2014,exits,projection,category,EB-5,Capped,0.33952503082433605
2014,exits,full,category,EB-5,Capped,0.4310454765730609
2015,ageouts,historical,overall,All,Uncapped,100.0
2015,ageouts,projection,overall,All,Uncapped,100.0
2015,ageouts,full,overall,All,Uncapped,100.0
2015,ageouts,historical,nationality,India,Uncapped,61.44640998959417
2015,ageouts,projection,nationality,India,Uncapped,36.82211795509851
2015,ageouts,full,nationality,India,Uncapped,39.36673073735052
2015,ageouts,historical,nationality,China,Uncapped,8.901318071453348
2015,ageouts,projection,nationality,China,Uncapped,7.201926776496925
2015,ageouts,full,nationality,China,Uncapped,7.3775376247250115
2015,ageouts,historical,nationality,ROW,Uncapped,29.65227193895248
2015,ageouts,projection,nationality,ROW,Uncapped,55.97595526840456
2015,ageouts,full,nationality,ROW,Uncapped,53.25573163792447
2015,ageouts,historical,category,EB-1,Uncapped,0.008671522719389525
2015,ageouts,projection,category,EB-1,Uncapped,0.39374996876983115
2015,ageouts,full,category,EB-1,Uncapped,0.35395692478639373
2015,ageouts,historical,category,EB-2,Uncapped,27.47571973638571
2015,ageouts,projection,category,EB-2,Uncapped,54.11014006106122
2015,ageouts,full,category,EB-2,Uncapped,51.35780564628502
2015,ageouts,historical,category,EB-3,Uncapped,41.111689212625734
2015,ageouts,projection,category,EB-3,Uncapped,20.258136083586923
2015,ageouts,full,category,EB-3,Uncapped,22.413090133562733
2015,ageouts,historical,category,EB-4,Uncapped,30.549774540409295
2015,ageouts,projection,category,EB-4,Uncapped,24.9311687078705
2015,ageouts,full,category,EB-4,Uncapped,25.511781389034503
2015,ageouts,historical,category,EB-5,Uncapped,0.8541449878598681
2015,ageouts,projection,category,EB-5,Uncapped,0.3068051787115182
2015,ageouts,full,category,EB-5,Uncapped,0.36336590633134846
2015,exits,historical,overall,All,Uncapped,100.0
2015,exits,projection,overall,All,Uncapped,100.0
2015,exits,full,overall,All,Uncapped,100.0
2015,exits,historical,nationality,India,Uncapped,40.252818813183886
2015,exits,projection,nationality,India,Uncapped,17.45018070334441
2015,exits,full,nationality,India,Uncapped,21.62232373035269
2015,exits,historical,nationality,China,Uncapped,13.450360574921307
2015,exits,projection,nationality,China,Uncapped,8.85101391546291
2015,exits,full,nationality,China,Uncapped,9.69254514538551
2015,exits,historical,nationality,ROW,Uncapped,46.29682061189481
2015,exits,projection,nationality,ROW,Uncapped,73.69880538119268
2015,exits,full,nationality,ROW,Uncapped,68.6851311242618
2015,exits,historical,category,EB-1,Uncapped,0.966390753293473
2015,exits,projection,category,EB-1,Uncapped,1.550057996635822
2015,exits,full,category,EB-1,Uncapped,1.4432658260249511
2015,exits,historical,category,EB-2,Uncapped,28.547041287077594
2015,exits,projection,category,EB-2,Uncapped,26.375322151731133
2015,exits,full,category,EB-2,Uncapped,26.77267630012006
2015,exits,historical,category,EB-3,Uncapped,35.3654880668854
2015,exits,projection,category,EB-3,Uncapped,23.300195062640096
2015,exits,full,category,EB-3,Uncapped,25.50775226869656
2015,exits,historical,category,EB-4,Uncapped,34.326232866445714
2015,exits,projection,category,EB-4,Uncapped,48.45861352608357
2015,exits,full,category,EB-4,Uncapped,45.87284633808911
2015,exits,historical,category,EB-5,Uncapped,0.7948470262978199
2015,exits,projection,category,EB-5,Uncapped,0.3158112629093798
2015,exits,full,category,EB-5,Uncapped,0.40345926706931334
2015,ageouts,historical,overall,All,Capped,100.0
2015,ageouts,projection,overall,All,Capped,100.0
2015,ageouts,full,overall,All,Capped,100.0
2015,ageouts,historical,nationality,India,Capped,61.44640998959417
2015,ageouts,projection,nationality,India,Capped,72.61968498335811
2015,ageouts,full,nationality,India,Capped,71.73155592929443
2015,ageouts,historical,nationality,China,Capped,8.901318071453348
2015,ageouts,projection,nationality,China,Capped,6.954402333234742
2015,ageouts,full,nationality,China,Capped,7.109156640623654
2015,ageouts,historical,nationality,ROW,Capped,29.65227193895248
2015,ageouts,projection,nationality,ROW,Capped,20.42591268340715
2015,ageouts,full,nationality,ROW,Capped,21.15928743008192
2015,ageouts,historical,category,EB-1,Capped,0.008671522719389525
2015,ageouts,projection,category,EB-1,Capped,0.9389847134187206
2015,ageouts,full,category,EB-1,Capped,0.8650369967018311
2015,ageouts,historical,category,EB-2,Capped,27.47571973638571
2015,ageouts,projection,category,EB-2,Capped,56.191945248355466
2015,ageouts,full,category,EB-2,Capped,53.90938134346104
2015,ageouts,historical,category,EB-3,Capped,41.111689212625734
2015,ageouts,projection,category,EB-3,Capped,23.83703298801559
2015,ageouts,full,category,EB-3,Capped,25.210141955672885
2015,ageouts,historical,category,EB-4,Capped,30.549774540409295
2015,ageouts,projection,category,EB-4,Capped,18.610092962481794
2015,ageouts,full,category,EB-4,Capped,19.559141304310366
2015,ageouts,historical,category,EB-5,Capped,0.8541449878598681
2015,ageouts,projection,category,EB-5,Capped,0.42194408772842823
2015,ageouts,full,category,EB-5,Capped,0.4562983998538742
2015,exits,historical,overall,All,Capped,100.0
2015,exits,projection,overall,All,Capped,100.0
2015,exits,full,overall,All,Capped,100.0
2015,exits,historical,nationality,India,Capped,40.252818813183886
2015,exits,projection,nationality,India,Capped,30.65787945597814
2015,exits,full,nationality,India,Capped,32.38569096766889
2015,exits,historical,nationality,China,Capped,13.450360574921307
2015,exits,projection,nationality,China,Capped,9.53126443109151
2015,exits,full,nationality,China,Capped,10.236996815699717
2015,exits,historical,nationality,ROW,Capped,46.29682061189481
2015,exits,projection,nationality,ROW,Capped,59.81085611293035
2015,exits,full,nationality,ROW,Capped,57.37731221663139
2015,exits,historical,category,EB-1,Capped,0.966390753293473
2015,exits,projection,category,EB-1,Capped,1.4487558513075198
2015,exits,full,category,EB-1,Capped,1.3618938151696256
2015,exits,historical,category,EB-2,Capped,28.547041287077594
2015,exits,projection,category,EB-2,Capped,28.285167969903775
2015,exits,full,category,EB-2,Capped,28.332324884103315
2015,exits,historical,category,EB-3,Capped,35.3654880668854
2015,exits,projection,category,EB-3,Capped,22.43216872615012
2015,exits,full,category,EB-3,Capped,24.761139989997982
2015,exits,historical,category,EB-4,Capped,34.326232866445714
2015,exits,projection,category,EB-4,Capped,47.484406419772505
2015,exits,full,category,EB-4,Capped,45.11494446781248
2015,exits,historical,category,EB-5,Capped,0.7948470262978199
2015,exits,projection,category,EB-5,Capped,0.3495010328660822
2015,exits,full,category,EB-5,Capped,0.4296968429166001
2016,ageouts,historical,overall,All,Uncapped,100.0
2016,ageouts,projection,overall,All,Uncapped,100.0
2016,ageouts,full,overall,All,Uncapped,100.0
2016,ageouts,historical,nationality,India,Uncapped,61.465973051338906
2016,ageouts,projection,nationality,India,Uncapped,36.73816427059402
2016,ageouts,full,nationality,India,Uncapped,39.340951320880045
2016,ageouts,historical,nationality,China,Uncapped,9.001364489169367
2016,ageouts,projection,nationality,China,Uncapped,7.3055970785637605
2016,ageouts,full,nationality,China,Uncapped,7.484089297415689
2016,ageouts,historical,nationality,ROW,Uncapped,29.53266245949173
2016,ageouts,projection,nationality,ROW,Uncapped,55.956238650842224
2016,ageouts,full,nationality,ROW,Uncapped,53.17495938170426
2016,ageouts,historical,category,EB-1,Uncapped,0.008528057308545113
2016,ageouts,projection,category,EB-1,Uncapped,0.36116656801468744
2016,ageouts,full,category,EB-1,Uncapped,0.32404872400204665
2016,ageouts,historical,category,EB-2,Uncapped,26.93586900903974
2016,ageouts,projection,category,EB-2,Uncapped,54.49802863248292
2016,ageouts,full,category,EB-2,Uncapped,51.59690493074693
2016,ageouts,historical,category,EB-3,Uncapped,41.471942691454885
2016,ageouts,projection,category,EB-3,Uncapped,20.047754246215277
2016,ageouts,full,category,EB-3,Uncapped,22.30281051677244
2016,ageouts,historical,category,EB-4,Uncapped,30.645573938256867
2016,ageouts,projection,category,EB-4,Uncapped,24.809133501208905
2016,ageouts,full,category,EB-4,Uncapped,25.42346256384478
2016,ageouts,historical,category,EB-5,Uncapped,0.9380863039399625
2016,ageouts,projection,category,EB-5,Uncapped,0.2839170520782126
2016,ageouts,full,category,EB-5,Uncapped,0.352773264633807
2016,exits,historical,overall,All,Uncapped,100.0
2016,exits,projection,overall,All,Uncapped,100.0
2016,exits,full,overall,All,Uncapped,100.0
2016,exits,historical,nationality,India,Uncapped,40.09791778742499
2016,exits,projection,nationality,India,Uncapped,17.47662688879629
2016,exits,full,nationality,India,Uncapped,21.60952380952381
2016,exits,historical,nationality,China,Uncapped,13.58088017581831
2016,exits,projection,nationality,China,Uncapped,8.863091226215547
2016,exits,full,nationality,China,Uncapped,9.725028571428572
2016,exits,historical,nationality,ROW,Uncapped,46.3212020367567
2016,exits,projection,nationality,ROW,Uncapped,73.66028188498817
2016,exits,full,nationality,ROW,Uncapped,68.66544761904763
2016,exits,historical,category,EB-1,Uncapped,0.986684348583987
2016,exits,projection,category,EB-1,Uncapped,1.5396562155369546
2016,exits,full,category,EB-1,Uncapped,1.4386285714285714
2016,exits,historical,category,EB-2,Uncapped,28.592994791340864
2016,exits,projection,category,EB-2,Uncapped,26.381108727732737
2016,exits,full,category,EB-2,Uncapped,26.785219047619048
2016,exits,historical,category,EB-3,Uncapped,35.3846859583057
2016,exits,projection,category,EB-3,Uncapped,23.325847598645296
2016,exits,full,category,EB-3,Uncapped,25.528990476190476
2016,exits,historical,category,EB-4,Uncapped,34.227020805444695
2016,exits,projection,category,EB-4,Uncapped,48.43857642394428
2016,exits,full,category,EB-4,Uncapped,45.84213333333334
2016,exits,historical,category,EB-5,Uncapped,0.8086140963247468
2016,exits,projection,category,EB-5,Uncapped,0.31481103414073
2016,exits,full,category,EB-5,Uncapped,0.4050285714285714
2016,ageouts,historical,overall,All,Capped,100.0
2016,ageouts,projection,overall,All,Capped,100.0
2016,ageouts,full,overall,All,Capped,100.0
2016,ageouts,historical,nationality,India,Capped,61.465973051338906
2016,ageouts,projection,nationality,India,Capped,72.61554420503106
2016,ageouts,full,nationality,India,Capped,71.71239193282652
2016,ageouts,historical,nationality,China,Capped,9.001364489169367
2016,ageouts,projection,nationality,China,Capped,6.964035374548516
2016,ageouts,full,nationality,China,Capped,7.129065795336403
2016,ageouts,historical,nationality,ROW,Capped,29.53266245949173
2016,ageouts,projection,nationality,ROW,Capped,20.42042042042042
2016,ageouts,full,nationality,ROW,Capped,21.15854227183708
2016,ageouts,historical,category,EB-1,Capped,0.008528057308545113
2016,ageouts,projection,category,EB-1,Capped,0.9490090841780454
2016,ageouts,full,category,EB-1,Capped,0.872826999264297
2016,ageouts,historical,category,EB-2,Capped,26.93586900903974
2016,ageouts,projection,category,EB-2,Capped,56.34032029526397
2016,ageouts,full,category,EB-2,Capped,53.958462138926976
2016,ageouts,historical,category,EB-3,Capped,41.471942691454885
2016,ageouts,projection,category,EB-3,Capped,23.715455129722965
2016,ageouts,full,category,EB-3,Capped,25.15378956130686
2016,ageouts,historical,category,EB-4,Capped,30.645573938256867
2016,ageouts,projection,category,EB-4,Capped,18.591557765525224
2016,ageouts,full,category,EB-4,Capped,19.56797308639502
2016,ageouts,historical,category,EB-5,Capped,0.9380863039399625
2016,ageouts,projection,category,EB-5,Capped,0.4036577253097904
2016,ageouts,full,category,EB-5,Capped,0.4469482141068462
2016,exits,historical,overall,All,Capped,100.0
2016,exits,projection,overall,All,Capped,100.0
2016,exits,full,overall,All,Capped,100.0
2016,exits,historical,nationality,India,Capped,40.09791778742499
2016,exits,projection,nationality,India,Capped,30.666391114541288
2016,exits,full,nationality,India,Capped,32.36257410817074
2016,exits,historical,nationality,China,Capped,13.58088017581831
2016,exits,projection,nationality,China,Capped,9.545777925714317
2016,exits,full,nationality,China,Capped,10.271458088806057
2016,exits,historical,nationality,ROW,Capped,46.3212020367567
2016,exits,projection,nationality,ROW,Capped,59.7878309597444
2016,exits,full,nationality,ROW,Capped,57.3659678030232
2016,exits,historical,category,EB-1,Capped,0.986684348583987
2016,exits,projection,category,EB-1,Capped,1.453872757100192
2016,exits,full,category,EB-1,Capped,1.3698527398929767
2016,exits,historical,category,EB-2,Capped,28.592994791340864
2016,exits,projection,category,EB-2,Capped,28.352942037122723
2016,exits,full,category,EB-2,Capped,28.3961135631546
2016,exits,historical,category,EB-3,Capped,35.3846859583057
2016,exits,projection,category,EB-3,Capped,22.421682538347163
2016,exits,full,category,EB-3,Capped,24.75297276419258
2016,exits,historical,category,EB-4,Capped,34.227020805444695
2016,exits,projection,category,EB-4,Capped,47.425843253514664
2016,exits,full,category,EB-4,Capped,45.05214290267783
2016,exits,historical,category,EB-5,Capped,0.8086140963247468
2016,exits,projection,category,EB-5,Capped,0.3456594139152604
2016,exits,full,category,EB-5,Capped,0.4289180300820112
2017,ageouts,historical,overall,All,Uncapped,100.0
2017,ageouts,projection,overall,All,Uncapped,100.0
2017,ageouts,full,overall,All,Uncapped,100.0
2017,ageouts,historical,nationality,India,Uncapped,61.06963014412224
2017,ageouts,projection,nationality,India,Uncapped,36.903520731413906
2017,ageouts,full,nationality,India,Uncapped,39.40505077738833
2017,ageouts,historical,nationality,China,Uncapped,8.886091335301268
2017,ageouts,projection,nationality,China,Uncapped,7.289076910738632
2017,ageouts,full,nationality,China,Uncapped,7.454390221982565
2017,ageouts,historical,nationality,ROW,Uncapped,30.04427852057649
2017,ageouts,projection,nationality,ROW,Uncapped,55.807402357847465
2017,ageouts,full,nationality,ROW,Uncapped,53.1405590006291
2017,ageouts,historical,category,EB-1,Uncapped,0.0
2017,ageouts,projection,category,EB-1,Uncapped,0.36440372122864706
2017,ageouts,full,category,EB-1,Uncapped,0.32668284353374677
2017,ageouts,historical,category,EB-2,Uncapped,26.918735891647856
2017,ageouts,projection,category,EB-2,Uncapped,54.316705429465074
2017,ageouts,full,category,EB-2,Uncapped,51.480632695245795
2017,ageouts,historical,category,EB-3,Uncapped,41.30057301614864
2017,ageouts,projection,category,EB-3,Uncapped,20.124408533162242
2017,ageouts,full,category,EB-3,Uncapped,22.31643749438303
2017,ageouts,historical,category,EB-4,Uncapped,30.808300052092378
2017,ageouts,projection,category,EB-4,Uncapped,24.92631726682172
2017,ageouts,full,category,EB-4,Uncapped,25.535184685899164
2017,ageouts,historical,category,EB-5,Uncapped,0.9723910401111304
2017,ageouts,projection,category,EB-5,Uncapped,0.2681650493223193
2017,ageouts,full,category,EB-5,Uncapped,0.3410622809382583
2017,exits,historical,overall,All,Uncapped,100.0
2017,exits,projection,overall,All,Uncapped,100.0
2017,exits,full,overall,All,Uncapped,100.0
2017,exits,historical,nationality,India,Uncapped,40.0763358778626
2017,exits,projection,nationality,India,Uncapped,17.414198550612433
2017,exits,full,nationality,India,Uncapped,21.566867674116512
2017,exits,historical,nationality,China,Uncapped,13.633604417169751
2017,exits,projection,nationality,China,Uncapped,8.921876909328859
2017,exits,full,nationality,China,Uncapped,9.785266141228368
2017,exits,historical,nationality,ROW,Uncapped,46.29005970496765
2017,exits,projection,nationality,ROW,Uncapped,73.66392454005872
2017,exits,full,nationality,ROW,Uncapped,68.64786618465511
2017,exits,historical,category,EB-1,Uncapped,0.9882918392123601
2017,exits,projection,category,EB-1,Uncapped,1.5419215159149993
2017,exits,full,category,EB-1,Uncapped,1.4404729706564676
2017,exits,historical,category,EB-2,Uncapped,28.65173210929834
2017,exits,projection,category,EB-2,Uncapped,26.333930015605777
2017,exits,full,category,EB-2,Uncapped,26.75865011370952
2017,exits,historical,category,EB-3,Uncapped,35.39099269903042
2017,exits,projection,category,EB-3,Uncapped,23.358198722247977
2017,exits,full,category,EB-3,Uncapped,25.563119259764353
2017,exits,historical,category,EB-4,Uncapped,34.16113688902194
2017,exits,projection,category,EB-4,Uncapped,48.4508492694762
2017,exits,full,category,EB-4,Uncapped,45.83236511993783
2017,exits,historical,category,EB-5,Uncapped,0.8078464634369439
2017,exits,projection,category,EB-5,Uncapped,0.31510047675504343
2017,exits,full,category,EB-5,Uncapped,0.4053925359318276
2017,ageouts,historical,overall,All,Capped,100.0
2017,ageouts,projection,overall,All,Capped,100.0
2017,ageouts,full,overall,All,Capped,100.0
2017,ageouts,historical,nationality,India,Capped,61.06963014412224
2017,ageouts,projection,nationality,India,Capped,72.64581388460861
2017,ageouts,full,nationality,India,Capped,71.72551360939802
2017,ageouts,historical,nationality,China,Capped,8.886091335301268
2017,ageouts,projection,nationality,China,Capped,6.977921245318247
2017,ageouts,full,nationality,China,Capped,7.129619723705235
2017,ageouts,historical,nationality,ROW,Capped,30.04427852057649
2017,ageouts,projection,nationality,ROW,Capped,20.376264870073147
2017,ageouts,full,nationality,ROW,Capped,21.14486666689674
2017,ageouts,historical,category,EB-1,Capped,0.0
2017,ageouts,projection,category,EB-1,Capped,0.9567835277268518
2017,ageouts,full,category,EB-1,Capped,0.8807197606319648
2017,ageouts,historical,category,EB-2,Capped,26.918735891647856
2017,ageouts,projection,category,EB-2,Capped,56.26239563298804
2017,ageouts,full,category,EB-2,Capped,53.92959073449681
2017,ageouts,historical,category,EB-3,Capped,41.30057301614864
2017,ageouts,projection,category,EB-3,Capped,23.78836788176675
2017,ageouts,full,category,EB-3,Capped,25.18057861079572
2017,ageouts,historical,category,EB-4,Capped,30.808300052092378
2017,ageouts,projection,category,EB-4,Capped,18.559425929883364
2017,ageouts,full,category,EB-4,Capped,19.533204722480097
2017,ageouts,historical,category,EB-5,Capped,0.9723910401111304
2017,ageouts,projection,category,EB-5,Capped,0.43302702763499756
2017,ageouts,full,category,EB-5,Capped,0.47590617159540727
2017,exits,historical,overall,All,Capped,100.0
2017,exits,projection,overall,All,Capped,100.0
2017,exits,full,overall,All,Capped,100.0
2017,exits,historical,nationality,India,Capped,40.0763358778626
2017,exits,projection,nationality,India,Capped,30.627105759317484
2017,exits,full,nationality,India,Capped,32.33122058352685
2017,exits,historical,nationality,China,Capped,13.633604417169751
2017,exits,projection,nationality,China,Capped,9.581176307000154
2017,exits,full,nationality,China,Capped,10.312008631956385
2017,exits,historical,nationality,ROW,Capped,46.29005970496765
2017,exits,projection,nationality,ROW,Capped,59.791717933682364
2017,exits,full,nationality,ROW,Capped,57.35677078451677
2017,exits,historical,category,EB-1,Capped,0.9882918392123601
2017,exits,projection,category,EB-1,Capped,1.4441060694352836
2017,exits,full,category,EB-1,Capped,1.3619025695666551
2017,exits,historical,category,EB-2,Capped,28.65173210929834
2017,exits,projection,category,EB-2,Capped,28.277345940521418
2017,exits,full,category,EB-2,Capped,28.34486435336434
2017,exits,historical,category,EB-3,Capped,35.39099269903042
2017,exits,projection,category,EB-3,Capped,22.403037873707955
2017,exits,full,category,EB-3,Capped,24.745341540390314
2017,exits,historical,category,EB-4,Capped,34.16113688902194
2017,exits,projection,category,EB-4,Capped,47.5243177179721
2017,exits,full,category,EB-4,Capped,45.11434417901562
2017,exits,historical,category,EB-5,Capped,0.8078464634369439
2017,exits,projection,category,EB-5,Capped,0.3511923983632367
2017,exits,full,category,EB-5,Capped,0.4335473576630733
2018,ageouts,historical,overall,All,Uncapped,100.0
2018,ageouts,projection,overall,All,Uncapped,100.0
2018,ageouts,full,overall,All,Uncapped,100.0
2018,ageouts,historical,nationality,India,Uncapped,61.18617976567177
2018,ageouts,projection,nationality,India,Uncapped,37.06438008995382
2018,ageouts,full,nationality,India,Uncapped,39.593533114542424
2018,ageouts,historical,nationality,China,Uncapped,8.58205764132387
2018,ageouts,projection,nationality,China,Uncapped,7.305492391990303
2018,ageouts,full,nationality,China,Uncapped,7.43933932318287
2018,ageouts,historical,nationality,ROW,Uncapped,30.231762593004362
2018,ageouts,projection,nationality,ROW,Uncapped,55.63012751805588
2018,ageouts,full,nationality,ROW,Uncapped,52.967127562274705
2018,ageouts,historical,category,EB-1,Uncapped,0.01282818780466946
2018,ageouts,projection,category,EB-1,Uncapped,0.36061665447915936
2018,ageouts,full,category,EB-1,Uncapped,0.3241512885349976
2018,ageouts,historical,category,EB-2,Uncapped,27.04609595484478
2018,ageouts,projection,category,EB-2,Uncapped,54.35795209808773
2018,ageouts,full,category,EB-2,Uncapped,51.4943239898854
2018,ageouts,historical,category,EB-3,Uncapped,40.92191909689558
2018,ageouts,projection,category,EB-3,Uncapped,20.19954121547847
2018,ageouts,full,category,EB-3,Uncapped,22.372267355320027
2018,ageouts,historical,category,EB-4,Uncapped,31.07414692551099
2018,ageouts,projection,category,EB-4,Uncapped,24.793396708371315
2018,ageouts,full,category,EB-4,Uncapped,25.45192876741809
2018,ageouts,historical,category,EB-5,Uncapped,0.9450098349439836
2018,ageouts,projection,category,EB-5,Uncapped,0.28849332358332747
2018,ageouts,full,category,EB-5,Uncapped,0.3573285988414842
2018,exits,historical,overall,All,Uncapped,100.0
2018,exits,projection,overall,All,Uncapped,100.0
2018,exits,full,overall,All,Uncapped,100.0
2018,exits,historical,nationality,India,Uncapped,40.312976620771785
2018,exits,projection,nationality,India,Uncapped,17.457907849883554
2018,exits,full,nationality,India,Uncapped,21.633897404417894
2018,exits,historical,nationality,China,Uncapped,13.452562522198775
2018,exits,projection,nationality,China,Uncapped,8.908037655226918
2018,exits,full,nationality,China,Uncapped,9.738395619363489
2018,exits,historical,nationality,ROW,Uncapped,46.23446085702944
2018,exits,projection,nationality,ROW,Uncapped,73.63405449488953
2018,exits,full,nationality,ROW,Uncapped,68.62770697621862
2018,exits,historical,category,EB-1,Uncapped,0.989490838434699
2018,exits,projection,category,EB-1,Uncapped,1.5419697715631477
2018,exits,full,category,EB-1,Uncapped,1.4410229629154565
2018,exits,historical,category,EB-2,Uncapped,28.648434072247873
2018,exits,projection,category,EB-2,Uncapped,26.348663037659897
2018,exits,full,category,EB-2,Uncapped,26.768868284668077
2018,exits,historical,category,EB-3,Uncapped,35.37053674027955
2018,exits,projection,category,EB-3,Uncapped,23.322082602720915
2018,exits,full,category,EB-3,Uncapped,25.523529429729326
2018,exits,historical,category,EB-4,Uncapped,34.16459478093726
2018,exits,projection,category,EB-4,Uncapped,48.47591991771677
2018,exits,full,category,EB-4,Uncapped,45.8610100750975
2018,exits,historical,category,EB-5,Uncapped,0.8269435681006205
2018,exits,projection,category,EB-5,Uncapped,0.31136467033926885
2018,exits,full,category,EB-5,Uncapped,0.4055692475896421
2018,ageouts,historical,overall,All,Capped,100.0
2018,ageouts,projection,overall,All,Capped,100.0
2018,ageouts,full,overall,All,Capped,100.0
2018,ageouts,historical,nationality,India,Capped,61.18617976567177
2018,ageouts,projection,nationality,India,Capped,72.7646997122992
2018,ageouts,full,nationality,India,Capped,71.83205318086316
2018,ageouts,historical,nationality,China,Capped,8.58205764132387
2018,ageouts,projection,nationality,China,Capped,6.949772236873652
2018,ageouts,full,nationality,China,Capped,7.08125236799504
2018,ageouts,historical,nationality,ROW,Capped,30.231762593004362
2018,ageouts,projection,nationality,ROW,Capped,20.28552805082714
2018,ageouts,full,nationality,ROW,Capped,21.086694451141803
2018,ageouts,historical,category,EB-1,Capped,0.01282818780466946
2018,ageouts,projection,category,EB-1,Capped,0.9758601054902901
2018,ageouts,full,category,EB-1,Capped,0.8982881548582647
2018,ageouts,historical,category,EB-2,Capped,27.04609595484478
2018,ageouts,projection,category,EB-2,Capped,56.25262227283625
2018,ageouts,full,category,EB-2,Capped,53.900044776633486
2018,ageouts,historical,category,EB-3,Capped,40.92191909689558
2018,ageouts,projection,category,EB-3,Capped,23.817354950851115
2018,ageouts,full,category,EB-3,Capped,25.195122791306446
2018,ageouts,historical,category,EB-4,Capped,31.07414692551099
2018,ageouts,projection,category,EB-4,Capped,18.54696116039319
2018,ageouts,full,category,EB-4,Capped,19.55602245720387
2018,ageouts,historical,category,EB-5,Capped,0.9450098349439836
2018,ageouts,projection,category,EB-5,Capped,0.4072015104291537
2018,ageouts,full,category,EB-5,Capped,0.4505218199979334
2018,exits,historical,overall,All,Capped,100.0
2018,exits,projection,overall,All,Capped,100.0
2018,exits,full,overall,All,Capped,100.0
2018,exits,historical,nationality,India,Capped,40.312976620771785
2018,exits,projection,nationality,India,Capped,30.762927036512416
2018,exits,full,nationality,India,Capped,32.479436169509654
2018,exits,historical,nationality,China,Capped,13.452562522198775
2018,exits,projection,nationality,China,Capped,9.56957338238647
2018,exits,full,nationality,China,Capped,10.267495028029296
2018,exits,historical,nationality,ROW,Capped,46.23446085702944
2018,exits,projection,nationality,ROW,Capped,59.66749958110111
2018,exits,full,nationality,ROW,Capped,57.25306880246105
2018,exits,historical,category,EB-1,Capped,0.989490838434699
2018,exits,projection,category,EB-1,Capped,1.445407174295815
2018,exits,full,category,EB-1,Capped,1.363461573125522
2018,exits,historical,category,EB-2,Capped,28.648434072247873
2018,exits,projection,category,EB-2,Capped,28.351626014399134
2018,exits,full,category,EB-2,Capped,28.40497377323007
2018,exits,historical,category,EB-3,Capped,35.37053674027955
2018,exits,projection,category,EB-3,Capped,22.39758494491136
2018,exits,full,category,EB-3,Capped,24.729320507351307
2018,exits,historical,category,EB-4,Capped,34.16459478093726
2018,exits,projection,category,EB-4,Capped,47.454513990307184
2018,exits,full,category,EB-4,Capped,45.06580726178102
2018,exits,historical,category,EB-5,Capped,0.8269435681006205
2018,exits,projection,category,EB-5,Capped,0.35086787608650466
2018,exits,full,category,EB-5,Capped,0.43643688451208595
2019,ageouts,historical,overall,All,Uncapped,100.0
2019,ageouts,projection,overall,All,Uncapped,100.0
2019,ageouts,full,overall,All,Uncapped,100.0
2019,ageouts,historical,nationality,India,Uncapped,60.85288030355295
2019,ageouts,projection,nationality,India,Uncapped,36.72709200347391
2019,ageouts,full,nationality,India,Uncapped,39.243044907392836
2019,ageouts,historical,nationality,China,Uncapped,9.188513280441532
2019,ageouts,projection,nationality,China,Uncapped,7.351944537874187
2019,ageouts,full,nationality,China,Uncapped,7.543470733977544
2019,ageouts,historical,nationality,ROW,Uncapped,29.95860641600552
2019,ageouts,projection,nationality,ROW,Uncapped,55.9209634586519
2019,ageouts,full,nationality,ROW,Uncapped,53.21348435862962
2019,ageouts,historical,category,EB-1,Uncapped,0.012935494998275267
2019,ageouts,projection,category,EB-1,Uncapped,0.38353606192802175
2019,ageouts,full,category,EB-1,Uncapped,0.3448880575203133
2019,ageouts,historical,category,EB-2,Uncapped,27.130044843049326
2019,ageouts,projection,category,EB-2,Uncapped,54.373264926028746
2019,ageouts,full,category,EB-2,Uncapped,51.53221128552864
2019,ageouts,historical,category,EB-3,Uncapped,41.087443946188344
2019,ageouts,projection,category,EB-3,Uncapped,20.1742980637453
2019,ageouts,full,category,EB-3,Uncapped,22.35522120949139
2019,ageouts,historical,category,EB-4,Uncapped,30.756295274232492
2019,ageouts,projection,category,EB-4,Uncapped,24.77120869080668
2019,ageouts,full,category,EB-4,Uncapped,25.395362222392095
2019,ageouts,historical,category,EB-5,Uncapped,1.0132804415315626
2019,ageouts,projection,category,EB-5,Uncapped,0.29769225749125244
2019,ageouts,full,category,EB-5,Uncapped,0.3723172250675612
2019,exits,historical,overall,All,Uncapped,100.0
2019,exits,projection,overall,All,Uncapped,100.0
2019,exits,full,overall,All,Uncapped,100.0
2019,exits,historical,nationality,India,Uncapped,40.242710743249454
2019,exits,projection,nationality,India,Uncapped,17.478742234084418
2019,exits,full,nationality,India,Uncapped,21.63425767814017
2019,exits,historical,nationality,China,Uncapped,13.512791173547368
2019,exits,projection,nationality,China,Uncapped,8.883312164160872
2019,exits,full,nationality,China,Uncapped,9.72841399751177
2019,exits,historical,nationality,ROW,Uncapped,46.24449808320318
2019,exits,projection,nationality,ROW,Uncapped,73.63794560175471
2019,exits,full,nationality,ROW,Uncapped,68.63732832434806
2019,exits,historical,category,EB-1,Uncapped,0.9646624516624768
2019,exits,projection,category,EB-1,Uncapped,1.5303353308825587
2019,exits,full,category,EB-1,Uncapped,1.4270729148879078
2019,exits,historical,category,EB-2,Uncapped,28.711862424935898
2019,exits,projection,category,EB-2,Uncapped,26.38630102749754
2019,exits,full,category,EB-2,Uncapped,26.810827458346548
2019,exits,historical,category,EB-3,Uncapped,35.28200716606393
2019,exits,projection,category,EB-3,Uncapped,23.32451129053617
2019,exits,full,category,EB-3,Uncapped,25.50732747054375
2019,exits,historical,category,EB-4,Uncapped,34.217537646891785
2019,exits,projection,category,EB-4,Uncapped,48.44252709560819
2019,exits,full,category,EB-4,Uncapped,45.8457846461591
2019,exits,historical,category,EB-5,Uncapped,0.8239303104459162
2019,exits,projection,category,EB-5,Uncapped,0.3163252554755417
2019,exits,full,category,EB-5,Uncapped,0.4089875100626936
2019,ageouts,historical,overall,All,Capped,100.0
2019,ageouts,projection,overall,All,Capped,100.0
2019,ageouts,full,overall,All,Capped,100.0
2019,ageouts,historical,nationality,India,Capped,60.85288030355295
2019,ageouts,projection,nationality,India,Capped,72.62247187627065
2019,ageouts,full,nationality,India,Capped,71.67733133890113
2019,ageouts,historical,nationality,China,Capped,9.188513280441532
2019,ageouts,projection,nationality,China,Capped,7.043732963872114
2019,ageouts,full,nationality,China,Capped,7.215966537859586
2019,ageouts,historical,nationality,ROW,Capped,29.95860641600552
2019,ageouts,projection,nationality,ROW,Capped,20.333795159857235
2019,ageouts,full,nationality,ROW,Capped,21.10670212323929
2019,ageouts,historical,category,EB-1,Capped,0.012935494998275267
2019,ageouts,projection,category,EB-1,Capped,0.9393400900561721
2019,ageouts,full,category,EB-1,Capped,0.8649464688854726
2019,ageouts,historical,category,EB-2,Capped,27.130044843049326
2019,ageouts,projection,category,EB-2,Capped,56.14467719831935
2019,ageouts,full,category,EB-2,Capped,53.8146978573704
2019,ageouts,historical,category,EB-3,Capped,41.087443946188344
2019,ageouts,projection,category,EB-3,Capped,23.99477433248498
2019,ageouts,full,category,EB-3,Capped,25.367377183141507
2019,ageouts,historical,category,EB-4,Capped,30.756295274232492
2019,ageouts,projection,category,EB-4,Capped,18.505188018613616
2019,ageouts,full,category,EB-4,Capped,19.488995997285357
2019,ageouts,historical,category,EB-5,Capped,1.0132804415315626
2019,ageouts,projection,category,EB-5,Capped,0.4160203605258799
2019,ageouts,full,category,EB-5,Capped,0.4639824933172671
2019,exits,historical,overall,All,Capped,100.0
2019,exits,projection,overall,All,Capped,100.0
2019,exits,full,overall,All,Capped,100.0
2019,exits,historical,nationality,India,Capped,40.242710743249454
2019,exits,projection,nationality,India,Capped,30.690949122415617
2019,exits,full,nationality,India,Capped,32.406653134765435
2019,exits,historical,nationality,China,Capped,13.512791173547368
2019,exits,projection,nationality,China,Capped,9.541878641362587
2019,exits,full,nationality,China,Capped,10.255140847289043
2019,exits,historical,nationality,ROW,Capped,46.24449808320318
2019,exits,projection,nationality,ROW,Capped,59.767172236221796
2019,exits,full,nationality,ROW,Capped,57.338206017945524
2019,exits,historical,category,EB-1,Capped,0.9646624516624768
2019,exits,projection,category,EB-1,Capped,1.433686512740426
2019,exits,full,category,EB-1,Capped,1.349439596263275
2019,exits,historical,category,EB-2,Capped,28.711862424935898
2019,exits,projection,category,EB-2,Capped,28.289341345397755
2019,exits,full,category,EB-2,Capped,28.365235315561836
2019,exits,historical,category,EB-3,Capped,35.28200716606393
2019,exits,projection,category,EB-3,Capped,22.46855581685386
2019,exits,full,category,EB-3,Capped,24.77013020329356
2019,exits,historical,category,EB-4,Capped,34.217537646891785
2019,exits,projection,category,EB-4,Capped,47.45822376481689
2019,exits,full,category,EB-4,Capped,45.07990872717617
2019,exits,historical,category,EB-5,Capped,0.8239303104459162
2019,exits,projection,category,EB-5,Capped,0.35019256019106065
2019,exits,full,category,EB-5,Capped,0.43528615770515755
2020,ageouts,historical,overall,All,Uncapped,100.0
2020,ageouts,projection,overall,All,Uncapped,100.0
2020,ageouts,full,overall,All,Uncapped,100.0
2020,ageouts,historical,nationality,India,Uncapped,61.352221506761104
2020,ageouts,projection,nationality,India,Uncapped,36.925926853080334
2020,ageouts,full,nationality,India,Uncapped,39.47720037663095
2020,ageouts,historical,nationality,China,Uncapped,9.036273878514702
2020,ageouts,projection,nationality,China,Uncapped,7.252609707862918
2020,ageouts,full,nationality,China,Uncapped,7.4389095637358205
2020,ageouts,historical,nationality,ROW,Uncapped,29.61150461472419
2020,ageouts,projection,nationality,ROW,Uncapped,55.82146343905675
2020,ageouts,full,nationality,ROW,Uncapped,53.083890059633234
2020,ageouts,historical,category,EB-1,Uncapped,0.008585533376261001
2020,ageouts,projection,category,EB-1,Uncapped,0.36097829624252137
2020,ageouts,full,category,EB-1,Uncapped,0.32417163610276645
2020,ageouts,historical,category,EB-2,Uncapped,26.997209701652714
2020,ageouts,projection,category,EB-2,Uncapped,54.32898590632588
2020,ageouts,full,category,EB-2,Uncapped,51.4742411334798
2020,ageouts,historical,category,EB-3,Uncapped,41.592616441296414
2020,ageouts,projection,category,EB-3,Uncapped,19.97696948456705
2020,ageouts,full,category,EB-3,Uncapped,22.234676949289334
2020,ageouts,historical,category,EB-4,Uncapped,30.37132431852329
2020,ageouts,projection,category,EB-4,Uncapped,25.042180889678825
2020,ageouts,full,category,EB-4,Uncapped,25.598798367932567
2020,ageouts,historical,category,EB-5,Uncapped,1.03026400515132
2020,ageouts,projection,category,EB-5,Uncapped,0.2908854231857211
2020,ageouts,full,category,EB-5,Uncapped,0.3681119131955342
2020,exits,historical,overall,All,Uncapped,100.0
2020,exits,projection,overall,All,Uncapped,100.0
2020,exits,full,overall,All,Uncapped,100.0
2020,exits,historical,nationality,India,Uncapped,40.07149210538404
2020,exits,projection,nationality,India,Uncapped,17.53041061912244
2020,exits,full,nationality,India,Uncapped,21.645023294955607
2020,exits,historical,nationality,China,Uncapped,13.551762873381302
2020,exits,projection,nationality,China,Uncapped,8.893934660879053
2020,exits,full,nationality,China,Uncapped,9.744167113864767
2020,exits,historical,nationality,ROW,Uncapped,46.37674502123466
2020,exits,projection,nationality,ROW,Uncapped,73.57565471999851
2020,exits,full,nationality,ROW,Uncapped,68.61080959117963
2020,exits,historical,category,EB-1,Uncapped,0.9788405082955063
2020,exits,projection,category,EB-1,Uncapped,1.5144465010886745
2020,exits,full,category,EB-1,Uncapped,1.4166778466191823
2020,exits,historical,category,EB-2,Uncapped,28.495784387827968
2020,exits,projection,category,EB-2,Uncapped,26.414740699642394
2020,exits,full,category,EB-2,Uncapped,26.794611059615573
2020,exits,historical,category,EB-3,Uncapped,35.34474478738198
2020,exits,projection,category,EB-3,Uncapped,23.28616520810701
2020,exits,full,category,EB-3,Uncapped,25.487318884769245
2020,exits,historical,category,EB-4,Uncapped,34.363816308718945
2020,exits,projection,category,EB-4,Uncapped,48.467882936017645
2020,exits,full,category,EB-4,Uncapped,45.89334935115621
2020,exits,historical,category,EB-5,Uncapped,0.8168140077756016
2020,exits,projection,category,EB-5,Uncapped,0.31676465514427854
2020,exits,full,category,EB-5,Uncapped,0.4080428578397893
2020,ageouts,historical,overall,All,Capped,100.0
2020,ageouts,projection,overall,All,Capped,100.0
2020,ageouts,full,overall,All,Capped,100.0
2020,ageouts,historical,nationality,India,Capped,61.352221506761104
2020,ageouts,projection,nationality,India,Capped,72.65057205914975
2020,ageouts,full,nationality,India,Capped,71.74069362243488
2020,ageouts,historical,nationality,China,Capped,9.036273878514702
2020,ageouts,projection,nationality,China,Capped,7.002695802894323
2020,ageouts,full,nationality,China,Capped,7.16646385308922
2020,ageouts,historical,nationality,ROW,Capped,29.61150461472419
2020,ageouts,projection,nationality,ROW,Capped,20.34673213795593
2020,ageouts,full,nationality,ROW,Capped,21.092842524475913
2020,ageouts,historical,category,EB-1,Capped,0.008585533376261001
2020,ageouts,projection,category,EB-1,Capped,0.9816933552406484
2020,ageouts,full,category,EB-1,Capped,0.9033270645500304
2020,ageouts,historical,category,EB-2,Capped,26.997209701652714
2020,ageouts,projection,category,EB-2,Capped,56.320473438633826
2020,ageouts,full,category,EB-2,Capped,53.95901321975773
2020,ageouts,historical,category,EB-3,Capped,41.592616441296414
2020,ageouts,projection,category,EB-3,Capped,23.72306547003598
2020,ageouts,full,category,EB-3,Capped,25.162135626970517
2020,ageouts,historical,category,EB-4,Capped,30.37132431852329
2020,ageouts,projection,category,EB-4,Capped,18.57810496712023
2020,ageouts,full,category,EB-4,Capped,19.52783616350462
2020,ageouts,historical,category,EB-5,Capped,1.03026400515132
2020,ageouts,projection,category,EB-5,Capped,0.39666276896931596
2020,ageouts,full,category,EB-5,Capped,0.4476879252171027
2020,exits,historical,overall,All,Capped,100.0
2020,exits,projection,overall,All,Capped,100.0
2020,exits,full,overall,All,Capped,100.0
2020,exits,historical,nationality,India,Capped,40.07149210538404
2020,exits,projection,nationality,India,Capped,30.6697437640356
2020,exits,full,nationality,India,Capped,32.35744993459545
2020,exits,historical,nationality,China,Capped,13.551762873381302
2020,exits,projection,nationality,China,Capped,9.552523530475872
2020,exits,full,nationality,China,Capped,10.270426272765095
2020,exits,historical,nationality,ROW,Capped,46.37674502123466
2020,exits,projection,nationality,ROW,Capped,59.777732705488525
2020,exits,full,nationality,ROW,Capped,57.37212379263946
2020,exits,historical,category,EB-1,Capped,0.9788405082955063
2020,exits,projection,category,EB-1,Capped,1.420873464420605
2020,exits,full,category,EB-1,Capped,1.3415242071806328
2020,exits,historical,category,EB-2,Capped,28.495784387827968
2020,exits,projection,category,EB-2,Capped,28.274212498789442
2020,exits,full,category,EB-2,Capped,28.313986829134823
2020,exits,historical,category,EB-3,Capped,35.34474478738198
2020,exits,projection,category,EB-3,Capped,22.393009653388006
2020,exits,full,category,EB-3,Capped,24.717973320939578
2020,exits,historical,category,EB-4,Capped,34.363816308718945
2020,exits,projection,category,EB-4,Capped,47.56463457641489
2020,exits,full,category,EB-4,Capped,45.1949580398874
2020,exits,historical,category,EB-5,Capped,0.8168140077756016
2020,exits,projection,category,EB-5,Capped,0.34726980698705756
2020,exits,full,category,EB-5,Capped,0.4315576028575605
2021,ageouts,historical,overall,All,Uncapped,100.0
2021,ageouts,projection,overall,All,Uncapped,100.0
2021,ageouts,full,overall,All,Uncapped,100.0
2021,ageouts,historical,nationality,India,Uncapped,61.26319402728911
2021,ageouts,projection,nationality,India,Uncapped,36.66778387517946
2021,ageouts,full,nationality,India,Uncapped,39.235873105475136
2021,ageouts,historical,nationality,China,Uncapped,8.735947824594525
2021,ageouts,projection,nationality,China,Uncapped,7.41759753480438
2021,ageouts,full,nationality,China,Uncapped,7.55525090834151
2021,ageouts,historical,nationality,ROW,Uncapped,30.000858148116365
2021,ageouts,projection,nationality,ROW,Uncapped,55.91461859001616
2021,ageouts,full,nationality,ROW,Uncapped,53.20887598618335
2021,ageouts,historical,category,EB-1,Uncapped,0.012872221745473268
2021,ageouts,projection,category,EB-1,Uncapped,0.37118002231082076
2021,ageouts,full,category,EB-1,Uncapped,0.3337679036239578
2021,ageouts,historical,category,EB-2,Uncapped,27.216167510512314
2021,ageouts,projection,category,EB-2,Uncapped,54.21679514564564
2021,ageouts,full,category,EB-2,Uncapped,51.39756909443616
2021,ageouts,historical,category,EB-3,Uncapped,41.20827254784176
2021,ageouts,projection,category,EB-3,Uncapped,20.26732965488262
2021,ageouts,full,category,EB-3,Uncapped,22.453843707018983
2021,ageouts,historical,category,EB-4,Uncapped,30.725993306444693
2021,ageouts,projection,category,EB-4,Uncapped,24.862058098177616
2021,ageouts,full,category,EB-4,Uncapped,25.47433123216358
2021,ageouts,historical,category,EB-5,Uncapped,0.8366944134557625
2021,ageouts,projection,category,EB-5,Uncapped,0.2826370789833069
2021,ageouts,full,category,EB-5,Uncapped,0.34048806275732607
2021,exits,historical,overall,All,Uncapped,100.0
2021,exits,projection,overall,All,Uncapped,100.0
2021,exits,full,overall,All,Uncapped,100.0
2021,exits,historical,nationality,India,Uncapped,40.117079602446736
2021,exits,projection,nationality,India,Uncapped,17.407275224596024
2021,exits,full,nationality,India,Uncapped,21.553151053271023
2021,exits,historical,nationality,China,Uncapped,13.549272737893569
2021,exits,projection,nationality,China,Uncapped,8.933614996612773
2021,exits,full,nationality,China,Uncapped,9.776244177587856
2021,exits,historical,nationality,ROW,Uncapped,46.33364765965969
2021,exits,projection,nationality,ROW,Uncapped,73.6591097787912
2021,exits,full,nationality,ROW,Uncapped,68.67060476914112
2021,exits,historical,category,EB-1,Uncapped,0.9650930878806339
2021,exits,projection,category,EB-1,Uncapped,1.531846928991221
2021,exits,full,category,EB-1,Uncapped,1.4283809980842692
2021,exits,historical,category,EB-2,Uncapped,28.722472107015598
2021,exits,projection,category,EB-2,Uncapped,26.296255226441062
2021,exits,full,category,EB-2,Uncapped,26.739182596176917
2021,exits,historical,category,EB-3,Uncapped,35.324159455241876
2021,exits,projection,category,EB-3,Uncapped,23.36059577933726
2021,exits,full,category,EB-3,Uncapped,25.544650236324234
2021,exits,historical,category,EB-4,Uncapped,34.20259861640783
2021,exits,projection,category,EB-4,Uncapped,48.492427426200834
2021,exits,full,category,EB-4,Uncapped,45.8836926756626
2021,exits,historical,category,EB-5,Uncapped,0.7856767334540569
2021,exits,projection,category,EB-5,Uncapped,0.31887463902962215
2021,exits,full,category,EB-5,Uncapped,0.40409349375197573
2021,ageouts,historical,overall,All,Capped,100.0
2021,ageouts,projection,overall,All,Capped,100.0
2021,ageouts,full,overall,All,Capped,100.0
2021,ageouts,historical,nationality,India,Capped,61.26319402728911
2021,ageouts,projection,nationality,India,Capped,72.49064224720954
2021,ageouts,full,nationality,India,Capped,71.58895508912912
2021,ageouts,historical,nationality,China,Capped,8.735947824594525
2021,ageouts,projection,nationality,China,Capped,7.045198226991543
2021,ageouts,full,nationality,China,Capped,7.180983952280692
2021,ageouts,historical,nationality,ROW,Capped,30.000858148116365
2021,ageouts,projection,nationality,ROW,Capped,20.464159525798923
2021,ageouts,full,nationality,ROW,Capped,21.230060958590197
2021,ageouts,historical,category,EB-1,Capped,0.012872221745473268
2021,ageouts,projection,category,EB-1,Capped,0.9187271208096189
2021,ageouts,full,category,EB-1,Capped,0.8459770431810115
2021,ageouts,historical,category,EB-2,Capped,27.216167510512314
2021,ageouts,projection,category,EB-2,Capped,56.064835457171654
2021,ageouts,full,category,EB-2,Capped,53.747971205767115
2021,ageouts,historical,category,EB-3,Capped,41.20827254784176
2021,ageouts,projection,category,EB-3,Capped,23.897771000146125
2021,ageouts,full,category,EB-3,Capped,25.287994017856835
2021,ageouts,historical,category,EB-4,Capped,30.725993306444693
2021,ageouts,projection,category,EB-4,Capped,18.674664938120806
2021,ageouts,full,category,EB-4,Capped,19.64251870281223
2021,ageouts,historical,category,EB-5,Capped,0.8366944134557625
2021,ageouts,projection,category,EB-5,Capped,0.4440014837517938
2021,ageouts,full,category,EB-5,Capped,0.4755390303828089
2021,exits,historical,overall,All,Capped,100.0
2021,exits,projection,overall,All,Capped,100.0
2021,exits,full,overall,All,Capped,100.0
2021,exits,historical,nationality,India,Capped,40.117079602446736
2021,exits,projection,nationality,India,Capped,30.62071322442281
2021,exits,full,nationality,India,Capped,32.32680169712598
2021,exits,historical,nationality,China,Capped,13.549272737893569
2021,exits,projection,nationality,China,Capped,9.554312407136996
2021,exits,full,nationality,China,Capped,10.272034902025457
2021,exits,historical,nationality,ROW,Capped,46.33364765965969
2021,exits,projection,nationality,ROW,Capped,59.824974368440195
2021,exits,full,nationality,ROW,Capped,57.40116340084856
2021,exits,historical,category,EB-1,Capped,0.9650930878806339
2021,exits,projection,category,EB-1,Capped,1.443500000913781
2021,exits,full,category,EB-1,Capped,1.357550861306427
2021,exits,historical,category,EB-2,Capped,28.722472107015598
2021,exits,projection,category,EB-2,Capped,28.29249036417832
2021,exits,full,category,EB-2,Capped,28.369739584114182
2021,exits,historical,category,EB-3,Capped,35.324159455241876
2021,exits,projection,category,EB-3,Capped,22.404176345131464
2021,exits,full,category,EB-3,Capped,24.725341449153685
2021,exits,historical,category,EB-4,Capped,34.20259861640783
2021,exits,projection,category,EB-4,Capped,47.52036361177462
2021,exits,full,category,EB-4,Capped,45.12773421687831
2021,exits,historical,category,EB-5,Capped,0.7856767334540569
2021,exits,projection,category,EB-5,Capped,0.3394696780018166
2021,exits,full,category,EB-5,Capped,0.4196338885473981
2022,ageouts,historical,overall,All,Uncapped,100.0
2022,ageouts,projection,overall,All,Uncapped,100.0
2022,ageouts,full,overall,All,Uncapped,100.0
2022,ageouts,historical,nationality,India,Uncapped,61.11230961729301
2022,ageouts,projection,nationality,India,Uncapped,36.9991247572962
2022,ageouts,full,nationality,India,Uncapped,39.51680113884647
2022,ageouts,historical,nationality,China,Uncapped,8.685334598955862
2022,ageouts,projection,nationality,China,Uncapped,7.277592780756732
2022,ageouts,full,nationality,China,Uncapped,7.424576198649421
2022,ageouts,historical,nationality,ROW,Uncapped,30.202355783751134
2022,ageouts,projection,nationality,ROW,Uncapped,55.723282461947065
2022,ageouts,full,nationality,ROW,Uncapped,53.05862266250411
2022,ageouts,historical,category,EB-1,Uncapped,0.008629244509643181
2022,ageouts,projection,category,EB-1,Uncapped,0.36870856430015797
2022,ageouts,full,category,EB-1,Uncapped,0.33111240252456314
2022,ageouts,historical,category,EB-2,Uncapped,26.772231091167967
2022,ageouts,projection,category,EB-2,Uncapped,54.50397883321094
2022,ageouts,full,category,EB-2,Uncapped,51.608485487365925
2022,ageouts,historical,category,EB-3,Uncapped,41.5670708029512
2022,ageouts,projection,category,EB-3,Uncapped,20.037524773392622
2022,ageouts,full,category,EB-3,Uncapped,22.285441415629407
2022,ageouts,historical,category,EB-4,Uncapped,30.862492988738836
2022,ageouts,projection,category,EB-4,Uncapped,24.82520296576493
2022,ageouts,full,category,EB-4,Uncapped,25.455561111636687
2022,ageouts,historical,category,EB-5,Uncapped,0.7895758726323511
2022,ageouts,projection,category,EB-5,Uncapped,0.26458486333135484
2022,ageouts,full,category,EB-5,Uncapped,0.3193995828434221
2022,exits,historical,overall,All,Uncapped,100.0
2022,exits,projection,overall,All,Uncapped,100.0
2022,exits,full,overall,All,Uncapped,100.0
2022,exits,historical,nationality,India,Uncapped,40.09254309768809
2022,exits,projection,nationality,India,Uncapped,17.495040015513936
2022,exits,full,nationality,India,Uncapped,21.61923416968995
2022,exits,historical,nationality,China,Uncapped,13.575354136041694
2022,exits,projection,nationality,China,Uncapped,8.836790405227003
2022,exits,full,nationality,China,Uncapped,9.701609707021127
2022,exits,historical,nationality,ROW,Uncapped,46.33210276627021
2022,exits,projection,nationality,ROW,Uncapped,73.66816957925906
2022,exits,full,nationality,ROW,Uncapped,68.67915612328892
2022,exits,historical,category,EB-1,Uncapped,0.9763797942001871
2022,exits,projection,category,EB-1,Uncapped,1.5531650667919716
2022,exits,full,category,EB-1,Uncapped,1.4478979299411603
2022,exits,historical,category,EB-2,Uncapped,28.57852799679273
2022,exits,projection,category,EB-2,Uncapped,26.37052202904388
2022,exits,full,category,EB-2,Uncapped,26.773497759214656
2022,exits,historical,category,EB-3,Uncapped,35.50213817987438
2022,exits,projection,category,EB-3,Uncapped,23.28349108321586
2022,exits,full,category,EB-3,Uncapped,25.513475198926862
2022,exits,historical,category,EB-4,Uncapped,34.10730990244554
2022,exits,projection,category,EB-4,Uncapped,48.47769498705929
2022,exits,full,category,EB-4,Uncapped,45.855004420596934
2022,exits,historical,category,EB-5,Uncapped,0.8356441266871576
2022,exits,projection,category,EB-5,Uncapped,0.31512683388900076
2022,exits,full,category,EB-5,Uncapped,0.4101246913203866
2022,ageouts,historical,overall,All,Capped,100.0
2022,ageouts,projection,overall,All,Capped,100.0
2022,ageouts,full,overall,All,Capped,100.0
2022,ageouts,historical,nationality,India,Capped,61.11230961729301
2022,ageouts,projection,nationality,India,Capped,72.65085762489456
2022,ageouts,full,nationality,India,Capped,71.72837717573525
2022,ageouts,historical,nationality,China,Capped,8.685334598955862
2022,ageouts,projection,nationality,China,Capped,6.9502296372668475
2022,ageouts,full,nationality,China,Capped,7.088947299432222
2022,ageouts,historical,nationality,ROW,Capped,30.202355783751134
2022,ageouts,projection,nationality,ROW,Capped,20.398912737838597
2022,ageouts,full,nationality,ROW,Capped,21.18267552483253
2022,ageouts,historical,category,EB-1,Capped,0.008629244509643181
2022,ageouts,projection,category,EB-1,Capped,0.9605398819008342
2022,ageouts,full,category,EB-1,Capped,0.8844368096805127
2022,ageouts,historical,category,EB-2,Capped,26.772231091167967
2022,ageouts,projection,category,EB-2,Capped,56.32355422251383
2022,ageouts,full,category,EB-2,Capped,53.960993715117525
2022,ageouts,historical,category,EB-3,Capped,41.5670708029512
2022,ageouts,projection,category,EB-3,Capped,23.73530790139657
2022,ageouts,full,category,EB-3,Capped,25.16091644762713
2022,ageouts,historical,category,EB-4,Capped,30.862492988738836
2022,ageouts,projection,category,EB-4,Capped,18.56031493110882
2022,ageouts,full,category,EB-4,Capped,19.543845851356664
2022,ageouts,historical,category,EB-5,Capped,0.7895758726323511
2022,ageouts,projection,category,EB-5,Capped,0.4202830630799513
2022,ageouts,full,category,EB-5,Capped,0.4498071762181703
2022,exits,historical,overall,All,Capped,100.0
2022,exits,projection,overall,All,Capped,100.0
2022,exits,full,overall,All,Capped,100.0
2022,exits,historical,nationality,India,Capped,40.09254309768809
2022,exits,projection,nationality,India,Capped,30.692646198924056
2022,exits,full,nationality,India,Capped,32.38214619463845
2022,exits,historical,nationality,China,Capped,13.575354136041694
2022,exits,projection,nationality,China,Capped,9.539818943658041
2022,exits,full,nationality,China,Capped,10.265149951398557
2022,exits,historical,nationality,ROW,Capped,46.33210276627021
2022,exits,projection,nationality,ROW,Capped,59.7675348574179
2022,exits,full,nationality,ROW,Capped,57.352703853962986
2022,exits,historical,category,EB-1,Capped,0.9763797942001871
2022,exits,projection,category,EB-1,Capped,1.454142489675689
2022,exits,full,category,EB-1,Capped,1.36827132740108
2022,exits,historical,category,EB-2,Capped,28.57852799679273
2022,exits,projection,category,EB-2,Capped,28.32562689362917
2022,exits,full,category,EB-2,Capped,28.371082329716685
2022,exits,historical,category,EB-3,Capped,35.50213817987438
2022,exits,projection,category,EB-3,Capped,22.397875566544567
2022,exits,full,category,EB-3,Capped,24.753183488269975
2022,exits,historical,category,EB-4,Capped,34.10730990244554
2022,exits,projection,category,EB-4,Capped,47.48386955085472
2022,exits,full,category,EB-4,Capped,45.079620045561505
2022,exits,historical,category,EB-5,Capped,0.8356441266871576
2022,exits,projection,category,EB-5,Capped,0.3384854992958513
2022,exits,full,category,EB-5,Capped,0.4278428090507519
2023,ageouts,historical,overall,All,Uncapped,100.0
2023,ageouts,projection,overall,All,Uncapped,100.0
2023,ageouts,full,overall,All,Uncapped,100.0
2023,ageouts,historical,nationality,India,Uncapped,60.64161399255347
2023,ageouts,projection,nationality,India,Uncapped,36.38157300211862
2023,ageouts,full,nationality,India,Uncapped,38.90248510913966
2023,ageouts,historical,nationality,China,Uncapped,9.477010996623084
2023,ageouts,projection,nationality,China,Uncapped,7.318787464982479
2023,ageouts,full,nationality,China,Uncapped,7.54305303125731
2023,ageouts,historical,nationality,ROW,Uncapped,29.881375010823447
2023,ageouts,projection,nationality,ROW,Uncapped,56.2996395328989
2023,ageouts,full,nationality,ROW,Uncapped,53.55446185960303
2023,ageouts,historical,category,EB-1,Uncapped,0.017317516668109795
2023,ageouts,projection,category,EB-1,Uncapped,0.39410400329340417
2023,ageouts,full,category,EB-1,Uncapped,0.3549513235320581
2023,ageouts,historical,category,EB-2,Uncapped,26.84215083557018
2023,ageouts,projection,category,EB-2,Uncapped,54.148885965881135
2023,ageouts,full,category,EB-2,Uncapped,51.311385434849115
2023,ageouts,historical,category,EB-3,Uncapped,41.74820330764568
2023,ageouts,projection,category,EB-3,Uncapped,20.141475806532586
2023,ageouts,full,category,EB-3,Uncapped,22.386676503931906
2023,ageouts,historical,category,EB-4,Uncapped,30.465841198372154
2023,ageouts,projection,category,EB-4,Uncapped,25.025353187473016
2023,ageouts,full,category,EB-4,Uncapped,25.59068578935056
2023,ageouts,historical,category,EB-5,Uncapped,0.9264871417438739
2023,ageouts,projection,category,EB-5,Uncapped,0.2901810368198568
2023,ageouts,full,category,EB-5,Uncapped,0.3563009483363625
2023,exits,historical,overall,All,Uncapped,100.0
2023,exits,projection,overall,All,Uncapped,100.0
2023,exits,full,overall,All,Uncapped,100.0
2023,exits,historical,nationality,India,Uncapped,40.21600220512692
2023,exits,projection,nationality,India,Uncapped,17.443427302333827
2023,exits,full,nationality,India,Uncapped,21.60239864782407
2023,exits,historical,nationality,China,Uncapped,13.608723615739928
2023,exits,projection,nationality,China,Uncapped,8.874331625654378
2023,exits,full,nationality,China,Uncapped,9.738976959312685
2023,exits,historical,nationality,ROW,Uncapped,46.175274179133154
2023,exits,projection,nationality,ROW,Uncapped,73.68224107201179
2023,exits,full,nationality,ROW,Uncapped,68.65862439286325
2023,exits,historical,category,EB-1,Uncapped,0.971007592652918
2023,exits,projection,category,EB-1,Uncapped,1.5231003238057912
2023,exits,full,category,EB-1,Uncapped,1.4222712406336189
2023,exits,historical,category,EB-2,Uncapped,28.672914526273587
2023,exits,projection,category,EB-2,Uncapped,26.344540559708108
2023,exits,full,category,EB-2,Uncapped,26.76977313221547
2023,exits,historical,category,EB-3,Uncapped,35.42026879160716
2023,exits,projection,category,EB-3,Uncapped,23.311124175321705
2023,exits,full,category,EB-3,Uncapped,25.522625759683677
2023,exits,historical,category,EB-4,Uncapped,34.11515105954678
2023,exits,projection,category,EB-4,Uncapped,48.50498772897362
2023,exits,full,category,EB-4,Uncapped,45.87696175343536
2023,exits,historical,category,EB-5,Uncapped,0.8206580299195629
2023,exits,projection,category,EB-5,Uncapped,0.3162472121907748
2023,exits,full,category,EB-5,Uncapped,0.40836811403187623
2023,ageouts,historical,overall,All,Capped,100.0
2023,ageouts,projection,overall,All,Capped,100.0
2023,ageouts,full,overall,All,Capped,100.0
2023,ageouts,historical,nationality,India,Capped,60.64161399255347
2023,ageouts,projection,nationality,India,Capped,72.40508615531664
2023,ageouts,full,nationality,India,Capped,71.46437981020568
2023,ageouts,historical,nationality,China,Capped,9.477010996623084
2023,ageouts,projection,nationality,China,Capped,7.117080164521094
2023,ageouts,full,nationality,China,Capped,7.305800117020208
2023,ageouts,historical,nationality,ROW,Capped,29.881375010823447
2023,ageouts,projection,nationality,ROW,Capped,20.477833680162263
2023,ageouts,full,nationality,ROW,Capped,21.229820072774107
2023,ageouts,historical,category,EB-1,Capped,0.017317516668109795
2023,ageouts,projection,category,EB-1,Capped,0.9475391452579768
2023,ageouts,full,category,EB-1,Capped,0.8731507864242709
2023,ageouts,historical,category,EB-2,Capped,26.84215083557018
2023,ageouts,projection,category,EB-2,Capped,56.123067197007614
2023,ageouts,full,category,EB-2,Capped,53.78151842375856
2023,ageouts,historical,category,EB-3,Capped,41.74820330764568
2023,ageouts,projection,category,EB-3,Capped,23.819056901268528
2023,ageouts,full,category,EB-3,Capped,25.252822506655956
2023,ageouts,historical,category,EB-4,Capped,30.465841198372154
2023,ageouts,projection,category,EB-4,Capped,18.671187359120346
2023,ageouts,full,category,EB-4,Capped,19.614387253798828
2023,ageouts,historical,category,EB-5,Capped,0.9264871417438739
2023,ageouts,projection,category,EB-5,Capped,0.4391493973455357
2023,ageouts,full,category,EB-5,Capped,0.4781210293623783
2023,exits,historical,overall,All,Capped,100.0
2023,exits,projection,overall,All,Capped,100.0
2023,exits,full,overall,All,Capped,100.0
2023,exits,historical,nationality,India,Capped,40.21600220512692
2023,exits,projection,nationality,India,Capped,30.621930286315887
2023,exits,full,nationality,India,Capped,32.34687449080808
2023,exits,historical,nationality,China,Capped,13.608723615739928
2023,exits,projection,nationality,China,Capped,9.56922161444625
2023,exits,full,nationality,China,Capped,10.295494632319317
2023,exits,historical,nationality,ROW,Capped,46.175274179133154
2023,exits,projection,nationality,ROW,Capped,59.80884809923786
2023,exits,full,nationality,ROW,Capped,57.357630876872605
2023,exits,historical,category,EB-1,Capped,0.971007592652918
2023,exits,projection,category,EB-1,Capped,1.433089968644863
2023,exits,full,category,EB-1,Capped,1.3500109253345367
2023,exits,historical,category,EB-2,Capped,28.672914526273587
2023,exits,projection,category,EB-2,Capped,28.27537591833932
2023,exits,full,category,EB-2,Capped,28.346850462580917
2023,exits,historical,category,EB-3,Capped,35.42026879160716
2023,exits,projection,category,EB-3,Capped,22.376948252580505
2023,exits,full,category,EB-3,Capped,24.722042219096885
2023,exits,historical,category,EB-4,Capped,34.11515105954678
2023,exits,projection,category,EB-4,Capped,47.56459844826402
2023,exits,full,category,EB-4,Capped,45.146485834233765
2023,exits,historical,category,EB-5,Capped,0.8206580299195629
2023,exits,projection,category,EB-5,Capped,0.34998741217128604
2023,exits,full,category,EB-5,Capped,0.43461055875389615
2024,ageouts,historical,overall,All,Uncapped,100.0
2024,ageouts,projection,overall,All,Uncapped,100.0
2024,ageouts,full,overall,All,Uncapped,100.0
2024,ageouts,historical,nationality,India,Uncapped,60.88332177531207
2024,ageouts,projection,nationality,India,Uncapped,36.83181749660821
2024,ageouts,full,nationality,India,Uncapped,39.3305175565782
2024,ageouts,historical,nationality,China,Uncapped,8.989251040221914
2024,ageouts,projection,nationality,China,Uncapped,7.277523742525501
2024,ageouts,full,nationality,China,Uncapped,7.455354328581334
2024,ageouts,historical,nationality,ROW,Uncapped,30.12742718446602
2024,ageouts,projection,nationality,ROW,Uncapped,55.89065876086629
2024,ageouts,full,nationality,ROW,Uncapped,53.21412811484046
2024,ageouts,historical,category,EB-1,Uncapped,0.02167128987517337
2024,ageouts,projection,category,EB-1,Uncapped,0.3849052811416512
2024,ageouts,full,category,EB-1,Uncapped,0.34716906367918154
2024,ageouts,historical,category,EB-2,Uncapped,27.054438280166437
2024,ageouts,projection,category,EB-2,Uncapped,54.435455504748504
2024,ageouts,full,category,EB-2,Uncapped,51.59085382876595
2024,ageouts,historical,category,EB-3,Uncapped,41.18845353675451
2024,ageouts,projection,category,EB-3,Uncapped,20.023616903673183
2024,ageouts,full,category,EB-3,Uncapped,22.222422348501905
2024,ageouts,historical,category,EB-4,Uncapped,30.79490291262136
2024,ageouts,projection,category,EB-4,Uncapped,24.876136877543843
2024,ageouts,full,category,EB-4,Uncapped,25.491034842985925
2024,ageouts,historical,category,EB-5,Uncapped,0.9405339805825242
2024,ageouts,projection,category,EB-5,Uncapped,0.2798854328928195
2024,ageouts,full,category,EB-5,Uncapped,0.3485199160670383
2024,exits,historical,overall,All,Uncapped,100.0
2024,exits,projection,overall,All,Uncapped,100.0
2024,exits,full,overall,All,Uncapped,100.0
2024,exits,historical,nationality,India,Uncapped,40.14875157902636
2024,exits,projection,nationality,India,Uncapped,17.43361924296103
2024,exits,full,nationality,India,Uncapped,21.58498944351193
2024,exits,historical,nationality,China,Uncapped,13.579835155901494
2024,exits,projection,nationality,China,Uncapped,8.912735409285848
2024,exits,full,nationality,China,Uncapped,9.765684823115013
2024,exits,historical,nationality,ROW,Uncapped,46.27141326507215
2024,exits,projection,nationality,ROW,Uncapped,73.65364534775313
2024,exits,full,nationality,ROW,Uncapped,68.64932573337306
2024,exits,historical,category,EB-1,Uncapped,1.0030725872685657
2024,exits,projection,category,EB-1,Uncapped,1.550531418981913
2024,exits,full,category,EB-1,Uncapped,1.4504789849313848
2024,exits,historical,category,EB-2,Uncapped,28.695130136786414
2024,exits,projection,category,EB-2,Uncapped,26.35884765989185
2024,exits,full,category,EB-2,Uncapped,26.785821771737567
2024,exits,historical,category,EB-3,Uncapped,35.285141935188
2024,exits,projection,category,EB-3,Uncapped,23.338709677419356
2024,exits,full,category,EB-3,Uncapped,25.52201471584342
2024,exits,historical,category,EB-4,Uncapped,34.1995222272714
2024,exits,projection,category,EB-4,Uncapped,48.437255267574116
2024,exits,full,category,EB-4,Uncapped,45.83519687793103
2024,exits,historical,category,EB-5,Uncapped,0.8171331134856147
2024,exits,projection,category,EB-5,Uncapped,0.31465597613276153
2024,exits,full,category,EB-5,Uncapped,0.406487649556597
2024,ageouts,historical,overall,All,Capped,100.0
2024,ageouts,projection,overall,All,Capped,100.0
2024,ageouts,full,overall,All,Capped,100.0
2024,ageouts,historical,nationality,India,Capped,60.88332177531207
2024,ageouts,projection,nationality,India,Capped,72.69411112326617
2024,ageouts,full,nationality,India,Capped,71.74847743480298
2024,ageouts,historical,nationality,China,Capped,8.989251040221914
2024,ageouts,projection,nationality,China,Capped,6.98962250983617
2024,ageouts,full,nationality,China,Capped,7.1497232488331335
2024,ageouts,historical,nationality,ROW,Capped,30.12742718446602
2024,ageouts,projection,nationality,ROW,Capped,20.316266366897654
2024,ageouts,full,nationality,ROW,Capped,21.101799316363888
2024,ageouts,historical,category,EB-1,Capped,0.02167128987517337
2024,ageouts,projection,category,EB-1,Capped,0.9777700655996198
2024,ageouts,full,category,EB-1,Capped,0.9012197872746517
2024,ageouts,historical,category,EB-2,Capped,27.054438280166437
2024,ageouts,projection,category,EB-2,Capped,56.162931499511494
2024,ageouts,full,category,EB-2,Capped,53.83235299220932
2024,ageouts,historical,category,EB-3,Capped,41.18845353675451
2024,ageouts,projection,category,EB-3,Capped,23.86935905512405
2024,ageouts,full,category,EB-3,Capped,25.256016518314162
2024,ageouts,historical,category,EB-4,Capped,30.79490291262136
2024,ageouts,projection,category,EB-4,Capped,18.58366686408166
2024,ageouts,full,category,EB-4,Capped,19.561362413894816
2024,ageouts,historical,category,EB-5,Capped,0.9405339805825242
2024,ageouts,projection,category,EB-5,Capped,0.40627251568317535
2024,ageouts,full,category,EB-5,Capped,0.4490482883070463
2024,exits,historical,overall,All,Capped,100.0
2024,exits,projection,overall,All,Capped,100.0
2024,exits,full,overall,All,Capped,100.0
2024,exits,historical,nationality,India,Capped,40.14875157902636
2024,exits,projection,nationality,India,Capped,30.6543139131158
2024,exits,full,nationality,India,Capped,32.361442604075464
2024,exits,historical,nationality,China,Capped,13.579835155901494
2024,exits,projection,nationality,China,Capped,9.534998706781128
2024,exits,full,nationality,China,Capped,10.262272569173753
2024,exits,historical,nationality,ROW,Capped,46.27141326507215
2024,exits,projection,nationality,ROW,Capped,59.810687380103076
2024,exits,full,nationality,ROW,Capped,57.37628482675078
2024,exits,historical,category,EB-1,Capped,1.0030725872685657
2024,exits,projection,category,EB-1,Capped,1.4330510186269214
2024,exits,full,category,EB-1,Capped,1.3557395924535542
2024,exits,historical,category,EB-2,Capped,28.695130136786414
2024,exits,projection,category,EB-2,Capped,28.269398968532283
2024,exits,full,category,EB-2,Capped,28.34594672391667
2024,exits,historical,category,EB-3,Capped,35.285141935188
2024,exits,projection,category,EB-3,Capped,22.44589272772305
2024,exits,full,category,EB-3,Capped,24.75442867937201
2024,exits,historical,category,EB-4,Capped,34.1995222272714
2024,exits,projection,category,EB-4,Capped,47.504453151204245
2024,exits,full,category,EB-4,Capped,45.112186214423645
2024,exits,historical,category,EB-5,Capped,0.8171331134856147
2024,exits,projection,category,EB-5,Capped,0.34720413391349964
2024,exits,full,category,EB-5,Capped,0.4316987898341269
2025,ageouts,historical,overall,All,Uncapped,100.0
2025,ageouts,projection,overall,All,Uncapped,100.0
2025,ageouts,full,overall,All,Uncapped,100.0
2025,ageouts,historical,nationality,India,Uncapped,60.88823984193798
2025,ageouts,projection,nationality,India,Uncapped,36.891871588120395
2025,ageouts,full,nationality,India,Uncapped,39.39771789443468
2025,ageouts,historical,nationality,China,Uncapped,9.20883085645563
2025,ageouts,projection,nationality,China,Uncapped,7.454299594330646
2025,ageouts,full,nationality,China,Uncapped,7.637518389608526
2025,ageouts,historical,nationality,ROW,Uncapped,29.90292930160639
2025,ageouts,projection,nationality,ROW,Uncapped,55.653828817548955
2025,ageouts,full,nationality,ROW,Uncapped,52.9647637159568
2025,ageouts,historical,category,EB-1,Uncapped,0.0042951636457349025
2025,ageouts,projection,category,EB-1,Uncapped,0.3841338208043271
2025,ageouts,full,category,EB-1,Uncapped,0.3444687645771287
2025,ageouts,historical,category,EB-2,Uncapped,27.218452023022078
2025,ageouts,projection,category,EB-2,Uncapped,54.190915009766115
2025,ageouts,full,category,EB-2,Uncapped,51.37428684201084
2025,ageouts,historical,category,EB-3,Uncapped,41.07894510780861
2025,ageouts,projection,category,EB-3,Uncapped,20.011519006360494
2025,ageouts,full,category,EB-3,Uncapped,22.211507409666655
2025,ageouts,historical,category,EB-4,Uncapped,30.73189588523323
2025,ageouts,projection,category,EB-4,Uncapped,25.128461962237694
2025,ageouts,full,category,EB-4,Uncapped,25.713606516200798
2025,ageouts,historical,category,EB-5,Uncapped,0.9664118202903531
2025,ageouts,projection,category,EB-5,Uncapped,0.28497020083137176
2025,ageouts,full,category,EB-5,Uncapped,0.3561304675445836
2025,exits,historical,overall,All,Uncapped,100.0
2025,exits,projection,overall,All,Uncapped,100.0
2025,exits,full,overall,All,Uncapped,100.0
2025,exits,historical,nationality,India,Uncapped,40.39815913871015
2025,exits,projection,nationality,India,Uncapped,17.49457744197186
2025,exits,full,nationality,India,Uncapped,21.688986449484172
2025,exits,historical,nationality,China,Uncapped,13.499510630765707
2025,exits,projection,nationality,China,Uncapped,8.95732822652707
2025,exits,full,nationality,China,Uncapped,9.789153180473711
2025,exits,historical,nationality,ROW,Uncapped,46.102330230524146
2025,exits,projection,nationality,ROW,Uncapped,73.54809433150108
2025,exits,full,nationality,ROW,Uncapped,68.52186037004212
2025,exits,historical,category,EB-1,Uncapped,1.004976989233877
2025,exits,projection,category,EB-1,Uncapped,1.5436199624832747
2025,exits,full,category,EB-1,Uncapped,1.4449764852863334
2025,exits,historical,category,EB-2,Uncapped,28.692863538868412
2025,exits,projection,category,EB-2,Uncapped,26.42184000022409
2025,exits,full,category,EB-2,Uncapped,26.83774008576044
2025,exits,historical,category,EB-3,Uncapped,35.39409841527665
2025,exits,projection,category,EB-3,Uncapped,23.31303122627777
2025,exits,full,category,EB-3,Uncapped,25.52547719690579
2025,exits,historical,category,EB-4,Uncapped,34.10382957456113
2025,exits,projection,category,EB-4,Uncapped,48.4117950791278
2025,exits,full,category,EB-4,Uncapped,45.79152982166038
2025,exits,historical,category,EB-5,Uncapped,0.8042314820599321
2025,exits,projection,category,EB-5,Uncapped,0.30971373188706885
2025,exits,full,category,EB-5,Uncapped,0.4002764103870508
2025,ageouts,historical,overall,All,Capped,100.0
2025,ageouts,projection,overall,All,Capped,100.0
2025,ageouts,full,overall,All,Capped,100.0
2025,ageouts,historical,nationality,India,Capped,60.88823984193798
2025,ageouts,projection,nationality,India,Capped,72.43527905920507
2025,ageouts,full,nationality,India,Capped,71.50727489255942
2025,ageouts,historical,nationality,China,Capped,9.20883085645563
2025,ageouts,projection,nationality,China,Capped,7.128405896108673
2025,ageouts,full,nationality,China,Capped,7.295603997307513
2025,ageouts,historical,nationality,ROW,Capped,29.90292930160639
2025,ageouts,projection,nationality,ROW,Capped,20.436315044686257
2025,ageouts,full,nationality,ROW,Capped,21.19712111013307
2025,ageouts,historical,category,EB-1,Capped,0.0042951636457349025
2025,ageouts,projection,category,EB-1,Capped,0.9605387124502183
2025,ageouts,full,category,EB-1,Capped,0.8836880167072265
2025,ageouts,historical,category,EB-2,Capped,27.218452023022078
2025,ageouts,projection,category,EB-2,Capped,56.163175220428435
2025,ageouts,full,category,EB-2,Capped,53.836966464730146
2025,ageouts,historical,category,EB-3,Capped,41.07894510780861
2025,ageouts,projection,category,EB-3,Capped,23.701546095723558
2025,ageouts,full,category,EB-3,Capped,25.09812043701134
2025,ageouts,historical,category,EB-4,Capped,30.73189588523323
2025,ageouts,projection,category,EB-4,Capped,18.770105062440646
2025,ageouts,full,category,EB-4,Capped,19.731441688672568
2025,ageouts,historical,category,EB-5,Capped,0.9664118202903531
2025,ageouts,projection,category,EB-5,Capped,0.4046349089571455
2025,ageouts,full,category,EB-5,Capped,0.44978339287871727
2025,exits,historical,overall,All,Capped,100.0
2025,exits,projection,overall,All,Capped,100.0
2025,exits,full,overall,All,Capped,100.0
2025,exits,historical,nationality,India,Capped,40.39815913871015
2025,exits,projection,nationality,India,Capped,30.644805502086438
2025,exits,full,nationality,India,Capped,32.402096296363
2025,exits,historical,nationality,China,Capped,13.499510630765707
2025,exits,projection,nationality,China,Capped,9.586638731532561
2025,exits,full,nationality,China,Capped,10.291632523809952
2025,exits,historical,nationality,ROW,Capped,46.102330230524146
2025,exits,projection,nationality,ROW,Capped,59.768555766381
2025,exits,full,nationality,ROW,Capped,57.30627117982705
2025,exits,historical,category,EB-1,Capped,1.004976989233877
2025,exits,projection,category,EB-1,Capped,1.4617434196375205
2025,exits,full,category,EB-1,Capped,1.3794464504936081
2025,exits,historical,category,EB-2,Capped,28.692863538868412
2025,exits,projection,category,EB-2,Capped,28.32459673913143
2025,exits,full,category,EB-2,Capped,28.390948466047742
2025,exits,historical,category,EB-3,Capped,35.39409841527665
2025,exits,projection,category,EB-3,Capped,22.340967899309035
2025,exits,full,category,EB-3,Capped,24.69278932881897
2025,exits,historical,category,EB-4,Capped,34.10382957456113
2025,exits,projection,category,EB-4,Capped,47.522312868010154
2025,exits,full,category,EB-4,Capped,45.104664739658844
2025,exits,historical,category,EB-5,Capped,0.8042314820599321
2025,exits,projection,category,EB-5,Capped,0.3503790739118615
2025,exits,full,category,EB-5,Capped,0.43215101498083497
2026,ageouts,historical,overall,All,Uncapped,100.0
2026,ageouts,projection,overall,All,Uncapped,100.0
2026,ageouts,full,overall,All,Uncapped,100.0
2026,ageouts,historical,nationality,India,Uncapped,61.052858683926644
2026,ageouts,projection,nationality,India,Uncapped,36.43503568153729
2026,ageouts,full,nationality,India,Uncapped,38.98382319434951
2026,ageouts,historical,nationality,China,Uncapped,8.504854368932039
2026,ageouts,projection,nationality,China,Uncapped,7.472690666985608
2026,ageouts,full,nationality,China,Uncapped,7.579554947976001
2026,ageouts,historical,nationality,ROW,Uncapped,30.442286947141316
2026,ageouts,projection,nationality,ROW,Uncapped,56.09227365147709
2026,ageouts,full,nationality,ROW,Uncapped,53.43662185767449
2026,ageouts,historical,category,EB-1,Uncapped,0.008629989212513484
2026,ageouts,projection,category,EB-1,Uncapped,0.3907028664832755
2026,ageouts,full,category,EB-1,Uncapped,0.35114524278610965
2026,ageouts,historical,category,EB-2,Uncapped,26.964401294498384
2026,ageouts,projection,category,EB-2,Uncapped,54.269824183710085
2026,ageouts,full,category,EB-2,Uncapped,51.44277806816506
2026,ageouts,historical,category,EB-3,Uncapped,41.07874865156418
2026,ageouts,projection,category,EB-3,Uncapped,20.099270422198302
2026,ageouts,full,category,EB-3,Uncapped,22.27136468622537
2026,ageouts,historical,category,EB-4,Uncapped,31.11111111111111
2026,ageouts,projection,category,EB-4,Uncapped,24.96760754295738
2026,ageouts,full,category,EB-4,Uncapped,25.603670495311363
2026,ageouts,historical,category,EB-5,Uncapped,0.837108953613808
2026,ageouts,projection,category,EB-5,Uncapped,0.2725949846509588
2026,ageouts,full,category,EB-5,Uncapped,0.33104150751209577
2026,exits,historical,overall,All,Uncapped,100.0
2026,exits,projection,overall,All,Uncapped,100.0
2026,exits,full,overall,All,Uncapped,100.0
2026,exits,historical,nationality,India,Uncapped,40.323402619970594
2026,exits,projection,nationality,India,Uncapped,17.453680219050316
2026,exits,full,nationality,India,Uncapped,21.63347790669178
2026,exits,historical,nationality,China,Uncapped,13.664617029808849
2026,exits,projection,nationality,China,Uncapped,8.879908149833852
2026,exits,full,nationality,China,Uncapped,9.754388161526181
2026,exits,historical,nationality,ROW,Uncapped,46.01198035022056
2026,exits,projection,nationality,ROW,Uncapped,73.66641163111584
2026,exits,full,nationality,ROW,Uncapped,68.61213393178204
2026,exits,historical,category,EB-1,Uncapped,0.9778939981285925
2026,exits,projection,category,EB-1,Uncapped,1.5469354162170847
2026,exits,full,category,EB-1,Uncapped,1.442934241134925
2026,exits,historical,category,EB-2,Uncapped,28.666371474401817
2026,exits,projection,category,EB-2,Uncapped,26.355728817802788
2026,exits,full,category,EB-2,Uncapped,26.778034723563575
2026,exits,historical,category,EB-3,Uncapped,35.41054003475471
2026,exits,projection,category,EB-3,Uncapped,23.321459700179087
2026,exits,full,category,EB-3,Uncapped,25.53092727229696
2026,exits,historical,category,EB-4,Uncapped,34.131884106402886
2026,exits,projection,category,EB-4,Uncapped,48.460958541308756
2026,exits,full,category,EB-4,Uncapped,45.842097186583615
2026,exits,historical,category,EB-5,Uncapped,0.8133103863119904
2026,exits,projection,category,EB-5,Uncapped,0.31491752449228777
2026,exits,full,category,EB-5,Uncapped,0.4060065764209276
2026,ageouts,historical,overall,All,Capped,100.0
2026,ageouts,projection,overall,All,Capped,100.0
2026,ageouts,full,overall,All,Capped,100.0
2026,ageouts,historical,nationality,India,Capped,61.052858683926644
2026,ageouts,projection,nationality,India,Capped,72.43744562119349
2026,ageouts,full,nationality,India,Capped,71.52710447411006
2026,ageouts,historical,nationality,China,Capped,8.504854368932039
2026,ageouts,projection,nationality,China,Capped,7.2098796915784105
2026,ageouts,full,nationality,China,Capped,7.313429230944404
2026,ageouts,historical,nationality,ROW,Capped,30.442286947141316
2026,ageouts,projection,nationality,ROW,Capped,20.352674687228106
2026,ageouts,full,nationality,ROW,Capped,21.159466294945535
2026,ageouts,historical,category,EB-1,Capped,0.008629989212513484
2026,ageouts,projection,category,EB-1,Capped,0.9521916534157391
2026,ageouts,full,category,EB-1,Capped,0.8767420115035729
2026,ageouts,historical,category,EB-2,Capped,26.964401294498384
2026,ageouts,projection,category,EB-2,Capped,56.148555398877924
2026,ageouts,full,category,EB-2,Capped,53.81491462030274
2026,ageouts,historical,category,EB-3,Capped,41.07874865156418
2026,ageouts,projection,category,EB-3,Capped,23.912798895922716
2026,ageouts,full,category,EB-3,Capped,25.285432833142988
2026,ageouts,historical,category,EB-4,Capped,31.11111111111111
2026,ageouts,projection,category,EB-4,Capped,18.573925174762234
2026,ageouts,full,category,EB-4,Capped,19.576431132104766
2026,ageouts,historical,category,EB-5,Capped,0.837108953613808
2026,ageouts,projection,category,EB-5,Capped,0.4125288770213915
2026,ageouts,full,category,EB-5,Capped,0.44647940294593597
2026,exits,historical,overall,All,Capped,100.0
2026,exits,projection,overall,All,Capped,100.0
2026,exits,full,overall,All,Capped,100.0
2026,exits,historical,nationality,India,Capped,40.323402619970594
2026,exits,projection,nationality,India,Capped,30.560184086789008
2026,exits,full,nationality,India,Capped,32.316117113468984
2026,exits,historical,nationality,China,Capped,13.664617029808849
2026,exits,projection,nationality,China,Capped,9.558479341992326
2026,exits,full,nationality,China,Capped,10.296975848408513
2026,exits,historical,nationality,ROW,Capped,46.01198035022056
2026,exits,projection,nationality,ROW,Capped,59.88133657121867
2026,exits,full,nationality,ROW,Capped,57.38690703812251
2026,exits,historical,category,EB-1,Capped,0.9778939981285925
2026,exits,projection,category,EB-1,Capped,1.4356131356037005
2026,exits,full,category,EB-1,Capped,1.3532914967195095
2026,exits,historical,category,EB-2,Capped,28.666371474401817
2026,exits,projection,category,EB-2,Capped,28.307282768703413
2026,exits,full,category,EB-2,Capped,28.371865540839533
2026,exits,historical,category,EB-3,Capped,35.41054003475471
2026,exits,projection,category,EB-3,Capped,22.39206565420154
2026,exits,full,category,EB-3,Capped,24.733462504441977
2026,exits,historical,category,EB-4,Capped,34.131884106402886
2026,exits,projection,category,EB-4,Capped,47.51786043077554
2026,exits,full,category,EB-4,Capped,45.11036767186231
2026,exits,historical,category,EB-5,Capped,0.8133103863119904
2026,exits,projection,category,EB-5,Capped,0.34717801071580046
2026,exits,full,category,EB-5,Capped,0.43101278613666943
2027,ageouts,historical,overall,All,Uncapped,100.0
2027,ageouts,projection,overall,All,Uncapped,100.0
2027,ageouts,full,overall,All,Uncapped,100.0
2027,ageouts,historical,nationality,India,Uncapped,61.64514171795094
2027,ageouts,projection,nationality,India,Uncapped,36.90971648361555
2027,ageouts,full,nationality,India,Uncapped,39.472042021145256
2027,ageouts,historical,nationality,China,Uncapped,8.789113287683106
2027,ageouts,projection,nationality,China,Uncapped,7.332562064596261
2027,ageouts,full,nationality,China,Uncapped,7.483445195178343
2027,ageouts,historical,nationality,ROW,Uncapped,29.565744994365954
2027,ageouts,projection,nationality,ROW,Uncapped,55.75772145178819
2027,ageouts,full,nationality,ROW,Uncapped,53.0445127836764
2027,ageouts,historical,category,EB-1,Uncapped,0.013001646875270868
2027,ageouts,projection,category,EB-1,Uncapped,0.36059317577414846
2027,ageouts,full,category,EB-1,Uncapped,0.3245864104693708
2027,ageouts,historical,category,EB-2,Uncapped,27.39013608390396
2027,ageouts,projection,category,EB-2,Uncapped,54.30983968628394
2027,ageouts,full,category,EB-2,Uncapped,51.521246268154165
2027,ageouts,historical,category,EB-3,Uncapped,41.28456271127676
2027,ageouts,projection,category,EB-3,Uncapped,20.110081083382163
2027,ageouts,full,category,EB-3,Uncapped,22.30353094345552
2027,ageouts,historical,category,EB-4,Uncapped,30.402184276675044
2027,ageouts,projection,category,EB-4,Uncapped,24.943031286466237
2027,ageouts,full,category,EB-4,Uncapped,25.508541156928327
2027,ageouts,historical,category,EB-5,Uncapped,0.9101152812689607
2027,ageouts,projection,category,EB-5,Uncapped,0.2764547680935138
2027,ageouts,full,category,EB-5,Uncapped,0.34209522099261486
2027,exits,historical,overall,All,Uncapped,100.0
2027,exits,projection,overall,All,Uncapped,100.0
2027,exits,full,overall,All,Uncapped,100.0
2027,exits,historical,nationality,India,Uncapped,40.33650201201376
2027,exits,projection,nationality,India,Uncapped,17.46877359538345
2027,exits,full,nationality,India,Uncapped,21.654478397751593
2027,exits,historical,nationality,China,Uncapped,13.466328970498797
2027,exits,projection,nationality,China,Uncapped,8.883950612674985
2027,exits,full,nationality,China,Uncapped,9.72270830426372
2027,exits,historical,nationality,ROW,Uncapped,46.19716901748744
2027,exits,projection,nationality,ROW,Uncapped,73.64727579194157
2027,exits,full,nationality,ROW,Uncapped,68.62281329798469
2027,exits,historical,category,EB-1,Uncapped,0.9847620158461705
2027,exits,projection,category,EB-1,Uncapped,1.5148644499178217
2027,exits,full,category,EB-1,Uncapped,1.417834597909123
2027,exits,historical,category,EB-2,Uncapped,28.64599388481117
2027,exits,projection,category,EB-2,Uncapped,26.373537144558444
2027,exits,full,category,EB-2,Uncapped,26.789487208226873
2027,exits,historical,category,EB-3,Uncapped,35.37228503111748
2027,exits,projection,category,EB-3,Uncapped,23.296675810047887
2027,exits,full,category,EB-3,Uncapped,25.506993100303696
2027,exits,historical,category,EB-4,Uncapped,34.20381741079239
2027,exits,projection,category,EB-4,Uncapped,48.50730179411246
2027,exits,full,category,EB-4,Uncapped,45.88919464402401
2027,exits,historical,category,EB-5,Uncapped,0.7931416574327871
2027,exits,projection,category,EB-5,Uncapped,0.3076208013633873
2027,exits,full,category,EB-5,Uncapped,0.3964904495362968
2027,ageouts,historical,overall,All,Capped,100.0
2027,ageouts,projection,overall,All,Capped,100.0
2027,ageouts,full,overall,All,Capped,100.0
2027,ageouts,historical,nationality,India,Capped,61.64514171795094
2027,ageouts,projection,nationality,India,Capped,72.66435726429647
2027,ageouts,full,nationality,India,Capped,71.78615713540641
2027,ageouts,historical,nationality,China,Capped,8.789113287683106
2027,ageouts,projection,nationality,China,Capped,6.950725660262641
2027,ageouts,full,nationality,China,Capped,7.097239923874262
2027,ageouts,historical,nationality,ROW,Capped,29.565744994365954
2027,ageouts,projection,nationality,ROW,Capped,20.384917075440896
2027,ageouts,full,nationality,ROW,Capped,21.116602940719325
2027,ageouts,historical,category,EB-1,Capped,0.013001646875270868
2027,ageouts,projection,category,EB-1,Capped,0.9337691923722166
2027,ageouts,full,category,EB-1,Capped,0.8603866386203419
2027,ageouts,historical,category,EB-2,Capped,27.39013608390396
2027,ageouts,projection,category,EB-2,Capped,56.17514927921876
2027,ageouts,full,category,EB-2,Capped,53.881065622182845
2027,ageouts,historical,category,EB-3,Capped,41.28456271127676
2027,ageouts,projection,category,EB-3,Capped,23.843015684169835
2027,ageouts,full,category,EB-3,Capped,25.233057360260567
2027,ageouts,historical,category,EB-4,Capped,30.402184276675044
2027,ageouts,projection,category,EB-4,Capped,18.636351694708516
2027,ageouts,full,category,EB-4,Capped,19.574055077179203
2027,ageouts,historical,category,EB-5,Capped,0.9101152812689607
2027,ageouts,projection,category,EB-5,Capped,0.4117141495306759
2027,ageouts,full,category,EB-5,Capped,0.45143530175704005
2027,exits,historical,overall,All,Capped,100.0
2027,exits,projection,overall,All,Capped,100.0
2027,exits,full,overall,All,Capped,100.0
2027,exits,historical,nationality,India,Capped,40.33650201201376
2027,exits,projection,nationality,India,Capped,30.58621847325046
2027,exits,full,nationality,India,Capped,32.34184682613558
2027,exits,historical,nationality,China,Capped,13.466328970498797
2027,exits,projection,nationality,China,Capped,9.559176661400583
2027,exits,full,nationality,China,Capped,10.26269542017541
2027,exits,historical,nationality,ROW,Capped,46.19716901748744
2027,exits,projection,nationality,ROW,Capped,59.85460486534895
2027,exits,full,nationality,ROW,Capped,57.39545775368901
2027,exits,historical,category,EB-1,Capped,0.9847620158461705
2027,exits,projection,category,EB-1,Capped,1.42001300817173
2027,exits,full,category,EB-1,Capped,1.341642058269584
2027,exits,historical,category,EB-2,Capped,28.64599388481117
2027,exits,projection,category,EB-2,Capped,28.283168322266018
2027,exits,full,category,EB-2,Capped,28.348498406485966
2027,exits,historical,category,EB-3,Capped,35.37228503111748
2027,exits,projection,category,EB-3,Capped,22.354296127095875
2027,exits,full,category,EB-3,Capped,24.69830492710489
2027,exits,historical,category,EB-4,Capped,34.20381741079239
2027,exits,projection,category,EB-4,Capped,47.59545500700264
2027,exits,full,category,EB-4,Capped,45.18416731859855
2027,exits,historical,category,EB-5,Capped,0.7931416574327871
2027,exits,projection,category,EB-5,Capped,0.347067535463734
2027,exits,full,category,EB-5,Capped,0.42738728954101246
2028,ageouts,historical,overall,All,Uncapped,100.0
2028,ageouts,projection,overall,All,Uncapped,100.0
2028,ageouts,full,overall,All,Uncapped,100.0
2028,ageouts,historical,nationality,India,Uncapped,61.25376992675571
2028,ageouts,projection,nationality,India,Uncapped,36.745306696114845
2028,ageouts,full,nationality,India,Uncapped,39.302701973654635
2028,ageouts,historical,nationality,China,Uncapped,8.7505385609651
2028,ageouts,projection,nationality,China,Uncapped,7.378275273566911
2028,ageouts,full,nationality,China,Uncapped,7.521467427954862
2028,ageouts,historical,nationality,ROW,Uncapped,29.99569151227919
2028,ageouts,projection,nationality,ROW,Uncapped,55.87641803031824
2028,ageouts,full,nationality,ROW,Uncapped,53.175830598390505
2028,ageouts,historical,category,EB-1,Uncapped,0.008616975441619991
2028,ageouts,projection,category,EB-1,Uncapped,0.3463507679951812
2028,ageouts,full,category,EB-1,Uncapped,0.3111091129793643
2028,ageouts,historical,category,EB-2,Uncapped,27.358897027143474
2028,ageouts,projection,category,EB-2,Uncapped,54.19987953016766
2028,ageouts,full,category,EB-2,Uncapped,51.39909184912107
2028,ageouts,historical,category,EB-3,Uncapped,40.90909090909091
2028,ageouts,projection,category,EB-3,Uncapped,20.104909145668106
2028,ageouts,full,category,EB-3,Uncapped,22.27577215303691
2028,ageouts,historical,category,EB-4,Uncapped,30.76691081430418
2028,ageouts,projection,category,EB-4,Uncapped,25.051199678747114
2028,ageouts,full,category,EB-4,Uncapped,25.647619475790137
2028,ageouts,historical,category,EB-5,Uncapped,0.9564842740198191
2028,ageouts,projection,category,EB-5,Uncapped,0.2976608774219456
2028,ageouts,full,category,EB-5,Uncapped,0.3664074090725172
2028,exits,historical,overall,All,Uncapped,100.0
2028,exits,projection,overall,All,Uncapped,100.0
2028,exits,full,overall,All,Uncapped,100.0
2028,exits,historical,nationality,India,Uncapped,40.33473188402766
2028,exits,projection,nationality,India,Uncapped,17.462832290004652
2028,exits,full,nationality,India,Uncapped,21.632101239414194
2028,exits,historical,nationality,China,Uncapped,13.42650497580075
2028,exits,projection,nationality,China,Uncapped,8.9073816941743
2028,exits,full,nationality,China,Uncapped,9.731162871561185
2028,exits,historical,nationality,ROW,Uncapped,46.23876314017159
2028,exits,projection,nationality,ROW,Uncapped,73.62978601582104
2028,exits,full,nationality,ROW,Uncapped,68.63673588902462
2028,exits,historical,category,EB-1,Uncapped,0.9926502884249363
2028,exits,projection,category,EB-1,Uncapped,1.5490936422071133
2028,exits,full,category,EB-1,Uncapped,1.4476607906202865
2028,exits,historical,category,EB-2,Uncapped,28.51830316619049
2028,exits,projection,category,EB-2,Uncapped,26.361355093256147
2028,exits,full,category,EB-2,Uncapped,26.75454047731248
2028,exits,historical,category,EB-3,Uncapped,35.44719460212418
2028,exits,projection,category,EB-3,Uncapped,23.26438007812609
2028,exits,full,category,EB-3,Uncapped,25.485158903361683
2028,exits,historical,category,EB-4,Uncapped,34.2554286216258
2028,exits,projection,category,EB-4,Uncapped,48.511193441809674
2028,exits,full,category,EB-4,Uncapped,45.912541004982366
2028,exits,historical,category,EB-5,Uncapped,0.7864233216345893
2028,exits,projection,category,EB-5,Uncapped,0.3139777446009722
2028,exits,full,category,EB-5,Uncapped,0.4000988237231838
2028,ageouts,historical,overall,All,Capped,100.0
2028,ageouts,projection,overall,All,Capped,100.0
2028,ageouts,full,overall,All,Capped,100.0
2028,ageouts,historical,nationality,India,Capped,61.25376992675571
2028,ageouts,projection,nationality,India,Capped,72.4214539832175
2028,ageouts,full,nationality,India,Capped,71.52666063698314
2028,ageouts,historical,nationality,China,Capped,8.7505385609651
2028,ageouts,projection,nationality,China,Capped,6.972319377936563
2028,ageouts,full,nationality,China,Capped,7.11479642913856
2028,ageouts,historical,nationality,ROW,Capped,29.99569151227919
2028,ageouts,projection,nationality,ROW,Capped,20.60622663884594
2028,ageouts,full,nationality,ROW,Capped,21.358542933878308
2028,ageouts,historical,category,EB-1,Capped,0.008616975441619991
2028,ageouts,projection,category,EB-1,Capped,0.894666526562289
2028,ageouts,full,category,EB-1,Capped,0.8236731819468514
2028,ageouts,historical,category,EB-2,Capped,27.358897027143474
2028,ageouts,projection,category,EB-2,Capped,56.07877869012414
2028,ageouts,full,category,EB-2,Capped,53.777642761963286
2028,ageouts,historical,category,EB-3,Capped,40.90909090909091
2028,ageouts,projection,category,EB-3,Capped,23.841136646801868
2028,ageouts,full,category,EB-3,Capped,25.20867998260137
2028,ageouts,historical,category,EB-4,Capped,30.76691081430418
2028,ageouts,projection,category,EB-4,Capped,18.779740906975697
2028,ageouts,full,category,EB-4,Capped,19.740194284688517
2028,ageouts,historical,category,EB-5,Capped,0.9564842740198191
2028,ageouts,projection,category,EB-5,Capped,0.4056772295360043
2028,ageouts,full,category,EB-5,Capped,0.4498097887999779
2028,exits,historical,overall,All,Capped,100.0
2028,exits,projection,overall,All,Capped,100.0
2028,exits,full,overall,All,Capped,100.0
2028,exits,historical,nationality,India,Capped,40.33473188402766
2028,exits,projection,nationality,India,Capped,30.615188186661282
2028,exits,full,nationality,India,Capped,32.357993114363076
2028,exits,historical,nationality,China,Capped,13.42650497580075
2028,exits,projection,nationality,China,Capped,9.579464663534258
2028,exits,full,nationality,China,Capped,10.269274907928983
2028,exits,historical,nationality,ROW,Capped,46.23876314017159
2028,exits,projection,nationality,ROW,Capped,59.80534714980446
2028,exits,full,nationality,ROW,Capped,57.372731977707936
2028,exits,historical,category,EB-1,Capped,0.9926502884249363
2028,exits,projection,category,EB-1,Capped,1.4364535855588751
2028,exits,full,category,EB-1,Capped,1.356875510984766
2028,exits,historical,category,EB-2,Capped,28.51830316619049
2028,exits,projection,category,EB-2,Capped,28.258936364475534
2028,exits,full,category,EB-2,Capped,28.30544325350095
2028,exits,historical,category,EB-3,Capped,35.44719460212418
2028,exits,projection,category,EB-3,Capped,22.415238088274673
2028,exits,full,category,EB-3,Capped,24.75198955903421
2028,exits,historical,category,EB-4,Capped,34.2554286216258
2028,exits,projection,category,EB-4,Capped,47.53795858531668
2028,exits,full,category,EB-4,Capped,45.156276955618395
2028,exits,historical,category,EB-5,Capped,0.7864233216345893
2028,exits,projection,category,EB-5,Capped,0.35141337637423653
2028,exits,full,category,EB-5,Capped,0.4294147208616797
2029,ageouts,historical,overall,All,Uncapped,100.0
2029,ageouts,projection,overall,All,Uncapped,100.0
2029,ageouts,full,overall,All,Uncapped,100.0
2029,ageouts,historical,nationality,India,Uncapped,60.99339452689371
2029,ageouts,projection,nationality,India,Uncapped,36.50331934834633
2029,ageouts,full,nationality,India,Uncapped,39.063088427810555
2029,ageouts,historical,nationality,China,Uncapped,8.865917474478854
2029,ageouts,projection,nationality,China,Uncapped,7.319088005286926
2029,ageouts,full,nationality,China,Uncapped,7.480766816706418
2029,ageouts,historical,nationality,ROW,Uncapped,30.140687998627435
2029,ageouts,projection,nationality,ROW,Uncapped,56.17759264636674
2029,ageouts,full,nationality,ROW,Uncapped,53.456144755483024
2029,ageouts,historical,category,EB-1,Uncapped,0.017157073003345628
2029,ageouts,projection,category,EB-1,Uncapped,0.37949714125504413
2029,ageouts,full,category,EB-1,Uncapped,0.3416243745852985
2029,ageouts,historical,category,EB-2,Uncapped,27.159646564296132
2029,ageouts,projection,category,EB-2,Uncapped,54.1434278905366
2029,ageouts,full,category,EB-2,Uncapped,51.32300988110396
2029,ageouts,historical,category,EB-3,Uncapped,41.07403277000944
2029,ageouts,projection,category,EB-3,Uncapped,20.052268471697925
2029,ageouts,full,category,EB-3,Uncapped,22.24952029123254
2029,ageouts,historical,category,EB-4,Uncapped,30.891309942523804
2029,ageouts,projection,category,EB-4,Uncapped,25.119907078272536
2029,ageouts,full,category,EB-4,Uncapped,25.723149758800638
2029,ageouts,historical,category,EB-5,Uncapped,0.8578536501672814
2029,ageouts,projection,category,EB-5,Uncapped,0.30489941823789163
2029,ageouts,full,category,EB-5,Uncapped,0.36269569427756754
2029,exits,historical,overall,All,Uncapped,100.0
2029,exits,projection,overall,All,Uncapped,100.0
2029,exits,full,overall,All,Uncapped,100.0
2029,exits,historical,nationality,India,Uncapped,40.436280906018936
2029,exits,projection,nationality,India,Uncapped,17.497621490532598
2029,exits,full,nationality,India,Uncapped,21.680704569512788
2029,exits,historical,nationality,China,Uncapped,13.50998695172137
2029,exits,projection,nationality,China,Uncapped,8.829866616920063
2029,exits,full,nationality,China,Uncapped,9.683331147060887
2029,exits,historical,nationality,ROW,Uncapped,46.0537321422597
2029,exits,projection,nationality,ROW,Uncapped,73.67251189254733
2029,exits,full,nationality,ROW,Uncapped,68.63596428342633
2029,exits,historical,category,EB-1,Uncapped,0.9740205426745625
2029,exits,projection,category,EB-1,Uncapped,1.5445387557130865
2029,exits,full,category,EB-1,Uncapped,1.4404993242892834
2029,exits,historical,category,EB-2,Uncapped,28.64389909331192
2029,exits,projection,category,EB-2,Uncapped,26.35136647700774
2029,exits,full,category,EB-2,Uncapped,26.769431640344962
2029,exits,historical,category,EB-3,Uncapped,35.39763792699655
2029,exits,projection,category,EB-3,Uncapped,23.366943382147188
2029,exits,full,category,EB-3,Uncapped,25.560855147756428
2029,exits,historical,category,EB-4,Uncapped,34.17143430693566
2029,exits,projection,category,EB-4,Uncapped,48.42085626340826
2029,exits,full,category,EB-4,Uncapped,45.82233841667099
2029,exits,historical,category,EB-5,Uncapped,0.8130081300813008
2029,exits,projection,category,EB-5,Uncapped,0.3162951217237198
2029,exits,full,category,EB-5,Uncapped,0.406875470938338
2029,ageouts,historical,overall,All,Capped,100.0
2029,ageouts,projection,overall,All,Capped,100.0
2029,ageouts,full,overall,All,Capped,100.0
2029,ageouts,historical,nationality,India,Capped,60.99339452689371
2029,ageouts,projection,nationality,India,Capped,72.34205836989562
2029,ageouts,full,nationality,India,Capped,71.43107995510229
2029,ageouts,historical,nationality,China,Capped,8.865917474478854
2029,ageouts,projection,nationality,China,Capped,7.004986448241266
2029,ageouts,full,nationality,China,Capped,7.154366852822289
2029,ageouts,historical,nationality,ROW,Capped,30.140687998627435
2029,ageouts,projection,nationality,ROW,Capped,20.652955181863106
2029,ageouts,full,nationality,ROW,Capped,21.414553192075417
2029,ageouts,historical,category,EB-1,Capped,0.017157073003345628
2029,ageouts,projection,category,EB-1,Capped,0.9553615549332894
2029,ageouts,full,category,EB-1,Capped,0.8800501311811815
2029,ageouts,historical,category,EB-2,Capped,27.159646564296132
2029,ageouts,projection,category,EB-2,Capped,55.883409951932435
2029,ageouts,full,category,EB-2,Capped,53.577699887755735
2029,ageouts,historical,category,EB-3,Capped,41.07403277000944
2029,ageouts,projection,category,EB-3,Capped,23.8896542429733
2029,ageouts,full,category,EB-3,Capped,25.269076360531336
2029,ageouts,historical,category,EB-4,Capped,30.891309942523804
2029,ageouts,projection,category,EB-4,Capped,18.835447208038214
2029,ageouts,full,category,EB-4,Capped,19.803193796954943
2029,ageouts,historical,category,EB-5,Capped,0.8578536501672814
2029,ageouts,projection,category,EB-5,Capped,0.4361270421227595
2029,ageouts,full,category,EB-5,Capped,0.4699798235768047
2029,exits,historical,overall,All,Capped,100.0
2029,exits,projection,overall,All,Capped,100.0
2029,exits,full,overall,All,Capped,100.0
2029,exits,historical,nationality,India,Capped,40.436280906018936
2029,exits,projection,nationality,India,Capped,30.671082606746506
2029,exits,full,nationality,India,Capped,32.42390711961817
2029,exits,historical,nationality,China,Capped,13.50998695172137
2029,exits,projection,nationality,China,Capped,9.533215615593637
2029,exits,full,nationality,China,Capped,10.247034430780364
2029,exits,historical,nationality,ROW,Capped,46.0537321422597
2029,exits,projection,nationality,ROW,Capped,59.79570177765986
2029,exits,full,nationality,ROW,Capped,57.32905844960146
2029,exits,historical,category,EB-1,Capped,0.9740205426745625
2029,exits,projection,category,EB-1,Capped,1.4585410929451699
2029,exits,full,category,EB-1,Capped,1.371571072319202
2029,exits,historical,category,EB-2,Capped,28.64389909331192
2029,exits,projection,category,EB-2,Capped,28.296904877357022
2029,exits,full,category,EB-2,Capped,28.3591893235004
2029,exits,historical,category,EB-3,Capped,35.39763792699655
2029,exits,projection,category,EB-3,Capped,22.416629308057566
2029,exits,full,category,EB-3,Capped,24.7466823609249
2029,exits,historical,category,EB-4,Capped,34.17143430693566
2029,exits,projection,category,EB-4,Capped,47.476784292915895
2029,exits,full,category,EB-4,Capped,45.088512913982356
2029,exits,historical,category,EB-5,Capped,0.8130081300813008
2029,exits,projection,category,EB-5,Capped,0.35114042872434836
2029,exits,full,category,EB-5,Capped,0.4340443292731446
2030,ageouts,historical,overall,All,Uncapped,100.0
2030,ageouts,projection,overall,All,Uncapped,100.0
2030,ageouts,full,overall,All,Uncapped,100.0
2030,ageouts,historical,nationality,India,Uncapped,61.25102242886047
2030,ageouts,projection,nationality,India,Uncapped,36.759231890665156
2030,ageouts,full,nationality,India,Uncapped,39.312319373889316
2030,ageouts,historical,nationality,China,Uncapped,8.553962719015024
2030,ageouts,projection,nationality,China,Uncapped,7.355954450495223
2030,ageouts,full,nationality,China,Uncapped,7.4808379256493565
2030,ageouts,historical,nationality,ROW,Uncapped,30.1950148521245
2030,ageouts,projection,nationality,ROW,Uncapped,55.88481365883962
2030,ageouts,full,nationality,ROW,Uncapped,53.20684270046132
2030,ageouts,historical,category,EB-1,Uncapped,0.012914890869172156
2030,ageouts,projection,category,EB-1,Uncapped,0.395777703186762
2030,ageouts,full,category,EB-1,Uncapped,0.3558670950833797
2030,ageouts,historical,category,EB-2,Uncapped,26.565930517887125
2030,ageouts,projection,category,EB-2,Uncapped,54.385367246639646
2030,ageouts,full,category,EB-2,Uncapped,51.48539733256745
2030,ageouts,historical,category,EB-3,Uncapped,41.55581385337294
2030,ageouts,projection,category,EB-3,Uncapped,20.017835045865127
2030,ageouts,full,category,EB-3,Uncapped,22.26300956757436
2030,ageouts,historical,category,EB-4,Uncapped,30.956993413405655
2030,ageouts,projection,category,EB-4,Uncapped,24.938504160675727
2030,ageouts,full,category,EB-4,Uncapped,25.56588702005062
2030,ageouts,historical,category,EB-5,Uncapped,0.9083473244651082
2030,ageouts,projection,category,EB-5,Uncapped,0.26251584363273833
2030,ageouts,full,category,EB-5,Uncapped,0.32983898472419176
2030,exits,historical,overall,All,Uncapped,100.0
2030,exits,projection,overall,All,Uncapped,100.0
2030,exits,full,overall,All,Uncapped,100.0
2030,exits,historical,nationality,India,Uncapped,40.460254537867726
2030,exits,projection,nationality,India,Uncapped,17.5395181826065
2030,exits,full,nationality,India,Uncapped,21.725803292506615
2030,exits,historical,nationality,China,Uncapped,13.484247861464636
2030,exits,projection,nationality,China,Uncapped,8.85917792483037
2030,exits,full,nationality,China,Uncapped,9.703909137121217
2030,exits,historical,nationality,ROW,Uncapped,46.05549760066764
2030,exits,projection,nationality,ROW,Uncapped,73.60130389256314
2030,exits,full,nationality,ROW,Uncapped,68.57028757037216
2030,exits,historical,category,EB-1,Uncapped,0.9388691842269977
2030,exits,projection,category,EB-1,Uncapped,1.5116351711592093
2030,exits,full,category,EB-1,Uncapped,1.4070241462171078
2030,exits,historical,category,EB-2,Uncapped,28.660546630502818
2030,exits,projection,category,EB-2,Uncapped,26.440095442250257
2030,exits,full,category,EB-2,Uncapped,26.84564269878541
2030,exits,historical,category,EB-3,Uncapped,35.56603379929063
2030,exits,projection,category,EB-3,Uncapped,23.353700438515926
2030,exits,full,category,EB-3,Uncapped,25.584183286577332
2030,exits,historical,category,EB-4,Uncapped,34.03505111621114
2030,exits,projection,category,EB-4,Uncapped,48.385659046640455
2030,exits,full,category,EB-4,Uncapped,45.764637829606954
2030,exits,historical,category,EB-5,Uncapped,0.7994992697684122
2030,exits,projection,category,EB-5,Uncapped,0.30890990143415126
2030,exits,full,category,EB-5,Uncapped,0.39851203881319774
2030,ageouts,historical,overall,All,Capped,100.0
2030,ageouts,projection,overall,All,Capped,100.0
2030,ageouts,full,overall,All,Capped,100.0
2030,ageouts,historical,nationality,India,Capped,61.25102242886047
2030,ageouts,projection,nationality,India,Capped,72.52240072703785
2030,ageouts,full,nationality,India,Capped,71.61805087819285
2030,ageouts,historical,nationality,China,Capped,8.553962719015024
2030,ageouts,projection,nationality,China,Capped,6.992481767723425
2030,ageouts,full,nationality,China,Capped,7.117765918864308
2030,ageouts,historical,nationality,ROW,Capped,30.1950148521245
2030,ageouts,projection,nationality,ROW,Capped,20.48511750523873
2030,ageouts,full,nationality,ROW,Capped,21.264183202942853
2030,ageouts,historical,category,EB-1,Capped,0.012914890869172156
2030,ageouts,projection,category,EB-1,Capped,0.9118015967794026
2030,ageouts,full,category,EB-1,Capped,0.8396801547415506
2030,ageouts,historical,category,EB-2,Capped,26.565930517887125
2030,ageouts,projection,category,EB-2,Capped,56.21211779815687
2030,ageouts,full,category,EB-2,Capped,53.83348013056318
2030,ageouts,historical,category,EB-3,Capped,41.55581385337294
2030,ageouts,projection,category,EB-3,Capped,23.80710964902398
2030,ageouts,full,category,EB-3,Capped,25.231162461357787
2030,ageouts,historical,category,EB-4,Capped,30.956993413405655
2030,ageouts,projection,category,EB-4,Capped,18.661889847757674
2030,ageouts,full,category,EB-4,Capped,19.6483774588536
2030,ageouts,historical,category,EB-5,Capped,0.9083473244651082
2030,ageouts,projection,category,EB-5,Capped,0.40708110828207267
2030,ageouts,full,category,EB-5,Capped,0.4472997944838782
2030,exits,historical,overall,All,Capped,100.0
2030,exits,projection,overall,All,Capped,100.0
2030,exits,full,overall,All,Capped,100.0
2030,exits,historical,nationality,India,Capped,40.460254537867726
2030,exits,projection,nationality,India,Capped,30.66423838635282
2030,exits,full,nationality,India,Capped,32.42627577251882
2030,exits,historical,nationality,China,Capped,13.484247861464636
2030,exits,projection,nationality,China,Capped,9.57517296921331
2030,exits,full,nationality,China,Capped,10.278309427844453
2030,exits,historical,nationality,ROW,Capped,46.05549760066764
2030,exits,projection,nationality,ROW,Capped,59.76058864443387
2030,exits,full,nationality,ROW,Capped,57.295414799636724
2030,exits,historical,category,EB-1,Capped,0.9388691842269977
2030,exits,projection,category,EB-1,Capped,1.4237471171797782
2030,exits,full,category,EB-1,Capped,1.3365307393813846
2030,exits,historical,category,EB-2,Capped,28.660546630502818
2030,exits,projection,category,EB-2,Capped,28.314602628399896
2030,exits,full,category,EB-2,Capped,28.37682856349403
2030,exits,historical,category,EB-3,Capped,35.56603379929063
2030,exits,projection,category,EB-3,Capped,22.458267745360033
2030,exits,full,category,EB-3,Capped,24.815999039277056
2030,exits,historical,category,EB-4,Capped,34.03505111621114
2030,exits,projection,category,EB-4,Capped,47.45506461178021
2030,exits,full,category,EB-4,Capped,45.04116847928066
2030,exits,historical,category,EB-5,Capped,0.7994992697684122
2030,exits,projection,category,EB-5,Capped,0.348317897280082
2030,exits,full,category,EB-5,Capped,0.42947317856687156
2031,ageouts,historical,overall,All,Uncapped,100.0
2031,ageouts,projection,overall,All,Uncapped,100.0
2031,ageouts,full,overall,All,Uncapped,100.0
2031,ageouts,historical,nationality,India,Uncapped,60.89611283109735
2031,ageouts,projection,nationality,India,Uncapped,36.81698461169391
2031,ageouts,full,nationality,India,Uncapped,39.3242680540693
2031,ageouts,historical,nationality,China,Uncapped,9.081527347781218
2031,ageouts,projection,nationality,China,Uncapped,7.446760659113286
2031,ageouts,full,nationality,China,Uncapped,7.616983742494728
2031,ageouts,historical,nationality,ROW,Uncapped,30.02235982112143
2031,ageouts,projection,nationality,ROW,Uncapped,55.7362547291928
2031,ageouts,full,nationality,ROW,Uncapped,53.05874820343597
2031,ageouts,historical,category,EB-1,Uncapped,0.004299965600275198
2031,ageouts,projection,category,EB-1,Uncapped,0.3943284671168042
2031,ageouts,full,category,EB-1,Uncapped,0.35371603318662326
2031,ageouts,historical,category,EB-2,Uncapped,26.51358789129687
2031,ageouts,projection,category,EB-2,Uncapped,54.342860855527846
2031,ageouts,full,category,EB-2,Uncapped,51.445086705202314
2031,ageouts,historical,category,EB-3,Uncapped,41.70966632266942
2031,ageouts,projection,category,EB-3,Uncapped,20.16772703873815
2031,ageouts,full,category,EB-3,Uncapped,22.410821024164626
2031,ageouts,historical,category,EB-4,Uncapped,30.88235294117647
2031,ageouts,projection,category,EB-4,Uncapped,24.802211038198383
2031,ageouts,full,category,EB-4,Uncapped,25.435316978817333
2031,ageouts,historical,category,EB-5,Uncapped,0.8900928792569659
2031,ageouts,projection,category,EB-5,Uncapped,0.2928726004188178
2031,ageouts,full,category,EB-5,Uncapped,0.3550592586291041
2031,exits,historical,overall,All,Uncapped,100.0
2031,exits,projection,overall,All,Uncapped,100.0
2031,exits,full,overall,All,Uncapped,100.0
2031,exits,historical,nationality,India,Uncapped,40.24344827874786
2031,exits,projection,nationality,India,Uncapped,17.413528757843217
2031,exits,full,nationality,India,Uncapped,21.574424955786363
2031,exits,historical,nationality,China,Uncapped,13.561634091127821
2031,exits,projection,nationality,China,Uncapped,8.881674662210052
2031,exits,full,nationality,China,Uncapped,9.734626656915134
2031,exits,historical,nationality,ROW,Uncapped,46.194917630124316
2031,exits,projection,nationality,ROW,Uncapped,73.70479657994673
2031,exits,full,nationality,ROW,Uncapped,68.6909483872985
2031,exits,historical,category,EB-1,Uncapped,0.9954682969081483
2031,exits,projection,category,EB-1,Uncapped,1.5375877582386428
2031,exits,full,category,EB-1,Uncapped,1.438783082058529
2031,exits,historical,category,EB-2,Uncapped,28.823807551164727
2031,exits,projection,category,EB-2,Uncapped,26.332694187252393
2031,exits,full,category,EB-2,Uncapped,26.786715241293212
2031,exits,historical,category,EB-3,Uncapped,35.17697911566932
2031,exits,projection,category,EB-3,Uncapped,23.350033200778913
2031,exits,full,category,EB-3,Uncapped,25.50556836355012
2031,exits,historical,category,EB-4,Uncapped,34.214986003188514
2031,exits,projection,category,EB-4,Uncapped,48.46688875127767
2031,exits,full,category,EB-4,Uncapped,45.86938997763198
2031,exits,historical,category,EB-5,Uncapped,0.7887590330692978
2031,exits,projection,category,EB-5,Uncapped,0.31279610245238115
2031,exits,full,category,EB-5,Uncapped,0.3995433354661631
2031,ageouts,historical,overall,All,Capped,100.0
2031,ageouts,projection,overall,All,Capped,100.0
2031,ageouts,full,overall,All,Capped,100.0
2031,ageouts,historical,nationality,India,Capped,60.89611283109735
2031,ageouts,projection,nationality,India,Capped,72.65647858477189
2031,ageouts,full,nationality,India,Capped,71.71286425017769
2031,ageouts,historical,nationality,China,Capped,9.081527347781218
2031,ageouts,projection,nationality,China,Capped,7.0423803200468145
2031,ageouts,full,nationality,China,Capped,7.205994990374066
2031,ageouts,historical,nationality,ROW,Capped,30.02235982112143
2031,ageouts,projection,nationality,ROW,Capped,20.301141095181293
2031,ageouts,full,nationality,ROW,Capped,21.08114075944825
2031,ageouts,historical,category,EB-1,Capped,0.004299965600275198
2031,ageouts,projection,category,EB-1,Capped,0.923154254161884
2031,ageouts,full,category,EB-1,Capped,0.8494283092167457
2031,ageouts,historical,category,EB-2,Capped,26.51358789129687
2031,ageouts,projection,category,EB-2,Capped,56.25689271004479
2031,ageouts,full,category,EB-2,Capped,53.8703845543434
2031,ageouts,historical,category,EB-3,Capped,41.70966632266942
2031,ageouts,projection,category,EB-3,Capped,23.900354857344347
2031,ageouts,full,category,EB-3,Capped,25.329317352212584
2031,ageouts,historical,category,EB-4,Capped,30.88235294117647
2031,ageouts,projection,category,EB-4,Capped,18.520477444426938
2031,ageouts,full,category,EB-4,Capped,19.512355007210825
2031,ageouts,historical,category,EB-5,Capped,0.8900928792569659
2031,ageouts,projection,category,EB-5,Capped,0.3991207340220417
2031,ageouts,full,category,EB-5,Capped,0.4385147770164434
2031,exits,historical,overall,All,Capped,100.0
2031,exits,projection,overall,All,Capped,100.0
2031,exits,full,overall,All,Capped,100.0
2031,exits,historical,nationality,India,Capped,40.24344827874786
2031,exits,projection,nationality,India,Capped,30.60044425870159
2031,exits,full,nationality,India,Capped,32.32992367672553
2031,exits,historical,nationality,China,Capped,13.561634091127821
2031,exits,projection,nationality,China,Capped,9.592988430801084
2031,exits,full,nationality,China,Capped,10.30476776561175
2031,exits,historical,nationality,ROW,Capped,46.194917630124316
2031,exits,projection,nationality,ROW,Capped,59.80656731049733
2031,exits,full,nationality,ROW,Capped,57.36530855766272
2031,exits,historical,category,EB-1,Capped,0.9954682969081483
2031,exits,projection,category,EB-1,Capped,1.4490990912723924
2031,exits,full,category,EB-1,Capped,1.3677400956104737
2031,exits,historical,category,EB-2,Capped,28.823807551164727
2031,exits,projection,category,EB-2,Capped,28.324007070828078
2031,exits,full,category,EB-2,Capped,28.41364663149442
2031,exits,historical,category,EB-3,Capped,35.17697911566932
2031,exits,projection,category,EB-3,Capped,22.40186848369512
2031,exits,full,category,EB-3,Capped,24.693093381563838
2031,exits,historical,category,EB-4,Capped,34.214986003188514
2031,exits,projection,category,EB-4,Capped,47.48492693691033
2031,exits,full,category,EB-4,Capped,45.104953883331206
2031,exits,historical,category,EB-5,Capped,0.7887590330692978
2031,exits,projection,category,EB-5,Capped,0.34009841729408224
2031,exits,full,category,EB-5,Capped,0.42056600800006005
2032,ageouts,historical,overall,All,Uncapped,100.0
2032,ageouts,projection,overall,All,Uncapped,100.0
2032,ageouts,full,overall,All,Uncapped,100.0
2032,ageouts,historical,nationality,India,Uncapped,60.8768898488121
2032,ageouts,projection,nationality,India,Uncapped,36.93386260645265
2032,ageouts,full,nationality,India,Uncapped,39.42594316081954
2032,ageouts,historical,nationality,China,Uncapped,9.079913606911447
2032,ageouts,projection,nationality,China,Uncapped,7.37051292988804
2032,ageouts,full,nationality,China,Uncapped,7.548433797776249
2032,ageouts,historical,nationality,ROW,Uncapped,30.04319654427646
2032,ageouts,projection,nationality,ROW,Uncapped,55.695624463659314
2032,ageouts,full,nationality,ROW,Uncapped,53.02562304140421
2032,ageouts,historical,category,EB-1,Uncapped,0.004319654427645789
2032,ageouts,projection,category,EB-1,Uncapped,0.36533896731521026
2032,ageouts,full,category,EB-1,Uncapped,0.327762715979444
2032,ageouts,historical,category,EB-2,Uncapped,27.18790496760259
2032,ageouts,projection,category,EB-2,Uncapped,54.53487029964821
2032,ageouts,full,category,EB-2,Uncapped,51.68849503410261
2032,ageouts,historical,category,EB-3,Uncapped,40.90280777537797
2032,ageouts,projection,category,EB-3,Uncapped,19.95463373263009
2032,ageouts,full,category,EB-3,Uncapped,22.134998673662533
2032,ageouts,historical,category,EB-4,Uncapped,30.911447084233263
2032,ageouts,projection,category,EB-4,Uncapped,24.891226344552788
2032,ageouts,full,category,EB-4,Uncapped,25.517833618833095
2032,ageouts,historical,category,EB-5,Uncapped,0.9935205183585313
2032,ageouts,projection,category,EB-5,Uncapped,0.25393065585370383
2032,ageouts,full,category,EB-5,Uncapped,0.3309099574223193
2032,exits,historical,overall,All,Uncapped,100.0
2032,exits,projection,overall,All,Uncapped,100.0
2032,exits,full,overall,All,Uncapped,100.0
2032,exits,historical,nationality,India,Uncapped,40.42976904193317
2032,exits,projection,nationality,India,Uncapped,17.429159337249615
2032,exits,full,nationality,India,Uncapped,21.631064762237447
2032,exits,historical,nationality,China,Uncapped,13.518478315325396
2032,exits,projection,nationality,China,Uncapped,8.923800502988536
2032,exits,full,nationality,China,Uncapped,9.76318701811201
2032,exits,historical,nationality,ROW,Uncapped,46.051752642741434
2032,exits,projection,nationality,ROW,Uncapped,73.64704015976184
2032,exits,full,nationality,ROW,Uncapped,68.60574821965054
2032,exits,historical,category,EB-1,Uncapped,0.9393630700890099
2032,exits,projection,category,EB-1,Uncapped,1.5376144905491347
2032,exits,full,category,EB-1,Uncapped,1.4283219143342443
2032,exits,historical,category,EB-2,Uncapped,28.700255506755063
2032,exits,projection,category,EB-2,Uncapped,26.38328846252549
2032,exits,full,category,EB-2,Uncapped,26.8065675198056
2032,exits,historical,category,EB-3,Uncapped,35.365140862711044
2032,exits,projection,category,EB-3,Uncapped,23.32037756801777
2032,exits,full,category,EB-3,Uncapped,25.520795595212945
2032,exits,historical,category,EB-4,Uncapped,34.17736844742072
2032,exits,projection,category,EB-4,Uncapped,48.437609358013056
2032,exits,full,category,EB-4,Uncapped,45.83245304201983
2032,exits,historical,category,EB-5,Uncapped,0.8178721130241646
2032,exits,projection,category,EB-5,Uncapped,0.3211101208945544
2032,exits,full,category,EB-5,Uncapped,0.4118619286273786
2032,ageouts,historical,overall,All,Capped,100.0
2032,ageouts,projection,overall,All,Capped,100.0
2032,ageouts,full,overall,All,Capped,100.0
2032,ageouts,historical,nationality,India,Capped,60.8768898488121
2032,ageouts,projection,nationality,India,Capped,72.64108166041468
2032,ageouts,full,nationality,India,Capped,71.70197138610823
2032,ageouts,historical,nationality,China,Capped,9.079913606911447
2032,ageouts,projection,nationality,China,Capped,7.009207454403052
2032,ageouts,full,nationality,China,Capped,7.174507498301718
2032,ageouts,historical,nationality,ROW,Capped,30.04319654427646
2032,ageouts,projection,nationality,ROW,Capped,20.349710885182258
2032,ageouts,full,nationality,ROW,Capped,21.123521115590055
2032,ageouts,historical,category,EB-1,Capped,0.004319654427645789
2032,ageouts,projection,category,EB-1,Capped,0.9229939029188792
2032,ageouts,full,category,EB-1,Capped,0.8496581022693181
2032,ageouts,historical,category,EB-2,Capped,27.18790496760259
2032,ageouts,projection,category,EB-2,Capped,56.24341856255785
2032,ageouts,full,category,EB-2,Capped,53.92397904820361
2032,ageouts,historical,category,EB-3,Capped,40.90280777537797
2032,ageouts,projection,category,EB-3,Capped,23.86405795037643
2032,ageouts,full,category,EB-3,Capped,25.224224911120384
2032,ageouts,historical,category,EB-4,Capped,30.911447084233263
2032,ageouts,projection,category,EB-4,Capped,18.587665683588845
2032,ageouts,full,category,EB-4,Capped,19.571446798092406
2032,ageouts,historical,category,EB-5,Capped,0.9935205183585313
2032,ageouts,projection,category,EB-5,Capped,0.38186390055799346
2032,ageouts,full,category,EB-5,Capped,0.43069114031427697
2032,exits,historical,overall,All,Capped,100.0
2032,exits,projection,overall,All,Capped,100.0
2032,exits,full,overall,All,Capped,100.0
2032,exits,historical,nationality,India,Capped,40.42976904193317
2032,exits,projection,nationality,India,Capped,30.638255055044066
2032,exits,full,nationality,India,Capped,32.39801641581735
2032,exits,historical,nationality,China,Capped,13.518478315325396
2032,exits,projection,nationality,China,Capped,9.621346212776078
2032,exits,full,nationality,China,Capped,10.3217509204728
2032,exits,historical,nationality,ROW,Capped,46.051752642741434
2032,exits,projection,nationality,ROW,Capped,59.740398732179855
2032,exits,full,nationality,ROW,Capped,57.280232663709846
2032,exits,historical,category,EB-1,Capped,0.9393630700890099
2032,exits,projection,category,EB-1,Capped,1.4376860910250957
2032,exits,full,category,EB-1,Capped,1.3481259271320192
2032,exits,historical,category,EB-2,Capped,28.700255506755063
2032,exits,projection,category,EB-2,Capped,28.34163453666479
2032,exits,full,category,EB-2,Capped,28.40608701328617
2032,exits,historical,category,EB-3,Capped,35.365140862711044
2032,exits,projection,category,EB-3,Capped,22.385349633878057
2032,exits,full,category,EB-3,Capped,24.718118101143585
2032,exits,historical,category,EB-4,Capped,34.17736844742072
2032,exits,projection,category,EB-4,Capped,47.487548195002816
2032,exits,full,category,EB-4,Capped,45.095401275118384
2032,exits,historical,category,EB-5,Capped,0.8178721130241646
2032,exits,projection,category,EB-5,Capped,0.3477815434292431
2032,exits,full,category,EB-5,Capped,0.43226768331983983
2033,ageouts,historical,overall,All,Uncapped,100.0
2033,ageouts,projection,overall,All,Uncapped,100.0
2033,ageouts,full,overall,All,Uncapped,100.0
2033,ageouts,historical,nationality,India,Uncapped,61.10134236822919
2033,ageouts,projection,nationality,India,Uncapped,36.822099469648784
2033,ageouts,full,nationality,India,Uncapped,39.36079570934008
2033,ageouts,historical,nationality,China,Uncapped,8.7618475790196
2033,ageouts,projection,nationality,China,Uncapped,7.219086634047646
2033,ageouts,full,nationality,China,Uncapped,7.380401442178335
2033,ageouts,historical,nationality,ROW,Uncapped,30.136810052751212
2033,ageouts,projection,nationality,ROW,Uncapped,55.95881389630357
2033,ageouts,full,nationality,ROW,Uncapped,53.25880284848159
2033,ageouts,historical,category,EB-1,Uncapped,0.017154865548741263
2033,ageouts,projection,category,EB-1,Uncapped,0.37109560845156475
2033,ageouts,full,category,EB-1,Uncapped,0.33408671007551705
2033,ageouts,historical,category,EB-2,Uncapped,27.12613114894712
2033,ageouts,projection,category,EB-2,Uncapped,54.4864507534593
2033,ageouts,full,category,EB-2,Uncapped,51.62558969667617
2033,ageouts,historical,category,EB-3,Uncapped,41.047304541750655
2033,ageouts,projection,category,EB-3,Uncapped,20.038662052594415
2033,ageouts,full,category,EB-3,Uncapped,22.23537641930797
2033,ageouts,historical,category,EB-4,Uncapped,30.95166616631642
2033,ageouts,projection,category,EB-4,Uncapped,24.798301273544038
2033,ageouts,full,category,EB-4,Uncapped,25.441711958958905
2033,ageouts,historical,category,EB-5,Uncapped,0.8577432774370631
2033,ageouts,projection,category,EB-5,Uncapped,0.3054903119506808
2033,ageouts,full,category,EB-5,Uncapped,0.36323521498143463
2033,exits,historical,overall,All,Uncapped,100.0
2033,exits,projection,overall,All,Uncapped,100.0
2033,exits,full,overall,All,Uncapped,100.0
2033,exits,historical,nationality,India,Uncapped,40.087632827641514
2033,exits,projection,nationality,India,Uncapped,17.448123282779736
2033,exits,full,nationality,India,Uncapped,21.57928474030849
2033,exits,historical,nationality,China,Uncapped,13.578075920604157
2033,exits,projection,nationality,China,Uncapped,8.958121035884135
2033,exits,full,nationality,China,Uncapped,9.801150763072227
2033,exits,historical,nationality,ROW,Uncapped,46.33429125175433
2033,exits,projection,nationality,ROW,Uncapped,73.59375568133613
2033,exits,full,nationality,ROW,Uncapped,68.61956449661928
2033,exits,historical,category,EB-1,Uncapped,0.9690570072846354
2033,exits,projection,category,EB-1,Uncapped,1.5363731375706118
2033,exits,full,category,EB-1,Uncapped,1.4328517018686753
2033,exits,historical,category,EB-2,Uncapped,28.531628015772238
2033,exits,projection,category,EB-2,Uncapped,26.41435551855274
2033,exits,full,category,EB-2,Uncapped,26.80070640297744
2033,exits,historical,category,EB-3,Uncapped,35.30917930896211
2033,exits,projection,category,EB-3,Uncapped,23.301426172697703
2033,exits,full,category,EB-3,Uncapped,25.49254991810207
2033,exits,historical,category,EB-4,Uncapped,34.36977878767627
2033,exits,projection,category,EB-4,Uncapped,48.437288770836226
2033,exits,full,category,EB-4,Uncapped,45.87030935236994
2033,exits,historical,category,EB-5,Uncapped,0.8203568803047517
2033,exits,projection,category,EB-5,Uncapped,0.31055640034272153
2033,exits,full,category,EB-5,Uncapped,0.40358262468187855
2033,ageouts,historical,overall,All,Capped,100.0
2033,ageouts,projection,overall,All,Capped,100.0
2033,ageouts,full,overall,All,Capped,100.0
2033,ageouts,historical,nationality,India,Capped,61.10134236822919
2033,ageouts,projection,nationality,India,Capped,72.79732796129737
2033,ageouts,full,nationality,India,Capped,71.8581577868923
2033,ageouts,historical,nationality,China,Capped,8.7618475790196
2033,ageouts,projection,nationality,China,Capped,6.930600384929342
2033,ageouts,full,nationality,China,Capped,7.077646799527514
2033,ageouts,historical,nationality,ROW,Capped,30.136810052751212
2033,ageouts,projection,nationality,ROW,Capped,20.27207165377328
2033,ageouts,full,nationality,ROW,Capped,21.064195413580183
2033,ageouts,historical,category,EB-1,Capped,0.017154865548741263
2033,ageouts,projection,category,EB-1,Capped,0.9342399892159873
2033,ageouts,full,category,EB-1,Capped,0.8605994235120308
2033,ageouts,historical,category,EB-2,Capped,27.12613114894712
2033,ageouts,projection,category,EB-2,Capped,56.21653398836225
2033,ageouts,full,category,EB-2,Capped,53.88061808877364
2033,ageouts,historical,category,EB-3,Capped,41.047304541750655
2033,ageouts,projection,category,EB-3,Capped,23.95623488178775
2033,ageouts,full,category,EB-3,Capped,25.328622248854085
2033,ageouts,historical,category,EB-4,Capped,30.95166616631642
2033,ageouts,projection,category,EB-4,Capped,18.47698287289094
2033,ageouts,full,category,EB-4,Capped,19.478681309598834
2033,ageouts,historical,category,EB-5,Capped,0.8577432774370631
2033,ageouts,projection,category,EB-5,Capped,0.41600826774307087
2033,ageouts,full,category,EB-5,Capped,0.45147892926141353
2033,exits,historical,overall,All,Capped,100.0
2033,exits,projection,overall,All,Capped,100.0
2033,exits,full,overall,All,Capped,100.0
2033,exits,historical,nationality,India,Capped,40.087632827641514
2033,exits,projection,nationality,India,Capped,30.578616075761822
2033,exits,full,nationality,India,Capped,32.28841679296893
2033,exits,historical,nationality,China,Capped,13.578075920604157
2033,exits,projection,nationality,China,Capped,9.601448280030109
2033,exits,full,nationality,China,Capped,10.316479178527063
2033,exits,historical,nationality,ROW,Capped,46.33429125175433
2033,exits,projection,nationality,ROW,Capped,59.81993564420807
2033,exits,full,nationality,ROW,Capped,57.39510402850401
2033,exits,historical,category,EB-1,Capped,0.9690570072846354
2033,exits,projection,category,EB-1,Capped,1.4618324734857433
2033,exits,full,category,EB-1,Capped,1.373227324550006
2033,exits,historical,category,EB-2,Capped,28.531628015772238
2033,exits,projection,category,EB-2,Capped,28.287612151047476
2033,exits,full,category,EB-2,Capped,28.331488243750105
2033,exits,historical,category,EB-3,Capped,35.30917930896211
2033,exits,projection,category,EB-3,Capped,22.39641995725486
2033,exits,full,category,EB-3,Capped,24.718242052720996
2033,exits,historical,category,EB-4,Capped,34.36977878767627
2033,exits,projection,category,EB-4,Capped,47.503786442794954
2033,exits,full,category,EB-4,Capped,45.1421820525107
2033,exits,historical,category,EB-5,Capped,0.8203568803047517
2033,exits,projection,category,EB-5,Capped,0.3503489754169666
2033,exits,full,category,EB-5,Capped,0.4348603264681981
2034,ageouts,historical,overall,All,Uncapped,100.0
2034,ageouts,projection,overall,All,Uncapped,100.0
2034,ageouts,full,overall,All,Uncapped,100.0
2034,ageouts,historical,nationality,India,Uncapped,60.387671866459236
2034,ageouts,projection,nationality,India,Uncapped,36.73033556846523
2034,ageouts,full,nationality,India,Uncapped,39.234686156338746
2034,ageouts,historical,nationality,China,Uncapped,9.1493924231594
2034,ageouts,projection,nationality,China,Uncapped,7.391367114190848
2034,ageouts,full,nationality,China,Uncapped,7.577470556292452
2034,ageouts,historical,nationality,ROW,Uncapped,30.462935710381366
2034,ageouts,projection,nationality,ROW,Uncapped,55.87829731734393
2034,ageouts,full,nationality,ROW,Uncapped,53.18784328736881
2034,ageouts,historical,category,EB-1,Uncapped,0.008409368035992095
2034,ageouts,projection,category,EB-1,Uncapped,0.38131648770677457
2034,ageouts,full,category,EB-1,Uncapped,0.34184077697559934
2034,ageouts,historical,category,EB-2,Uncapped,27.103393180002524
2034,ageouts,projection,category,EB-2,Uncapped,54.149430265378356
2034,ageouts,full,category,EB-2,Uncapped,51.28635396544203
2034,ageouts,historical,category,EB-3,Uncapped,40.827481814741624
2034,ageouts,projection,category,EB-3,Uncapped,20.209773848459054
2034,ageouts,full,category,EB-3,Uncapped,22.392351312615173
2034,ageouts,historical,category,EB-4,Uncapped,31.13988983727873
2034,ageouts,projection,category,EB-4,Uncapped,24.982701373436278
2034,ageouts,full,category,EB-4,Uncapped,25.63449743174312
2034,ageouts,historical,category,EB-5,Uncapped,0.9208257999411344
2034,ageouts,projection,category,EB-5,Uncapped,0.27677802501953874
2034,ageouts,full,category,EB-5,Uncapped,0.34495651322407483
2034,exits,historical,overall,All,Uncapped,100.0
2034,exits,projection,overall,All,Uncapped,100.0
2034,exits,full,overall,All,Uncapped,100.0
2034,exits,historical,nationality,India,Uncapped,40.14768638607648
2034,exits,projection,nationality,India,Uncapped,17.41367855689881
2034,exits,full,nationality,India,Uncapped,21.559427242597916
2034,exits,historical,nationality,China,Uncapped,13.59258639444398
2034,exits,projection,nationality,China,Uncapped,8.863647391228076
2034,exits,full,nationality,China,Uncapped,9.726011511300728
2034,exits,historical,nationality,ROW,Uncapped,46.259727219479544
2034,exits,projection,nationality,ROW,Uncapped,73.72267405187311
2034,exits,full,nationality,ROW,Uncapped,68.71456124610135
2034,exits,historical,category,EB-1,Uncapped,1.0463559534766964
2034,exits,projection,category,EB-1,Uncapped,1.5550176729881346
2034,exits,full,category,EB-1,Uncapped,1.4622586807780809
2034,exits,historical,category,EB-2,Uncapped,28.56957576771818
2034,exits,projection,category,EB-2,Uncapped,26.300653545981493
2034,exits,full,category,EB-2,Uncapped,26.71441170905584
2034,exits,historical,category,EB-3,Uncapped,35.40624215546816
2034,exits,projection,category,EB-3,Uncapped,23.265639754705642
2034,exits,full,category,EB-3,Uncapped,25.479586667399094
2034,exits,historical,category,EB-4,Uncapped,34.15739268680445
2034,exits,projection,category,EB-4,Uncapped,48.570484803469654
2034,exits,full,category,EB-4,Uncapped,45.94212916338601
2034,exits,historical,category,EB-5,Uncapped,0.8204334365325078
2034,exits,projection,category,EB-5,Uncapped,0.30820422285507404
2034,exits,full,category,EB-5,Uncapped,0.40161377938097764
2034,ageouts,historical,overall,All,Capped,100.0
2034,ageouts,projection,overall,All,Capped,100.0
2034,ageouts,full,overall,All,Capped,100.0
2034,ageouts,historical,nationality,India,Capped,60.387671866459236
2034,ageouts,projection,nationality,India,Capped,72.48717440193984
2034,ageouts,full,nationality,India,Capped,71.49837469332215
2034,ageouts,historical,nationality,China,Capped,9.1493924231594
2034,ageouts,projection,nationality,China,Capped,7.081301756105957
2034,ageouts,full,nationality,China,Capped,7.250310973053583
2034,ageouts,historical,nationality,ROW,Capped,30.462935710381366
2034,ageouts,projection,nationality,ROW,Capped,20.431523841954206
2034,ageouts,full,nationality,ROW,Capped,21.25131433362426
2034,ageouts,historical,category,EB-1,Capped,0.008409368035992095
2034,ageouts,projection,category,EB-1,Capped,0.931376034186627
2034,ageouts,full,category,EB-1,Capped,0.8559490347808757
2034,ageouts,historical,category,EB-2,Capped,27.103393180002524
2034,ageouts,projection,category,EB-2,Capped,56.087247744528305
2034,ageouts,full,category,EB-2,Capped,53.71861921091876
2034,ageouts,historical,category,EB-3,Capped,40.827481814741624
2034,ageouts,projection,category,EB-3,Capped,23.96955534184756
2034,ageouts,full,category,EB-3,Capped,25.347224608448848
2034,ageouts,historical,category,EB-4,Capped,31.13988983727873
2034,ageouts,projection,category,EB-4,Capped,18.593468767657416
2034,ageouts,full,category,EB-4,Capped,19.618791706468926
2034,ageouts,historical,category,EB-5,Capped,0.9208257999411344
2034,ageouts,projection,category,EB-5,Capped,0.41835211178009196
2034,ageouts,full,category,EB-5,Capped,0.4594154393825896
2034,exits,historical,overall,All,Capped,100.0
2034,exits,projection,overall,All,Capped,100.0
2034,exits,full,overall,All,Capped,100.0
2034,exits,historical,nationality,India,Capped,40.14768638607648
2034,exits,projection,nationality,India,Capped,30.64680677412773
2034,exits,full,nationality,India,Capped,32.35175979752887
2034,exits,historical,nationality,China,Capped,13.59258639444398
2034,exits,projection,nationality,China,Capped,9.533151008808488
2034,exits,full,nationality,China,Capped,10.261625309791786
2034,exits,historical,nationality,ROW,Capped,46.259727219479544
2034,exits,projection,nationality,ROW,Capped,59.82004221706378
2034,exits,full,nationality,ROW,Capped,57.38661489267934
2034,exits,historical,category,EB-1,Capped,1.0463559534766964
2034,exits,projection,category,EB-1,Capped,1.4552717803541513
2034,exits,full,category,EB-1,Capped,1.3818909668056365
2034,exits,historical,category,EB-2,Capped,28.56957576771818
2034,exits,projection,category,EB-2,Capped,28.23236403662472
2034,exits,full,category,EB-2,Capped,28.29287739790667
2034,exits,historical,category,EB-3,Capped,35.40624215546816
2034,exits,projection,category,EB-3,Capped,22.417590260247064
2034,exits,full,category,EB-3,Capped,24.74843142687037
2034,exits,historical,category,EB-4,Capped,34.15739268680445
2034,exits,projection,category,EB-4,Capped,47.55467677045867
2034,exits,full,category,EB-4,Capped,45.15050568980805
2034,exits,historical,category,EB-5,Capped,0.8204334365325078
2034,exits,projection,category,EB-5,Capped,0.34009715231539644
2034,exits,full,category,EB-5,Capped,0.4262945186092798
2035,ageouts,historical,overall,All,Uncapped,100.0
2035,ageouts,projection,overall,All,Uncapped,100.0
2035,ageouts,full,overall,All,Uncapped,100.0
2035,ageouts,historical,nationality,India,Uncapped,61.59477467999299
2035,ageouts,projection,nationality,India,Uncapped,36.918016701043314
2035,ageouts,full,nationality,India,Uncapped,39.44734004313444
2035,ageouts,historical,nationality,China,Uncapped,9.074171488690164
2035,ageouts,projection,nationality,China,Uncapped,7.329234835893225
2035,ageouts,full,nationality,China,Uncapped,7.508087706685838
2035,ageouts,historical,nationality,ROW,Uncapped,29.33105383131685
2035,ageouts,projection,nationality,ROW,Uncapped,55.75274846306346
2035,ageouts,full,nationality,ROW,Uncapped,53.044572250179726
2035,ageouts,historical,category,EB-1,Uncapped,0.00438365772400491
2035,ageouts,projection,category,EB-1,Uncapped,0.3959989586879468
2035,ageouts,full,category,EB-1,Uncapped,0.3558590941768512
2035,ageouts,historical,category,EB-2,Uncapped,27.51621953357882
2035,ageouts,projection,category,EB-2,Uncapped,54.21581192302301
2035,ageouts,full,category,EB-2,Uncapped,51.479151689432065
2035,ageouts,historical,category,EB-3,Uncapped,41.408030860950376
2035,ageouts,projection,category,EB-3,Uncapped,19.99569457516471
2035,ageouts,full,category,EB-3,Uncapped,22.190420560747665
2035,ageouts,historical,category,EB-4,Uncapped,30.07189198667368
2035,ageouts,projection,category,EB-4,Uncapped,25.087610389090255
2035,ageouts,full,category,EB-4,Uncapped,25.598490294751976
2035,ageouts,historical,category,EB-5,Uncapped,0.9994739610731194
2035,ageouts,projection,category,EB-5,Uncapped,0.3048841540340829
2035,ageouts,full,category,EB-5,Uncapped,0.37607836089144503
2035,exits,historical,overall,All,Uncapped,100.0
2035,exits,projection,overall,All,Uncapped,100.0
2035,exits,full,overall,All,Uncapped,100.0
2035,exits,historical,nationality,India,Uncapped,40.23242713179912
2035,exits,projection,nationality,India,Uncapped,17.48212276511201
2035,exits,full,nationality,India,Uncapped,21.644838862627996
2035,exits,historical,nationality,China,Uncapped,13.568403263160091
2035,exits,projection,nationality,China,Uncapped,8.907685061621791
2035,exits,full,nationality,China,Uncapped,9.760475704367572
2035,exits,historical,nationality,ROW,Uncapped,46.19916960504079
2035,exits,projection,nationality,ROW,Uncapped,73.6101921732662
2035,exits,full,nationality,ROW,Uncapped,68.59468543300443
2035,exits,historical,category,EB-1,Uncapped,0.9793653111894678
2035,exits,projection,category,EB-1,Uncapped,1.5407316863475118
2035,exits,full,category,EB-1,Uncapped,1.4380161881805362
2035,exits,historical,category,EB-2,Uncapped,28.585198940098895
2035,exits,projection,category,EB-2,Uncapped,26.394667294659445
2035,exits,full,category,EB-2,Uncapped,26.795477815504217
2035,exits,historical,category,EB-3,Uncapped,35.59389930939515
2035,exits,projection,category,EB-3,Uncapped,23.287504812742274
2035,exits,full,category,EB-3,Uncapped,25.539256070567703
2035,exits,historical,category,EB-4,Uncapped,34.04661061152955
2035,exits,projection,category,EB-4,Uncapped,48.46281946329046
2035,exits,full,category,EB-4,Uncapped,45.82502685686494
2035,exits,historical,category,EB-5,Uncapped,0.7949258277869349
2035,exits,projection,category,EB-5,Uncapped,0.3142767429603131
2035,exits,full,category,EB-5,Uncapped,0.40222306888260934
2035,ageouts,historical,overall,All,Capped,100.0
2035,ageouts,projection,overall,All,Capped,100.0
2035,ageouts,full,overall,All,Capped,100.0
2035,ageouts,historical,nationality,India,Capped,61.59477467999299
2035,ageouts,projection,nationality,India,Capped,72.60613816483689
2035,ageouts,full,nationality,India,Capped,71.74013473167436
2035,ageouts,historical,nationality,China,Capped,9.074171488690164
2035,ageouts,projection,nationality,China,Capped,6.986446944014129
2035,ageouts,full,nationality,China,Capped,7.150638837749692
2035,ageouts,historical,nationality,ROW,Capped,29.33105383131685
2035,ageouts,projection,nationality,ROW,Capped,20.407414891148978
2035,ageouts,full,nationality,ROW,Capped,21.109226430575955
2035,ageouts,historical,category,EB-1,Capped,0.00438365772400491
2035,ageouts,projection,category,EB-1,Capped,0.9616607919295331
2035,ageouts,full,category,EB-1,Capped,0.8863744492480814
2035,ageouts,historical,category,EB-2,Capped,27.51621953357882
2035,ageouts,projection,category,EB-2,Capped,56.080540026791795
2035,ageouts,full,category,EB-2,Capped,53.834060774052084
2035,ageouts,historical,category,EB-3,Capped,41.408030860950376
2035,ageouts,projection,category,EB-3,Capped,23.80952380952381
2035,ageouts,full,category,EB-3,Capped,25.19358197326052
2035,ageouts,historical,category,EB-4,Capped,30.07189198667368
2035,ageouts,projection,category,EB-4,Capped,18.721702102183006
2035,ageouts,full,category,EB-4,Capped,19.61435299147067
2035,ageouts,historical,category,EB-5,Capped,0.9994739610731194
2035,ageouts,projection,category,EB-5,Capped,0.42657326957185515
2035,ageouts,full,category,EB-5,Capped,0.47162981196864073
2035,exits,historical,overall,All,Capped,100.0
2035,exits,projection,overall,All,Capped,100.0
2035,exits,full,overall,All,Capped,100.0
2035,exits,historical,nationality,India,Capped,40.23242713179912
2035,exits,projection,nationality,India,Capped,30.656426883552236
2035,exits,full,nationality,India,Capped,32.37997243637647
2035,exits,historical,nationality,China,Capped,13.568403263160091
2035,exits,projection,nationality,China,Capped,9.551940796101922
2035,exits,full,nationality,China,Capped,10.274847630241876
2035,exits,historical,nationality,ROW,Capped,46.19916960504079
2035,exits,projection,nationality,ROW,Capped,59.79163232034585
2035,exits,full,nationality,ROW,Capped,57.34517993338165
2035,exits,historical,category,EB-1,Capped,0.9793653111894678
2035,exits,projection,category,EB-1,Capped,1.4287153560110641
2035,exits,full,category,EB-1,Capped,1.347838658920813
2035,exits,historical,category,EB-2,Capped,28.585198940098895
2035,exits,projection,category,EB-2,Capped,28.376197541719332
2035,exits,full,category,EB-2,Capped,28.41381485806987
2035,exits,historical,category,EB-3,Capped,35.59389930939515
2035,exits,projection,category,EB-3,Capped,22.31768972907622
2035,exits,full,category,EB-3,Capped,24.707220993417025
2035,exits,historical,category,EB-4,Capped,34.04661061152955
2035,exits,projection,category,EB-4,Capped,47.52660694986353
2035,exits,full,category,EB-4,Capped,45.100396931199846
2035,exits,historical,category,EB-5,Capped,0.7949258277869349
2035,exits,projection,category,EB-5,Capped,0.3507904233298529
2035,exits,full,category,EB-5,Capped,0.4307285583924474
2036,ageouts,historical,overall,All,Uncapped,100.0
2036,ageouts,projection,overall,All,Uncapped,100.0
2036,ageouts,full,overall,All,Uncapped,100.0
2036,ageouts,historical,nationality,India,Uncapped,62.015570562174716
2036,ageouts,projection,nationality,India,Uncapped,36.65368754003844
2036,ageouts,full,nationality,India,Uncapped,39.297130329915674
2036,ageouts,historical,nationality,China,Uncapped,8.46918147017076
2036,ageouts,projection,nationality,China,Uncapped,7.33053731582319
2036,ageouts,full,nationality,China,Uncapped,7.44921701627835
2036,ageouts,historical,nationality,ROW,Uncapped,29.515247967654524
2036,ageouts,projection,nationality,ROW,Uncapped,56.015775144138374
2036,ageouts,full,nationality,ROW,Uncapped,53.25365265380598
2036,ageouts,historical,category,EB-1,Uncapped,0.004301260269258893
2036,ageouts,projection,category,EB-1,Uncapped,0.40188581037796284
2036,ageouts,full,category,EB-1,Uncapped,0.36044598465862987
2036,ageouts,historical,category,EB-2,Uncapped,27.42913673706396
2036,ageouts,projection,category,EB-2,Uncapped,54.054392216527866
2036,ageouts,full,category,EB-2,Uncapped,51.27926942440721
2036,ageouts,historical,category,EB-3,Uncapped,41.3308099273087
2036,ageouts,projection,category,EB-3,Uncapped,20.176869795003203
2036,ageouts,full,category,EB-3,Uncapped,22.38172305733512
2036,ageouts,historical,category,EB-4,Uncapped,30.405608843391114
2036,ageouts,projection,category,EB-4,Uncapped,25.089085522101218
2036,ageouts,full,category,EB-4,Uncapped,25.643221239414142
2036,ageouts,historical,category,EB-5,Uncapped,0.8301432319669663
2036,ageouts,projection,category,EB-5,Uncapped,0.27776665598975014
2036,ageouts,full,category,EB-5,Uncapped,0.3353402941848944
2036,exits,historical,overall,All,Uncapped,100.0
2036,exits,projection,overall,All,Uncapped,100.0
2036,exits,full,overall,All,Uncapped,100.0
2036,exits,historical,nationality,India,Uncapped,40.26787245523259
2036,exits,projection,nationality,India,Uncapped,17.49402298979289
2036,exits,full,nationality,India,Uncapped,21.64800579853892
2036,exits,historical,nationality,China,Uncapped,13.465986807156092
2036,exits,projection,nationality,China,Uncapped,8.883022304839653
2036,exits,full,nationality,China,Uncapped,9.71896160375379
2036,exits,historical,nationality,ROW,Uncapped,46.266140737611316
2036,exits,projection,nationality,ROW,Uncapped,73.62295470536746
2036,exits,full,nationality,ROW,Uncapped,68.63303259770728
2036,exits,historical,category,EB-1,Uncapped,0.9578824523463937
2036,exits,projection,category,EB-1,Uncapped,1.5449708194989575
2036,exits,full,category,EB-1,Uncapped,1.4378850592252084
2036,exits,historical,category,EB-2,Uncapped,28.615587968327137
2036,exits,projection,category,EB-2,Uncapped,26.393655877253394
2036,exits,full,category,EB-2,Uncapped,26.798939477750015
2036,exits,historical,category,EB-3,Uncapped,35.45168967954858
2036,exits,projection,category,EB-3,Uncapped,23.326950390348692
2036,exits,full,category,EB-3,Uncapped,25.53852022812673
2036,exits,historical,category,EB-4,Uncapped,34.160848959923705
2036,exits,projection,category,EB-4,Uncapped,48.41546239942665
2036,exits,full,category,EB-4,Uncapped,45.815400461594216
2036,exits,historical,category,EB-5,Uncapped,0.8139909398541844
2036,exits,projection,category,EB-5,Uncapped,0.3189605134723023
2036,exits,full,category,EB-5,Uncapped,0.409254773303832
2036,ageouts,historical,overall,All,Capped,100.0
2036,ageouts,projection,overall,All,Capped,100.0
2036,ageouts,full,overall,All,Capped,100.0
2036,ageouts,historical,nationality,India,Capped,62.015570562174716
2036,ageouts,projection,nationality,India,Capped,72.50355923353456
2036,ageouts,full,nationality,India,Capped,71.66117364177187
2036,ageouts,historical,nationality,China,Capped,8.46918147017076
2036,ageouts,projection,nationality,China,Capped,7.041835550263139
2036,ageouts,full,nationality,China,Capped,7.156478660116494
2036,ageouts,historical,nationality,ROW,Capped,29.515247967654524
2036,ageouts,projection,nationality,ROW,Capped,20.454605216202307
2036,ageouts,full,nationality,ROW,Capped,21.18234769811164
2036,ageouts,historical,category,EB-1,Capped,0.004301260269258893
2036,ageouts,projection,category,EB-1,Capped,0.9684120371587738
2036,ageouts,full,category,EB-1,Capped,0.8909755474023865
2036,ageouts,historical,category,EB-2,Capped,27.42913673706396
2036,ageouts,projection,category,EB-2,Capped,56.160385261204546
2036,ageouts,full,category,EB-2,Capped,53.852717838166505
2036,ageouts,historical,category,EB-3,Capped,41.3308099273087
2036,ageouts,projection,category,EB-3,Capped,23.820757374844575
2036,ageouts,full,category,EB-3,Capped,25.227148670964354
2036,ageouts,historical,category,EB-4,Capped,30.405608843391114
2036,ageouts,projection,category,EB-4,Capped,18.623712947345883
2036,ageouts,full,category,EB-4,Capped,19.57002397584451
2036,ageouts,historical,category,EB-5,Capped,0.8301432319669663
2036,ageouts,projection,category,EB-5,Capped,0.4267323794462246
2036,ageouts,full,category,EB-5,Capped,0.45913396762224573
2036,exits,historical,overall,All,Capped,100.0
2036,exits,projection,overall,All,Capped,100.0
2036,exits,full,overall,All,Capped,100.0
2036,exits,historical,nationality,India,Capped,40.26787245523259
2036,exits,projection,nationality,India,Capped,30.703371862014187
2036,exits,full,nationality,India,Capped,32.420216120758525
2036,exits,historical,nationality,China,Capped,13.465986807156092
2036,exits,projection,nationality,China,Capped,9.52690342695092
2036,exits,full,nationality,China,Capped,10.233975648872844
2036,exits,historical,nationality,ROW,Capped,46.266140737611316
2036,exits,projection,nationality,ROW,Capped,59.7697247110349
2036,exits,full,nationality,ROW,Capped,57.34580823036863
2036,exits,historical,category,EB-1,Capped,0.9578824523463937
2036,exits,projection,category,EB-1,Capped,1.4453059584783383
2036,exits,full,category,EB-1,Capped,1.3578126032400093
2036,exits,historical,category,EB-2,Capped,28.615587968327137
2036,exits,projection,category,EB-2,Capped,28.288885492858117
2036,exits,full,category,EB-2,Capped,28.347529147470283
2036,exits,historical,category,EB-3,Capped,35.45168967954858
2036,exits,projection,category,EB-3,Capped,22.425119809220345
2036,exits,full,category,EB-3,Capped,24.763411440344544
2036,exits,historical,category,EB-4,Capped,34.160848959923705
2036,exits,projection,category,EB-4,Capped,47.48773539755065
2036,exits,full,category,EB-4,Capped,45.09553642758033
2036,exits,historical,category,EB-5,Capped,0.8139909398541844
2036,exits,projection,category,EB-5,Capped,0.352953341892551
2036,exits,full,category,EB-5,Capped,0.4357103813648404
2037,ageouts,historical,overall,All,Uncapped,100.0
2037,ageouts,projection,overall,All,Uncapped,100.0
2037,ageouts,full,overall,All,Uncapped,100.0
2037,ageouts,historical,nationality,India,Uncapped,61.673261729790845
2037,ageouts,projection,nationality,India,Uncapped,36.748100081550156
2037,ageouts,full,nationality,India,Uncapped,39.319974514748246
2037,ageouts,historical,nationality,China,Uncapped,8.983780493107796
2037,ageouts,projection,nationality,China,Uncapped,7.43607318500878
2037,ageouts,full,nationality,China,Uncapped,7.595771601891652
2037,ageouts,historical,nationality,ROW,Uncapped,29.34295777710136
2037,ageouts,projection,nationality,ROW,Uncapped,55.815826733441064
2037,ageouts,full,nationality,ROW,Uncapped,53.084253883360105
2037,ageouts,historical,category,EB-1,Uncapped,0.0
2037,ageouts,projection,category,EB-1,Uncapped,0.35972122855556166
2037,ageouts,full,category,EB-1,Uncapped,0.32260380304566705
2037,ageouts,historical,category,EB-2,Uncapped,27.177457929295127
2037,ageouts,projection,category,EB-2,Uncapped,54.26937566603461
2037,ageouts,full,category,EB-2,Uncapped,51.47392697219057
2037,ageouts,historical,category,EB-3,Uncapped,41.76196895247206
2037,ageouts,projection,category,EB-3,Uncapped,20.254956798431035
2037,ageouts,full,category,EB-3,Uncapped,22.474133366835073
2037,ageouts,historical,category,EB-4,Uncapped,30.169152498151934
2037,ageouts,projection,category,EB-4,Uncapped,24.816762308819925
2037,ageouts,full,category,EB-4,Uncapped,25.36904259805989
2037,ageouts,historical,category,EB-5,Uncapped,0.8914206200808801
2037,ageouts,projection,category,EB-5,Uncapped,0.2991839981588677
2037,ageouts,full,category,EB-5,Uncapped,0.3602932598688048
2037,exits,historical,overall,All,Uncapped,100.0
2037,exits,projection,overall,All,Uncapped,100.0
2037,exits,full,overall,All,Uncapped,100.0
2037,exits,historical,nationality,India,Uncapped,40.21821437386782
2037,exits,projection,nationality,India,Uncapped,17.447179202765195
2037,exits,full,nationality,India,Uncapped,21.601944341395573
2037,exits,historical,nationality,China,Uncapped,13.448046487694064
2037,exits,projection,nationality,China,Uncapped,8.917982459825943
2037,exits,full,nationality,China,Uncapped,9.744530394837481
2037,exits,historical,nationality,ROW,Uncapped,46.33373913843811
2037,exits,projection,nationality,ROW,Uncapped,73.63483833740887
2037,exits,full,nationality,ROW,Uncapped,68.65352526376695
2037,exits,historical,category,EB-1,Uncapped,0.9630550012341496
2037,exits,projection,category,EB-1,Uncapped,1.5454325614573676
2037,exits,full,category,EB-1,Uncapped,1.4391729221148988
2037,exits,historical,category,EB-2,Uncapped,28.622228915914672
2037,exits,projection,category,EB-2,Uncapped,26.378326596808485
2037,exits,full,category,EB-2,Uncapped,26.78774527540002
2037,exits,historical,category,EB-3,Uncapped,35.31675807740419
2037,exits,projection,category,EB-3,Uncapped,23.276910852854318
2037,exits,full,category,EB-3,Uncapped,25.47368131792638
2037,exits,historical,category,EB-4,Uncapped,34.31437763302668
2037,exits,projection,category,EB-4,Uncapped,48.47907662458556
2037,exits,full,category,EB-4,Uncapped,45.89460924630818
2037,exits,historical,category,EB-5,Uncapped,0.7835803724203136
2037,exits,projection,category,EB-5,Uncapped,0.3202533642942708
2037,exits,full,category,EB-5,Uncapped,0.4047912382505202
2037,ageouts,historical,overall,All,Capped,100.0
2037,ageouts,projection,overall,All,Capped,100.0
2037,ageouts,full,overall,All,Capped,100.0
2037,ageouts,historical,nationality,India,Capped,61.673261729790845
2037,ageouts,projection,nationality,India,Capped,72.48771655672923
2037,ageouts,full,nationality,India,Capped,71.62778475082034
2037,ageouts,historical,nationality,China,Capped,8.983780493107796
2037,ageouts,projection,nationality,China,Capped,7.177362402896939
2037,ageouts,full,nationality,China,Capped,7.321003149971128
2037,ageouts,historical,nationality,ROW,Capped,29.34295777710136
2037,ageouts,projection,nationality,ROW,Capped,20.33492104037384
2037,ageouts,full,nationality,ROW,Capped,21.05121209920853
2037,ageouts,historical,category,EB-1,Capped,0.0
2037,ageouts,projection,category,EB-1,Capped,0.9432332126275299
2037,ageouts,full,category,EB-1,Capped,0.8682302417974544
2037,ageouts,historical,category,EB-2,Capped,27.177457929295127
2037,ageouts,projection,category,EB-2,Capped,56.28183552957793
2037,ageouts,full,category,EB-2,Capped,53.96754596157104
2037,ageouts,historical,category,EB-3,Capped,41.76196895247206
2037,ageouts,projection,category,EB-3,Capped,23.83664147371268
2037,ageouts,full,category,EB-3,Capped,25.26200775217922
2037,ageouts,historical,category,EB-4,Capped,30.169152498151934
2037,ageouts,projection,category,EB-4,Capped,18.49879043769627
2037,ageouts,full,category,EB-4,Capped,19.42678132423265
2037,ageouts,historical,category,EB-5,Capped,0.8914206200808801
2037,ageouts,projection,category,EB-5,Capped,0.4394993463855874
2037,ageouts,full,category,EB-5,Capped,0.47543472021963357
2037,exits,historical,overall,All,Capped,100.0
2037,exits,projection,overall,All,Capped,100.0
2037,exits,full,overall,All,Capped,100.0
2037,exits,historical,nationality,India,Capped,40.21821437386782
2037,exits,projection,nationality,India,Capped,30.57006958497045
2037,exits,full,nationality,India,Capped,32.301907705616784
2037,exits,historical,nationality,China,Capped,13.448046487694064
2037,exits,projection,nationality,China,Capped,9.587130395626662
2037,exits,full,nationality,China,Capped,10.280163285903525
2037,exits,historical,nationality,ROW,Capped,46.33373913843811
2037,exits,projection,nationality,ROW,Capped,59.84280001940289
2037,exits,full,nationality,ROW,Capped,57.417929008479696
2037,exits,historical,category,EB-1,Capped,0.9630550012341496
2037,exits,projection,category,EB-1,Capped,1.4420370833070204
2037,exits,full,category,EB-1,Capped,1.35605999164947
2037,exits,historical,category,EB-2,Capped,28.622228915914672
2037,exits,projection,category,EB-2,Capped,28.198249896350152
2037,exits,full,category,EB-2,Capped,28.274353960343994
2037,exits,historical,category,EB-3,Capped,35.31675807740419
2037,exits,projection,category,EB-3,Capped,22.418752705649993
2037,exits,full,category,EB-3,Capped,24.733939497706608
2037,exits,historical,category,EB-4,Capped,34.31437763302668
2037,exits,projection,category,EB-4,Capped,47.595643869191605
2037,exits,full,category,EB-4,Capped,45.21166190566304
2037,exits,historical,category,EB-5,Capped,0.7835803724203136
2037,exits,projection,category,EB-5,Capped,0.34531644550123053
2037,exits,full,category,EB-5,Capped,0.4239846446368871
2038,ageouts,historical,overall,All,Uncapped,100.0
2038,ageouts,projection,overall,All,Uncapped,100.0
2038,ageouts,full,overall,All,Uncapped,100.0
2038,ageouts,historical,nationality,India,Uncapped,61.48306900985855
2038,ageouts,projection,nationality,India,Uncapped,36.6851935306194
2038,ageouts,full,nationality,India,Uncapped,39.279053084648496
2038,ageouts,historical,nationality,China,Uncapped,8.675525075010716
2038,ageouts,projection,nationality,China,Uncapped,7.463822542686896
2038,ageouts,full,nationality,China,Uncapped,7.5905667144906745
2038,ageouts,historical,nationality,ROW,Uncapped,29.841405915130732
2038,ageouts,projection,nationality,ROW,Uncapped,55.85098392669371
2038,ageouts,full,nationality,ROW,Uncapped,53.130380200860834
2038,ageouts,historical,category,EB-1,Uncapped,0.012858979854264894
2038,ageouts,projection,category,EB-1,Uncapped,0.366531470632417
2038,ageouts,full,category,EB-1,Uncapped,0.32953730272596843
2038,ageouts,historical,category,EB-2,Uncapped,26.450921560222888
2038,ageouts,projection,category,EB-2,Uncapped,54.16854438936458
2038,ageouts,full,category,EB-2,Uncapped,51.269279053084645
2038,ageouts,historical,category,EB-3,Uncapped,42.05743677668238
2038,ageouts,projection,category,EB-3,Uncapped,20.22182164138
2038,ageouts,full,category,EB-3,Uncapped,22.505828550932566
2038,ageouts,historical,category,EB-4,Uncapped,30.544363480497214
2038,ageouts,projection,category,EB-4,Uncapped,24.952681388012618
2038,ageouts,full,category,EB-4,Uncapped,25.53757173601148
2038,ageouts,historical,category,EB-5,Uncapped,0.9344192027432491
2038,ageouts,projection,category,EB-5,Uncapped,0.29042111061038506
2038,ageouts,full,category,EB-5,Uncapped,0.35778335724533716
2038,exits,historical,overall,All,Uncapped,100.0
2038,exits,projection,overall,All,Uncapped,100.0
2038,exits,full,overall,All,Uncapped,100.0
2038,exits,historical,nationality,India,Uncapped,40.118426770969144
2038,exits,projection,nationality,India,Uncapped,17.432821815537693
2038,exits,full,nationality,India,Uncapped,21.579262131117115
2038,exits,historical,nationality,China,Uncapped,13.55054658509678
2038,exits,projection,nationality,China,Uncapped,8.890297050431187
2038,exits,full,nationality,China,Uncapped,9.742090361174315
2038,exits,historical,nationality,ROW,Uncapped,46.331026643934074
2038,exits,projection,nationality,ROW,Uncapped,73.67688113403112
2038,exits,full,nationality,ROW,Uncapped,68.67864750770858
2038,exits,historical,category,EB-1,Uncapped,0.9728211814261358
2038,exits,projection,category,EB-1,Uncapped,1.5318429874957125
2038,exits,full,category,EB-1,Uncapped,1.4296658333696135
2038,exits,historical,category,EB-2,Uncapped,28.617574298799852
2038,exits,projection,category,EB-2,Uncapped,26.329006975072737
2038,exits,full,category,EB-2,Uncapped,26.747307824208693
2038,exits,historical,category,EB-3,Uncapped,35.45072376558687
2038,exits,projection,category,EB-3,Uncapped,23.296070014290347
2038,exits,full,category,EB-3,Uncapped,25.517679111129443
2038,exits,historical,category,EB-4,Uncapped,34.132734931300774
2038,exits,projection,category,EB-4,Uncapped,48.524280973089475
2038,exits,full,category,EB-4,Uncapped,45.89381611096981
2038,exits,historical,category,EB-5,Uncapped,0.8261458228863705
2038,exits,projection,category,EB-5,Uncapped,0.31879905005173126
2038,exits,full,category,EB-5,Uncapped,0.41153112032244243
2038,ageouts,historical,overall,All,Capped,100.0
2038,ageouts,projection,overall,All,Capped,100.0
2038,ageouts,full,overall,All,Capped,100.0
2038,ageouts,historical,nationality,India,Capped,61.48306900985855
2038,ageouts,projection,nationality,India,Capped,72.39186370088501
2038,ageouts,full,nationality,India,Capped,71.5152705015999
2038,ageouts,historical,nationality,China,Capped,8.675525075010716
2038,ageouts,projection,nationality,China,Capped,7.1160782169355175
2038,ageouts,full,nationality,China,Capped,7.241389999690009
2038,ageouts,historical,nationality,ROW,Capped,29.841405915130732
2038,ageouts,projection,nationality,ROW,Capped,20.49205808217947
2038,ageouts,full,nationality,ROW,Capped,21.243339498710093
2038,ageouts,historical,category,EB-1,Capped,0.012858979854264894
2038,ageouts,projection,category,EB-1,Capped,0.927337350796439
2038,ageouts,full,category,EB-1,Capped,0.8538530160403126
2038,ageouts,historical,category,EB-2,Capped,26.450921560222888
2038,ageouts,projection,category,EB-2,Capped,56.09042662761563
2038,ageouts,full,category,EB-2,Capped,53.70869800331346
2038,ageouts,historical,category,EB-3,Capped,42.05743677668238
2038,ageouts,projection,category,EB-3,Capped,23.828375174624814
2038,ageouts,full,category,EB-3,Capped,25.29319983053825
2038,ageouts,historical,category,EB-4,Capped,30.544363480497214
2038,ageouts,projection,category,EB-4,Capped,18.693937475889605
2038,ageouts,full,category,EB-4,Capped,19.646196926955785
2038,ageouts,historical,category,EB-5,Capped,0.9344192027432491
2038,ageouts,projection,category,EB-5,Capped,0.45992337107351655
2038,ageouts,full,category,EB-5,Capped,0.4980522231521953
2038,exits,historical,overall,All,Capped,100.0
2038,exits,projection,overall,All,Capped,100.0
2038,exits,full,overall,All,Capped,100.0
2038,exits,historical,nationality,India,Capped,40.118426770969144
2038,exits,projection,nationality,India,Capped,30.633359700024656
2038,exits,full,nationality,India,Capped,32.3395676401366
2038,exits,historical,nationality,China,Capped,13.55054658509678
2038,exits,projection,nationality,China,Capped,9.551769302755304
2038,exits,full,nationality,China,Capped,10.27108372603127
2038,exits,historical,nationality,ROW,Capped,46.331026643934074
2038,exits,projection,nationality,ROW,Capped,59.81487099722004
2038,exits,full,nationality,ROW,Capped,57.389348633832135
2038,exits,historical,category,EB-1,Capped,0.9728211814261358
2038,exits,projection,category,EB-1,Capped,1.4260011017182956
2038,exits,full,category,EB-1,Capped,1.344481469593566
2038,exits,historical,category,EB-2,Capped,28.617574298799852
2038,exits,projection,category,EB-2,Capped,28.22076161547465
2038,exits,full,category,EB-2,Capped,28.29214170651276
2038,exits,historical,category,EB-3,Capped,35.45072376558687
2038,exits,projection,category,EB-3,Capped,22.446272901671183
2038,exits,full,category,EB-3,Capped,24.78556024195555
2038,exits,historical,category,EB-4,Capped,34.132734931300774
2038,exits,projection,category,EB-4,Capped,47.558117473233835
2038,exits,full,category,EB-4,Capped,45.14311143049792
2038,exits,historical,category,EB-5,Capped,0.8261458228863705
2038,exits,projection,category,EB-5,Capped,0.3488469079020332
2038,exits,full,category,EB-5,Capped,0.4347051514402098
2039,ageouts,historical,overall,All,Uncapped,100.0
2039,ageouts,projection,overall,All,Uncapped,100.0
2039,ageouts,full,overall,All,Uncapped,100.0
2039,ageouts,historical,nationality,India,Uncapped,60.51718970758231
2039,ageouts,projection,nationality,India,Uncapped,36.78716470293307
2039,ageouts,full,nationality,India,Uncapped,39.27479836809436
2039,ageouts,historical,nationality,China,Uncapped,8.883846384381556
2039,ageouts,projection,nationality,China,Uncapped,7.291050388568563
2039,ageouts,full,nationality,China,Uncapped,7.458024209293245
2039,ageouts,historical,nationality,ROW,Uncapped,30.598963908036136
2039,ageouts,projection,nationality,ROW,Uncapped,55.921784908498374
2039,ageouts,full,nationality,ROW,Uncapped,53.2671774226124
2039,ageouts,historical,category,EB-1,Uncapped,0.004281371751509184
2039,ageouts,projection,category,EB-1,Uncapped,0.3735271997994485
2039,ageouts,full,category,EB-1,Uncapped,0.3348189240014901
2039,ageouts,historical,category,EB-2,Uncapped,26.771417562186926
2039,ageouts,projection,category,EB-2,Uncapped,54.26773627475558
2039,ageouts,full,category,EB-2,Uncapped,51.38527963663619
2039,ageouts,historical,category,EB-3,Uncapped,40.998415892451945
2039,ageouts,projection,category,EB-3,Uncapped,20.043118576084233
2039,ageouts,full,category,EB-3,Uncapped,22.23987576691935
2039,ageouts,historical,category,EB-4,Uncapped,31.30967161878666
2039,ageouts,projection,category,EB-4,Uncapped,25.02431687139634
2039,ageouts,full,category,EB-4,Uncapped,25.68321462072556
2039,ageouts,historical,category,EB-5,Uncapped,0.9162135548229653
2039,ageouts,projection,category,EB-5,Uncapped,0.29130107796440213
2039,ageouts,full,category,EB-5,Uncapped,0.3568110517174056
2039,exits,historical,overall,All,Uncapped,100.0
2039,exits,projection,overall,All,Uncapped,100.0
2039,exits,full,overall,All,Uncapped,100.0
2039,exits,historical,nationality,India,Uncapped,40.17762122773996
2039,exits,projection,nationality,India,Uncapped,17.430575735222895
2039,exits,full,nationality,India,Uncapped,21.580767212949983
2039,exits,historical,nationality,China,Uncapped,13.628339266561218
2039,exits,projection,nationality,China,Uncapped,8.923262623778975
2039,exits,full,nationality,China,Uncapped,9.781702415063135
2039,exits,historical,nationality,ROW,Uncapped,46.19403950569882
2039,exits,projection,nationality,ROW,Uncapped,73.64616164099813
2039,exits,full,nationality,ROW,Uncapped,68.63753037198688
2039,exits,historical,category,EB-1,Uncapped,0.995363318044664
2039,exits,projection,category,EB-1,Uncapped,1.5379700620664476
2039,exits,full,category,EB-1,Uncapped,1.438971627938497
2039,exits,historical,category,EB-2,Uncapped,28.540425940378363
2039,exits,projection,category,EB-2,Uncapped,26.407671502335873
2039,exits,full,category,EB-2,Uncapped,26.79679189582875
2039,exits,historical,category,EB-3,Uncapped,35.49294481472052
2039,exits,projection,category,EB-3,Uncapped,23.29280014305832
2039,exits,full,category,EB-3,Uncapped,25.51871279883713
2039,exits,historical,category,EB-4,Uncapped,34.180818075964794
2039,exits,projection,category,EB-4,Uncapped,48.443402552696874
2039,exits,full,category,EB-4,Uncapped,45.841198386658334
2039,exits,historical,category,EB-5,Uncapped,0.7904478508916536
2039,exits,projection,category,EB-5,Uncapped,0.31815573984248685
2039,exits,full,category,EB-5,Uncapped,0.40432529073729595
2039,ageouts,historical,overall,All,Capped,100.0
2039,ageouts,projection,overall,All,Capped,100.0
2039,ageouts,full,overall,All,Capped,100.0
2039,ageouts,historical,nationality,India,Capped,60.51718970758231
2039,ageouts,projection,nationality,India,Capped,72.5893657815449
2039,ageouts,full,nationality,India,Capped,71.61663343383677
2039,ageouts,historical,nationality,China,Capped,8.883846384381556
2039,ageouts,projection,nationality,China,Capped,6.933891646686703
2039,ageouts,full,nationality,China,Capped,7.091011956919213
2039,ageouts,historical,nationality,ROW,Capped,30.598963908036136
2039,ageouts,projection,nationality,ROW,Capped,20.476742571768405
2039,ageouts,full,nationality,ROW,Capped,21.292354609244015
2039,ageouts,historical,category,EB-1,Capped,0.004281371751509184
2039,ageouts,projection,category,EB-1,Capped,0.8933764075087143
2039,ageouts,full,category,EB-1,Capped,0.8217363406169577
2039,ageouts,historical,category,EB-2,Capped,26.771417562186926
2039,ageouts,projection,category,EB-2,Capped,56.31798346822154
2039,ageouts,full,category,EB-2,Capped,53.9372278990182
2039,ageouts,historical,category,EB-3,Capped,40.998415892451945
2039,ageouts,projection,category,EB-3,Capped,23.70618009357752
2039,ageouts,full,category,EB-3,Capped,25.09952600095214
2039,ageouts,historical,category,EB-4,Capped,31.30967161878666
2039,ageouts,projection,category,EB-4,Capped,18.67723259679495
2039,ageouts,full,category,EB-4,Capped,19.695108909388217
2039,ageouts,historical,category,EB-5,Capped,0.9162135548229653
2039,ageouts,projection,category,EB-5,Capped,0.40522743389727484
2039,ageouts,full,category,EB-5,Capped,0.4464008500244934
2039,exits,historical,overall,All,Capped,100.0
2039,exits,projection,overall,All,Capped,100.0
2039,exits,full,overall,All,Capped,100.0
2039,exits,historical,nationality,India,Capped,40.17762122773996
2039,exits,projection,nationality,India,Capped,30.49917201123503
2039,exits,full,nationality,India,Capped,32.239398898861715
2039,exits,historical,nationality,China,Capped,13.628339266561218
2039,exits,projection,nationality,China,Capped,9.576216137089322
2039,exits,full,nationality,China,Capped,10.304805342254099
2039,exits,historical,nationality,ROW,Capped,46.19403950569882
2039,exits,projection,nationality,ROW,Capped,59.92461185167565
2039,exits,full,nationality,ROW,Capped,57.455795758884186
2039,exits,historical,category,EB-1,Capped,0.995363318044664
2039,exits,projection,category,EB-1,Capped,1.4343876085305716
2039,exits,full,category,EB-1,Capped,1.3554491487076972
2039,exits,historical,category,EB-2,Capped,28.540425940378363
2039,exits,projection,category,EB-2,Capped,28.23505731878025
2039,exits,full,category,EB-2,Capped,28.28996391322064
2039,exits,historical,category,EB-3,Capped,35.49294481472052
2039,exits,projection,category,EB-3,Capped,22.390463033275083
2039,exits,full,category,EB-3,Capped,24.746345735209037
2039,exits,historical,category,EB-4,Capped,34.180818075964794
2039,exits,projection,category,EB-4,Capped,47.59004949634495
2039,exits,full,category,EB-4,Capped,45.179011887100685
2039,exits,historical,category,EB-5,Capped,0.7904478508916536
2039,exits,projection,category,EB-5,Capped,0.35004254306913934
2039,exits,full,category,EB-5,Capped,0.42922931576194584
2040,ageouts,historical,overall,All,Uncapped,100.0
2040,ageouts,projection,overall,All,Uncapped,100.0
2040,ageouts,full,overall,All,Uncapped,100.0
2040,ageouts,historical,nationality,India,Uncapped,60.80273640457222
2040,ageouts,projection,nationality,India,Uncapped,36.93808269660221
2040,ageouts,full,nationality,India,Uncapped,39.411796386223486
2040,ageouts,historical,nationality,China,Uncapped,9.135781087634223
2040,ageouts,projection,nationality,China,Uncapped,7.405942378754043
2040,ageouts,full,nationality,China,Uncapped,7.585250477977147
2040,ageouts,historical,nationality,ROW,Uncapped,30.061482507793556
2040,ageouts,projection,nationality,ROW,Uncapped,55.65597492464375
2040,ageouts,full,nationality,ROW,Uncapped,53.002953135799366
2040,ageouts,historical,category,EB-1,Uncapped,0.008659508139937652
2040,ageouts,projection,category,EB-1,Uncapped,0.3995633843719645
2040,ageouts,full,category,EB-1,Uncapped,0.3590438661843511
2040,ageouts,historical,category,EB-2,Uncapped,27.307758919293384
2040,ageouts,projection,category,EB-2,Uncapped,54.371163340309835
2040,ageouts,full,category,EB-2,Uncapped,51.5658800613965
2040,ageouts,historical,category,EB-3,Uncapped,40.872878420505714
2040,ageouts,projection,category,EB-3,Uncapped,20.141399373116094
2040,ageouts,full,category,EB-3,Uncapped,22.290340822389975
2040,ageouts,historical,category,EB-4,Uncapped,30.914444059577416
2040,ageouts,projection,category,EB-4,Uncapped,24.7869495989345
2040,ageouts,full,category,EB-4,Uncapped,25.42210094518298
2040,ageouts,historical,category,EB-5,Uncapped,0.896259092483547
2040,ageouts,projection,category,EB-5,Uncapped,0.30092430326760733
2040,ageouts,full,category,EB-5,Uncapped,0.3626343048461946
2040,exits,historical,overall,All,Uncapped,100.0
2040,exits,projection,overall,All,Uncapped,100.0
2040,exits,full,overall,All,Uncapped,100.0
2040,exits,historical,nationality,India,Uncapped,40.14927680985595
2040,exits,projection,nationality,India,Uncapped,17.491066145466913
2040,exits,full,nationality,India,Uncapped,21.62212408529988
2040,exits,historical,nationality,China,Uncapped,13.555270449293108
2040,exits,projection,nationality,China,Uncapped,8.932084069085368
2040,exits,full,nationality,China,Uncapped,9.774986056632928
2040,exits,historical,nationality,ROW,Uncapped,46.29545274085095
2040,exits,projection,nationality,ROW,Uncapped,73.57684978544772
2040,exits,full,nationality,ROW,Uncapped,68.60288985806719
2040,exits,historical,category,EB-1,Uncapped,0.9770693769406612
2040,exits,projection,category,EB-1,Uncapped,1.552790111492641
2040,exits,full,category,EB-1,Uncapped,1.447824377577237
2040,exits,historical,category,EB-2,Uncapped,28.485040975899235
2040,exits,projection,category,EB-2,Uncapped,26.413459253702833
2040,exits,full,category,EB-2,Uncapped,26.79115121924459
2040,exits,historical,category,EB-3,Uncapped,35.39055611044478
2040,exits,projection,category,EB-3,Uncapped,23.309369947771312
2040,exits,full,category,EB-3,Uncapped,25.512018725256237
2040,exits,historical,category,EB-4,Uncapped,34.323636470013
2040,exits,projection,category,EB-4,Uncapped,48.4063494430027
2040,exits,full,category,EB-4,Uncapped,45.83878115161545
2040,exits,historical,category,EB-5,Uncapped,0.8236970667023281
2040,exits,projection,category,EB-5,Uncapped,0.31803124403050786
2040,exits,full,category,EB-5,Uncapped,0.41022452630648587
2040,ageouts,historical,overall,All,Capped,100.0
2040,ageouts,projection,overall,All,Capped,100.0
2040,ageouts,full,overall,All,Capped,100.0
2040,ageouts,historical,nationality,India,Capped,60.80273640457222
2040,ageouts,projection,nationality,India,Capped,72.49342417881743
2040,ageouts,full,nationality,India,Capped,71.56352565581703
2040,ageouts,historical,nationality,China,Capped,9.135781087634223
2040,ageouts,projection,nationality,China,Capped,7.103757665555419
2040,ageouts,full,nationality,China,Capped,7.265388496468214
2040,ageouts,historical,nationality,ROW,Capped,30.061482507793556
2040,ageouts,projection,nationality,ROW,Capped,20.402818155627145
2040,ageouts,full,nationality,ROW,Capped,21.171085847714757
2040,ageouts,historical,category,EB-1,Capped,0.008659508139937652
2040,ageouts,projection,category,EB-1,Capped,0.957095339117811
2040,ageouts,full,category,EB-1,Capped,0.8816550318050165
2040,ageouts,historical,category,EB-2,Capped,27.307758919293384
2040,ageouts,projection,category,EB-2,Capped,56.31858777926194
2040,ageouts,full,category,EB-2,Capped,54.01101379996763
2040,ageouts,historical,category,EB-3,Capped,40.872878420505714
2040,ageouts,projection,category,EB-3,Capped,23.70513381749337
2040,ageouts,full,category,EB-3,Capped,25.07068738096796
2040,ageouts,historical,category,EB-4,Capped,30.914444059577416
2040,ageouts,projection,category,EB-4,Capped,18.591894996389378
2040,ageouts,full,category,EB-4,Capped,19.57205291307777
2040,ageouts,historical,category,EB-5,Capped,0.896259092483547
2040,ageouts,projection,category,EB-5,Capped,0.42728806773750594
2040,ageouts,full,category,EB-5,Capped,0.4645908741816278
2040,exits,historical,overall,All,Capped,100.0
2040,exits,projection,overall,All,Capped,100.0
2040,exits,full,overall,All,Capped,100.0
2040,exits,historical,nationality,India,Capped,40.14927680985595
2040,exits,projection,nationality,India,Capped,30.60530257817277
2040,exits,full,nationality,India,Capped,32.31798499213309
2040,exits,historical,nationality,China,Capped,13.555270449293108
2040,exits,projection,nationality,China,Capped,9.553012529395044
2040,exits,full,nationality,China,Capped,10.271224522548547
2040,exits,historical,nationality,ROW,Capped,46.29545274085095
2040,exits,projection,nationality,ROW,Capped,59.841684892432184
2040,exits,full,nationality,ROW,Capped,57.41079048531836
2040,exits,historical,category,EB-1,Capped,0.9770693769406612
2040,exits,projection,category,EB-1,Capped,1.4513589124678858
2040,exits,full,category,EB-1,Capped,1.3662468483629486
2040,exits,historical,category,EB-2,Capped,28.485040975899235
2040,exits,projection,category,EB-2,Capped,28.2334092219784
2040,exits,full,category,EB-2,Capped,28.27856496834489
2040,exits,historical,category,EB-3,Capped,35.39055611044478
2040,exits,projection,category,EB-3,Capped,22.402382860803897
2040,exits,full,category,EB-3,Capped,24.73313264848504
2040,exits,historical,category,EB-4,Capped,34.323636470013
2040,exits,projection,category,EB-4,Capped,47.56326160927188
2040,exits,full,category,EB-4,Capped,45.18738835217941
2040,exits,historical,category,EB-5,Capped,0.8236970667023281
2040,exits,projection,category,EB-5,Capped,0.34958739547793855
2040,exits,full,category,EB-5,Capped,0.4346671826277116
2041,ageouts,historical,overall,All,Uncapped,100.0
2041,ageouts,projection,overall,All,Uncapped,100.0
2041,ageouts,full,overall,All,Uncapped,100.0
2041,ageouts,historical,nationality,India,Uncapped,60.931960876436165
2041,ageouts,projection,nationality,India,Uncapped,36.91658067941616
2041,ageouts,full,nationality,India,Uncapped,39.4373584990249
2041,ageouts,historical,nationality,China,Uncapped,9.08896766753513
2041,ageouts,projection,nationality,China,Uncapped,7.324611053786278
2041,ageouts,full,nationality,China,Uncapped,7.509806998273969
2041,ageouts,historical,nationality,ROW,Uncapped,29.979071456028702
2041,ageouts,projection,nationality,ROW,Uncapped,55.758808266797566
2041,ageouts,full,nationality,ROW,Uncapped,53.052834502701124
2041,ageouts,historical,category,EB-1,Uncapped,0.017084525690855508
2041,ageouts,projection,category,EB-1,Uncapped,0.346119554001663
2041,ageouts,full,category,EB-1,Uncapped,0.31158234516150723
2041,ageouts,historical,category,EB-2,Uncapped,26.92521248878828
2041,ageouts,projection,category,EB-2,Uncapped,54.451969024553954
2041,ageouts,full,category,EB-2,Uncapped,51.56261908497904
2041,ageouts,historical,category,EB-3,Uncapped,41.40007688036561
2041,ageouts,projection,category,EB-3,Uncapped,19.988279019444807
2041,ageouts,full,category,EB-3,Uncapped,22.235771446504227
2041,ageouts,historical,category,EB-4,Uncapped,30.82475547772605
2041,ageouts,projection,category,EB-4,Uncapped,24.917602508490198
2041,ageouts,full,category,EB-4,Uncapped,25.53764766537401
2041,ageouts,historical,category,EB-5,Uncapped,0.832870627429206
2041,ageouts,projection,category,EB-5,Uncapped,0.2960298935093818
2041,ageouts,full,category,EB-5,Uncapped,0.3523794579812154
2041,exits,historical,overall,All,Uncapped,100.0
2041,exits,projection,overall,All,Uncapped,100.0
2041,exits,full,overall,All,Uncapped,100.0
2041,exits,historical,nationality,India,Uncapped,40.30308859319723
2041,exits,projection,nationality,India,Uncapped,17.411362657563515
2041,exits,full,nationality,India,Uncapped,21.584215019666434
2041,exits,historical,nationality,China,Uncapped,13.433665916750998
2041,exits,projection,nationality,China,Uncapped,8.893657561650425
2041,exits,full,nationality,China,Uncapped,9.721239747537885
2041,exits,historical,nationality,ROW,Uncapped,46.263245490051766
2041,exits,projection,nationality,ROW,Uncapped,73.69497978078606
2041,exits,full,nationality,ROW,Uncapped,68.69454523279568
2041,exits,historical,category,EB-1,Uncapped,0.9726601376610995
2041,exits,projection,category,EB-1,Uncapped,1.543334744048429
2041,exits,full,category,EB-1,Uncapped,1.4393084733359758
2041,exits,historical,category,EB-2,Uncapped,28.52160677098579
2041,exits,projection,category,EB-2,Uncapped,26.363841445566596
2041,exits,full,category,EB-2,Uncapped,26.757172912156598
2041,exits,historical,category,EB-3,Uncapped,35.424733835693196
2041,exits,projection,category,EB-3,Uncapped,23.367128349593845
2041,exits,full,category,EB-3,Uncapped,25.565066926853067
2041,exits,historical,category,EB-4,Uncapped,34.266406844583464
2041,exits,projection,category,EB-4,Uncapped,48.41350483154384
2041,exits,full,category,EB-4,Uncapped,45.834680001219624
2041,exits,historical,category,EB-5,Uncapped,0.8145924110764495
2041,exits,projection,category,EB-5,Uncapped,0.3121906292472934
2041,exits,full,category,EB-5,Uncapped,0.4037716864347349
2041,ageouts,historical,overall,All,Capped,100.0
2041,ageouts,projection,overall,All,Capped,100.0
2041,ageouts,full,overall,All,Capped,100.0
2041,ageouts,historical,nationality,India,Capped,60.931960876436165
2041,ageouts,projection,nationality,India,Capped,72.585893081643
2041,ageouts,full,nationality,India,Capped,71.6446229103278
2041,ageouts,historical,nationality,China,Capped,9.08896766753513
2041,ageouts,projection,nationality,China,Capped,7.046704069952902
2041,ageouts,full,nationality,China,Capped,7.211654558124453
2041,ageouts,historical,nationality,ROW,Capped,29.979071456028702
2041,ageouts,projection,nationality,ROW,Capped,20.367402848404105
2041,ageouts,full,nationality,ROW,Capped,21.143722531547755
2041,ageouts,historical,category,EB-1,Capped,0.017084525690855508
2041,ageouts,projection,category,EB-1,Capped,0.926951006698816
2041,ageouts,full,category,EB-1,Capped,0.8534624911169526
2041,ageouts,historical,category,EB-2,Capped,26.92521248878828
2041,ageouts,projection,category,EB-2,Capped,56.24828776762426
2041,ageouts,full,category,EB-2,Capped,53.87990809926935
2041,ageouts,historical,category,EB-3,Capped,41.40007688036561
2041,ageouts,projection,category,EB-3,Capped,23.82376672358471
2041,ageouts,full,category,EB-3,Capped,25.243378248780523
2041,ageouts,historical,category,EB-4,Capped,30.82475547772605
2041,ageouts,projection,category,EB-4,Capped,18.603568949017696
2041,ageouts,full,category,EB-4,Capped,19.590655379159507
2041,ageouts,historical,category,EB-5,Capped,0.832870627429206
2041,ageouts,projection,category,EB-5,Capped,0.3974255530745126
2041,ageouts,full,category,EB-5,Capped,0.43259578167366963
2041,exits,historical,overall,All,Capped,100.0
2041,exits,projection,overall,All,Capped,100.0
2041,exits,full,overall,All,Capped,100.0
2041,exits,historical,nationality,India,Capped,40.30308859319723
2041,exits,projection,nationality,India,Capped,30.600440992562365
2041,exits,full,nationality,India,Capped,32.341035562483775
2041,exits,historical,nationality,China,Capped,13.433665916750998
2041,exits,projection,nationality,China,Capped,9.578972772548761
2041,exits,full,nationality,China,Capped,10.270480722922295
2041,exits,historical,nationality,ROW,Capped,46.263245490051766
2041,exits,projection,nationality,ROW,Capped,59.82058623488887
2041,exits,full,nationality,ROW,Capped,57.388483714593924
2041,exits,historical,category,EB-1,Capped,0.9726601376610995
2041,exits,projection,category,EB-1,Capped,1.4534288451552981
2041,exits,full,category,EB-1,Capped,1.3671819323438112
2041,exits,historical,category,EB-2,Capped,28.52160677098579
2041,exits,projection,category,EB-2,Capped,28.284498709200875
2041,exits,full,category,EB-2,Capped,28.327034419227118
2041,exits,historical,category,EB-3,Capped,35.424733835693196
2041,exits,projection,category,EB-3,Capped,22.44710648909951
2041,exits,full,category,EB-3,Capped,24.77521203510188
2041,exits,historical,category,EB-4,Capped,34.266406844583464
2041,exits,projection,category,EB-4,Capped,47.4687721684694
2041,exits,full,category,EB-4,Capped,45.10035002858142
2041,exits,historical,category,EB-5,Capped,0.8145924110764495
2041,exits,projection,category,EB-5,Capped,0.3461937880749175
2041,exits,full,category,EB-5,Capped,0.43022158474577543
2042,ageouts,historical,overall,All,Uncapped,100.0
2042,ageouts,projection,overall,All,Uncapped,100.0
2042,ageouts,full,overall,All,Uncapped,100.0
2042,ageouts,historical,nationality,India,Uncapped,61.56872808143016
2042,ageouts,projection,nationality,India,Uncapped,36.74394934965799
2042,ageouts,full,nationality,India,Uncapped,39.337399191296385
2042,ageouts,historical,nationality,China,Uncapped,9.041142759387563
2042,ageouts,projection,nationality,China,Uncapped,7.3201518711988545
2042,ageouts,full,nationality,China,Uncapped,7.499944150302706
2042,ageouts,historical,nationality,ROW,Uncapped,29.390129159182276
2042,ageouts,projection,nationality,ROW,Uncapped,55.93589877914315
2042,ageouts,full,nationality,ROW,Uncapped,53.16265665840091
2042,ageouts,historical,category,EB-1,Uncapped,0.0
2042,ageouts,projection,category,EB-1,Uncapped,0.384168275683146
2042,ageouts,full,category,EB-1,Uncapped,0.3440341353349865
2042,ageouts,historical,category,EB-2,Uncapped,27.401419895646224
2042,ageouts,projection,category,EB-2,Uncapped,54.24156700742892
2042,ageouts,full,category,EB-2,Uncapped,51.43757120836405
2042,ageouts,historical,category,EB-3,Uncapped,41.12992900521769
2042,ageouts,projection,category,EB-3,Uncapped,20.217229697704468
2042,ageouts,full,category,EB-3,Uncapped,22.401983781247907
2042,ageouts,historical,category,EB-4,Uncapped,30.484988452655887
2042,ageouts,projection,category,EB-4,Uncapped,24.878637749272823
2042,ageouts,full,category,EB-4,Uncapped,25.46433438330764
2042,ageouts,historical,category,EB-5,Uncapped,0.9836626464801984
2042,ageouts,projection,category,EB-5,Uncapped,0.27839726991064345
2042,ageouts,full,category,EB-5,Uncapped,0.3520764917454147
2042,exits,historical,overall,All,Uncapped,100.0
2042,exits,projection,overall,All,Uncapped,100.0
2042,exits,full,overall,All,Uncapped,100.0
2042,exits,historical,nationality,India,Uncapped,40.186314914797045
2042,exits,projection,nationality,India,Uncapped,17.47238669343756
2042,exits,full,nationality,India,Uncapped,21.61599095667859
2042,exits,historical,nationality,China,Uncapped,13.525995147962103
2042,exits,projection,nationality,China,Uncapped,8.906042550812677
2042,exits,full,nationality,China,Uncapped,9.748840638882626
2042,exits,historical,nationality,ROW,Uncapped,46.28768993724085
2042,exits,projection,nationality,ROW,Uncapped,73.62157075574976
2042,exits,full,nationality,ROW,Uncapped,68.63516840443879
2042,exits,historical,category,EB-1,Uncapped,1.0071527890866727
2042,exits,projection,category,EB-1,Uncapped,1.5463451674966575
2042,exits,full,category,EB-1,Uncapped,1.4479826202475334
2042,exits,historical,category,EB-2,Uncapped,28.627441155469818
2042,exits,projection,category,EB-2,Uncapped,26.415417798295916
2042,exits,full,category,EB-2,Uncapped,26.81894770839554
2042,exits,historical,category,EB-3,Uncapped,35.42071177141139
2042,exits,projection,category,EB-3,Uncapped,23.25797420118233
2042,exits,full,category,EB-3,Uncapped,25.476770120476054
2042,exits,historical,category,EB-4,Uncapped,34.1275309306977
2042,exits,projection,category,EB-4,Uncapped,48.46860864339587
2042,exits,full,category,EB-4,Uncapped,45.85242749803472
2042,exits,historical,category,EB-5,Uncapped,0.817163353334419
2042,exits,projection,category,EB-5,Uncapped,0.31165418962922936
2042,exits,full,category,EB-5,Uncapped,0.40387205284614774
2042,ageouts,historical,overall,All,Capped,100.0
2042,ageouts,projection,overall,All,Capped,100.0
2042,ageouts,full,overall,All,Capped,100.0
2042,ageouts,historical,nationality,India,Capped,61.56872808143016
2042,ageouts,projection,nationality,India,Capped,72.60737119217751
2042,ageouts,full,nationality,India,Capped,71.71514300924358
2042,ageouts,historical,nationality,China,Capped,9.041142759387563
2042,ageouts,projection,nationality,China,Capped,6.966904851447913
2042,ageouts,full,nationality,China,Capped,7.134560740039132
2042,ageouts,historical,nationality,ROW,Capped,29.390129159182276
2042,ageouts,projection,nationality,ROW,Capped,20.425723956374576
2042,ageouts,full,nationality,ROW,Capped,21.150296250717293
2042,ageouts,historical,category,EB-1,Capped,0.0
2042,ageouts,projection,category,EB-1,Capped,0.9112448288830387
2042,ageouts,full,category,EB-1,Capped,0.83759100116841
2042,ageouts,historical,category,EB-2,Capped,27.401419895646224
2042,ageouts,projection,category,EB-2,Capped,56.07634449040993
2042,ageouts,full,category,EB-2,Capped,53.75861616000996
2042,ageouts,historical,category,EB-3,Capped,41.12992900521769
2042,ageouts,projection,category,EB-3,Capped,23.967280932681458
2042,ageouts,full,category,EB-3,Capped,25.354498378744616
2042,ageouts,historical,category,EB-4,Capped,30.484988452655887
2042,ageouts,projection,category,EB-4,Capped,18.638585934561867
2042,ageouts,full,category,EB-4,Capped,19.59610345614314
2042,ageouts,historical,category,EB-5,Capped,0.9836626464801984
2042,ageouts,projection,category,EB-5,Capped,0.40654381346370816
2042,ageouts,full,category,EB-5,Capped,0.4531910039338777
2042,exits,historical,overall,All,Capped,100.0
2042,exits,projection,overall,All,Capped,100.0
2042,exits,full,overall,All,Capped,100.0
2042,exits,historical,nationality,India,Capped,40.186314914797045
2042,exits,projection,nationality,India,Capped,30.593281960990556
2042,exits,full,nationality,India,Capped,32.31701095128195
2042,exits,historical,nationality,China,Capped,13.525995147962103
2042,exits,projection,nationality,China,Capped,9.55790821576384
2042,exits,full,nationality,China,Capped,10.270915928127899
2042,exits,historical,nationality,ROW,Capped,46.28768993724085
2042,exits,projection,nationality,ROW,Capped,59.8488098232456
2042,exits,full,nationality,ROW,Capped,57.41207312059015
2042,exits,historical,category,EB-1,Capped,1.0071527890866727
2042,exits,projection,category,EB-1,Capped,1.455559874694167
2042,exits,full,category,EB-1,Capped,1.3749876201594824
2042,exits,historical,category,EB-2,Capped,28.627441155469818
2042,exits,projection,category,EB-2,Capped,28.30174010472641
2042,exits,full,category,EB-2,Capped,28.3602638631705
2042,exits,historical,category,EB-3,Capped,35.42071177141139
2042,exits,projection,category,EB-3,Capped,22.364530217455926
2042,exits,full,category,EB-3,Capped,24.71053681989658
2042,exits,historical,category,EB-4,Capped,34.1275309306977
2042,exits,projection,category,EB-4,Capped,47.53325863764206
2042,exits,full,category,EB-4,Capped,45.124443657470074
2042,exits,historical,category,EB-5,Capped,0.817163353334419
2042,exits,projection,category,EB-5,Capped,0.34491116548144424
2042,exits,full,category,EB-5,Capped,0.4297680393033676
2043,ageouts,historical,overall,All,Uncapped,100.0
2043,ageouts,projection,overall,All,Uncapped,100.0
2043,ageouts,full,overall,All,Uncapped,100.0
2043,ageouts,historical,nationality,India,Uncapped,61.34775941386948
2043,ageouts,projection,nationality,India,Uncapped,36.66861391131549
2043,ageouts,full,nationality,India,Uncapped,39.25786225358533
2043,ageouts,historical,nationality,China,Uncapped,8.877151133072074
2043,ageouts,projection,nationality,China,Uncapped,7.407518361518451
2043,ageouts,full,nationality,China,Uncapped,7.561707015136822
2043,ageouts,historical,nationality,ROW,Uncapped,29.775089453058442
2043,ageouts,projection,nationality,ROW,Uncapped,55.92386772716606
2043,ageouts,full,nationality,ROW,Uncapped,53.180430731277845
2043,ageouts,historical,category,EB-1,Uncapped,0.004259669449650707
2043,ageouts,projection,category,EB-1,Uncapped,0.36847860277707045
2043,ageouts,full,category,EB-1,Uncapped,0.3302660451646638
2043,ageouts,historical,category,EB-2,Uncapped,27.513204975293917
2043,ageouts,projection,category,EB-2,Uncapped,54.26271825367105
2043,ageouts,full,category,EB-2,Uncapped,51.45625427357112
2043,ageouts,historical,category,EB-3,Uncapped,40.9695007667405
2043,ageouts,projection,category,EB-3,Uncapped,20.22588037926334
2043,ageouts,full,category,EB-3,Uncapped,22.40222739643992
2043,ageouts,historical,category,EB-4,Uncapped,30.558868631794173
2043,ageouts,projection,category,EB-4,Uncapped,24.84684171896766
2043,ageouts,full,category,EB-4,Uncapped,25.44612730661113
2043,ageouts,historical,category,EB-5,Uncapped,0.9541659567217584
2043,ageouts,projection,category,EB-5,Uncapped,0.296081045320871
2043,ageouts,full,category,EB-5,Uncapped,0.36512497821316686
2043,exits,historical,overall,All,Uncapped,100.0
2043,exits,projection,overall,All,Uncapped,100.0
2043,exits,full,overall,All,Uncapped,100.0
2043,exits,historical,nationality,India,Uncapped,40.26606982241094
2043,exits,projection,nationality,India,Uncapped,17.441529433397644
2043,exits,full,nationality,India,Uncapped,21.60508430340373
2043,exits,historical,nationality,China,Uncapped,13.497604953249525
2043,exits,projection,nationality,China,Uncapped,8.882896455036677
2043,exits,full,nationality,China,Uncapped,9.724691808367917
2043,exits,historical,nationality,ROW,Uncapped,46.23632522433953
2043,exits,projection,nationality,ROW,Uncapped,73.67557411156568
2043,exits,full,nationality,ROW,Uncapped,68.67022388822835
2043,exits,historical,category,EB-1,Uncapped,0.9496517246428348
2043,exits,projection,category,EB-1,Uncapped,1.5528057564701017
2043,exits,full,category,EB-1,Uncapped,1.4427809820922994
2043,exits,historical,category,EB-2,Uncapped,28.519254502478717
2043,exits,projection,category,EB-2,Uncapped,26.336093399828815
2043,exits,full,category,EB-2,Uncapped,26.734336294801686
2043,exits,historical,category,EB-3,Uncapped,35.546677264835694
2043,exits,projection,category,EB-3,Uncapped,23.32111511540102
2043,exits,full,category,EB-3,Uncapped,25.55124978441467
2043,exits,historical,category,EB-4,Uncapped,34.18537034325517
2043,exits,projection,category,EB-4,Uncapped,48.46898915481481
2043,exits,full,category,EB-4,Uncapped,45.86343260688072
2043,exits,historical,category,EB-5,Uncapped,0.7990461647875834
2043,exits,projection,category,EB-5,Uncapped,0.3209965734852537
2043,exits,full,category,EB-5,Uncapped,0.4082003318106268
2043,ageouts,historical,overall,All,Capped,100.0
2043,ageouts,projection,overall,All,Capped,100.0
2043,ageouts,full,overall,All,Capped,100.0
2043,ageouts,historical,nationality,India,Capped,61.34775941386948
2043,ageouts,projection,nationality,India,Capped,72.48853283888405
2043,ageouts,full,nationality,India,Capped,71.5897023496541
2043,ageouts,historical,nationality,China,Capped,8.877151133072074
2043,ageouts,projection,nationality,China,Capped,7.062724530192185
2043,ageouts,full,nationality,China,Capped,7.20911131043821
2043,ageouts,historical,nationality,ROW,Capped,29.775089453058442
2043,ageouts,projection,nationality,ROW,Capped,20.448742630923764
2043,ageouts,full,nationality,ROW,Capped,21.20118633990769
2043,ageouts,historical,category,EB-1,Capped,0.004259669449650707
2043,ageouts,projection,category,EB-1,Capped,0.9487744062683409
2043,ageouts,full,category,EB-1,Capped,0.8725715601469521
2043,ageouts,historical,category,EB-2,Capped,27.513204975293917
2043,ageouts,projection,category,EB-2,Capped,56.12983779621163
2043,ageouts,full,category,EB-2,Capped,53.821066125046826
2043,ageouts,historical,category,EB-3,Capped,40.9695007667405
2043,ageouts,projection,category,EB-3,Capped,23.90029270699768
2043,ageouts,full,category,EB-3,Capped,25.277425518680044
2043,ageouts,historical,category,EB-4,Capped,30.558868631794173
2043,ageouts,projection,category,EB-4,Capped,18.594557818043164
2043,ageouts,full,category,EB-4,Capped,19.559830778166123
2043,ageouts,historical,category,EB-5,Capped,0.9541659567217584
2043,ageouts,projection,category,EB-5,Capped,0.42653727247918716
2043,ageouts,full,category,EB-5,Capped,0.46910601796005896
2043,exits,historical,overall,All,Capped,100.0
2043,exits,projection,overall,All,Capped,100.0
2043,exits,full,overall,All,Capped,100.0
2043,exits,historical,nationality,India,Capped,40.26606982241094
2043,exits,projection,nationality,India,Capped,30.59272338569494
2043,exits,full,nationality,India,Capped,32.327816497679805
2043,exits,historical,nationality,China,Capped,13.497604953249525
2043,exits,projection,nationality,China,Capped,9.554293886411372
2043,exits,full,nationality,China,Capped,10.261599462123531
2043,exits,historical,nationality,ROW,Capped,46.23632522433953
2043,exits,projection,nationality,ROW,Capped,59.85298272789369
2043,exits,full,nationality,ROW,Capped,57.41058404019666
2043,exits,historical,category,EB-1,Capped,0.9496517246428348
2043,exits,projection,category,EB-1,Capped,1.439174552606818
2043,exits,full,category,EB-1,Capped,1.3513696039764438
2043,exits,historical,category,EB-2,Capped,28.519254502478717
2043,exits,projection,category,EB-2,Capped,28.29767019960443
2043,exits,full,category,EB-2,Capped,28.337415431531806
2043,exits,historical,category,EB-3,Capped,35.546677264835694
2043,exits,projection,category,EB-3,Capped,22.399057070462767
2043,exits,full,category,EB-3,Capped,24.757325265186306
2043,exits,historical,category,EB-4,Capped,34.18537034325517
2043,exits,projection,category,EB-4,Capped,47.50537895946738
2043,exits,full,category,EB-4,Capped,45.11618972151686
2043,exits,historical,category,EB-5,Capped,0.7990461647875834
2043,exits,projection,category,EB-5,Capped,0.3587192178586026
2043,exits,full,category,EB-5,Capped,0.4376999777885833
2044,ageouts,historical,overall,All,Uncapped,100.0
2044,ageouts,projection,overall,All,Uncapped,100.0
2044,ageouts,full,overall,All,Uncapped,100.0
2044,ageouts,historical,nationality,India,Uncapped,61.75654327313095
2044,ageouts,projection,nationality,India,Uncapped,36.65484161087239
2044,ageouts,full,nationality,India,Uncapped,39.284580047503816
2044,ageouts,historical,nationality,China,Uncapped,8.863840143460996
2044,ageouts,projection,nationality,China,Uncapped,7.380333766363545
2044,ageouts,full,nationality,China,Uncapped,7.53575086889037
2044,ageouts,historical,nationality,ROW,Uncapped,29.37961658340805
2044,ageouts,projection,nationality,ROW,Uncapped,55.96482462276406
2044,ageouts,full,nationality,ROW,Uncapped,53.179669083605816
2044,ageouts,historical,category,EB-1,Uncapped,0.004269672516118014
2044,ageouts,projection,category,EB-1,Uncapped,0.37173978215249326
2044,ageouts,full,category,EB-1,Uncapped,0.3332423812740147
2044,ageouts,historical,category,EB-2,Uncapped,27.88096153025063
2044,ageouts,projection,category,EB-2,Uncapped,54.414909563305685
2044,ageouts,full,category,EB-2,Uncapped,51.63512419429149
2044,ageouts,historical,category,EB-3,Uncapped,40.899193031894455
2044,ageouts,projection,category,EB-3,Uncapped,20.055461177175978
2044,ageouts,full,category,EB-3,Uncapped,22.23912041903552
2044,ageouts,historical,category,EB-4,Uncapped,30.28478715682507
2044,ageouts,projection,category,EB-4,Uncapped,24.852603177775556
2044,ageouts,full,category,EB-4,Uncapped,25.421696986504802
2044,ageouts,historical,category,EB-5,Uncapped,0.930788608513727
2044,ageouts,projection,category,EB-5,Uncapped,0.3052862995902868
2044,ageouts,full,category,EB-5,Uncapped,0.37081601889417204
2044,exits,historical,overall,All,Uncapped,100.0
2044,exits,projection,overall,All,Uncapped,100.0
2044,exits,full,overall,All,Uncapped,100.0
2044,exits,historical,nationality,India,Uncapped,40.23942224007498
2044,exits,projection,nationality,India,Uncapped,17.445775373998234
2044,exits,full,nationality,India,Uncapped,21.592788041376497
2044,exits,historical,nationality,China,Uncapped,13.451496284394457
2044,exits,projection,nationality,China,Uncapped,8.866521993217967
2044,exits,full,nationality,China,Uncapped,9.700699454017826
2044,exits,historical,nationality,ROW,Uncapped,46.30908147553056
2044,exits,projection,nationality,ROW,Uncapped,73.6877026327838
2044,exits,full,nationality,ROW,Uncapped,68.70651250460568
2044,exits,historical,category,EB-1,Uncapped,0.9540068286804579
2044,exits,projection,category,EB-1,Uncapped,1.5626221380154923
2044,exits,full,category,EB-1,Uncapped,1.4518923626442224
2044,exits,historical,category,EB-2,Uncapped,28.649494543750418
2044,exits,projection,category,EB-2,Uncapped,26.344960562216407
2044,exits,full,category,EB-2,Uncapped,26.76424106041736
2044,exits,historical,category,EB-3,Uncapped,35.48403293834103
2044,exits,projection,category,EB-3,Uncapped,23.29248727903488
2044,exits,full,category,EB-3,Uncapped,25.510583162555307
2044,exits,historical,category,EB-4,Uncapped,34.12541005556671
2044,exits,projection,category,EB-4,Uncapped,48.48548860789649
2044,exits,full,category,EB-4,Uncapped,45.872855885675655
2044,exits,historical,category,EB-5,Uncapped,0.7870556336613778
2044,exits,projection,category,EB-5,Uncapped,0.3144414128367287
2044,exits,full,category,EB-5,Uncapped,0.40042752870745646
2044,ageouts,historical,overall,All,Capped,100.0
2044,ageouts,projection,overall,All,Capped,100.0
2044,ageouts,full,overall,All,Capped,100.0
2044,ageouts,historical,nationality,India,Capped,61.75654327313095
2044,ageouts,projection,nationality,India,Capped,72.59923175416134
2044,ageouts,full,nationality,India,Capped,71.72513019623231
2044,ageouts,historical,nationality,China,Capped,8.863840143460996
2044,ageouts,projection,nationality,China,Capped,7.025780413475002
2044,ageouts,full,nationality,China,Capped,7.173958688296624
2044,ageouts,historical,nationality,ROW,Capped,29.37961658340805
2044,ageouts,projection,nationality,ROW,Capped,20.374987832363665
2044,ageouts,full,nationality,ROW,Capped,21.100911115471064
2044,ageouts,historical,category,EB-1,Capped,0.004269672516118014
2044,ageouts,projection,category,EB-1,Capped,0.9397159137707692
2044,ageouts,full,category,EB-1,Capped,0.864303342592497
2044,ageouts,historical,category,EB-2,Capped,27.88096153025063
2044,ageouts,projection,category,EB-2,Capped,56.11564121571534
2044,ageouts,full,category,EB-2,Capped,53.83945505175149
2044,ageouts,historical,category,EB-3,Capped,40.899193031894455
2044,ageouts,projection,category,EB-3,Capped,23.966499689257287
2044,ageouts,full,category,EB-3,Capped,25.33155722610602
2044,ageouts,historical,category,EB-4,Capped,30.28478715682507
2044,ageouts,projection,category,EB-4,Capped,18.547596049449275
2044,ageouts,full,category,EB-4,Capped,19.493809440216438
2044,ageouts,historical,category,EB-5,Capped,0.930788608513727
2044,ageouts,projection,category,EB-5,Capped,0.43054713180732457
2044,ageouts,full,category,EB-5,Capped,0.47087493933354674
2044,exits,historical,overall,All,Capped,100.0
2044,exits,projection,overall,All,Capped,100.0
2044,exits,full,overall,All,Capped,100.0
2044,exits,historical,nationality,India,Capped,40.23942224007498
2044,exits,projection,nationality,India,Capped,30.563208255056715
2044,exits,full,nationality,India,Capped,32.29613942955459
2044,exits,historical,nationality,China,Capped,13.451496284394457
2044,exits,projection,nationality,China,Capped,9.521723016703271
2044,exits,full,nationality,China,Capped,10.225513426344321
2044,exits,historical,nationality,ROW,Capped,46.30908147553056
2044,exits,projection,nationality,ROW,Capped,59.915068728240016
2044,exits,full,nationality,ROW,Capped,57.478347144101086
2044,exits,historical,category,EB-1,Capped,0.9540068286804579
2044,exits,projection,category,EB-1,Capped,1.449783381440363
2044,exits,full,category,EB-1,Capped,1.3609938357365419
2044,exits,historical,category,EB-2,Capped,28.649494543750418
2044,exits,projection,category,EB-2,Capped,28.2445772332342
2044,exits,full,category,EB-2,Capped,28.317094628113416
2044,exits,historical,category,EB-3,Capped,35.48403293834103
2044,exits,projection,category,EB-3,Capped,22.353337459401136
2044,exits,full,category,EB-3,Capped,24.704938155037297
2044,exits,historical,category,EB-4,Capped,34.12541005556671
2044,exits,projection,category,EB-4,Capped,47.61080591597792
2044,exits,full,category,EB-4,Capped,45.195681268762186
2044,exits,historical,category,EB-5,Capped,0.7870556336613778
2044,exits,projection,category,EB-5,Capped,0.34149600994637935
2044,exits,full,category,EB-5,Capped,0.4212921123505582
2045,ageouts,historical,overall,All,Uncapped,100.0
2045,ageouts,projection,overall,All,Uncapped,100.0
2045,ageouts,full,overall,All,Uncapped,100.0
2045,ageouts,historical,nationality,India,Uncapped,60.59528907922912
2045,ageouts,projection,nationality,India,Uncapped,36.98510690244498
2045,ageouts,full,nationality,India,Uncapped,39.44574129535321
2045,ageouts,historical,nationality,China,Uncapped,9.276231263383298
2045,ageouts,projection,nationality,China,Uncapped,7.398217213012651
2045,ageouts,full,nationality,China,Uncapped,7.593942342454931
2045,ageouts,historical,nationality,ROW,Uncapped,30.12847965738758
2045,ageouts,projection,nationality,ROW,Uncapped,55.61667588454237
2045,ageouts,full,nationality,ROW,Uncapped,52.96031636219186
2045,ageouts,historical,category,EB-1,Uncapped,0.01284796573875803
2045,ageouts,projection,category,EB-1,Uncapped,0.3722028729876381
2045,ageouts,full,category,EB-1,Uncapped,0.33475119059840125
2045,ageouts,historical,category,EB-2,Uncapped,26.62526766595289
2045,ageouts,projection,category,EB-2,Uncapped,54.5792911702716
2045,ageouts,full,category,EB-2,Uncapped,51.665945091878044
2045,ageouts,historical,category,EB-3,Uncapped,41.62740899357602
2045,ageouts,projection,category,EB-3,Uncapped,20.132837062836018
2045,ageouts,full,category,EB-3,Uncapped,22.372984239913947
2045,ageouts,historical,category,EB-4,Uncapped,30.70663811563169
2045,ageouts,projection,category,EB-4,Uncapped,24.64262046767017
2045,ageouts,full,category,EB-4,Uncapped,25.27460756002089
2045,ageouts,historical,category,EB-5,Uncapped,1.0278372591006424
2045,ageouts,projection,category,EB-5,Uncapped,0.27304842623457254
2045,ageouts,full,category,EB-5,Uncapped,0.3517119175887202
2045,exits,historical,overall,All,Uncapped,100.0
2045,exits,projection,overall,All,Uncapped,100.0
2045,exits,full,overall,All,Uncapped,100.0
2045,exits,historical,nationality,India,Uncapped,40.32276295133438
2045,exits,projection,nationality,India,Uncapped,17.47259032294482
2045,exits,full,nationality,India,Uncapped,21.63713465194847
2045,exits,historical,nationality,China,Uncapped,13.546415489272633
2045,exits,projection,nationality,China,Uncapped,8.926163914114012
2045,exits,full,nationality,China,Uncapped,9.768225057756808
2045,exits,historical,nationality,ROW,Uncapped,46.130821559392984
2045,exits,projection,nationality,ROW,Uncapped,73.60124576294116
2045,exits,full,nationality,ROW,Uncapped,68.59464029029472
2045,exits,historical,category,EB-1,Uncapped,1.0130821559392988
2045,exits,projection,category,EB-1,Uncapped,1.5617754547753158
2045,exits,full,category,EB-1,Uncapped,1.4617736909728474
2045,exits,historical,category,EB-2,Uncapped,28.668969126111982
2045,exits,projection,category,EB-2,Uncapped,26.368431217595187
2045,exits,full,category,EB-2,Uncapped,26.787714356343482
2045,exits,historical,category,EB-3,Uncapped,35.24018838304553
2045,exits,projection,category,EB-3,Uncapped,23.309538315700888
2045,exits,full,category,EB-3,Uncapped,25.48395169486094
2045,exits,historical,category,EB-4,Uncapped,34.25808477237049
2045,exits,projection,category,EB-4,Uncapped,48.44517551430174
2045,exits,full,category,EB-4,Uncapped,45.859515910970586
2045,exits,historical,category,EB-5,Uncapped,0.8196755625327053
2045,exits,projection,category,EB-5,Uncapped,0.3150794976268739
2045,exits,full,category,EB-5,Uncapped,0.4070443468521395
2045,ageouts,historical,overall,All,Capped,100.0
2045,ageouts,projection,overall,All,Capped,100.0
2045,ageouts,full,overall,All,Capped,100.0
2045,ageouts,historical,nationality,India,Capped,60.59528907922912
2045,ageouts,projection,nationality,India,Capped,72.79709532552322
2045,ageouts,full,nationality,India,Capped,71.81727829534942
2045,ageouts,historical,nationality,China,Capped,9.276231263383298
2045,ageouts,projection,nationality,China,Capped,7.015267489558054
2045,ageouts,full,nationality,China,Capped,7.196825102052747
2045,ageouts,historical,nationality,ROW,Capped,30.12847965738758
2045,ageouts,projection,nationality,ROW,Capped,20.187637184918728
2045,ageouts,full,nationality,ROW,Capped,20.98589660259783
2045,ageouts,historical,category,EB-1,Capped,0.01284796573875803
2045,ageouts,projection,category,EB-1,Capped,0.9415512786475764
2045,ageouts,full,category,EB-1,Capped,0.8669754901455047
2045,ageouts,historical,category,EB-2,Capped,26.62526766595289
2045,ageouts,projection,category,EB-2,Capped,56.317704379821336
2045,ageouts,full,category,EB-2,Capped,53.93337253809568
2045,ageouts,historical,category,EB-3,Capped,41.62740899357602
2045,ageouts,projection,category,EB-3,Capped,23.876439156268347
2045,ageouts,full,category,EB-3,Capped,25.301859475000086
2045,ageouts,historical,category,EB-4,Capped,30.70663811563169
2045,ageouts,projection,category,EB-4,Capped,18.447749139030254
2045,ageouts,full,category,EB-4,Capped,19.432149968533018
2045,ageouts,historical,category,EB-5,Capped,1.0278372591006424
2045,ageouts,projection,category,EB-5,Capped,0.41655604623248615
2045,ageouts,full,category,EB-5,Capped,0.4656425282257094
2045,exits,historical,overall,All,Capped,100.0
2045,exits,projection,overall,All,Capped,100.0
2045,exits,full,overall,All,Capped,100.0
2045,exits,historical,nationality,India,Capped,40.32276295133438
2045,exits,projection,nationality,India,Capped,30.632370724259047
2045,exits,full,nationality,India,Capped,32.37113231697424
2045,exits,historical,nationality,China,Capped,13.546415489272633
2045,exits,projection,nationality,China,Capped,9.590420472843146
2045,exits,full,nationality,China,Capped,10.300250584396464
2045,exits,historical,nationality,ROW,Capped,46.130821559392984
2045,exits,projection,nationality,ROW,Capped,59.7772088028978
2045,exits,full,nationality,ROW,Capped,57.328617098629294
2045,exits,historical,category,EB-1,Capped,1.0130821559392988
2045,exits,projection,category,EB-1,Capped,1.4661121755233597
2045,exits,full,category,EB-1,Capped,1.3848243205076587
2045,exits,historical,category,EB-2,Capped,28.668969126111982
2045,exits,projection,category,EB-2,Capped,28.232088047286144
2045,exits,full,category,EB-2,Capped,28.310478273671812
2045,exits,historical,category,EB-3,Capped,35.24018838304553
2045,exits,projection,category,EB-3,Capped,22.425035220196026
2045,exits,full,category,EB-3,Capped,24.72447734825222
2045,exits,historical,category,EB-4,Capped,34.25808477237049
2045,exits,projection,category,EB-4,Capped,47.5188413173406
2045,exits,full,category,EB-4,Capped,45.13944390695327
2045,exits,historical,category,EB-5,Capped,0.8196755625327053
2045,exits,projection,category,EB-5,Capped,0.3579232396538672
2045,exits,full,category,EB-5,Capped,0.4407761506150435
2046,ageouts,historical,overall,All,Uncapped,100.0
2046,ageouts,projection,overall,All,Uncapped,100.0
2046,ageouts,full,overall,All,Uncapped,100.0
2046,ageouts,historical,nationality,India,Uncapped,61.028969311441585
2046,ageouts,projection,nationality,India,Uncapped,36.76676536491677
2046,ageouts,full,nationality,India,Uncapped,39.29579484054803
2046,ageouts,historical,nationality,China,Uncapped,8.862718129459298
2046,ageouts,projection,nationality,China,Uncapped,7.378861235595391
2046,ageouts,full,nationality,China,Uncapped,7.533534645746902
2046,ageouts,historical,nationality,ROW,Uncapped,30.108312559099115
2046,ageouts,projection,nationality,ROW,Uncapped,55.854373399487834
2046,ageouts,full,nationality,ROW,Uncapped,53.170670513705076
2046,ageouts,historical,category,EB-1,Uncapped,0.0
2046,ageouts,projection,category,EB-1,Uncapped,0.3761203585147247
2046,ageouts,full,category,EB-1,Uncapped,0.33691454377648944
2046,ageouts,historical,category,EB-2,Uncapped,27.297343763431616
2046,ageouts,projection,category,EB-2,Uncapped,54.38690380921895
2046,ageouts,full,category,EB-2,Uncapped,51.56315803621831
2046,ageouts,historical,category,EB-3,Uncapped,41.132983753116136
2046,ageouts,projection,category,EB-3,Uncapped,20.169454225352112
2046,ageouts,full,category,EB-3,Uncapped,22.354638399297496
2046,ageouts,historical,category,EB-4,Uncapped,30.774520759907162
2046,ageouts,projection,category,EB-4,Uncapped,24.795434539052497
2046,ageouts,full,category,EB-4,Uncapped,25.41867904409459
2046,ageouts,historical,category,EB-5,Uncapped,0.7951517235450872
2046,ageouts,projection,category,EB-5,Uncapped,0.27208706786171577
2046,ageouts,full,category,EB-5,Uncapped,0.3266099766131128
2046,exits,historical,overall,All,Uncapped,100.0
2046,exits,projection,overall,All,Uncapped,100.0
2046,exits,full,overall,All,Uncapped,100.0
2046,exits,historical,nationality,India,Uncapped,40.103396724378406
2046,exits,projection,nationality,India,Uncapped,17.49631099909897
2046,exits,full,nationality,India,Uncapped,21.623898649864437
2046,exits,historical,nationality,China,Uncapped,13.650789673690628
2046,exits,projection,nationality,China,Uncapped,8.874682167621485
2046,exits,full,nationality,China,Uncapped,9.746700905478312
2046,exits,historical,nationality,ROW,Uncapped,46.24581360193096
2046,exits,projection,nationality,ROW,Uncapped,73.62900683327955
2046,exits,full,nationality,ROW,Uncapped,68.62940044465725
2046,exits,historical,category,EB-1,Uncapped,1.0064059198383069
2046,exits,projection,category,EB-1,Uncapped,1.564211001524103
2046,exits,full,category,EB-1,Uncapped,1.4623672966486019
2046,exits,historical,category,EB-2,Uncapped,28.569817844704467
2046,exits,projection,category,EB-2,Uncapped,26.374351043646804
2046,exits,full,category,EB-2,Uncapped,26.77519800666681
2046,exits,historical,category,EB-3,Uncapped,35.23840545213099
2046,exits,projection,category,EB-3,Uncapped,23.302826399628394
2046,exits,full,category,EB-3,Uncapped,25.48201699944799
2046,exits,historical,category,EB-4,Uncapped,34.36521259803062
2046,exits,projection,category,EB-4,Uncapped,48.442131654892336
2046,exits,full,category,EB-4,Uncapped,45.87197652892864
2046,exits,historical,category,EB-5,Uncapped,0.8201581852956161
2046,exits,projection,category,EB-5,Uncapped,0.31647990030836504
2046,exits,full,category,EB-5,Uncapped,0.40844116830795413
2046,ageouts,historical,overall,All,Capped,100.0
2046,ageouts,projection,overall,All,Capped,100.0
2046,ageouts,full,overall,All,Capped,100.0
2046,ageouts,historical,nationality,India,Capped,61.028969311441585
2046,ageouts,projection,nationality,India,Capped,72.54104505585126
2046,ageouts,full,nationality,India,Capped,71.61760548326816
2046,ageouts,historical,nationality,China,Capped,8.862718129459298
2046,ageouts,projection,nationality,China,Capped,7.104355648849239
2046,ageouts,full,nationality,China,Capped,7.245402453403943
2046,ageouts,historical,nationality,ROW,Capped,30.108312559099115
2046,ageouts,projection,nationality,ROW,Capped,20.354599295299497
2046,ageouts,full,nationality,ROW,Capped,21.136992063327884
2046,ageouts,historical,category,EB-1,Capped,0.0
2046,ageouts,projection,category,EB-1,Capped,0.9764600044980883
2046,ageouts,full,category,EB-1,Capped,0.8981333995297298
2046,ageouts,historical,category,EB-2,Capped,27.297343763431616
2046,ageouts,projection,category,EB-2,Capped,56.166129395007125
2046,ageouts,full,category,EB-2,Capped,53.85042372589176
2046,ageouts,historical,category,EB-3,Capped,41.132983753116136
2046,ageouts,projection,category,EB-3,Capped,23.93695179548692
2046,ageouts,full,category,EB-3,Capped,25.316329133999435
2046,ageouts,historical,category,EB-4,Capped,30.774520759907162
2046,ageouts,projection,category,EB-4,Capped,18.51075792788065
2046,ageouts,full,category,EB-4,Capped,19.49449397681747
2046,ageouts,historical,category,EB-5,Capped,0.7951517235450872
2046,ageouts,projection,category,EB-5,Capped,0.4097008771272209
2046,ageouts,full,category,EB-5,Capped,0.4406197637616102
2046,exits,historical,overall,All,Capped,100.0
2046,exits,projection,overall,All,Capped,100.0
2046,exits,full,overall,All,Capped,100.0
2046,exits,historical,nationality,India,Capped,40.103396724378406
2046,exits,projection,nationality,India,Capped,30.629035665198334
2046,exits,full,nationality,India,Capped,32.33105550875208
2046,exits,historical,nationality,China,Capped,13.650789673690628
2046,exits,projection,nationality,China,Capped,9.579426646341073
2046,exits,full,nationality,China,Capped,10.310825905834747
2046,exits,historical,nationality,ROW,Capped,46.24581360193096
2046,exits,projection,nationality,ROW,Capped,59.79153768846059
2046,exits,full,nationality,ROW,Capped,57.35811858541317
2046,exits,historical,category,EB-1,Capped,1.0064059198383069
2046,exits,projection,category,EB-1,Capped,1.4449521778532113
2046,exits,full,category,EB-1,Capped,1.366169616285708
2046,exits,historical,category,EB-2,Capped,28.569817844704467
2046,exits,projection,category,EB-2,Capped,28.319087433278067
2046,exits,full,category,EB-2,Capped,28.364129851755106
2046,exits,historical,category,EB-3,Capped,35.23840545213099
2046,exits,projection,category,EB-3,Capped,22.365163859094988
2046,exits,full,category,EB-3,Capped,24.677774968735864
2046,exits,historical,category,EB-4,Capped,34.36521259803062
2046,exits,projection,category,EB-4,Capped,47.520463525954
2046,exits,full,category,EB-4,Capped,45.15719090140488
2046,exits,historical,category,EB-5,Capped,0.8201581852956161
2046,exits,projection,category,EB-5,Capped,0.35033300381973626
2046,exits,full,category,EB-5,Capped,0.4347346618184437
2047,ageouts,historical,overall,All,Uncapped,100.0
2047,ageouts,projection,overall,All,Uncapped,100.0
2047,ageouts,full,overall,All,Uncapped,100.0
2047,ageouts,historical,nationality,India,Uncapped,61.0377358490566
2047,ageouts,projection,nationality,India,Uncapped,36.5279847677531
2047,ageouts,full,nationality,India,Uncapped,39.080228804136695
2047,ageouts,historical,nationality,China,Uncapped,8.537735849056604
2047,ageouts,projection,nationality,China,Uncapped,7.303104766556844
2047,ageouts,full,nationality,China,Uncapped,7.4316691002781905
2047,ageouts,historical,nationality,ROW,Uncapped,30.42452830188679
2047,ageouts,projection,nationality,ROW,Uncapped,56.16891046569006
2047,ageouts,full,nationality,ROW,Uncapped,53.48810209558511
2047,ageouts,historical,category,EB-1,Uncapped,0.008576329331046312
2047,ageouts,projection,category,EB-1,Uncapped,0.39675616940890307
2047,ageouts,full,category,EB-1,Uncapped,0.35633431124328524
2047,ageouts,historical,category,EB-2,Uncapped,27.152658662092623
2047,ageouts,projection,category,EB-2,Uncapped,54.01516246567012
2047,ageouts,full,category,EB-2,Uncapped,51.217922097639175
2047,ageouts,historical,category,EB-3,Uncapped,40.810463121783876
2047,ageouts,projection,category,EB-3,Uncapped,20.201667771536233
2047,ageouts,full,category,EB-3,Uncapped,22.347698339339217
2047,ageouts,historical,category,EB-4,Uncapped,31.265008576329333
2047,ageouts,projection,category,EB-4,Uncapped,25.071899594770393
2047,ageouts,full,category,EB-4,Uncapped,25.716799064064265
2047,ageouts,historical,category,EB-5,Uncapped,0.7632933104631218
2047,ageouts,projection,category,EB-5,Uncapped,0.31451399861434404
2047,ageouts,full,category,EB-5,Uncapped,0.36124618771405737
2047,exits,historical,overall,All,Uncapped,100.0
2047,exits,projection,overall,All,Uncapped,100.0
2047,exits,full,overall,All,Uncapped,100.0
2047,exits,historical,nationality,India,Uncapped,40.41066131929649
2047,exits,projection,nationality,India,Uncapped,17.428123659023488
2047,exits,full,nationality,India,Uncapped,21.623288977008425
2047,exits,historical,nationality,China,Uncapped,13.431089944437481
2047,exits,projection,nationality,China,Uncapped,8.90678930577063
2047,exits,full,nationality,China,Uncapped,9.732641933884928
2047,exits,historical,nationality,ROW,Uncapped,46.15824873626603
2047,exits,projection,nationality,ROW,Uncapped,73.66508703520589
2047,exits,full,nationality,ROW,Uncapped,68.64406908910665
2047,exits,historical,category,EB-1,Uncapped,1.0043029619417638
2047,exits,projection,category,EB-1,Uncapped,1.5480699266777365
2047,exits,full,category,EB-1,Uncapped,1.4488122926754872
2047,exits,historical,category,EB-2,Uncapped,28.68237456657058
2047,exits,projection,category,EB-2,Uncapped,26.377451071848355
2047,exits,full,category,EB-2,Uncapped,26.798185076447936
2047,exits,historical,category,EB-3,Uncapped,35.47102811546978
2047,exits,projection,category,EB-3,Uncapped,23.24819492900987
2047,exits,full,category,EB-3,Uncapped,25.47931520951691
2047,exits,historical,category,EB-4,Uncapped,34.050632911392405
2047,exits,projection,category,EB-4,Uncapped,48.5003451556932
2047,exits,full,category,EB-4,Uncapped,45.862736874213596
2047,exits,historical,category,EB-5,Uncapped,0.7916614446254752
2047,exits,projection,category,EB-5,Uncapped,0.32593891677083525
2047,exits,full,category,EB-5,Uncapped,0.4109505471460708
2047,ageouts,historical,overall,All,Capped,100.0
2047,ageouts,projection,overall,All,Capped,100.0
2047,ageouts,full,overall,All,Capped,100.0
2047,ageouts,historical,nationality,India,Capped,61.0377358490566
2047,ageouts,projection,nationality,India,Capped,72.39035194379076
2047,ageouts,full,nationality,India,Capped,71.47935183942576
2047,ageouts,historical,nationality,China,Capped,8.537735849056604
2047,ageouts,projection,nationality,China,Capped,6.960308582160748
2047,ageouts,full,nationality,China,Capped,7.086890542898141
2047,ageouts,historical,nationality,ROW,Capped,30.42452830188679
2047,ageouts,projection,nationality,ROW,Capped,20.649339474048496
2047,ageouts,full,nationality,ROW,Capped,21.433757617676104
2047,ageouts,historical,category,EB-1,Capped,0.008576329331046312
2047,ageouts,projection,category,EB-1,Capped,0.9603908906905312
2047,ageouts,full,category,EB-1,Capped,0.8840117409422347
2047,ageouts,historical,category,EB-2,Capped,27.152658662092623
2047,ageouts,projection,category,EB-2,Capped,55.97915349418415
2047,ageouts,full,category,EB-2,Capped,53.665947482338694
2047,ageouts,historical,category,EB-3,Capped,40.810463121783876
2047,ageouts,projection,category,EB-3,Capped,23.812980055146713
2047,ageouts,full,category,EB-3,Capped,25.17695719648873
2047,ageouts,historical,category,EB-4,Capped,31.265008576329333
2047,ageouts,projection,category,EB-4,Capped,18.810492092769195
2047,ageouts,full,category,EB-4,Capped,19.809915108720713
2047,ageouts,historical,category,EB-5,Capped,0.7632933104631218
2047,ageouts,projection,category,EB-5,Capped,0.4369834672094041
2047,ageouts,full,category,EB-5,Capped,0.4631684715096333
2047,exits,historical,overall,All,Capped,100.0
2047,exits,projection,overall,All,Capped,100.0
2047,exits,full,overall,All,Capped,100.0
2047,exits,historical,nationality,India,Capped,40.41066131929649
2047,exits,projection,nationality,India,Capped,30.70636524028485
2047,exits,full,nationality,India,Capped,32.448622944917794
2047,exits,historical,nationality,China,Capped,13.431089944437481
2047,exits,projection,nationality,China,Capped,9.524001060416305
2047,exits,full,nationality,China,Capped,10.225459018360734
2047,exits,historical,nationality,ROW,Capped,46.15824873626603
2047,exits,projection,nationality,ROW,Capped,59.76963369929884
2047,exits,full,nationality,ROW,Capped,57.32591803672147
2047,exits,historical,category,EB-1,Capped,1.0043029619417638
2047,exits,projection,category,EB-1,Capped,1.4464626888866543
2047,exits,full,category,EB-1,Capped,1.3670796831873275
2047,exits,historical,category,EB-2,Capped,28.68237456657058
2047,exits,projection,category,EB-2,Capped,28.33176403908914
2047,exits,full,category,EB-2,Capped,28.39471078843154
2047,exits,historical,category,EB-3,Capped,35.47102811546978
2047,exits,projection,category,EB-3,Capped,22.364362698942326
2047,exits,full,category,EB-3,Capped,24.71746369854794
2047,exits,historical,category,EB-4,Capped,34.050632911392405
2047,exits,projection,category,EB-4,Capped,47.503359508551895
2047,exits,full,category,EB-4,Capped,45.08812852514101
2047,exits,historical,category,EB-5,Capped,0.7916614446254752
2047,exits,projection,category,EB-5,Capped,0.35405106452998875
2047,exits,full,category,EB-5,Capped,0.4326173046921877
2048,ageouts,historical,overall,All,Uncapped,100.0
2048,ageouts,projection,overall,All,Uncapped,100.0
2048,ageouts,full,overall,All,Uncapped,100.0
2048,ageouts,historical,nationality,India,Uncapped,61.400413152005505
2048,ageouts,projection,nationality,India,Uncapped,36.635986465801984
2048,ageouts,full,nationality,India,Uncapped,39.22981915219704
2048,ageouts,historical,nationality,China,Uncapped,8.76226545016354
2048,ageouts,projection,nationality,China,Uncapped,7.3068557157818415
2048,ageouts,full,nationality,China,Uncapped,7.459295721317683
2048,ageouts,historical,nationality,ROW,Uncapped,29.83732139783095
2048,ageouts,projection,nationality,ROW,Uncapped,56.05715781841618
2048,ageouts,full,nationality,ROW,Uncapped,53.310885126485275
2048,ageouts,historical,category,EB-1,Uncapped,0.00860733344809778
2048,ageouts,projection,category,EB-1,Uncapped,0.3605091436397325
2048,ageouts,full,category,EB-1,Uncapped,0.3236508537530878
2048,ageouts,historical,category,EB-2,Uncapped,26.807540024100533
2048,ageouts,projection,category,EB-2,Uncapped,54.054720857165876
2048,ageouts,full,category,EB-2,Uncapped,51.20084383620923
2048,ageouts,historical,category,EB-3,Uncapped,41.82733689103116
2048,ageouts,projection,category,EB-3,Uncapped,20.19405059212116
2048,ageouts,full,category,EB-3,Uncapped,22.45992679540578
2048,ageouts,historical,category,EB-4,Uncapped,30.474264072990188
2048,ageouts,projection,category,EB-4,Uncapped,25.098686860549424
2048,ageouts,full,category,EB-4,Uncapped,25.66172625809127
2048,ageouts,historical,category,EB-5,Uncapped,0.8822516784300224
2048,ageouts,projection,category,EB-5,Uncapped,0.29203254652380567
2048,ageouts,full,category,EB-5,Uncapped,0.3538522565406322
2048,exits,historical,overall,All,Uncapped,100.0
2048,exits,projection,overall,All,Uncapped,100.0
2048,exits,full,overall,All,Uncapped,100.0
2048,exits,historical,nationality,India,Uncapped,40.21636680596218
2048,exits,projection,nationality,India,Uncapped,17.393929608997983
2048,exits,full,nationality,India,Uncapped,21.56710823628639
2048,exits,historical,nationality,China,Uncapped,13.568384088615302
2048,exits,projection,nationality,China,Uncapped,8.867328835710467
2048,exits,full,nationality,China,Uncapped,9.726936560241041
2048,exits,historical,nationality,ROW,Uncapped,46.215249105422515
2048,exits,projection,nationality,ROW,Uncapped,73.73874155529155
2048,exits,full,nationality,ROW,Uncapped,68.70595520347257
2048,exits,historical,category,EB-1,Uncapped,0.9688128185238012
2048,exits,projection,category,EB-1,Uncapped,1.5407889100528311
2048,exits,full,category,EB-1,Uncapped,1.4362006761193222
2048,exits,historical,category,EB-2,Uncapped,28.79788804644296
2048,exits,projection,category,EB-2,Uncapped,26.327052277633175
2048,exits,full,category,EB-2,Uncapped,26.77885498971637
2048,exits,historical,category,EB-3,Uncapped,35.28764106798789
2048,exits,projection,category,EB-3,Uncapped,23.31546789680914
2048,exits,full,category,EB-3,Uncapped,25.504630113314427
2048,exits,historical,category,EB-4,Uncapped,34.10571445253526
2048,exits,projection,category,EB-4,Uncapped,48.491361409723865
2048,exits,full,category,EB-4,Uncapped,45.86088536094141
2048,exits,historical,category,EB-5,Uncapped,0.8399436145100885
2048,exits,projection,category,EB-5,Uncapped,0.32532950578099146
2048,exits,full,category,EB-5,Uncapped,0.419428859908473
2048,ageouts,historical,overall,All,Capped,100.0
2048,ageouts,projection,overall,All,Capped,100.0
2048,ageouts,full,overall,All,Capped,100.0
2048,ageouts,historical,nationality,India,Capped,61.400413152005505
2048,ageouts,projection,nationality,India,Capped,72.49119055507032
2048,ageouts,full,nationality,India,Capped,71.5990445198366
2048,ageouts,historical,nationality,China,Capped,8.76226545016354
2048,ageouts,projection,nationality,China,Capped,6.9782850947203565
2048,ageouts,full,nationality,China,Capped,7.121789101987122
2048,ageouts,historical,nationality,ROW,Capped,29.83732139783095
2048,ageouts,projection,nationality,ROW,Capped,20.53052435020932
2048,ageouts,full,nationality,ROW,Capped,21.279166378176278
2048,ageouts,historical,category,EB-1,Capped,0.00860733344809778
2048,ageouts,projection,category,EB-1,Capped,0.9272505496491281
2048,ageouts,full,category,EB-1,Capped,0.8533545662258534
2048,ageouts,historical,category,EB-2,Capped,26.807540024100533
2048,ageouts,projection,category,EB-2,Capped,56.10788181790802
2048,ageouts,full,category,EB-2,Capped,53.75095201827875
2048,ageouts,historical,category,EB-3,Capped,41.82733689103116
2048,ageouts,projection,category,EB-3,Capped,23.81223082251604
2048,ageouts,full,category,EB-3,Capped,25.26137229107526
2048,ageouts,historical,category,EB-4,Capped,30.474264072990188
2048,ageouts,projection,category,EB-4,Capped,18.69823509923802
2048,ageouts,full,category,EB-4,Capped,19.645503011839647
2048,ageouts,historical,category,EB-5,Capped,0.8822516784300224
2048,ageouts,projection,category,EB-5,Capped,0.4544017106887932
2048,ageouts,full,category,EB-5,Capped,0.4888181125804888
2048,exits,historical,overall,All,Capped,100.0
2048,exits,projection,overall,All,Capped,100.0
2048,exits,full,overall,All,Capped,100.0
2048,exits,historical,nationality,India,Capped,40.21636680596218
2048,exits,projection,nationality,India,Capped,30.60906798331963
2048,exits,full,nationality,India,Capped,32.33871936568957
2048,exits,historical,nationality,China,Capped,13.568384088615302
2048,exits,projection,nationality,China,Capped,9.507793513555091
2048,exits,full,nationality,China,Capped,10.238842503604037
2048,exits,historical,nationality,ROW,Capped,46.215249105422515
2048,exits,projection,nationality,ROW,Capped,59.88313850312528
2048,exits,full,nationality,ROW,Capped,57.42243813070639
2048,exits,historical,category,EB-1,Capped,0.9688128185238012
2048,exits,projection,category,EB-1,Capped,1.449917678666596
2048,exits,full,category,EB-1,Capped,1.363301898125901
2048,exits,historical,category,EB-2,Capped,28.79788804644296
2048,exits,projection,category,EB-2,Capped,28.20178707802304
2048,exits,full,category,EB-2,Capped,28.309106198942818
2048,exits,historical,category,EB-3,Capped,35.28764106798789
2048,exits,projection,category,EB-3,Capped,22.43956844941038
2048,exits,full,category,EB-3,Capped,24.752672993753002
2048,exits,historical,category,EB-4,Capped,34.10571445253526
2048,exits,projection,category,EB-4,Capped,47.55599956779011
2048,exits,full,category,EB-4,Capped,45.13447561268621
2048,exits,historical,category,EB-5,Capped,0.8399436145100885
2048,exits,projection,category,EB-5,Capped,0.3527272261098729
2048,exits,full,category,EB-5,Capped,0.44044329649207115
2049,ageouts,historical,overall,All,Uncapped,100.0
2049,ageouts,projection,overall,All,Uncapped,100.0
2049,ageouts,full,overall,All,Uncapped,100.0
2049,ageouts,historical,nationality,India,Uncapped,61.23289434172708
2049,ageouts,projection,nationality,India,Uncapped,36.736391192164135
2049,ageouts,full,nationality,India,Uncapped,39.29817950167335
2049,ageouts,historical,nationality,China,Uncapped,8.802711166402128
2049,ageouts,projection,nationality,China,Uncapped,7.395475838573111
2049,ageouts,full,nationality,China,Uncapped,7.542641292742232
2049,ageouts,historical,nationality,ROW,Uncapped,29.96439449187079
2049,ageouts,projection,nationality,ROW,Uncapped,55.86813296926276
2049,ageouts,full,nationality,ROW,Uncapped,53.159179205584415
2049,ageouts,historical,category,EB-1,Uncapped,0.004289820256531252
2049,ageouts,projection,category,EB-1,Uncapped,0.3827751196172249
2049,ageouts,full,category,EB-1,Uncapped,0.3431939920863503
2049,ageouts,historical,category,EB-2,Uncapped,27.107374201020978
2049,ageouts,projection,category,EB-2,Uncapped,54.223803201483
2049,ageouts,full,category,EB-2,Uncapped,51.38802903466035
2049,ageouts,historical,category,EB-3,Uncapped,41.259491227317575
2049,ageouts,projection,category,EB-3,Uncapped,20.181367268719157
2049,ageouts,full,category,EB-3,Uncapped,22.385669295577507
2049,ageouts,historical,category,EB-4,Uncapped,30.74943159881601
2049,ageouts,projection,category,EB-4,Uncapped,24.9064355319522
2049,ageouts,full,category,EB-4,Uncapped,25.517482705714517
2049,ageouts,historical,category,EB-5,Uncapped,0.8794131525889065
2049,ageouts,projection,category,EB-5,Uncapped,0.30561887822841255
2049,ageouts,full,category,EB-5,Uncapped,0.36562497196127514
2049,exits,historical,overall,All,Uncapped,100.0
2049,exits,projection,overall,All,Uncapped,100.0
2049,exits,full,overall,All,Uncapped,100.0
2049,exits,historical,nationality,India,Uncapped,40.27183783467104
2049,exits,projection,nationality,India,Uncapped,17.463670789262597
2049,exits,full,nationality,India,Uncapped,21.620753775819804
2049,exits,historical,nationality,China,Uncapped,13.511964045094281
2049,exits,projection,nationality,China,Uncapped,8.883074971552222
2049,exits,full,nationality,China,Uncapped,9.726749782244914
2049,exits,historical,nationality,ROW,Uncapped,46.21619812023468
2049,exits,projection,nationality,ROW,Uncapped,73.65325423918519
2049,exits,full,nationality,ROW,Uncapped,68.65249644193528
2049,exits,historical,category,EB-1,Uncapped,0.9788003314279019
2049,exits,projection,category,EB-1,Uncapped,1.5527822858954987
2049,exits,full,category,EB-1,Uncapped,1.4481666623446159
2049,exits,historical,category,EB-2,Uncapped,28.550505092774703
2049,exits,projection,category,EB-2,Uncapped,26.404387486708824
2049,exits,full,category,EB-2,Uncapped,26.79554513517595
2049,exits,historical,category,EB-3,Uncapped,35.438514265627745
2049,exits,projection,category,EB-3,Uncapped,23.315891581323335
2049,exits,full,category,EB-3,Uncapped,25.52539611595096
2049,exits,historical,category,EB-4,Uncapped,34.23541424303039
2049,exits,projection,category,EB-4,Uncapped,48.42063536478445
2049,exits,full,category,EB-4,Uncapped,45.83519562872872
2049,exits,historical,category,EB-5,Uncapped,0.7967660671392583
2049,exits,projection,category,EB-5,Uncapped,0.3063032812878915
2049,exits,full,category,EB-5,Uncapped,0.39569645779975077
2049,ageouts,historical,overall,All,Capped,100.0
2049,ageouts,projection,overall,All,Capped,100.0
2049,ageouts,full,overall,All,Capped,100.0
2049,ageouts,historical,nationality,India,Capped,61.23289434172708
2049,ageouts,projection,nationality,India,Capped,72.57151007202616
2049,ageouts,full,nationality,India,Capped,71.6592692809465
2049,ageouts,historical,nationality,China,Capped,8.802711166402128
2049,ageouts,projection,nationality,China,Capped,7.070498553096299
2049,ageouts,full,nationality,China,Capped,7.209862567387538
2049,ageouts,historical,nationality,ROW,Capped,29.96439449187079
2049,ageouts,projection,nationality,ROW,Capped,20.35799137487755
2049,ageouts,full,nationality,ROW,Capped,21.130868151665965
2049,ageouts,historical,category,EB-1,Capped,0.004289820256531252
2049,ageouts,projection,category,EB-1,Capped,0.9608491504366984
2049,ageouts,full,category,EB-1,Capped,0.8838898054130917
2049,ageouts,historical,category,EB-2,Capped,27.107374201020978
2049,ageouts,projection,category,EB-2,Capped,56.21943392473098
2049,ageouts,full,category,EB-2,Capped,53.87724251230405
2049,ageouts,historical,category,EB-3,Capped,41.259491227317575
2049,ageouts,projection,category,EB-3,Capped,23.85345549129043
2049,ageouts,full,category,EB-3,Capped,25.25384652552961
2049,ageouts,historical,category,EB-4,Capped,30.74943159881601
2049,ageouts,projection,category,EB-4,Capped,18.523745359961865
2049,ageouts,full,category,EB-4,Capped,19.507354819114937
2049,ageouts,historical,category,EB-5,Capped,0.8794131525889065
2049,ageouts,projection,category,EB-5,Capped,0.44251607358002637
2049,ageouts,full,category,EB-5,Capped,0.47766633763831273
2049,exits,historical,overall,All,Capped,100.0
2049,exits,projection,overall,All,Capped,100.0
2049,exits,full,overall,All,Capped,100.0
2049,exits,historical,nationality,India,Capped,40.27183783467104
2049,exits,projection,nationality,India,Capped,30.64771886097226
2049,exits,full,nationality,India,Capped,32.37450098095675
2049,exits,historical,nationality,China,Capped,13.511964045094281
2049,exits,projection,nationality,China,Capped,9.62231573515162
2049,exits,full,nationality,China,Capped,10.320205606732825
2049,exits,historical,nationality,ROW,Capped,46.21619812023468
2049,exits,projection,nationality,ROW,Capped,59.72996540387612
2049,exits,full,nationality,ROW,Capped,57.30529341231043
2049,exits,historical,category,EB-1,Capped,0.9788003314279019
2049,exits,projection,category,EB-1,Capped,1.4475289071156752
2049,exits,full,category,EB-1,Capped,1.3634285208013137
2049,exits,historical,category,EB-2,Capped,28.550505092774703
2049,exits,projection,category,EB-2,Capped,28.344940099570223
2049,exits,full,category,EB-2,Capped,28.381823055374316
2049,exits,historical,category,EB-3,Capped,35.438514265627745
2049,exits,projection,category,EB-3,Capped,22.382438601258855
2049,exits,full,category,EB-3,Capped,24.72499048325541
2049,exits,historical,category,EB-4,Capped,34.23541424303039
2049,exits,projection,category,EB-4,Capped,47.47290915795359
2049,exits,full,category,EB-4,Capped,45.097806606235025
2049,exits,historical,category,EB-5,Capped,0.7967660671392583
2049,exits,projection,category,EB-5,Capped,0.35218323410165825
2049,exits,full,category,EB-5,Capped,0.43195133433393673
2050,ageouts,historical,overall,All,Uncapped,100.0
2050,ageouts,projection,overall,All,Uncapped,100.0
2050,ageouts,full,overall,All,Uncapped,100.0
2050,ageouts,historical,nationality,India,Uncapped,60.82929548475623
2050,ageouts,projection,nationality,India,Uncapped,36.54312712284089
2050,ageouts,full,nationality,India,Uncapped,39.08032074541952
2050,ageouts,historical,nationality,China,Uncapped,8.974743793147807
2050,ageouts,projection,nationality,China,Uncapped,7.369853283243876
2050,ageouts,full,nationality,China,Uncapped,7.537517358777942
2050,ageouts,historical,nationality,ROW,Uncapped,30.195960722095965
2050,ageouts,projection,nationality,ROW,Uncapped,56.08701959391523
2050,ageouts,full,nationality,ROW,Uncapped,53.38216189580253
2050,ageouts,historical,category,EB-1,Uncapped,0.012863942369538185
2050,ageouts,projection,category,EB-1,Uncapped,0.35766273654512803
2050,ageouts,full,category,EB-1,Uncapped,0.321641356448506
2050,ageouts,historical,category,EB-2,Uncapped,27.052870803138802
2050,ageouts,projection,category,EB-2,Uncapped,54.11362169787253
2050,ageouts,full,category,EB-2,Uncapped,51.286565425794024
2050,ageouts,historical,category,EB-3,Uncapped,41.224647313580036
2050,ageouts,projection,category,EB-3,Uncapped,20.215698142654908
2050,ageouts,full,category,EB-3,Uncapped,22.410518299511715
2050,ageouts,historical,category,EB-4,Uncapped,30.834869859783026
2050,ageouts,projection,category,EB-4,Uncapped,25.01388131599878
2050,ageouts,full,category,EB-4,Uncapped,25.62200421090355
2050,ageouts,historical,category,EB-5,Uncapped,0.8747480811285966
2050,ageouts,projection,category,EB-5,Uncapped,0.29913610692865256
2050,ageouts,full,category,EB-5,Uncapped,0.3592707073422031
2050,exits,historical,overall,All,Uncapped,100.0
2050,exits,projection,overall,All,Uncapped,100.0
2050,exits,full,overall,All,Uncapped,100.0
2050,exits,historical,nationality,India,Uncapped,40.37317559528797
2050,exits,projection,nationality,India,Uncapped,17.42473186543977
2050,exits,full,nationality,India,Uncapped,21.606993980815567
2050,exits,historical,nationality,China,Uncapped,13.482162307086483
2050,exits,projection,nationality,China,Uncapped,8.8836378166826
2050,exits,full,nationality,China,Uncapped,9.721700518853087
2050,exits,historical,nationality,ROW,Uncapped,46.14466209762555
2050,exits,projection,nationality,ROW,Uncapped,73.69163031787762
2050,exits,full,nationality,ROW,Uncapped,68.67130550033134
2050,exits,historical,category,EB-1,Uncapped,1.0104395328183386
2050,exits,projection,category,EB-1,Uncapped,1.5384127031548758
2050,exits,full,category,EB-1,Uncapped,1.4421917038475751
2050,exits,historical,category,EB-2,Uncapped,28.64964726779161
2050,exits,projection,category,EB-2,Uncapped,26.349448793021033
2050,exits,full,category,EB-2,Uncapped,26.768650768201848
2050,exits,historical,category,EB-3,Uncapped,35.44916802118069
2050,exits,projection,category,EB-3,Uncapped,23.29017537045889
2050,exits,full,category,EB-3,Uncapped,25.506103165950535
2050,exits,historical,category,EB-4,Uncapped,34.07803676458267
2050,exits,projection,category,EB-4,Uncapped,48.5030398542065
2050,exits,full,category,EB-4,Uncapped,45.87414071637762
2050,exits,historical,category,EB-5,Uncapped,0.8127084136266903
2050,exits,projection,category,EB-5,Uncapped,0.31892327915869984
2050,exits,full,category,EB-5,Uncapped,0.4089136456224252
2050,ageouts,historical,overall,All,Capped,100.0
2050,ageouts,projection,overall,All,Capped,100.0
2050,ageouts,full,overall,All,Capped,100.0
2050,ageouts,historical,nationality,India,Capped,60.82929548475623
2050,ageouts,projection,nationality,India,Capped,72.46731504802801
2050,ageouts,full,nationality,India,Capped,71.53053898829246
2050,ageouts,historical,nationality,China,Capped,8.974743793147807
2050,ageouts,projection,nationality,China,Capped,7.0902791593313985
2050,ageouts,full,nationality,China,Capped,7.241964877402253
2050,ageouts,historical,nationality,ROW,Capped,30.195960722095965
2050,ageouts,projection,nationality,ROW,Capped,20.442405792640585
2050,ageouts,full,nationality,ROW,Capped,21.22749613430528
2050,ageouts,historical,category,EB-1,Capped,0.012863942369538185
2050,ageouts,projection,category,EB-1,Capped,0.9121381945669595
2050,ageouts,full,category,EB-1,Capped,0.8397531477799868
2050,ageouts,historical,category,EB-2,Capped,27.052870803138802
2050,ageouts,projection,category,EB-2,Capped,56.25715540507569
2050,ageouts,full,category,EB-2,Capped,53.90642257565717
2050,ageouts,historical,category,EB-3,Capped,41.224647313580036
2050,ageouts,projection,category,EB-3,Capped,23.74824985829952
2050,ageouts,full,category,EB-3,Capped,25.154972940136958
2050,ageouts,historical,category,EB-4,Capped,30.834869859783026
2050,ageouts,projection,category,EB-4,Capped,18.66467472701543
2050,ageouts,full,category,EB-4,Capped,19.64428705544511
2050,ageouts,historical,category,EB-5,Capped,0.8747480811285966
2050,ageouts,projection,category,EB-5,Capped,0.41778181504239753
2050,ageouts,full,category,EB-5,Capped,0.454564280980782
2050,exits,historical,overall,All,Capped,100.0
2050,exits,projection,overall,All,Capped,100.0
2050,exits,full,overall,All,Capped,100.0
2050,exits,historical,nationality,India,Capped,40.37317559528797
2050,exits,projection,nationality,India,Capped,30.645572920239843
2050,exits,full,nationality,India,Capped,32.38895942182844
2050,exits,historical,nationality,China,Capped,13.482162307086483
2050,exits,projection,nationality,China,Capped,9.588507292710034
2050,exits,full,nationality,China,Capped,10.286330365944577
2050,exits,historical,nationality,ROW,Capped,46.14466209762555
2050,exits,projection,nationality,ROW,Capped,59.76591978705012
2050,exits,full,nationality,ROW,Capped,57.32471021222698
2050,exits,historical,category,EB-1,Capped,1.0104395328183386
2050,exits,projection,category,EB-1,Capped,1.4263433999716433
2050,exits,full,category,EB-1,Capped,1.351804871602938
2050,exits,historical,category,EB-2,Capped,28.64964726779161
2050,exits,projection,category,EB-2,Capped,28.327273226218082
2050,exits,full,category,EB-2,Capped,28.385049285882143
2050,exits,historical,category,EB-3,Capped,35.44916802118069
2050,exits,projection,category,EB-3,Capped,22.431086291351654
2050,exits,full,category,EB-3,Capped,24.764194326548907
2050,exits,historical,category,EB-4,Capped,34.07803676458267
2050,exits,projection,category,EB-4,Capped,47.463399239856756
2050,exits,full,category,EB-4,Capped,45.064466939905685
2050,exits,historical,category,EB-5,Capped,0.8127084136266903
2050,exits,projection,category,EB-5,Capped,0.35189784260186696
2050,exits,full,category,EB-5,Capped,0.4344845760603278
2051,ageouts,historical,overall,All,Uncapped,100.0
2051,ageouts,projection,overall,All,Uncapped,100.0
2051,ageouts,full,overall,All,Uncapped,100.0
2051,ageouts,historical,nationality,India,Uncapped,60.94003934650586
2051,ageouts,projection,nationality,India,Uncapped,36.76092160383004
2051,ageouts,full,nationality,India,Uncapped,39.285937597699
2051,ageouts,historical,nationality,China,Uncapped,9.011205200581644
2051,ageouts,projection,nationality,China,Uncapped,7.323459006582884
2051,ageouts,full,nationality,China,Uncapped,7.49970969441988
2051,ageouts,historical,nationality,ROW,Uncapped,30.0487554529125
2051,ageouts,projection,nationality,ROW,Uncapped,55.91561938958707
2051,ageouts,full,nationality,ROW,Uncapped,53.214352707881126
2051,ageouts,historical,category,EB-1,Uncapped,0.004276794115131297
2051,ageouts,projection,category,EB-1,Uncapped,0.40793935767005784
2051,ageouts,full,category,EB-1,Uncapped,0.3657850309510411
2051,ageouts,historical,category,EB-2,Uncapped,26.417757249166026
2051,ageouts,projection,category,EB-2,Uncapped,54.19559146219829
2051,ageouts,full,category,EB-2,Uncapped,51.294762887334635
2051,ageouts,historical,category,EB-3,Uncapped,41.30100076982294
2051,ageouts,projection,category,EB-3,Uncapped,20.056353480949532
2051,ageouts,full,category,EB-3,Uncapped,22.274923850613213
2051,ageouts,historical,category,EB-4,Uncapped,31.26764177572492
2051,ageouts,projection,category,EB-4,Uncapped,25.05385996409336
2051,ageouts,full,category,EB-4,Uncapped,25.702762815874802
2051,ageouts,historical,category,EB-5,Uncapped,1.0093234111709861
2051,ageouts,projection,category,EB-5,Uncapped,0.2862557350887692
2051,ageouts,full,category,EB-5,Uncapped,0.36176541522630434
2051,exits,historical,overall,All,Uncapped,100.0
2051,exits,projection,overall,All,Uncapped,100.0
2051,exits,full,overall,All,Uncapped,100.0
2051,exits,historical,nationality,India,Uncapped,40.2621762048508
2051,exits,projection,nationality,India,Uncapped,17.45636375509595
2051,exits,full,nationality,India,Uncapped,21.611990445361798
2051,exits,historical,nationality,China,Uncapped,13.558470485289746
2051,exits,projection,nationality,China,Uncapped,8.912895431604676
2051,exits,full,nationality,China,Uncapped,9.75940224767447
2051,exits,historical,nationality,ROW,Uncapped,46.17935330985945
2051,exits,projection,nationality,ROW,Uncapped,73.63074081329938
2051,exits,full,nationality,ROW,Uncapped,68.62860730696373
2051,exits,historical,category,EB-1,Uncapped,1.0111075290876586
2051,exits,projection,category,EB-1,Uncapped,1.556818075807189
2051,exits,full,category,EB-1,Uncapped,1.4573798594268896
2051,exits,historical,category,EB-2,Uncapped,28.490623704714732
2051,exits,projection,category,EB-2,Uncapped,26.391928577425766
2051,exits,full,category,EB-2,Uncapped,26.774348344531525
2051,exits,historical,category,EB-3,Uncapped,35.512692225566994
2051,exits,projection,category,EB-3,Uncapped,23.306839065983787
2051,exits,full,category,EB-3,Uncapped,25.530963695579036
2051,exits,historical,category,EB-4,Uncapped,34.155756614066746
2051,exits,projection,category,EB-4,Uncapped,48.43189387366712
2051,exits,full,category,EB-4,Uncapped,45.830526473992144
2051,exits,historical,category,EB-5,Uncapped,0.8298199265638673
2051,exits,projection,category,EB-5,Uncapped,0.3125204071161363
2051,exits,full,category,EB-5,Uncapped,0.4067816264704065
2051,ageouts,historical,overall,All,Capped,100.0
2051,ageouts,projection,overall,All,Capped,100.0
2051,ageouts,full,overall,All,Capped,100.0
2051,ageouts,historical,nationality,India,Capped,60.94003934650586
2051,ageouts,projection,nationality,India,Capped,72.5001682632984
2051,ageouts,full,nationality,India,Capped,71.5707310363799
2051,ageouts,historical,nationality,China,Capped,9.011205200581644
2051,ageouts,projection,nationality,China,Capped,7.048736529588166
2051,ageouts,full,nationality,China,Capped,7.206519496595832
2051,ageouts,historical,nationality,ROW,Capped,30.0487554529125
2051,ageouts,projection,nationality,ROW,Capped,20.451095207113426
2051,ageouts,full,nationality,ROW,Capped,21.222749467024276
2051,ageouts,historical,category,EB-1,Capped,0.004276794115131297
2051,ageouts,projection,category,EB-1,Capped,0.9576051271696617
2051,ageouts,full,category,EB-1,Capped,0.8809572931710337
2051,ageouts,historical,category,EB-2,Capped,26.417757249166026
2051,ageouts,projection,category,EB-2,Capped,56.26612523276423
2051,ageouts,full,category,EB-2,Capped,53.866309057148754
2051,ageouts,historical,category,EB-3,Capped,41.30100076982294
2051,ageouts,projection,category,EB-3,Capped,23.720638054427567
2051,ageouts,full,category,EB-3,Capped,25.134103569218073
2051,ageouts,historical,category,EB-4,Capped,31.26764177572492
2051,ageouts,projection,category,EB-4,Capped,18.65142575101519
2051,ageouts,full,category,EB-4,Capped,19.66577264287188
2051,ageouts,historical,category,EB-5,Capped,1.0093234111709861
2051,ageouts,projection,category,EB-5,Capped,0.40420583462335197
2051,ageouts,full,category,EB-5,Capped,0.45285743759026204
2051,exits,historical,overall,All,Capped,100.0
2051,exits,projection,overall,All,Capped,100.0
2051,exits,full,overall,All,Capped,100.0
2051,exits,historical,nationality,India,Capped,40.2621762048508
2051,exits,projection,nationality,India,Capped,30.672235477666987
2051,exits,full,nationality,India,Capped,32.39144108238423
2051,exits,historical,nationality,China,Capped,13.558470485289746
2051,exits,projection,nationality,China,Capped,9.57117289804668
2051,exits,full,nationality,China,Capped,10.285982775883836
2051,exits,historical,nationality,ROW,Capped,46.17935330985945
2051,exits,projection,nationality,ROW,Capped,59.75659162428633
2051,exits,full,nationality,ROW,Capped,57.32257614173193
2051,exits,historical,category,EB-1,Capped,1.0111075290876586
2051,exits,projection,category,EB-1,Capped,1.4613099021373224
2051,exits,full,category,EB-1,Capped,1.3806013279112044
2051,exits,historical,category,EB-2,Capped,28.490623704714732
2051,exits,projection,category,EB-2,Capped,28.318903747790294
2051,exits,full,category,EB-2,Capped,28.349688287631032
2051,exits,historical,category,EB-3,Capped,35.512692225566994
2051,exits,projection,category,EB-3,Capped,22.337583712782507
2051,exits,full,category,EB-3,Capped,24.699508675856666
2051,exits,historical,category,EB-4,Capped,34.155756614066746
2051,exits,projection,category,EB-4,Capped,47.53852639896257
2051,exits,full,category,EB-4,Capped,45.13937363302155
2051,exits,historical,category,EB-5,Capped,0.8298199265638673
2051,exits,projection,category,EB-5,Capped,0.3436762383273082
2051,exits,full,category,EB-5,Capped,0.4308280755795538
2052,ageouts,historical,overall,All,Uncapped,100.0
2052,ageouts,projection,overall,All,Uncapped,100.0
2052,ageouts,full,overall,All,Uncapped,100.0
2052,ageouts,historical,nationality,India,Uncapped,61.08256252141144
2052,ageouts,projection,nationality,India,Uncapped,36.654863007532335
2052,ageouts,full,nationality,India,Uncapped,39.209548121277265
2052,ageouts,historical,nationality,China,Uncapped,9.134121274409043
2052,ageouts,projection,nationality,China,Uncapped,7.382288509437926
2052,ageouts,full,nationality,China,Uncapped,7.5654977831519545
2052,ageouts,historical,nationality,ROW,Uncapped,29.783316204179513
2052,ageouts,projection,nationality,ROW,Uncapped,55.96284848302974
2052,ageouts,full,nationality,ROW,Uncapped,53.22495409557078
2052,ageouts,historical,category,EB-1,Uncapped,0.004282288454950325
2052,ageouts,projection,category,EB-1,Uncapped,0.3901209374906221
2052,ageouts,full,category,EB-1,Uncapped,0.34976935823368716
2052,ageouts,historical,category,EB-2,Uncapped,27.171120246659815
2052,ageouts,projection,category,EB-2,Uncapped,54.40286488811532
2052,ageouts,full,category,EB-2,Uncapped,51.554928568229656
2052,ageouts,historical,category,EB-3,Uncapped,41.542480301473105
2052,ageouts,projection,category,EB-3,Uncapped,20.113235102881895
2052,ageouts,full,category,EB-3,Uncapped,22.35433740875095
2052,ageouts,historical,category,EB-4,Uncapped,30.361425145597806
2052,ageouts,projection,category,EB-4,Uncapped,24.78868449219258
2052,ageouts,full,category,EB-4,Uncapped,25.37148999059519
2052,ageouts,historical,category,EB-5,Uncapped,0.92069201781432
2052,ageouts,projection,category,EB-5,Uncapped,0.30509457931958905
2052,ageouts,full,category,EB-5,Uncapped,0.36947467419051455
2052,exits,historical,overall,All,Uncapped,100.0
2052,exits,projection,overall,All,Uncapped,100.0
2052,exits,full,overall,All,Uncapped,100.0
2052,exits,historical,nationality,India,Uncapped,40.30520308547777
2052,exits,projection,nationality,India,Uncapped,17.44240022221518
2052,exits,full,nationality,India,Uncapped,21.610357776830977
2052,exits,historical,nationality,China,Uncapped,13.419319773397161
2052,exits,projection,nationality,China,Uncapped,8.880870665918492
2052,exits,full,nationality,China,Uncapped,9.708243554399745
2052,exits,historical,nationality,ROW,Uncapped,46.27547714112507
2052,exits,projection,nationality,ROW,Uncapped,73.67672911186632
2052,exits,full,nationality,ROW,Uncapped,68.68139866876928
2052,exits,historical,category,EB-1,Uncapped,0.9858477747350377
2052,exits,projection,category,EB-1,Uncapped,1.5549469908671798
2052,exits,full,category,EB-1,Uncapped,1.4511984963632387
2052,exits,historical,category,EB-2,Uncapped,28.697033676861007
2052,exits,projection,category,EB-2,Uncapped,26.309289228342877
2052,exits,full,category,EB-2,Uncapped,26.744582204983313
2052,exits,historical,category,EB-3,Uncapped,35.381817421661054
2052,exits,projection,category,EB-3,Uncapped,23.331195692903094
2052,exits,full,category,EB-3,Uncapped,25.528060188152764
2052,exits,historical,category,EB-4,Uncapped,34.156406129146895
2052,exits,projection,category,EB-4,Uncapped,48.47954110328345
2052,exits,full,category,EB-4,Uncapped,45.86839062544064
2052,exits,historical,category,EB-5,Uncapped,0.7788949975960031
2052,exits,projection,category,EB-5,Uncapped,0.32502698460339624
2052,exits,full,category,EB-5,Uncapped,0.40776848506004865
2052,ageouts,historical,overall,All,Capped,100.0
2052,ageouts,projection,overall,All,Capped,100.0
2052,ageouts,full,overall,All,Capped,100.0
2052,ageouts,historical,nationality,India,Capped,61.08256252141144
2052,ageouts,projection,nationality,India,Capped,72.5710469243642
2052,ageouts,full,nationality,India,Capped,71.64551896393506
2052,ageouts,historical,nationality,China,Capped,9.134121274409043
2052,ageouts,projection,nationality,China,Capped,7.077301755254884
2052,ageouts,full,nationality,China,Capped,7.2430019388269065
2052,ageouts,historical,nationality,ROW,Capped,29.783316204179513
2052,ageouts,projection,nationality,ROW,Capped,20.351651320380917
2052,ageouts,full,nationality,ROW,Capped,21.111479097238036
2052,ageouts,historical,category,EB-1,Capped,0.004282288454950325
2052,ageouts,projection,category,EB-1,Capped,0.94479089278612
2052,ageouts,full,category,EB-1,Capped,0.8690222378616326
2052,ageouts,historical,category,EB-2,Capped,27.171120246659815
2052,ageouts,projection,category,EB-2,Capped,56.27096512753551
2052,ageouts,full,category,EB-2,Capped,53.926641965597895
2052,ageouts,historical,category,EB-3,Capped,41.542480301473105
2052,ageouts,projection,category,EB-3,Capped,23.776236895622745
2052,ageouts,full,category,EB-3,Capped,25.20750967688518
2052,ageouts,historical,category,EB-4,Capped,30.361425145597806
2052,ageouts,projection,category,EB-4,Capped,18.559625385533217
2052,ageouts,full,category,EB-4,Capped,19.51039445812893
2052,ageouts,historical,category,EB-5,Capped,0.92069201781432
2052,ageouts,projection,category,EB-5,Capped,0.44838169852240406
2052,ageouts,full,category,EB-5,Capped,0.48643166152636047
2052,exits,historical,overall,All,Capped,100.0
2052,exits,projection,overall,All,Capped,100.0
2052,exits,full,overall,All,Capped,100.0
2052,exits,historical,nationality,India,Capped,40.30520308547777
2052,exits,projection,nationality,India,Capped,30.63835819394017
2052,exits,full,nationality,India,Capped,32.37341617796588
2052,exits,historical,nationality,China,Capped,13.419319773397161
2052,exits,projection,nationality,China,Capped,9.559093860603788
2052,exits,full,nationality,China,Capped,10.251948237112744
2052,exits,historical,nationality,ROW,Capped,46.27547714112507
2052,exits,projection,nationality,ROW,Capped,59.80254794545604
2052,exits,full,nationality,ROW,Capped,57.37463558492138
2052,exits,historical,category,EB-1,Capped,0.9858477747350377
2052,exits,projection,category,EB-1,Capped,1.4450856479152758
2052,exits,full,category,EB-1,Capped,1.3626591326076924
2052,exits,historical,category,EB-2,Capped,28.697033676861007
2052,exits,projection,category,EB-2,Capped,28.30332074298309
2052,exits,full,category,EB-2,Capped,28.37398648521891
2052,exits,historical,category,EB-3,Capped,35.381817421661054
2052,exits,projection,category,EB-3,Capped,22.444692390002103
2052,exits,full,category,EB-3,Capped,24.766718069359868
2052,exits,historical,category,EB-4,Capped,34.156406129146895
2052,exits,projection,category,EB-4,Capped,47.45333491855903
2052,exits,full,category,EB-4,Capped,45.06672970062621
2052,exits,historical,category,EB-5,Capped,0.7788949975960031
2052,exits,projection,category,EB-5,Capped,0.353566300540501
2052,exits,full,category,EB-5,Capped,0.4299066121873159
2053,ageouts,historical,overall,All,Uncapped,100.0
2053,ageouts,projection,overall,All,Uncapped,100.0
2053,ageouts,full,overall,All,Uncapped,100.0
2053,ageouts,historical,nationality,India,Uncapped,62.02450308430432
2053,ageouts,projection,nationality,India,Uncapped,36.66211488432825
2053,ageouts,full,nationality,India,Uncapped,39.305261654121914
2053,ageouts,historical,nationality,China,Uncapped,9.210075394105552
2053,ageouts,projection,nationality,China,Uncapped,7.254776879603696
2053,ageouts,full,nationality,China,Uncapped,7.458548737042295
2053,ageouts,historical,nationality,ROW,Uncapped,28.76542152159013
2053,ageouts,projection,nationality,ROW,Uncapped,56.08310823606806
2053,ageouts,full,nationality,ROW,Uncapped,53.236189608835794
2053,ageouts,historical,category,EB-1,Uncapped,0.02141877998629198
2053,ageouts,projection,category,EB-1,Uncapped,0.36929241380685157
2053,ageouts,full,category,EB-1,Uncapped,0.3330386878454272
2053,ageouts,historical,category,EB-2,Uncapped,27.608807402330363
2053,ageouts,projection,category,EB-2,Uncapped,54.262063053814025
2053,ageouts,full,category,EB-2,Uncapped,51.48438825346655
2053,ageouts,historical,category,EB-3,Uncapped,41.86086360520905
2053,ageouts,projection,category,EB-3,Uncapped,20.182503214488623
2053,ageouts,full,category,EB-3,Uncapped,22.44171822962705
2053,ageouts,historical,category,EB-4,Uncapped,29.583618917066484
2053,ageouts,projection,category,EB-4,Uncapped,24.893099564424332
2053,ageouts,full,category,EB-4,Uncapped,25.3819230528844
2053,ageouts,historical,category,EB-5,Uncapped,0.9252912954078135
2053,ageouts,projection,category,EB-5,Uncapped,0.2930417534661656
2053,ageouts,full,category,EB-5,Uncapped,0.358931776176573
2053,exits,historical,overall,All,Uncapped,100.0
2053,exits,projection,overall,All,Uncapped,100.0
2053,exits,full,overall,All,Uncapped,100.0
2053,exits,historical,nationality,India,Uncapped,40.167800642818385
2053,exits,projection,nationality,India,Uncapped,17.484871876484693
2053,exits,full,nationality,India,Uncapped,21.630169369732226
2053,exits,historical,nationality,China,Uncapped,13.510456234086071
2053,exits,projection,nationality,China,Uncapped,8.875539156708038
2053,exits,full,nationality,China,Uncapped,9.722568671290903
2053,exits,historical,nationality,ROW,Uncapped,46.321743123095544
2053,exits,projection,nationality,ROW,Uncapped,73.63958896680727
2053,exits,full,nationality,ROW,Uncapped,68.64726195897687
2053,exits,historical,category,EB-1,Uncapped,0.9500354802354218
2053,exits,projection,category,EB-1,Uncapped,1.5620493415310976
2053,exits,full,category,EB-1,Uncapped,1.4502040171818396
2053,exits,historical,category,EB-2,Uncapped,28.625453938306133
2053,exits,projection,category,EB-2,Uncapped,26.395973674311545
2053,exits,full,category,EB-2,Uncapped,26.803410431918373
2053,exits,historical,category,EB-3,Uncapped,35.37337730099762
2053,exits,projection,category,EB-3,Uncapped,23.343466974813996
2053,exits,full,category,EB-3,Uncapped,25.541928982645
2053,exits,historical,category,EB-4,Uncapped,34.230078891347
2053,exits,projection,category,EB-4,Uncapped,48.387406904752794
2053,exits,full,category,EB-4,Uncapped,45.80016004039914
2053,exits,historical,category,EB-5,Uncapped,0.821054389113829
2053,exits,projection,category,EB-5,Uncapped,0.3111031045905676
2053,exits,full,category,EB-5,Uncapped,0.40429652785564935
2053,ageouts,historical,overall,All,Capped,100.0
2053,ageouts,projection,overall,All,Capped,100.0
2053,ageouts,full,overall,All,Capped,100.0
2053,ageouts,historical,nationality,India,Capped,62.02450308430432
2053,ageouts,projection,nationality,India,Capped,72.47638708323811
2053,ageouts,full,nationality,India,Capped,71.63577981967455
2053,ageouts,historical,nationality,China,Capped,9.210075394105552
2053,ageouts,projection,nationality,China,Capped,6.992645433462341
2053,ageouts,full,nationality,China,Capped,7.170985312813304
2053,ageouts,historical,nationality,ROW,Capped,28.76542152159013
2053,ageouts,projection,nationality,ROW,Capped,20.530967483299552
2053,ageouts,full,nationality,ROW,Capped,21.193234867512135
2053,ageouts,historical,category,EB-1,Capped,0.02141877998629198
2053,ageouts,projection,category,EB-1,Capped,0.9557564563203189
2053,ageouts,full,category,EB-1,Capped,0.8806110531157301
2053,ageouts,historical,category,EB-2,Capped,27.608807402330363
2053,ageouts,projection,category,EB-2,Capped,56.22290743287038
2053,ageouts,full,category,EB-2,Capped,53.921578760598514
2053,ageouts,historical,category,EB-3,Capped,41.86086360520905
2053,ageouts,projection,category,EB-3,Capped,23.729435875148457
2053,ageouts,full,category,EB-3,Capped,25.18768109201283
2053,ageouts,historical,category,EB-4,Capped,29.583618917066484
2053,ageouts,projection,category,EB-4,Capped,18.6722815641286
2053,ageouts,full,category,EB-4,Capped,19.549841000782077
2053,ageouts,historical,category,EB-5,Capped,0.9252912954078135
2053,ageouts,projection,category,EB-5,Capped,0.4196186715322451
2053,ageouts,full,category,EB-5,Capped,0.4602880934908511
2053,exits,historical,overall,All,Capped,100.0
2053,exits,projection,overall,All,Capped,100.0
2053,exits,full,overall,All,Capped,100.0
2053,exits,historical,nationality,India,Capped,40.167800642818385
2053,exits,projection,nationality,India,Capped,30.550116208846514
2053,exits,full,nationality,India,Capped,32.279369272682246
2053,exits,historical,nationality,China,Capped,13.510456234086071
2053,exits,projection,nationality,China,Capped,9.564079571033801
2053,exits,full,nationality,China,Capped,10.273635387975354
2053,exits,historical,nationality,ROW,Capped,46.321743123095544
2053,exits,projection,nationality,ROW,Capped,59.88580422011969
2053,exits,full,nationality,ROW,Capped,57.44699533934241
2053,exits,historical,category,EB-1,Capped,0.9500354802354218
2053,exits,projection,category,EB-1,Capped,1.453434108668997
2053,exits,full,category,EB-1,Capped,1.36292338059035
2053,exits,historical,category,EB-2,Capped,28.625453938306133
2053,exits,projection,category,EB-2,Capped,28.202972018373806
2053,exits,full,category,EB-2,Capped,28.27893397776994
2053,exits,historical,category,EB-3,Capped,35.37337730099762
2053,exits,projection,category,EB-3,Capped,22.481470636678075
2053,exits,full,category,EB-3,Capped,24.79942661152931
2053,exits,historical,category,EB-4,Capped,34.230078891347
2053,exits,projection,category,EB-4,Capped,47.520359423896934
2053,exits,full,category,EB-4,Capped,45.1307761008083
2053,exits,historical,category,EB-5,Capped,0.821054389113829
2053,exits,projection,category,EB-5,Capped,0.34176381238218984
2053,exits,full,category,EB-5,Capped,0.4279399293021022
2054,ageouts,historical,overall,All,Uncapped,100.0
2054,ageouts,projection,overall,All,Uncapped,100.0
2054,ageouts,full,overall,All,Uncapped,100.0
2054,ageouts,historical,nationality,India,Uncapped,61.05620619095303
2054,ageouts,projection,nationality,India,Uncapped,36.87905616537137
2054,ageouts,full,nationality,India,Uncapped,39.37304919947005
2054,ageouts,historical,nationality,China,Uncapped,9.269014759023031
2054,ageouts,projection,nationality,China,Uncapped,7.285073311433378
2054,ageouts,full,nationality,China,Uncapped,7.489726719511373
2054,ageouts,historical,nationality,ROW,Uncapped,29.674779050023947
2054,ageouts,projection,nationality,ROW,Uncapped,55.835870523195254
2054,ageouts,full,nationality,ROW,Uncapped,53.13722408101857
2054,ageouts,historical,category,EB-1,Uncapped,0.01306108232835561
2054,ageouts,projection,category,EB-1,Uncapped,0.37106401730630556
2054,ageouts,full,category,EB-1,Uncapped,0.33413423753171806
2054,ageouts,historical,category,EB-2,Uncapped,27.19317340763638
2054,ageouts,projection,category,EB-2,Uncapped,54.39868600272414
2054,ageouts,full,category,EB-2,Uncapped,51.59230233759235
2054,ageouts,historical,category,EB-3,Uncapped,41.625669380469326
2054,ageouts,projection,category,EB-3,Uncapped,20.036455412226584
2054,ageouts,full,category,EB-3,Uncapped,22.263489996182606
2054,ageouts,historical,category,EB-4,Uncapped,30.140624319735295
2054,ageouts,projection,category,EB-4,Uncapped,24.89433939588174
2054,ageouts,full,category,EB-4,Uncapped,25.435519726944065
2054,ageouts,historical,category,EB-5,Uncapped,1.0274718098306412
2054,ageouts,projection,category,EB-5,Uncapped,0.29945517186122905
2054,ageouts,full,category,EB-5,Uncapped,0.3745537017492646
2054,exits,historical,overall,All,Uncapped,100.0
2054,exits,projection,overall,All,Uncapped,100.0
2054,exits,full,overall,All,Uncapped,100.0
2054,exits,historical,nationality,India,Uncapped,40.244685821069844
2054,exits,projection,nationality,India,Uncapped,17.447372226342573
2054,exits,full,nationality,India,Uncapped,21.614133637682585
2054,exits,historical,nationality,China,Uncapped,13.447292021223346
2054,exits,projection,nationality,China,Uncapped,8.930185695694155
2054,exits,full,nationality,China,Uncapped,9.755796320820096
2054,exits,historical,nationality,ROW,Uncapped,46.30802215770681
2054,exits,projection,nationality,ROW,Uncapped,73.62244207796327
2054,exits,full,nationality,ROW,Uncapped,68.63007004149732
2054,exits,historical,category,EB-1,Uncapped,0.9860846931624787
2054,exits,projection,category,EB-1,Uncapped,1.5505893657612777
2054,exits,full,category,EB-1,Uncapped,1.44741245956432
2054,exits,historical,category,EB-2,Uncapped,28.522624887376114
2054,exits,projection,category,EB-2,Uncapped,26.390805241087214
2054,exits,full,category,EB-2,Uncapped,26.78044693291127
2054,exits,historical,category,EB-3,Uncapped,35.455250775853436
2054,exits,projection,category,EB-3,Uncapped,23.314721782977195
2054,exits,full,category,EB-3,Uncapped,25.533697607061633
2054,exits,historical,category,EB-4,Uncapped,34.23349017252311
2054,exits,projection,category,EB-4,Uncapped,48.425481498066546
2054,exits,full,category,EB-4,Uncapped,45.831551228184935
2054,exits,historical,category,EB-5,Uncapped,0.80254947108486
2054,exits,projection,category,EB-5,Uncapped,0.31840211210776975
2054,exits,full,category,EB-5,Uncapped,0.4068917722778391
2054,ageouts,historical,overall,All,Capped,100.0
2054,ageouts,projection,overall,All,Capped,100.0
2054,ageouts,full,overall,All,Capped,100.0
2054,ageouts,historical,nationality,India,Capped,61.05620619095303
2054,ageouts,projection,nationality,India,Capped,72.7069309164755
2054,ageouts,full,nationality,India,Capped,71.7805724888275
2054,ageouts,historical,nationality,China,Capped,9.269014759023031
2054,ageouts,projection,nationality,China,Capped,7.008010229024858
2054,ageouts,full,nationality,China,Capped,7.18778450493113
2054,ageouts,historical,nationality,ROW,Capped,29.674779050023947
2054,ageouts,projection,nationality,ROW,Capped,20.285058854499642
2054,ageouts,full,nationality,ROW,Capped,21.031643006241367
2054,ageouts,historical,category,EB-1,Capped,0.01306108232835561
2054,ageouts,projection,category,EB-1,Capped,0.9258771764882855
2054,ageouts,full,category,EB-1,Capped,0.8532984398312096
2054,ageouts,historical,category,EB-2,Capped,27.19317340763638
2054,ageouts,projection,category,EB-2,Capped,56.31266217893272
2054,ageouts,full,category,EB-2,Capped,53.99734837077116
2054,ageouts,historical,category,EB-3,Capped,41.625669380469326
2054,ageouts,projection,category,EB-3,Capped,23.821217705238613
2054,ageouts,full,category,EB-3,Capped,25.23686387726349
2054,ageouts,historical,category,EB-4,Capped,30.140624319735295
2054,ageouts,projection,category,EB-4,Capped,18.499492309428003
2054,ageouts,full,category,EB-4,Capped,19.425088012628123
2054,ageouts,historical,category,EB-5,Capped,1.0274718098306412
2054,ageouts,projection,category,EB-5,Capped,0.44075062991237635
2054,ageouts,full,category,EB-5,Capped,0.48740129950602157
2054,exits,historical,overall,All,Capped,100.0
2054,exits,projection,overall,All,Capped,100.0
2054,exits,full,overall,All,Capped,100.0
2054,exits,historical,nationality,India,Capped,40.244685821069844
2054,exits,projection,nationality,India,Capped,30.61762441162387
2054,exits,full,nationality,India,Capped,32.35040396054768
2054,exits,historical,nationality,China,Capped,13.447292021223346
2054,exits,projection,nationality,China,Capped,9.593472263804923
2054,exits,full,nationality,China,Capped,10.287123189760477
2054,exits,historical,nationality,ROW,Capped,46.30802215770681
2054,exits,projection,nationality,ROW,Capped,59.78890332457121
2054,exits,full,nationality,ROW,Capped,57.36247284969184
2054,exits,historical,category,EB-1,Capped,0.9860846931624787
2054,exits,projection,category,EB-1,Capped,1.4373727912719363
2054,exits,full,category,EB-1,Capped,1.3561452230848756
2054,exits,historical,category,EB-2,Capped,28.522624887376114
2054,exits,projection,category,EB-2,Capped,28.29405942679049
2054,exits,full,category,EB-2,Capped,28.3351990371917
2054,exits,historical,category,EB-3,Capped,35.455250775853436
2054,exits,projection,category,EB-3,Capped,22.38260173722602
2054,exits,full,category,EB-3,Capped,24.73555430925036
2054,exits,historical,category,EB-4,Capped,34.23349017252311
2054,exits,projection,category,EB-4,Capped,47.53410773291729
2054,exits,full,category,EB-4,Capped,45.140122993805264
2054,exits,historical,category,EB-5,Capped,0.80254947108486
2054,exits,projection,category,EB-5,Capped,0.35185831179425764
2054,exits,full,category,EB-5,Capped,0.43297843666780034
2055,ageouts,historical,overall,All,Uncapped,100.0
2055,ageouts,projection,overall,All,Uncapped,100.0
2055,ageouts,full,overall,All,Uncapped,100.0
2055,ageouts,historical,nationality,India,Uncapped,60.833333333333336
2055,ageouts,projection,nationality,India,Uncapped,36.652317549304236
2055,ageouts,full,nationality,India,Uncapped,39.18765122322789
2055,ageouts,historical,nationality,China,Uncapped,9.132478632478632
2055,ageouts,projection,nationality,China,Uncapped,7.205425968565422
2055,ageouts,full,nationality,China,Uncapped,7.407473787973832
2055,ageouts,historical,nationality,ROW,Uncapped,30.034188034188034
2055,ageouts,projection,nationality,ROW,Uncapped,56.14225648213034
2055,ageouts,full,nationality,ROW,Uncapped,53.40487498879828
2055,ageouts,historical,category,EB-1,Uncapped,0.004273504273504274
2055,ageouts,projection,category,EB-1,Uncapped,0.35539093002302535
2055,ageouts,full,category,EB-1,Uncapped,0.31857693341697285
2055,ageouts,historical,category,EB-2,Uncapped,26.692307692307693
2055,ageouts,projection,category,EB-2,Uncapped,54.217639403343675
2055,ageouts,full,category,EB-2,Uncapped,51.331660543059414
2055,ageouts,historical,category,EB-3,Uncapped,41.60683760683761
2055,ageouts,projection,category,EB-3,Uncapped,20.041545700270298
2055,ageouts,full,category,EB-3,Uncapped,22.302625683304957
2055,ageouts,historical,category,EB-4,Uncapped,30.799145299145298
2055,ageouts,projection,category,EB-4,Uncapped,25.12063269596556
2055,ageouts,full,category,EB-4,Uncapped,25.716013979747288
2055,ageouts,historical,category,EB-5,Uncapped,0.8974358974358975
2055,ageouts,projection,category,EB-5,Uncapped,0.26479127039743716
2055,ageouts,full,category,EB-5,Uncapped,0.3311228604713684
2055,exits,historical,overall,All,Uncapped,100.0
2055,exits,projection,overall,All,Uncapped,100.0
2055,exits,full,overall,All,Uncapped,100.0
2055,exits,historical,nationality,India,Uncapped,40.33666561320049
2055,exits,projection,nationality,India,Uncapped,17.49630516231611
2055,exits,full,nationality,India,Uncapped,21.68409495526337
2055,exits,historical,nationality,China,Uncapped,13.644604867013756
2055,exits,projection,nationality,China,Uncapped,8.83717412838709
2055,exits,full,nationality,China,Uncapped,9.7186185968671
2055,exits,historical,nationality,ROW,Uncapped,46.01872951978576
2055,exits,projection,nationality,ROW,Uncapped,73.6665207092968
2055,exits,full,nationality,ROW,Uncapped,68.59728644786954
2055,exits,historical,category,EB-1,Uncapped,0.9672482908897354
2055,exits,projection,category,EB-1,Uncapped,1.5481439917691246
2055,exits,full,category,EB-1,Uncapped,1.44163651820535
2055,exits,historical,category,EB-2,Uncapped,28.68477519586154
2055,exits,projection,category,EB-2,Uncapped,26.36354215195936
2055,exits,full,category,EB-2,Uncapped,26.78914121679063
2055,exits,historical,category,EB-3,Uncapped,35.45177065486784
2055,exits,projection,category,EB-3,Uncapped,23.313188726613756
2055,exits,full,category,EB-3,Uncapped,25.538802880528223
2055,exits,historical,category,EB-4,Uncapped,34.089472546116866
2055,exits,projection,category,EB-4,Uncapped,48.46189252247012
2055,exits,full,category,EB-4,Uncapped,45.82670321333674
2055,exits,historical,category,EB-5,Uncapped,0.8067333122640097
2055,exits,projection,category,EB-5,Uncapped,0.313232607187638
2055,exits,full,category,EB-5,Uncapped,0.40371617113905905
2055,ageouts,historical,overall,All,Capped,100.0
2055,ageouts,projection,overall,All,Capped,100.0
2055,ageouts,full,overall,All,Capped,100.0
2055,ageouts,historical,nationality,India,Capped,60.833333333333336
2055,ageouts,projection,nationality,India,Capped,72.41162065978408
2055,ageouts,full,nationality,India,Capped,71.4775755611712
2055,ageouts,historical,nationality,China,Capped,9.132478632478632
2055,ageouts,projection,nationality,China,Capped,6.986721067414677
2055,ageouts,full,nationality,China,Capped,7.159823900325102
2055,ageouts,historical,nationality,ROW,Capped,30.034188034188034
2055,ageouts,projection,nationality,ROW,Capped,20.601658272801252
2055,ageouts,full,nationality,ROW,Capped,21.362600538503706
2055,ageouts,historical,category,EB-1,Capped,0.004273504273504274
2055,ageouts,projection,category,EB-1,Capped,1.003138793158406
2055,ageouts,full,category,EB-1,Capped,0.9225582028731689
2055,ageouts,historical,category,EB-2,Capped,26.692307692307693
2055,ageouts,projection,category,EB-2,Capped,56.0460206327837
2055,ageouts,full,category,EB-2,Capped,53.67799409093887
2055,ageouts,historical,category,EB-3,Capped,41.60683760683761
2055,ageouts,projection,category,EB-3,Capped,23.78582705512201
2055,ageouts,full,category,EB-3,Capped,25.223485932366415
2055,ageouts,historical,category,EB-4,Capped,30.799145299145298
2055,ageouts,projection,category,EB-4,Capped,18.77913321308168
2055,ageouts,full,category,EB-4,Capped,19.74881318885897
2055,ageouts,historical,category,EB-5,Capped,0.8974358974358975
2055,ageouts,projection,category,EB-5,Capped,0.3858803058542055
2055,ageouts,full,category,EB-5,Capped,0.42714858496257707
2055,exits,historical,overall,All,Capped,100.0
2055,exits,projection,overall,All,Capped,100.0
2055,exits,full,overall,All,Capped,100.0
2055,exits,historical,nationality,India,Capped,40.33666561320049
2055,exits,projection,nationality,India,Capped,30.636833204156382
2055,exits,full,nationality,India,Capped,32.38801443241076
2055,exits,historical,nationality,China,Capped,13.644604867013756
2055,exits,projection,nationality,China,Capped,9.48378691849759
2055,exits,full,nationality,China,Capped,10.234969617162736
2055,exits,historical,nationality,ROW,Capped,46.01872951978576
2055,exits,projection,nationality,ROW,Capped,59.879379877346025
2055,exits,full,nationality,ROW,Capped,57.377015950426504
2055,exits,historical,category,EB-1,Capped,0.9672482908897354
2055,exits,projection,category,EB-1,Capped,1.4407352642080904
2055,exits,full,category,EB-1,Capped,1.35525322034051
2055,exits,historical,category,EB-2,Capped,28.68477519586154
2055,exits,projection,category,EB-2,Capped,28.327955541141485
2055,exits,full,category,EB-2,Capped,28.392374786224046
2055,exits,historical,category,EB-3,Capped,35.45177065486784
2055,exits,projection,category,EB-3,Capped,22.37216520724197
2055,exits,full,category,EB-3,Capped,24.733521421139006
2055,exits,historical,category,EB-4,Capped,34.089472546116866
2055,exits,projection,category,EB-4,Capped,47.522825841986354
2055,exits,full,category,EB-4,Capped,45.097604958551116
2055,exits,historical,category,EB-5,Capped,0.8067333122640097
2055,exits,projection,category,EB-5,Capped,0.33631814542209715
2055,exits,full,category,EB-5,Capped,0.4212456137453247
2056,ageouts,historical,overall,All,Uncapped,100.0
2056,ageouts,projection,overall,All,Uncapped,100.0
2056,ageouts,full,overall,All,Uncapped,100.0
2056,ageouts,historical,nationality,India,Uncapped,61.73178367714543
2056,ageouts,projection,nationality,India,Uncapped,36.821748204037405
2056,ageouts,full,nationality,India,Uncapped,39.43041414218538
2056,ageouts,historical,nationality,China,Uncapped,8.620319938242485
2056,ageouts,projection,nationality,China,Uncapped,7.334851707669463
2056,ageouts,full,nationality,China,Uncapped,7.469470431568404
2056,ageouts,historical,nationality,ROW,Uncapped,29.647896384612086
2056,ageouts,projection,nationality,ROW,Uncapped,55.84340008829313
2056,ageouts,full,nationality,ROW,Uncapped,53.10011542624622
2056,ageouts,historical,category,EB-1,Uncapped,0.008577432774370631
2056,ageouts,projection,category,EB-1,Uncapped,0.4043424168238552
2056,ageouts,full,category,EB-1,Uncapped,0.3628965250861206
2056,ageouts,historical,category,EB-2,Uncapped,27.61075610069906
2056,ageouts,projection,category,EB-2,Uncapped,54.27419031183529
2056,ageouts,full,category,EB-2,Uncapped,51.48190233232878
2056,ageouts,historical,category,EB-3,Uncapped,41.17167731697903
2056,ageouts,projection,category,EB-3,Uncapped,20.03702291608139
2056,ageouts,full,category,EB-3,Uncapped,22.25031775902413
2056,ageouts,historical,category,EB-4,Uncapped,30.342668439336105
2056,ageouts,projection,category,EB-4,Uncapped,25.002508327647792
2056,ageouts,full,category,EB-4,Uncapped,25.56174855043498
2056,ageouts,historical,category,EB-5,Uncapped,0.8663207102114338
2056,ageouts,projection,category,EB-5,Uncapped,0.28193602761167075
2056,ageouts,full,category,EB-5,Uncapped,0.34313483312598525
2056,exits,historical,overall,All,Uncapped,100.0
2056,exits,projection,overall,All,Uncapped,100.0
2056,exits,full,overall,All,Uncapped,100.0
2056,exits,historical,nationality,India,Uncapped,40.11803229390292
2056,exits,projection,nationality,India,Uncapped,17.471326134779762
2056,exits,full,nationality,India,Uncapped,21.60628929282823
2056,exits,historical,nationality,China,Uncapped,13.627592659109704
2056,exits,projection,nationality,China,Uncapped,8.889691216010718
2056,exits,full,nationality,China,Uncapped,9.754763945617658
2056,exits,historical,nationality,ROW,Uncapped,46.25437504698738
2056,exits,projection,nationality,ROW,Uncapped,73.63898264920952
2056,exits,full,nationality,ROW,Uncapped,68.63894676155411
2056,exits,historical,category,EB-1,Uncapped,1.0103330465362994
2056,exits,projection,category,EB-1,Uncapped,1.5300191625570725
2056,exits,full,category,EB-1,Uncapped,1.4351319445927273
2056,exits,historical,category,EB-2,Uncapped,28.493981438941468
2056,exits,projection,category,EB-2,Uncapped,26.349542207071302
2056,exits,full,category,EB-2,Uncapped,26.741085999627852
2056,exits,historical,category,EB-3,Uncapped,35.37084527160793
2056,exits,projection,category,EB-3,Uncapped,23.309935235408375
2056,exits,full,category,EB-3,Uncapped,25.512084117537604
2056,exits,historical,category,EB-4,Uncapped,34.30579803363043
2056,exits,projection,category,EB-4,Uncapped,48.49190489251615
2056,exits,full,category,EB-4,Uncapped,45.90172560527351
2056,exits,historical,category,EB-5,Uncapped,0.8190422092838706
2056,exits,projection,category,EB-5,Uncapped,0.3185985024470977
2056,exits,full,category,EB-5,Uncapped,0.4099723329683034
2056,ageouts,historical,overall,All,Capped,100.0
2056,ageouts,projection,overall,All,Capped,100.0
2056,ageouts,full,overall,All,Capped,100.0
2056,ageouts,historical,nationality,India,Capped,61.73178367714543
2056,ageouts,projection,nationality,India,Capped,72.5182808143511
2056,ageouts,full,nationality,India,Capped,71.64934028461562
2056,ageouts,historical,nationality,China,Capped,8.620319938242485
2056,ageouts,projection,nationality,China,Capped,7.0312558712790185
2056,ageouts,full,nationality,China,Capped,7.159267973314262
2056,ageouts,historical,nationality,ROW,Capped,29.647896384612086
2056,ageouts,projection,nationality,ROW,Capped,20.450463314369884
2056,ageouts,full,nationality,ROW,Capped,21.191391742070113
2056,ageouts,historical,category,EB-1,Capped,0.008577432774370631
2056,ageouts,projection,category,EB-1,Capped,0.978483876058709
2056,ageouts,full,category,EB-1,Capped,0.900349982552696
2056,ageouts,historical,category,EB-2,Capped,27.61075610069906
2056,ageouts,projection,category,EB-2,Capped,56.177524931799226
2056,ageouts,full,category,EB-2,Capped,53.87623815397159
2056,ageouts,historical,category,EB-3,Capped,41.17167731697903
2056,ageouts,projection,category,EB-3,Capped,23.831944267001344
2056,ageouts,full,category,EB-3,Capped,25.228801525688997
2056,ageouts,historical,category,EB-4,Capped,30.342668439336105
2056,ageouts,projection,category,EB-4,Capped,18.60847869054508
2056,ageouts,full,category,EB-4,Capped,19.55376360803336
2056,ageouts,historical,category,EB-5,Capped,0.8663207102114338
2056,ageouts,projection,category,EB-5,Capped,0.40356823459564267
2056,ageouts,full,category,EB-5,Capped,0.44084672975335387
2056,exits,historical,overall,All,Capped,100.0
2056,exits,projection,overall,All,Capped,100.0
2056,exits,full,overall,All,Capped,100.0
2056,exits,historical,nationality,India,Capped,40.11803229390292
2056,exits,projection,nationality,India,Capped,30.67561136330356
2056,exits,full,nationality,India,Capped,32.37279534197255
2056,exits,historical,nationality,China,Capped,13.627592659109704
2056,exits,projection,nationality,China,Capped,9.565913750183043
2056,exits,full,nationality,China,Capped,10.295961311226321
2056,exits,historical,nationality,ROW,Capped,46.25437504698738
2056,exits,projection,nationality,ROW,Capped,59.7584748865134
2056,exits,full,nationality,ROW,Capped,57.33124334680114
2056,exits,historical,category,EB-1,Capped,1.0103330465362994
2056,exits,projection,category,EB-1,Capped,1.4308463903939084
2056,exits,full,category,EB-1,Capped,1.3552631776503568
2056,exits,historical,category,EB-2,Capped,28.493981438941468
2056,exits,projection,category,EB-2,Capped,28.360759261971005
2056,exits,full,category,EB-2,Capped,28.384704661781022
2056,exits,historical,category,EB-3,Capped,35.37084527160793
2056,exits,projection,category,EB-3,Capped,22.38605579147752
2056,exits,full,category,EB-3,Capped,24.719946308966673
2056,exits,historical,category,EB-4,Capped,34.30579803363043
2056,exits,projection,category,EB-4,Capped,47.464306633474884
2056,exits,full,category,EB-4,Capped,45.09919178178859
2056,exits,historical,category,EB-5,Capped,0.8190422092838706
2056,exits,projection,category,EB-5,Capped,0.3580319226826768
2056,exits,full,category,EB-5,Capped,0.4408940698133576
2057,ageouts,historical,overall,All,Uncapped,100.0
2057,ageouts,projection,overall,All,Uncapped,100.0
2057,ageouts,full,overall,All,Uncapped,100.0
2057,ageouts,historical,nationality,India,Uncapped,60.621784061918966
2057,ageouts,projection,nationality,India,Uncapped,36.77704525022475
2057,ageouts,full,nationality,India,Uncapped,39.24610583531456
2057,ageouts,historical,nationality,China,Uncapped,9.391620184200285
2057,ageouts,projection,nationality,China,Uncapped,7.389871141744082
2057,ageouts,full,nationality,China,Uncapped,7.597147040255746
2057,ageouts,historical,nationality,ROW,Uncapped,29.986595753880746
2057,ageouts,projection,nationality,ROW,Uncapped,55.83308360803117
2057,ageouts,full,nationality,ROW,Uncapped,53.1567471244297
2057,ageouts,historical,category,EB-1,Uncapped,0.012971851083149565
2057,ageouts,projection,category,EB-1,Uncapped,0.3850764159424633
2057,ageouts,full,category,EB-1,Uncapped,0.3465459576354283
2057,ageouts,historical,category,EB-2,Uncapped,26.972802352228996
2057,ageouts,projection,category,EB-2,Uncapped,54.023574068524624
2057,ageouts,full,category,EB-2,Uncapped,51.22253712832498
2057,ageouts,historical,category,EB-3,Uncapped,41.16400743719462
2057,ageouts,projection,category,EB-3,Uncapped,20.338128059134952
2057,ageouts,full,category,EB-3,Uncapped,22.49459361442061
2057,ageouts,historical,category,EB-4,Uncapped,30.894625329701213
2057,ageouts,projection,category,EB-4,Uncapped,24.955548896214165
2057,ageouts,full,category,EB-4,Uncapped,25.570524788781583
2057,ageouts,historical,category,EB-5,Uncapped,0.955593029792018
2057,ageouts,projection,category,EB-5,Uncapped,0.29767256018379784
2057,ageouts,full,category,EB-5,Uncapped,0.3657985108373965
2057,exits,historical,overall,All,Uncapped,100.0
2057,exits,projection,overall,All,Uncapped,100.0
2057,exits,full,overall,All,Uncapped,100.0
2057,exits,historical,nationality,India,Uncapped,40.32952278174449
2057,exits,projection,nationality,India,Uncapped,17.489335145557888
2057,exits,full,nationality,India,Uncapped,21.65428983747403
2057,exits,historical,nationality,China,Uncapped,13.430207509840091
2057,exits,projection,nationality,China,Uncapped,8.89858849846872
2057,exits,full,nationality,China,Uncapped,9.724938446377413
2057,exits,historical,nationality,ROW,Uncapped,46.24026970841542
2057,exits,projection,nationality,ROW,Uncapped,73.61207635597339
2057,exits,full,nationality,ROW,Uncapped,68.62077171614855
2057,exits,historical,category,EB-1,Uncapped,0.9884010323206719
2057,exits,projection,category,EB-1,Uncapped,1.5511497893149027
2057,exits,full,category,EB-1,Uncapped,1.4485314083651908
2057,exits,historical,category,EB-2,Uncapped,28.518904267734122
2057,exits,projection,category,EB-2,Uncapped,26.401636599224425
2057,exits,full,category,EB-2,Uncapped,26.787724666908712
2057,exits,historical,category,EB-3,Uncapped,35.45737076123193
2057,exits,projection,category,EB-3,Uncapped,23.25717201549657
2057,exits,full,category,EB-3,Uncapped,25.481903082410156
2057,exits,historical,category,EB-4,Uncapped,34.22134661797861
2057,exits,projection,category,EB-4,Uncapped,48.473617486909724
2057,exits,full,category,EB-4,Uncapped,45.8746868926633
2057,exits,historical,category,EB-5,Uncapped,0.813977320734671
2057,exits,projection,category,EB-5,Uncapped,0.3164241090543751
2057,exits,full,category,EB-5,Uncapped,0.40715394965264534
2057,ageouts,historical,overall,All,Capped,100.0
2057,ageouts,projection,overall,All,Capped,100.0
2057,ageouts,full,overall,All,Capped,100.0
2057,ageouts,historical,nationality,India,Capped,60.621784061918966
2057,ageouts,projection,nationality,India,Capped,72.55080376099484
2057,ageouts,full,nationality,India,Capped,71.60008821988806
2057,ageouts,historical,nationality,China,Capped,9.391620184200285
2057,ageouts,projection,nationality,China,Capped,7.005246071063481
2057,ageouts,full,nationality,China,Capped,7.195434620792325
2057,ageouts,historical,nationality,ROW,Capped,29.986595753880746
2057,ageouts,projection,nationality,ROW,Capped,20.443950167941676
2057,ageouts,full,nationality,ROW,Capped,21.204477159319605
2057,ageouts,historical,category,EB-1,Capped,0.012971851083149565
2057,ageouts,projection,category,EB-1,Capped,0.9282662502761583
2057,ageouts,full,category,EB-1,Capped,0.8553193835635321
2057,ageouts,historical,category,EB-2,Capped,26.972802352228996
2057,ageouts,projection,category,EB-2,Capped,56.20934856603646
2057,ageouts,full,category,EB-2,Capped,53.879262812560306
2057,ageouts,historical,category,EB-3,Capped,41.16400743719462
2057,ageouts,projection,category,EB-3,Capped,23.768708552855756
2057,ageouts,full,category,EB-3,Capped,25.155074021999834
2057,ageouts,historical,category,EB-4,Capped,30.894625329701213
2057,ageouts,projection,category,EB-4,Capped,18.630105183537598
2057,ageouts,full,category,EB-4,Capped,19.607559341659087
2057,ageouts,historical,category,EB-5,Capped,0.955593029792018
2057,ageouts,projection,category,EB-5,Capped,0.4635714472940234
2057,ageouts,full,category,EB-5,Capped,0.5027844402172414
2057,exits,historical,overall,All,Capped,100.0
2057,exits,projection,overall,All,Capped,100.0
2057,exits,full,overall,All,Capped,100.0
2057,exits,historical,nationality,India,Capped,40.32952278174449
2057,exits,projection,nationality,India,Capped,30.679275181195553
2057,exits,full,nationality,India,Capped,32.41122415810932
2057,exits,historical,nationality,China,Capped,13.430207509840091
2057,exits,projection,nationality,China,Capped,9.607527048959852
2057,exits,full,nationality,China,Capped,10.293591053464064
2057,exits,historical,nationality,ROW,Capped,46.24026970841542
2057,exits,projection,nationality,ROW,Capped,59.7131977698446
2057,exits,full,nationality,ROW,Capped,57.29518478842662
2057,exits,historical,category,EB-1,Capped,0.9884010323206719
2057,exits,projection,category,EB-1,Capped,1.446179294394054
2057,exits,full,category,EB-1,Capped,1.3640209264982648
2057,exits,historical,category,EB-2,Capped,28.518904267734122
2057,exits,projection,category,EB-2,Capped,28.283248766260026
2057,exits,full,category,EB-2,Capped,28.325542324060443
2057,exits,historical,category,EB-3,Capped,35.45737076123193
2057,exits,projection,category,EB-3,Capped,22.43988662583782
2057,exits,full,category,EB-3,Capped,24.776160187254476
2057,exits,historical,category,EB-4,Capped,34.22134661797861
2057,exits,projection,category,EB-4,Capped,47.484304924530065
2057,exits,full,category,EB-4,Capped,45.10397562929259
2057,exits,historical,category,EB-5,Capped,0.813977320734671
2057,exits,projection,category,EB-5,Capped,0.34638038897804063
2057,exits,full,category,EB-5,Capped,0.4303009328942242
2058,ageouts,historical,overall,All,Uncapped,100.0
2058,ageouts,projection,overall,All,Uncapped,100.0
2058,ageouts,full,overall,All,Uncapped,100.0
2058,ageouts,historical,nationality,India,Uncapped,61.40847486704409
2058,ageouts,projection,nationality,India,Uncapped,37.04156967741291
2058,ageouts,full,nationality,India,Uncapped,39.58346382712183
2058,ageouts,historical,nationality,China,Uncapped,8.933779378967232
2058,ageouts,projection,nationality,China,Uncapped,7.29492392379392
2058,ageouts,full,nationality,China,Uncapped,7.465885195293276
2058,ageouts,historical,nationality,ROW,Uncapped,29.657745753988678
2058,ageouts,projection,nationality,ROW,Uncapped,55.66350639879317
2058,ageouts,full,nationality,ROW,Uncapped,52.95065097758489
2058,ageouts,historical,category,EB-1,Uncapped,0.012866700977869275
2058,ageouts,projection,category,EB-1,Uncapped,0.363647262155709
2058,ageouts,full,category,EB-1,Uncapped,0.3270547179097132
2058,ageouts,historical,category,EB-2,Uncapped,27.153027963630127
2058,ageouts,projection,category,EB-2,Uncapped,54.343786527068744
2058,ageouts,full,category,EB-2,Uncapped,51.50731510894367
2058,ageouts,historical,category,EB-3,Uncapped,41.56373305884371
2058,ageouts,projection,category,EB-3,Uncapped,20.20190415297162
2058,ageouts,full,category,EB-3,Uncapped,22.430316316943312
2058,ageouts,historical,category,EB-4,Uncapped,30.382569909075315
2058,ageouts,projection,category,EB-4,Uncapped,24.78995374486748
2058,ageouts,full,category,EB-4,Uncapped,25.37336137085589
2058,ageouts,historical,category,EB-5,Uncapped,0.8878023674729799
2058,ageouts,projection,category,EB-5,Uncapped,0.3007083129364516
2058,ageouts,full,category,EB-5,Uncapped,0.36195248534741176
2058,exits,historical,overall,All,Uncapped,100.0
2058,exits,projection,overall,All,Uncapped,100.0
2058,exits,full,overall,All,Uncapped,100.0
2058,exits,historical,nationality,India,Uncapped,40.27523319529845
2058,exits,projection,nationality,India,Uncapped,17.432278429619313
2058,exits,full,nationality,India,Uncapped,21.599506745243534
2058,exits,historical,nationality,China,Uncapped,13.490191157401599
2058,exits,projection,nationality,China,Uncapped,8.936643242683234
2058,exits,full,nationality,China,Uncapped,9.767344612160898
2058,exits,historical,nationality,ROW,Uncapped,46.234575647299955
2058,exits,projection,nationality,ROW,Uncapped,73.63107832769745
2058,exits,full,nationality,ROW,Uncapped,68.63314864259557
2058,exits,historical,category,EB-1,Uncapped,0.9645710461371146
2058,exits,projection,category,EB-1,Uncapped,1.5472149291260386
2058,exits,full,category,EB-1,Uncapped,1.4409235096479989
2058,exits,historical,category,EB-2,Uncapped,28.627180323754548
2058,exits,projection,category,EB-2,Uncapped,26.35006799457537
2058,exits,full,category,EB-2,Uncapped,26.76548040830872
2058,exits,historical,category,EB-3,Uncapped,35.451541389551174
2058,exits,projection,category,EB-3,Uncapped,23.311825829351815
2058,exits,full,category,EB-3,Uncapped,25.526467802994173
2058,exits,historical,category,EB-4,Uncapped,34.16196093194462
2058,exits,projection,category,EB-4,Uncapped,48.470845400775985
2058,exits,full,category,EB-4,Uncapped,45.86048307527248
2058,exits,historical,category,EB-5,Uncapped,0.7947463086125403
2058,exits,projection,category,EB-5,Uncapped,0.32004584617079007
2058,exits,full,category,EB-5,Uncapped,0.4066452037766343
2058,ageouts,historical,overall,All,Capped,100.0
2058,ageouts,projection,overall,All,Capped,100.0
2058,ageouts,full,overall,All,Capped,100.0
2058,ageouts,historical,nationality,India,Capped,61.40847486704409
2058,ageouts,projection,nationality,India,Capped,72.76871500009365
2058,ageouts,full,nationality,India,Capped,71.85623585422401
2058,ageouts,historical,nationality,China,Capped,8.933779378967232
2058,ageouts,projection,nationality,China,Capped,7.001666885172214
2058,ageouts,full,nationality,China,Capped,7.156858354490994
2058,ageouts,historical,nationality,ROW,Capped,29.657745753988678
2058,ageouts,projection,nationality,ROW,Capped,20.22961811473414
2058,ageouts,full,nationality,ROW,Capped,20.986905791284997
2058,ageouts,historical,category,EB-1,Capped,0.012866700977869275
2058,ageouts,projection,category,EB-1,Capped,0.9128537448729234
2058,ageouts,full,category,EB-1,Capped,0.8405648320076065
2058,ageouts,historical,category,EB-2,Capped,27.153027963630127
2058,ageouts,projection,category,EB-2,Capped,56.47819002490963
2058,ageouts,full,category,EB-2,Capped,54.12272935534878
2058,ageouts,historical,category,EB-3,Capped,41.56373305884371
2058,ageouts,projection,category,EB-3,Capped,23.70348172981477
2058,ageouts,full,category,EB-3,Capped,25.138055883781576
2058,ageouts,historical,category,EB-4,Capped,30.382569909075315
2058,ageouts,projection,category,EB-4,Capped,18.472084355627143
2058,ageouts,full,category,EB-4,Capped,19.428760408018437
2058,ageouts,historical,category,EB-5,Capped,0.8878023674729799
2058,ageouts,projection,category,EB-5,Capped,0.4333901447755324
2058,ageouts,full,category,EB-5,Capped,0.46988952084359636
2058,exits,historical,overall,All,Capped,100.0
2058,exits,projection,overall,All,Capped,100.0
2058,exits,full,overall,All,Capped,100.0
2058,exits,historical,nationality,India,Capped,40.27523319529845
2058,exits,projection,nationality,India,Capped,30.625773815192787
2058,exits,full,nationality,India,Capped,32.35889838339612
2058,exits,historical,nationality,China,Capped,13.490191157401599
2058,exits,projection,nationality,China,Capped,9.569941904336295
2058,exits,full,nationality,China,Capped,10.274051847321912
2058,exits,historical,nationality,ROW,Capped,46.234575647299955
2058,exits,projection,nationality,ROW,Capped,59.80428428047092
2058,exits,full,nationality,ROW,Capped,57.36704976928197
2058,exits,historical,category,EB-1,Capped,0.9645710461371146
2058,exits,projection,category,EB-1,Capped,1.449735895501066
2058,exits,full,category,EB-1,Capped,1.362596182597054
2058,exits,historical,category,EB-2,Capped,28.627180323754548
2058,exits,projection,category,EB-2,Capped,28.266141143891165
2058,exits,full,category,EB-2,Capped,28.330986836075255
2058,exits,historical,category,EB-3,Capped,35.451541389551174
2058,exits,projection,category,EB-3,Capped,22.35904658642188
2058,exits,full,category,EB-3,Capped,24.710569455066707
2058,exits,historical,category,EB-4,Capped,34.16196093194462
2058,exits,projection,category,EB-4,Capped,47.56655726415578
2058,exits,full,category,EB-4,Capped,45.15897831956738
2058,exits,historical,category,EB-5,Capped,0.7947463086125403
2058,exits,projection,category,EB-5,Capped,0.3585191100301101
2058,exits,full,category,EB-5,Capped,0.4368692066936026
2059,ageouts,historical,overall,All,Uncapped,100.0
2059,ageouts,projection,overall,All,Uncapped,100.0
2059,ageouts,full,overall,All,Uncapped,100.0
2059,ageouts,historical,nationality,India,Uncapped,60.59033684926846
2059,ageouts,projection,nationality,India,Uncapped,36.830680173661364
2059,ageouts,full,nationality,India,Uncapped,39.325687130976945
2059,ageouts,historical,nationality,China,Uncapped,8.982647158897585
2059,ageouts,projection,nationality,China,Uncapped,7.391087379609761
2059,ageouts,full,nationality,China,Uncapped,7.55821743441327
2059,ageouts,historical,nationality,ROW,Uncapped,30.427015991833958
2059,ageouts,projection,nationality,ROW,Uncapped,55.77823244672888
2059,ageouts,full,nationality,ROW,Uncapped,53.11609543460978
2059,ageouts,historical,category,EB-1,Uncapped,0.01701258931609391
2059,ageouts,projection,category,EB-1,Uncapped,0.3657867159039872
2059,ageouts,full,category,EB-1,Uncapped,0.32916186545899545
2059,ageouts,historical,category,EB-2,Uncapped,26.964954066008847
2059,ageouts,projection,category,EB-2,Uncapped,54.343530116273264
2059,ageouts,full,category,EB-2,Uncapped,51.468499611437146
2059,ageouts,historical,category,EB-3,Uncapped,41.00459339911534
2059,ageouts,projection,category,EB-3,Uncapped,20.133240181645792
2059,ageouts,full,category,EB-3,Uncapped,22.324945735187715
2059,ageouts,historical,category,EB-4,Uncapped,31.099013269819668
2059,ageouts,projection,category,EB-4,Uncapped,24.88247916562703
2059,ageouts,full,category,EB-4,Uncapped,25.535278827344104
2059,ageouts,historical,category,EB-5,Uncapped,0.9144266757400477
2059,ageouts,projection,category,EB-5,Uncapped,0.27496382054992763
2059,ageouts,full,category,EB-5,Uncapped,0.34211396057203597
2059,exits,historical,overall,All,Uncapped,100.0
2059,exits,projection,overall,All,Uncapped,100.0
2059,exits,full,overall,All,Uncapped,100.0
2059,exits,historical,nationality,India,Uncapped,40.196826906630285
2059,exits,projection,nationality,India,Uncapped,17.45814463793828
2059,exits,full,nationality,India,Uncapped,21.61678186369695
2059,exits,historical,nationality,China,Uncapped,13.422860790227906
2059,exits,projection,nationality,China,Uncapped,8.909939773098651
2059,exits,full,nationality,China,Uncapped,9.735299884866551
2059,exits,historical,nationality,ROW,Uncapped,46.38031230314181
2059,exits,projection,nationality,ROW,Uncapped,73.63191558896307
2059,exits,full,nationality,ROW,Uncapped,68.6479182514365
2059,exits,historical,category,EB-1,Uncapped,0.9611894719715648
2059,exits,projection,category,EB-1,Uncapped,1.5559083057098837
2059,exits,full,category,EB-1,Uncapped,1.447141234178688
2059,exits,historical,category,EB-2,Uncapped,28.566601168946573
2059,exits,projection,category,EB-2,Uncapped,26.38526541855362
2059,exits,full,category,EB-2,Uncapped,26.784206040805614
2059,exits,historical,category,EB-3,Uncapped,35.377112510064535
2059,exits,projection,category,EB-3,Uncapped,23.256267799617163
2059,exits,full,category,EB-3,Uncapped,25.47302756717453
2059,exits,historical,category,EB-4,Uncapped,34.319970964068034
2059,exits,projection,category,EB-4,Uncapped,48.4876978383678
2059,exits,full,category,EB-4,Uncapped,45.89658742626767
2059,exits,historical,category,EB-5,Uncapped,0.7751258849492915
2059,exits,projection,category,EB-5,Uncapped,0.314860637751529
2059,exits,full,category,EB-5,Uncapped,0.3990377315734981
2059,ageouts,historical,overall,All,Capped,100.0
2059,ageouts,projection,overall,All,Capped,100.0
2059,ageouts,full,overall,All,Capped,100.0
2059,ageouts,historical,nationality,India,Capped,60.59033684926846
2059,ageouts,projection,nationality,India,Capped,72.6350365509656
2059,ageouts,full,nationality,India,Capped,71.6612221037791
2059,ageouts,historical,nationality,China,Capped,8.982647158897585
2059,ageouts,projection,nationality,China,Capped,7.01389460452379
2059,ageouts,full,nationality,China,Capped,7.173068326398679
2059,ageouts,historical,nationality,ROW,Capped,30.427015991833958
2059,ageouts,projection,nationality,ROW,Capped,20.35106884451062
2059,ageouts,full,nationality,ROW,Capped,21.16570956982222
2059,ageouts,historical,category,EB-1,Capped,0.01701258931609391
2059,ageouts,projection,category,EB-1,Capped,0.952869082447306
2059,ageouts,full,category,EB-1,Capped,0.8772050479694646
2059,ageouts,historical,category,EB-2,Capped,26.964954066008847
2059,ageouts,projection,category,EB-2,Capped,56.20244072159163
2059,ageouts,full,category,EB-2,Capped,53.83858876929954
2059,ageouts,historical,category,EB-3,Capped,41.00459339911534
2059,ageouts,projection,category,EB-3,Capped,23.85240443250604
2059,ageouts,full,category,EB-3,Capped,25.239159588734914
2059,ageouts,historical,category,EB-4,Capped,31.099013269819668
2059,ageouts,projection,category,EB-4,Capped,18.560931993505378
2059,ageouts,full,category,EB-4,Capped,19.574636360510297
2059,ageouts,historical,category,EB-5,Capped,0.9144266757400477
2059,ageouts,projection,category,EB-5,Capped,0.4313537699496442
2059,ageouts,full,category,EB-5,Capped,0.4704102334857811
2059,exits,historical,overall,All,Capped,100.0
2059,exits,projection,overall,All,Capped,100.0
2059,exits,full,overall,All,Capped,100.0
2059,exits,historical,nationality,India,Capped,40.196826906630285
2059,exits,projection,nationality,India,Capped,30.574748829947488
2059,exits,full,nationality,India,Capped,32.305805586806855
2059,exits,historical,nationality,China,Capped,13.422860790227906
2059,exits,projection,nationality,China,Capped,9.576310120199215
2059,exits,full,nationality,China,Capped,10.268322539438557
2059,exits,historical,nationality,ROW,Capped,46.38031230314181
2059,exits,projection,nationality,ROW,Capped,59.848941049853295
2059,exits,full,nationality,ROW,Capped,57.42587187375459
2059,exits,historical,category,EB-1,Capped,0.9611894719715648
2059,exits,projection,category,EB-1,Capped,1.45394010722202
2059,exits,full,category,EB-1,Capped,1.3652919680363618
2059,exits,historical,category,EB-2,Capped,28.566601168946573
2059,exits,projection,category,EB-2,Capped,28.27518610103909
2059,exits,full,category,EB-2,Capped,28.327613031929864
2059,exits,historical,category,EB-3,Capped,35.377112510064535
2059,exits,projection,category,EB-3,Capped,22.364979509209416
2059,exits,full,category,EB-3,Capped,24.70592296994346
2059,exits,historical,category,EB-4,Capped,34.319970964068034
2059,exits,projection,category,EB-4,Capped,47.564533635463434
2059,exits,full,category,EB-4,Capped,45.18177499213818
2059,exits,historical,category,EB-5,Capped,0.7751258849492915
2059,exits,projection,category,EB-5,Capped,0.34136064706603725
2059,exits,full,category,EB-5,Capped,0.41939703795212957
2060,ageouts,historical,overall,All,Uncapped,100.0
2060,ageouts,projection,overall,All,Uncapped,100.0
2060,ageouts,full,overall,All,Uncapped,100.0
2060,ageouts,historical,nationality,India,Uncapped,60.94553376906318
2060,ageouts,projection,nationality,India,Uncapped,36.86130289699678
2060,ageouts,full,nationality,India,Uncapped,39.34509472624654
2060,ageouts,historical,nationality,China,Uncapped,9.22875816993464
2060,ageouts,projection,nationality,China,Uncapped,7.2605292956419785
2060,ageouts,full,nationality,China,Uncapped,7.4635115217313155
2060,ageouts,historical,nationality,ROW,Uncapped,29.825708061002178
2060,ageouts,projection,nationality,ROW,Uncapped,55.87816780736124
2060,ageouts,full,nationality,ROW,Uncapped,53.191393752022144
2060,ageouts,historical,category,EB-1,Uncapped,0.017429193899782137
2060,ageouts,projection,category,EB-1,Uncapped,0.35172807711963766
2060,ageouts,full,category,EB-1,Uncapped,0.3172520401193515
2060,ageouts,historical,category,EB-2,Uncapped,26.723311546840957
2060,ageouts,projection,category,EB-2,Uncapped,54.29789664605734
2060,ageouts,full,category,EB-2,Uncapped,51.45414674479635
2060,ageouts,historical,category,EB-3,Uncapped,41.790849673202615
2060,ageouts,projection,category,EB-3,Uncapped,20.176264868277332
2060,ageouts,full,category,EB-3,Uncapped,22.4053636265593
2060,ageouts,historical,category,EB-4,Uncapped,30.540305010893245
2060,ageouts,projection,category,EB-4,Uncapped,24.875492268996823
2060,ageouts,full,category,EB-4,Uncapped,25.459700902325917
2060,ageouts,historical,category,EB-5,Uncapped,0.9281045751633987
2060,ageouts,projection,category,EB-5,Uncapped,0.2986181395488662
2060,ageouts,full,category,EB-5,Uncapped,0.3635366861990869
2060,exits,historical,overall,All,Uncapped,100.0
2060,exits,projection,overall,All,Uncapped,100.0
2060,exits,full,overall,All,Uncapped,100.0
2060,exits,historical,nationality,India,Uncapped,40.15665883511595
2060,exits,projection,nationality,India,Uncapped,17.485290176424503
2060,exits,full,nationality,India,Uncapped,21.630782472804523
2060,exits,historical,nationality,China,Uncapped,13.60019029416306
2060,exits,projection,nationality,China,Uncapped,8.901906183962208
2060,exits,full,nationality,China,Uncapped,9.760994176321926
2060,exits,historical,nationality,ROW,Uncapped,46.24315087072099
2060,exits,projection,nationality,ROW,Uncapped,73.61280363961329
2060,exits,full,nationality,ROW,Uncapped,68.60822335087356
2060,exits,historical,category,EB-1,Uncapped,0.9911154326062371
2060,exits,projection,category,EB-1,Uncapped,1.5314464792138824
2060,exits,full,category,EB-1,Uncapped,1.4326461718778616
2060,exits,historical,category,EB-2,Uncapped,28.528683923899028
2060,exits,projection,category,EB-2,Uncapped,26.364504805847137
2060,exits,full,category,EB-2,Uncapped,26.76022806353547
2060,exits,historical,category,EB-3,Uncapped,35.52575022221851
2060,exits,projection,category,EB-3,Uncapped,23.326731304913796
2060,exits,full,category,EB-3,Uncapped,25.557339421539062
2060,exits,historical,category,EB-4,Uncapped,34.17616398682964
2060,exits,projection,category,EB-4,Uncapped,48.454406317029964
2060,exits,full,category,EB-4,Uncapped,45.84360921532958
2060,exits,historical,category,EB-5,Uncapped,0.778286434446582
2060,exits,projection,category,EB-5,Uncapped,0.3229110929952198
2060,exits,full,category,EB-5,Uncapped,0.40617712771802167
2060,ageouts,historical,overall,All,Capped,100.0
2060,ageouts,projection,overall,All,Capped,100.0
2060,ageouts,full,overall,All,Capped,100.0
2060,ageouts,historical,nationality,India,Capped,60.94553376906318
2060,ageouts,projection,nationality,India,Capped,72.70515828691799
2060,ageouts,full,nationality,India,Capped,71.77370368325143
2060,ageouts,historical,nationality,China,Capped,9.22875816993464
2060,ageouts,projection,nationality,China,Capped,6.965299069694221
2060,ageouts,full,nationality,China,Capped,7.144582804130543
2060,ageouts,historical,nationality,ROW,Capped,29.825708061002178
2060,ageouts,projection,nationality,ROW,Capped,20.329542643387782
2060,ageouts,full,nationality,ROW,Capped,21.081713512618034
2060,ageouts,historical,category,EB-1,Capped,0.017429193899782137
2060,ageouts,projection,category,EB-1,Capped,0.9404259466104935
2060,ageouts,full,category,EB-1,Capped,0.8673173560108234
2060,ageouts,historical,category,EB-2,Capped,26.723311546840957
2060,ageouts,projection,category,EB-2,Capped,56.21565702377115
2060,ageouts,full,category,EB-2,Capped,53.879631674857805
2060,ageouts,historical,category,EB-3,Capped,41.790849673202615
2060,ageouts,projection,category,EB-3,Capped,24.023403824673718
2060,ageouts,full,category,EB-3,Capped,25.430725053840632
2060,ageouts,historical,category,EB-4,Capped,30.540305010893245
2060,ageouts,projection,category,EB-4,Capped,18.40146330127364
2060,ageouts,full,category,EB-4,Capped,19.36295488431167
2060,ageouts,historical,category,EB-5,Capped,0.9281045751633987
2060,ageouts,projection,category,EB-5,Capped,0.4190499036709971
2060,ageouts,full,category,EB-5,Capped,0.45937103097907117
2060,exits,historical,overall,All,Capped,100.0
2060,exits,projection,overall,All,Capped,100.0
2060,exits,full,overall,All,Capped,100.0
2060,exits,historical,nationality,India,Capped,40.15665883511595
2060,exits,projection,nationality,India,Capped,30.590413269145902
2060,exits,full,nationality,India,Capped,32.31159434980144
2060,exits,historical,nationality,China,Capped,13.60019029416306
2060,exits,projection,nationality,China,Capped,9.542234242614569
2060,exits,full,nationality,China,Capped,10.272351103392507
2060,exits,historical,nationality,ROW,Capped,46.24315087072099
2060,exits,projection,nationality,ROW,Capped,59.867352488239526
2060,exits,full,nationality,ROW,Capped,57.41605454680605
2060,exits,historical,category,EB-1,Capped,0.9911154326062371
2060,exits,projection,category,EB-1,Capped,1.4398224530267767
2060,exits,full,category,EB-1,Capped,1.3590900456283643
2060,exits,historical,category,EB-2,Capped,28.528683923899028
2060,exits,projection,category,EB-2,Capped,28.272652529073866
2060,exits,full,category,EB-2,Capped,28.31871829121513
2060,exits,historical,category,EB-3,Capped,35.52575022221851
2060,exits,projection,category,EB-3,Capped,22.361012178887364
2060,exits,full,category,EB-3,Capped,24.729642368830653
2060,exits,historical,category,EB-4,Capped,34.17616398682964
2060,exits,projection,category,EB-4,Capped,47.574202219703395
2060,exits,full,category,EB-4,Capped,45.163596118773405
2060,exits,historical,category,EB-5,Capped,0.778286434446582
2060,exits,projection,category,EB-5,Capped,0.3523106193085996
2060,exits,full,category,EB-5,Capped,0.4289531755524471
2061,ageouts,historical,overall,All,Uncapped,100.0
2061,ageouts,projection,overall,All,Uncapped,100.0
2061,ageouts,full,overall,All,Uncapped,100.0
2061,ageouts,historical,nationality,India,Uncapped,61.04348574132221
2061,ageouts,projection,nationality,India,Uncapped,36.71260729774938
2061,ageouts,full,nationality,India,Uncapped,39.25006840804389
2061,ageouts,historical,nationality,China,Uncapped,8.757365908211106
2061,ageouts,projection,nationality,China,Uncapped,7.37938080309298
2061,ageouts,full,nationality,China,Uncapped,7.523090518420829
2061,ageouts,historical,nationality,ROW,Uncapped,30.199148350466686
2061,ageouts,projection,nationality,ROW,Uncapped,55.90801189915764
2061,ageouts,full,nationality,ROW,Uncapped,53.22684107353528
2061,ageouts,historical,category,EB-1,Uncapped,0.012903780807776679
2061,ageouts,projection,category,EB-1,Uncapped,0.3565740842756839
2061,ageouts,full,category,EB-1,Uncapped,0.3207327959376836
2061,ageouts,historical,category,EB-2,Uncapped,26.775345176136607
2061,ageouts,projection,category,EB-2,Uncapped,54.2263043500035
2061,ageouts,full,category,EB-2,Uncapped,51.363450815737885
2061,ageouts,historical,category,EB-3,Uncapped,41.52866789969461
2061,ageouts,projection,category,EB-3,Uncapped,20.187501878023618
2061,ageouts,full,category,EB-3,Uncapped,22.413166641994913
2061,ageouts,historical,category,EB-4,Uncapped,30.81422856897071
2061,ageouts,projection,category,EB-4,Uncapped,24.92863510251505
2061,ageouts,full,category,EB-4,Uncapped,25.542442144737965
2061,ageouts,historical,category,EB-5,Uncapped,0.8688545743902963
2061,ageouts,projection,category,EB-5,Uncapped,0.30098458518214327
2061,ageouts,full,category,EB-5,Uncapped,0.3602076015915524
2061,exits,historical,overall,All,Uncapped,100.0
2061,exits,projection,overall,All,Uncapped,100.0
2061,exits,full,overall,All,Uncapped,100.0
2061,exits,historical,nationality,India,Uncapped,40.08754506609694
2061,exits,projection,nationality,India,Uncapped,17.40651401857813
2061,exits,full,nationality,India,Uncapped,21.55421270270291
2061,exits,historical,nationality,China,Uncapped,13.458906396047537
2061,exits,projection,nationality,China,Uncapped,8.975102467340724
2061,exits,full,nationality,China,Uncapped,9.795059356249672
2061,exits,historical,nationality,ROW,Uncapped,46.45354853785552
2061,exits,projection,nationality,ROW,Uncapped,73.61838351408115
2061,exits,full,nationality,ROW,Uncapped,68.65072794104742
2061,exits,historical,category,EB-1,Uncapped,0.9776839364401122
2061,exits,projection,category,EB-1,Uncapped,1.5251734870833717
2061,exits,full,category,EB-1,Uncapped,1.425053625511932
2061,exits,historical,category,EB-2,Uncapped,28.73714781679797
2061,exits,projection,category,EB-2,Uncapped,26.404682727120765
2061,exits,full,category,EB-2,Uncapped,26.831222524317482
2061,exits,historical,category,EB-3,Uncapped,35.189110695687006
2061,exits,projection,category,EB-3,Uncapped,23.331082740568288
2061,exits,full,category,EB-3,Uncapped,25.499570003899343
2061,exits,historical,category,EB-4,Uncapped,34.27276672452931
2061,exits,projection,category,EB-4,Uncapped,48.42183018950738
2061,exits,full,category,EB-4,Uncapped,45.83437939009994
2061,exits,historical,category,EB-5,Uncapped,0.8232908265456003
2061,exits,projection,category,EB-5,Uncapped,0.3172308557201943
2061,exits,full,category,EB-5,Uncapped,0.40977445617130254
2061,ageouts,historical,overall,All,Capped,100.0
2061,ageouts,projection,overall,All,Capped,100.0
2061,ageouts,full,overall,All,Capped,100.0
2061,ageouts,historical,nationality,India,Capped,61.04348574132221
2061,ageouts,projection,nationality,India,Capped,72.39342866107849
2061,ageouts,full,nationality,India,Capped,71.48650831566177
2061,ageouts,historical,nationality,China,Capped,8.757365908211106
2061,ageouts,projection,nationality,China,Capped,7.1028882214950615
2061,ageouts,full,nationality,China,Capped,7.235089721161546
2061,ageouts,historical,nationality,ROW,Capped,30.199148350466686
2061,ageouts,projection,nationality,ROW,Capped,20.50368311742645
2061,ageouts,full,nationality,ROW,Capped,21.27840196317669
2061,ageouts,historical,category,EB-1,Capped,0.012903780807776679
2061,ageouts,projection,category,EB-1,Capped,0.9286237243563883
2061,ageouts,full,category,EB-1,Capped,0.8554528676058661
2061,ageouts,historical,category,EB-2,Capped,26.775345176136607
2061,ageouts,projection,category,EB-2,Capped,56.1234628774635
2061,ageouts,full,category,EB-2,Capped,53.77839337084174
2061,ageouts,historical,category,EB-3,Capped,41.52866789969461
2061,ageouts,projection,category,EB-3,Capped,23.905523929057033
2061,ageouts,full,category,EB-3,Capped,25.313706149018582
2061,ageouts,historical,category,EB-4,Capped,30.81422856897071
2061,ageouts,projection,category,EB-4,Capped,18.625143813408638
2061,ageouts,full,category,EB-4,Capped,19.59911602058036
2061,ageouts,historical,category,EB-5,Capped,0.8688545743902963
2061,ageouts,projection,category,EB-5,Capped,0.4172456557144351
2061,ageouts,full,category,EB-5,Capped,0.4533315919534502
2061,exits,historical,overall,All,Capped,100.0
2061,exits,projection,overall,All,Capped,100.0
2061,exits,full,overall,All,Capped,100.0
2061,exits,historical,nationality,India,Capped,40.08754506609694
2061,exits,projection,nationality,India,Capped,30.592117014581937
2061,exits,full,nationality,India,Capped,32.301341279206454
2061,exits,historical,nationality,China,Capped,13.458906396047537
2061,exits,projection,nationality,China,Capped,9.584654293835355
2061,exits,full,nationality,China,Capped,10.282038936681136
2061,exits,historical,nationality,ROW,Capped,46.45354853785552
2061,exits,projection,nationality,ROW,Capped,59.823228691582706
2061,exits,full,nationality,ROW,Capped,57.41661978411241
2061,exits,historical,category,EB-1,Capped,0.9776839364401122
2061,exits,projection,category,EB-1,Capped,1.4477513366853136
2061,exits,full,category,EB-1,Capped,1.363136867263909
2061,exits,historical,category,EB-2,Capped,28.73714781679797
2061,exits,projection,category,EB-2,Capped,28.27195924128853
2061,exits,full,category,EB-2,Capped,28.355695497997882
2061,exits,historical,category,EB-3,Capped,35.189110695687006
2061,exits,projection,category,EB-3,Capped,22.401719164636944
2061,exits,full,category,EB-3,Capped,24.703513224635913
2061,exits,historical,category,EB-4,Capped,34.27276672452931
2061,exits,projection,category,EB-4,Capped,47.52838023143869
2061,exits,full,category,EB-4,Capped,45.14230388758402
2061,exits,historical,category,EB-5,Capped,0.8232908265456003
2061,exits,projection,category,EB-5,Capped,0.35019002595051907
2061,exits,full,category,EB-5,Capped,0.43535052251827294
2062,ageouts,historical,overall,All,Uncapped,100.0
2062,ageouts,projection,overall,All,Uncapped,100.0
2062,ageouts,full,overall,All,Uncapped,100.0
2062,ageouts,historical,nationality,India,Uncapped,60.7643366864414
2062,ageouts,projection,nationality,India,Uncapped,36.95613070850405
2062,ageouts,full,nationality,India,Uncapped,39.43518858380856
2062,ageouts,historical,nationality,China,Uncapped,9.302725475023644
2062,ageouts,projection,nationality,China,Uncapped,7.39682222444289
2062,ageouts,full,nationality,China,Uncapped,7.595276676126445
2062,ageouts,historical,nationality,ROW,Uncapped,29.93293783853495
2062,ageouts,projection,nationality,ROW,Uncapped,55.647047067053066
2062,ageouts,full,nationality,ROW,Uncapped,52.969534740064994
2062,ageouts,historical,category,EB-1,Uncapped,0.0
2062,ageouts,projection,category,EB-1,Uncapped,0.36124712701109224
2062,ageouts,full,category,EB-1,Uncapped,0.323631838569037
2062,ageouts,historical,category,EB-2,Uncapped,26.7560828819534
2062,ageouts,projection,category,EB-2,Uncapped,54.372938942740085
2062,ageouts,full,category,EB-2,Uncapped,51.497300829894094
2062,ageouts,historical,category,EB-3,Uncapped,41.63442524288539
2062,ageouts,projection,category,EB-3,Uncapped,20.03197761566903
2062,ageouts,full,category,EB-3,Uncapped,22.281358268950143
2062,ageouts,historical,category,EB-4,Uncapped,30.74542171782306
2062,ageouts,projection,category,EB-4,Uncapped,24.94903567502748
2062,ageouts,full,category,EB-4,Uncapped,25.552591292826385
2062,ageouts,historical,category,EB-5,Uncapped,0.8640701573381481
2062,ageouts,projection,category,EB-5,Uncapped,0.2848006395523134
2062,ageouts,full,category,EB-5,Uncapped,0.34511776976034236
2062,exits,historical,overall,All,Uncapped,100.0
2062,exits,projection,overall,All,Uncapped,100.0
2062,exits,full,overall,All,Uncapped,100.0
2062,exits,historical,nationality,India,Uncapped,40.18773294068927
2062,exits,projection,nationality,India,Uncapped,17.427942385640648
2062,exits,full,nationality,India,Uncapped,21.57970961411091
2062,exits,historical,nationality,China,Uncapped,13.506481555071257
2062,exits,projection,nationality,China,Uncapped,8.89694428863551
2062,exits,full,nationality,China,Uncapped,9.737801137248079
2062,exits,historical,nationality,ROW,Uncapped,46.305785504239466
2062,exits,projection,nationality,ROW,Uncapped,73.67511332572384
2062,exits,full,nationality,ROW,Uncapped,68.682489248641
2062,exits,historical,category,EB-1,Uncapped,0.9428477012335661
2062,exits,projection,category,EB-1,Uncapped,1.529582283761826
2062,exits,full,category,EB-1,Uncapped,1.4225520628263941
2062,exits,historical,category,EB-2,Uncapped,28.61003166529325
2062,exits,projection,category,EB-2,Uncapped,26.350739032113854
2062,exits,full,category,EB-2,Uncapped,26.76287187188104
2062,exits,historical,category,EB-3,Uncapped,35.25514195002991
2062,exits,projection,category,EB-3,Uncapped,23.31322698090192
2062,exits,full,category,EB-3,Uncapped,25.491632405771092
2062,exits,historical,category,EB-4,Uncapped,34.356634025340604
2062,exits,projection,category,EB-4,Uncapped,48.48642377894274
2062,exits,full,category,EB-4,Uncapped,45.90891332680164
2062,exits,historical,category,EB-5,Uncapped,0.8353446581026759
2062,exits,projection,category,EB-5,Uncapped,0.3200279242796572
2062,exits,full,category,EB-5,Uncapped,0.414030332719842
2062,ageouts,historical,overall,All,Capped,100.0
2062,ageouts,projection,overall,All,Capped,100.0
2062,ageouts,full,overall,All,Capped,100.0
2062,ageouts,historical,nationality,India,Capped,60.7643366864414
2062,ageouts,projection,nationality,India,Capped,72.45996187378057
2062,ageouts,full,nationality,India,Capped,71.52605906240238
2062,ageouts,historical,nationality,China,Capped,9.302725475023644
2062,ageouts,projection,nationality,China,Capped,7.049246988513637
2062,ageouts,full,nationality,China,Capped,7.229188621408147
2062,ageouts,historical,nationality,ROW,Capped,29.93293783853495
2062,ageouts,projection,nationality,ROW,Capped,20.490791137705788
2062,ageouts,full,nationality,ROW,Capped,21.24475231618947
2062,ageouts,historical,category,EB-1,Capped,0.0
2062,ageouts,projection,category,EB-1,Capped,0.8912283581477074
2062,ageouts,full,category,EB-1,Capped,0.8200632296554636
2062,ageouts,historical,category,EB-2,Capped,26.7560828819534
2062,ageouts,projection,category,EB-2,Capped,56.0992624702955
2062,ageouts,full,category,EB-2,Capped,53.75619166618037
2062,ageouts,historical,category,EB-3,Capped,41.63442524288539
2062,ageouts,projection,category,EB-3,Capped,23.862089033302617
2062,ageouts,full,category,EB-3,Capped,25.28122092963384
2062,ageouts,historical,category,EB-4,Capped,30.74542171782306
2062,ageouts,projection,category,EB-4,Capped,18.703857761595483
2062,ageouts,full,category,EB-4,Capped,19.665383994864737
2062,ageouts,historical,category,EB-5,Capped,0.8640701573381481
2062,ageouts,projection,category,EB-5,Capped,0.44356237665869575
2062,ageouts,full,category,EB-5,Capped,0.47714017966558997
2062,exits,historical,overall,All,Capped,100.0
2062,exits,projection,overall,All,Capped,100.0
2062,exits,full,overall,All,Capped,100.0
2062,exits,historical,nationality,India,Capped,40.18773294068927
2062,exits,projection,nationality,India,Capped,30.619524921049017
2062,exits,full,nationality,India,Capped,32.33742366766228
2062,exits,historical,nationality,China,Capped,13.506481555071257
2062,exits,projection,nationality,China,Capped,9.58222344272049
2062,exits,full,nationality,China,Capped,10.286794045570716
2062,exits,historical,nationality,ROW,Capped,46.305785504239466
2062,exits,projection,nationality,ROW,Capped,59.79825163623049
2062,exits,full,nationality,ROW,Capped,57.375782286767006
2062,exits,historical,category,EB-1,Capped,0.9428477012335661
2062,exits,projection,category,EB-1,Capped,1.4626756373289396
2062,exits,full,category,EB-1,Capped,1.3693444975753146
2062,exits,historical,category,EB-2,Capped,28.61003166529325
2062,exits,projection,category,EB-2,Capped,28.267106046043295
2062,exits,full,category,EB-2,Capped,28.328675724532918
2062,exits,historical,category,EB-3,Capped,35.25514195002991
2062,exits,projection,category,EB-3,Capped,22.388393061467344
2062,exits,full,category,EB-3,Capped,24.698519653957565
2062,exits,historical,category,EB-4,Capped,34.356634025340604
2062,exits,projection,category,EB-4,Capped,47.53416632340153
2062,exits,full,category,EB-4,Capped,45.16824094094463
2062,exits,historical,category,EB-5,Capped,0.8353446581026759
2062,exits,projection,category,EB-5,Capped,0.34765893175889057
2062,exits,full,category,EB-5,Capped,0.4352191829895765
2063,ageouts,historical,overall,All,Uncapped,100.0
2063,ageouts,projection,overall,All,Uncapped,100.0
2063,ageouts,full,overall,All,Uncapped,100.0
2063,ageouts,historical,nationality,India,Uncapped,61.16061911056155
2063,ageouts,projection,nationality,India,Uncapped,36.633905652273796
2063,ageouts,full,nationality,India,Uncapped,39.205421764845255
2063,ageouts,historical,nationality,China,Uncapped,8.685456018419819
2063,ageouts,projection,nationality,China,Uncapped,7.414676534923441
2063,ageouts,full,nationality,China,Uncapped,7.547912075139366
2063,ageouts,historical,nationality,ROW,Uncapped,30.15392487101863
2063,ageouts,projection,nationality,ROW,Uncapped,55.95141781280277
2063,ageouts,full,nationality,ROW,Uncapped,53.24666616001538
2063,ageouts,historical,category,EB-1,Uncapped,0.004263846842621413
2063,ageouts,projection,category,EB-1,Uncapped,0.3900358573297776
2063,ageouts,full,category,EB-1,Uncapped,0.3495893889338418
2063,ageouts,historical,category,EB-2,Uncapped,27.237453630665588
2063,ageouts,projection,category,EB-2,Uncapped,54.24594732268601
2063,ageouts,full,category,EB-2,Uncapped,51.41422766226625
2063,ageouts,historical,category,EB-3,Uncapped,40.79648659020168
2063,ageouts,projection,category,EB-3,Uncapped,20.101079715138983
2063,ageouts,full,category,EB-3,Uncapped,22.27090048325592
2063,ageouts,historical,category,EB-4,Uncapped,31.010958086385536
2063,ageouts,projection,category,EB-4,Uncapped,24.97727704032202
2063,ageouts,full,category,EB-4,Uncapped,25.60988148830306
2063,ageouts,historical,category,EB-5,Uncapped,0.9508378459045751
2063,ageouts,projection,category,EB-5,Uncapped,0.28566006452321735
2063,ageouts,full,category,EB-5,Uncapped,0.3554009772409261
2063,exits,historical,overall,All,Uncapped,100.0
2063,exits,projection,overall,All,Uncapped,100.0
2063,exits,full,overall,All,Uncapped,100.0
2063,exits,historical,nationality,India,Uncapped,40.27083150536691
2063,exits,projection,nationality,India,Uncapped,17.449837789347157
2063,exits,full,nationality,India,Uncapped,21.613804291808847
2063,exits,historical,nationality,China,Uncapped,13.641434462703218
2063,exits,projection,nationality,China,Uncapped,8.904194537151788
2063,exits,full,nationality,China,Uncapped,9.768561295654216
2063,exits,historical,nationality,ROW,Uncapped,46.08773403192987
2063,exits,projection,nationality,ROW,Uncapped,73.64596767350106
2063,exits,full,nationality,ROW,Uncapped,68.61763441253693
2063,exits,historical,category,EB-1,Uncapped,0.9893998838457907
2063,exits,projection,category,EB-1,Uncapped,1.525218417879633
2063,exits,full,category,EB-1,Uncapped,1.427451841415925
2063,exits,historical,category,EB-2,Uncapped,28.713487676372647
2063,exits,projection,category,EB-2,Uncapped,26.367087509826355
2063,exits,full,category,EB-2,Uncapped,26.795216618332738
2063,exits,historical,category,EB-3,Uncapped,35.348483519054724
2063,exits,projection,category,EB-3,Uncapped,23.35348494131229
2063,exits,full,category,EB-3,Uncapped,25.542117605442673
2063,exits,historical,category,EB-4,Uncapped,34.142652410617664
2063,exits,projection,category,EB-4,Uncapped,48.43538290386443
2063,exits,full,category,EB-4,Uncapped,45.82750124265461
2063,exits,historical,category,EB-5,Uncapped,0.8059765101091766
2063,exits,projection,category,EB-5,Uncapped,0.3188262271172943
2063,exits,full,category,EB-5,Uncapped,0.4077126921540465
2063,ageouts,historical,overall,All,Capped,100.0
2063,ageouts,projection,overall,All,Capped,100.0
2063,ageouts,full,overall,All,Capped,100.0
2063,ageouts,historical,nationality,India,Capped,61.16061911056155
2063,ageouts,projection,nationality,India,Capped,72.40048702819144
2063,ageouts,full,nationality,India,Capped,71.49267506491539
2063,ageouts,historical,nationality,China,Capped,8.685456018419819
2063,ageouts,projection,nationality,China,Capped,7.039430551653086
2063,ageouts,full,nationality,China,Capped,7.172375317689356
2063,ageouts,historical,nationality,ROW,Capped,30.15392487101863
2063,ageouts,projection,nationality,ROW,Capped,20.560082420155474
2063,ageouts,full,nationality,ROW,Capped,21.334949617395257
2063,ageouts,historical,category,EB-1,Capped,0.004263846842621413
2063,ageouts,projection,category,EB-1,Capped,0.9290999344385127
2063,ageouts,full,category,EB-1,Capped,0.8544035705184277
2063,ageouts,historical,category,EB-2,Capped,27.237453630665588
2063,ageouts,projection,category,EB-2,Capped,56.08504261496675
2063,ageouts,full,category,EB-2,Capped,53.755105414322024
2063,ageouts,historical,category,EB-3,Capped,40.79648659020168
2063,ageouts,projection,category,EB-3,Capped,23.802566263931816
2063,ageouts,full,category,EB-3,Capped,25.17511657219211
2063,ageouts,historical,category,EB-4,Capped,31.010958086385536
2063,ageouts,projection,category,EB-4,Capped,18.756204926477476
2063,ageouts,full,category,EB-4,Capped,19.74598626617719
2063,ageouts,historical,category,EB-5,Capped,0.9508378459045751
2063,ageouts,projection,category,EB-5,Capped,0.4270862601854454
2063,ageouts,full,category,EB-5,Capped,0.4693881767902527
2063,exits,historical,overall,All,Capped,100.0
2063,exits,projection,overall,All,Capped,100.0
2063,exits,full,overall,All,Capped,100.0
2063,exits,historical,nationality,India,Capped,40.27083150536691
2063,exits,projection,nationality,India,Capped,30.707260981085145
2063,exits,full,nationality,India,Capped,32.42447795144802
2063,exits,historical,nationality,China,Capped,13.641434462703218
2063,exits,projection,nationality,China,Capped,9.571455350978662
2063,exits,full,nationality,China,Capped,10.30225324512612
2063,exits,historical,nationality,ROW,Capped,46.08773403192987
2063,exits,projection,nationality,ROW,Capped,59.72128366793619
2063,exits,full,nationality,ROW,Capped,57.27326880342586
2063,exits,historical,category,EB-1,Capped,0.9893998838457907
2063,exits,projection,category,EB-1,Capped,1.4234833140542344
2063,exits,full,category,EB-1,Capped,1.3455400991205786
2063,exits,historical,category,EB-2,Capped,28.713487676372647
2063,exits,projection,category,EB-2,Capped,28.354997553916704
2063,exits,full,category,EB-2,Capped,28.419367374835137
2063,exits,historical,category,EB-3,Capped,35.348483519054724
2063,exits,projection,category,EB-3,Capped,22.434835883813328
2063,exits,full,category,EB-3,Capped,24.753586481429522
2063,exits,historical,category,EB-4,Capped,34.142652410617664
2063,exits,projection,category,EB-4,Capped,47.436916197643534
2063,exits,full,category,EB-4,Capped,45.049822870355506
2063,exits,historical,category,EB-5,Capped,0.8059765101091766
2063,exits,projection,category,EB-5,Capped,0.3497670505722006
2063,exits,full,category,EB-5,Capped,0.431683174259259
