case,role,scenario,year,outcome,dimension,group,threshold_age,quantity,n,mean,sd_across_runs,mcse_mean,mean_ci95_low,mean_ci95_high,positive_runs,zero_runs,negative_runs
catchall_60_65,primary,Uncapped,2024,converted,overall,All EB,60,denominator,50,76766.28,139.78789179996082,19.768993243904735,76726.55272071407,76806.00727928593,50,0,0
catchall_60_65,primary,Uncapped,2024,converted,overall,All EB,65,denominator,50,76766.28,139.78789179996082,19.768993243904735,76726.55272071407,76806.00727928593,50,0,0
catchall_60_65,primary,Uncapped,2024,converted,overall,All EB,70,denominator,50,76766.28,139.78789179996082,19.768993243904735,76726.55272071407,76806.00727928593,50,0,0
catchall_60_65,primary,Uncapped,2024,converted,overall,All EB,75,denominator,50,76766.28,139.78789179996082,19.768993243904735,76726.55272071407,76806.00727928593,50,0,0
catchall_60_65,primary,Uncapped,2024,converted,overall,All EB,80,denominator,50,76766.28,139.78789179996082,19.768993243904735,76726.55272071407,76806.00727928593,50,0,0
catchall_60_65,primary,Uncapped,2024,converted,category,EB-1,60,denominator,50,20358.92,59.468338343240454,8.41009306168026,20342.019285241295,20375.8207147587,50,0,0
catchall_60_65,primary,Uncapped,2024,converted,category,EB-1,65,denominator,50,20358.92,59.468338343240454,8.41009306168026,20342.019285241295,20375.8207147587,50,0,0
catchall_60_65,primary,Uncapped,2024,converted,category,EB-1,70,denominator,50,20358.92,59.468338343240454,8.41009306168026,20342.019285241295,20375.8207147587,50,0,0
catchall_60_65,primary,Uncapped,2024,converted,category,EB-1,75,denominator,50,20358.92,59.468338343240454,8.41009306168026,20342.019285241295,20375.8207147587,50,0,0
catchall_60_65,primary,Uncapped,2024,converted,category,EB-1,80,denominator,50,20358.92,59.468338343240454,8.41009306168026,20342.019285241295,20375.8207147587,50,0,0
catchall_60_65,primary,Uncapped,2024,converted,category,EB-2,60,denominator,50,21842.96,74.80422338835352,10.578914723859622,21821.700874935228,21864.21912506477,50,0,0
catchall_60_65,primary,Uncapped,2024,converted,category,EB-2,65,denominator,50,21842.96,74.80422338835352,10.578914723859622,21821.700874935228,21864.21912506477,50,0,0
catchall_60_65,primary,Uncapped,2024,converted,category,EB-2,70,denominator,50,21842.96,74.80422338835352,10.578914723859622,21821.700874935228,21864.21912506477,50,0,0
catchall_60_65,primary,Uncapped,2024,converted,category,EB-2,75,denominator,50,21842.96,74.80422338835352,10.578914723859622,21821.700874935228,21864.21912506477,50,0,0
catchall_60_65,primary,Uncapped,2024,converted,category,EB-2,80,denominator,50,21842.96,74.80422338835352,10.578914723859622,21821.700874935228,21864.21912506477,50,0,0
catchall_60_65,primary,Uncapped,2024,converted,category,EB-3,60,denominator,50,22850.36,88.53841781154341,12.521223126014029,22825.19766006739,22875.52233993261,50,0,0
catchall_60_65,primary,Uncapped,2024,converted,category,EB-3,65,denominator,50,22850.36,88.53841781154341,12.521223126014029,22825.19766006739,22875.52233993261,50,0,0
catchall_60_65,primary,Uncapped,2024,converted,category,EB-3,70,denominator,50,22850.36,88.53841781154341,12.521223126014029,22825.19766006739,22875.52233993261,50,0,0
catchall_60_65,primary,Uncapped,2024,converted,category,EB-3,75,denominator,50,22850.36,88.53841781154341,12.521223126014029,22825.19766006739,22875.52233993261,50,0,0
catchall_60_65,primary,Uncapped,2024,converted,category,EB-3,80,denominator,50,22850.36,88.53841781154341,12.521223126014029,22825.19766006739,22875.52233993261,50,0,0
catchall_60_65,primary,Uncapped,2024,converted,category,EB-4,60,denominator,50,6962.74,48.19213671146286,6.81539733370891,6949.043946286982,6976.436053713018,50,0,0
catchall_60_65,primary,Uncapped,2024,converted,category,EB-4,65,denominator,50,6962.74,48.19213671146286,6.81539733370891,6949.043946286982,6976.436053713018,50,0,0
catchall_60_65,primary,Uncapped,2024,converted,category,EB-4,70,denominator,50,6962.74,48.19213671146286,6.81539733370891,6949.043946286982,6976.436053713018,50,0,0
catchall_60_65,primary,Uncapped,2024,converted,category,EB-4,75,denominator,50,6962.74,48.19213671146286,6.81539733370891,6949.043946286982,6976.436053713018,50,0,0
catchall_60_65,primary,Uncapped,2024,converted,category,EB-4,80,denominator,50,6962.74,48.19213671146286,6.81539733370891,6949.043946286982,6976.436053713018,50,0,0
catchall_60_65,primary,Uncapped,2024,converted,category,EB-5,60,denominator,50,4751.3,29.407933123771976,4.1589097864999305,4742.942357879596,4759.6576421204045,50,0,0
catchall_60_65,primary,Uncapped,2024,converted,category,EB-5,65,denominator,50,4751.3,29.407933123771976,4.1589097864999305,4742.942357879596,4759.6576421204045,50,0,0
catchall_60_65,primary,Uncapped,2024,converted,category,EB-5,70,denominator,50,4751.3,29.407933123771976,4.1589097864999305,4742.942357879596,4759.6576421204045,50,0,0
catchall_60_65,primary,Uncapped,2024,converted,category,EB-5,75,denominator,50,4751.3,29.407933123771976,4.1589097864999305,4742.942357879596,4759.6576421204045,50,0,0
catchall_60_65,primary,Uncapped,2024,converted,category,EB-5,80,denominator,50,4751.3,29.407933123771976,4.1589097864999305,4742.942357879596,4759.6576421204045,50,0,0
catchall_60_65,primary,Uncapped,2024,converted,nationality,India,60,denominator,50,8785.92,78.43854737490818,11.092885751043967,8763.628011486398,8808.211988513602,50,0,0
catchall_60_65,primary,Uncapped,2024,converted,nationality,India,65,denominator,50,8785.92,78.43854737490818,11.092885751043967,8763.628011486398,8808.211988513602,50,0,0
catchall_60_65,primary,Uncapped,2024,converted,nationality,India,70,denominator,50,8785.92,78.43854737490818,11.092885751043967,8763.628011486398,8808.211988513602,50,0,0
catchall_60_65,primary,Uncapped,2024,converted,nationality,India,75,denominator,50,8785.92,78.43854737490818,11.092885751043967,8763.628011486398,8808.211988513602,50,0,0
catchall_60_65,primary,Uncapped,2024,converted,nationality,India,80,denominator,50,8785.92,78.43854737490818,11.092885751043967,8763.628011486398,8808.211988513602,50,0,0
catchall_60_65,primary,Uncapped,2024,converted,nationality,China,60,denominator,50,9644.88,76.92791218712092,10.87924967400729,9623.017329256569,9666.74267074343,50,0,0
catchall_60_65,primary,Uncapped,2024,converted,nationality,China,65,denominator,50,9644.88,76.92791218712092,10.87924967400729,9623.017329256569,9666.74267074343,50,0,0
catchall_60_65,primary,Uncapped,2024,converted,nationality,China,70,denominator,50,9644.88,76.92791218712092,10.87924967400729,9623.017329256569,9666.74267074343,50,0,0
catchall_60_65,primary,Uncapped,2024,converted,nationality,China,75,denominator,50,9644.88,76.92791218712092,10.87924967400729,9623.017329256569,9666.74267074343,50,0,0
catchall_60_65,primary,Uncapped,2024,converted,nationality,China,80,denominator,50,9644.88,76.92791218712092,10.87924967400729,9623.017329256569,9666.74267074343,50,0,0
catchall_60_65,primary,Uncapped,2024,converted,nationality,ROW,60,denominator,50,58335.48,150.76420838717738,21.321278822158977,58292.63328605506,58378.326713944945,50,0,0
catchall_60_65,primary,Uncapped,2024,converted,nationality,ROW,65,denominator,50,58335.48,150.76420838717738,21.321278822158977,58292.63328605506,58378.326713944945,50,0,0
catchall_60_65,primary,Uncapped,2024,converted,nationality,ROW,70,denominator,50,58335.48,150.76420838717738,21.321278822158977,58292.63328605506,58378.326713944945,50,0,0
catchall_60_65,primary,Uncapped,2024,converted,nationality,ROW,75,denominator,50,58335.48,150.76420838717738,21.321278822158977,58292.63328605506,58378.326713944945,50,0,0
catchall_60_65,primary,Uncapped,2024,converted,nationality,ROW,80,denominator,50,58335.48,150.76420838717738,21.321278822158977,58292.63328605506,58378.326713944945,50,0,0
catchall_60_65,primary,Uncapped,2040,converted,overall,All EB,60,denominator,50,83777.8,138.27080793331112,19.55444518595739,83738.5038711785,83817.0961288215,50,0,0
catchall_60_65,primary,Uncapped,2040,converted,overall,All EB,65,denominator,50,83777.8,138.27080793331112,19.55444518595739,83738.5038711785,83817.0961288215,50,0,0
catchall_60_65,primary,Uncapped,2040,converted,overall,All EB,70,denominator,50,83777.8,138.27080793331112,19.55444518595739,83738.5038711785,83817.0961288215,50,0,0
catchall_60_65,primary,Uncapped,2040,converted,overall,All EB,75,denominator,50,83777.8,138.27080793331112,19.55444518595739,83738.5038711785,83817.0961288215,50,0,0
catchall_60_65,primary,Uncapped,2040,converted,overall,All EB,80,denominator,50,83777.8,138.27080793331112,19.55444518595739,83738.5038711785,83817.0961288215,50,0,0
catchall_60_65,primary,Uncapped,2040,converted,category,EB-1,60,denominator,50,20658.42,63.53886485403068,8.985752441436137,20640.362454406713,20676.477545593283,50,0,0
catchall_60_65,primary,Uncapped,2040,converted,category,EB-1,65,denominator,50,20658.42,63.53886485403068,8.985752441436137,20640.362454406713,20676.477545593283,50,0,0
catchall_60_65,primary,Uncapped,2040,converted,category,EB-1,70,denominator,50,20658.42,63.53886485403068,8.985752441436137,20640.362454406713,20676.477545593283,50,0,0
catchall_60_65,primary,Uncapped,2040,converted,category,EB-1,75,denominator,50,20658.42,63.53886485403068,8.985752441436137,20640.362454406713,20676.477545593283,50,0,0
catchall_60_65,primary,Uncapped,2040,converted,category,EB-1,80,denominator,50,20658.42,63.53886485403068,8.985752441436137,20640.362454406713,20676.477545593283,50,0,0
catchall_60_65,primary,Uncapped,2040,converted,category,EB-2,60,denominator,50,24305.28,56.742900302098384,8.024657917561193,24289.153846162433,24321.406153837564,50,0,0
catchall_60_65,primary,Uncapped,2040,converted,category,EB-2,65,denominator,50,24305.28,56.742900302098384,8.024657917561193,24289.153846162433,24321.406153837564,50,0,0
catchall_60_65,primary,Uncapped,2040,converted,category,EB-2,70,denominator,50,24305.28,56.742900302098384,8.024657917561193,24289.153846162433,24321.406153837564,50,0,0
catchall_60_65,primary,Uncapped,2040,converted,category,EB-2,75,denominator,50,24305.28,56.742900302098384,8.024657917561193,24289.153846162433,24321.406153837564,50,0,0
catchall_60_65,primary,Uncapped,2040,converted,category,EB-2,80,denominator,50,24305.28,56.742900302098384,8.024657917561193,24289.153846162433,24321.406153837564,50,0,0
catchall_60_65,primary,Uncapped,2040,converted,category,EB-3,60,denominator,50,23701.42,78.67216658970547,11.125924497243696,23679.061617640167,23723.77838235983,50,0,0
catchall_60_65,primary,Uncapped,2040,converted,category,EB-3,65,denominator,50,23701.42,78.67216658970547,11.125924497243696,23679.061617640167,23723.77838235983,50,0,0
catchall_60_65,primary,Uncapped,2040,converted,category,EB-3,70,denominator,50,23701.42,78.67216658970547,11.125924497243696,23679.061617640167,23723.77838235983,50,0,0
catchall_60_65,primary,Uncapped,2040,converted,category,EB-3,75,denominator,50,23701.42,78.67216658970547,11.125924497243696,23679.061617640167,23723.77838235983,50,0,0
catchall_60_65,primary,Uncapped,2040,converted,category,EB-3,80,denominator,50,23701.42,78.67216658970547,11.125924497243696,23679.061617640167,23723.77838235983,50,0,0
catchall_60_65,primary,Uncapped,2040,converted,category,EB-4,60,denominator,50,10392.5,40.59870813265881,5.741524365603295,10380.96197481151,10404.03802518849,50,0,0
catchall_60_65,primary,Uncapped,2040,converted,category,EB-4,65,denominator,50,10392.5,40.59870813265881,5.741524365603295,10380.96197481151,10404.03802518849,50,0,0
catchall_60_65,primary,Uncapped,2040,converted,category,EB-4,70,denominator,50,10392.5,40.59870813265881,5.741524365603295,10380.96197481151,10404.03802518849,50,0,0
catchall_60_65,primary,Uncapped,2040,converted,category,EB-4,75,denominator,50,10392.5,40.59870813265881,5.741524365603295,10380.96197481151,10404.03802518849,50,0,0
catchall_60_65,primary,Uncapped,2040,converted,category,EB-4,80,denominator,50,10392.5,40.59870813265881,5.741524365603295,10380.96197481151,10404.03802518849,50,0,0
catchall_60_65,primary,Uncapped,2040,converted,category,EB-5,60,denominator,50,4720.18,25.271335702001693,3.5739065689054192,4712.997965859315,4727.362034140686,50,0,0
catchall_60_65,primary,Uncapped,2040,converted,category,EB-5,65,denominator,50,4720.18,25.271335702001693,3.5739065689054192,4712.997965859315,4727.362034140686,50,0,0
catchall_60_65,primary,Uncapped,2040,converted,category,EB-5,70,denominator,50,4720.18,25.271335702001693,3.5739065689054192,4712.997965859315,4727.362034140686,50,0,0
catchall_60_65,primary,Uncapped,2040,converted,category,EB-5,75,denominator,50,4720.18,25.271335702001693,3.5739065689054192,4712.997965859315,4727.362034140686,50,0,0
catchall_60_65,primary,Uncapped,2040,converted,category,EB-5,80,denominator,50,4720.18,25.271335702001693,3.5739065689054192,4712.997965859315,4727.362034140686,50,0,0
catchall_60_65,primary,Uncapped,2040,converted,nationality,India,60,denominator,50,27135.8,149.47499961600295,21.138957169266455,27093.319675133906,27178.280324866093,50,0,0
catchall_60_65,primary,Uncapped,2040,converted,nationality,India,65,denominator,50,27135.8,149.47499961600295,21.138957169266455,27093.319675133906,27178.280324866093,50,0,0
catchall_60_65,primary,Uncapped,2040,converted,nationality,India,70,denominator,50,27135.8,149.47499961600295,21.138957169266455,27093.319675133906,27178.280324866093,50,0,0
catchall_60_65,primary,Uncapped,2040,converted,nationality,India,75,denominator,50,27135.8,149.47499961600295,21.138957169266455,27093.319675133906,27178.280324866093,50,0,0
catchall_60_65,primary,Uncapped,2040,converted,nationality,India,80,denominator,50,27135.8,149.47499961600295,21.138957169266455,27093.319675133906,27178.280324866093,50,0,0
catchall_60_65,primary,Uncapped,2040,converted,nationality,China,60,denominator,50,14291.06,99.6181300604197,14.088131058969244,14262.748840686463,14319.371159313536,50,0,0
catchall_60_65,primary,Uncapped,2040,converted,nationality,China,65,denominator,50,14291.06,99.6181300604197,14.088131058969244,14262.748840686463,14319.371159313536,50,0,0
catchall_60_65,primary,Uncapped,2040,converted,nationality,China,70,denominator,50,14291.06,99.6181300604197,14.088131058969244,14262.748840686463,14319.371159313536,50,0,0
catchall_60_65,primary,Uncapped,2040,converted,nationality,China,75,denominator,50,14291.06,99.6181300604197,14.088131058969244,14262.748840686463,14319.371159313536,50,0,0
catchall_60_65,primary,Uncapped,2040,converted,nationality,China,80,denominator,50,14291.06,99.6181300604197,14.088131058969244,14262.748840686463,14319.371159313536,50,0,0
catchall_60_65,primary,Uncapped,2040,converted,nationality,ROW,60,denominator,50,42350.94,177.82178765062875,25.147798378094773,42300.40360711107,42401.47639288894,50,0,0
catchall_60_65,primary,Uncapped,2040,converted,nationality,ROW,65,denominator,50,42350.94,177.82178765062875,25.147798378094773,42300.40360711107,42401.47639288894,50,0,0
catchall_60_65,primary,Uncapped,2040,converted,nationality,ROW,70,denominator,50,42350.94,177.82178765062875,25.147798378094773,42300.40360711107,42401.47639288894,50,0,0
catchall_60_65,primary,Uncapped,2040,converted,nationality,ROW,75,denominator,50,42350.94,177.82178765062875,25.147798378094773,42300.40360711107,42401.47639288894,50,0,0
catchall_60_65,primary,Uncapped,2040,converted,nationality,ROW,80,denominator,50,42350.94,177.82178765062875,25.147798378094773,42300.40360711107,42401.47639288894,50,0,0
catchall_60_65,primary,Uncapped,2040,still_waiting,overall,All EB,60,denominator,50,2791647.32,1252.433996631506,177.1209144013415,2791291.3821964413,2792003.2578035584,50,0,0
catchall_60_65,primary,Uncapped,2040,still_waiting,overall,All EB,65,denominator,50,2791647.32,1252.433996631506,177.1209144013415,2791291.3821964413,2792003.2578035584,50,0,0
catchall_60_65,primary,Uncapped,2040,still_waiting,overall,All EB,70,denominator,50,2791647.32,1252.433996631506,177.1209144013415,2791291.3821964413,2792003.2578035584,50,0,0
catchall_60_65,primary,Uncapped,2040,still_waiting,overall,All EB,75,denominator,50,2791647.32,1252.433996631506,177.1209144013415,2791291.3821964413,2792003.2578035584,50,0,0
catchall_60_65,primary,Uncapped,2040,still_waiting,overall,All EB,80,denominator,50,2791647.32,1252.433996631506,177.1209144013415,2791291.3821964413,2792003.2578035584,50,0,0
catchall_60_65,primary,Uncapped,2040,still_waiting,category,EB-1,60,denominator,50,125335.5,322.10425806130615,45.552421024842246,125243.95898271719,125427.04101728281,50,0,0
catchall_60_65,primary,Uncapped,2040,still_waiting,category,EB-1,65,denominator,50,125335.5,322.10425806130615,45.552421024842246,125243.95898271719,125427.04101728281,50,0,0
catchall_60_65,primary,Uncapped,2040,still_waiting,category,EB-1,70,denominator,50,125335.5,322.10425806130615,45.552421024842246,125243.95898271719,125427.04101728281,50,0,0
catchall_60_65,primary,Uncapped,2040,still_waiting,category,EB-1,75,denominator,50,125335.5,322.10425806130615,45.552421024842246,125243.95898271719,125427.04101728281,50,0,0
catchall_60_65,primary,Uncapped,2040,still_waiting,category,EB-1,80,denominator,50,125335.5,322.10425806130615,45.552421024842246,125243.95898271719,125427.04101728281,50,0,0
catchall_60_65,primary,Uncapped,2040,still_waiting,category,EB-2,60,denominator,50,1059789.0,607.0168944964231,85.84515247864397,1059616.4877073513,1059961.5122926487,50,0,0
catchall_60_65,primary,Uncapped,2040,still_waiting,category,EB-2,65,denominator,50,1059789.0,607.0168944964231,85.84515247864397,1059616.4877073513,1059961.5122926487,50,0,0
catchall_60_65,primary,Uncapped,2040,still_waiting,category,EB-2,70,denominator,50,1059789.0,607.0168944964231,85.84515247864397,1059616.4877073513,1059961.5122926487,50,0,0
catchall_60_65,primary,Uncapped,2040,still_waiting,category,EB-2,75,denominator,50,1059789.0,607.0168944964231,85.84515247864397,1059616.4877073513,1059961.5122926487,50,0,0
catchall_60_65,primary,Uncapped,2040,still_waiting,category,EB-2,80,denominator,50,1059789.0,607.0168944964231,85.84515247864397,1059616.4877073513,1059961.5122926487,50,0,0
catchall_60_65,primary,Uncapped,2040,still_waiting,category,EB-3,60,denominator,50,558386.9,508.1070612718206,71.85718971881458,558242.4975709314,558531.3024290686,50,0,0
catchall_60_65,primary,Uncapped,2040,still_waiting,category,EB-3,65,denominator,50,558386.9,508.1070612718206,71.85718971881458,558242.4975709314,558531.3024290686,50,0,0
catchall_60_65,primary,Uncapped,2040,still_waiting,category,EB-3,70,denominator,50,558386.9,508.1070612718206,71.85718971881458,558242.4975709314,558531.3024290686,50,0,0
catchall_60_65,primary,Uncapped,2040,still_waiting,category,EB-3,75,denominator,50,558386.9,508.1070612718206,71.85718971881458,558242.4975709314,558531.3024290686,50,0,0
catchall_60_65,primary,Uncapped,2040,still_waiting,category,EB-3,80,denominator,50,558386.9,508.1070612718206,71.85718971881458,558242.4975709314,558531.3024290686,50,0,0
catchall_60_65,primary,Uncapped,2040,still_waiting,category,EB-4,60,denominator,50,1021519.32,597.942234599938,84.56180176869073,1021349.3866971586,1021689.2533028413,50,0,0
catchall_60_65,primary,Uncapped,2040,still_waiting,category,EB-4,65,denominator,50,1021519.32,597.942234599938,84.56180176869073,1021349.3866971586,1021689.2533028413,50,0,0
catchall_60_65,primary,Uncapped,2040,still_waiting,category,EB-4,70,denominator,50,1021519.32,597.942234599938,84.56180176869073,1021349.3866971586,1021689.2533028413,50,0,0
catchall_60_65,primary,Uncapped,2040,still_waiting,category,EB-4,75,denominator,50,1021519.32,597.942234599938,84.56180176869073,1021349.3866971586,1021689.2533028413,50,0,0
catchall_60_65,primary,Uncapped,2040,still_waiting,category,EB-4,80,denominator,50,1021519.32,597.942234599938,84.56180176869073,1021349.3866971586,1021689.2533028413,50,0,0
catchall_60_65,primary,Uncapped,2040,still_waiting,category,EB-5,60,denominator,50,26616.6,110.37098849806871,15.608814882649364,26585.23291213089,26647.967087869107,50,0,0
catchall_60_65,primary,Uncapped,2040,still_waiting,category,EB-5,65,denominator,50,26616.6,110.37098849806871,15.608814882649364,26585.23291213089,26647.967087869107,50,0,0
catchall_60_65,primary,Uncapped,2040,still_waiting,category,EB-5,70,denominator,50,26616.6,110.37098849806871,15.608814882649364,26585.23291213089,26647.967087869107,50,0,0
catchall_60_65,primary,Uncapped,2040,still_waiting,category,EB-5,75,denominator,50,26616.6,110.37098849806871,15.608814882649364,26585.23291213089,26647.967087869107,50,0,0
catchall_60_65,primary,Uncapped,2040,still_waiting,category,EB-5,80,denominator,50,26616.6,110.37098849806871,15.608814882649364,26585.23291213089,26647.967087869107,50,0,0
catchall_60_65,primary,Uncapped,2040,still_waiting,nationality,India,60,denominator,50,750339.62,794.8003700070008,112.40174626430546,750113.7402340971,750565.4997659029,50,0,0
catchall_60_65,primary,Uncapped,2040,still_waiting,nationality,India,65,denominator,50,750339.62,794.8003700070008,112.40174626430546,750113.7402340971,750565.4997659029,50,0,0
catchall_60_65,primary,Uncapped,2040,still_waiting,nationality,India,70,denominator,50,750339.62,794.8003700070008,112.40174626430546,750113.7402340971,750565.4997659029,50,0,0
catchall_60_65,primary,Uncapped,2040,still_waiting,nationality,India,75,denominator,50,750339.62,794.8003700070008,112.40174626430546,750113.7402340971,750565.4997659029,50,0,0
catchall_60_65,primary,Uncapped,2040,still_waiting,nationality,India,80,denominator,50,750339.62,794.8003700070008,112.40174626430546,750113.7402340971,750565.4997659029,50,0,0
catchall_60_65,primary,Uncapped,2040,still_waiting,nationality,China,60,denominator,50,286737.7,426.28883807740937,60.28634562973406,286616.5500526855,286858.84994731453,50,0,0
catchall_60_65,primary,Uncapped,2040,still_waiting,nationality,China,65,denominator,50,286737.7,426.28883807740937,60.28634562973406,286616.5500526855,286858.84994731453,50,0,0
catchall_60_65,primary,Uncapped,2040,still_waiting,nationality,China,70,denominator,50,286737.7,426.28883807740937,60.28634562973406,286616.5500526855,286858.84994731453,50,0,0
catchall_60_65,primary,Uncapped,2040,still_waiting,nationality,China,75,denominator,50,286737.7,426.28883807740937,60.28634562973406,286616.5500526855,286858.84994731453,50,0,0
catchall_60_65,primary,Uncapped,2040,still_waiting,nationality,China,80,denominator,50,286737.7,426.28883807740937,60.28634562973406,286616.5500526855,286858.84994731453,50,0,0
catchall_60_65,primary,Uncapped,2040,still_waiting,nationality,ROW,60,denominator,50,1754570.0,1002.0766193362701,141.71503456023345,1754285.212975819,1754854.787024181,50,0,0
catchall_60_65,primary,Uncapped,2040,still_waiting,nationality,ROW,65,denominator,50,1754570.0,1002.0766193362701,141.71503456023345,1754285.212975819,1754854.787024181,50,0,0
catchall_60_65,primary,Uncapped,2040,still_waiting,nationality,ROW,70,denominator,50,1754570.0,1002.0766193362701,141.71503456023345,1754285.212975819,1754854.787024181,50,0,0
catchall_60_65,primary,Uncapped,2040,still_waiting,nationality,ROW,75,denominator,50,1754570.0,1002.0766193362701,141.71503456023345,1754285.212975819,1754854.787024181,50,0,0
catchall_60_65,primary,Uncapped,2040,still_waiting,nationality,ROW,80,denominator,50,1754570.0,1002.0766193362701,141.71503456023345,1754285.212975819,1754854.787024181,50,0,0
catchall_60_65,primary,Capped,2024,converted,overall,All EB,60,denominator,50,76766.28,139.78789179996082,19.768993243904735,76726.55272071407,76806.00727928593,50,0,0
catchall_60_65,primary,Capped,2024,converted,overall,All EB,65,denominator,50,76766.28,139.78789179996082,19.768993243904735,76726.55272071407,76806.00727928593,50,0,0
catchall_60_65,primary,Capped,2024,converted,overall,All EB,70,denominator,50,76766.28,139.78789179996082,19.768993243904735,76726.55272071407,76806.00727928593,50,0,0
catchall_60_65,primary,Capped,2024,converted,overall,All EB,75,denominator,50,76766.28,139.78789179996082,19.768993243904735,76726.55272071407,76806.00727928593,50,0,0
catchall_60_65,primary,Capped,2024,converted,overall,All EB,80,denominator,50,76766.28,139.78789179996082,19.768993243904735,76726.55272071407,76806.00727928593,50,0,0
catchall_60_65,primary,Capped,2024,converted,category,EB-1,60,denominator,50,20358.92,59.468338343240454,8.41009306168026,20342.019285241295,20375.8207147587,50,0,0
catchall_60_65,primary,Capped,2024,converted,category,EB-1,65,denominator,50,20358.92,59.468338343240454,8.41009306168026,20342.019285241295,20375.8207147587,50,0,0
catchall_60_65,primary,Capped,2024,converted,category,EB-1,70,denominator,50,20358.92,59.468338343240454,8.41009306168026,20342.019285241295,20375.8207147587,50,0,0
catchall_60_65,primary,Capped,2024,converted,category,EB-1,75,denominator,50,20358.92,59.468338343240454,8.41009306168026,20342.019285241295,20375.8207147587,50,0,0
catchall_60_65,primary,Capped,2024,converted,category,EB-1,80,denominator,50,20358.92,59.468338343240454,8.41009306168026,20342.019285241295,20375.8207147587,50,0,0
catchall_60_65,primary,Capped,2024,converted,category,EB-2,60,denominator,50,21842.96,74.80422338835352,10.578914723859622,21821.700874935228,21864.21912506477,50,0,0
catchall_60_65,primary,Capped,2024,converted,category,EB-2,65,denominator,50,21842.96,74.80422338835352,10.578914723859622,21821.700874935228,21864.21912506477,50,0,0
catchall_60_65,primary,Capped,2024,converted,category,EB-2,70,denominator,50,21842.96,74.80422338835352,10.578914723859622,21821.700874935228,21864.21912506477,50,0,0
catchall_60_65,primary,Capped,2024,converted,category,EB-2,75,denominator,50,21842.96,74.80422338835352,10.578914723859622,21821.700874935228,21864.21912506477,50,0,0
catchall_60_65,primary,Capped,2024,converted,category,EB-2,80,denominator,50,21842.96,74.80422338835352,10.578914723859622,21821.700874935228,21864.21912506477,50,0,0
catchall_60_65,primary,Capped,2024,converted,category,EB-3,60,denominator,50,22850.36,88.53841781154341,12.521223126014029,22825.19766006739,22875.52233993261,50,0,0
catchall_60_65,primary,Capped,2024,converted,category,EB-3,65,denominator,50,22850.36,88.53841781154341,12.521223126014029,22825.19766006739,22875.52233993261,50,0,0
catchall_60_65,primary,Capped,2024,converted,category,EB-3,70,denominator,50,22850.36,88.53841781154341,12.521223126014029,22825.19766006739,22875.52233993261,50,0,0
catchall_60_65,primary,Capped,2024,converted,category,EB-3,75,denominator,50,22850.36,88.53841781154341,12.521223126014029,22825.19766006739,22875.52233993261,50,0,0
catchall_60_65,primary,Capped,2024,converted,category,EB-3,80,denominator,50,22850.36,88.53841781154341,12.521223126014029,22825.19766006739,22875.52233993261,50,0,0
catchall_60_65,primary,Capped,2024,converted,category,EB-4,60,denominator,50,6962.74,48.19213671146286,6.81539733370891,6949.043946286982,6976.436053713018,50,0,0
catchall_60_65,primary,Capped,2024,converted,category,EB-4,65,denominator,50,6962.74,48.19213671146286,6.81539733370891,6949.043946286982,6976.436053713018,50,0,0
catchall_60_65,primary,Capped,2024,converted,category,EB-4,70,denominator,50,6962.74,48.19213671146286,6.81539733370891,6949.043946286982,6976.436053713018,50,0,0
catchall_60_65,primary,Capped,2024,converted,category,EB-4,75,denominator,50,6962.74,48.19213671146286,6.81539733370891,6949.043946286982,6976.436053713018,50,0,0
catchall_60_65,primary,Capped,2024,converted,category,EB-4,80,denominator,50,6962.74,48.19213671146286,6.81539733370891,6949.043946286982,6976.436053713018,50,0,0
catchall_60_65,primary,Capped,2024,converted,category,EB-5,60,denominator,50,4751.3,29.407933123771976,4.1589097864999305,4742.942357879596,4759.6576421204045,50,0,0
catchall_60_65,primary,Capped,2024,converted,category,EB-5,65,denominator,50,4751.3,29.407933123771976,4.1589097864999305,4742.942357879596,4759.6576421204045,50,0,0
catchall_60_65,primary,Capped,2024,converted,category,EB-5,70,denominator,50,4751.3,29.407933123771976,4.1589097864999305,4742.942357879596,4759.6576421204045,50,0,0
catchall_60_65,primary,Capped,2024,converted,category,EB-5,75,denominator,50,4751.3,29.407933123771976,4.1589097864999305,4742.942357879596,4759.6576421204045,50,0,0
catchall_60_65,primary,Capped,2024,converted,category,EB-5,80,denominator,50,4751.3,29.407933123771976,4.1589097864999305,4742.942357879596,4759.6576421204045,50,0,0
catchall_60_65,primary,Capped,2024,converted,nationality,India,60,denominator,50,8785.92,78.43854737490818,11.092885751043967,8763.628011486398,8808.211988513602,50,0,0
catchall_60_65,primary,Capped,2024,converted,nationality,India,65,denominator,50,8785.92,78.43854737490818,11.092885751043967,8763.628011486398,8808.211988513602,50,0,0
catchall_60_65,primary,Capped,2024,converted,nationality,India,70,denominator,50,8785.92,78.43854737490818,11.092885751043967,8763.628011486398,8808.211988513602,50,0,0
catchall_60_65,primary,Capped,2024,converted,nationality,India,75,denominator,50,8785.92,78.43854737490818,11.092885751043967,8763.628011486398,8808.211988513602,50,0,0
catchall_60_65,primary,Capped,2024,converted,nationality,India,80,denominator,50,8785.92,78.43854737490818,11.092885751043967,8763.628011486398,8808.211988513602,50,0,0
catchall_60_65,primary,Capped,2024,converted,nationality,China,60,denominator,50,9644.88,76.92791218712092,10.87924967400729,9623.017329256569,9666.74267074343,50,0,0
catchall_60_65,primary,Capped,2024,converted,nationality,China,65,denominator,50,9644.88,76.92791218712092,10.87924967400729,9623.017329256569,9666.74267074343,50,0,0
catchall_60_65,primary,Capped,2024,converted,nationality,China,70,denominator,50,9644.88,76.92791218712092,10.87924967400729,9623.017329256569,9666.74267074343,50,0,0
catchall_60_65,primary,Capped,2024,converted,nationality,China,75,denominator,50,9644.88,76.92791218712092,10.87924967400729,9623.017329256569,9666.74267074343,50,0,0
catchall_60_65,primary,Capped,2024,converted,nationality,China,80,denominator,50,9644.88,76.92791218712092,10.87924967400729,9623.017329256569,9666.74267074343,50,0,0
catchall_60_65,primary,Capped,2024,converted,nationality,ROW,60,denominator,50,58335.48,150.76420838717738,21.321278822158977,58292.63328605506,58378.326713944945,50,0,0
catchall_60_65,primary,Capped,2024,converted,nationality,ROW,65,denominator,50,58335.48,150.76420838717738,21.321278822158977,58292.63328605506,58378.326713944945,50,0,0
catchall_60_65,primary,Capped,2024,converted,nationality,ROW,70,denominator,50,58335.48,150.76420838717738,21.321278822158977,58292.63328605506,58378.326713944945,50,0,0
catchall_60_65,primary,Capped,2024,converted,nationality,ROW,75,denominator,50,58335.48,150.76420838717738,21.321278822158977,58292.63328605506,58378.326713944945,50,0,0
catchall_60_65,primary,Capped,2024,converted,nationality,ROW,80,denominator,50,58335.48,150.76420838717738,21.321278822158977,58292.63328605506,58378.326713944945,50,0,0
catchall_60_65,primary,Capped,2040,converted,overall,All EB,60,denominator,50,81407.88,116.58011872370285,16.486918500212617,81374.74829684541,81441.0117031546,50,0,0
catchall_60_65,primary,Capped,2040,converted,overall,All EB,65,denominator,50,81407.88,116.58011872370285,16.486918500212617,81374.74829684541,81441.0117031546,50,0,0
catchall_60_65,primary,Capped,2040,converted,overall,All EB,70,denominator,50,81407.88,116.58011872370285,16.486918500212617,81374.74829684541,81441.0117031546,50,0,0
catchall_60_65,primary,Capped,2040,converted,overall,All EB,75,denominator,50,81407.88,116.58011872370285,16.486918500212617,81374.74829684541,81441.0117031546,50,0,0
catchall_60_65,primary,Capped,2040,converted,overall,All EB,80,denominator,50,81407.88,116.58011872370285,16.486918500212617,81374.74829684541,81441.0117031546,50,0,0
catchall_60_65,primary,Capped,2040,converted,category,EB-1,60,denominator,50,20573.4,65.41390977335581,9.250923836932973,20554.80957253673,20591.99042746327,50,0,0
catchall_60_65,primary,Capped,2040,converted,category,EB-1,65,denominator,50,20573.4,65.41390977335581,9.250923836932973,20554.80957253673,20591.99042746327,50,0,0
catchall_60_65,primary,Capped,2040,converted,category,EB-1,70,denominator,50,20573.4,65.41390977335581,9.250923836932973,20554.80957253673,20591.99042746327,50,0,0
catchall_60_65,primary,Capped,2040,converted,category,EB-1,75,denominator,50,20573.4,65.41390977335581,9.250923836932973,20554.80957253673,20591.99042746327,50,0,0
catchall_60_65,primary,Capped,2040,converted,category,EB-1,80,denominator,50,20573.4,65.41390977335581,9.250923836932973,20554.80957253673,20591.99042746327,50,0,0
catchall_60_65,primary,Capped,2040,converted,category,EB-2,60,denominator,50,22369.22,73.79322738682234,10.435938298172585,22348.248196819786,22390.191803180216,50,0,0
catchall_60_65,primary,Capped,2040,converted,category,EB-2,65,denominator,50,22369.22,73.79322738682234,10.435938298172585,22348.248196819786,22390.191803180216,50,0,0
catchall_60_65,primary,Capped,2040,converted,category,EB-2,70,denominator,50,22369.22,73.79322738682234,10.435938298172585,22348.248196819786,22390.191803180216,50,0,0
catchall_60_65,primary,Capped,2040,converted,category,EB-2,75,denominator,50,22369.22,73.79322738682234,10.435938298172585,22348.248196819786,22390.191803180216,50,0,0
catchall_60_65,primary,Capped,2040,converted,category,EB-2,80,denominator,50,22369.22,73.79322738682234,10.435938298172585,22348.248196819786,22390.191803180216,50,0,0
catchall_60_65,primary,Capped,2040,converted,category,EB-3,60,denominator,50,23571.66,80.88707421776489,11.439159737944221,23548.67214785706,23594.647852142938,50,0,0
catchall_60_65,primary,Capped,2040,converted,category,EB-3,65,denominator,50,23571.66,80.88707421776489,11.439159737944221,23548.67214785706,23594.647852142938,50,0,0
catchall_60_65,primary,Capped,2040,converted,category,EB-3,70,denominator,50,23571.66,80.88707421776489,11.439159737944221,23548.67214785706,23594.647852142938,50,0,0
catchall_60_65,primary,Capped,2040,converted,category,EB-3,75,denominator,50,23571.66,80.88707421776489,11.439159737944221,23548.67214785706,23594.647852142938,50,0,0
catchall_60_65,primary,Capped,2040,converted,category,EB-3,80,denominator,50,23571.66,80.88707421776489,11.439159737944221,23548.67214785706,23594.647852142938,50,0,0
catchall_60_65,primary,Capped,2040,converted,category,EB-4,60,denominator,50,10174.68,40.2707368308299,5.695142219291735,10163.235183224182,10186.124816775819,50,0,0
catchall_60_65,primary,Capped,2040,converted,category,EB-4,65,denominator,50,10174.68,40.2707368308299,5.695142219291735,10163.235183224182,10186.124816775819,50,0,0
catchall_60_65,primary,Capped,2040,converted,category,EB-4,70,denominator,50,10174.68,40.2707368308299,5.695142219291735,10163.235183224182,10186.124816775819,50,0,0
catchall_60_65,primary,Capped,2040,converted,category,EB-4,75,denominator,50,10174.68,40.2707368308299,5.695142219291735,10163.235183224182,10186.124816775819,50,0,0
catchall_60_65,primary,Capped,2040,converted,category,EB-4,80,denominator,50,10174.68,40.2707368308299,5.695142219291735,10163.235183224182,10186.124816775819,50,0,0
catchall_60_65,primary,Capped,2040,converted,category,EB-5,60,denominator,50,4718.92,31.306151185363184,4.427358359204316,4710.022890275446,4727.817109724554,50,0,0
catchall_60_65,primary,Capped,2040,converted,category,EB-5,65,denominator,50,4718.92,31.306151185363184,4.427358359204316,4710.022890275446,4727.817109724554,50,0,0
catchall_60_65,primary,Capped,2040,converted,category,EB-5,70,denominator,50,4718.92,31.306151185363184,4.427358359204316,4710.022890275446,4727.817109724554,50,0,0
catchall_60_65,primary,Capped,2040,converted,category,EB-5,75,denominator,50,4718.92,31.306151185363184,4.427358359204316,4710.022890275446,4727.817109724554,50,0,0
catchall_60_65,primary,Capped,2040,converted,category,EB-5,80,denominator,50,4718.92,31.306151185363184,4.427358359204316,4710.022890275446,4727.817109724554,50,0,0
catchall_60_65,primary,Capped,2040,converted,nationality,India,60,denominator,50,9750.58,88.44739933417823,12.50835116950239,9725.443527232452,9775.716472767548,50,0,0
catchall_60_65,primary,Capped,2040,converted,nationality,India,65,denominator,50,9750.58,88.44739933417823,12.50835116950239,9725.443527232452,9775.716472767548,50,0,0
catchall_60_65,primary,Capped,2040,converted,nationality,India,70,denominator,50,9750.58,88.44739933417823,12.50835116950239,9725.443527232452,9775.716472767548,50,0,0
catchall_60_65,primary,Capped,2040,converted,nationality,India,75,denominator,50,9750.58,88.44739933417823,12.50835116950239,9725.443527232452,9775.716472767548,50,0,0
catchall_60_65,primary,Capped,2040,converted,nationality,India,80,denominator,50,9750.58,88.44739933417823,12.50835116950239,9725.443527232452,9775.716472767548,50,0,0
catchall_60_65,primary,Capped,2040,converted,nationality,China,60,denominator,50,9846.06,80.41230741418548,11.372017572685568,9823.207075089733,9868.912924910266,50,0,0
catchall_60_65,primary,Capped,2040,converted,nationality,China,65,denominator,50,9846.06,80.41230741418548,11.372017572685568,9823.207075089733,9868.912924910266,50,0,0
catchall_60_65,primary,Capped,2040,converted,nationality,China,70,denominator,50,9846.06,80.41230741418548,11.372017572685568,9823.207075089733,9868.912924910266,50,0,0
catchall_60_65,primary,Capped,2040,converted,nationality,China,75,denominator,50,9846.06,80.41230741418548,11.372017572685568,9823.207075089733,9868.912924910266,50,0,0
catchall_60_65,primary,Capped,2040,converted,nationality,China,80,denominator,50,9846.06,80.41230741418548,11.372017572685568,9823.207075089733,9868.912924910266,50,0,0
catchall_60_65,primary,Capped,2040,converted,nationality,ROW,60,denominator,50,61811.24,139.23311241165564,19.69053559039811,61771.67038727172,61850.80961272828,50,0,0
catchall_60_65,primary,Capped,2040,converted,nationality,ROW,65,denominator,50,61811.24,139.23311241165564,19.69053559039811,61771.67038727172,61850.80961272828,50,0,0
catchall_60_65,primary,Capped,2040,converted,nationality,ROW,70,denominator,50,61811.24,139.23311241165564,19.69053559039811,61771.67038727172,61850.80961272828,50,0,0
catchall_60_65,primary,Capped,2040,converted,nationality,ROW,75,denominator,50,61811.24,139.23311241165564,19.69053559039811,61771.67038727172,61850.80961272828,50,0,0
catchall_60_65,primary,Capped,2040,converted,nationality,ROW,80,denominator,50,61811.24,139.23311241165564,19.69053559039811,61771.67038727172,61850.80961272828,50,0,0
catchall_60_65,primary,Capped,2040,still_waiting,overall,All EB,60,denominator,50,2774292.16,1139.203165124014,161.1076566416737,2773968.402042701,2774615.9179572994,50,0,0
catchall_60_65,primary,Capped,2040,still_waiting,overall,All EB,65,denominator,50,2774292.16,1139.203165124014,161.1076566416737,2773968.402042701,2774615.9179572994,50,0,0
catchall_60_65,primary,Capped,2040,still_waiting,overall,All EB,70,denominator,50,2774292.16,1139.203165124014,161.1076566416737,2773968.402042701,2774615.9179572994,50,0,0
catchall_60_65,primary,Capped,2040,still_waiting,overall,All EB,75,denominator,50,2774292.16,1139.203165124014,161.1076566416737,2773968.402042701,2774615.9179572994,50,0,0
catchall_60_65,primary,Capped,2040,still_waiting,overall,All EB,80,denominator,50,2774292.16,1139.203165124014,161.1076566416737,2773968.402042701,2774615.9179572994,50,0,0
catchall_60_65,primary,Capped,2040,still_waiting,category,EB-1,60,denominator,50,129345.56,327.7745093499368,46.35431565228674,129252.4075151311,129438.7124848689,50,0,0
catchall_60_65,primary,Capped,2040,still_waiting,category,EB-1,65,denominator,50,129345.56,327.7745093499368,46.35431565228674,129252.4075151311,129438.7124848689,50,0,0
catchall_60_65,primary,Capped,2040,still_waiting,category,EB-1,70,denominator,50,129345.56,327.7745093499368,46.35431565228674,129252.4075151311,129438.7124848689,50,0,0
catchall_60_65,primary,Capped,2040,still_waiting,category,EB-1,75,denominator,50,129345.56,327.7745093499368,46.35431565228674,129252.4075151311,129438.7124848689,50,0,0
catchall_60_65,primary,Capped,2040,still_waiting,category,EB-1,80,denominator,50,129345.56,327.7745093499368,46.35431565228674,129252.4075151311,129438.7124848689,50,0,0
catchall_60_65,primary,Capped,2040,still_waiting,category,EB-2,60,denominator,50,1041792.14,645.4909857256422,91.2862106402781,1041608.6934916059,1041975.5865083941,50,0,0
catchall_60_65,primary,Capped,2040,still_waiting,category,EB-2,65,denominator,50,1041792.14,645.4909857256422,91.2862106402781,1041608.6934916059,1041975.5865083941,50,0,0
catchall_60_65,primary,Capped,2040,still_waiting,category,EB-2,70,denominator,50,1041792.14,645.4909857256422,91.2862106402781,1041608.6934916059,1041975.5865083941,50,0,0
catchall_60_65,primary,Capped,2040,still_waiting,category,EB-2,75,denominator,50,1041792.14,645.4909857256422,91.2862106402781,1041608.6934916059,1041975.5865083941,50,0,0
catchall_60_65,primary,Capped,2040,still_waiting,category,EB-2,80,denominator,50,1041792.14,645.4909857256422,91.2862106402781,1041608.6934916059,1041975.5865083941,50,0,0
catchall_60_65,primary,Capped,2040,still_waiting,category,EB-3,60,denominator,50,552546.68,492.7853546061264,69.69037318228189,552406.6319517867,552686.7280482134,50,0,0
catchall_60_65,primary,Capped,2040,still_waiting,category,EB-3,65,denominator,50,552546.68,492.7853546061264,69.69037318228189,552406.6319517867,552686.7280482134,50,0,0
catchall_60_65,primary,Capped,2040,still_waiting,category,EB-3,70,denominator,50,552546.68,492.7853546061264,69.69037318228189,552406.6319517867,552686.7280482134,50,0,0
catchall_60_65,primary,Capped,2040,still_waiting,category,EB-3,75,denominator,50,552546.68,492.7853546061264,69.69037318228189,552406.6319517867,552686.7280482134,50,0,0
catchall_60_65,primary,Capped,2040,still_waiting,category,EB-3,80,denominator,50,552546.68,492.7853546061264,69.69037318228189,552406.6319517867,552686.7280482134,50,0,0
catchall_60_65,primary,Capped,2040,still_waiting,category,EB-4,60,denominator,50,1023905.42,668.6364769942984,94.55947740627028,1023715.3956157685,1024095.4443842316,50,0,0
catchall_60_65,primary,Capped,2040,still_waiting,category,EB-4,65,denominator,50,1023905.42,668.6364769942984,94.55947740627028,1023715.3956157685,1024095.4443842316,50,0,0
catchall_60_65,primary,Capped,2040,still_waiting,category,EB-4,70,denominator,50,1023905.42,668.6364769942984,94.55947740627028,1023715.3956157685,1024095.4443842316,50,0,0
catchall_60_65,primary,Capped,2040,still_waiting,category,EB-4,75,denominator,50,1023905.42,668.6364769942984,94.55947740627028,1023715.3956157685,1024095.4443842316,50,0,0
catchall_60_65,primary,Capped,2040,still_waiting,category,EB-4,80,denominator,50,1023905.42,668.6364769942984,94.55947740627028,1023715.3956157685,1024095.4443842316,50,0,0
catchall_60_65,primary,Capped,2040,still_waiting,category,EB-5,60,denominator,50,26702.36,113.51899238741093,16.054009862120466,26670.098259324455,26734.621740675546,50,0,0
catchall_60_65,primary,Capped,2040,still_waiting,category,EB-5,65,denominator,50,26702.36,113.51899238741093,16.054009862120466,26670.098259324455,26734.621740675546,50,0,0
catchall_60_65,primary,Capped,2040,still_waiting,category,EB-5,70,denominator,50,26702.36,113.51899238741093,16.054009862120466,26670.098259324455,26734.621740675546,50,0,0
catchall_60_65,primary,Capped,2040,still_waiting,category,EB-5,75,denominator,50,26702.36,113.51899238741093,16.054009862120466,26670.098259324455,26734.621740675546,50,0,0
catchall_60_65,primary,Capped,2040,still_waiting,category,EB-5,80,denominator,50,26702.36,113.51899238741093,16.054009862120466,26670.098259324455,26734.621740675546,50,0,0
catchall_60_65,primary,Capped,2040,still_waiting,nationality,India,60,denominator,50,1077734.08,986.3823375944884,139.49552795114022,1077453.7532413392,1078014.406758661,50,0,0
catchall_60_65,primary,Capped,2040,still_waiting,nationality,India,65,denominator,50,1077734.08,986.3823375944884,139.49552795114022,1077453.7532413392,1078014.406758661,50,0,0
catchall_60_65,primary,Capped,2040,still_waiting,nationality,India,70,denominator,50,1077734.08,986.3823375944884,139.49552795114022,1077453.7532413392,1078014.406758661,50,0,0
catchall_60_65,primary,Capped,2040,still_waiting,nationality,India,75,denominator,50,1077734.08,986.3823375944884,139.49552795114022,1077453.7532413392,1078014.406758661,50,0,0
catchall_60_65,primary,Capped,2040,still_waiting,nationality,India,80,denominator,50,1077734.08,986.3823375944884,139.49552795114022,1077453.7532413392,1078014.406758661,50,0,0
catchall_60_65,primary,Capped,2040,still_waiting,nationality,China,60,denominator,50,341614.54,497.1564944763369,70.30854571103004,341473.2496875805,341755.83031241945,50,0,0
catchall_60_65,primary,Capped,2040,still_waiting,nationality,China,65,denominator,50,341614.54,497.1564944763369,70.30854571103004,341473.2496875805,341755.83031241945,50,0,0
catchall_60_65,primary,Capped,2040,still_waiting,nationality,China,70,denominator,50,341614.54,497.1564944763369,70.30854571103004,341473.2496875805,341755.83031241945,50,0,0
catchall_60_65,primary,Capped,2040,still_waiting,nationality,China,75,denominator,50,341614.54,497.1564944763369,70.30854571103004,341473.2496875805,341755.83031241945,50,0,0
catchall_60_65,primary,Capped,2040,still_waiting,nationality,China,80,denominator,50,341614.54,497.1564944763369,70.30854571103004,341473.2496875805,341755.83031241945,50,0,0
catchall_60_65,primary,Capped,2040,still_waiting,nationality,ROW,60,denominator,50,1354943.54,1059.3656594435008,149.81692830973162,1354642.4716107661,1355244.608389234,50,0,0
catchall_60_65,primary,Capped,2040,still_waiting,nationality,ROW,65,denominator,50,1354943.54,1059.3656594435008,149.81692830973162,1354642.4716107661,1355244.608389234,50,0,0
catchall_60_65,primary,Capped,2040,still_waiting,nationality,ROW,70,denominator,50,1354943.54,1059.3656594435008,149.81692830973162,1354642.4716107661,1355244.608389234,50,0,0
catchall_60_65,primary,Capped,2040,still_waiting,nationality,ROW,75,denominator,50,1354943.54,1059.3656594435008,149.81692830973162,1354642.4716107661,1355244.608389234,50,0,0
catchall_60_65,primary,Capped,2040,still_waiting,nationality,ROW,80,denominator,50,1354943.54,1059.3656594435008,149.81692830973162,1354642.4716107661,1355244.608389234,50,0,0
catchall_55_60,sensitivity,Uncapped,2024,converted,overall,All EB,60,denominator,1,77236.0,,,,,1,0,0
catchall_55_60,sensitivity,Uncapped,2024,converted,overall,All EB,65,denominator,1,77236.0,,,,,1,0,0
catchall_55_60,sensitivity,Uncapped,2024,converted,overall,All EB,70,denominator,1,77236.0,,,,,1,0,0
catchall_55_60,sensitivity,Uncapped,2024,converted,overall,All EB,75,denominator,1,77236.0,,,,,1,0,0
catchall_55_60,sensitivity,Uncapped,2024,converted,overall,All EB,80,denominator,1,77236.0,,,,,1,0,0
catchall_55_60,sensitivity,Uncapped,2024,converted,category,EB-1,60,denominator,1,20415.0,,,,,1,0,0
catchall_55_60,sensitivity,Uncapped,2024,converted,category,EB-1,65,denominator,1,20415.0,,,,,1,0,0
catchall_55_60,sensitivity,Uncapped,2024,converted,category,EB-1,70,denominator,1,20415.0,,,,,1,0,0
catchall_55_60,sensitivity,Uncapped,2024,converted,category,EB-1,75,denominator,1,20415.0,,,,,1,0,0
catchall_55_60,sensitivity,Uncapped,2024,converted,category,EB-1,80,denominator,1,20415.0,,,,,1,0,0
catchall_55_60,sensitivity,Uncapped,2024,converted,category,EB-2,60,denominator,1,21803.0,,,,,1,0,0
catchall_55_60,sensitivity,Uncapped,2024,converted,category,EB-2,65,denominator,1,21803.0,,,,,1,0,0
catchall_55_60,sensitivity,Uncapped,2024,converted,category,EB-2,70,denominator,1,21803.0,,,,,1,0,0
catchall_55_60,sensitivity,Uncapped,2024,converted,category,EB-2,75,denominator,1,21803.0,,,,,1,0,0
catchall_55_60,sensitivity,Uncapped,2024,converted,category,EB-2,80,denominator,1,21803.0,,,,,1,0,0
catchall_55_60,sensitivity,Uncapped,2024,converted,category,EB-3,60,denominator,1,22892.0,,,,,1,0,0
catchall_55_60,sensitivity,Uncapped,2024,converted,category,EB-3,65,denominator,1,22892.0,,,,,1,0,0
catchall_55_60,sensitivity,Uncapped,2024,converted,category,EB-3,70,denominator,1,22892.0,,,,,1,0,0
catchall_55_60,sensitivity,Uncapped,2024,converted,category,EB-3,75,denominator,1,22892.0,,,,,1,0,0
catchall_55_60,sensitivity,Uncapped,2024,converted,category,EB-3,80,denominator,1,22892.0,,,,,1,0,0
catchall_55_60,sensitivity,Uncapped,2024,converted,category,EB-4,60,denominator,1,7334.0,,,,,1,0,0
catchall_55_60,sensitivity,Uncapped,2024,converted,category,EB-4,65,denominator,1,7334.0,,,,,1,0,0
catchall_55_60,sensitivity,Uncapped,2024,converted,category,EB-4,70,denominator,1,7334.0,,,,,1,0,0
catchall_55_60,sensitivity,Uncapped,2024,converted,category,EB-4,75,denominator,1,7334.0,,,,,1,0,0
catchall_55_60,sensitivity,Uncapped,2024,converted,category,EB-4,80,denominator,1,7334.0,,,,,1,0,0
catchall_55_60,sensitivity,Uncapped,2024,converted,category,EB-5,60,denominator,1,4792.0,,,,,1,0,0
catchall_55_60,sensitivity,Uncapped,2024,converted,category,EB-5,65,denominator,1,4792.0,,,,,1,0,0
catchall_55_60,sensitivity,Uncapped,2024,converted,category,EB-5,70,denominator,1,4792.0,,,,,1,0,0
catchall_55_60,sensitivity,Uncapped,2024,converted,category,EB-5,75,denominator,1,4792.0,,,,,1,0,0
catchall_55_60,sensitivity,Uncapped,2024,converted,category,EB-5,80,denominator,1,4792.0,,,,,1,0,0
catchall_55_60,sensitivity,Uncapped,2024,converted,nationality,India,60,denominator,1,8787.0,,,,,1,0,0
catchall_55_60,sensitivity,Uncapped,2024,converted,nationality,India,65,denominator,1,8787.0,,,,,1,0,0
catchall_55_60,sensitivity,Uncapped,2024,converted,nationality,India,70,denominator,1,8787.0,,,,,1,0,0
catchall_55_60,sensitivity,Uncapped,2024,converted,nationality,India,75,denominator,1,8787.0,,,,,1,0,0
catchall_55_60,sensitivity,Uncapped,2024,converted,nationality,India,80,denominator,1,8787.0,,,,,1,0,0
catchall_55_60,sensitivity,Uncapped,2024,converted,nationality,China,60,denominator,1,9791.0,,,,,1,0,0
catchall_55_60,sensitivity,Uncapped,2024,converted,nationality,China,65,denominator,1,9791.0,,,,,1,0,0
catchall_55_60,sensitivity,Uncapped,2024,converted,nationality,China,70,denominator,1,9791.0,,,,,1,0,0
catchall_55_60,sensitivity,Uncapped,2024,converted,nationality,China,75,denominator,1,9791.0,,,,,1,0,0
catchall_55_60,sensitivity,Uncapped,2024,converted,nationality,China,80,denominator,1,9791.0,,,,,1,0,0
catchall_55_60,sensitivity,Uncapped,2024,converted,nationality,ROW,60,denominator,1,58658.0,,,,,1,0,0
catchall_55_60,sensitivity,Uncapped,2024,converted,nationality,ROW,65,denominator,1,58658.0,,,,,1,0,0
catchall_55_60,sensitivity,Uncapped,2024,converted,nationality,ROW,70,denominator,1,58658.0,,,,,1,0,0
catchall_55_60,sensitivity,Uncapped,2024,converted,nationality,ROW,75,denominator,1,58658.0,,,,,1,0,0
catchall_55_60,sensitivity,Uncapped,2024,converted,nationality,ROW,80,denominator,1,58658.0,,,,,1,0,0
catchall_55_60,sensitivity,Uncapped,2040,converted,overall,All EB,60,denominator,1,83645.0,,,,,1,0,0
catchall_55_60,sensitivity,Uncapped,2040,converted,overall,All EB,65,denominator,1,83645.0,,,,,1,0,0
catchall_55_60,sensitivity,Uncapped,2040,converted,overall,All EB,70,denominator,1,83645.0,,,,,1,0,0
catchall_55_60,sensitivity,Uncapped,2040,converted,overall,All EB,75,denominator,1,83645.0,,,,,1,0,0
catchall_55_60,sensitivity,Uncapped,2040,converted,overall,All EB,80,denominator,1,83645.0,,,,,1,0,0
catchall_55_60,sensitivity,Uncapped,2040,converted,category,EB-1,60,denominator,1,20689.0,,,,,1,0,0
catchall_55_60,sensitivity,Uncapped,2040,converted,category,EB-1,65,denominator,1,20689.0,,,,,1,0,0
catchall_55_60,sensitivity,Uncapped,2040,converted,category,EB-1,70,denominator,1,20689.0,,,,,1,0,0
catchall_55_60,sensitivity,Uncapped,2040,converted,category,EB-1,75,denominator,1,20689.0,,,,,1,0,0
catchall_55_60,sensitivity,Uncapped,2040,converted,category,EB-1,80,denominator,1,20689.0,,,,,1,0,0
catchall_55_60,sensitivity,Uncapped,2040,converted,category,EB-2,60,denominator,1,23915.0,,,,,1,0,0
catchall_55_60,sensitivity,Uncapped,2040,converted,category,EB-2,65,denominator,1,23915.0,,,,,1,0,0
catchall_55_60,sensitivity,Uncapped,2040,converted,category,EB-2,70,denominator,1,23915.0,,,,,1,0,0
catchall_55_60,sensitivity,Uncapped,2040,converted,category,EB-2,75,denominator,1,23915.0,,,,,1,0,0
catchall_55_60,sensitivity,Uncapped,2040,converted,category,EB-2,80,denominator,1,23915.0,,,,,1,0,0
catchall_55_60,sensitivity,Uncapped,2040,converted,category,EB-3,60,denominator,1,23499.0,,,,,1,0,0
catchall_55_60,sensitivity,Uncapped,2040,converted,category,EB-3,65,denominator,1,23499.0,,,,,1,0,0
catchall_55_60,sensitivity,Uncapped,2040,converted,category,EB-3,70,denominator,1,23499.0,,,,,1,0,0
catchall_55_60,sensitivity,Uncapped,2040,converted,category,EB-3,75,denominator,1,23499.0,,,,,1,0,0
catchall_55_60,sensitivity,Uncapped,2040,converted,category,EB-3,80,denominator,1,23499.0,,,,,1,0,0
catchall_55_60,sensitivity,Uncapped,2040,converted,category,EB-4,60,denominator,1,10827.0,,,,,1,0,0
catchall_55_60,sensitivity,Uncapped,2040,converted,category,EB-4,65,denominator,1,10827.0,,,,,1,0,0
catchall_55_60,sensitivity,Uncapped,2040,converted,category,EB-4,70,denominator,1,10827.0,,,,,1,0,0
catchall_55_60,sensitivity,Uncapped,2040,converted,category,EB-4,75,denominator,1,10827.0,,,,,1,0,0
catchall_55_60,sensitivity,Uncapped,2040,converted,category,EB-4,80,denominator,1,10827.0,,,,,1,0,0
catchall_55_60,sensitivity,Uncapped,2040,converted,category,EB-5,60,denominator,1,4715.0,,,,,1,0,0
catchall_55_60,sensitivity,Uncapped,2040,converted,category,EB-5,65,denominator,1,4715.0,,,,,1,0,0
catchall_55_60,sensitivity,Uncapped,2040,converted,category,EB-5,70,denominator,1,4715.0,,,,,1,0,0
catchall_55_60,sensitivity,Uncapped,2040,converted,category,EB-5,75,denominator,1,4715.0,,,,,1,0,0
catchall_55_60,sensitivity,Uncapped,2040,converted,category,EB-5,80,denominator,1,4715.0,,,,,1,0,0
catchall_55_60,sensitivity,Uncapped,2040,converted,nationality,India,60,denominator,1,26837.0,,,,,1,0,0
catchall_55_60,sensitivity,Uncapped,2040,converted,nationality,India,65,denominator,1,26837.0,,,,,1,0,0
catchall_55_60,sensitivity,Uncapped,2040,converted,nationality,India,70,denominator,1,26837.0,,,,,1,0,0
catchall_55_60,sensitivity,Uncapped,2040,converted,nationality,India,75,denominator,1,26837.0,,,,,1,0,0
catchall_55_60,sensitivity,Uncapped,2040,converted,nationality,India,80,denominator,1,26837.0,,,,,1,0,0
catchall_55_60,sensitivity,Uncapped,2040,converted,nationality,China,60,denominator,1,14590.0,,,,,1,0,0
catchall_55_60,sensitivity,Uncapped,2040,converted,nationality,China,65,denominator,1,14590.0,,,,,1,0,0
catchall_55_60,sensitivity,Uncapped,2040,converted,nationality,China,70,denominator,1,14590.0,,,,,1,0,0
catchall_55_60,sensitivity,Uncapped,2040,converted,nationality,China,75,denominator,1,14590.0,,,,,1,0,0
catchall_55_60,sensitivity,Uncapped,2040,converted,nationality,China,80,denominator,1,14590.0,,,,,1,0,0
catchall_55_60,sensitivity,Uncapped,2040,converted,nationality,ROW,60,denominator,1,42218.0,,,,,1,0,0
catchall_55_60,sensitivity,Uncapped,2040,converted,nationality,ROW,65,denominator,1,42218.0,,,,,1,0,0
catchall_55_60,sensitivity,Uncapped,2040,converted,nationality,ROW,70,denominator,1,42218.0,,,,,1,0,0
catchall_55_60,sensitivity,Uncapped,2040,converted,nationality,ROW,75,denominator,1,42218.0,,,,,1,0,0
catchall_55_60,sensitivity,Uncapped,2040,converted,nationality,ROW,80,denominator,1,42218.0,,,,,1,0,0
catchall_55_60,sensitivity,Uncapped,2040,still_waiting,overall,All EB,60,denominator,1,2572819.0,,,,,1,0,0
catchall_55_60,sensitivity,Uncapped,2040,still_waiting,overall,All EB,65,denominator,1,2572819.0,,,,,1,0,0
catchall_55_60,sensitivity,Uncapped,2040,still_waiting,overall,All EB,70,denominator,1,2572819.0,,,,,1,0,0
catchall_55_60,sensitivity,Uncapped,2040,still_waiting,overall,All EB,75,denominator,1,2572819.0,,,,,1,0,0
catchall_55_60,sensitivity,Uncapped,2040,still_waiting,overall,All EB,80,denominator,1,2572819.0,,,,,1,0,0
catchall_55_60,sensitivity,Uncapped,2040,still_waiting,category,EB-1,60,denominator,1,114165.0,,,,,1,0,0
catchall_55_60,sensitivity,Uncapped,2040,still_waiting,category,EB-1,65,denominator,1,114165.0,,,,,1,0,0
catchall_55_60,sensitivity,Uncapped,2040,still_waiting,category,EB-1,70,denominator,1,114165.0,,,,,1,0,0
catchall_55_60,sensitivity,Uncapped,2040,still_waiting,category,EB-1,75,denominator,1,114165.0,,,,,1,0,0
catchall_55_60,sensitivity,Uncapped,2040,still_waiting,category,EB-1,80,denominator,1,114165.0,,,,,1,0,0
catchall_55_60,sensitivity,Uncapped,2040,still_waiting,category,EB-2,60,denominator,1,952063.0,,,,,1,0,0
catchall_55_60,sensitivity,Uncapped,2040,still_waiting,category,EB-2,65,denominator,1,952063.0,,,,,1,0,0
catchall_55_60,sensitivity,Uncapped,2040,still_waiting,category,EB-2,70,denominator,1,952063.0,,,,,1,0,0
catchall_55_60,sensitivity,Uncapped,2040,still_waiting,category,EB-2,75,denominator,1,952063.0,,,,,1,0,0
catchall_55_60,sensitivity,Uncapped,2040,still_waiting,category,EB-2,80,denominator,1,952063.0,,,,,1,0,0
catchall_55_60,sensitivity,Uncapped,2040,still_waiting,category,EB-3,60,denominator,1,507457.0,,,,,1,0,0
catchall_55_60,sensitivity,Uncapped,2040,still_waiting,category,EB-3,65,denominator,1,507457.0,,,,,1,0,0
catchall_55_60,sensitivity,Uncapped,2040,still_waiting,category,EB-3,70,denominator,1,507457.0,,,,,1,0,0
catchall_55_60,sensitivity,Uncapped,2040,still_waiting,category,EB-3,75,denominator,1,507457.0,,,,,1,0,0
catchall_55_60,sensitivity,Uncapped,2040,still_waiting,category,EB-3,80,denominator,1,507457.0,,,,,1,0,0
catchall_55_60,sensitivity,Uncapped,2040,still_waiting,category,EB-4,60,denominator,1,979534.0,,,,,1,0,0
catchall_55_60,sensitivity,Uncapped,2040,still_waiting,category,EB-4,65,denominator,1,979534.0,,,,,1,0,0
catchall_55_60,sensitivity,Uncapped,2040,still_waiting,category,EB-4,70,denominator,1,979534.0,,,,,1,0,0
catchall_55_60,sensitivity,Uncapped,2040,still_waiting,category,EB-4,75,denominator,1,979534.0,,,,,1,0,0
catchall_55_60,sensitivity,Uncapped,2040,still_waiting,category,EB-4,80,denominator,1,979534.0,,,,,1,0,0
catchall_55_60,sensitivity,Uncapped,2040,still_waiting,category,EB-5,60,denominator,1,19600.0,,,,,1,0,0
catchall_55_60,sensitivity,Uncapped,2040,still_waiting,category,EB-5,65,denominator,1,19600.0,,,,,1,0,0
catchall_55_60,sensitivity,Uncapped,2040,still_waiting,category,EB-5,70,denominator,1,19600.0,,,,,1,0,0
catchall_55_60,sensitivity,Uncapped,2040,still_waiting,category,EB-5,75,denominator,1,19600.0,,,,,1,0,0
catchall_55_60,sensitivity,Uncapped,2040,still_waiting,category,EB-5,80,denominator,1,19600.0,,,,,1,0,0
catchall_55_60,sensitivity,Uncapped,2040,still_waiting,nationality,India,60,denominator,1,683420.0,,,,,1,0,0
catchall_55_60,sensitivity,Uncapped,2040,still_waiting,nationality,India,65,denominator,1,683420.0,,,,,1,0,0
catchall_55_60,sensitivity,Uncapped,2040,still_waiting,nationality,India,70,denominator,1,683420.0,,,,,1,0,0
catchall_55_60,sensitivity,Uncapped,2040,still_waiting,nationality,India,75,denominator,1,683420.0,,,,,1,0,0
catchall_55_60,sensitivity,Uncapped,2040,still_waiting,nationality,India,80,denominator,1,683420.0,,,,,1,0,0
catchall_55_60,sensitivity,Uncapped,2040,still_waiting,nationality,China,60,denominator,1,259657.0,,,,,1,0,0
catchall_55_60,sensitivity,Uncapped,2040,still_waiting,nationality,China,65,denominator,1,259657.0,,,,,1,0,0
catchall_55_60,sensitivity,Uncapped,2040,still_waiting,nationality,China,70,denominator,1,259657.0,,,,,1,0,0
catchall_55_60,sensitivity,Uncapped,2040,still_waiting,nationality,China,75,denominator,1,259657.0,,,,,1,0,0
catchall_55_60,sensitivity,Uncapped,2040,still_waiting,nationality,China,80,denominator,1,259657.0,,,,,1,0,0
catchall_55_60,sensitivity,Uncapped,2040,still_waiting,nationality,ROW,60,denominator,1,1629742.0,,,,,1,0,0
catchall_55_60,sensitivity,Uncapped,2040,still_waiting,nationality,ROW,65,denominator,1,1629742.0,,,,,1,0,0
catchall_55_60,sensitivity,Uncapped,2040,still_waiting,nationality,ROW,70,denominator,1,1629742.0,,,,,1,0,0
catchall_55_60,sensitivity,Uncapped,2040,still_waiting,nationality,ROW,75,denominator,1,1629742.0,,,,,1,0,0
catchall_55_60,sensitivity,Uncapped,2040,still_waiting,nationality,ROW,80,denominator,1,1629742.0,,,,,1,0,0
catchall_55_60,sensitivity,Capped,2024,converted,overall,All EB,60,denominator,1,77236.0,,,,,1,0,0
catchall_55_60,sensitivity,Capped,2024,converted,overall,All EB,65,denominator,1,77236.0,,,,,1,0,0
catchall_55_60,sensitivity,Capped,2024,converted,overall,All EB,70,denominator,1,77236.0,,,,,1,0,0
catchall_55_60,sensitivity,Capped,2024,converted,overall,All EB,75,denominator,1,77236.0,,,,,1,0,0
catchall_55_60,sensitivity,Capped,2024,converted,overall,All EB,80,denominator,1,77236.0,,,,,1,0,0
catchall_55_60,sensitivity,Capped,2024,converted,category,EB-1,60,denominator,1,20415.0,,,,,1,0,0
catchall_55_60,sensitivity,Capped,2024,converted,category,EB-1,65,denominator,1,20415.0,,,,,1,0,0
catchall_55_60,sensitivity,Capped,2024,converted,category,EB-1,70,denominator,1,20415.0,,,,,1,0,0
catchall_55_60,sensitivity,Capped,2024,converted,category,EB-1,75,denominator,1,20415.0,,,,,1,0,0
catchall_55_60,sensitivity,Capped,2024,converted,category,EB-1,80,denominator,1,20415.0,,,,,1,0,0
catchall_55_60,sensitivity,Capped,2024,converted,category,EB-2,60,denominator,1,21803.0,,,,,1,0,0
catchall_55_60,sensitivity,Capped,2024,converted,category,EB-2,65,denominator,1,21803.0,,,,,1,0,0
catchall_55_60,sensitivity,Capped,2024,converted,category,EB-2,70,denominator,1,21803.0,,,,,1,0,0
catchall_55_60,sensitivity,Capped,2024,converted,category,EB-2,75,denominator,1,21803.0,,,,,1,0,0
catchall_55_60,sensitivity,Capped,2024,converted,category,EB-2,80,denominator,1,21803.0,,,,,1,0,0
catchall_55_60,sensitivity,Capped,2024,converted,category,EB-3,60,denominator,1,22892.0,,,,,1,0,0
catchall_55_60,sensitivity,Capped,2024,converted,category,EB-3,65,denominator,1,22892.0,,,,,1,0,0
catchall_55_60,sensitivity,Capped,2024,converted,category,EB-3,70,denominator,1,22892.0,,,,,1,0,0
catchall_55_60,sensitivity,Capped,2024,converted,category,EB-3,75,denominator,1,22892.0,,,,,1,0,0
catchall_55_60,sensitivity,Capped,2024,converted,category,EB-3,80,denominator,1,22892.0,,,,,1,0,0
catchall_55_60,sensitivity,Capped,2024,converted,category,EB-4,60,denominator,1,7334.0,,,,,1,0,0
catchall_55_60,sensitivity,Capped,2024,converted,category,EB-4,65,denominator,1,7334.0,,,,,1,0,0
catchall_55_60,sensitivity,Capped,2024,converted,category,EB-4,70,denominator,1,7334.0,,,,,1,0,0
catchall_55_60,sensitivity,Capped,2024,converted,category,EB-4,75,denominator,1,7334.0,,,,,1,0,0
catchall_55_60,sensitivity,Capped,2024,converted,category,EB-4,80,denominator,1,7334.0,,,,,1,0,0
catchall_55_60,sensitivity,Capped,2024,converted,category,EB-5,60,denominator,1,4792.0,,,,,1,0,0
catchall_55_60,sensitivity,Capped,2024,converted,category,EB-5,65,denominator,1,4792.0,,,,,1,0,0
catchall_55_60,sensitivity,Capped,2024,converted,category,EB-5,70,denominator,1,4792.0,,,,,1,0,0
catchall_55_60,sensitivity,Capped,2024,converted,category,EB-5,75,denominator,1,4792.0,,,,,1,0,0
catchall_55_60,sensitivity,Capped,2024,converted,category,EB-5,80,denominator,1,4792.0,,,,,1,0,0
catchall_55_60,sensitivity,Capped,2024,converted,nationality,India,60,denominator,1,8787.0,,,,,1,0,0
catchall_55_60,sensitivity,Capped,2024,converted,nationality,India,65,denominator,1,8787.0,,,,,1,0,0
catchall_55_60,sensitivity,Capped,2024,converted,nationality,India,70,denominator,1,8787.0,,,,,1,0,0
catchall_55_60,sensitivity,Capped,2024,converted,nationality,India,75,denominator,1,8787.0,,,,,1,0,0
catchall_55_60,sensitivity,Capped,2024,converted,nationality,India,80,denominator,1,8787.0,,,,,1,0,0
catchall_55_60,sensitivity,Capped,2024,converted,nationality,China,60,denominator,1,9791.0,,,,,1,0,0
catchall_55_60,sensitivity,Capped,2024,converted,nationality,China,65,denominator,1,9791.0,,,,,1,0,0
catchall_55_60,sensitivity,Capped,2024,converted,nationality,China,70,denominator,1,9791.0,,,,,1,0,0
catchall_55_60,sensitivity,Capped,2024,converted,nationality,China,75,denominator,1,9791.0,,,,,1,0,0
catchall_55_60,sensitivity,Capped,2024,converted,nationality,China,80,denominator,1,9791.0,,,,,1,0,0
catchall_55_60,sensitivity,Capped,2024,converted,nationality,ROW,60,denominator,1,58658.0,,,,,1,0,0
catchall_55_60,sensitivity,Capped,2024,converted,nationality,ROW,65,denominator,1,58658.0,,,,,1,0,0
catchall_55_60,sensitivity,Capped,2024,converted,nationality,ROW,70,denominator,1,58658.0,,,,,1,0,0
catchall_55_60,sensitivity,Capped,2024,converted,nationality,ROW,75,denominator,1,58658.0,,,,,1,0,0
catchall_55_60,sensitivity,Capped,2024,converted,nationality,ROW,80,denominator,1,58658.0,,,,,1,0,0
catchall_55_60,sensitivity,Capped,2040,converted,overall,All EB,60,denominator,1,81440.0,,,,,1,0,0
catchall_55_60,sensitivity,Capped,2040,converted,overall,All EB,65,denominator,1,81440.0,,,,,1,0,0
catchall_55_60,sensitivity,Capped,2040,converted,overall,All EB,70,denominator,1,81440.0,,,,,1,0,0
catchall_55_60,sensitivity,Capped,2040,converted,overall,All EB,75,denominator,1,81440.0,,,,,1,0,0
catchall_55_60,sensitivity,Capped,2040,converted,overall,All EB,80,denominator,1,81440.0,,,,,1,0,0
catchall_55_60,sensitivity,Capped,2040,converted,category,EB-1,60,denominator,1,20445.0,,,,,1,0,0
catchall_55_60,sensitivity,Capped,2040,converted,category,EB-1,65,denominator,1,20445.0,,,,,1,0,0
catchall_55_60,sensitivity,Capped,2040,converted,category,EB-1,70,denominator,1,20445.0,,,,,1,0,0
catchall_55_60,sensitivity,Capped,2040,converted,category,EB-1,75,denominator,1,20445.0,,,,,1,0,0
catchall_55_60,sensitivity,Capped,2040,converted,category,EB-1,80,denominator,1,20445.0,,,,,1,0,0
catchall_55_60,sensitivity,Capped,2040,converted,category,EB-2,60,denominator,1,22269.0,,,,,1,0,0
catchall_55_60,sensitivity,Capped,2040,converted,category,EB-2,65,denominator,1,22269.0,,,,,1,0,0
catchall_55_60,sensitivity,Capped,2040,converted,category,EB-2,70,denominator,1,22269.0,,,,,1,0,0
catchall_55_60,sensitivity,Capped,2040,converted,category,EB-2,75,denominator,1,22269.0,,,,,1,0,0
catchall_55_60,sensitivity,Capped,2040,converted,category,EB-2,80,denominator,1,22269.0,,,,,1,0,0
catchall_55_60,sensitivity,Capped,2040,converted,category,EB-3,60,denominator,1,23441.0,,,,,1,0,0
catchall_55_60,sensitivity,Capped,2040,converted,category,EB-3,65,denominator,1,23441.0,,,,,1,0,0
catchall_55_60,sensitivity,Capped,2040,converted,category,EB-3,70,denominator,1,23441.0,,,,,1,0,0
catchall_55_60,sensitivity,Capped,2040,converted,category,EB-3,75,denominator,1,23441.0,,,,,1,0,0
catchall_55_60,sensitivity,Capped,2040,converted,category,EB-3,80,denominator,1,23441.0,,,,,1,0,0
catchall_55_60,sensitivity,Capped,2040,converted,category,EB-4,60,denominator,1,10597.0,,,,,1,0,0
catchall_55_60,sensitivity,Capped,2040,converted,category,EB-4,65,denominator,1,10597.0,,,,,1,0,0
catchall_55_60,sensitivity,Capped,2040,converted,category,EB-4,70,denominator,1,10597.0,,,,,1,0,0
catchall_55_60,sensitivity,Capped,2040,converted,category,EB-4,75,denominator,1,10597.0,,,,,1,0,0
catchall_55_60,sensitivity,Capped,2040,converted,category,EB-4,80,denominator,1,10597.0,,,,,1,0,0
catchall_55_60,sensitivity,Capped,2040,converted,category,EB-5,60,denominator,1,4688.0,,,,,1,0,0
catchall_55_60,sensitivity,Capped,2040,converted,category,EB-5,65,denominator,1,4688.0,,,,,1,0,0
catchall_55_60,sensitivity,Capped,2040,converted,category,EB-5,70,denominator,1,4688.0,,,,,1,0,0
catchall_55_60,sensitivity,Capped,2040,converted,category,EB-5,75,denominator,1,4688.0,,,,,1,0,0
catchall_55_60,sensitivity,Capped,2040,converted,category,EB-5,80,denominator,1,4688.0,,,,,1,0,0
catchall_55_60,sensitivity,Capped,2040,converted,nationality,India,60,denominator,1,9769.0,,,,,1,0,0
catchall_55_60,sensitivity,Capped,2040,converted,nationality,India,65,denominator,1,9769.0,,,,,1,0,0
catchall_55_60,sensitivity,Capped,2040,converted,nationality,India,70,denominator,1,9769.0,,,,,1,0,0
catchall_55_60,sensitivity,Capped,2040,converted,nationality,India,75,denominator,1,9769.0,,,,,1,0,0
catchall_55_60,sensitivity,Capped,2040,converted,nationality,India,80,denominator,1,9769.0,,,,,1,0,0
catchall_55_60,sensitivity,Capped,2040,converted,nationality,China,60,denominator,1,9691.0,,,,,1,0,0
catchall_55_60,sensitivity,Capped,2040,converted,nationality,China,65,denominator,1,9691.0,,,,,1,0,0
catchall_55_60,sensitivity,Capped,2040,converted,nationality,China,70,denominator,1,9691.0,,,,,1,0,0
catchall_55_60,sensitivity,Capped,2040,converted,nationality,China,75,denominator,1,9691.0,,,,,1,0,0
catchall_55_60,sensitivity,Capped,2040,converted,nationality,China,80,denominator,1,9691.0,,,,,1,0,0
catchall_55_60,sensitivity,Capped,2040,converted,nationality,ROW,60,denominator,1,61980.0,,,,,1,0,0
catchall_55_60,sensitivity,Capped,2040,converted,nationality,ROW,65,denominator,1,61980.0,,,,,1,0,0
catchall_55_60,sensitivity,Capped,2040,converted,nationality,ROW,70,denominator,1,61980.0,,,,,1,0,0
catchall_55_60,sensitivity,Capped,2040,converted,nationality,ROW,75,denominator,1,61980.0,,,,,1,0,0
catchall_55_60,sensitivity,Capped,2040,converted,nationality,ROW,80,denominator,1,61980.0,,,,,1,0,0
catchall_55_60,sensitivity,Capped,2040,still_waiting,overall,All EB,60,denominator,1,2515665.0,,,,,1,0,0
catchall_55_60,sensitivity,Capped,2040,still_waiting,overall,All EB,65,denominator,1,2515665.0,,,,,1,0,0
catchall_55_60,sensitivity,Capped,2040,still_waiting,overall,All EB,70,denominator,1,2515665.0,,,,,1,0,0
catchall_55_60,sensitivity,Capped,2040,still_waiting,overall,All EB,75,denominator,1,2515665.0,,,,,1,0,0
catchall_55_60,sensitivity,Capped,2040,still_waiting,overall,All EB,80,denominator,1,2515665.0,,,,,1,0,0
catchall_55_60,sensitivity,Capped,2040,still_waiting,category,EB-1,60,denominator,1,120821.0,,,,,1,0,0
catchall_55_60,sensitivity,Capped,2040,still_waiting,category,EB-1,65,denominator,1,120821.0,,,,,1,0,0
catchall_55_60,sensitivity,Capped,2040,still_waiting,category,EB-1,70,denominator,1,120821.0,,,,,1,0,0
catchall_55_60,sensitivity,Capped,2040,still_waiting,category,EB-1,75,denominator,1,120821.0,,,,,1,0,0
catchall_55_60,sensitivity,Capped,2040,still_waiting,category,EB-1,80,denominator,1,120821.0,,,,,1,0,0
catchall_55_60,sensitivity,Capped,2040,still_waiting,category,EB-2,60,denominator,1,903154.0,,,,,1,0,0
catchall_55_60,sensitivity,Capped,2040,still_waiting,category,EB-2,65,denominator,1,903154.0,,,,,1,0,0
catchall_55_60,sensitivity,Capped,2040,still_waiting,category,EB-2,70,denominator,1,903154.0,,,,,1,0,0
catchall_55_60,sensitivity,Capped,2040,still_waiting,category,EB-2,75,denominator,1,903154.0,,,,,1,0,0
catchall_55_60,sensitivity,Capped,2040,still_waiting,category,EB-2,80,denominator,1,903154.0,,,,,1,0,0
catchall_55_60,sensitivity,Capped,2040,still_waiting,category,EB-3,60,denominator,1,488259.0,,,,,1,0,0
catchall_55_60,sensitivity,Capped,2040,still_waiting,category,EB-3,65,denominator,1,488259.0,,,,,1,0,0
catchall_55_60,sensitivity,Capped,2040,still_waiting,category,EB-3,70,denominator,1,488259.0,,,,,1,0,0
catchall_55_60,sensitivity,Capped,2040,still_waiting,category,EB-3,75,denominator,1,488259.0,,,,,1,0,0
catchall_55_60,sensitivity,Capped,2040,still_waiting,category,EB-3,80,denominator,1,488259.0,,,,,1,0,0
catchall_55_60,sensitivity,Capped,2040,still_waiting,category,EB-4,60,denominator,1,983090.0,,,,,1,0,0
catchall_55_60,sensitivity,Capped,2040,still_waiting,category,EB-4,65,denominator,1,983090.0,,,,,1,0,0
catchall_55_60,sensitivity,Capped,2040,still_waiting,category,EB-4,70,denominator,1,983090.0,,,,,1,0,0
catchall_55_60,sensitivity,Capped,2040,still_waiting,category,EB-4,75,denominator,1,983090.0,,,,,1,0,0
catchall_55_60,sensitivity,Capped,2040,still_waiting,category,EB-4,80,denominator,1,983090.0,,,,,1,0,0
catchall_55_60,sensitivity,Capped,2040,still_waiting,category,EB-5,60,denominator,1,20341.0,,,,,1,0,0
catchall_55_60,sensitivity,Capped,2040,still_waiting,category,EB-5,65,denominator,1,20341.0,,,,,1,0,0
catchall_55_60,sensitivity,Capped,2040,still_waiting,category,EB-5,70,denominator,1,20341.0,,,,,1,0,0
catchall_55_60,sensitivity,Capped,2040,still_waiting,category,EB-5,75,denominator,1,20341.0,,,,,1,0,0
catchall_55_60,sensitivity,Capped,2040,still_waiting,category,EB-5,80,denominator,1,20341.0,,,,,1,0,0
catchall_55_60,sensitivity,Capped,2040,still_waiting,nationality,India,60,denominator,1,917335.0,,,,,1,0,0
catchall_55_60,sensitivity,Capped,2040,still_waiting,nationality,India,65,denominator,1,917335.0,,,,,1,0,0
catchall_55_60,sensitivity,Capped,2040,still_waiting,nationality,India,70,denominator,1,917335.0,,,,,1,0,0
catchall_55_60,sensitivity,Capped,2040,still_waiting,nationality,India,75,denominator,1,917335.0,,,,,1,0,0
catchall_55_60,sensitivity,Capped,2040,still_waiting,nationality,India,80,denominator,1,917335.0,,,,,1,0,0
catchall_55_60,sensitivity,Capped,2040,still_waiting,nationality,China,60,denominator,1,311425.0,,,,,1,0,0
catchall_55_60,sensitivity,Capped,2040,still_waiting,nationality,China,65,denominator,1,311425.0,,,,,1,0,0
catchall_55_60,sensitivity,Capped,2040,still_waiting,nationality,China,70,denominator,1,311425.0,,,,,1,0,0
catchall_55_60,sensitivity,Capped,2040,still_waiting,nationality,China,75,denominator,1,311425.0,,,,,1,0,0
catchall_55_60,sensitivity,Capped,2040,still_waiting,nationality,China,80,denominator,1,311425.0,,,,,1,0,0
catchall_55_60,sensitivity,Capped,2040,still_waiting,nationality,ROW,60,denominator,1,1286905.0,,,,,1,0,0
catchall_55_60,sensitivity,Capped,2040,still_waiting,nationality,ROW,65,denominator,1,1286905.0,,,,,1,0,0
catchall_55_60,sensitivity,Capped,2040,still_waiting,nationality,ROW,70,denominator,1,1286905.0,,,,,1,0,0
catchall_55_60,sensitivity,Capped,2040,still_waiting,nationality,ROW,75,denominator,1,1286905.0,,,,,1,0,0
catchall_55_60,sensitivity,Capped,2040,still_waiting,nationality,ROW,80,denominator,1,1286905.0,,,,,1,0,0
catchall_65_70,sensitivity,Uncapped,2024,converted,overall,All EB,60,denominator,1,76823.0,,,,,1,0,0
catchall_65_70,sensitivity,Uncapped,2024,converted,overall,All EB,65,denominator,1,76823.0,,,,,1,0,0
catchall_65_70,sensitivity,Uncapped,2024,converted,overall,All EB,70,denominator,1,76823.0,,,,,1,0,0
catchall_65_70,sensitivity,Uncapped,2024,converted,overall,All EB,75,denominator,1,76823.0,,,,,1,0,0
catchall_65_70,sensitivity,Uncapped,2024,converted,overall,All EB,80,denominator,1,76823.0,,,,,1,0,0
catchall_65_70,sensitivity,Uncapped,2024,converted,category,EB-1,60,denominator,1,20378.0,,,,,1,0,0
catchall_65_70,sensitivity,Uncapped,2024,converted,category,EB-1,65,denominator,1,20378.0,,,,,1,0,0
catchall_65_70,sensitivity,Uncapped,2024,converted,category,EB-1,70,denominator,1,20378.0,,,,,1,0,0
catchall_65_70,sensitivity,Uncapped,2024,converted,category,EB-1,75,denominator,1,20378.0,,,,,1,0,0
catchall_65_70,sensitivity,Uncapped,2024,converted,category,EB-1,80,denominator,1,20378.0,,,,,1,0,0
catchall_65_70,sensitivity,Uncapped,2024,converted,category,EB-2,60,denominator,1,21785.0,,,,,1,0,0
catchall_65_70,sensitivity,Uncapped,2024,converted,category,EB-2,65,denominator,1,21785.0,,,,,1,0,0
catchall_65_70,sensitivity,Uncapped,2024,converted,category,EB-2,70,denominator,1,21785.0,,,,,1,0,0
catchall_65_70,sensitivity,Uncapped,2024,converted,category,EB-2,75,denominator,1,21785.0,,,,,1,0,0
catchall_65_70,sensitivity,Uncapped,2024,converted,category,EB-2,80,denominator,1,21785.0,,,,,1,0,0
catchall_65_70,sensitivity,Uncapped,2024,converted,category,EB-3,60,denominator,1,22933.0,,,,,1,0,0
catchall_65_70,sensitivity,Uncapped,2024,converted,category,EB-3,65,denominator,1,22933.0,,,,,1,0,0
catchall_65_70,sensitivity,Uncapped,2024,converted,category,EB-3,70,denominator,1,22933.0,,,,,1,0,0
catchall_65_70,sensitivity,Uncapped,2024,converted,category,EB-3,75,denominator,1,22933.0,,,,,1,0,0
catchall_65_70,sensitivity,Uncapped,2024,converted,category,EB-3,80,denominator,1,22933.0,,,,,1,0,0
catchall_65_70,sensitivity,Uncapped,2024,converted,category,EB-4,60,denominator,1,6914.0,,,,,1,0,0
catchall_65_70,sensitivity,Uncapped,2024,converted,category,EB-4,65,denominator,1,6914.0,,,,,1,0,0
catchall_65_70,sensitivity,Uncapped,2024,converted,category,EB-4,70,denominator,1,6914.0,,,,,1,0,0
catchall_65_70,sensitivity,Uncapped,2024,converted,category,EB-4,75,denominator,1,6914.0,,,,,1,0,0
catchall_65_70,sensitivity,Uncapped,2024,converted,category,EB-4,80,denominator,1,6914.0,,,,,1,0,0
catchall_65_70,sensitivity,Uncapped,2024,converted,category,EB-5,60,denominator,1,4813.0,,,,,1,0,0
catchall_65_70,sensitivity,Uncapped,2024,converted,category,EB-5,65,denominator,1,4813.0,,,,,1,0,0
catchall_65_70,sensitivity,Uncapped,2024,converted,category,EB-5,70,denominator,1,4813.0,,,,,1,0,0
catchall_65_70,sensitivity,Uncapped,2024,converted,category,EB-5,75,denominator,1,4813.0,,,,,1,0,0
catchall_65_70,sensitivity,Uncapped,2024,converted,category,EB-5,80,denominator,1,4813.0,,,,,1,0,0
catchall_65_70,sensitivity,Uncapped,2024,converted,nationality,India,60,denominator,1,8837.0,,,,,1,0,0
catchall_65_70,sensitivity,Uncapped,2024,converted,nationality,India,65,denominator,1,8837.0,,,,,1,0,0
catchall_65_70,sensitivity,Uncapped,2024,converted,nationality,India,70,denominator,1,8837.0,,,,,1,0,0
catchall_65_70,sensitivity,Uncapped,2024,converted,nationality,India,75,denominator,1,8837.0,,,,,1,0,0
catchall_65_70,sensitivity,Uncapped,2024,converted,nationality,India,80,denominator,1,8837.0,,,,,1,0,0
catchall_65_70,sensitivity,Uncapped,2024,converted,nationality,China,60,denominator,1,9774.0,,,,,1,0,0
catchall_65_70,sensitivity,Uncapped,2024,converted,nationality,China,65,denominator,1,9774.0,,,,,1,0,0
catchall_65_70,sensitivity,Uncapped,2024,converted,nationality,China,70,denominator,1,9774.0,,,,,1,0,0
catchall_65_70,sensitivity,Uncapped,2024,converted,nationality,China,75,denominator,1,9774.0,,,,,1,0,0
catchall_65_70,sensitivity,Uncapped,2024,converted,nationality,China,80,denominator,1,9774.0,,,,,1,0,0
catchall_65_70,sensitivity,Uncapped,2024,converted,nationality,ROW,60,denominator,1,58212.0,,,,,1,0,0
catchall_65_70,sensitivity,Uncapped,2024,converted,nationality,ROW,65,denominator,1,58212.0,,,,,1,0,0
catchall_65_70,sensitivity,Uncapped,2024,converted,nationality,ROW,70,denominator,1,58212.0,,,,,1,0,0
catchall_65_70,sensitivity,Uncapped,2024,converted,nationality,ROW,75,denominator,1,58212.0,,,,,1,0,0
catchall_65_70,sensitivity,Uncapped,2024,converted,nationality,ROW,80,denominator,1,58212.0,,,,,1,0,0
catchall_65_70,sensitivity,Uncapped,2040,converted,overall,All EB,60,denominator,1,83368.0,,,,,1,0,0
catchall_65_70,sensitivity,Uncapped,2040,converted,overall,All EB,65,denominator,1,83368.0,,,,,1,0,0
catchall_65_70,sensitivity,Uncapped,2040,converted,overall,All EB,70,denominator,1,83368.0,,,,,1,0,0
catchall_65_70,sensitivity,Uncapped,2040,converted,overall,All EB,75,denominator,1,83368.0,,,,,1,0,0
catchall_65_70,sensitivity,Uncapped,2040,converted,overall,All EB,80,denominator,1,83368.0,,,,,1,0,0
catchall_65_70,sensitivity,Uncapped,2040,converted,category,EB-1,60,denominator,1,20668.0,,,,,1,0,0
catchall_65_70,sensitivity,Uncapped,2040,converted,category,EB-1,65,denominator,1,20668.0,,,,,1,0,0
catchall_65_70,sensitivity,Uncapped,2040,converted,category,EB-1,70,denominator,1,20668.0,,,,,1,0,0
catchall_65_70,sensitivity,Uncapped,2040,converted,category,EB-1,75,denominator,1,20668.0,,,,,1,0,0
catchall_65_70,sensitivity,Uncapped,2040,converted,category,EB-1,80,denominator,1,20668.0,,,,,1,0,0
catchall_65_70,sensitivity,Uncapped,2040,converted,category,EB-2,60,denominator,1,24309.0,,,,,1,0,0
catchall_65_70,sensitivity,Uncapped,2040,converted,category,EB-2,65,denominator,1,24309.0,,,,,1,0,0
catchall_65_70,sensitivity,Uncapped,2040,converted,category,EB-2,70,denominator,1,24309.0,,,,,1,0,0
catchall_65_70,sensitivity,Uncapped,2040,converted,category,EB-2,75,denominator,1,24309.0,,,,,1,0,0
catchall_65_70,sensitivity,Uncapped,2040,converted,category,EB-2,80,denominator,1,24309.0,,,,,1,0,0
catchall_65_70,sensitivity,Uncapped,2040,converted,category,EB-3,60,denominator,1,23847.0,,,,,1,0,0
catchall_65_70,sensitivity,Uncapped,2040,converted,category,EB-3,65,denominator,1,23847.0,,,,,1,0,0
catchall_65_70,sensitivity,Uncapped,2040,converted,category,EB-3,70,denominator,1,23847.0,,,,,1,0,0
catchall_65_70,sensitivity,Uncapped,2040,converted,category,EB-3,75,denominator,1,23847.0,,,,,1,0,0
catchall_65_70,sensitivity,Uncapped,2040,converted,category,EB-3,80,denominator,1,23847.0,,,,,1,0,0
catchall_65_70,sensitivity,Uncapped,2040,converted,category,EB-4,60,denominator,1,9834.0,,,,,1,0,0
catchall_65_70,sensitivity,Uncapped,2040,converted,category,EB-4,65,denominator,1,9834.0,,,,,1,0,0
catchall_65_70,sensitivity,Uncapped,2040,converted,category,EB-4,70,denominator,1,9834.0,,,,,1,0,0
catchall_65_70,sensitivity,Uncapped,2040,converted,category,EB-4,75,denominator,1,9834.0,,,,,1,0,0
catchall_65_70,sensitivity,Uncapped,2040,converted,category,EB-4,80,denominator,1,9834.0,,,,,1,0,0
catchall_65_70,sensitivity,Uncapped,2040,converted,category,EB-5,60,denominator,1,4710.0,,,,,1,0,0
catchall_65_70,sensitivity,Uncapped,2040,converted,category,EB-5,65,denominator,1,4710.0,,,,,1,0,0
catchall_65_70,sensitivity,Uncapped,2040,converted,category,EB-5,70,denominator,1,4710.0,,,,,1,0,0
catchall_65_70,sensitivity,Uncapped,2040,converted,category,EB-5,75,denominator,1,4710.0,,,,,1,0,0
catchall_65_70,sensitivity,Uncapped,2040,converted,category,EB-5,80,denominator,1,4710.0,,,,,1,0,0
catchall_65_70,sensitivity,Uncapped,2040,converted,nationality,India,60,denominator,1,26350.0,,,,,1,0,0
catchall_65_70,sensitivity,Uncapped,2040,converted,nationality,India,65,denominator,1,26350.0,,,,,1,0,0
catchall_65_70,sensitivity,Uncapped,2040,converted,nationality,India,70,denominator,1,26350.0,,,,,1,0,0
catchall_65_70,sensitivity,Uncapped,2040,converted,nationality,India,75,denominator,1,26350.0,,,,,1,0,0
catchall_65_70,sensitivity,Uncapped,2040,converted,nationality,India,80,denominator,1,26350.0,,,,,1,0,0
catchall_65_70,sensitivity,Uncapped,2040,converted,nationality,China,60,denominator,1,14344.0,,,,,1,0,0
catchall_65_70,sensitivity,Uncapped,2040,converted,nationality,China,65,denominator,1,14344.0,,,,,1,0,0
catchall_65_70,sensitivity,Uncapped,2040,converted,nationality,China,70,denominator,1,14344.0,,,,,1,0,0
catchall_65_70,sensitivity,Uncapped,2040,converted,nationality,China,75,denominator,1,14344.0,,,,,1,0,0
catchall_65_70,sensitivity,Uncapped,2040,converted,nationality,China,80,denominator,1,14344.0,,,,,1,0,0
catchall_65_70,sensitivity,Uncapped,2040,converted,nationality,ROW,60,denominator,1,42674.0,,,,,1,0,0
catchall_65_70,sensitivity,Uncapped,2040,converted,nationality,ROW,65,denominator,1,42674.0,,,,,1,0,0
catchall_65_70,sensitivity,Uncapped,2040,converted,nationality,ROW,70,denominator,1,42674.0,,,,,1,0,0
catchall_65_70,sensitivity,Uncapped,2040,converted,nationality,ROW,75,denominator,1,42674.0,,,,,1,0,0
catchall_65_70,sensitivity,Uncapped,2040,converted,nationality,ROW,80,denominator,1,42674.0,,,,,1,0,0
catchall_65_70,sensitivity,Uncapped,2040,still_waiting,overall,All EB,60,denominator,1,2892677.0,,,,,1,0,0
catchall_65_70,sensitivity,Uncapped,2040,still_waiting,overall,All EB,65,denominator,1,2892677.0,,,,,1,0,0
catchall_65_70,sensitivity,Uncapped,2040,still_waiting,overall,All EB,70,denominator,1,2892677.0,,,,,1,0,0
catchall_65_70,sensitivity,Uncapped,2040,still_waiting,overall,All EB,75,denominator,1,2892677.0,,,,,1,0,0
catchall_65_70,sensitivity,Uncapped,2040,still_waiting,overall,All EB,80,denominator,1,2892677.0,,,,,1,0,0
catchall_65_70,sensitivity,Uncapped,2040,still_waiting,category,EB-1,60,denominator,1,126374.0,,,,,1,0,0
catchall_65_70,sensitivity,Uncapped,2040,still_waiting,category,EB-1,65,denominator,1,126374.0,,,,,1,0,0
catchall_65_70,sensitivity,Uncapped,2040,still_waiting,category,EB-1,70,denominator,1,126374.0,,,,,1,0,0
catchall_65_70,sensitivity,Uncapped,2040,still_waiting,category,EB-1,75,denominator,1,126374.0,,,,,1,0,0
catchall_65_70,sensitivity,Uncapped,2040,still_waiting,category,EB-1,80,denominator,1,126374.0,,,,,1,0,0
catchall_65_70,sensitivity,Uncapped,2040,still_waiting,category,EB-2,60,denominator,1,1107968.0,,,,,1,0,0
catchall_65_70,sensitivity,Uncapped,2040,still_waiting,category,EB-2,65,denominator,1,1107968.0,,,,,1,0,0
catchall_65_70,sensitivity,Uncapped,2040,still_waiting,category,EB-2,70,denominator,1,1107968.0,,,,,1,0,0
catchall_65_70,sensitivity,Uncapped,2040,still_waiting,category,EB-2,75,denominator,1,1107968.0,,,,,1,0,0
catchall_65_70,sensitivity,Uncapped,2040,still_waiting,category,EB-2,80,denominator,1,1107968.0,,,,,1,0,0
catchall_65_70,sensitivity,Uncapped,2040,still_waiting,category,EB-3,60,denominator,1,581868.0,,,,,1,0,0
catchall_65_70,sensitivity,Uncapped,2040,still_waiting,category,EB-3,65,denominator,1,581868.0,,,,,1,0,0
catchall_65_70,sensitivity,Uncapped,2040,still_waiting,category,EB-3,70,denominator,1,581868.0,,,,,1,0,0
catchall_65_70,sensitivity,Uncapped,2040,still_waiting,category,EB-3,75,denominator,1,581868.0,,,,,1,0,0
catchall_65_70,sensitivity,Uncapped,2040,still_waiting,category,EB-3,80,denominator,1,581868.0,,,,,1,0,0
catchall_65_70,sensitivity,Uncapped,2040,still_waiting,category,EB-4,60,denominator,1,1048444.0,,,,,1,0,0
catchall_65_70,sensitivity,Uncapped,2040,still_waiting,category,EB-4,65,denominator,1,1048444.0,,,,,1,0,0
catchall_65_70,sensitivity,Uncapped,2040,still_waiting,category,EB-4,70,denominator,1,1048444.0,,,,,1,0,0
catchall_65_70,sensitivity,Uncapped,2040,still_waiting,category,EB-4,75,denominator,1,1048444.0,,,,,1,0,0
catchall_65_70,sensitivity,Uncapped,2040,still_waiting,category,EB-4,80,denominator,1,1048444.0,,,,,1,0,0
catchall_65_70,sensitivity,Uncapped,2040,still_waiting,category,EB-5,60,denominator,1,28023.0,,,,,1,0,0
catchall_65_70,sensitivity,Uncapped,2040,still_waiting,category,EB-5,65,denominator,1,28023.0,,,,,1,0,0
catchall_65_70,sensitivity,Uncapped,2040,still_waiting,category,EB-5,70,denominator,1,28023.0,,,,,1,0,0
catchall_65_70,sensitivity,Uncapped,2040,still_waiting,category,EB-5,75,denominator,1,28023.0,,,,,1,0,0
catchall_65_70,sensitivity,Uncapped,2040,still_waiting,category,EB-5,80,denominator,1,28023.0,,,,,1,0,0
catchall_65_70,sensitivity,Uncapped,2040,still_waiting,nationality,India,60,denominator,1,775176.0,,,,,1,0,0
catchall_65_70,sensitivity,Uncapped,2040,still_waiting,nationality,India,65,denominator,1,775176.0,,,,,1,0,0
catchall_65_70,sensitivity,Uncapped,2040,still_waiting,nationality,India,70,denominator,1,775176.0,,,,,1,0,0
catchall_65_70,sensitivity,Uncapped,2040,still_waiting,nationality,India,75,denominator,1,775176.0,,,,,1,0,0
catchall_65_70,sensitivity,Uncapped,2040,still_waiting,nationality,India,80,denominator,1,775176.0,,,,,1,0,0
catchall_65_70,sensitivity,Uncapped,2040,still_waiting,nationality,China,60,denominator,1,297876.0,,,,,1,0,0
catchall_65_70,sensitivity,Uncapped,2040,still_waiting,nationality,China,65,denominator,1,297876.0,,,,,1,0,0
catchall_65_70,sensitivity,Uncapped,2040,still_waiting,nationality,China,70,denominator,1,297876.0,,,,,1,0,0
catchall_65_70,sensitivity,Uncapped,2040,still_waiting,nationality,China,75,denominator,1,297876.0,,,,,1,0,0
catchall_65_70,sensitivity,Uncapped,2040,still_waiting,nationality,China,80,denominator,1,297876.0,,,,,1,0,0
catchall_65_70,sensitivity,Uncapped,2040,still_waiting,nationality,ROW,60,denominator,1,1819625.0,,,,,1,0,0
catchall_65_70,sensitivity,Uncapped,2040,still_waiting,nationality,ROW,65,denominator,1,1819625.0,,,,,1,0,0
catchall_65_70,sensitivity,Uncapped,2040,still_waiting,nationality,ROW,70,denominator,1,1819625.0,,,,,1,0,0
catchall_65_70,sensitivity,Uncapped,2040,still_waiting,nationality,ROW,75,denominator,1,1819625.0,,,,,1,0,0
catchall_65_70,sensitivity,Uncapped,2040,still_waiting,nationality,ROW,80,denominator,1,1819625.0,,,,,1,0,0
catchall_65_70,sensitivity,Capped,2024,converted,overall,All EB,60,denominator,1,76823.0,,,,,1,0,0
catchall_65_70,sensitivity,Capped,2024,converted,overall,All EB,65,denominator,1,76823.0,,,,,1,0,0
catchall_65_70,sensitivity,Capped,2024,converted,overall,All EB,70,denominator,1,76823.0,,,,,1,0,0
catchall_65_70,sensitivity,Capped,2024,converted,overall,All EB,75,denominator,1,76823.0,,,,,1,0,0
catchall_65_70,sensitivity,Capped,2024,converted,overall,All EB,80,denominator,1,76823.0,,,,,1,0,0
catchall_65_70,sensitivity,Capped,2024,converted,category,EB-1,60,denominator,1,20378.0,,,,,1,0,0
catchall_65_70,sensitivity,Capped,2024,converted,category,EB-1,65,denominator,1,20378.0,,,,,1,0,0
catchall_65_70,sensitivity,Capped,2024,converted,category,EB-1,70,denominator,1,20378.0,,,,,1,0,0
catchall_65_70,sensitivity,Capped,2024,converted,category,EB-1,75,denominator,1,20378.0,,,,,1,0,0
catchall_65_70,sensitivity,Capped,2024,converted,category,EB-1,80,denominator,1,20378.0,,,,,1,0,0
catchall_65_70,sensitivity,Capped,2024,converted,category,EB-2,60,denominator,1,21785.0,,,,,1,0,0
catchall_65_70,sensitivity,Capped,2024,converted,category,EB-2,65,denominator,1,21785.0,,,,,1,0,0
catchall_65_70,sensitivity,Capped,2024,converted,category,EB-2,70,denominator,1,21785.0,,,,,1,0,0
catchall_65_70,sensitivity,Capped,2024,converted,category,EB-2,75,denominator,1,21785.0,,,,,1,0,0
catchall_65_70,sensitivity,Capped,2024,converted,category,EB-2,80,denominator,1,21785.0,,,,,1,0,0
catchall_65_70,sensitivity,Capped,2024,converted,category,EB-3,60,denominator,1,22933.0,,,,,1,0,0
catchall_65_70,sensitivity,Capped,2024,converted,category,EB-3,65,denominator,1,22933.0,,,,,1,0,0
catchall_65_70,sensitivity,Capped,2024,converted,category,EB-3,70,denominator,1,22933.0,,,,,1,0,0
catchall_65_70,sensitivity,Capped,2024,converted,category,EB-3,75,denominator,1,22933.0,,,,,1,0,0
catchall_65_70,sensitivity,Capped,2024,converted,category,EB-3,80,denominator,1,22933.0,,,,,1,0,0
catchall_65_70,sensitivity,Capped,2024,converted,category,EB-4,60,denominator,1,6914.0,,,,,1,0,0
catchall_65_70,sensitivity,Capped,2024,converted,category,EB-4,65,denominator,1,6914.0,,,,,1,0,0
catchall_65_70,sensitivity,Capped,2024,converted,category,EB-4,70,denominator,1,6914.0,,,,,1,0,0
catchall_65_70,sensitivity,Capped,2024,converted,category,EB-4,75,denominator,1,6914.0,,,,,1,0,0
catchall_65_70,sensitivity,Capped,2024,converted,category,EB-4,80,denominator,1,6914.0,,,,,1,0,0
catchall_65_70,sensitivity,Capped,2024,converted,category,EB-5,60,denominator,1,4813.0,,,,,1,0,0
catchall_65_70,sensitivity,Capped,2024,converted,category,EB-5,65,denominator,1,4813.0,,,,,1,0,0
catchall_65_70,sensitivity,Capped,2024,converted,category,EB-5,70,denominator,1,4813.0,,,,,1,0,0
catchall_65_70,sensitivity,Capped,2024,converted,category,EB-5,75,denominator,1,4813.0,,,,,1,0,0
catchall_65_70,sensitivity,Capped,2024,converted,category,EB-5,80,denominator,1,4813.0,,,,,1,0,0
catchall_65_70,sensitivity,Capped,2024,converted,nationality,India,60,denominator,1,8837.0,,,,,1,0,0
catchall_65_70,sensitivity,Capped,2024,converted,nationality,India,65,denominator,1,8837.0,,,,,1,0,0
catchall_65_70,sensitivity,Capped,2024,converted,nationality,India,70,denominator,1,8837.0,,,,,1,0,0
catchall_65_70,sensitivity,Capped,2024,converted,nationality,India,75,denominator,1,8837.0,,,,,1,0,0
catchall_65_70,sensitivity,Capped,2024,converted,nationality,India,80,denominator,1,8837.0,,,,,1,0,0
catchall_65_70,sensitivity,Capped,2024,converted,nationality,China,60,denominator,1,9774.0,,,,,1,0,0
catchall_65_70,sensitivity,Capped,2024,converted,nationality,China,65,denominator,1,9774.0,,,,,1,0,0
catchall_65_70,sensitivity,Capped,2024,converted,nationality,China,70,denominator,1,9774.0,,,,,1,0,0
catchall_65_70,sensitivity,Capped,2024,converted,nationality,China,75,denominator,1,9774.0,,,,,1,0,0
catchall_65_70,sensitivity,Capped,2024,converted,nationality,China,80,denominator,1,9774.0,,,,,1,0,0
catchall_65_70,sensitivity,Capped,2024,converted,nationality,ROW,60,denominator,1,58212.0,,,,,1,0,0
catchall_65_70,sensitivity,Capped,2024,converted,nationality,ROW,65,denominator,1,58212.0,,,,,1,0,0
catchall_65_70,sensitivity,Capped,2024,converted,nationality,ROW,70,denominator,1,58212.0,,,,,1,0,0
catchall_65_70,sensitivity,Capped,2024,converted,nationality,ROW,75,denominator,1,58212.0,,,,,1,0,0
catchall_65_70,sensitivity,Capped,2024,converted,nationality,ROW,80,denominator,1,58212.0,,,,,1,0,0
catchall_65_70,sensitivity,Capped,2040,converted,overall,All EB,60,denominator,1,79758.0,,,,,1,0,0
catchall_65_70,sensitivity,Capped,2040,converted,overall,All EB,65,denominator,1,79758.0,,,,,1,0,0
catchall_65_70,sensitivity,Capped,2040,converted,overall,All EB,70,denominator,1,79758.0,,,,,1,0,0
catchall_65_70,sensitivity,Capped,2040,converted,overall,All EB,75,denominator,1,79758.0,,,,,1,0,0
catchall_65_70,sensitivity,Capped,2040,converted,overall,All EB,80,denominator,1,79758.0,,,,,1,0,0
catchall_65_70,sensitivity,Capped,2040,converted,category,EB-1,60,denominator,1,20494.0,,,,,1,0,0
catchall_65_70,sensitivity,Capped,2040,converted,category,EB-1,65,denominator,1,20494.0,,,,,1,0,0
catchall_65_70,sensitivity,Capped,2040,converted,category,EB-1,70,denominator,1,20494.0,,,,,1,0,0
catchall_65_70,sensitivity,Capped,2040,converted,category,EB-1,75,denominator,1,20494.0,,,,,1,0,0
catchall_65_70,sensitivity,Capped,2040,converted,category,EB-1,80,denominator,1,20494.0,,,,,1,0,0
catchall_65_70,sensitivity,Capped,2040,converted,category,EB-2,60,denominator,1,22454.0,,,,,1,0,0
catchall_65_70,sensitivity,Capped,2040,converted,category,EB-2,65,denominator,1,22454.0,,,,,1,0,0
catchall_65_70,sensitivity,Capped,2040,converted,category,EB-2,70,denominator,1,22454.0,,,,,1,0,0
catchall_65_70,sensitivity,Capped,2040,converted,category,EB-2,75,denominator,1,22454.0,,,,,1,0,0
catchall_65_70,sensitivity,Capped,2040,converted,category,EB-2,80,denominator,1,22454.0,,,,,1,0,0
catchall_65_70,sensitivity,Capped,2040,converted,category,EB-3,60,denominator,1,23567.0,,,,,1,0,0
catchall_65_70,sensitivity,Capped,2040,converted,category,EB-3,65,denominator,1,23567.0,,,,,1,0,0
catchall_65_70,sensitivity,Capped,2040,converted,category,EB-3,70,denominator,1,23567.0,,,,,1,0,0
catchall_65_70,sensitivity,Capped,2040,converted,category,EB-3,75,denominator,1,23567.0,,,,,1,0,0
catchall_65_70,sensitivity,Capped,2040,converted,category,EB-3,80,denominator,1,23567.0,,,,,1,0,0
catchall_65_70,sensitivity,Capped,2040,converted,category,EB-4,60,denominator,1,8496.0,,,,,1,0,0
catchall_65_70,sensitivity,Capped,2040,converted,category,EB-4,65,denominator,1,8496.0,,,,,1,0,0
catchall_65_70,sensitivity,Capped,2040,converted,category,EB-4,70,denominator,1,8496.0,,,,,1,0,0
catchall_65_70,sensitivity,Capped,2040,converted,category,EB-4,75,denominator,1,8496.0,,,,,1,0,0
catchall_65_70,sensitivity,Capped,2040,converted,category,EB-4,80,denominator,1,8496.0,,,,,1,0,0
catchall_65_70,sensitivity,Capped,2040,converted,category,EB-5,60,denominator,1,4747.0,,,,,1,0,0
catchall_65_70,sensitivity,Capped,2040,converted,category,EB-5,65,denominator,1,4747.0,,,,,1,0,0
catchall_65_70,sensitivity,Capped,2040,converted,category,EB-5,70,denominator,1,4747.0,,,,,1,0,0
catchall_65_70,sensitivity,Capped,2040,converted,category,EB-5,75,denominator,1,4747.0,,,,,1,0,0
catchall_65_70,sensitivity,Capped,2040,converted,category,EB-5,80,denominator,1,4747.0,,,,,1,0,0
catchall_65_70,sensitivity,Capped,2040,converted,nationality,India,60,denominator,1,9818.0,,,,,1,0,0
catchall_65_70,sensitivity,Capped,2040,converted,nationality,India,65,denominator,1,9818.0,,,,,1,0,0
catchall_65_70,sensitivity,Capped,2040,converted,nationality,India,70,denominator,1,9818.0,,,,,1,0,0
catchall_65_70,sensitivity,Capped,2040,converted,nationality,India,75,denominator,1,9818.0,,,,,1,0,0
catchall_65_70,sensitivity,Capped,2040,converted,nationality,India,80,denominator,1,9818.0,,,,,1,0,0
catchall_65_70,sensitivity,Capped,2040,converted,nationality,China,60,denominator,1,9785.0,,,,,1,0,0
catchall_65_70,sensitivity,Capped,2040,converted,nationality,China,65,denominator,1,9785.0,,,,,1,0,0
catchall_65_70,sensitivity,Capped,2040,converted,nationality,China,70,denominator,1,9785.0,,,,,1,0,0
catchall_65_70,sensitivity,Capped,2040,converted,nationality,China,75,denominator,1,9785.0,,,,,1,0,0
catchall_65_70,sensitivity,Capped,2040,converted,nationality,China,80,denominator,1,9785.0,,,,,1,0,0
catchall_65_70,sensitivity,Capped,2040,converted,nationality,ROW,60,denominator,1,60155.0,,,,,1,0,0
catchall_65_70,sensitivity,Capped,2040,converted,nationality,ROW,65,denominator,1,60155.0,,,,,1,0,0
catchall_65_70,sensitivity,Capped,2040,converted,nationality,ROW,70,denominator,1,60155.0,,,,,1,0,0
catchall_65_70,sensitivity,Capped,2040,converted,nationality,ROW,75,denominator,1,60155.0,,,,,1,0,0
catchall_65_70,sensitivity,Capped,2040,converted,nationality,ROW,80,denominator,1,60155.0,,,,,1,0,0
catchall_65_70,sensitivity,Capped,2040,still_waiting,overall,All EB,60,denominator,1,2911756.0,,,,,1,0,0
catchall_65_70,sensitivity,Capped,2040,still_waiting,overall,All EB,65,denominator,1,2911756.0,,,,,1,0,0
catchall_65_70,sensitivity,Capped,2040,still_waiting,overall,All EB,70,denominator,1,2911756.0,,,,,1,0,0
catchall_65_70,sensitivity,Capped,2040,still_waiting,overall,All EB,75,denominator,1,2911756.0,,,,,1,0,0
catchall_65_70,sensitivity,Capped,2040,still_waiting,overall,All EB,80,denominator,1,2911756.0,,,,,1,0,0
catchall_65_70,sensitivity,Capped,2040,still_waiting,category,EB-1,60,denominator,1,131381.0,,,,,1,0,0
catchall_65_70,sensitivity,Capped,2040,still_waiting,category,EB-1,65,denominator,1,131381.0,,,,,1,0,0
catchall_65_70,sensitivity,Capped,2040,still_waiting,category,EB-1,70,denominator,1,131381.0,,,,,1,0,0
catchall_65_70,sensitivity,Capped,2040,still_waiting,category,EB-1,75,denominator,1,131381.0,,,,,1,0,0
catchall_65_70,sensitivity,Capped,2040,still_waiting,category,EB-1,80,denominator,1,131381.0,,,,,1,0,0
catchall_65_70,sensitivity,Capped,2040,still_waiting,category,EB-2,60,denominator,1,1116915.0,,,,,1,0,0
catchall_65_70,sensitivity,Capped,2040,still_waiting,category,EB-2,65,denominator,1,1116915.0,,,,,1,0,0
catchall_65_70,sensitivity,Capped,2040,still_waiting,category,EB-2,70,denominator,1,1116915.0,,,,,1,0,0
catchall_65_70,sensitivity,Capped,2040,still_waiting,category,EB-2,75,denominator,1,1116915.0,,,,,1,0,0
catchall_65_70,sensitivity,Capped,2040,still_waiting,category,EB-2,80,denominator,1,1116915.0,,,,,1,0,0
catchall_65_70,sensitivity,Capped,2040,still_waiting,category,EB-3,60,denominator,1,584510.0,,,,,1,0,0
catchall_65_70,sensitivity,Capped,2040,still_waiting,category,EB-3,65,denominator,1,584510.0,,,,,1,0,0
catchall_65_70,sensitivity,Capped,2040,still_waiting,category,EB-3,70,denominator,1,584510.0,,,,,1,0,0
catchall_65_70,sensitivity,Capped,2040,still_waiting,category,EB-3,75,denominator,1,584510.0,,,,,1,0,0
catchall_65_70,sensitivity,Capped,2040,still_waiting,category,EB-3,80,denominator,1,584510.0,,,,,1,0,0
catchall_65_70,sensitivity,Capped,2040,still_waiting,category,EB-4,60,denominator,1,1050336.0,,,,,1,0,0
catchall_65_70,sensitivity,Capped,2040,still_waiting,category,EB-4,65,denominator,1,1050336.0,,,,,1,0,0
catchall_65_70,sensitivity,Capped,2040,still_waiting,category,EB-4,70,denominator,1,1050336.0,,,,,1,0,0
catchall_65_70,sensitivity,Capped,2040,still_waiting,category,EB-4,75,denominator,1,1050336.0,,,,,1,0,0
catchall_65_70,sensitivity,Capped,2040,still_waiting,category,EB-4,80,denominator,1,1050336.0,,,,,1,0,0
catchall_65_70,sensitivity,Capped,2040,still_waiting,category,EB-5,60,denominator,1,28614.0,,,,,1,0,0
catchall_65_70,sensitivity,Capped,2040,still_waiting,category,EB-5,65,denominator,1,28614.0,,,,,1,0,0
catchall_65_70,sensitivity,Capped,2040,still_waiting,category,EB-5,70,denominator,1,28614.0,,,,,1,0,0
catchall_65_70,sensitivity,Capped,2040,still_waiting,category,EB-5,75,denominator,1,28614.0,,,,,1,0,0
catchall_65_70,sensitivity,Capped,2040,still_waiting,category,EB-5,80,denominator,1,28614.0,,,,,1,0,0
catchall_65_70,sensitivity,Capped,2040,still_waiting,nationality,India,60,denominator,1,1168949.0,,,,,1,0,0
catchall_65_70,sensitivity,Capped,2040,still_waiting,nationality,India,65,denominator,1,1168949.0,,,,,1,0,0
catchall_65_70,sensitivity,Capped,2040,still_waiting,nationality,India,70,denominator,1,1168949.0,,,,,1,0,0
catchall_65_70,sensitivity,Capped,2040,still_waiting,nationality,India,75,denominator,1,1168949.0,,,,,1,0,0
catchall_65_70,sensitivity,Capped,2040,still_waiting,nationality,India,80,denominator,1,1168949.0,,,,,1,0,0
catchall_65_70,sensitivity,Capped,2040,still_waiting,nationality,China,60,denominator,1,356575.0,,,,,1,0,0
catchall_65_70,sensitivity,Capped,2040,still_waiting,nationality,China,65,denominator,1,356575.0,,,,,1,0,0
catchall_65_70,sensitivity,Capped,2040,still_waiting,nationality,China,70,denominator,1,356575.0,,,,,1,0,0
catchall_65_70,sensitivity,Capped,2040,still_waiting,nationality,China,75,denominator,1,356575.0,,,,,1,0,0
catchall_65_70,sensitivity,Capped,2040,still_waiting,nationality,China,80,denominator,1,356575.0,,,,,1,0,0
catchall_65_70,sensitivity,Capped,2040,still_waiting,nationality,ROW,60,denominator,1,1386232.0,,,,,1,0,0
catchall_65_70,sensitivity,Capped,2040,still_waiting,nationality,ROW,65,denominator,1,1386232.0,,,,,1,0,0
catchall_65_70,sensitivity,Capped,2040,still_waiting,nationality,ROW,70,denominator,1,1386232.0,,,,,1,0,0
catchall_65_70,sensitivity,Capped,2040,still_waiting,nationality,ROW,75,denominator,1,1386232.0,,,,,1,0,0
catchall_65_70,sensitivity,Capped,2040,still_waiting,nationality,ROW,80,denominator,1,1386232.0,,,,,1,0,0
catchall_60_65,primary,Uncapped,2024,converted,overall,All EB,60,count_at_or_above,50,302.92,13.1968456342369,1.8663158076481992,299.1694979682873,306.6705020317127,50,0,0
catchall_60_65,primary,Uncapped,2024,converted,overall,All EB,65,count_at_or_above,50,0.98,1.05926428068095,0.14980259118763803,0.6789604222915278,1.2810395777084722,30,20,0
catchall_60_65,primary,Uncapped,2024,converted,overall,All EB,70,count_at_or_above,50,0.02,0.1414213562373095,0.02,-0.020191504742584788,0.06019150474258479,1,49,0
catchall_60_65,primary,Uncapped,2024,converted,overall,All EB,75,count_at_or_above,50,0.0,0.0,0.0,0.0,0.0,0,50,0
catchall_60_65,primary,Uncapped,2024,converted,overall,All EB,80,count_at_or_above,50,0.0,0.0,0.0,0.0,0.0,0,50,0
catchall_60_65,primary,Uncapped,2024,converted,category,EB-1,60,count_at_or_above,50,0.0,0.0,0.0,0.0,0.0,0,50,0
catchall_60_65,primary,Uncapped,2024,converted,category,EB-1,65,count_at_or_above,50,0.0,0.0,0.0,0.0,0.0,0,50,0
catchall_60_65,primary,Uncapped,2024,converted,category,EB-1,70,count_at_or_above,50,0.0,0.0,0.0,0.0,0.0,0,50,0
catchall_60_65,primary,Uncapped,2024,converted,category,EB-1,75,count_at_or_above,50,0.0,0.0,0.0,0.0,0.0,0,50,0
catchall_60_65,primary,Uncapped,2024,converted,category,EB-1,80,count_at_or_above,50,0.0,0.0,0.0,0.0,0.0,0,50,0
catchall_60_65,primary,Uncapped,2024,converted,category,EB-2,60,count_at_or_above,50,22.02,5.289535298442519,0.7480532557708627,20.51673070114897,23.52326929885103,50,0,0
catchall_60_65,primary,Uncapped,2024,converted,category,EB-2,65,count_at_or_above,50,0.34,0.5573259772323188,0.0788177955664784,0.1816097097844903,0.49839029021550973,15,35,0
catchall_60_65,primary,Uncapped,2024,converted,category,EB-2,70,count_at_or_above,50,0.0,0.0,0.0,0.0,0.0,0,50,0
catchall_60_65,primary,Uncapped,2024,converted,category,EB-2,75,count_at_or_above,50,0.0,0.0,0.0,0.0,0.0,0,50,0
catchall_60_65,primary,Uncapped,2024,converted,category,EB-2,80,count_at_or_above,50,0.0,0.0,0.0,0.0,0.0,0,50,0
catchall_60_65,primary,Uncapped,2024,converted,category,EB-3,60,count_at_or_above,50,66.8,7.933396215379897,1.1219516523469635,64.5453537421873,69.05464625781269,50,0,0
catchall_60_65,primary,Uncapped,2024,converted,category,EB-3,65,count_at_or_above,50,0.64,0.8750510189207745,0.1237509018726155,0.3913132520243815,0.8886867479756185,23,27,0
catchall_60_65,primary,Uncapped,2024,converted,category,EB-3,70,count_at_or_above,50,0.02,0.1414213562373095,0.02,-0.020191504742584788,0.06019150474258479,1,49,0
catchall_60_65,primary,Uncapped,2024,converted,category,EB-3,75,count_at_or_above,50,0.0,0.0,0.0,0.0,0.0,0,50,0
catchall_60_65,primary,Uncapped,2024,converted,category,EB-3,80,count_at_or_above,50,0.0,0.0,0.0,0.0,0.0,0,50,0
catchall_60_65,primary,Uncapped,2024,converted,category,EB-4,60,count_at_or_above,50,158.46,9.819202345092881,1.3886449128116052,155.6694135700483,161.2505864299517,50,0,0
catchall_60_65,primary,Uncapped,2024,converted,category,EB-4,65,count_at_or_above,50,0.0,0.0,0.0,0.0,0.0,0,50,0
catchall_60_65,primary,Uncapped,2024,converted,category,EB-4,70,count_at_or_above,50,0.0,0.0,0.0,0.0,0.0,0,50,0
catchall_60_65,primary,Uncapped,2024,converted,category,EB-4,75,count_at_or_above,50,0.0,0.0,0.0,0.0,0.0,0,50,0
catchall_60_65,primary,Uncapped,2024,converted,category,EB-4,80,count_at_or_above,50,0.0,0.0,0.0,0.0,0.0,0,50,0
catchall_60_65,primary,Uncapped,2024,converted,category,EB-5,60,count_at_or_above,50,55.64,6.832575036737838,0.9662720282886498,53.69820365962049,57.58179634037951,50,0,0
catchall_60_65,primary,Uncapped,2024,converted,category,EB-5,65,count_at_or_above,50,0.0,0.0,0.0,0.0,0.0,0,50,0
catchall_60_65,primary,Uncapped,2024,converted,category,EB-5,70,count_at_or_above,50,0.0,0.0,0.0,0.0,0.0,0,50,0
catchall_60_65,primary,Uncapped,2024,converted,category,EB-5,75,count_at_or_above,50,0.0,0.0,0.0,0.0,0.0,0,50,0
catchall_60_65,primary,Uncapped,2024,converted,category,EB-5,80,count_at_or_above,50,0.0,0.0,0.0,0.0,0.0,0,50,0
catchall_60_65,primary,Uncapped,2024,converted,nationality,India,60,count_at_or_above,50,38.34,6.059601926711365,0.856957122733735,36.61788018687277,40.06211981312724,50,0,0
catchall_60_65,primary,Uncapped,2024,converted,nationality,India,65,count_at_or_above,50,0.88,1.0621503025966348,0.15021073632108478,0.5781402239381984,1.1818597760618017,27,23,0
catchall_60_65,primary,Uncapped,2024,converted,nationality,India,70,count_at_or_above,50,0.02,0.1414213562373095,0.02,-0.020191504742584788,0.06019150474258479,1,49,0
catchall_60_65,primary,Uncapped,2024,converted,nationality,India,75,count_at_or_above,50,0.0,0.0,0.0,0.0,0.0,0,50,0
catchall_60_65,primary,Uncapped,2024,converted,nationality,India,80,count_at_or_above,50,0.0,0.0,0.0,0.0,0.0,0,50,0
catchall_60_65,primary,Uncapped,2024,converted,nationality,China,60,count_at_or_above,50,119.24,10.102656753022334,1.4287314196124319,116.36885671863834,122.11114328136165,50,0,0
catchall_60_65,primary,Uncapped,2024,converted,nationality,China,65,count_at_or_above,50,0.1,0.30304576336566325,0.04285714285714286,0.013875346980175465,0.18612465301982456,5,45,0
catchall_60_65,primary,Uncapped,2024,converted,nationality,China,70,count_at_or_above,50,0.0,0.0,0.0,0.0,0.0,0,50,0
catchall_60_65,primary,Uncapped,2024,converted,nationality,China,75,count_at_or_above,50,0.0,0.0,0.0,0.0,0.0,0,50,0
catchall_60_65,primary,Uncapped,2024,converted,nationality,China,80,count_at_or_above,50,0.0,0.0,0.0,0.0,0.0,0,50,0
catchall_60_65,primary,Uncapped,2024,converted,nationality,ROW,60,count_at_or_above,50,145.34,9.416897534946074,1.3317504209398503,142.66374733204285,148.01625266795716,50,0,0
catchall_60_65,primary,Uncapped,2024,converted,nationality,ROW,65,count_at_or_above,50,0.0,0.0,0.0,0.0,0.0,0,50,0
catchall_60_65,primary,Uncapped,2024,converted,nationality,ROW,70,count_at_or_above,50,0.0,0.0,0.0,0.0,0.0,0,50,0
catchall_60_65,primary,Uncapped,2024,converted,nationality,ROW,75,count_at_or_above,50,0.0,0.0,0.0,0.0,0.0,0,50,0
catchall_60_65,primary,Uncapped,2024,converted,nationality,ROW,80,count_at_or_above,50,0.0,0.0,0.0,0.0,0.0,0,50,0
catchall_60_65,primary,Uncapped,2040,converted,overall,All EB,60,count_at_or_above,50,1867.86,46.42000360506101,6.564779866368525,1854.6675809433411,1881.0524190566587,50,0,0
catchall_60_65,primary,Uncapped,2040,converted,overall,All EB,65,count_at_or_above,50,91.92,7.991934709953733,1.1302302456416855,89.64871728610397,94.19128271389603,50,0,0
catchall_60_65,primary,Uncapped,2040,converted,overall,All EB,70,count_at_or_above,50,1.52,1.2328828005937953,0.17435595774162693,1.1696185848764744,1.8703814151235256,39,11,0
catchall_60_65,primary,Uncapped,2040,converted,overall,All EB,75,count_at_or_above,50,0.0,0.0,0.0,0.0,0.0,0,50,0
catchall_60_65,primary,Uncapped,2040,converted,overall,All EB,80,count_at_or_above,50,0.0,0.0,0.0,0.0,0.0,0,50,0
catchall_60_65,primary,Uncapped,2040,converted,category,EB-1,60,count_at_or_above,50,43.8,6.285714285714286,0.8889342392059454,42.01361976545541,45.586380234544585,50,0,0
catchall_60_65,primary,Uncapped,2040,converted,category,EB-1,65,count_at_or_above,50,0.0,0.0,0.0,0.0,0.0,0,50,0
catchall_60_65,primary,Uncapped,2040,converted,category,EB-1,70,count_at_or_above,50,0.0,0.0,0.0,0.0,0.0,0,50,0
catchall_60_65,primary,Uncapped,2040,converted,category,EB-1,75,count_at_or_above,50,0.0,0.0,0.0,0.0,0.0,0,50,0
catchall_60_65,primary,Uncapped,2040,converted,category,EB-1,80,count_at_or_above,50,0.0,0.0,0.0,0.0,0.0,0,50,0
catchall_60_65,primary,Uncapped,2040,converted,category,EB-2,60,count_at_or_above,50,972.32,29.29264029598909,4.1426049184304405,963.9951237387124,980.6448762612877,50,0,0
catchall_60_65,primary,Uncapped,2040,converted,category,EB-2,65,count_at_or_above,50,41.52,5.729408560137738,0.8102607290123296,39.89172010335854,43.14827989664147,50,0,0
catchall_60_65,primary,Uncapped,2040,converted,category,EB-2,70,count_at_or_above,50,1.0,0.9689042833036098,0.13702375780893483,0.7246404494087704,1.2753595505912296,33,17,0
catchall_60_65,primary,Uncapped,2040,converted,category,EB-2,75,count_at_or_above,50,0.0,0.0,0.0,0.0,0.0,0,50,0
catchall_60_65,primary,Uncapped,2040,converted,category,EB-2,80,count_at_or_above,50,0.0,0.0,0.0,0.0,0.0,0,50,0
catchall_60_65,primary,Uncapped,2040,converted,category,EB-3,60,count_at_or_above,50,651.18,25.23011643869691,3.5680772847857543,644.0096802443312,658.3503197556687,50,0,0
catchall_60_65,primary,Uncapped,2040,converted,category,EB-3,65,count_at_or_above,50,32.9,4.9826228647415105,0.7046492831507728,31.483954249719336,34.31604575028066,50,0,0
catchall_60_65,primary,Uncapped,2040,converted,category,EB-3,70,count_at_or_above,50,0.0,0.0,0.0,0.0,0.0,0,50,0
catchall_60_65,primary,Uncapped,2040,converted,category,EB-3,75,count_at_or_above,50,0.0,0.0,0.0,0.0,0.0,0,50,0
catchall_60_65,primary,Uncapped,2040,converted,category,EB-3,80,count_at_or_above,50,0.0,0.0,0.0,0.0,0.0,0,50,0
catchall_60_65,primary,Uncapped,2040,converted,category,EB-4,60,count_at_or_above,50,176.38,13.783885889112753,1.9493358366586382,172.4626629738022,180.2973370261978,50,0,0
catchall_60_65,primary,Uncapped,2040,converted,category,EB-4,65,count_at_or_above,50,17.5,3.882193783343198,0.5490251100164467,16.396692734348793,18.603307265651207,50,0,0
catchall_60_65,primary,Uncapped,2040,converted,category,EB-4,70,count_at_or_above,50,0.52,0.6464976285134149,0.09142857142857143,0.336267406891041,0.7037325931089591,22,28,0
catchall_60_65,primary,Uncapped,2040,converted,category,EB-4,75,count_at_or_above,50,0.0,0.0,0.0,0.0,0.0,0,50,0
catchall_60_65,primary,Uncapped,2040,converted,category,EB-4,80,count_at_or_above,50,0.0,0.0,0.0,0.0,0.0,0,50,0
catchall_60_65,primary,Uncapped,2040,converted,category,EB-5,60,count_at_or_above,50,24.18,4.207330822868725,0.5950064311091304,22.984289810110447,25.375710189889553,50,0,0
catchall_60_65,primary,Uncapped,2040,converted,category,EB-5,65,count_at_or_above,50,0.0,0.0,0.0,0.0,0.0,0,50,0
catchall_60_65,primary,Uncapped,2040,converted,category,EB-5,70,count_at_or_above,50,0.0,0.0,0.0,0.0,0.0,0,50,0
catchall_60_65,primary,Uncapped,2040,converted,category,EB-5,75,count_at_or_above,50,0.0,0.0,0.0,0.0,0.0,0,50,0
catchall_60_65,primary,Uncapped,2040,converted,category,EB-5,80,count_at_or_above,50,0.0,0.0,0.0,0.0,0.0,0,50,0
catchall_60_65,primary,Uncapped,2040,converted,nationality,India,60,count_at_or_above,50,530.24,20.095242608891393,2.8418964636671906,524.5289952401292,535.9510047598708,50,0,0
catchall_60_65,primary,Uncapped,2040,converted,nationality,India,65,count_at_or_above,50,13.28,3.833472342939445,0.5421348578367127,12.19053921450676,14.369460785493239,50,0,0
catchall_60_65,primary,Uncapped,2040,converted,nationality,India,70,count_at_or_above,50,0.32,0.551065757771026,0.07793246683991917,0.16338884447010288,0.47661115552989713,14,36,0
catchall_60_65,primary,Uncapped,2040,converted,nationality,India,75,count_at_or_above,50,0.0,0.0,0.0,0.0,0.0,0,50,0
catchall_60_65,primary,Uncapped,2040,converted,nationality,India,80,count_at_or_above,50,0.0,0.0,0.0,0.0,0.0,0,50,0
catchall_60_65,primary,Uncapped,2040,converted,nationality,China,60,count_at_or_above,50,214.42,14.549128594425952,2.0575574978947384,210.28518340326113,218.55481659673885,50,0,0
catchall_60_65,primary,Uncapped,2040,converted,nationality,China,65,count_at_or_above,50,11.2,3.7032803990902057,0.5237229365663817,10.14753935555959,12.252460644440408,50,0,0
catchall_60_65,primary,Uncapped,2040,converted,nationality,China,70,count_at_or_above,50,0.12,0.32826072265931594,0.04642307659791978,0.026709334837466528,0.21329066516253348,6,44,0
catchall_60_65,primary,Uncapped,2040,converted,nationality,China,75,count_at_or_above,50,0.0,0.0,0.0,0.0,0.0,0,50,0
catchall_60_65,primary,Uncapped,2040,converted,nationality,China,80,count_at_or_above,50,0.0,0.0,0.0,0.0,0.0,0,50,0
catchall_60_65,primary,Uncapped,2040,converted,nationality,ROW,60,count_at_or_above,50,1123.2,36.174745954850316,5.115881634475057,1112.9192509512748,1133.4807490487253,50,0,0
catchall_60_65,primary,Uncapped,2040,converted,nationality,ROW,65,count_at_or_above,50,67.44,7.290362662796828,1.0310129752345705,65.36810185580967,69.51189814419033,50,0,0
catchall_60_65,primary,Uncapped,2040,converted,nationality,ROW,70,count_at_or_above,50,1.08,1.08496214548843,0.15343681808111487,0.7716571699202877,1.3883428300797125,30,20,0
catchall_60_65,primary,Uncapped,2040,converted,nationality,ROW,75,count_at_or_above,50,0.0,0.0,0.0,0.0,0.0,0,50,0
catchall_60_65,primary,Uncapped,2040,converted,nationality,ROW,80,count_at_or_above,50,0.0,0.0,0.0,0.0,0.0,0,50,0
catchall_60_65,primary,Uncapped,2040,still_waiting,overall,All EB,60,count_at_or_above,50,25336.92,133.03089099597761,18.81340902610884,25299.113039095148,25374.72696090485,50,0,0
catchall_60_65,primary,Uncapped,2040,still_waiting,overall,All EB,65,count_at_or_above,50,901.28,34.2845475991974,4.84856721946109,891.5364393802143,911.0235606197856,50,0,0
catchall_60_65,primary,Uncapped,2040,still_waiting,overall,All EB,70,count_at_or_above,50,9.48,3.3699754737798244,0.4765865019884124,8.522263567254042,10.43773643274596,50,0,0
catchall_60_65,primary,Uncapped,2040,still_waiting,overall,All EB,75,count_at_or_above,50,0.0,0.0,0.0,0.0,0.0,0,50,0
catchall_60_65,primary,Uncapped,2040,still_waiting,overall,All EB,80,count_at_or_above,50,0.0,0.0,0.0,0.0,0.0,0,50,0
catchall_60_65,primary,Uncapped,2040,still_waiting,category,EB-1,60,count_at_or_above,50,63.34,7.243885528569622,1.0244401158781355,61.2813105112095,65.39868948879051,50,0,0
catchall_60_65,primary,Uncapped,2040,still_waiting,category,EB-1,65,count_at_or_above,50,0.0,0.0,0.0,0.0,0.0,0,50,0
catchall_60_65,primary,Uncapped,2040,still_waiting,category,EB-1,70,count_at_or_above,50,0.0,0.0,0.0,0.0,0.0,0,50,0
catchall_60_65,primary,Uncapped,2040,still_waiting,category,EB-1,75,count_at_or_above,50,0.0,0.0,0.0,0.0,0.0,0,50,0
catchall_60_65,primary,Uncapped,2040,still_waiting,category,EB-1,80,count_at_or_above,50,0.0,0.0,0.0,0.0,0.0,0,50,0
catchall_60_65,primary,Uncapped,2040,still_waiting,category,EB-2,60,count_at_or_above,50,12843.24,92.35414534965557,13.0608484894859,12816.993242299632,12869.486757700368,50,0,0
catchall_60_65,primary,Uncapped,2040,still_waiting,category,EB-2,65,count_at_or_above,50,427.54,22.791163701249282,3.223157280857212,421.06282294301656,434.0171770569835,50,0,0
catchall_60_65,primary,Uncapped,2040,still_waiting,category,EB-2,70,count_at_or_above,50,4.7,2.1969366427471,0.3106937595847364,4.075637514407929,5.324362485592071,50,0,0
catchall_60_65,primary,Uncapped,2040,still_waiting,category,EB-2,75,count_at_or_above,50,0.0,0.0,0.0,0.0,0.0,0,50,0
catchall_60_65,primary,Uncapped,2040,still_waiting,category,EB-2,80,count_at_or_above,50,0.0,0.0,0.0,0.0,0.0,0,50,0
catchall_60_65,primary,Uncapped,2040,still_waiting,category,EB-3,60,count_at_or_above,50,5603.38,71.71823836574427,10.142490536634197,5582.997902174762,5623.762097825238,50,0,0
catchall_60_65,primary,Uncapped,2040,still_waiting,category,EB-3,65,count_at_or_above,50,135.86,11.217715581041572,1.5864245513552975,132.67196050602254,139.04803949397748,50,0,0
catchall_60_65,primary,Uncapped,2040,still_waiting,category,EB-3,70,count_at_or_above,50,0.0,0.0,0.0,0.0,0.0,0,50,0
catchall_60_65,primary,Uncapped,2040,still_waiting,category,EB-3,75,count_at_or_above,50,0.0,0.0,0.0,0.0,0.0,0,50,0
catchall_60_65,primary,Uncapped,2040,still_waiting,category,EB-3,80,count_at_or_above,50,0.0,0.0,0.0,0.0,0.0,0,50,0
catchall_60_65,primary,Uncapped,2040,still_waiting,category,EB-4,60,count_at_or_above,50,6797.08,67.5679068849726,9.555545029789068,6777.8774133308625,6816.282586669137,50,0,0
catchall_60_65,primary,Uncapped,2040,still_waiting,category,EB-4,65,count_at_or_above,50,337.88,19.519367671257037,2.7604554489638637,332.33265708656376,343.42734291343623,50,0,0
catchall_60_65,primary,Uncapped,2040,still_waiting,category,EB-4,70,count_at_or_above,50,4.78,2.1880006715665123,0.30943002242108014,4.158177089318253,5.401822910681748,49,1,0
catchall_60_65,primary,Uncapped,2040,still_waiting,category,EB-4,75,count_at_or_above,50,0.0,0.0,0.0,0.0,0.0,0,50,0
catchall_60_65,primary,Uncapped,2040,still_waiting,category,EB-4,80,count_at_or_above,50,0.0,0.0,0.0,0.0,0.0,0,50,0
catchall_60_65,primary,Uncapped,2040,still_waiting,category,EB-5,60,count_at_or_above,50,29.88,5.538879279553707,0.7833158197492169,28.305867925780383,31.454132074219615,50,0,0
catchall_60_65,primary,Uncapped,2040,still_waiting,category,EB-5,65,count_at_or_above,50,0.0,0.0,0.0,0.0,0.0,0,50,0
catchall_60_65,primary,Uncapped,2040,still_waiting,category,EB-5,70,count_at_or_above,50,0.0,0.0,0.0,0.0,0.0,0,50,0
catchall_60_65,primary,Uncapped,2040,still_waiting,category,EB-5,75,count_at_or_above,50,0.0,0.0,0.0,0.0,0.0,0,50,0
catchall_60_65,primary,Uncapped,2040,still_waiting,category,EB-5,80,count_at_or_above,50,0.0,0.0,0.0,0.0,0.0,0,50,0
catchall_60_65,primary,Uncapped,2040,still_waiting,nationality,India,60,count_at_or_above,50,4871.52,67.13502689903903,9.494326555090355,4852.440436461672,4890.599563538329,50,0,0
catchall_60_65,primary,Uncapped,2040,still_waiting,nationality,India,65,count_at_or_above,50,123.08,10.209719258967837,1.44387234440541,120.17842989110714,125.98157010889285,50,0,0
catchall_60_65,primary,Uncapped,2040,still_waiting,nationality,India,70,count_at_or_above,50,1.3,1.1473127431577865,0.1622545241657221,0.9739373261243771,1.626062673875623,37,13,0
catchall_60_65,primary,Uncapped,2040,still_waiting,nationality,India,75,count_at_or_above,50,0.0,0.0,0.0,0.0,0.0,0,50,0
catchall_60_65,primary,Uncapped,2040,still_waiting,nationality,India,80,count_at_or_above,50,0.0,0.0,0.0,0.0,0.0,0,50,0
catchall_60_65,primary,Uncapped,2040,still_waiting,nationality,China,60,count_at_or_above,50,2618.9,49.850900141300954,7.049981907633465,2604.732530936211,2633.0674690637893,50,0,0
catchall_60_65,primary,Uncapped,2040,still_waiting,nationality,China,65,count_at_or_above,50,79.32,11.053561620120274,1.563209675570081,76.17861254553353,82.46138745446646,50,0,0
catchall_60_65,primary,Uncapped,2040,still_waiting,nationality,China,70,count_at_or_above,50,0.58,0.7848046682754497,0.11098814056888588,0.35696098109774776,0.8030390189022522,23,27,0
catchall_60_65,primary,Uncapped,2040,still_waiting,nationality,China,75,count_at_or_above,50,0.0,0.0,0.0,0.0,0.0,0,50,0
catchall_60_65,primary,Uncapped,2040,still_waiting,nationality,China,80,count_at_or_above,50,0.0,0.0,0.0,0.0,0.0,0,50,0
catchall_60_65,primary,Uncapped,2040,still_waiting,nationality,ROW,60,count_at_or_above,50,17846.5,130.13889754051715,18.404419389408197,17809.514934541305,17883.485065458695,50,0,0
catchall_60_65,primary,Uncapped,2040,still_waiting,nationality,ROW,65,count_at_or_above,50,698.88,29.875688020426868,4.225060318371508,690.3894234088232,707.3705765911768,50,0,0
catchall_60_65,primary,Uncapped,2040,still_waiting,nationality,ROW,70,count_at_or_above,50,7.6,2.906712849910829,0.4110712734268045,6.7739213482263105,8.426078651773688,50,0,0
catchall_60_65,primary,Uncapped,2040,still_waiting,nationality,ROW,75,count_at_or_above,50,0.0,0.0,0.0,0.0,0.0,0,50,0
catchall_60_65,primary,Uncapped,2040,still_waiting,nationality,ROW,80,count_at_or_above,50,0.0,0.0,0.0,0.0,0.0,0,50,0
catchall_60_65,primary,Capped,2024,converted,overall,All EB,60,count_at_or_above,50,302.92,13.1968456342369,1.8663158076481992,299.1694979682873,306.6705020317127,50,0,0
catchall_60_65,primary,Capped,2024,converted,overall,All EB,65,count_at_or_above,50,0.98,1.05926428068095,0.14980259118763803,0.6789604222915278,1.2810395777084722,30,20,0
catchall_60_65,primary,Capped,2024,converted,overall,All EB,70,count_at_or_above,50,0.02,0.1414213562373095,0.02,-0.020191504742584788,0.06019150474258479,1,49,0
catchall_60_65,primary,Capped,2024,converted,overall,All EB,75,count_at_or_above,50,0.0,0.0,0.0,0.0,0.0,0,50,0
catchall_60_65,primary,Capped,2024,converted,overall,All EB,80,count_at_or_above,50,0.0,0.0,0.0,0.0,0.0,0,50,0
catchall_60_65,primary,Capped,2024,converted,category,EB-1,60,count_at_or_above,50,0.0,0.0,0.0,0.0,0.0,0,50,0
catchall_60_65,primary,Capped,2024,converted,category,EB-1,65,count_at_or_above,50,0.0,0.0,0.0,0.0,0.0,0,50,0
catchall_60_65,primary,Capped,2024,converted,category,EB-1,70,count_at_or_above,50,0.0,0.0,0.0,0.0,0.0,0,50,0
catchall_60_65,primary,Capped,2024,converted,category,EB-1,75,count_at_or_above,50,0.0,0.0,0.0,0.0,0.0,0,50,0
catchall_60_65,primary,Capped,2024,converted,category,EB-1,80,count_at_or_above,50,0.0,0.0,0.0,0.0,0.0,0,50,0
catchall_60_65,primary,Capped,2024,converted,category,EB-2,60,count_at_or_above,50,22.02,5.289535298442519,0.7480532557708627,20.51673070114897,23.52326929885103,50,0,0
catchall_60_65,primary,Capped,2024,converted,category,EB-2,65,count_at_or_above,50,0.34,0.5573259772323188,0.0788177955664784,0.1816097097844903,0.49839029021550973,15,35,0
catchall_60_65,primary,Capped,2024,converted,category,EB-2,70,count_at_or_above,50,0.0,0.0,0.0,0.0,0.0,0,50,0
catchall_60_65,primary,Capped,2024,converted,category,EB-2,75,count_at_or_above,50,0.0,0.0,0.0,0.0,0.0,0,50,0
catchall_60_65,primary,Capped,2024,converted,category,EB-2,80,count_at_or_above,50,0.0,0.0,0.0,0.0,0.0,0,50,0
catchall_60_65,primary,Capped,2024,converted,category,EB-3,60,count_at_or_above,50,66.8,7.933396215379897,1.1219516523469635,64.5453537421873,69.05464625781269,50,0,0
catchall_60_65,primary,Capped,2024,converted,category,EB-3,65,count_at_or_above,50,0.64,0.8750510189207745,0.1237509018726155,0.3913132520243815,0.8886867479756185,23,27,0
catchall_60_65,primary,Capped,2024,converted,category,EB-3,70,count_at_or_above,50,0.02,0.1414213562373095,0.02,-0.020191504742584788,0.06019150474258479,1,49,0
catchall_60_65,primary,Capped,2024,converted,category,EB-3,75,count_at_or_above,50,0.0,0.0,0.0,0.0,0.0,0,50,0
catchall_60_65,primary,Capped,2024,converted,category,EB-3,80,count_at_or_above,50,0.0,0.0,0.0,0.0,0.0,0,50,0
catchall_60_65,primary,Capped,2024,converted,category,EB-4,60,count_at_or_above,50,158.46,9.819202345092881,1.3886449128116052,155.6694135700483,161.2505864299517,50,0,0
catchall_60_65,primary,Capped,2024,converted,category,EB-4,65,count_at_or_above,50,0.0,0.0,0.0,0.0,0.0,0,50,0
catchall_60_65,primary,Capped,2024,converted,category,EB-4,70,count_at_or_above,50,0.0,0.0,0.0,0.0,0.0,0,50,0
catchall_60_65,primary,Capped,2024,converted,category,EB-4,75,count_at_or_above,50,0.0,0.0,0.0,0.0,0.0,0,50,0
catchall_60_65,primary,Capped,2024,converted,category,EB-4,80,count_at_or_above,50,0.0,0.0,0.0,0.0,0.0,0,50,0
catchall_60_65,primary,Capped,2024,converted,category,EB-5,60,count_at_or_above,50,55.64,6.832575036737838,0.9662720282886498,53.69820365962049,57.58179634037951,50,0,0
catchall_60_65,primary,Capped,2024,converted,category,EB-5,65,count_at_or_above,50,0.0,0.0,0.0,0.0,0.0,0,50,0
catchall_60_65,primary,Capped,2024,converted,category,EB-5,70,count_at_or_above,50,0.0,0.0,0.0,0.0,0.0,0,50,0
catchall_60_65,primary,Capped,2024,converted,category,EB-5,75,count_at_or_above,50,0.0,0.0,0.0,0.0,0.0,0,50,0
catchall_60_65,primary,Capped,2024,converted,category,EB-5,80,count_at_or_above,50,0.0,0.0,0.0,0.0,0.0,0,50,0
catchall_60_65,primary,Capped,2024,converted,nationality,India,60,count_at_or_above,50,38.34,6.059601926711365,0.856957122733735,36.61788018687277,40.06211981312724,50,0,0
catchall_60_65,primary,Capped,2024,converted,nationality,India,65,count_at_or_above,50,0.88,1.0621503025966348,0.15021073632108478,0.5781402239381984,1.1818597760618017,27,23,0
catchall_60_65,primary,Capped,2024,converted,nationality,India,70,count_at_or_above,50,0.02,0.1414213562373095,0.02,-0.020191504742584788,0.06019150474258479,1,49,0
catchall_60_65,primary,Capped,2024,converted,nationality,India,75,count_at_or_above,50,0.0,0.0,0.0,0.0,0.0,0,50,0
catchall_60_65,primary,Capped,2024,converted,nationality,India,80,count_at_or_above,50,0.0,0.0,0.0,0.0,0.0,0,50,0
catchall_60_65,primary,Capped,2024,converted,nationality,China,60,count_at_or_above,50,119.24,10.102656753022334,1.4287314196124319,116.36885671863834,122.11114328136165,50,0,0
catchall_60_65,primary,Capped,2024,converted,nationality,China,65,count_at_or_above,50,0.1,0.30304576336566325,0.04285714285714286,0.013875346980175465,0.18612465301982456,5,45,0
catchall_60_65,primary,Capped,2024,converted,nationality,China,70,count_at_or_above,50,0.0,0.0,0.0,0.0,0.0,0,50,0
catchall_60_65,primary,Capped,2024,converted,nationality,China,75,count_at_or_above,50,0.0,0.0,0.0,0.0,0.0,0,50,0
catchall_60_65,primary,Capped,2024,converted,nationality,China,80,count_at_or_above,50,0.0,0.0,0.0,0.0,0.0,0,50,0
catchall_60_65,primary,Capped,2024,converted,nationality,ROW,60,count_at_or_above,50,145.34,9.416897534946074,1.3317504209398503,142.66374733204285,148.01625266795716,50,0,0
catchall_60_65,primary,Capped,2024,converted,nationality,ROW,65,count_at_or_above,50,0.0,0.0,0.0,0.0,0.0,0,50,0
catchall_60_65,primary,Capped,2024,converted,nationality,ROW,70,count_at_or_above,50,0.0,0.0,0.0,0.0,0.0,0,50,0
catchall_60_65,primary,Capped,2024,converted,nationality,ROW,75,count_at_or_above,50,0.0,0.0,0.0,0.0,0.0,0,50,0
catchall_60_65,primary,Capped,2024,converted,nationality,ROW,80,count_at_or_above,50,0.0,0.0,0.0,0.0,0.0,0,50,0
catchall_60_65,primary,Capped,2040,converted,overall,All EB,60,count_at_or_above,50,1605.46,36.67352378676987,5.186419471926225,1595.0374998598522,1615.8825001401478,50,0,0
catchall_60_65,primary,Capped,2040,converted,overall,All EB,65,count_at_or_above,50,63.48,8.11961595553054,1.1482871005572266,61.17243067760526,65.78756932239473,50,0,0
catchall_60_65,primary,Capped,2040,converted,overall,All EB,70,count_at_or_above,50,1.24,1.0606120681868907,0.14999319712464787,0.9385773853204631,1.541422614679537,37,13,0
catchall_60_65,primary,Capped,2040,converted,overall,All EB,75,count_at_or_above,50,0.02,0.1414213562373095,0.02,-0.020191504742584788,0.06019150474258479,1,49,0
catchall_60_65,primary,Capped,2040,converted,overall,All EB,80,count_at_or_above,50,0.0,0.0,0.0,0.0,0.0,0,50,0
catchall_60_65,primary,Capped,2040,converted,category,EB-1,60,count_at_or_above,50,65.84,8.913095158592354,1.2605020056003278,63.30692638319384,68.37307361680617,50,0,0
catchall_60_65,primary,Capped,2040,converted,category,EB-1,65,count_at_or_above,50,0.0,0.0,0.0,0.0,0.0,0,50,0
catchall_60_65,primary,Capped,2040,converted,category,EB-1,70,count_at_or_above,50,0.0,0.0,0.0,0.0,0.0,0,50,0
catchall_60_65,primary,Capped,2040,converted,category,EB-1,75,count_at_or_above,50,0.0,0.0,0.0,0.0,0.0,0,50,0
catchall_60_65,primary,Capped,2040,converted,category,EB-1,80,count_at_or_above,50,0.0,0.0,0.0,0.0,0.0,0,50,0
catchall_60_65,primary,Capped,2040,converted,category,EB-2,60,count_at_or_above,50,437.82,22.36495983835939,3.162882952533743,431.46394874065,444.17605125935,50,0,0
catchall_60_65,primary,Capped,2040,converted,category,EB-2,65,count_at_or_above,50,19.52,3.5239124824083627,0.49835648252377474,18.51851515345739,20.52148484654261,50,0,0
catchall_60_65,primary,Capped,2040,converted,category,EB-2,70,count_at_or_above,50,0.58,0.6727949622466639,0.09514757603055266,0.3887937873361298,0.7712062126638701,25,25,0
catchall_60_65,primary,Capped,2040,converted,category,EB-2,75,count_at_or_above,50,0.02,0.1414213562373095,0.02,-0.020191504742584788,0.06019150474258479,1,49,0
catchall_60_65,primary,Capped,2040,converted,category,EB-2,80,count_at_or_above,50,0.0,0.0,0.0,0.0,0.0,0,50,0
catchall_60_65,primary,Capped,2040,converted,category,EB-3,60,count_at_or_above,50,867.24,21.681893132194855,3.066282732547403,861.0780741506358,873.4019258493643,50,0,0
catchall_60_65,primary,Capped,2040,converted,category,EB-3,65,count_at_or_above,50,28.08,5.513767555225848,0.7797644856373137,26.513004598870435,29.646995401129562,50,0,0
catchall_60_65,primary,Capped,2040,converted,category,EB-3,70,count_at_or_above,50,0.34,0.6883876458946718,0.09735271449943325,0.14436239567462633,0.5356376043253737,12,38,0
catchall_60_65,primary,Capped,2040,converted,category,EB-3,75,count_at_or_above,50,0.0,0.0,0.0,0.0,0.0,0,50,0
catchall_60_65,primary,Capped,2040,converted,category,EB-3,80,count_at_or_above,50,0.0,0.0,0.0,0.0,0.0,0,50,0
catchall_60_65,primary,Capped,2040,converted,category,EB-4,60,count_at_or_above,50,173.58,12.43938774003523,1.7591950849575426,170.04476511998988,177.11523488001015,50,0,0
catchall_60_65,primary,Capped,2040,converted,category,EB-4,65,count_at_or_above,50,15.88,3.905203227093048,0.5522791367578166,14.77015352278838,16.98984647721162,50,0,0
catchall_60_65,primary,Capped,2040,converted,category,EB-4,70,count_at_or_above,50,0.32,0.551065757771026,0.07793246683991917,0.16338884447010288,0.47661115552989713,14,36,0
catchall_60_65,primary,Capped,2040,converted,category,EB-4,75,count_at_or_above,50,0.0,0.0,0.0,0.0,0.0,0,50,0
catchall_60_65,primary,Capped,2040,converted,category,EB-4,80,count_at_or_above,50,0.0,0.0,0.0,0.0,0.0,0,50,0
catchall_60_65,primary,Capped,2040,converted,category,EB-5,60,count_at_or_above,50,60.98,7.6758034878228525,1.0855225394589785,58.79856078535759,63.16143921464241,50,0,0
catchall_60_65,primary,Capped,2040,converted,category,EB-5,65,count_at_or_above,50,0.0,0.0,0.0,0.0,0.0,0,50,0
catchall_60_65,primary,Capped,2040,converted,category,EB-5,70,count_at_or_above,50,0.0,0.0,0.0,0.0,0.0,0,50,0
catchall_60_65,primary,Capped,2040,converted,category,EB-5,75,count_at_or_above,50,0.0,0.0,0.0,0.0,0.0,0,50,0
catchall_60_65,primary,Capped,2040,converted,category,EB-5,80,count_at_or_above,50,0.0,0.0,0.0,0.0,0.0,0,50,0
catchall_60_65,primary,Capped,2040,converted,nationality,India,60,count_at_or_above,50,865.94,31.009814114705225,4.385449968768476,857.1271083390938,874.7528916609064,50,0,0
catchall_60_65,primary,Capped,2040,converted,nationality,India,65,count_at_or_above,50,39.02,5.516172882108222,0.7801046502272131,37.45232101253403,40.58767898746598,50,0,0
catchall_60_65,primary,Capped,2040,converted,nationality,India,70,count_at_or_above,50,0.74,1.006306643734647,0.1423132503475688,0.45401081618615163,1.0259891838138484,23,27,0
catchall_60_65,primary,Capped,2040,converted,nationality,India,75,count_at_or_above,50,0.02,0.1414213562373095,0.02,-0.020191504742584788,0.06019150474258479,1,49,0
catchall_60_65,primary,Capped,2040,converted,nationality,India,80,count_at_or_above,50,0.0,0.0,0.0,0.0,0.0,0,50,0
catchall_60_65,primary,Capped,2040,converted,nationality,China,60,count_at_or_above,50,212.02,12.965401368760677,1.833584645731204,208.3352737007582,215.70472629924183,50,0,0
catchall_60_65,primary,Capped,2040,converted,nationality,China,65,count_at_or_above,50,10.38,2.91995247375357,0.41294363898671677,9.55015868876226,11.209841311237742,50,0,0
catchall_60_65,primary,Capped,2040,converted,nationality,China,70,count_at_or_above,50,0.18,0.38808793449160356,0.0548839220351387,0.06970662936165346,0.29029337063834654,9,41,0
catchall_60_65,primary,Capped,2040,converted,nationality,China,75,count_at_or_above,50,0.0,0.0,0.0,0.0,0.0,0,50,0
catchall_60_65,primary,Capped,2040,converted,nationality,China,80,count_at_or_above,50,0.0,0.0,0.0,0.0,0.0,0,50,0
catchall_60_65,primary,Capped,2040,converted,nationality,ROW,60,count_at_or_above,50,527.5,20.092896500900967,2.841564673893305,521.7896619966427,533.2103380033573,50,0,0
catchall_60_65,primary,Capped,2040,converted,nationality,ROW,65,count_at_or_above,50,14.08,3.816398558744052,0.5397202601196971,12.995391530286504,15.164608469713496,50,0,0
catchall_60_65,primary,Capped,2040,converted,nationality,ROW,70,count_at_or_above,50,0.32,0.551065757771026,0.07793246683991917,0.16338884447010288,0.47661115552989713,14,36,0
catchall_60_65,primary,Capped,2040,converted,nationality,ROW,75,count_at_or_above,50,0.0,0.0,0.0,0.0,0.0,0,50,0
catchall_60_65,primary,Capped,2040,converted,nationality,ROW,80,count_at_or_above,50,0.0,0.0,0.0,0.0,0.0,0,50,0
catchall_60_65,primary,Capped,2040,still_waiting,overall,All EB,60,count_at_or_above,50,40931.84,179.80185919903212,25.427822781916888,40880.74087700334,40982.93912299665,50,0,0
catchall_60_65,primary,Capped,2040,still_waiting,overall,All EB,65,count_at_or_above,50,1437.5,38.587959420587374,5.45716155568973,1426.5334232726723,1448.4665767273277,50,0,0
catchall_60_65,primary,Capped,2040,still_waiting,overall,All EB,70,count_at_or_above,50,22.02,4.748748492487042,0.6715744522373964,20.670420610895096,23.369579389104903,50,0,0
catchall_60_65,primary,Capped,2040,still_waiting,overall,All EB,75,count_at_or_above,50,0.3,0.5050762722761053,0.07142857142857141,0.1564589116336258,0.4435410883663742,14,36,0
catchall_60_65,primary,Capped,2040,still_waiting,overall,All EB,80,count_at_or_above,50,0.0,0.0,0.0,0.0,0.0,0,50,0
catchall_60_65,primary,Capped,2040,still_waiting,category,EB-1,60,count_at_or_above,50,403.44,23.57113419729604,3.3334617662332318,396.7411577806606,410.1388422193394,50,0,0
catchall_60_65,primary,Capped,2040,still_waiting,category,EB-1,65,count_at_or_above,50,0.32,0.5869325309764039,0.0830047945504797,0.15319562030835598,0.48680437969164403,13,37,0
catchall_60_65,primary,Capped,2040,still_waiting,category,EB-1,70,count_at_or_above,50,0.0,0.0,0.0,0.0,0.0,0,50,0
catchall_60_65,primary,Capped,2040,still_waiting,category,EB-1,75,count_at_or_above,50,0.0,0.0,0.0,0.0,0.0,0,50,0
catchall_60_65,primary,Capped,2040,still_waiting,category,EB-1,80,count_at_or_above,50,0.0,0.0,0.0,0.0,0.0,0,50,0
catchall_60_65,primary,Capped,2040,still_waiting,category,EB-2,60,count_at_or_above,50,25394.5,137.93909481198946,19.507533866458374,25355.298143004504,25433.701856995496,50,0,0
catchall_60_65,primary,Capped,2040,still_waiting,category,EB-2,65,count_at_or_above,50,897.14,30.630123894557112,4.331753662885087,888.4350151057222,905.8449848942778,50,0,0
catchall_60_65,primary,Capped,2040,still_waiting,category,EB-2,70,count_at_or_above,50,14.12,4.038791494332664,0.5711713706882353,12.972188157307755,15.267811842692243,50,0,0
catchall_60_65,primary,Capped,2040,still_waiting,category,EB-2,75,count_at_or_above,50,0.28,0.4535573676110727,0.06414269805898185,0.15110042233801238,0.4088995776619877,14,36,0
catchall_60_65,primary,Capped,2040,still_waiting,category,EB-2,80,count_at_or_above,50,0.0,0.0,0.0,0.0,0.0,0,50,0
catchall_60_65,primary,Capped,2040,still_waiting,category,EB-3,60,count_at_or_above,50,8299.86,84.19995879585981,11.907672368036073,8275.930636477347,8323.789363522654,50,0,0
catchall_60_65,primary,Capped,2040,still_waiting,category,EB-3,65,count_at_or_above,50,206.48,12.093580688842781,1.7102905827814818,203.04304239654698,209.916957603453,50,0,0
catchall_60_65,primary,Capped,2040,still_waiting,category,EB-3,70,count_at_or_above,50,2.7,1.7871422861709718,0.2527400858993447,2.1920997819467605,3.20790021805324,45,5,0
catchall_60_65,primary,Capped,2040,still_waiting,category,EB-3,75,count_at_or_above,50,0.02,0.1414213562373095,0.02,-0.020191504742584788,0.06019150474258479,1,49,0
catchall_60_65,primary,Capped,2040,still_waiting,category,EB-3,80,count_at_or_above,50,0.0,0.0,0.0,0.0,0.0,0,50,0
catchall_60_65,primary,Capped,2040,still_waiting,category,EB-4,60,count_at_or_above,50,6725.7,71.52315166776276,10.114901111221794,6705.373345200877,6746.026654799122,50,0,0
catchall_60_65,primary,Capped,2040,still_waiting,category,EB-4,65,count_at_or_above,50,333.56,18.5716043947721,2.6264214810114477,328.2820084294951,338.8379915705049,50,0,0
catchall_60_65,primary,Capped,2040,still_waiting,category,EB-4,70,count_at_or_above,50,5.2,2.5071326821120348,0.3545621041711673,4.487480775433185,5.9125192245668154,50,0,0
catchall_60_65,primary,Capped,2040,still_waiting,category,EB-4,75,count_at_or_above,50,0.0,0.0,0.0,0.0,0.0,0,50,0
catchall_60_65,primary,Capped,2040,still_waiting,category,EB-4,80,count_at_or_above,50,0.0,0.0,0.0,0.0,0.0,0,50,0
catchall_60_65,primary,Capped,2040,still_waiting,category,EB-5,60,count_at_or_above,50,108.34,9.757487967124092,1.3799171817799172,105.56695260220592,111.11304739779409,50,0,0
catchall_60_65,primary,Capped,2040,still_waiting,category,EB-5,65,count_at_or_above,50,0.0,0.0,0.0,0.0,0.0,0,50,0
catchall_60_65,primary,Capped,2040,still_waiting,category,EB-5,70,count_at_or_above,50,0.0,0.0,0.0,0.0,0.0,0,50,0
catchall_60_65,primary,Capped,2040,still_waiting,category,EB-5,75,count_at_or_above,50,0.0,0.0,0.0,0.0,0.0,0,50,0
catchall_60_65,primary,Capped,2040,still_waiting,category,EB-5,80,count_at_or_above,50,0.0,0.0,0.0,0.0,0.0,0,50,0
catchall_60_65,primary,Capped,2040,still_waiting,nationality,India,60,count_at_or_above,50,29539.48,167.66356497584133,23.711208750465744,29491.830542052663,29587.129457947336,50,0,0
catchall_60_65,primary,Capped,2040,still_waiting,nationality,India,65,count_at_or_above,50,978.26,33.2134777167465,4.6970950640599485,968.8208340728231,987.6991659271769,50,0,0
catchall_60_65,primary,Capped,2040,still_waiting,nationality,India,70,count_at_or_above,50,15.28,3.9072930240142223,0.5525746786726696,14.169559609074756,16.390440390925242,50,0,0
catchall_60_65,primary,Capped,2040,still_waiting,nationality,India,75,count_at_or_above,50,0.3,0.5050762722761053,0.07142857142857141,0.1564589116336258,0.4435410883663742,14,36,0
catchall_60_65,primary,Capped,2040,still_waiting,nationality,India,80,count_at_or_above,50,0.0,0.0,0.0,0.0,0.0,0,50,0
catchall_60_65,primary,Capped,2040,still_waiting,nationality,China,60,count_at_or_above,50,3692.42,59.688678720063315,8.441253896604389,3675.456665199063,3709.383334800937,50,0,0
catchall_60_65,primary,Capped,2040,still_waiting,nationality,China,65,count_at_or_above,50,140.24,11.003821228675656,1.5561753219522088,137.11274860837324,143.36725139162678,50,0,0
catchall_60_65,primary,Capped,2040,still_waiting,nationality,China,70,count_at_or_above,50,1.56,1.1807987611298185,0.16699016224231378,1.2244207051136522,1.895579294886348,39,11,0
catchall_60_65,primary,Capped,2040,still_waiting,nationality,China,75,count_at_or_above,50,0.0,0.0,0.0,0.0,0.0,0,50,0
catchall_60_65,primary,Capped,2040,still_waiting,nationality,China,80,count_at_or_above,50,0.0,0.0,0.0,0.0,0.0,0,50,0
catchall_60_65,primary,Capped,2040,still_waiting,nationality,ROW,60,count_at_or_above,50,7699.94,77.75639877862405,10.996415371402088,7677.841875972443,7722.0381240275565,50,0,0
catchall_60_65,primary,Capped,2040,still_waiting,nationality,ROW,65,count_at_or_above,50,319.0,18.256673367538227,2.5818835080188243,313.811510837133,324.188489162867,50,0,0
catchall_60_65,primary,Capped,2040,still_waiting,nationality,ROW,70,count_at_or_above,50,5.18,2.512743033224927,0.35535552763452005,4.465886331288673,5.894113668711326,50,0,0
catchall_60_65,primary,Capped,2040,still_waiting,nationality,ROW,75,count_at_or_above,50,0.0,0.0,0.0,0.0,0.0,0,50,0
catchall_60_65,primary,Capped,2040,still_waiting,nationality,ROW,80,count_at_or_above,50,0.0,0.0,0.0,0.0,0.0,0,50,0
catchall_55_60,sensitivity,Uncapped,2024,converted,overall,All EB,60,count_at_or_above,1,42.0,,,,,1,0,0
catchall_55_60,sensitivity,Uncapped,2024,converted,overall,All EB,65,count_at_or_above,1,0.0,,,,,0,1,0
catchall_55_60,sensitivity,Uncapped,2024,converted,overall,All EB,70,count_at_or_above,1,0.0,,,,,0,1,0
catchall_55_60,sensitivity,Uncapped,2024,converted,overall,All EB,75,count_at_or_above,1,0.0,,,,,0,1,0
catchall_55_60,sensitivity,Uncapped,2024,converted,overall,All EB,80,count_at_or_above,1,0.0,,,,,0,1,0
catchall_55_60,sensitivity,Uncapped,2024,converted,category,EB-1,60,count_at_or_above,1,0.0,,,,,0,1,0
catchall_55_60,sensitivity,Uncapped,2024,converted,category,EB-1,65,count_at_or_above,1,0.0,,,,,0,1,0
catchall_55_60,sensitivity,Uncapped,2024,converted,category,EB-1,70,count_at_or_above,1,0.0,,,,,0,1,0
catchall_55_60,sensitivity,Uncapped,2024,converted,category,EB-1,75,count_at_or_above,1,0.0,,,,,0,1,0
catchall_55_60,sensitivity,Uncapped,2024,converted,category,EB-1,80,count_at_or_above,1,0.0,,,,,0,1,0
catchall_55_60,sensitivity,Uncapped,2024,converted,category,EB-2,60,count_at_or_above,1,4.0,,,,,1,0,0
catchall_55_60,sensitivity,Uncapped,2024,converted,category,EB-2,65,count_at_or_above,1,0.0,,,,,0,1,0
catchall_55_60,sensitivity,Uncapped,2024,converted,category,EB-2,70,count_at_or_above,1,0.0,,,,,0,1,0
catchall_55_60,sensitivity,Uncapped,2024,converted,category,EB-2,75,count_at_or_above,1,0.0,,,,,0,1,0
catchall_55_60,sensitivity,Uncapped,2024,converted,category,EB-2,80,count_at_or_above,1,0.0,,,,,0,1,0
catchall_55_60,sensitivity,Uncapped,2024,converted,category,EB-3,60,count_at_or_above,1,13.0,,,,,1,0,0
catchall_55_60,sensitivity,Uncapped,2024,converted,category,EB-3,65,count_at_or_above,1,0.0,,,,,0,1,0
catchall_55_60,sensitivity,Uncapped,2024,converted,category,EB-3,70,count_at_or_above,1,0.0,,,,,0,1,0
catchall_55_60,sensitivity,Uncapped,2024,converted,category,EB-3,75,count_at_or_above,1,0.0,,,,,0,1,0
catchall_55_60,sensitivity,Uncapped,2024,converted,category,EB-3,80,count_at_or_above,1,0.0,,,,,0,1,0
catchall_55_60,sensitivity,Uncapped,2024,converted,category,EB-4,60,count_at_or_above,1,24.0,,,,,1,0,0
catchall_55_60,sensitivity,Uncapped,2024,converted,category,EB-4,65,count_at_or_above,1,0.0,,,,,0,1,0
catchall_55_60,sensitivity,Uncapped,2024,converted,category,EB-4,70,count_at_or_above,1,0.0,,,,,0,1,0
catchall_55_60,sensitivity,Uncapped,2024,converted,category,EB-4,75,count_at_or_above,1,0.0,,,,,0,1,0
catchall_55_60,sensitivity,Uncapped,2024,converted,category,EB-4,80,count_at_or_above,1,0.0,,,,,0,1,0
catchall_55_60,sensitivity,Uncapped,2024,converted,category,EB-5,60,count_at_or_above,1,1.0,,,,,1,0,0
catchall_55_60,sensitivity,Uncapped,2024,converted,category,EB-5,65,count_at_or_above,1,0.0,,,,,0,1,0
catchall_55_60,sensitivity,Uncapped,2024,converted,category,EB-5,70,count_at_or_above,1,0.0,,,,,0,1,0
catchall_55_60,sensitivity,Uncapped,2024,converted,category,EB-5,75,count_at_or_above,1,0.0,,,,,0,1,0
catchall_55_60,sensitivity,Uncapped,2024,converted,category,EB-5,80,count_at_or_above,1,0.0,,,,,0,1,0
catchall_55_60,sensitivity,Uncapped,2024,converted,nationality,India,60,count_at_or_above,1,5.0,,,,,1,0,0
catchall_55_60,sensitivity,Uncapped,2024,converted,nationality,India,65,count_at_or_above,1,0.0,,,,,0,1,0
catchall_55_60,sensitivity,Uncapped,2024,converted,nationality,India,70,count_at_or_above,1,0.0,,,,,0,1,0
catchall_55_60,sensitivity,Uncapped,2024,converted,nationality,India,75,count_at_or_above,1,0.0,,,,,0,1,0
catchall_55_60,sensitivity,Uncapped,2024,converted,nationality,India,80,count_at_or_above,1,0.0,,,,,0,1,0
catchall_55_60,sensitivity,Uncapped,2024,converted,nationality,China,60,count_at_or_above,1,15.0,,,,,1,0,0
catchall_55_60,sensitivity,Uncapped,2024,converted,nationality,China,65,count_at_or_above,1,0.0,,,,,0,1,0
catchall_55_60,sensitivity,Uncapped,2024,converted,nationality,China,70,count_at_or_above,1,0.0,,,,,0,1,0
catchall_55_60,sensitivity,Uncapped,2024,converted,nationality,China,75,count_at_or_above,1,0.0,,,,,0,1,0
catchall_55_60,sensitivity,Uncapped,2024,converted,nationality,China,80,count_at_or_above,1,0.0,,,,,0,1,0
catchall_55_60,sensitivity,Uncapped,2024,converted,nationality,ROW,60,count_at_or_above,1,22.0,,,,,1,0,0
catchall_55_60,sensitivity,Uncapped,2024,converted,nationality,ROW,65,count_at_or_above,1,0.0,,,,,0,1,0
catchall_55_60,sensitivity,Uncapped,2024,converted,nationality,ROW,70,count_at_or_above,1,0.0,,,,,0,1,0
catchall_55_60,sensitivity,Uncapped,2024,converted,nationality,ROW,75,count_at_or_above,1,0.0,,,,,0,1,0
catchall_55_60,sensitivity,Uncapped,2024,converted,nationality,ROW,80,count_at_or_above,1,0.0,,,,,0,1,0
catchall_55_60,sensitivity,Uncapped,2040,converted,overall,All EB,60,count_at_or_above,1,168.0,,,,,1,0,0
catchall_55_60,sensitivity,Uncapped,2040,converted,overall,All EB,65,count_at_or_above,1,10.0,,,,,1,0,0
catchall_55_60,sensitivity,Uncapped,2040,converted,overall,All EB,70,count_at_or_above,1,0.0,,,,,0,1,0
catchall_55_60,sensitivity,Uncapped,2040,converted,overall,All EB,75,count_at_or_above,1,0.0,,,,,0,1,0
catchall_55_60,sensitivity,Uncapped,2040,converted,overall,All EB,80,count_at_or_above,1,0.0,,,,,0,1,0
catchall_55_60,sensitivity,Uncapped,2040,converted,category,EB-1,60,count_at_or_above,1,4.0,,,,,1,0,0
catchall_55_60,sensitivity,Uncapped,2040,converted,category,EB-1,65,count_at_or_above,1,0.0,,,,,0,1,0
catchall_55_60,sensitivity,Uncapped,2040,converted,category,EB-1,70,count_at_or_above,1,0.0,,,,,0,1,0
catchall_55_60,sensitivity,Uncapped,2040,converted,category,EB-1,75,count_at_or_above,1,0.0,,,,,0,1,0
catchall_55_60,sensitivity,Uncapped,2040,converted,category,EB-1,80,count_at_or_above,1,0.0,,,,,0,1,0
catchall_55_60,sensitivity,Uncapped,2040,converted,category,EB-2,60,count_at_or_above,1,87.0,,,,,1,0,0
catchall_55_60,sensitivity,Uncapped,2040,converted,category,EB-2,65,count_at_or_above,1,7.0,,,,,1,0,0
catchall_55_60,sensitivity,Uncapped,2040,converted,category,EB-2,70,count_at_or_above,1,0.0,,,,,0,1,0
catchall_55_60,sensitivity,Uncapped,2040,converted,category,EB-2,75,count_at_or_above,1,0.0,,,,,0,1,0
catchall_55_60,sensitivity,Uncapped,2040,converted,category,EB-2,80,count_at_or_above,1,0.0,,,,,0,1,0
catchall_55_60,sensitivity,Uncapped,2040,converted,category,EB-3,60,count_at_or_above,1,62.0,,,,,1,0,0
catchall_55_60,sensitivity,Uncapped,2040,converted,category,EB-3,65,count_at_or_above,1,1.0,,,,,1,0,0
catchall_55_60,sensitivity,Uncapped,2040,converted,category,EB-3,70,count_at_or_above,1,0.0,,,,,0,1,0
catchall_55_60,sensitivity,Uncapped,2040,converted,category,EB-3,75,count_at_or_above,1,0.0,,,,,0,1,0
catchall_55_60,sensitivity,Uncapped,2040,converted,category,EB-3,80,count_at_or_above,1,0.0,,,,,0,1,0
catchall_55_60,sensitivity,Uncapped,2040,converted,category,EB-4,60,count_at_or_above,1,15.0,,,,,1,0,0
catchall_55_60,sensitivity,Uncapped,2040,converted,category,EB-4,65,count_at_or_above,1,2.0,,,,,1,0,0
catchall_55_60,sensitivity,Uncapped,2040,converted,category,EB-4,70,count_at_or_above,1,0.0,,,,,0,1,0
catchall_55_60,sensitivity,Uncapped,2040,converted,category,EB-4,75,count_at_or_above,1,0.0,,,,,0,1,0
catchall_55_60,sensitivity,Uncapped,2040,converted,category,EB-4,80,count_at_or_above,1,0.0,,,,,0,1,0
catchall_55_60,sensitivity,Uncapped,2040,converted,category,EB-5,60,count_at_or_above,1,0.0,,,,,0,1,0
catchall_55_60,sensitivity,Uncapped,2040,converted,category,EB-5,65,count_at_or_above,1,0.0,,,,,0,1,0
catchall_55_60,sensitivity,Uncapped,2040,converted,category,EB-5,70,count_at_or_above,1,0.0,,,,,0,1,0
catchall_55_60,sensitivity,Uncapped,2040,converted,category,EB-5,75,count_at_or_above,1,0.0,,,,,0,1,0
catchall_55_60,sensitivity,Uncapped,2040,converted,category,EB-5,80,count_at_or_above,1,0.0,,,,,0,1,0
catchall_55_60,sensitivity,Uncapped,2040,converted,nationality,India,60,count_at_or_above,1,40.0,,,,,1,0,0
catchall_55_60,sensitivity,Uncapped,2040,converted,nationality,India,65,count_at_or_above,1,3.0,,,,,1,0,0
catchall_55_60,sensitivity,Uncapped,2040,converted,nationality,India,70,count_at_or_above,1,0.0,,,,,0,1,0
catchall_55_60,sensitivity,Uncapped,2040,converted,nationality,India,75,count_at_or_above,1,0.0,,,,,0,1,0
catchall_55_60,sensitivity,Uncapped,2040,converted,nationality,India,80,count_at_or_above,1,0.0,,,,,0,1,0
catchall_55_60,sensitivity,Uncapped,2040,converted,nationality,China,60,count_at_or_above,1,18.0,,,,,1,0,0
catchall_55_60,sensitivity,Uncapped,2040,converted,nationality,China,65,count_at_or_above,1,2.0,,,,,1,0,0
catchall_55_60,sensitivity,Uncapped,2040,converted,nationality,China,70,count_at_or_above,1,0.0,,,,,0,1,0
catchall_55_60,sensitivity,Uncapped,2040,converted,nationality,China,75,count_at_or_above,1,0.0,,,,,0,1,0
catchall_55_60,sensitivity,Uncapped,2040,converted,nationality,China,80,count_at_or_above,1,0.0,,,,,0,1,0
catchall_55_60,sensitivity,Uncapped,2040,converted,nationality,ROW,60,count_at_or_above,1,110.0,,,,,1,0,0
catchall_55_60,sensitivity,Uncapped,2040,converted,nationality,ROW,65,count_at_or_above,1,5.0,,,,,1,0,0
catchall_55_60,sensitivity,Uncapped,2040,converted,nationality,ROW,70,count_at_or_above,1,0.0,,,,,0,1,0
catchall_55_60,sensitivity,Uncapped,2040,converted,nationality,ROW,75,count_at_or_above,1,0.0,,,,,0,1,0
catchall_55_60,sensitivity,Uncapped,2040,converted,nationality,ROW,80,count_at_or_above,1,0.0,,,,,0,1,0
catchall_55_60,sensitivity,Uncapped,2040,still_waiting,overall,All EB,60,count_at_or_above,1,2300.0,,,,,1,0,0
catchall_55_60,sensitivity,Uncapped,2040,still_waiting,overall,All EB,65,count_at_or_above,1,52.0,,,,,1,0,0
catchall_55_60,sensitivity,Uncapped,2040,still_waiting,overall,All EB,70,count_at_or_above,1,0.0,,,,,0,1,0
catchall_55_60,sensitivity,Uncapped,2040,still_waiting,overall,All EB,75,count_at_or_above,1,0.0,,,,,0,1,0
catchall_55_60,sensitivity,Uncapped,2040,still_waiting,overall,All EB,80,count_at_or_above,1,0.0,,,,,0,1,0
catchall_55_60,sensitivity,Uncapped,2040,still_waiting,category,EB-1,60,count_at_or_above,1,11.0,,,,,1,0,0
catchall_55_60,sensitivity,Uncapped,2040,still_waiting,category,EB-1,65,count_at_or_above,1,0.0,,,,,0,1,0
catchall_55_60,sensitivity,Uncapped,2040,still_waiting,category,EB-1,70,count_at_or_above,1,0.0,,,,,0,1,0
catchall_55_60,sensitivity,Uncapped,2040,still_waiting,category,EB-1,75,count_at_or_above,1,0.0,,,,,0,1,0
catchall_55_60,sensitivity,Uncapped,2040,still_waiting,category,EB-1,80,count_at_or_above,1,0.0,,,,,0,1,0
catchall_55_60,sensitivity,Uncapped,2040,still_waiting,category,EB-2,60,count_at_or_above,1,1090.0,,,,,1,0,0
catchall_55_60,sensitivity,Uncapped,2040,still_waiting,category,EB-2,65,count_at_or_above,1,20.0,,,,,1,0,0
catchall_55_60,sensitivity,Uncapped,2040,still_waiting,category,EB-2,70,count_at_or_above,1,0.0,,,,,0,1,0
catchall_55_60,sensitivity,Uncapped,2040,still_waiting,category,EB-2,75,count_at_or_above,1,0.0,,,,,0,1,0
catchall_55_60,sensitivity,Uncapped,2040,still_waiting,category,EB-2,80,count_at_or_above,1,0.0,,,,,0,1,0
catchall_55_60,sensitivity,Uncapped,2040,still_waiting,category,EB-3,60,count_at_or_above,1,499.0,,,,,1,0,0
catchall_55_60,sensitivity,Uncapped,2040,still_waiting,category,EB-3,65,count_at_or_above,1,5.0,,,,,1,0,0
catchall_55_60,sensitivity,Uncapped,2040,still_waiting,category,EB-3,70,count_at_or_above,1,0.0,,,,,0,1,0
catchall_55_60,sensitivity,Uncapped,2040,still_waiting,category,EB-3,75,count_at_or_above,1,0.0,,,,,0,1,0
catchall_55_60,sensitivity,Uncapped,2040,still_waiting,category,EB-3,80,count_at_or_above,1,0.0,,,,,0,1,0
catchall_55_60,sensitivity,Uncapped,2040,still_waiting,category,EB-4,60,count_at_or_above,1,700.0,,,,,1,0,0
catchall_55_60,sensitivity,Uncapped,2040,still_waiting,category,EB-4,65,count_at_or_above,1,27.0,,,,,1,0,0
catchall_55_60,sensitivity,Uncapped,2040,still_waiting,category,EB-4,70,count_at_or_above,1,0.0,,,,,0,1,0
catchall_55_60,sensitivity,Uncapped,2040,still_waiting,category,EB-4,75,count_at_or_above,1,0.0,,,,,0,1,0
catchall_55_60,sensitivity,Uncapped,2040,still_waiting,category,EB-4,80,count_at_or_above,1,0.0,,,,,0,1,0
catchall_55_60,sensitivity,Uncapped,2040,still_waiting,category,EB-5,60,count_at_or_above,1,0.0,,,,,0,1,0
catchall_55_60,sensitivity,Uncapped,2040,still_waiting,category,EB-5,65,count_at_or_above,1,0.0,,,,,0,1,0
catchall_55_60,sensitivity,Uncapped,2040,still_waiting,category,EB-5,70,count_at_or_above,1,0.0,,,,,0,1,0
catchall_55_60,sensitivity,Uncapped,2040,still_waiting,category,EB-5,75,count_at_or_above,1,0.0,,,,,0,1,0
catchall_55_60,sensitivity,Uncapped,2040,still_waiting,category,EB-5,80,count_at_or_above,1,0.0,,,,,0,1,0
catchall_55_60,sensitivity,Uncapped,2040,still_waiting,nationality,India,60,count_at_or_above,1,380.0,,,,,1,0,0
catchall_55_60,sensitivity,Uncapped,2040,still_waiting,nationality,India,65,count_at_or_above,1,3.0,,,,,1,0,0
catchall_55_60,sensitivity,Uncapped,2040,still_waiting,nationality,India,70,count_at_or_above,1,0.0,,,,,0,1,0
catchall_55_60,sensitivity,Uncapped,2040,still_waiting,nationality,India,75,count_at_or_above,1,0.0,,,,,0,1,0
catchall_55_60,sensitivity,Uncapped,2040,still_waiting,nationality,India,80,count_at_or_above,1,0.0,,,,,0,1,0
catchall_55_60,sensitivity,Uncapped,2040,still_waiting,nationality,China,60,count_at_or_above,1,215.0,,,,,1,0,0
catchall_55_60,sensitivity,Uncapped,2040,still_waiting,nationality,China,65,count_at_or_above,1,3.0,,,,,1,0,0
catchall_55_60,sensitivity,Uncapped,2040,still_waiting,nationality,China,70,count_at_or_above,1,0.0,,,,,0,1,0
catchall_55_60,sensitivity,Uncapped,2040,still_waiting,nationality,China,75,count_at_or_above,1,0.0,,,,,0,1,0
catchall_55_60,sensitivity,Uncapped,2040,still_waiting,nationality,China,80,count_at_or_above,1,0.0,,,,,0,1,0
catchall_55_60,sensitivity,Uncapped,2040,still_waiting,nationality,ROW,60,count_at_or_above,1,1705.0,,,,,1,0,0
catchall_55_60,sensitivity,Uncapped,2040,still_waiting,nationality,ROW,65,count_at_or_above,1,46.0,,,,,1,0,0
catchall_55_60,sensitivity,Uncapped,2040,still_waiting,nationality,ROW,70,count_at_or_above,1,0.0,,,,,0,1,0
catchall_55_60,sensitivity,Uncapped,2040,still_waiting,nationality,ROW,75,count_at_or_above,1,0.0,,,,,0,1,0
catchall_55_60,sensitivity,Uncapped,2040,still_waiting,nationality,ROW,80,count_at_or_above,1,0.0,,,,,0,1,0
catchall_55_60,sensitivity,Capped,2024,converted,overall,All EB,60,count_at_or_above,1,42.0,,,,,1,0,0
catchall_55_60,sensitivity,Capped,2024,converted,overall,All EB,65,count_at_or_above,1,0.0,,,,,0,1,0
catchall_55_60,sensitivity,Capped,2024,converted,overall,All EB,70,count_at_or_above,1,0.0,,,,,0,1,0
catchall_55_60,sensitivity,Capped,2024,converted,overall,All EB,75,count_at_or_above,1,0.0,,,,,0,1,0
catchall_55_60,sensitivity,Capped,2024,converted,overall,All EB,80,count_at_or_above,1,0.0,,,,,0,1,0
catchall_55_60,sensitivity,Capped,2024,converted,category,EB-1,60,count_at_or_above,1,0.0,,,,,0,1,0
catchall_55_60,sensitivity,Capped,2024,converted,category,EB-1,65,count_at_or_above,1,0.0,,,,,0,1,0
catchall_55_60,sensitivity,Capped,2024,converted,category,EB-1,70,count_at_or_above,1,0.0,,,,,0,1,0
catchall_55_60,sensitivity,Capped,2024,converted,category,EB-1,75,count_at_or_above,1,0.0,,,,,0,1,0
catchall_55_60,sensitivity,Capped,2024,converted,category,EB-1,80,count_at_or_above,1,0.0,,,,,0,1,0
catchall_55_60,sensitivity,Capped,2024,converted,category,EB-2,60,count_at_or_above,1,4.0,,,,,1,0,0
catchall_55_60,sensitivity,Capped,2024,converted,category,EB-2,65,count_at_or_above,1,0.0,,,,,0,1,0
catchall_55_60,sensitivity,Capped,2024,converted,category,EB-2,70,count_at_or_above,1,0.0,,,,,0,1,0
catchall_55_60,sensitivity,Capped,2024,converted,category,EB-2,75,count_at_or_above,1,0.0,,,,,0,1,0
catchall_55_60,sensitivity,Capped,2024,converted,category,EB-2,80,count_at_or_above,1,0.0,,,,,0,1,0
catchall_55_60,sensitivity,Capped,2024,converted,category,EB-3,60,count_at_or_above,1,13.0,,,,,1,0,0
catchall_55_60,sensitivity,Capped,2024,converted,category,EB-3,65,count_at_or_above,1,0.0,,,,,0,1,0
catchall_55_60,sensitivity,Capped,2024,converted,category,EB-3,70,count_at_or_above,1,0.0,,,,,0,1,0
catchall_55_60,sensitivity,Capped,2024,converted,category,EB-3,75,count_at_or_above,1,0.0,,,,,0,1,0
catchall_55_60,sensitivity,Capped,2024,converted,category,EB-3,80,count_at_or_above,1,0.0,,,,,0,1,0
catchall_55_60,sensitivity,Capped,2024,converted,category,EB-4,60,count_at_or_above,1,24.0,,,,,1,0,0
catchall_55_60,sensitivity,Capped,2024,converted,category,EB-4,65,count_at_or_above,1,0.0,,,,,0,1,0
catchall_55_60,sensitivity,Capped,2024,converted,category,EB-4,70,count_at_or_above,1,0.0,,,,,0,1,0
catchall_55_60,sensitivity,Capped,2024,converted,category,EB-4,75,count_at_or_above,1,0.0,,,,,0,1,0
catchall_55_60,sensitivity,Capped,2024,converted,category,EB-4,80,count_at_or_above,1,0.0,,,,,0,1,0
catchall_55_60,sensitivity,Capped,2024,converted,category,EB-5,60,count_at_or_above,1,1.0,,,,,1,0,0
catchall_55_60,sensitivity,Capped,2024,converted,category,EB-5,65,count_at_or_above,1,0.0,,,,,0,1,0
catchall_55_60,sensitivity,Capped,2024,converted,category,EB-5,70,count_at_or_above,1,0.0,,,,,0,1,0
catchall_55_60,sensitivity,Capped,2024,converted,category,EB-5,75,count_at_or_above,1,0.0,,,,,0,1,0
catchall_55_60,sensitivity,Capped,2024,converted,category,EB-5,80,count_at_or_above,1,0.0,,,,,0,1,0
catchall_55_60,sensitivity,Capped,2024,converted,nationality,India,60,count_at_or_above,1,5.0,,,,,1,0,0
catchall_55_60,sensitivity,Capped,2024,converted,nationality,India,65,count_at_or_above,1,0.0,,,,,0,1,0
catchall_55_60,sensitivity,Capped,2024,converted,nationality,India,70,count_at_or_above,1,0.0,,,,,0,1,0
catchall_55_60,sensitivity,Capped,2024,converted,nationality,India,75,count_at_or_above,1,0.0,,,,,0,1,0
catchall_55_60,sensitivity,Capped,2024,converted,nationality,India,80,count_at_or_above,1,0.0,,,,,0,1,0
catchall_55_60,sensitivity,Capped,2024,converted,nationality,China,60,count_at_or_above,1,15.0,,,,,1,0,0
catchall_55_60,sensitivity,Capped,2024,converted,nationality,China,65,count_at_or_above,1,0.0,,,,,0,1,0
catchall_55_60,sensitivity,Capped,2024,converted,nationality,China,70,count_at_or_above,1,0.0,,,,,0,1,0
catchall_55_60,sensitivity,Capped,2024,converted,nationality,China,75,count_at_or_above,1,0.0,,,,,0,1,0
catchall_55_60,sensitivity,Capped,2024,converted,nationality,China,80,count_at_or_above,1,0.0,,,,,0,1,0
catchall_55_60,sensitivity,Capped,2024,converted,nationality,ROW,60,count_at_or_above,1,22.0,,,,,1,0,0
catchall_55_60,sensitivity,Capped,2024,converted,nationality,ROW,65,count_at_or_above,1,0.0,,,,,0,1,0
catchall_55_60,sensitivity,Capped,2024,converted,nationality,ROW,70,count_at_or_above,1,0.0,,,,,0,1,0
catchall_55_60,sensitivity,Capped,2024,converted,nationality,ROW,75,count_at_or_above,1,0.0,,,,,0,1,0
catchall_55_60,sensitivity,Capped,2024,converted,nationality,ROW,80,count_at_or_above,1,0.0,,,,,0,1,0
catchall_55_60,sensitivity,Capped,2040,converted,overall,All EB,60,count_at_or_above,1,162.0,,,,,1,0,0
catchall_55_60,sensitivity,Capped,2040,converted,overall,All EB,65,count_at_or_above,1,4.0,,,,,1,0,0
catchall_55_60,sensitivity,Capped,2040,converted,overall,All EB,70,count_at_or_above,1,0.0,,,,,0,1,0
catchall_55_60,sensitivity,Capped,2040,converted,overall,All EB,75,count_at_or_above,1,0.0,,,,,0,1,0
catchall_55_60,sensitivity,Capped,2040,converted,overall,All EB,80,count_at_or_above,1,0.0,,,,,0,1,0
catchall_55_60,sensitivity,Capped,2040,converted,category,EB-1,60,count_at_or_above,1,10.0,,,,,1,0,0
catchall_55_60,sensitivity,Capped,2040,converted,category,EB-1,65,count_at_or_above,1,0.0,,,,,0,1,0
catchall_55_60,sensitivity,Capped,2040,converted,category,EB-1,70,count_at_or_above,1,0.0,,,,,0,1,0
catchall_55_60,sensitivity,Capped,2040,converted,category,EB-1,75,count_at_or_above,1,0.0,,,,,0,1,0
catchall_55_60,sensitivity,Capped,2040,converted,category,EB-1,80,count_at_or_above,1,0.0,,,,,0,1,0
catchall_55_60,sensitivity,Capped,2040,converted,category,EB-2,60,count_at_or_above,1,51.0,,,,,1,0,0
catchall_55_60,sensitivity,Capped,2040,converted,category,EB-2,65,count_at_or_above,1,2.0,,,,,1,0,0
catchall_55_60,sensitivity,Capped,2040,converted,category,EB-2,70,count_at_or_above,1,0.0,,,,,0,1,0
catchall_55_60,sensitivity,Capped,2040,converted,category,EB-2,75,count_at_or_above,1,0.0,,,,,0,1,0
catchall_55_60,sensitivity,Capped,2040,converted,category,EB-2,80,count_at_or_above,1,0.0,,,,,0,1,0
catchall_55_60,sensitivity,Capped,2040,converted,category,EB-3,60,count_at_or_above,1,74.0,,,,,1,0,0
catchall_55_60,sensitivity,Capped,2040,converted,category,EB-3,65,count_at_or_above,1,1.0,,,,,1,0,0
catchall_55_60,sensitivity,Capped,2040,converted,category,EB-3,70,count_at_or_above,1,0.0,,,,,0,1,0
catchall_55_60,sensitivity,Capped,2040,converted,category,EB-3,75,count_at_or_above,1,0.0,,,,,0,1,0
catchall_55_60,sensitivity,Capped,2040,converted,category,EB-3,80,count_at_or_above,1,0.0,,,,,0,1,0
catchall_55_60,sensitivity,Capped,2040,converted,category,EB-4,60,count_at_or_above,1,24.0,,,,,1,0,0
catchall_55_60,sensitivity,Capped,2040,converted,category,EB-4,65,count_at_or_above,1,1.0,,,,,1,0,0
catchall_55_60,sensitivity,Capped,2040,converted,category,EB-4,70,count_at_or_above,1,0.0,,,,,0,1,0
catchall_55_60,sensitivity,Capped,2040,converted,category,EB-4,75,count_at_or_above,1,0.0,,,,,0,1,0
catchall_55_60,sensitivity,Capped,2040,converted,category,EB-4,80,count_at_or_above,1,0.0,,,,,0,1,0
catchall_55_60,sensitivity,Capped,2040,converted,category,EB-5,60,count_at_or_above,1,3.0,,,,,1,0,0
catchall_55_60,sensitivity,Capped,2040,converted,category,EB-5,65,count_at_or_above,1,0.0,,,,,0,1,0
catchall_55_60,sensitivity,Capped,2040,converted,category,EB-5,70,count_at_or_above,1,0.0,,,,,0,1,0
catchall_55_60,sensitivity,Capped,2040,converted,category,EB-5,75,count_at_or_above,1,0.0,,,,,0,1,0
catchall_55_60,sensitivity,Capped,2040,converted,category,EB-5,80,count_at_or_above,1,0.0,,,,,0,1,0
catchall_55_60,sensitivity,Capped,2040,converted,nationality,India,60,count_at_or_above,1,97.0,,,,,1,0,0
catchall_55_60,sensitivity,Capped,2040,converted,nationality,India,65,count_at_or_above,1,3.0,,,,,1,0,0
catchall_55_60,sensitivity,Capped,2040,converted,nationality,India,70,count_at_or_above,1,0.0,,,,,0,1,0
catchall_55_60,sensitivity,Capped,2040,converted,nationality,India,75,count_at_or_above,1,0.0,,,,,0,1,0
catchall_55_60,sensitivity,Capped,2040,converted,nationality,India,80,count_at_or_above,1,0.0,,,,,0,1,0
catchall_55_60,sensitivity,Capped,2040,converted,nationality,China,60,count_at_or_above,1,17.0,,,,,1,0,0
catchall_55_60,sensitivity,Capped,2040,converted,nationality,China,65,count_at_or_above,1,0.0,,,,,0,1,0
catchall_55_60,sensitivity,Capped,2040,converted,nationality,China,70,count_at_or_above,1,0.0,,,,,0,1,0
catchall_55_60,sensitivity,Capped,2040,converted,nationality,China,75,count_at_or_above,1,0.0,,,,,0,1,0
catchall_55_60,sensitivity,Capped,2040,converted,nationality,China,80,count_at_or_above,1,0.0,,,,,0,1,0
catchall_55_60,sensitivity,Capped,2040,converted,nationality,ROW,60,count_at_or_above,1,48.0,,,,,1,0,0
catchall_55_60,sensitivity,Capped,2040,converted,nationality,ROW,65,count_at_or_above,1,1.0,,,,,1,0,0
catchall_55_60,sensitivity,Capped,2040,converted,nationality,ROW,70,count_at_or_above,1,0.0,,,,,0,1,0
catchall_55_60,sensitivity,Capped,2040,converted,nationality,ROW,75,count_at_or_above,1,0.0,,,,,0,1,0
catchall_55_60,sensitivity,Capped,2040,converted,nationality,ROW,80,count_at_or_above,1,0.0,,,,,0,1,0
catchall_55_60,sensitivity,Capped,2040,still_waiting,overall,All EB,60,count_at_or_above,1,3433.0,,,,,1,0,0
catchall_55_60,sensitivity,Capped,2040,still_waiting,overall,All EB,65,count_at_or_above,1,79.0,,,,,1,0,0
catchall_55_60,sensitivity,Capped,2040,still_waiting,overall,All EB,70,count_at_or_above,1,5.0,,,,,1,0,0
catchall_55_60,sensitivity,Capped,2040,still_waiting,overall,All EB,75,count_at_or_above,1,0.0,,,,,0,1,0
catchall_55_60,sensitivity,Capped,2040,still_waiting,overall,All EB,80,count_at_or_above,1,0.0,,,,,0,1,0
catchall_55_60,sensitivity,Capped,2040,still_waiting,category,EB-1,60,count_at_or_above,1,47.0,,,,,1,0,0
catchall_55_60,sensitivity,Capped,2040,still_waiting,category,EB-1,65,count_at_or_above,1,0.0,,,,,0,1,0
catchall_55_60,sensitivity,Capped,2040,still_waiting,category,EB-1,70,count_at_or_above,1,0.0,,,,,0,1,0
catchall_55_60,sensitivity,Capped,2040,still_waiting,category,EB-1,75,count_at_or_above,1,0.0,,,,,0,1,0
catchall_55_60,sensitivity,Capped,2040,still_waiting,category,EB-1,80,count_at_or_above,1,0.0,,,,,0,1,0
catchall_55_60,sensitivity,Capped,2040,still_waiting,category,EB-2,60,count_at_or_above,1,2049.0,,,,,1,0,0
catchall_55_60,sensitivity,Capped,2040,still_waiting,category,EB-2,65,count_at_or_above,1,46.0,,,,,1,0,0
catchall_55_60,sensitivity,Capped,2040,still_waiting,category,EB-2,70,count_at_or_above,1,2.0,,,,,1,0,0
catchall_55_60,sensitivity,Capped,2040,still_waiting,category,EB-2,75,count_at_or_above,1,0.0,,,,,0,1,0
catchall_55_60,sensitivity,Capped,2040,still_waiting,category,EB-2,80,count_at_or_above,1,0.0,,,,,0,1,0
catchall_55_60,sensitivity,Capped,2040,still_waiting,category,EB-3,60,count_at_or_above,1,624.0,,,,,1,0,0
catchall_55_60,sensitivity,Capped,2040,still_waiting,category,EB-3,65,count_at_or_above,1,9.0,,,,,1,0,0
catchall_55_60,sensitivity,Capped,2040,still_waiting,category,EB-3,70,count_at_or_above,1,2.0,,,,,1,0,0
catchall_55_60,sensitivity,Capped,2040,still_waiting,category,EB-3,75,count_at_or_above,1,0.0,,,,,0,1,0
catchall_55_60,sensitivity,Capped,2040,still_waiting,category,EB-3,80,count_at_or_above,1,0.0,,,,,0,1,0
catchall_55_60,sensitivity,Capped,2040,still_waiting,category,EB-4,60,count_at_or_above,1,709.0,,,,,1,0,0
catchall_55_60,sensitivity,Capped,2040,still_waiting,category,EB-4,65,count_at_or_above,1,24.0,,,,,1,0,0
catchall_55_60,sensitivity,Capped,2040,still_waiting,category,EB-4,70,count_at_or_above,1,1.0,,,,,1,0,0
catchall_55_60,sensitivity,Capped,2040,still_waiting,category,EB-4,75,count_at_or_above,1,0.0,,,,,0,1,0
catchall_55_60,sensitivity,Capped,2040,still_waiting,category,EB-4,80,count_at_or_above,1,0.0,,,,,0,1,0
catchall_55_60,sensitivity,Capped,2040,still_waiting,category,EB-5,60,count_at_or_above,1,4.0,,,,,1,0,0
catchall_55_60,sensitivity,Capped,2040,still_waiting,category,EB-5,65,count_at_or_above,1,0.0,,,,,0,1,0
catchall_55_60,sensitivity,Capped,2040,still_waiting,category,EB-5,70,count_at_or_above,1,0.0,,,,,0,1,0
catchall_55_60,sensitivity,Capped,2040,still_waiting,category,EB-5,75,count_at_or_above,1,0.0,,,,,0,1,0
catchall_55_60,sensitivity,Capped,2040,still_waiting,category,EB-5,80,count_at_or_above,1,0.0,,,,,0,1,0
catchall_55_60,sensitivity,Capped,2040,still_waiting,nationality,India,60,count_at_or_above,1,2256.0,,,,,1,0,0
catchall_55_60,sensitivity,Capped,2040,still_waiting,nationality,India,65,count_at_or_above,1,44.0,,,,,1,0,0
catchall_55_60,sensitivity,Capped,2040,still_waiting,nationality,India,70,count_at_or_above,1,2.0,,,,,1,0,0
catchall_55_60,sensitivity,Capped,2040,still_waiting,nationality,India,75,count_at_or_above,1,0.0,,,,,0,1,0
catchall_55_60,sensitivity,Capped,2040,still_waiting,nationality,India,80,count_at_or_above,1,0.0,,,,,0,1,0
catchall_55_60,sensitivity,Capped,2040,still_waiting,nationality,China,60,count_at_or_above,1,330.0,,,,,1,0,0
catchall_55_60,sensitivity,Capped,2040,still_waiting,nationality,China,65,count_at_or_above,1,12.0,,,,,1,0,0
catchall_55_60,sensitivity,Capped,2040,still_waiting,nationality,China,70,count_at_or_above,1,2.0,,,,,1,0,0
catchall_55_60,sensitivity,Capped,2040,still_waiting,nationality,China,75,count_at_or_above,1,0.0,,,,,0,1,0
catchall_55_60,sensitivity,Capped,2040,still_waiting,nationality,China,80,count_at_or_above,1,0.0,,,,,0,1,0
catchall_55_60,sensitivity,Capped,2040,still_waiting,nationality,ROW,60,count_at_or_above,1,847.0,,,,,1,0,0
catchall_55_60,sensitivity,Capped,2040,still_waiting,nationality,ROW,65,count_at_or_above,1,23.0,,,,,1,0,0
catchall_55_60,sensitivity,Capped,2040,still_waiting,nationality,ROW,70,count_at_or_above,1,1.0,,,,,1,0,0
catchall_55_60,sensitivity,Capped,2040,still_waiting,nationality,ROW,75,count_at_or_above,1,0.0,,,,,0,1,0
catchall_55_60,sensitivity,Capped,2040,still_waiting,nationality,ROW,80,count_at_or_above,1,0.0,,,,,0,1,0
catchall_65_70,sensitivity,Uncapped,2024,converted,overall,All EB,60,count_at_or_above,1,695.0,,,,,1,0,0
catchall_65_70,sensitivity,Uncapped,2024,converted,overall,All EB,65,count_at_or_above,1,10.0,,,,,1,0,0
catchall_65_70,sensitivity,Uncapped,2024,converted,overall,All EB,70,count_at_or_above,1,0.0,,,,,0,1,0
catchall_65_70,sensitivity,Uncapped,2024,converted,overall,All EB,75,count_at_or_above,1,0.0,,,,,0,1,0
catchall_65_70,sensitivity,Uncapped,2024,converted,overall,All EB,80,count_at_or_above,1,0.0,,,,,0,1,0
catchall_65_70,sensitivity,Uncapped,2024,converted,category,EB-1,60,count_at_or_above,1,0.0,,,,,0,1,0
catchall_65_70,sensitivity,Uncapped,2024,converted,category,EB-1,65,count_at_or_above,1,0.0,,,,,0,1,0
catchall_65_70,sensitivity,Uncapped,2024,converted,category,EB-1,70,count_at_or_above,1,0.0,,,,,0,1,0
catchall_65_70,sensitivity,Uncapped,2024,converted,category,EB-1,75,count_at_or_above,1,0.0,,,,,0,1,0
catchall_65_70,sensitivity,Uncapped,2024,converted,category,EB-1,80,count_at_or_above,1,0.0,,,,,0,1,0
catchall_65_70,sensitivity,Uncapped,2024,converted,category,EB-2,60,count_at_or_above,1,48.0,,,,,1,0,0
catchall_65_70,sensitivity,Uncapped,2024,converted,category,EB-2,65,count_at_or_above,1,1.0,,,,,1,0,0
catchall_65_70,sensitivity,Uncapped,2024,converted,category,EB-2,70,count_at_or_above,1,0.0,,,,,0,1,0
catchall_65_70,sensitivity,Uncapped,2024,converted,category,EB-2,75,count_at_or_above,1,0.0,,,,,0,1,0
catchall_65_70,sensitivity,Uncapped,2024,converted,category,EB-2,80,count_at_or_above,1,0.0,,,,,0,1,0
catchall_65_70,sensitivity,Uncapped,2024,converted,category,EB-3,60,count_at_or_above,1,174.0,,,,,1,0,0
catchall_65_70,sensitivity,Uncapped,2024,converted,category,EB-3,65,count_at_or_above,1,9.0,,,,,1,0,0
catchall_65_70,sensitivity,Uncapped,2024,converted,category,EB-3,70,count_at_or_above,1,0.0,,,,,0,1,0
catchall_65_70,sensitivity,Uncapped,2024,converted,category,EB-3,75,count_at_or_above,1,0.0,,,,,0,1,0
catchall_65_70,sensitivity,Uncapped,2024,converted,category,EB-3,80,count_at_or_above,1,0.0,,,,,0,1,0
catchall_65_70,sensitivity,Uncapped,2024,converted,category,EB-4,60,count_at_or_above,1,343.0,,,,,1,0,0
catchall_65_70,sensitivity,Uncapped,2024,converted,category,EB-4,65,count_at_or_above,1,0.0,,,,,0,1,0
catchall_65_70,sensitivity,Uncapped,2024,converted,category,EB-4,70,count_at_or_above,1,0.0,,,,,0,1,0
catchall_65_70,sensitivity,Uncapped,2024,converted,category,EB-4,75,count_at_or_above,1,0.0,,,,,0,1,0
catchall_65_70,sensitivity,Uncapped,2024,converted,category,EB-4,80,count_at_or_above,1,0.0,,,,,0,1,0
catchall_65_70,sensitivity,Uncapped,2024,converted,category,EB-5,60,count_at_or_above,1,130.0,,,,,1,0,0
catchall_65_70,sensitivity,Uncapped,2024,converted,category,EB-5,65,count_at_or_above,1,0.0,,,,,0,1,0
catchall_65_70,sensitivity,Uncapped,2024,converted,category,EB-5,70,count_at_or_above,1,0.0,,,,,0,1,0
catchall_65_70,sensitivity,Uncapped,2024,converted,category,EB-5,75,count_at_or_above,1,0.0,,,,,0,1,0
catchall_65_70,sensitivity,Uncapped,2024,converted,category,EB-5,80,count_at_or_above,1,0.0,,,,,0,1,0
catchall_65_70,sensitivity,Uncapped,2024,converted,nationality,India,60,count_at_or_above,1,81.0,,,,,1,0,0
catchall_65_70,sensitivity,Uncapped,2024,converted,nationality,India,65,count_at_or_above,1,2.0,,,,,1,0,0
catchall_65_70,sensitivity,Uncapped,2024,converted,nationality,India,70,count_at_or_above,1,0.0,,,,,0,1,0
catchall_65_70,sensitivity,Uncapped,2024,converted,nationality,India,75,count_at_or_above,1,0.0,,,,,0,1,0
catchall_65_70,sensitivity,Uncapped,2024,converted,nationality,India,80,count_at_or_above,1,0.0,,,,,0,1,0
catchall_65_70,sensitivity,Uncapped,2024,converted,nationality,China,60,count_at_or_above,1,292.0,,,,,1,0,0
catchall_65_70,sensitivity,Uncapped,2024,converted,nationality,China,65,count_at_or_above,1,8.0,,,,,1,0,0
catchall_65_70,sensitivity,Uncapped,2024,converted,nationality,China,70,count_at_or_above,1,0.0,,,,,0,1,0
catchall_65_70,sensitivity,Uncapped,2024,converted,nationality,China,75,count_at_or_above,1,0.0,,,,,0,1,0
catchall_65_70,sensitivity,Uncapped,2024,converted,nationality,China,80,count_at_or_above,1,0.0,,,,,0,1,0
catchall_65_70,sensitivity,Uncapped,2024,converted,nationality,ROW,60,count_at_or_above,1,322.0,,,,,1,0,0
catchall_65_70,sensitivity,Uncapped,2024,converted,nationality,ROW,65,count_at_or_above,1,0.0,,,,,0,1,0
catchall_65_70,sensitivity,Uncapped,2024,converted,nationality,ROW,70,count_at_or_above,1,0.0,,,,,0,1,0
catchall_65_70,sensitivity,Uncapped,2024,converted,nationality,ROW,75,count_at_or_above,1,0.0,,,,,0,1,0
catchall_65_70,sensitivity,Uncapped,2024,converted,nationality,ROW,80,count_at_or_above,1,0.0,,,,,0,1,0
catchall_65_70,sensitivity,Uncapped,2040,converted,overall,All EB,60,count_at_or_above,1,5342.0,,,,,1,0,0
catchall_65_70,sensitivity,Uncapped,2040,converted,overall,All EB,65,count_at_or_above,1,922.0,,,,,1,0,0
catchall_65_70,sensitivity,Uncapped,2040,converted,overall,All EB,70,count_at_or_above,1,21.0,,,,,1,0,0
catchall_65_70,sensitivity,Uncapped,2040,converted,overall,All EB,75,count_at_or_above,1,0.0,,,,,0,1,0
catchall_65_70,sensitivity,Uncapped,2040,converted,overall,All EB,80,count_at_or_above,1,0.0,,,,,0,1,0
catchall_65_70,sensitivity,Uncapped,2040,converted,category,EB-1,60,count_at_or_above,1,80.0,,,,,1,0,0
catchall_65_70,sensitivity,Uncapped,2040,converted,category,EB-1,65,count_at_or_above,1,0.0,,,,,0,1,0
catchall_65_70,sensitivity,Uncapped,2040,converted,category,EB-1,70,count_at_or_above,1,0.0,,,,,0,1,0
catchall_65_70,sensitivity,Uncapped,2040,converted,category,EB-1,75,count_at_or_above,1,0.0,,,,,0,1,0
catchall_65_70,sensitivity,Uncapped,2040,converted,category,EB-1,80,count_at_or_above,1,0.0,,,,,0,1,0
catchall_65_70,sensitivity,Uncapped,2040,converted,category,EB-2,60,count_at_or_above,1,2729.0,,,,,1,0,0
catchall_65_70,sensitivity,Uncapped,2040,converted,category,EB-2,65,count_at_or_above,1,394.0,,,,,1,0,0
catchall_65_70,sensitivity,Uncapped,2040,converted,category,EB-2,70,count_at_or_above,1,13.0,,,,,1,0,0
catchall_65_70,sensitivity,Uncapped,2040,converted,category,EB-2,75,count_at_or_above,1,0.0,,,,,0,1,0
catchall_65_70,sensitivity,Uncapped,2040,converted,category,EB-2,80,count_at_or_above,1,0.0,,,,,0,1,0
catchall_65_70,sensitivity,Uncapped,2040,converted,category,EB-3,60,count_at_or_above,1,1861.0,,,,,1,0,0
catchall_65_70,sensitivity,Uncapped,2040,converted,category,EB-3,65,count_at_or_above,1,339.0,,,,,1,0,0
catchall_65_70,sensitivity,Uncapped,2040,converted,category,EB-3,70,count_at_or_above,1,0.0,,,,,0,1,0
catchall_65_70,sensitivity,Uncapped,2040,converted,category,EB-3,75,count_at_or_above,1,0.0,,,,,0,1,0
catchall_65_70,sensitivity,Uncapped,2040,converted,category,EB-3,80,count_at_or_above,1,0.0,,,,,0,1,0
catchall_65_70,sensitivity,Uncapped,2040,converted,category,EB-4,60,count_at_or_above,1,620.0,,,,,1,0,0
catchall_65_70,sensitivity,Uncapped,2040,converted,category,EB-4,65,count_at_or_above,1,189.0,,,,,1,0,0
catchall_65_70,sensitivity,Uncapped,2040,converted,category,EB-4,70,count_at_or_above,1,8.0,,,,,1,0,0
catchall_65_70,sensitivity,Uncapped,2040,converted,category,EB-4,75,count_at_or_above,1,0.0,,,,,0,1,0
catchall_65_70,sensitivity,Uncapped,2040,converted,category,EB-4,80,count_at_or_above,1,0.0,,,,,0,1,0
catchall_65_70,sensitivity,Uncapped,2040,converted,category,EB-5,60,count_at_or_above,1,52.0,,,,,1,0,0
catchall_65_70,sensitivity,Uncapped,2040,converted,category,EB-5,65,count_at_or_above,1,0.0,,,,,0,1,0
catchall_65_70,sensitivity,Uncapped,2040,converted,category,EB-5,70,count_at_or_above,1,0.0,,,,,0,1,0
catchall_65_70,sensitivity,Uncapped,2040,converted,category,EB-5,75,count_at_or_above,1,0.0,,,,,0,1,0
catchall_65_70,sensitivity,Uncapped,2040,converted,category,EB-5,80,count_at_or_above,1,0.0,,,,,0,1,0
catchall_65_70,sensitivity,Uncapped,2040,converted,nationality,India,60,count_at_or_above,1,1321.0,,,,,1,0,0
catchall_65_70,sensitivity,Uncapped,2040,converted,nationality,India,65,count_at_or_above,1,126.0,,,,,1,0,0
catchall_65_70,sensitivity,Uncapped,2040,converted,nationality,India,70,count_at_or_above,1,5.0,,,,,1,0,0
catchall_65_70,sensitivity,Uncapped,2040,converted,nationality,India,75,count_at_or_above,1,0.0,,,,,0,1,0
catchall_65_70,sensitivity,Uncapped,2040,converted,nationality,India,80,count_at_or_above,1,0.0,,,,,0,1,0
catchall_65_70,sensitivity,Uncapped,2040,converted,nationality,China,60,count_at_or_above,1,659.0,,,,,1,0,0
catchall_65_70,sensitivity,Uncapped,2040,converted,nationality,China,65,count_at_or_above,1,113.0,,,,,1,0,0
catchall_65_70,sensitivity,Uncapped,2040,converted,nationality,China,70,count_at_or_above,1,4.0,,,,,1,0,0
catchall_65_70,sensitivity,Uncapped,2040,converted,nationality,China,75,count_at_or_above,1,0.0,,,,,0,1,0
catchall_65_70,sensitivity,Uncapped,2040,converted,nationality,China,80,count_at_or_above,1,0.0,,,,,0,1,0
catchall_65_70,sensitivity,Uncapped,2040,converted,nationality,ROW,60,count_at_or_above,1,3362.0,,,,,1,0,0
catchall_65_70,sensitivity,Uncapped,2040,converted,nationality,ROW,65,count_at_or_above,1,683.0,,,,,1,0,0
catchall_65_70,sensitivity,Uncapped,2040,converted,nationality,ROW,70,count_at_or_above,1,12.0,,,,,1,0,0
catchall_65_70,sensitivity,Uncapped,2040,converted,nationality,ROW,75,count_at_or_above,1,0.0,,,,,0,1,0
catchall_65_70,sensitivity,Uncapped,2040,converted,nationality,ROW,80,count_at_or_above,1,0.0,,,,,0,1,0
catchall_65_70,sensitivity,Uncapped,2040,still_waiting,overall,All EB,60,count_at_or_above,1,74901.0,,,,,1,0,0
catchall_65_70,sensitivity,Uncapped,2040,still_waiting,overall,All EB,65,count_at_or_above,1,9738.0,,,,,1,0,0
catchall_65_70,sensitivity,Uncapped,2040,still_waiting,overall,All EB,70,count_at_or_above,1,189.0,,,,,1,0,0
catchall_65_70,sensitivity,Uncapped,2040,still_waiting,overall,All EB,75,count_at_or_above,1,0.0,,,,,0,1,0
catchall_65_70,sensitivity,Uncapped,2040,still_waiting,overall,All EB,80,count_at_or_above,1,0.0,,,,,0,1,0
catchall_65_70,sensitivity,Uncapped,2040,still_waiting,category,EB-1,60,count_at_or_above,1,118.0,,,,,1,0,0
catchall_65_70,sensitivity,Uncapped,2040,still_waiting,category,EB-1,65,count_at_or_above,1,0.0,,,,,0,1,0
catchall_65_70,sensitivity,Uncapped,2040,still_waiting,category,EB-1,70,count_at_or_above,1,0.0,,,,,0,1,0
catchall_65_70,sensitivity,Uncapped,2040,still_waiting,category,EB-1,75,count_at_or_above,1,0.0,,,,,0,1,0
catchall_65_70,sensitivity,Uncapped,2040,still_waiting,category,EB-1,80,count_at_or_above,1,0.0,,,,,0,1,0
catchall_65_70,sensitivity,Uncapped,2040,still_waiting,category,EB-2,60,count_at_or_above,1,39227.0,,,,,1,0,0
catchall_65_70,sensitivity,Uncapped,2040,still_waiting,category,EB-2,65,count_at_or_above,1,4848.0,,,,,1,0,0
catchall_65_70,sensitivity,Uncapped,2040,still_waiting,category,EB-2,70,count_at_or_above,1,105.0,,,,,1,0,0
catchall_65_70,sensitivity,Uncapped,2040,still_waiting,category,EB-2,75,count_at_or_above,1,0.0,,,,,0,1,0
catchall_65_70,sensitivity,Uncapped,2040,still_waiting,category,EB-2,80,count_at_or_above,1,0.0,,,,,0,1,0
catchall_65_70,sensitivity,Uncapped,2040,still_waiting,category,EB-3,60,count_at_or_above,1,15420.0,,,,,1,0,0
catchall_65_70,sensitivity,Uncapped,2040,still_waiting,category,EB-3,65,count_at_or_above,1,1408.0,,,,,1,0,0
catchall_65_70,sensitivity,Uncapped,2040,still_waiting,category,EB-3,70,count_at_or_above,1,0.0,,,,,0,1,0
catchall_65_70,sensitivity,Uncapped,2040,still_waiting,category,EB-3,75,count_at_or_above,1,0.0,,,,,0,1,0
catchall_65_70,sensitivity,Uncapped,2040,still_waiting,category,EB-3,80,count_at_or_above,1,0.0,,,,,0,1,0
catchall_65_70,sensitivity,Uncapped,2040,still_waiting,category,EB-4,60,count_at_or_above,1,20066.0,,,,,1,0,0
catchall_65_70,sensitivity,Uncapped,2040,still_waiting,category,EB-4,65,count_at_or_above,1,3482.0,,,,,1,0,0
catchall_65_70,sensitivity,Uncapped,2040,still_waiting,category,EB-4,70,count_at_or_above,1,84.0,,,,,1,0,0
catchall_65_70,sensitivity,Uncapped,2040,still_waiting,category,EB-4,75,count_at_or_above,1,0.0,,,,,0,1,0
catchall_65_70,sensitivity,Uncapped,2040,still_waiting,category,EB-4,80,count_at_or_above,1,0.0,,,,,0,1,0
catchall_65_70,sensitivity,Uncapped,2040,still_waiting,category,EB-5,60,count_at_or_above,1,70.0,,,,,1,0,0
catchall_65_70,sensitivity,Uncapped,2040,still_waiting,category,EB-5,65,count_at_or_above,1,0.0,,,,,0,1,0
catchall_65_70,sensitivity,Uncapped,2040,still_waiting,category,EB-5,70,count_at_or_above,1,0.0,,,,,0,1,0
catchall_65_70,sensitivity,Uncapped,2040,still_waiting,category,EB-5,75,count_at_or_above,1,0.0,,,,,0,1,0
catchall_65_70,sensitivity,Uncapped,2040,still_waiting,category,EB-5,80,count_at_or_above,1,0.0,,,,,0,1,0
catchall_65_70,sensitivity,Uncapped,2040,still_waiting,nationality,India,60,count_at_or_above,1,14476.0,,,,,1,0,0
catchall_65_70,sensitivity,Uncapped,2040,still_waiting,nationality,India,65,count_at_or_above,1,1463.0,,,,,1,0,0
catchall_65_70,sensitivity,Uncapped,2040,still_waiting,nationality,India,70,count_at_or_above,1,35.0,,,,,1,0,0
catchall_65_70,sensitivity,Uncapped,2040,still_waiting,nationality,India,75,count_at_or_above,1,0.0,,,,,0,1,0
catchall_65_70,sensitivity,Uncapped,2040,still_waiting,nationality,India,80,count_at_or_above,1,0.0,,,,,0,1,0
catchall_65_70,sensitivity,Uncapped,2040,still_waiting,nationality,China,60,count_at_or_above,1,7736.0,,,,,1,0,0
catchall_65_70,sensitivity,Uncapped,2040,still_waiting,nationality,China,65,count_at_or_above,1,885.0,,,,,1,0,0
catchall_65_70,sensitivity,Uncapped,2040,still_waiting,nationality,China,70,count_at_or_above,1,18.0,,,,,1,0,0
catchall_65_70,sensitivity,Uncapped,2040,still_waiting,nationality,China,75,count_at_or_above,1,0.0,,,,,0,1,0
catchall_65_70,sensitivity,Uncapped,2040,still_waiting,nationality,China,80,count_at_or_above,1,0.0,,,,,0,1,0
catchall_65_70,sensitivity,Uncapped,2040,still_waiting,nationality,ROW,60,count_at_or_above,1,52689.0,,,,,1,0,0
catchall_65_70,sensitivity,Uncapped,2040,still_waiting,nationality,ROW,65,count_at_or_above,1,7390.0,,,,,1,0,0
catchall_65_70,sensitivity,Uncapped,2040,still_waiting,nationality,ROW,70,count_at_or_above,1,136.0,,,,,1,0,0
catchall_65_70,sensitivity,Uncapped,2040,still_waiting,nationality,ROW,75,count_at_or_above,1,0.0,,,,,0,1,0
catchall_65_70,sensitivity,Uncapped,2040,still_waiting,nationality,ROW,80,count_at_or_above,1,0.0,,,,,0,1,0
catchall_65_70,sensitivity,Capped,2024,converted,overall,All EB,60,count_at_or_above,1,695.0,,,,,1,0,0
catchall_65_70,sensitivity,Capped,2024,converted,overall,All EB,65,count_at_or_above,1,10.0,,,,,1,0,0
catchall_65_70,sensitivity,Capped,2024,converted,overall,All EB,70,count_at_or_above,1,0.0,,,,,0,1,0
catchall_65_70,sensitivity,Capped,2024,converted,overall,All EB,75,count_at_or_above,1,0.0,,,,,0,1,0
catchall_65_70,sensitivity,Capped,2024,converted,overall,All EB,80,count_at_or_above,1,0.0,,,,,0,1,0
catchall_65_70,sensitivity,Capped,2024,converted,category,EB-1,60,count_at_or_above,1,0.0,,,,,0,1,0
catchall_65_70,sensitivity,Capped,2024,converted,category,EB-1,65,count_at_or_above,1,0.0,,,,,0,1,0
catchall_65_70,sensitivity,Capped,2024,converted,category,EB-1,70,count_at_or_above,1,0.0,,,,,0,1,0
catchall_65_70,sensitivity,Capped,2024,converted,category,EB-1,75,count_at_or_above,1,0.0,,,,,0,1,0
catchall_65_70,sensitivity,Capped,2024,converted,category,EB-1,80,count_at_or_above,1,0.0,,,,,0,1,0
catchall_65_70,sensitivity,Capped,2024,converted,category,EB-2,60,count_at_or_above,1,48.0,,,,,1,0,0
catchall_65_70,sensitivity,Capped,2024,converted,category,EB-2,65,count_at_or_above,1,1.0,,,,,1,0,0
catchall_65_70,sensitivity,Capped,2024,converted,category,EB-2,70,count_at_or_above,1,0.0,,,,,0,1,0
catchall_65_70,sensitivity,Capped,2024,converted,category,EB-2,75,count_at_or_above,1,0.0,,,,,0,1,0
catchall_65_70,sensitivity,Capped,2024,converted,category,EB-2,80,count_at_or_above,1,0.0,,,,,0,1,0
catchall_65_70,sensitivity,Capped,2024,converted,category,EB-3,60,count_at_or_above,1,174.0,,,,,1,0,0
catchall_65_70,sensitivity,Capped,2024,converted,category,EB-3,65,count_at_or_above,1,9.0,,,,,1,0,0
catchall_65_70,sensitivity,Capped,2024,converted,category,EB-3,70,count_at_or_above,1,0.0,,,,,0,1,0
catchall_65_70,sensitivity,Capped,2024,converted,category,EB-3,75,count_at_or_above,1,0.0,,,,,0,1,0
catchall_65_70,sensitivity,Capped,2024,converted,category,EB-3,80,count_at_or_above,1,0.0,,,,,0,1,0
catchall_65_70,sensitivity,Capped,2024,converted,category,EB-4,60,count_at_or_above,1,343.0,,,,,1,0,0
catchall_65_70,sensitivity,Capped,2024,converted,category,EB-4,65,count_at_or_above,1,0.0,,,,,0,1,0
catchall_65_70,sensitivity,Capped,2024,converted,category,EB-4,70,count_at_or_above,1,0.0,,,,,0,1,0
catchall_65_70,sensitivity,Capped,2024,converted,category,EB-4,75,count_at_or_above,1,0.0,,,,,0,1,0
catchall_65_70,sensitivity,Capped,2024,converted,category,EB-4,80,count_at_or_above,1,0.0,,,,,0,1,0
catchall_65_70,sensitivity,Capped,2024,converted,category,EB-5,60,count_at_or_above,1,130.0,,,,,1,0,0
catchall_65_70,sensitivity,Capped,2024,converted,category,EB-5,65,count_at_or_above,1,0.0,,,,,0,1,0
catchall_65_70,sensitivity,Capped,2024,converted,category,EB-5,70,count_at_or_above,1,0.0,,,,,0,1,0
catchall_65_70,sensitivity,Capped,2024,converted,category,EB-5,75,count_at_or_above,1,0.0,,,,,0,1,0
catchall_65_70,sensitivity,Capped,2024,converted,category,EB-5,80,count_at_or_above,1,0.0,,,,,0,1,0
catchall_65_70,sensitivity,Capped,2024,converted,nationality,India,60,count_at_or_above,1,81.0,,,,,1,0,0
catchall_65_70,sensitivity,Capped,2024,converted,nationality,India,65,count_at_or_above,1,2.0,,,,,1,0,0
catchall_65_70,sensitivity,Capped,2024,converted,nationality,India,70,count_at_or_above,1,0.0,,,,,0,1,0
catchall_65_70,sensitivity,Capped,2024,converted,nationality,India,75,count_at_or_above,1,0.0,,,,,0,1,0
catchall_65_70,sensitivity,Capped,2024,converted,nationality,India,80,count_at_or_above,1,0.0,,,,,0,1,0
catchall_65_70,sensitivity,Capped,2024,converted,nationality,China,60,count_at_or_above,1,292.0,,,,,1,0,0
catchall_65_70,sensitivity,Capped,2024,converted,nationality,China,65,count_at_or_above,1,8.0,,,,,1,0,0
catchall_65_70,sensitivity,Capped,2024,converted,nationality,China,70,count_at_or_above,1,0.0,,,,,0,1,0
catchall_65_70,sensitivity,Capped,2024,converted,nationality,China,75,count_at_or_above,1,0.0,,,,,0,1,0
catchall_65_70,sensitivity,Capped,2024,converted,nationality,China,80,count_at_or_above,1,0.0,,,,,0,1,0
catchall_65_70,sensitivity,Capped,2024,converted,nationality,ROW,60,count_at_or_above,1,322.0,,,,,1,0,0
catchall_65_70,sensitivity,Capped,2024,converted,nationality,ROW,65,count_at_or_above,1,0.0,,,,,0,1,0
catchall_65_70,sensitivity,Capped,2024,converted,nationality,ROW,70,count_at_or_above,1,0.0,,,,,0,1,0
catchall_65_70,sensitivity,Capped,2024,converted,nationality,ROW,75,count_at_or_above,1,0.0,,,,,0,1,0
catchall_65_70,sensitivity,Capped,2024,converted,nationality,ROW,80,count_at_or_above,1,0.0,,,,,0,1,0
catchall_65_70,sensitivity,Capped,2040,converted,overall,All EB,60,count_at_or_above,1,4753.0,,,,,1,0,0
catchall_65_70,sensitivity,Capped,2040,converted,overall,All EB,65,count_at_or_above,1,865.0,,,,,1,0,0
catchall_65_70,sensitivity,Capped,2040,converted,overall,All EB,70,count_at_or_above,1,38.0,,,,,1,0,0
catchall_65_70,sensitivity,Capped,2040,converted,overall,All EB,75,count_at_or_above,1,0.0,,,,,0,1,0
catchall_65_70,sensitivity,Capped,2040,converted,overall,All EB,80,count_at_or_above,1,0.0,,,,,0,1,0
catchall_65_70,sensitivity,Capped,2040,converted,category,EB-1,60,count_at_or_above,1,192.0,,,,,1,0,0
catchall_65_70,sensitivity,Capped,2040,converted,category,EB-1,65,count_at_or_above,1,0.0,,,,,0,1,0
catchall_65_70,sensitivity,Capped,2040,converted,category,EB-1,70,count_at_or_above,1,0.0,,,,,0,1,0
catchall_65_70,sensitivity,Capped,2040,converted,category,EB-1,75,count_at_or_above,1,0.0,,,,,0,1,0
catchall_65_70,sensitivity,Capped,2040,converted,category,EB-1,80,count_at_or_above,1,0.0,,,,,0,1,0
catchall_65_70,sensitivity,Capped,2040,converted,category,EB-2,60,count_at_or_above,1,1075.0,,,,,1,0,0
catchall_65_70,sensitivity,Capped,2040,converted,category,EB-2,65,count_at_or_above,1,187.0,,,,,1,0,0
catchall_65_70,sensitivity,Capped,2040,converted,category,EB-2,70,count_at_or_above,1,4.0,,,,,1,0,0
catchall_65_70,sensitivity,Capped,2040,converted,category,EB-2,75,count_at_or_above,1,0.0,,,,,0,1,0
catchall_65_70,sensitivity,Capped,2040,converted,category,EB-2,80,count_at_or_above,1,0.0,,,,,0,1,0
catchall_65_70,sensitivity,Capped,2040,converted,category,EB-3,60,count_at_or_above,1,2335.0,,,,,1,0,0
catchall_65_70,sensitivity,Capped,2040,converted,category,EB-3,65,count_at_or_above,1,398.0,,,,,1,0,0
catchall_65_70,sensitivity,Capped,2040,converted,category,EB-3,70,count_at_or_above,1,17.0,,,,,1,0,0
catchall_65_70,sensitivity,Capped,2040,converted,category,EB-3,75,count_at_or_above,1,0.0,,,,,0,1,0
catchall_65_70,sensitivity,Capped,2040,converted,category,EB-3,80,count_at_or_above,1,0.0,,,,,0,1,0
catchall_65_70,sensitivity,Capped,2040,converted,category,EB-4,60,count_at_or_above,1,1027.0,,,,,1,0,0
catchall_65_70,sensitivity,Capped,2040,converted,category,EB-4,65,count_at_or_above,1,280.0,,,,,1,0,0
catchall_65_70,sensitivity,Capped,2040,converted,category,EB-4,70,count_at_or_above,1,17.0,,,,,1,0,0
catchall_65_70,sensitivity,Capped,2040,converted,category,EB-4,75,count_at_or_above,1,0.0,,,,,0,1,0
catchall_65_70,sensitivity,Capped,2040,converted,category,EB-4,80,count_at_or_above,1,0.0,,,,,0,1,0
catchall_65_70,sensitivity,Capped,2040,converted,category,EB-5,60,count_at_or_above,1,124.0,,,,,1,0,0
catchall_65_70,sensitivity,Capped,2040,converted,category,EB-5,65,count_at_or_above,1,0.0,,,,,0,1,0
catchall_65_70,sensitivity,Capped,2040,converted,category,EB-5,70,count_at_or_above,1,0.0,,,,,0,1,0
catchall_65_70,sensitivity,Capped,2040,converted,category,EB-5,75,count_at_or_above,1,0.0,,,,,0,1,0
catchall_65_70,sensitivity,Capped,2040,converted,category,EB-5,80,count_at_or_above,1,0.0,,,,,0,1,0
catchall_65_70,sensitivity,Capped,2040,converted,nationality,India,60,count_at_or_above,1,2388.0,,,,,1,0,0
catchall_65_70,sensitivity,Capped,2040,converted,nationality,India,65,count_at_or_above,1,526.0,,,,,1,0,0
catchall_65_70,sensitivity,Capped,2040,converted,nationality,India,70,count_at_or_above,1,22.0,,,,,1,0,0
catchall_65_70,sensitivity,Capped,2040,converted,nationality,India,75,count_at_or_above,1,0.0,,,,,0,1,0
catchall_65_70,sensitivity,Capped,2040,converted,nationality,India,80,count_at_or_above,1,0.0,,,,,0,1,0
catchall_65_70,sensitivity,Capped,2040,converted,nationality,China,60,count_at_or_above,1,560.0,,,,,1,0,0
catchall_65_70,sensitivity,Capped,2040,converted,nationality,China,65,count_at_or_above,1,86.0,,,,,1,0,0
catchall_65_70,sensitivity,Capped,2040,converted,nationality,China,70,count_at_or_above,1,1.0,,,,,1,0,0
catchall_65_70,sensitivity,Capped,2040,converted,nationality,China,75,count_at_or_above,1,0.0,,,,,0,1,0
catchall_65_70,sensitivity,Capped,2040,converted,nationality,China,80,count_at_or_above,1,0.0,,,,,0,1,0
catchall_65_70,sensitivity,Capped,2040,converted,nationality,ROW,60,count_at_or_above,1,1805.0,,,,,1,0,0
catchall_65_70,sensitivity,Capped,2040,converted,nationality,ROW,65,count_at_or_above,1,253.0,,,,,1,0,0
catchall_65_70,sensitivity,Capped,2040,converted,nationality,ROW,70,count_at_or_above,1,15.0,,,,,1,0,0
catchall_65_70,sensitivity,Capped,2040,converted,nationality,ROW,75,count_at_or_above,1,0.0,,,,,0,1,0
catchall_65_70,sensitivity,Capped,2040,converted,nationality,ROW,80,count_at_or_above,1,0.0,,,,,0,1,0
catchall_65_70,sensitivity,Capped,2040,still_waiting,overall,All EB,60,count_at_or_above,1,128597.0,,,,,1,0,0
catchall_65_70,sensitivity,Capped,2040,still_waiting,overall,All EB,65,count_at_or_above,1,17258.0,,,,,1,0,0
catchall_65_70,sensitivity,Capped,2040,still_waiting,overall,All EB,70,count_at_or_above,1,437.0,,,,,1,0,0
catchall_65_70,sensitivity,Capped,2040,still_waiting,overall,All EB,75,count_at_or_above,1,6.0,,,,,1,0,0
catchall_65_70,sensitivity,Capped,2040,still_waiting,overall,All EB,80,count_at_or_above,1,0.0,,,,,0,1,0
catchall_65_70,sensitivity,Capped,2040,still_waiting,category,EB-1,60,count_at_or_above,1,1042.0,,,,,1,0,0
catchall_65_70,sensitivity,Capped,2040,still_waiting,category,EB-1,65,count_at_or_above,1,3.0,,,,,1,0,0
catchall_65_70,sensitivity,Capped,2040,still_waiting,category,EB-1,70,count_at_or_above,1,0.0,,,,,0,1,0
catchall_65_70,sensitivity,Capped,2040,still_waiting,category,EB-1,75,count_at_or_above,1,0.0,,,,,0,1,0
catchall_65_70,sensitivity,Capped,2040,still_waiting,category,EB-1,80,count_at_or_above,1,0.0,,,,,0,1,0
catchall_65_70,sensitivity,Capped,2040,still_waiting,category,EB-2,60,count_at_or_above,1,79844.0,,,,,1,0,0
catchall_65_70,sensitivity,Capped,2040,still_waiting,category,EB-2,65,count_at_or_above,1,10553.0,,,,,1,0,0
catchall_65_70,sensitivity,Capped,2040,still_waiting,category,EB-2,70,count_at_or_above,1,272.0,,,,,1,0,0
catchall_65_70,sensitivity,Capped,2040,still_waiting,category,EB-2,75,count_at_or_above,1,5.0,,,,,1,0,0
catchall_65_70,sensitivity,Capped,2040,still_waiting,category,EB-2,80,count_at_or_above,1,0.0,,,,,0,1,0
catchall_65_70,sensitivity,Capped,2040,still_waiting,category,EB-3,60,count_at_or_above,1,27537.0,,,,,1,0,0
catchall_65_70,sensitivity,Capped,2040,still_waiting,category,EB-3,65,count_at_or_above,1,3274.0,,,,,1,0,0
catchall_65_70,sensitivity,Capped,2040,still_waiting,category,EB-3,70,count_at_or_above,1,80.0,,,,,1,0,0
catchall_65_70,sensitivity,Capped,2040,still_waiting,category,EB-3,75,count_at_or_above,1,1.0,,,,,1,0,0
catchall_65_70,sensitivity,Capped,2040,still_waiting,category,EB-3,80,count_at_or_above,1,0.0,,,,,0,1,0
catchall_65_70,sensitivity,Capped,2040,still_waiting,category,EB-4,60,count_at_or_above,1,19869.0,,,,,1,0,0
catchall_65_70,sensitivity,Capped,2040,still_waiting,category,EB-4,65,count_at_or_above,1,3428.0,,,,,1,0,0
catchall_65_70,sensitivity,Capped,2040,still_waiting,category,EB-4,70,count_at_or_above,1,85.0,,,,,1,0,0
catchall_65_70,sensitivity,Capped,2040,still_waiting,category,EB-4,75,count_at_or_above,1,0.0,,,,,0,1,0
catchall_65_70,sensitivity,Capped,2040,still_waiting,category,EB-4,80,count_at_or_above,1,0.0,,,,,0,1,0
catchall_65_70,sensitivity,Capped,2040,still_waiting,category,EB-5,60,count_at_or_above,1,305.0,,,,,1,0,0
catchall_65_70,sensitivity,Capped,2040,still_waiting,category,EB-5,65,count_at_or_above,1,0.0,,,,,0,1,0
catchall_65_70,sensitivity,Capped,2040,still_waiting,category,EB-5,70,count_at_or_above,1,0.0,,,,,0,1,0
catchall_65_70,sensitivity,Capped,2040,still_waiting,category,EB-5,75,count_at_or_above,1,0.0,,,,,0,1,0
catchall_65_70,sensitivity,Capped,2040,still_waiting,category,EB-5,80,count_at_or_above,1,0.0,,,,,0,1,0
catchall_65_70,sensitivity,Capped,2040,still_waiting,nationality,India,60,count_at_or_above,1,95864.0,,,,,1,0,0
catchall_65_70,sensitivity,Capped,2040,still_waiting,nationality,India,65,count_at_or_above,1,12421.0,,,,,1,0,0
catchall_65_70,sensitivity,Capped,2040,still_waiting,nationality,India,70,count_at_or_above,1,323.0,,,,,1,0,0
catchall_65_70,sensitivity,Capped,2040,still_waiting,nationality,India,75,count_at_or_above,1,6.0,,,,,1,0,0
catchall_65_70,sensitivity,Capped,2040,still_waiting,nationality,India,80,count_at_or_above,1,0.0,,,,,0,1,0
catchall_65_70,sensitivity,Capped,2040,still_waiting,nationality,China,60,count_at_or_above,1,11368.0,,,,,1,0,0
catchall_65_70,sensitivity,Capped,2040,still_waiting,nationality,China,65,count_at_or_above,1,1587.0,,,,,1,0,0
catchall_65_70,sensitivity,Capped,2040,still_waiting,nationality,China,70,count_at_or_above,1,30.0,,,,,1,0,0
catchall_65_70,sensitivity,Capped,2040,still_waiting,nationality,China,75,count_at_or_above,1,0.0,,,,,0,1,0
catchall_65_70,sensitivity,Capped,2040,still_waiting,nationality,China,80,count_at_or_above,1,0.0,,,,,0,1,0
catchall_65_70,sensitivity,Capped,2040,still_waiting,nationality,ROW,60,count_at_or_above,1,21365.0,,,,,1,0,0
catchall_65_70,sensitivity,Capped,2040,still_waiting,nationality,ROW,65,count_at_or_above,1,3250.0,,,,,1,0,0
catchall_65_70,sensitivity,Capped,2040,still_waiting,nationality,ROW,70,count_at_or_above,1,84.0,,,,,1,0,0
catchall_65_70,sensitivity,Capped,2040,still_waiting,nationality,ROW,75,count_at_or_above,1,0.0,,,,,0,1,0
catchall_65_70,sensitivity,Capped,2040,still_waiting,nationality,ROW,80,count_at_or_above,1,0.0,,,,,0,1,0
catchall_60_65,primary,Uncapped,2024,converted,overall,All EB,60,share_pct,50,0.3945992479099305,0.017153884602220285,0.002425925625184293,0.38972416784644287,0.39947432797341814,50,0,0
catchall_60_65,primary,Uncapped,2024,converted,overall,All EB,65,share_pct,50,0.0012768349631538138,0.0013806434071681872,0.00019525246312182494,0.0008844604482757044,0.0016692094780319231,30,20,0
catchall_60_65,primary,Uncapped,2024,converted,overall,All EB,70,share_pct,50,2.6110342306587642e-05,0.00018462800104090122,2.611034230658764e-05,-2.636035502569882e-05,7.85810396388741e-05,1,49,0
catchall_60_65,primary,Uncapped,2024,converted,overall,All EB,75,share_pct,50,0.0,0.0,0.0,0.0,0.0,0,50,0
catchall_60_65,primary,Uncapped,2024,converted,overall,All EB,80,share_pct,50,0.0,0.0,0.0,0.0,0.0,0,50,0
catchall_60_65,primary,Uncapped,2024,converted,category,EB-1,60,share_pct,50,0.0,0.0,0.0,0.0,0.0,0,50,0
catchall_60_65,primary,Uncapped,2024,converted,category,EB-1,65,share_pct,50,0.0,0.0,0.0,0.0,0.0,0,50,0
catchall_60_65,primary,Uncapped,2024,converted,category,EB-1,70,share_pct,50,0.0,0.0,0.0,0.0,0.0,0,50,0
catchall_60_65,primary,Uncapped,2024,converted,category,EB-1,75,share_pct,50,0.0,0.0,0.0,0.0,0.0,0,50,0
catchall_60_65,primary,Uncapped,2024,converted,category,EB-1,80,share_pct,50,0.0,0.0,0.0,0.0,0.0,0,50,0
catchall_60_65,primary,Uncapped,2024,converted,category,EB-2,60,share_pct,50,0.10080978475483375,0.024193836500805563,0.0034215251705276453,0.093933972498927,0.1076855970107405,50,0,0
catchall_60_65,primary,Uncapped,2024,converted,category,EB-2,65,share_pct,50,0.001556418105438702,0.0025503334933376317,0.0003606716214852432,0.0008316213461667071,0.002281214864710697,15,35,0
catchall_60_65,primary,Uncapped,2024,converted,category,EB-2,70,share_pct,50,0.0,0.0,0.0,0.0,0.0,0,50,0
catchall_60_65,primary,Uncapped,2024,converted,category,EB-2,75,share_pct,50,0.0,0.0,0.0,0.0,0.0,0,50,0
catchall_60_65,primary,Uncapped,2024,converted,category,EB-2,80,share_pct,50,0.0,0.0,0.0,0.0,0.0,0,50,0
catchall_60_65,primary,Uncapped,2024,converted,category,EB-3,60,share_pct,50,0.2923010966455442,0.034377003507803774,0.0048616424594483554,0.2825312603472607,0.3020709329438277,50,0,0
catchall_60_65,primary,Uncapped,2024,converted,category,EB-3,65,share_pct,50,0.0028020643762906006,0.0038295054778778714,0.0005415738583996946,0.0017137309613740374,0.003890397791207164,23,27,0
catchall_60_65,primary,Uncapped,2024,converted,category,EB-3,70,share_pct,50,8.803204366389365e-05,0.0006224805503644946,8.803204366389367e-05,-8.8874971356947e-05,0.0002649390586847343,1,49,0
catchall_60_65,primary,Uncapped,2024,converted,category,EB-3,75,share_pct,50,0.0,0.0,0.0,0.0,0.0,0,50,0
catchall_60_65,primary,Uncapped,2024,converted,category,EB-3,80,share_pct,50,0.0,0.0,0.0,0.0,0.0,0,50,0
catchall_60_65,primary,Uncapped,2024,converted,category,EB-4,60,share_pct,50,2.2757023993511094,0.1377573259072335,0.019481827861426014,2.236552200506773,2.3148525981954458,50,0,0
catchall_60_65,primary,Uncapped,2024,converted,category,EB-4,65,share_pct,50,0.0,0.0,0.0,0.0,0.0,0,50,0
catchall_60_65,primary,Uncapped,2024,converted,category,EB-4,70,share_pct,50,0.0,0.0,0.0,0.0,0.0,0,50,0
catchall_60_65,primary,Uncapped,2024,converted,category,EB-4,75,share_pct,50,0.0,0.0,0.0,0.0,0.0,0,50,0
catchall_60_65,primary,Uncapped,2024,converted,category,EB-4,80,share_pct,50,0.0,0.0,0.0,0.0,0.0,0,50,0
catchall_60_65,primary,Uncapped,2024,converted,category,EB-5,60,share_pct,50,1.170957091088874,0.14278906671815814,0.020193423471141596,1.1303768873284035,1.2115372948493446,50,0,0
catchall_60_65,primary,Uncapped,2024,converted,category,EB-5,65,share_pct,50,0.0,0.0,0.0,0.0,0.0,0,50,0
catchall_60_65,primary,Uncapped,2024,converted,category,EB-5,70,share_pct,50,0.0,0.0,0.0,0.0,0.0,0,50,0
catchall_60_65,primary,Uncapped,2024,converted,category,EB-5,75,share_pct,50,0.0,0.0,0.0,0.0,0.0,0,50,0
catchall_60_65,primary,Uncapped,2024,converted,category,EB-5,80,share_pct,50,0.0,0.0,0.0,0.0,0.0,0,50,0
catchall_60_65,primary,Uncapped,2024,converted,nationality,India,60,share_pct,50,0.43645798010013154,0.06942276681513192,0.00981786183674244,0.41672824807145775,0.4561877121288053,50,0,0
catchall_60_65,primary,Uncapped,2024,converted,nationality,India,65,share_pct,50,0.01003051496780361,0.0120796682369953,0.0017083230649726248,0.006597511239417899,0.013463518696189322,27,23,0
catchall_60_65,primary,Uncapped,2024,converted,nationality,India,70,share_pct,50,0.00022799817601459188,0.0016121905635808195,0.00022799817601459185,-0.00023018131261496558,0.0006861776646441493,1,49,0
catchall_60_65,primary,Uncapped,2024,converted,nationality,India,75,share_pct,50,0.0,0.0,0.0,0.0,0.0,0,50,0
catchall_60_65,primary,Uncapped,2024,converted,nationality,India,80,share_pct,50,0.0,0.0,0.0,0.0,0.0,0,50,0
catchall_60_65,primary,Uncapped,2024,converted,nationality,China,60,share_pct,50,1.2363301698091675,0.10452043553399214,0.014781421747731444,1.2066257906953628,1.2660345489229723,50,0,0
catchall_60_65,primary,Uncapped,2024,converted,nationality,China,65,share_pct,50,0.0010413859520466793,0.0031560969710506264,0.0004463395140624441,0.00014443311723449372,0.001938338786858865,5,45,0
catchall_60_65,primary,Uncapped,2024,converted,nationality,China,70,share_pct,50,0.0,0.0,0.0,0.0,0.0,0,50,0
catchall_60_65,primary,Uncapped,2024,converted,nationality,China,75,share_pct,50,0.0,0.0,0.0,0.0,0.0,0,50,0
catchall_60_65,primary,Uncapped,2024,converted,nationality,China,80,share_pct,50,0.0,0.0,0.0,0.0,0.0,0,50,0
catchall_60_65,primary,Uncapped,2024,converted,nationality,ROW,60,share_pct,50,0.24915239871016773,0.01623778483007013,0.002296369552958128,0.24453767132124554,0.2537671260990899,50,0,0
catchall_60_65,primary,Uncapped,2024,converted,nationality,ROW,65,share_pct,50,0.0,0.0,0.0,0.0,0.0,0,50,0
catchall_60_65,primary,Uncapped,2024,converted,nationality,ROW,70,share_pct,50,0.0,0.0,0.0,0.0,0.0,0,50,0
catchall_60_65,primary,Uncapped,2024,converted,nationality,ROW,75,share_pct,50,0.0,0.0,0.0,0.0,0.0,0,50,0
catchall_60_65,primary,Uncapped,2024,converted,nationality,ROW,80,share_pct,50,0.0,0.0,0.0,0.0,0.0,0,50,0
catchall_60_65,primary,Uncapped,2040,converted,overall,All EB,60,share_pct,50,2.2295452155316857,0.055476983035802674,0.007845630180877425,2.2137788314005205,2.245311599662851,50,0,0
catchall_60_65,primary,Uncapped,2040,converted,overall,All EB,65,share_pct,50,0.10972518505406376,0.009617118978545622,0.0013600660090414905,0.10699203008143278,0.11245834002669473,50,0,0
catchall_60_65,primary,Uncapped,2040,converted,overall,All EB,70,share_pct,50,0.0018142668500542036,0.001470920568700588,0.00020801958174299174,0.0013962358497455057,0.0022322978503629015,39,11,0
catchall_60_65,primary,Uncapped,2040,converted,overall,All EB,75,share_pct,50,0.0,0.0,0.0,0.0,0.0,0,50,0
catchall_60_65,primary,Uncapped,2040,converted,overall,All EB,80,share_pct,50,0.0,0.0,0.0,0.0,0.0,0,50,0
catchall_60_65,primary,Uncapped,2040,converted,category,EB-1,60,share_pct,50,0.21201169203987832,0.030337341874054454,0.004290348032463701,0.2033899148751731,0.22063346920458354,50,0,0
catchall_60_65,primary,Uncapped,2040,converted,category,EB-1,65,share_pct,50,0.0,0.0,0.0,0.0,0.0,0,50,0
catchall_60_65,primary,Uncapped,2040,converted,category,EB-1,70,share_pct,50,0.0,0.0,0.0,0.0,0.0,0,50,0
catchall_60_65,primary,Uncapped,2040,converted,category,EB-1,75,share_pct,50,0.0,0.0,0.0,0.0,0.0,0,50,0
catchall_60_65,primary,Uncapped,2040,converted,category,EB-1,80,share_pct,50,0.0,0.0,0.0,0.0,0.0,0,50,0
catchall_60_65,primary,Uncapped,2040,converted,category,EB-2,60,share_pct,50,4.000402908679442,0.118566872612942,0.016767887929738566,3.966706576316881,4.034099241042003,50,0,0
catchall_60_65,primary,Uncapped,2040,converted,category,EB-2,65,share_pct,50,0.17082297468464688,0.023541822851406886,0.0033293165159444466,0.16413246265763953,0.17751348671165423,50,0,0
catchall_60_65,primary,Uncapped,2040,converted,category,EB-2,70,share_pct,50,0.004113558701464733,0.0039861101551197445,0.0005637211042483464,0.0029807187297201058,0.005246398673209361,33,17,0
catchall_60_65,primary,Uncapped,2040,converted,category,EB-2,75,share_pct,50,0.0,0.0,0.0,0.0,0.0,0,50,0
catchall_60_65,primary,Uncapped,2040,converted,category,EB-2,80,share_pct,50,0.0,0.0,0.0,0.0,0.0,0,50,0
catchall_60_65,primary,Uncapped,2040,converted,category,EB-3,60,share_pct,50,2.747450139650037,0.10667514329912943,0.015086143442172222,2.717133399364868,2.777766879935206,50,0,0
catchall_60_65,primary,Uncapped,2040,converted,category,EB-3,65,share_pct,50,0.138837892794195,0.021213129061579832,0.0029999894819257044,0.13280918821966894,0.14486659736872107,50,0,0
catchall_60_65,primary,Uncapped,2040,converted,category,EB-3,70,share_pct,50,0.0,0.0,0.0,0.0,0.0,0,50,0
catchall_60_65,primary,Uncapped,2040,converted,category,EB-3,75,share_pct,50,0.0,0.0,0.0,0.0,0.0,0,50,0
catchall_60_65,primary,Uncapped,2040,converted,category,EB-3,80,share_pct,50,0.0,0.0,0.0,0.0,0.0,0,50,0
catchall_60_65,primary,Uncapped,2040,converted,category,EB-4,60,share_pct,50,1.6974051734102407,0.13542575793849831,0.019152094357128016,1.6589175988509937,1.7358927479694877,50,0,0
catchall_60_65,primary,Uncapped,2040,converted,category,EB-4,65,share_pct,50,0.16845244906202692,0.03761732942455677,0.005319893745246468,0.1577617223274209,0.17914317579663294,50,0,0
catchall_60_65,primary,Uncapped,2040,converted,category,EB-4,70,share_pct,50,0.00500968684080731,0.006232897656544594,0.0008814648398768846,0.0032383169261906326,0.006781056755423988,22,28,0
catchall_60_65,primary,Uncapped,2040,converted,category,EB-4,75,share_pct,50,0.0,0.0,0.0,0.0,0.0,0,50,0
catchall_60_65,primary,Uncapped,2040,converted,category,EB-4,80,share_pct,50,0.0,0.0,0.0,0.0,0.0,0,50,0
catchall_60_65,primary,Uncapped,2040,converted,category,EB-5,60,share_pct,50,0.5123780748812239,0.08969459345464843,0.012684731053510485,0.48688715346644496,0.5378689962960028,50,0,0
catchall_60_65,primary,Uncapped,2040,converted,category,EB-5,65,share_pct,50,0.0,0.0,0.0,0.0,0.0,0,50,0
catchall_60_65,primary,Uncapped,2040,converted,category,EB-5,70,share_pct,50,0.0,0.0,0.0,0.0,0.0,0,50,0
catchall_60_65,primary,Uncapped,2040,converted,category,EB-5,75,share_pct,50,0.0,0.0,0.0,0.0,0.0,0,50,0
catchall_60_65,primary,Uncapped,2040,converted,category,EB-5,80,share_pct,50,0.0,0.0,0.0,0.0,0.0,0,50,0
catchall_60_65,primary,Uncapped,2040,converted,nationality,India,60,share_pct,50,1.9541350946165061,0.0761726844339765,0.01077244434088955,1.9324870572257016,1.9757831320073107,50,0,0
catchall_60_65,primary,Uncapped,2040,converted,nationality,India,65,share_pct,50,0.048937725435396734,0.014109848560068023,0.0019954339196678684,0.04492775084310445,0.05294770002768902,50,0,0
catchall_60_65,primary,Uncapped,2040,converted,nationality,India,70,share_pct,50,0.0011772745235933571,0.002025003592497836,0.000286378754436468,0.0006017748702379157,0.0017527741769487984,14,36,0
catchall_60_65,primary,Uncapped,2040,converted,nationality,India,75,share_pct,50,0.0,0.0,0.0,0.0,0.0,0,50,0
catchall_60_65,primary,Uncapped,2040,converted,nationality,India,80,share_pct,50,0.0,0.0,0.0,0.0,0.0,0,50,0
catchall_60_65,primary,Uncapped,2040,converted,nationality,China,60,share_pct,50,1.5003562119815463,0.10106089726803409,0.014292169154204788,1.471635022764394,1.5290774011986987,50,0,0
catchall_60_65,primary,Uncapped,2040,converted,nationality,China,65,share_pct,50,0.07832815435133812,0.02576901775964003,0.0036442894404716077,0.0710046805348348,0.08565162816784144,50,0,0
catchall_60_65,primary,Uncapped,2040,converted,nationality,China,70,share_pct,50,0.0008381915147626368,0.0022929657715914076,0.0003242743292241857,0.0001865378527170187,0.0014898451768082547,6,44,0
catchall_60_65,primary,Uncapped,2040,converted,nationality,China,75,share_pct,50,0.0,0.0,0.0,0.0,0.0,0,50,0
catchall_60_65,primary,Uncapped,2040,converted,nationality,China,80,share_pct,50,0.0,0.0,0.0,0.0,0.0,0,50,0
catchall_60_65,primary,Uncapped,2040,converted,nationality,ROW,60,share_pct,50,2.6520833840538014,0.08335576398275063,0.011788285192637669,2.6283939380424592,2.6757728300651435,50,0,0
catchall_60_65,primary,Uncapped,2040,converted,nationality,ROW,65,share_pct,50,0.15925256583981212,0.017302573331676546,0.0024469533869612,0.15433522890696538,0.16416990277265886,50,0,0
catchall_60_65,primary,Uncapped,2040,converted,nationality,ROW,70,share_pct,50,0.0025484822888410925,0.002558774822236011,0.0003618654056664972,0.0018212865304399728,0.003275678047242212,30,20,0
catchall_60_65,primary,Uncapped,2040,converted,nationality,ROW,75,share_pct,50,0.0,0.0,0.0,0.0,0.0,0,50,0
catchall_60_65,primary,Uncapped,2040,converted,nationality,ROW,80,share_pct,50,0.0,0.0,0.0,0.0,0.0,0,50,0
catchall_60_65,primary,Uncapped,2040,still_waiting,overall,All EB,60,share_pct,50,0.9075970425994653,0.004666280467122835,0.0006599117122441775,0.9062709003638478,0.9089231848350827,50,0,0
catchall_60_65,primary,Uncapped,2040,still_waiting,overall,All EB,65,share_pct,50,0.032284717893845294,0.0012234734890278808,0.0001730252801387159,0.03193701057548118,0.03263242521220941,50,0,0
catchall_60_65,primary,Uncapped,2040,still_waiting,overall,All EB,70,share_pct,50,0.0003395824940349505,0.00012071473779778258,1.707164193719362e-05,0.0003052757451408292,0.0003738892429290718,50,0,0
catchall_60_65,primary,Uncapped,2040,still_waiting,overall,All EB,75,share_pct,50,0.0,0.0,0.0,0.0,0.0,0,50,0
catchall_60_65,primary,Uncapped,2040,still_waiting,overall,All EB,80,share_pct,50,0.0,0.0,0.0,0.0,0.0,0,50,0
catchall_60_65,primary,Uncapped,2040,still_waiting,category,EB-1,60,share_pct,50,0.050539404482549184,0.005811859269198581,0.0008219210201104417,0.04888769235365924,0.05219111661143913,50,0,0
catchall_60_65,primary,Uncapped,2040,still_waiting,category,EB-1,65,share_pct,50,0.0,0.0,0.0,0.0,0.0,0,50,0
catchall_60_65,primary,Uncapped,2040,still_waiting,category,EB-1,70,share_pct,50,0.0,0.0,0.0,0.0,0.0,0,50,0
catchall_60_65,primary,Uncapped,2040,still_waiting,category,EB-1,75,share_pct,50,0.0,0.0,0.0,0.0,0.0,0,50,0
catchall_60_65,primary,Uncapped,2040,still_waiting,category,EB-1,80,share_pct,50,0.0,0.0,0.0,0.0,0.0,0,50,0
catchall_60_65,primary,Uncapped,2040,still_waiting,category,EB-2,60,share_pct,50,1.211867338972843,0.008642476364946236,0.0012222307287795893,1.209411174366229,1.2143235035794568,50,0,0
catchall_60_65,primary,Uncapped,2040,still_waiting,category,EB-2,65,share_pct,50,0.04034170939634763,0.0021448492886628643,0.0003033274953273308,0.03973214997299739,0.04095126881969787,50,0,0
catchall_60_65,primary,Uncapped,2040,still_waiting,category,EB-2,70,share_pct,50,0.00044349149232650597,0.00020732343850640337,2.9319961853358e-05,0.00038457082303242383,0.0005024121616205882,50,0,0
catchall_60_65,primary,Uncapped,2040,still_waiting,category,EB-2,75,share_pct,50,0.0,0.0,0.0,0.0,0.0,0,50,0
catchall_60_65,primary,Uncapped,2040,still_waiting,category,EB-2,80,share_pct,50,0.0,0.0,0.0,0.0,0.0,0,50,0
catchall_60_65,primary,Uncapped,2040,still_waiting,category,EB-3,60,share_pct,50,1.0034920546523594,0.012647771830122665,0.0017886650455959854,0.999897597669211,1.0070865116355077,50,0,0
catchall_60_65,primary,Uncapped,2040,still_waiting,category,EB-3,65,share_pct,50,0.024330506920205507,0.002004658188643913,0.00028350147983025037,0.023760789366649143,0.024900224473761872,50,0,0
catchall_60_65,primary,Uncapped,2040,still_waiting,category,EB-3,70,share_pct,50,0.0,0.0,0.0,0.0,0.0,0,50,0
catchall_60_65,primary,Uncapped,2040,still_waiting,category,EB-3,75,share_pct,50,0.0,0.0,0.0,0.0,0.0,0,50,0
catchall_60_65,primary,Uncapped,2040,still_waiting,category,EB-3,80,share_pct,50,0.0,0.0,0.0,0.0,0.0,0,50,0
catchall_60_65,primary,Uncapped,2040,still_waiting,category,EB-4,60,share_pct,50,0.6653886067460485,0.0065334336738416664,0.000923967051041196,0.6635318254403528,0.6672453880517442,50,0,0
catchall_60_65,primary,Uncapped,2040,still_waiting,category,EB-4,65,share_pct,50,0.033076306384754645,0.0019122092517085134,0.0002704272257861487,0.03253286252836924,0.03361975024114005,50,0,0
catchall_60_65,primary,Uncapped,2040,still_waiting,category,EB-4,70,share_pct,50,0.00046792842269746134,0.0002141924544434196,3.0291387403186528e-05,0.0004070556006737291,0.0005288012447211936,49,1,0
catchall_60_65,primary,Uncapped,2040,still_waiting,category,EB-4,75,share_pct,50,0.0,0.0,0.0,0.0,0.0,0,50,0
catchall_60_65,primary,Uncapped,2040,still_waiting,category,EB-4,80,share_pct,50,0.0,0.0,0.0,0.0,0.0,0,50,0
catchall_60_65,primary,Uncapped,2040,still_waiting,category,EB-5,60,share_pct,50,0.11223228110475393,0.020646243307317517,0.0029198197297263177,0.10636468367901454,0.11809987853049332,50,0,0
catchall_60_65,primary,Uncapped,2040,still_waiting,category,EB-5,65,share_pct,50,0.0,0.0,0.0,0.0,0.0,0,50,0
catchall_60_65,primary,Uncapped,2040,still_waiting,category,EB-5,70,share_pct,50,0.0,0.0,0.0,0.0,0.0,0,50,0
catchall_60_65,primary,Uncapped,2040,still_waiting,category,EB-5,75,share_pct,50,0.0,0.0,0.0,0.0,0.0,0,50,0
catchall_60_65,primary,Uncapped,2040,still_waiting,category,EB-5,80,share_pct,50,0.0,0.0,0.0,0.0,0.0,0,50,0
catchall_60_65,primary,Uncapped,2040,still_waiting,nationality,India,60,share_pct,50,0.6492416558865723,0.008893529007259803,0.0012577349339425341,0.6467141429084491,0.6517691688646956,50,0,0
catchall_60_65,primary,Uncapped,2040,still_waiting,nationality,India,65,share_pct,50,0.016403139484198272,0.0013592435125134898,0.0001922260609964221,0.01601684675208897,0.016789432216307576,50,0,0
catchall_60_65,primary,Uncapped,2040,still_waiting,nationality,India,70,share_pct,50,0.00017326203542430862,0.00015290781701896394,2.1624430862108234e-05,0.00012980611464680263,0.00021671795620181462,37,13,0
catchall_60_65,primary,Uncapped,2040,still_waiting,nationality,India,75,share_pct,50,0.0,0.0,0.0,0.0,0.0,0,50,0
catchall_60_65,primary,Uncapped,2040,still_waiting,nationality,India,80,share_pct,50,0.0,0.0,0.0,0.0,0.0,0,50,0
catchall_60_65,primary,Uncapped,2040,still_waiting,nationality,China,60,share_pct,50,0.9133405397193174,0.017170794839412834,0.002428317093862358,0.908460653819594,0.9182204256190408,50,0,0
catchall_60_65,primary,Uncapped,2040,still_waiting,nationality,China,65,share_pct,50,0.027663408220032742,0.003859602971354153,0.0005458302867464539,0.026566521192111916,0.02876029524795357,50,0,0
catchall_60_65,primary,Uncapped,2040,still_waiting,nationality,China,70,share_pct,50,0.00020237856586998777,0.0002740594248780297,3.8757855555867995e-05,0.00012449173910068355,0.000280265392639292,23,27,0
catchall_60_65,primary,Uncapped,2040,still_waiting,nationality,China,75,share_pct,50,0.0,0.0,0.0,0.0,0.0,0,50,0
catchall_60_65,primary,Uncapped,2040,still_waiting,nationality,China,80,share_pct,50,0.0,0.0,0.0,0.0,0.0,0,50,0
catchall_60_65,primary,Uncapped,2040,still_waiting,nationality,ROW,60,share_pct,50,1.0171429481442589,0.0072740151003225255,0.0010287010807782805,1.0150756959259188,1.019210200362599,50,0,0
catchall_60_65,primary,Uncapped,2040,still_waiting,nationality,ROW,65,share_pct,50,0.03983176538849415,0.0016972371573129935,0.00024002558064355935,0.039349415925355284,0.04031411485163302,50,0,0
catchall_60_65,primary,Uncapped,2040,still_waiting,nationality,ROW,70,share_pct,50,0.0004331406720594896,0.00016562261087920294,2.3422574254101052e-05,0.00038607124684862724,0.00048021009727035194,50,0,0
catchall_60_65,primary,Uncapped,2040,still_waiting,nationality,ROW,75,share_pct,50,0.0,0.0,0.0,0.0,0.0,0,50,0
catchall_60_65,primary,Uncapped,2040,still_waiting,nationality,ROW,80,share_pct,50,0.0,0.0,0.0,0.0,0.0,0,50,0
catchall_60_65,primary,Capped,2024,converted,overall,All EB,60,share_pct,50,0.3945992479099305,0.017153884602220285,0.002425925625184293,0.38972416784644287,0.39947432797341814,50,0,0
catchall_60_65,primary,Capped,2024,converted,overall,All EB,65,share_pct,50,0.0012768349631538138,0.0013806434071681872,0.00019525246312182494,0.0008844604482757044,0.0016692094780319231,30,20,0
catchall_60_65,primary,Capped,2024,converted,overall,All EB,70,share_pct,50,2.6110342306587642e-05,0.00018462800104090122,2.611034230658764e-05,-2.636035502569882e-05,7.85810396388741e-05,1,49,0
catchall_60_65,primary,Capped,2024,converted,overall,All EB,75,share_pct,50,0.0,0.0,0.0,0.0,0.0,0,50,0
catchall_60_65,primary,Capped,2024,converted,overall,All EB,80,share_pct,50,0.0,0.0,0.0,0.0,0.0,0,50,0
catchall_60_65,primary,Capped,2024,converted,category,EB-1,60,share_pct,50,0.0,0.0,0.0,0.0,0.0,0,50,0
catchall_60_65,primary,Capped,2024,converted,category,EB-1,65,share_pct,50,0.0,0.0,0.0,0.0,0.0,0,50,0
catchall_60_65,primary,Capped,2024,converted,category,EB-1,70,share_pct,50,0.0,0.0,0.0,0.0,0.0,0,50,0
catchall_60_65,primary,Capped,2024,converted,category,EB-1,75,share_pct,50,0.0,0.0,0.0,0.0,0.0,0,50,0
catchall_60_65,primary,Capped,2024,converted,category,EB-1,80,share_pct,50,0.0,0.0,0.0,0.0,0.0,0,50,0
catchall_60_65,primary,Capped,2024,converted,category,EB-2,60,share_pct,50,0.10080978475483375,0.024193836500805563,0.0034215251705276453,0.093933972498927,0.1076855970107405,50,0,0
catchall_60_65,primary,Capped,2024,converted,category,EB-2,65,share_pct,50,0.001556418105438702,0.0025503334933376317,0.0003606716214852432,0.0008316213461667071,0.002281214864710697,15,35,0
catchall_60_65,primary,Capped,2024,converted,category,EB-2,70,share_pct,50,0.0,0.0,0.0,0.0,0.0,0,50,0
catchall_60_65,primary,Capped,2024,converted,category,EB-2,75,share_pct,50,0.0,0.0,0.0,0.0,0.0,0,50,0
catchall_60_65,primary,Capped,2024,converted,category,EB-2,80,share_pct,50,0.0,0.0,0.0,0.0,0.0,0,50,0
catchall_60_65,primary,Capped,2024,converted,category,EB-3,60,share_pct,50,0.2923010966455442,0.034377003507803774,0.0048616424594483554,0.2825312603472607,0.3020709329438277,50,0,0
catchall_60_65,primary,Capped,2024,converted,category,EB-3,65,share_pct,50,0.0028020643762906006,0.0038295054778778714,0.0005415738583996946,0.0017137309613740374,0.003890397791207164,23,27,0
catchall_60_65,primary,Capped,2024,converted,category,EB-3,70,share_pct,50,8.803204366389365e-05,0.0006224805503644946,8.803204366389367e-05,-8.8874971356947e-05,0.0002649390586847343,1,49,0
catchall_60_65,primary,Capped,2024,converted,category,EB-3,75,share_pct,50,0.0,0.0,0.0,0.0,0.0,0,50,0
catchall_60_65,primary,Capped,2024,converted,category,EB-3,80,share_pct,50,0.0,0.0,0.0,0.0,0.0,0,50,0
catchall_60_65,primary,Capped,2024,converted,category,EB-4,60,share_pct,50,2.2757023993511094,0.1377573259072335,0.019481827861426014,2.236552200506773,2.3148525981954458,50,0,0
catchall_60_65,primary,Capped,2024,converted,category,EB-4,65,share_pct,50,0.0,0.0,0.0,0.0,0.0,0,50,0
catchall_60_65,primary,Capped,2024,converted,category,EB-4,70,share_pct,50,0.0,0.0,0.0,0.0,0.0,0,50,0
catchall_60_65,primary,Capped,2024,converted,category,EB-4,75,share_pct,50,0.0,0.0,0.0,0.0,0.0,0,50,0
catchall_60_65,primary,Capped,2024,converted,category,EB-4,80,share_pct,50,0.0,0.0,0.0,0.0,0.0,0,50,0
catchall_60_65,primary,Capped,2024,converted,category,EB-5,60,share_pct,50,1.170957091088874,0.14278906671815814,0.020193423471141596,1.1303768873284035,1.2115372948493446,50,0,0
catchall_60_65,primary,Capped,2024,converted,category,EB-5,65,share_pct,50,0.0,0.0,0.0,0.0,0.0,0,50,0
catchall_60_65,primary,Capped,2024,converted,category,EB-5,70,share_pct,50,0.0,0.0,0.0,0.0,0.0,0,50,0
catchall_60_65,primary,Capped,2024,converted,category,EB-5,75,share_pct,50,0.0,0.0,0.0,0.0,0.0,0,50,0
catchall_60_65,primary,Capped,2024,converted,category,EB-5,80,share_pct,50,0.0,0.0,0.0,0.0,0.0,0,50,0
catchall_60_65,primary,Capped,2024,converted,nationality,India,60,share_pct,50,0.43645798010013154,0.06942276681513192,0.00981786183674244,0.41672824807145775,0.4561877121288053,50,0,0
catchall_60_65,primary,Capped,2024,converted,nationality,India,65,share_pct,50,0.01003051496780361,0.0120796682369953,0.0017083230649726248,0.006597511239417899,0.013463518696189322,27,23,0
catchall_60_65,primary,Capped,2024,converted,nationality,India,70,share_pct,50,0.00022799817601459188,0.0016121905635808195,0.00022799817601459185,-0.00023018131261496558,0.0006861776646441493,1,49,0
catchall_60_65,primary,Capped,2024,converted,nationality,India,75,share_pct,50,0.0,0.0,0.0,0.0,0.0,0,50,0
catchall_60_65,primary,Capped,2024,converted,nationality,India,80,share_pct,50,0.0,0.0,0.0,0.0,0.0,0,50,0
catchall_60_65,primary,Capped,2024,converted,nationality,China,60,share_pct,50,1.2363301698091675,0.10452043553399214,0.014781421747731444,1.2066257906953628,1.2660345489229723,50,0,0
catchall_60_65,primary,Capped,2024,converted,nationality,China,65,share_pct,50,0.0010413859520466793,0.0031560969710506264,0.0004463395140624441,0.00014443311723449372,0.001938338786858865,5,45,0
catchall_60_65,primary,Capped,2024,converted,nationality,China,70,share_pct,50,0.0,0.0,0.0,0.0,0.0,0,50,0
catchall_60_65,primary,Capped,2024,converted,nationality,China,75,share_pct,50,0.0,0.0,0.0,0.0,0.0,0,50,0
catchall_60_65,primary,Capped,2024,converted,nationality,China,80,share_pct,50,0.0,0.0,0.0,0.0,0.0,0,50,0
catchall_60_65,primary,Capped,2024,converted,nationality,ROW,60,share_pct,50,0.24915239871016773,0.01623778483007013,0.002296369552958128,0.24453767132124554,0.2537671260990899,50,0,0
catchall_60_65,primary,Capped,2024,converted,nationality,ROW,65,share_pct,50,0.0,0.0,0.0,0.0,0.0,0,50,0
catchall_60_65,primary,Capped,2024,converted,nationality,ROW,70,share_pct,50,0.0,0.0,0.0,0.0,0.0,0,50,0
catchall_60_65,primary,Capped,2024,converted,nationality,ROW,75,share_pct,50,0.0,0.0,0.0,0.0,0.0,0,50,0
catchall_60_65,primary,Capped,2024,converted,nationality,ROW,80,share_pct,50,0.0,0.0,0.0,0.0,0.0,0,50,0
catchall_60_65,primary,Capped,2040,converted,overall,All EB,60,share_pct,50,1.972128840987545,0.045387867611590714,0.006418813794350612,1.9592297517346744,1.9850279302404157,50,0,0
catchall_60_65,primary,Capped,2040,converted,overall,All EB,65,share_pct,50,0.0779783936691359,0.009975967516544636,0.0014108148559690867,0.07514325507040638,0.08081353226786543,50,0,0
catchall_60_65,primary,Capped,2040,converted,overall,All EB,70,share_pct,50,0.0015231547333026418,0.0013024747300306365,0.00018419774278575617,0.0011529955106652852,0.0018933139559399984,37,13,0
catchall_60_65,primary,Capped,2040,converted,overall,All EB,75,share_pct,50,2.457485500835545e-05,0.0001737704662308433,2.4574855008355453e-05,-2.4810165072477132e-05,7.395987508918803e-05,1,49,0
catchall_60_65,primary,Capped,2040,converted,overall,All EB,80,share_pct,50,0.0,0.0,0.0,0.0,0.0,0,50,0
catchall_60_65,primary,Capped,2040,converted,category,EB-1,60,share_pct,50,0.32000732258814446,0.043193269370277725,0.006108450734668115,0.3077319312545315,0.3322827139217574,50,0,0
catchall_60_65,primary,Capped,2040,converted,category,EB-1,65,share_pct,50,0.0,0.0,0.0,0.0,0.0,0,50,0
catchall_60_65,primary,Capped,2040,converted,category,EB-1,70,share_pct,50,0.0,0.0,0.0,0.0,0.0,0,50,0
catchall_60_65,primary,Capped,2040,converted,category,EB-1,75,share_pct,50,0.0,0.0,0.0,0.0,0.0,0,50,0
catchall_60_65,primary,Capped,2040,converted,category,EB-1,80,share_pct,50,0.0,0.0,0.0,0.0,0.0,0,50,0
catchall_60_65,primary,Capped,2040,converted,category,EB-2,60,share_pct,50,1.957348182047251,0.10176469825404201,0.014391701644167183,1.9284269748029803,1.9862693892915215,50,0,0
catchall_60_65,primary,Capped,2040,converted,category,EB-2,65,share_pct,50,0.08726982358270517,0.01578815747924299,0.0022327826432027654,0.08278287887303293,0.09175676829237742,50,0,0
catchall_60_65,primary,Capped,2040,converted,category,EB-2,70,share_pct,50,0.00259405630378754,0.0030090886592282003,0.00042554939922635933,0.0017388827689270234,0.0034492298386480562,25,25,0
catchall_60_65,primary,Capped,2040,converted,category,EB-2,75,share_pct,50,8.947344875408222e-05,0.000632672823501586,8.947344875408222e-05,-9.03301782426734e-05,0.00026927707575083784,1,49,0
catchall_60_65,primary,Capped,2040,converted,category,EB-2,80,share_pct,50,0.0,0.0,0.0,0.0,0.0,0,50,0
catchall_60_65,primary,Capped,2040,converted,category,EB-3,60,share_pct,50,3.6791736422373402,0.09150824881550826,0.012941220654390349,3.653167285672052,3.7051799988026284,50,0,0
catchall_60_65,primary,Capped,2040,converted,category,EB-3,65,share_pct,50,0.11911391054349313,0.023315123874045184,0.0032972564391083436,0.11248782565299607,0.1257399954339902,50,0,0
catchall_60_65,primary,Capped,2040,converted,category,EB-3,70,share_pct,50,0.0014420871508558232,0.0029222301494000766,0.00041326575096571437,0.0006115985313615046,0.002272575770350142,12,38,0
catchall_60_65,primary,Capped,2040,converted,category,EB-3,75,share_pct,50,0.0,0.0,0.0,0.0,0.0,0,50,0
catchall_60_65,primary,Capped,2040,converted,category,EB-3,80,share_pct,50,0.0,0.0,0.0,0.0,0.0,0,50,0
catchall_60_65,primary,Capped,2040,converted,category,EB-4,60,share_pct,50,1.7059897937205608,0.12195201092665627,0.017246618781114918,1.6713314156938242,1.7406481717472975,50,0,0
catchall_60_65,primary,Capped,2040,converted,category,EB-4,65,share_pct,50,0.15606754652217109,0.03833261985311547,0.005421051087756806,0.1451735364970025,0.16696155654733968,50,0,0
catchall_60_65,primary,Capped,2040,converted,category,EB-4,70,share_pct,50,0.003147635426991428,0.0054216430303249295,0.000766736110383108,0.0016068215261527434,0.004688449327830113,14,36,0
catchall_60_65,primary,Capped,2040,converted,category,EB-4,75,share_pct,50,0.0,0.0,0.0,0.0,0.0,0,50,0
catchall_60_65,primary,Capped,2040,converted,category,EB-4,80,share_pct,50,0.0,0.0,0.0,0.0,0.0,0,50,0
catchall_60_65,primary,Capped,2040,converted,category,EB-5,60,share_pct,50,1.2923522236374447,0.163757654385483,0.0231588295774356,1.245812813197734,1.3388916340771555,50,0,0
catchall_60_65,primary,Capped,2040,converted,category,EB-5,65,share_pct,50,0.0,0.0,0.0,0.0,0.0,0,50,0
catchall_60_65,primary,Capped,2040,converted,category,EB-5,70,share_pct,50,0.0,0.0,0.0,0.0,0.0,0,50,0
catchall_60_65,primary,Capped,2040,converted,category,EB-5,75,share_pct,50,0.0,0.0,0.0,0.0,0.0,0,50,0
catchall_60_65,primary,Capped,2040,converted,category,EB-5,80,share_pct,50,0.0,0.0,0.0,0.0,0.0,0,50,0
catchall_60_65,primary,Capped,2040,converted,nationality,India,60,share_pct,50,8.881992636082794,0.3383799396973118,0.04785414999549283,8.785826121257983,8.978159150907604,50,0,0
catchall_60_65,primary,Capped,2040,converted,nationality,India,65,share_pct,50,0.40019603384709,0.05656870463858141,0.008000022930575964,0.38411938586933847,0.41627268182484156,50,0,0
catchall_60_65,primary,Capped,2040,converted,nationality,India,70,share_pct,50,0.007595520720379723,0.010339409617976601,0.001462213330867333,0.004657093019268467,0.010533948421490979,23,27,0
catchall_60_65,primary,Capped,2040,converted,nationality,India,75,share_pct,50,0.00020462451401677918,0.001446913814582663,0.00020462451401677918,-0.0002065838422609452,0.0006158328702945035,1,49,0
catchall_60_65,primary,Capped,2040,converted,nationality,India,80,share_pct,50,0.0,0.0,0.0,0.0,0.0,0,50,0
catchall_60_65,primary,Capped,2040,converted,nationality,China,60,share_pct,50,2.153580743807023,0.13412146675562264,0.018967639729117372,2.1154638447006,2.191697642913446,50,0,0
catchall_60_65,primary,Capped,2040,converted,nationality,China,65,share_pct,50,0.10542517200159343,0.029684174999315884,0.004197976287188888,0.0969890228088029,0.11386132119438397,50,0,0
catchall_60_65,primary,Capped,2040,converted,nationality,China,70,share_pct,50,0.0018251154041837865,0.0039352606466333,0.0005565298977941929,0.00070672670285451,0.002943504105513063,9,41,0
catchall_60_65,primary,Capped,2040,converted,nationality,China,75,share_pct,50,0.0,0.0,0.0,0.0,0.0,0,50,0
catchall_60_65,primary,Capped,2040,converted,nationality,China,80,share_pct,50,0.0,0.0,0.0,0.0,0.0,0,50,0
catchall_60_65,primary,Capped,2040,converted,nationality,ROW,60,share_pct,50,0.8534009486796279,0.03238010723773454,0.00457923868066994,0.8441986240220493,0.8626032733372065,50,0,0
catchall_60_65,primary,Capped,2040,converted,nationality,ROW,65,share_pct,50,0.022776311557866837,0.006160222071247427,0.000871186960038819,0.021025595816062927,0.024527027299670746,50,0,0
catchall_60_65,primary,Capped,2040,converted,nationality,ROW,70,share_pct,50,0.0005172051745049277,0.0008902630946396614,0.00012590221425196513,0.0002641952024444386,0.0007702151465654168,14,36,0
catchall_60_65,primary,Capped,2040,converted,nationality,ROW,75,share_pct,50,0.0,0.0,0.0,0.0,0.0,0,50,0
catchall_60_65,primary,Capped,2040,converted,nationality,ROW,80,share_pct,50,0.0,0.0,0.0,0.0,0.0,0,50,0
catchall_60_65,primary,Capped,2040,still_waiting,overall,All EB,60,share_pct,50,1.475397088641683,0.006331626132153532,0.0008954271547967428,1.4735976604047503,1.4771965168786156,50,0,0
catchall_60_65,primary,Capped,2040,still_waiting,overall,All EB,65,share_pct,50,0.05181490244788007,0.0013865297456761663,0.00019608491709689524,0.05142085505410761,0.05220894984165253,50,0,0
catchall_60_65,primary,Capped,2040,still_waiting,overall,All EB,70,share_pct,50,0.0007937018289005854,0.00017109887491599944,2.4197034941298416e-05,0.0007450760666706011,0.0008423275911305697,50,0,0
catchall_60_65,primary,Capped,2040,still_waiting,overall,All EB,75,share_pct,50,1.0813574369177479e-05,1.820412611911876e-05,2.5744522048808045e-06,5.640018969076243e-06,1.5987129769278715e-05,14,36,0
catchall_60_65,primary,Capped,2040,still_waiting,overall,All EB,80,share_pct,50,0.0,0.0,0.0,0.0,0.0,0,50,0
catchall_60_65,primary,Capped,2040,still_waiting,category,EB-1,60,share_pct,50,0.31189927450645333,0.018042872285527565,0.0025516474690358724,0.3067715469387953,0.31702700207411133,50,0,0
catchall_60_65,primary,Capped,2040,still_waiting,category,EB-1,65,share_pct,50,0.00024704760958243306,0.0004530510315053995,6.407109132020563e-05,0.00011829193104950168,0.00037580328811536443,13,37,0
catchall_60_65,primary,Capped,2040,still_waiting,category,EB-1,70,share_pct,50,0.0,0.0,0.0,0.0,0.0,0,50,0
catchall_60_65,primary,Capped,2040,still_waiting,category,EB-1,75,share_pct,50,0.0,0.0,0.0,0.0,0.0,0,50,0
catchall_60_65,primary,Capped,2040,still_waiting,category,EB-1,80,share_pct,50,0.0,0.0,0.0,0.0,0.0,0,50,0
catchall_60_65,primary,Capped,2040,still_waiting,category,EB-2,60,share_pct,50,2.4375755954500273,0.01261571469031026,0.001784131481406626,2.43399024900521,2.441160941894845,50,0,0
catchall_60_65,primary,Capped,2040,still_waiting,category,EB-2,65,share_pct,50,0.08611508588397124,0.002940660091836743,0.0004158721384204833,0.08527935953278945,0.08695081223515302,50,0,0
catchall_60_65,primary,Capped,2040,still_waiting,category,EB-2,70,share_pct,50,0.0013553202874606845,0.00038749295209055393,5.479977881704493e-05,0.0012451960089497915,0.0014654445659715775,50,0,0
catchall_60_65,primary,Capped,2040,still_waiting,category,EB-2,75,share_pct,50,2.6879426627477884e-05,4.354058802293587e-05,6.157569009573545e-06,1.4505328424924473e-05,3.9253524830031294e-05,14,36,0
catchall_60_65,primary,Capped,2040,still_waiting,category,EB-2,80,share_pct,50,0.0,0.0,0.0,0.0,0.0,0,50,0
catchall_60_65,primary,Capped,2040,still_waiting,category,EB-3,60,share_pct,50,1.5021078063923556,0.014935306680642631,0.00211217132659663,1.4978632391978526,1.5063523735868587,50,0,0
catchall_60_65,primary,Capped,2040,still_waiting,category,EB-3,65,share_pct,50,0.0373687441363531,0.002187473942074335,0.00030935553162192626,0.03674707092053672,0.03799041735216947,50,0,0
catchall_60_65,primary,Capped,2040,still_waiting,category,EB-3,70,share_pct,50,0.000488683244738449,0.00032347742561057274,4.574661624200059e-05,0.00039675197755607036,0.0005806145119208276,45,5,0
catchall_60_65,primary,Capped,2040,still_waiting,category,EB-3,75,share_pct,50,3.6185013976461646e-06,2.5586668760086028e-05,3.6185013976461642e-06,-3.6531494065811096e-06,1.0890152201873438e-05,1,49,0
catchall_60_65,primary,Capped,2040,still_waiting,category,EB-3,80,share_pct,50,0.0,0.0,0.0,0.0,0.0,0,50,0
catchall_60_65,primary,Capped,2040,still_waiting,category,EB-4,60,share_pct,50,0.6568667874128574,0.00692147626485578,0.0009788445605402516,0.654899725622997,0.6588338492027178,50,0,0
catchall_60_65,primary,Capped,2040,still_waiting,category,EB-4,65,share_pct,50,0.032577037221561585,0.0018105341052547408,0.0002560481886790291,0.032062489122080415,0.033091585321042755,50,0,0
catchall_60_65,primary,Capped,2040,still_waiting,category,EB-4,70,share_pct,50,0.0005078537296387274,0.0002448167621924423,3.462231853888207e-05,0.00043827757565098943,0.0005774298836264654,50,0,0
catchall_60_65,primary,Capped,2040,still_waiting,category,EB-4,75,share_pct,50,0.0,0.0,0.0,0.0,0.0,0,50,0
catchall_60_65,primary,Capped,2040,still_waiting,category,EB-4,80,share_pct,50,0.0,0.0,0.0,0.0,0.0,0,50,0
catchall_60_65,primary,Capped,2040,still_waiting,category,EB-5,60,share_pct,50,0.4057040795522001,0.03619474480353875,0.005118709898779761,0.395417646893564,0.4159905122108362,50,0,0
catchall_60_65,primary,Capped,2040,still_waiting,category,EB-5,65,share_pct,50,0.0,0.0,0.0,0.0,0.0,0,50,0
catchall_60_65,primary,Capped,2040,still_waiting,category,EB-5,70,share_pct,50,0.0,0.0,0.0,0.0,0.0,0,50,0
catchall_60_65,primary,Capped,2040,still_waiting,category,EB-5,75,share_pct,50,0.0,0.0,0.0,0.0,0.0,0,50,0
catchall_60_65,primary,Capped,2040,still_waiting,category,EB-5,80,share_pct,50,0.0,0.0,0.0,0.0,0.0,0,50,0
catchall_60_65,primary,Capped,2040,still_waiting,nationality,India,60,share_pct,50,2.7408846142478507,0.014792693201676884,0.002092002734983573,2.736680577355621,2.7450886511400805,50,0,0
catchall_60_65,primary,Capped,2040,still_waiting,nationality,India,65,share_pct,50,0.09077003761654512,0.0030800024105849377,0.00043557811811910445,0.08989471061653762,0.09164536461655262,50,0,0
catchall_60_65,primary,Capped,2040,still_waiting,nationality,India,70,share_pct,50,0.0014177656382602251,0.0003624146992361557,5.125317828631376e-05,0.001314768520351879,0.0015207627561685713,50,0,0
catchall_60_65,primary,Capped,2040,still_waiting,nationality,India,75,share_pct,50,2.784224277691089e-05,4.6877273068409124e-05,6.629447534041121e-06,1.4519869176654352e-05,4.1164616377167426e-05,14,36,0
catchall_60_65,primary,Capped,2040,still_waiting,nationality,India,80,share_pct,50,0.0,0.0,0.0,0.0,0.0,0,50,0
catchall_60_65,primary,Capped,2040,still_waiting,nationality,China,60,share_pct,50,1.0808769591039131,0.017632553937519065,0.002493619691771458,1.0758658427205114,1.0858880754873148,50,0,0
catchall_60_65,primary,Capped,2040,still_waiting,nationality,China,65,share_pct,50,0.041052559906895325,0.0032268042949138162,0.0004563390396990871,0.040135512272980706,0.041969607540809944,50,0,0
catchall_60_65,primary,Capped,2040,still_waiting,nationality,China,70,share_pct,50,0.00045670980834843015,0.0003459129158280777,4.891947369640903e-05,0.00035840244539473137,0.0005550171713021289,39,11,0
catchall_60_65,primary,Capped,2040,still_waiting,nationality,China,75,share_pct,50,0.0,0.0,0.0,0.0,0.0,0,50,0
catchall_60_65,primary,Capped,2040,still_waiting,nationality,China,80,share_pct,50,0.0,0.0,0.0,0.0,0.0,0,50,0
catchall_60_65,primary,Capped,2040,still_waiting,nationality,ROW,60,share_pct,50,0.5682845555186202,0.00568221951095708,0.0008035871896776518,0.5666696866013697,0.5698994244358707,50,0,0
catchall_60_65,primary,Capped,2040,still_waiting,nationality,ROW,65,share_pct,50,0.023543366951447736,0.001346540470432782,0.00019042957955702877,0.023160684383953,0.023926049518942474,50,0,0
catchall_60_65,primary,Capped,2040,still_waiting,nationality,ROW,70,share_pct,50,0.0003823008989917335,0.00018542703520247128,2.622334280139682e-05,0.00032960311866329515,0.00043499867932017186,50,0,0
catchall_60_65,primary,Capped,2040,still_waiting,nationality,ROW,75,share_pct,50,0.0,0.0,0.0,0.0,0.0,0,50,0
catchall_60_65,primary,Capped,2040,still_waiting,nationality,ROW,80,share_pct,50,0.0,0.0,0.0,0.0,0.0,0,50,0
catchall_55_60,sensitivity,Uncapped,2024,converted,overall,All EB,60,share_pct,1,0.0543787870941012,,,,,1,0,0
catchall_55_60,sensitivity,Uncapped,2024,converted,overall,All EB,65,share_pct,1,0.0,,,,,0,1,0
catchall_55_60,sensitivity,Uncapped,2024,converted,overall,All EB,70,share_pct,1,0.0,,,,,0,1,0
catchall_55_60,sensitivity,Uncapped,2024,converted,overall,All EB,75,share_pct,1,0.0,,,,,0,1,0
catchall_55_60,sensitivity,Uncapped,2024,converted,overall,All EB,80,share_pct,1,0.0,,,,,0,1,0
catchall_55_60,sensitivity,Uncapped,2024,converted,category,EB-1,60,share_pct,1,0.0,,,,,0,1,0
catchall_55_60,sensitivity,Uncapped,2024,converted,category,EB-1,65,share_pct,1,0.0,,,,,0,1,0
catchall_55_60,sensitivity,Uncapped,2024,converted,category,EB-1,70,share_pct,1,0.0,,,,,0,1,0
catchall_55_60,sensitivity,Uncapped,2024,converted,category,EB-1,75,share_pct,1,0.0,,,,,0,1,0
catchall_55_60,sensitivity,Uncapped,2024,converted,category,EB-1,80,share_pct,1,0.0,,,,,0,1,0
catchall_55_60,sensitivity,Uncapped,2024,converted,category,EB-2,60,share_pct,1,0.018346099160665964,,,,,1,0,0
catchall_55_60,sensitivity,Uncapped,2024,converted,category,EB-2,65,share_pct,1,0.0,,,,,0,1,0
catchall_55_60,sensitivity,Uncapped,2024,converted,category,EB-2,70,share_pct,1,0.0,,,,,0,1,0
catchall_55_60,sensitivity,Uncapped,2024,converted,category,EB-2,75,share_pct,1,0.0,,,,,0,1,0
catchall_55_60,sensitivity,Uncapped,2024,converted,category,EB-2,80,share_pct,1,0.0,,,,,0,1,0
catchall_55_60,sensitivity,Uncapped,2024,converted,category,EB-3,60,share_pct,1,0.05678839769351739,,,,,1,0,0
catchall_55_60,sensitivity,Uncapped,2024,converted,category,EB-3,65,share_pct,1,0.0,,,,,0,1,0
catchall_55_60,sensitivity,Uncapped,2024,converted,category,EB-3,70,share_pct,1,0.0,,,,,0,1,0
catchall_55_60,sensitivity,Uncapped,2024,converted,category,EB-3,75,share_pct,1,0.0,,,,,0,1,0
catchall_55_60,sensitivity,Uncapped,2024,converted,category,EB-3,80,share_pct,1,0.0,,,,,0,1,0
catchall_55_60,sensitivity,Uncapped,2024,converted,category,EB-4,60,share_pct,1,0.32724297791109896,,,,,1,0,0
catchall_55_60,sensitivity,Uncapped,2024,converted,category,EB-4,65,share_pct,1,0.0,,,,,0,1,0
catchall_55_60,sensitivity,Uncapped,2024,converted,category,EB-4,70,share_pct,1,0.0,,,,,0,1,0
catchall_55_60,sensitivity,Uncapped,2024,converted,category,EB-4,75,share_pct,1,0.0,,,,,0,1,0
catchall_55_60,sensitivity,Uncapped,2024,converted,category,EB-4,80,share_pct,1,0.0,,,,,0,1,0
catchall_55_60,sensitivity,Uncapped,2024,converted,category,EB-5,60,share_pct,1,0.020868113522537562,,,,,1,0,0
catchall_55_60,sensitivity,Uncapped,2024,converted,category,EB-5,65,share_pct,1,0.0,,,,,0,1,0
catchall_55_60,sensitivity,Uncapped,2024,converted,category,EB-5,70,share_pct,1,0.0,,,,,0,1,0
catchall_55_60,sensitivity,Uncapped,2024,converted,category,EB-5,75,share_pct,1,0.0,,,,,0,1,0
catchall_55_60,sensitivity,Uncapped,2024,converted,category,EB-5,80,share_pct,1,0.0,,,,,0,1,0
catchall_55_60,sensitivity,Uncapped,2024,converted,nationality,India,60,share_pct,1,0.056902241948332766,,,,,1,0,0
catchall_55_60,sensitivity,Uncapped,2024,converted,nationality,India,65,share_pct,1,0.0,,,,,0,1,0
catchall_55_60,sensitivity,Uncapped,2024,converted,nationality,India,70,share_pct,1,0.0,,,,,0,1,0
catchall_55_60,sensitivity,Uncapped,2024,converted,nationality,India,75,share_pct,1,0.0,,,,,0,1,0
catchall_55_60,sensitivity,Uncapped,2024,converted,nationality,India,80,share_pct,1,0.0,,,,,0,1,0
catchall_55_60,sensitivity,Uncapped,2024,converted,nationality,China,60,share_pct,1,0.1532019201307323,,,,,1,0,0
catchall_55_60,sensitivity,Uncapped,2024,converted,nationality,China,65,share_pct,1,0.0,,,,,0,1,0
catchall_55_60,sensitivity,Uncapped,2024,converted,nationality,China,70,share_pct,1,0.0,,,,,0,1,0
catchall_55_60,sensitivity,Uncapped,2024,converted,nationality,China,75,share_pct,1,0.0,,,,,0,1,0
catchall_55_60,sensitivity,Uncapped,2024,converted,nationality,China,80,share_pct,1,0.0,,,,,0,1,0
catchall_55_60,sensitivity,Uncapped,2024,converted,nationality,ROW,60,share_pct,1,0.037505540591223706,,,,,1,0,0
catchall_55_60,sensitivity,Uncapped,2024,converted,nationality,ROW,65,share_pct,1,0.0,,,,,0,1,0
catchall_55_60,sensitivity,Uncapped,2024,converted,nationality,ROW,70,share_pct,1,0.0,,,,,0,1,0
catchall_55_60,sensitivity,Uncapped,2024,converted,nationality,ROW,75,share_pct,1,0.0,,,,,0,1,0
catchall_55_60,sensitivity,Uncapped,2024,converted,nationality,ROW,80,share_pct,1,0.0,,,,,0,1,0
catchall_55_60,sensitivity,Uncapped,2040,converted,overall,All EB,60,share_pct,1,0.20084882539303006,,,,,1,0,0
catchall_55_60,sensitivity,Uncapped,2040,converted,overall,All EB,65,share_pct,1,0.0119552872257756,,,,,1,0,0
catchall_55_60,sensitivity,Uncapped,2040,converted,overall,All EB,70,share_pct,1,0.0,,,,,0,1,0
catchall_55_60,sensitivity,Uncapped,2040,converted,overall,All EB,75,share_pct,1,0.0,,,,,0,1,0
catchall_55_60,sensitivity,Uncapped,2040,converted,overall,All EB,80,share_pct,1,0.0,,,,,0,1,0
catchall_55_60,sensitivity,Uncapped,2040,converted,category,EB-1,60,share_pct,1,0.019333945574943206,,,,,1,0,0
catchall_55_60,sensitivity,Uncapped,2040,converted,category,EB-1,65,share_pct,1,0.0,,,,,0,1,0
catchall_55_60,sensitivity,Uncapped,2040,converted,category,EB-1,70,share_pct,1,0.0,,,,,0,1,0
catchall_55_60,sensitivity,Uncapped,2040,converted,category,EB-1,75,share_pct,1,0.0,,,,,0,1,0
catchall_55_60,sensitivity,Uncapped,2040,converted,category,EB-1,80,share_pct,1,0.0,,,,,0,1,0
catchall_55_60,sensitivity,Uncapped,2040,converted,category,EB-2,60,share_pct,1,0.3637884173113109,,,,,1,0,0
catchall_55_60,sensitivity,Uncapped,2040,converted,category,EB-2,65,share_pct,1,0.029270332427346852,,,,,1,0,0
catchall_55_60,sensitivity,Uncapped,2040,converted,category,EB-2,70,share_pct,1,0.0,,,,,0,1,0
catchall_55_60,sensitivity,Uncapped,2040,converted,category,EB-2,75,share_pct,1,0.0,,,,,0,1,0
catchall_55_60,sensitivity,Uncapped,2040,converted,category,EB-2,80,share_pct,1,0.0,,,,,0,1,0
catchall_55_60,sensitivity,Uncapped,2040,converted,category,EB-3,60,share_pct,1,0.2638410145112558,,,,,1,0,0
catchall_55_60,sensitivity,Uncapped,2040,converted,category,EB-3,65,share_pct,1,0.004255500234052513,,,,,1,0,0
catchall_55_60,sensitivity,Uncapped,2040,converted,category,EB-3,70,share_pct,1,0.0,,,,,0,1,0
catchall_55_60,sensitivity,Uncapped,2040,converted,category,EB-3,75,share_pct,1,0.0,,,,,0,1,0
catchall_55_60,sensitivity,Uncapped,2040,converted,category,EB-3,80,share_pct,1,0.0,,,,,0,1,0
catchall_55_60,sensitivity,Uncapped,2040,converted,category,EB-4,60,share_pct,1,0.13854253255749516,,,,,1,0,0
catchall_55_60,sensitivity,Uncapped,2040,converted,category,EB-4,65,share_pct,1,0.018472337674332685,,,,,1,0,0
catchall_55_60,sensitivity,Uncapped,2040,converted,category,EB-4,70,share_pct,1,0.0,,,,,0,1,0
catchall_55_60,sensitivity,Uncapped,2040,converted,category,EB-4,75,share_pct,1,0.0,,,,,0,1,0
catchall_55_60,sensitivity,Uncapped,2040,converted,category,EB-4,80,share_pct,1,0.0,,,,,0,1,0
catchall_55_60,sensitivity,Uncapped,2040,converted,category,EB-5,60,share_pct,1,0.0,,,,,0,1,0
catchall_55_60,sensitivity,Uncapped,2040,converted,category,EB-5,65,share_pct,1,0.0,,,,,0,1,0
catchall_55_60,sensitivity,Uncapped,2040,converted,category,EB-5,70,share_pct,1,0.0,,,,,0,1,0
catchall_55_60,sensitivity,Uncapped,2040,converted,category,EB-5,75,share_pct,1,0.0,,,,,0,1,0
catchall_55_60,sensitivity,Uncapped,2040,converted,category,EB-5,80,share_pct,1,0.0,,,,,0,1,0
catchall_55_60,sensitivity,Uncapped,2040,converted,nationality,India,60,share_pct,1,0.14904795617990088,,,,,1,0,0
catchall_55_60,sensitivity,Uncapped,2040,converted,nationality,India,65,share_pct,1,0.011178596713492566,,,,,1,0,0
catchall_55_60,sensitivity,Uncapped,2040,converted,nationality,India,70,share_pct,1,0.0,,,,,0,1,0
catchall_55_60,sensitivity,Uncapped,2040,converted,nationality,India,75,share_pct,1,0.0,,,,,0,1,0
catchall_55_60,sensitivity,Uncapped,2040,converted,nationality,India,80,share_pct,1,0.0,,,,,0,1,0
catchall_55_60,sensitivity,Uncapped,2040,converted,nationality,China,60,share_pct,1,0.12337217272104181,,,,,1,0,0
catchall_55_60,sensitivity,Uncapped,2040,converted,nationality,China,65,share_pct,1,0.013708019191226868,,,,,1,0,0
catchall_55_60,sensitivity,Uncapped,2040,converted,nationality,China,70,share_pct,1,0.0,,,,,0,1,0
catchall_55_60,sensitivity,Uncapped,2040,converted,nationality,China,75,share_pct,1,0.0,,,,,0,1,0
catchall_55_60,sensitivity,Uncapped,2040,converted,nationality,China,80,share_pct,1,0.0,,,,,0,1,0
catchall_55_60,sensitivity,Uncapped,2040,converted,nationality,ROW,60,share_pct,1,0.26055237102657636,,,,,1,0,0
catchall_55_60,sensitivity,Uncapped,2040,converted,nationality,ROW,65,share_pct,1,0.011843289592117107,,,,,1,0,0
catchall_55_60,sensitivity,Uncapped,2040,converted,nationality,ROW,70,share_pct,1,0.0,,,,,0,1,0
catchall_55_60,sensitivity,Uncapped,2040,converted,nationality,ROW,75,share_pct,1,0.0,,,,,0,1,0
catchall_55_60,sensitivity,Uncapped,2040,converted,nationality,ROW,80,share_pct,1,0.0,,,,,0,1,0
catchall_55_60,sensitivity,Uncapped,2040,still_waiting,overall,All EB,60,share_pct,1,0.0893961059833591,,,,,1,0,0
catchall_55_60,sensitivity,Uncapped,2040,still_waiting,overall,All EB,65,share_pct,1,0.0020211293526672496,,,,,1,0,0
catchall_55_60,sensitivity,Uncapped,2040,still_waiting,overall,All EB,70,share_pct,1,0.0,,,,,0,1,0
catchall_55_60,sensitivity,Uncapped,2040,still_waiting,overall,All EB,75,share_pct,1,0.0,,,,,0,1,0
catchall_55_60,sensitivity,Uncapped,2040,still_waiting,overall,All EB,80,share_pct,1,0.0,,,,,0,1,0
catchall_55_60,sensitivity,Uncapped,2040,still_waiting,category,EB-1,60,share_pct,1,0.009635177155870889,,,,,1,0,0
catchall_55_60,sensitivity,Uncapped,2040,still_waiting,category,EB-1,65,share_pct,1,0.0,,,,,0,1,0
catchall_55_60,sensitivity,Uncapped,2040,still_waiting,category,EB-1,70,share_pct,1,0.0,,,,,0,1,0
catchall_55_60,sensitivity,Uncapped,2040,still_waiting,category,EB-1,75,share_pct,1,0.0,,,,,0,1,0
catchall_55_60,sensitivity,Uncapped,2040,still_waiting,category,EB-1,80,share_pct,1,0.0,,,,,0,1,0
catchall_55_60,sensitivity,Uncapped,2040,still_waiting,category,EB-2,60,share_pct,1,0.11448822189287894,,,,,1,0,0
catchall_55_60,sensitivity,Uncapped,2040,still_waiting,category,EB-2,65,share_pct,1,0.0021007013191353934,,,,,1,0,0
catchall_55_60,sensitivity,Uncapped,2040,still_waiting,category,EB-2,70,share_pct,1,0.0,,,,,0,1,0
catchall_55_60,sensitivity,Uncapped,2040,still_waiting,category,EB-2,75,share_pct,1,0.0,,,,,0,1,0
catchall_55_60,sensitivity,Uncapped,2040,still_waiting,category,EB-2,80,share_pct,1,0.0,,,,,0,1,0
catchall_55_60,sensitivity,Uncapped,2040,still_waiting,category,EB-3,60,share_pct,1,0.09833345485430292,,,,,1,0,0
catchall_55_60,sensitivity,Uncapped,2040,still_waiting,category,EB-3,65,share_pct,1,0.0009853051588607508,,,,,1,0,0
catchall_55_60,sensitivity,Uncapped,2040,still_waiting,category,EB-3,70,share_pct,1,0.0,,,,,0,1,0
catchall_55_60,sensitivity,Uncapped,2040,still_waiting,category,EB-3,75,share_pct,1,0.0,,,,,0,1,0
catchall_55_60,sensitivity,Uncapped,2040,still_waiting,category,EB-3,80,share_pct,1,0.0,,,,,0,1,0
catchall_55_60,sensitivity,Uncapped,2040,still_waiting,category,EB-4,60,share_pct,1,0.07146255260154319,,,,,1,0,0
catchall_55_60,sensitivity,Uncapped,2040,still_waiting,category,EB-4,65,share_pct,1,0.00275641274320238,,,,,1,0,0
catchall_55_60,sensitivity,Uncapped,2040,still_waiting,category,EB-4,70,share_pct,1,0.0,,,,,0,1,0
catchall_55_60,sensitivity,Uncapped,2040,still_waiting,category,EB-4,75,share_pct,1,0.0,,,,,0,1,0
catchall_55_60,sensitivity,Uncapped,2040,still_waiting,category,EB-4,80,share_pct,1,0.0,,,,,0,1,0
catchall_55_60,sensitivity,Uncapped,2040,still_waiting,category,EB-5,60,share_pct,1,0.0,,,,,0,1,0
catchall_55_60,sensitivity,Uncapped,2040,still_waiting,category,EB-5,65,share_pct,1,0.0,,,,,0,1,0
catchall_55_60,sensitivity,Uncapped,2040,still_waiting,category,EB-5,70,share_pct,1,0.0,,,,,0,1,0
catchall_55_60,sensitivity,Uncapped,2040,still_waiting,category,EB-5,75,share_pct,1,0.0,,,,,0,1,0
catchall_55_60,sensitivity,Uncapped,2040,still_waiting,category,EB-5,80,share_pct,1,0.0,,,,,0,1,0
catchall_55_60,sensitivity,Uncapped,2040,still_waiting,nationality,India,60,share_pct,1,0.05560270404729156,,,,,1,0,0
catchall_55_60,sensitivity,Uncapped,2040,still_waiting,nationality,India,65,share_pct,1,0.0004389687161628281,,,,,1,0,0
catchall_55_60,sensitivity,Uncapped,2040,still_waiting,nationality,India,70,share_pct,1,0.0,,,,,0,1,0
catchall_55_60,sensitivity,Uncapped,2040,still_waiting,nationality,India,75,share_pct,1,0.0,,,,,0,1,0
catchall_55_60,sensitivity,Uncapped,2040,still_waiting,nationality,India,80,share_pct,1,0.0,,,,,0,1,0
catchall_55_60,sensitivity,Uncapped,2040,still_waiting,nationality,China,60,share_pct,1,0.0828015420342991,,,,,1,0,0
catchall_55_60,sensitivity,Uncapped,2040,still_waiting,nationality,China,65,share_pct,1,0.0011553703539669642,,,,,1,0,0
catchall_55_60,sensitivity,Uncapped,2040,still_waiting,nationality,China,70,share_pct,1,0.0,,,,,0,1,0
catchall_55_60,sensitivity,Uncapped,2040,still_waiting,nationality,China,75,share_pct,1,0.0,,,,,0,1,0
catchall_55_60,sensitivity,Uncapped,2040,still_waiting,nationality,China,80,share_pct,1,0.0,,,,,0,1,0
catchall_55_60,sensitivity,Uncapped,2040,still_waiting,nationality,ROW,60,share_pct,1,0.10461778612811108,,,,,1,0,0
catchall_55_60,sensitivity,Uncapped,2040,still_waiting,nationality,ROW,65,share_pct,1,0.0028225326462716182,,,,,1,0,0
catchall_55_60,sensitivity,Uncapped,2040,still_waiting,nationality,ROW,70,share_pct,1,0.0,,,,,0,1,0
catchall_55_60,sensitivity,Uncapped,2040,still_waiting,nationality,ROW,75,share_pct,1,0.0,,,,,0,1,0
catchall_55_60,sensitivity,Uncapped,2040,still_waiting,nationality,ROW,80,share_pct,1,0.0,,,,,0,1,0
catchall_55_60,sensitivity,Capped,2024,converted,overall,All EB,60,share_pct,1,0.0543787870941012,,,,,1,0,0
catchall_55_60,sensitivity,Capped,2024,converted,overall,All EB,65,share_pct,1,0.0,,,,,0,1,0
catchall_55_60,sensitivity,Capped,2024,converted,overall,All EB,70,share_pct,1,0.0,,,,,0,1,0
catchall_55_60,sensitivity,Capped,2024,converted,overall,All EB,75,share_pct,1,0.0,,,,,0,1,0
catchall_55_60,sensitivity,Capped,2024,converted,overall,All EB,80,share_pct,1,0.0,,,,,0,1,0
catchall_55_60,sensitivity,Capped,2024,converted,category,EB-1,60,share_pct,1,0.0,,,,,0,1,0
catchall_55_60,sensitivity,Capped,2024,converted,category,EB-1,65,share_pct,1,0.0,,,,,0,1,0
catchall_55_60,sensitivity,Capped,2024,converted,category,EB-1,70,share_pct,1,0.0,,,,,0,1,0
catchall_55_60,sensitivity,Capped,2024,converted,category,EB-1,75,share_pct,1,0.0,,,,,0,1,0
catchall_55_60,sensitivity,Capped,2024,converted,category,EB-1,80,share_pct,1,0.0,,,,,0,1,0
catchall_55_60,sensitivity,Capped,2024,converted,category,EB-2,60,share_pct,1,0.018346099160665964,,,,,1,0,0
catchall_55_60,sensitivity,Capped,2024,converted,category,EB-2,65,share_pct,1,0.0,,,,,0,1,0
catchall_55_60,sensitivity,Capped,2024,converted,category,EB-2,70,share_pct,1,0.0,,,,,0,1,0
catchall_55_60,sensitivity,Capped,2024,converted,category,EB-2,75,share_pct,1,0.0,,,,,0,1,0
catchall_55_60,sensitivity,Capped,2024,converted,category,EB-2,80,share_pct,1,0.0,,,,,0,1,0
catchall_55_60,sensitivity,Capped,2024,converted,category,EB-3,60,share_pct,1,0.05678839769351739,,,,,1,0,0
catchall_55_60,sensitivity,Capped,2024,converted,category,EB-3,65,share_pct,1,0.0,,,,,0,1,0
catchall_55_60,sensitivity,Capped,2024,converted,category,EB-3,70,share_pct,1,0.0,,,,,0,1,0
catchall_55_60,sensitivity,Capped,2024,converted,category,EB-3,75,share_pct,1,0.0,,,,,0,1,0
catchall_55_60,sensitivity,Capped,2024,converted,category,EB-3,80,share_pct,1,0.0,,,,,0,1,0
catchall_55_60,sensitivity,Capped,2024,converted,category,EB-4,60,share_pct,1,0.32724297791109896,,,,,1,0,0
catchall_55_60,sensitivity,Capped,2024,converted,category,EB-4,65,share_pct,1,0.0,,,,,0,1,0
catchall_55_60,sensitivity,Capped,2024,converted,category,EB-4,70,share_pct,1,0.0,,,,,0,1,0
catchall_55_60,sensitivity,Capped,2024,converted,category,EB-4,75,share_pct,1,0.0,,,,,0,1,0
catchall_55_60,sensitivity,Capped,2024,converted,category,EB-4,80,share_pct,1,0.0,,,,,0,1,0
catchall_55_60,sensitivity,Capped,2024,converted,category,EB-5,60,share_pct,1,0.020868113522537562,,,,,1,0,0
catchall_55_60,sensitivity,Capped,2024,converted,category,EB-5,65,share_pct,1,0.0,,,,,0,1,0
catchall_55_60,sensitivity,Capped,2024,converted,category,EB-5,70,share_pct,1,0.0,,,,,0,1,0
catchall_55_60,sensitivity,Capped,2024,converted,category,EB-5,75,share_pct,1,0.0,,,,,0,1,0
catchall_55_60,sensitivity,Capped,2024,converted,category,EB-5,80,share_pct,1,0.0,,,,,0,1,0
catchall_55_60,sensitivity,Capped,2024,converted,nationality,India,60,share_pct,1,0.056902241948332766,,,,,1,0,0
catchall_55_60,sensitivity,Capped,2024,converted,nationality,India,65,share_pct,1,0.0,,,,,0,1,0
catchall_55_60,sensitivity,Capped,2024,converted,nationality,India,70,share_pct,1,0.0,,,,,0,1,0
catchall_55_60,sensitivity,Capped,2024,converted,nationality,India,75,share_pct,1,0.0,,,,,0,1,0
catchall_55_60,sensitivity,Capped,2024,converted,nationality,India,80,share_pct,1,0.0,,,,,0,1,0
catchall_55_60,sensitivity,Capped,2024,converted,nationality,China,60,share_pct,1,0.1532019201307323,,,,,1,0,0
catchall_55_60,sensitivity,Capped,2024,converted,nationality,China,65,share_pct,1,0.0,,,,,0,1,0
catchall_55_60,sensitivity,Capped,2024,converted,nationality,China,70,share_pct,1,0.0,,,,,0,1,0
catchall_55_60,sensitivity,Capped,2024,converted,nationality,China,75,share_pct,1,0.0,,,,,0,1,0
catchall_55_60,sensitivity,Capped,2024,converted,nationality,China,80,share_pct,1,0.0,,,,,0,1,0
catchall_55_60,sensitivity,Capped,2024,converted,nationality,ROW,60,share_pct,1,0.037505540591223706,,,,,1,0,0
catchall_55_60,sensitivity,Capped,2024,converted,nationality,ROW,65,share_pct,1,0.0,,,,,0,1,0
catchall_55_60,sensitivity,Capped,2024,converted,nationality,ROW,70,share_pct,1,0.0,,,,,0,1,0
catchall_55_60,sensitivity,Capped,2024,converted,nationality,ROW,75,share_pct,1,0.0,,,,,0,1,0
catchall_55_60,sensitivity,Capped,2024,converted,nationality,ROW,80,share_pct,1,0.0,,,,,0,1,0
catchall_55_60,sensitivity,Capped,2040,converted,overall,All EB,60,share_pct,1,0.19891944990176819,,,,,1,0,0
catchall_55_60,sensitivity,Capped,2040,converted,overall,All EB,65,share_pct,1,0.004911591355599214,,,,,1,0,0
catchall_55_60,sensitivity,Capped,2040,converted,overall,All EB,70,share_pct,1,0.0,,,,,0,1,0
catchall_55_60,sensitivity,Capped,2040,converted,overall,All EB,75,share_pct,1,0.0,,,,,0,1,0
catchall_55_60,sensitivity,Capped,2040,converted,overall,All EB,80,share_pct,1,0.0,,,,,0,1,0
catchall_55_60,sensitivity,Capped,2040,converted,category,EB-1,60,share_pct,1,0.048911714355588165,,,,,1,0,0
catchall_55_60,sensitivity,Capped,2040,converted,category,EB-1,65,share_pct,1,0.0,,,,,0,1,0
catchall_55_60,sensitivity,Capped,2040,converted,category,EB-1,70,share_pct,1,0.0,,,,,0,1,0
catchall_55_60,sensitivity,Capped,2040,converted,category,EB-1,75,share_pct,1,0.0,,,,,0,1,0
catchall_55_60,sensitivity,Capped,2040,converted,category,EB-1,80,share_pct,1,0.0,,,,,0,1,0
catchall_55_60,sensitivity,Capped,2040,converted,category,EB-2,60,share_pct,1,0.22901791728411694,,,,,1,0,0
catchall_55_60,sensitivity,Capped,2040,converted,category,EB-2,65,share_pct,1,0.008981094795455566,,,,,1,0,0
catchall_55_60,sensitivity,Capped,2040,converted,category,EB-2,70,share_pct,1,0.0,,,,,0,1,0
catchall_55_60,sensitivity,Capped,2040,converted,category,EB-2,75,share_pct,1,0.0,,,,,0,1,0
catchall_55_60,sensitivity,Capped,2040,converted,category,EB-2,80,share_pct,1,0.0,,,,,0,1,0
catchall_55_60,sensitivity,Capped,2040,converted,category,EB-3,60,share_pct,1,0.3156861908621646,,,,,1,0,0
catchall_55_60,sensitivity,Capped,2040,converted,category,EB-3,65,share_pct,1,0.004266029606245467,,,,,1,0,0
catchall_55_60,sensitivity,Capped,2040,converted,category,EB-3,70,share_pct,1,0.0,,,,,0,1,0
catchall_55_60,sensitivity,Capped,2040,converted,category,EB-3,75,share_pct,1,0.0,,,,,0,1,0
catchall_55_60,sensitivity,Capped,2040,converted,category,EB-3,80,share_pct,1,0.0,,,,,0,1,0
catchall_55_60,sensitivity,Capped,2040,converted,category,EB-4,60,share_pct,1,0.2264791922242144,,,,,1,0,0
catchall_55_60,sensitivity,Capped,2040,converted,category,EB-4,65,share_pct,1,0.009436633009342266,,,,,1,0,0
catchall_55_60,sensitivity,Capped,2040,converted,category,EB-4,70,share_pct,1,0.0,,,,,0,1,0
catchall_55_60,sensitivity,Capped,2040,converted,category,EB-4,75,share_pct,1,0.0,,,,,0,1,0
catchall_55_60,sensitivity,Capped,2040,converted,category,EB-4,80,share_pct,1,0.0,,,,,0,1,0
catchall_55_60,sensitivity,Capped,2040,converted,category,EB-5,60,share_pct,1,0.06399317406143344,,,,,1,0,0
catchall_55_60,sensitivity,Capped,2040,converted,category,EB-5,65,share_pct,1,0.0,,,,,0,1,0
catchall_55_60,sensitivity,Capped,2040,converted,category,EB-5,70,share_pct,1,0.0,,,,,0,1,0
catchall_55_60,sensitivity,Capped,2040,converted,category,EB-5,75,share_pct,1,0.0,,,,,0,1,0
catchall_55_60,sensitivity,Capped,2040,converted,category,EB-5,80,share_pct,1,0.0,,,,,0,1,0
catchall_55_60,sensitivity,Capped,2040,converted,nationality,India,60,share_pct,1,0.9929368410277408,,,,,1,0,0
catchall_55_60,sensitivity,Capped,2040,converted,nationality,India,65,share_pct,1,0.03070938683590951,,,,,1,0,0
catchall_55_60,sensitivity,Capped,2040,converted,nationality,India,70,share_pct,1,0.0,,,,,0,1,0
catchall_55_60,sensitivity,Capped,2040,converted,nationality,India,75,share_pct,1,0.0,,,,,0,1,0
catchall_55_60,sensitivity,Capped,2040,converted,nationality,India,80,share_pct,1,0.0,,,,,0,1,0
catchall_55_60,sensitivity,Capped,2040,converted,nationality,China,60,share_pct,1,0.17542049324115158,,,,,1,0,0
catchall_55_60,sensitivity,Capped,2040,converted,nationality,China,65,share_pct,1,0.0,,,,,0,1,0
catchall_55_60,sensitivity,Capped,2040,converted,nationality,China,70,share_pct,1,0.0,,,,,0,1,0
catchall_55_60,sensitivity,Capped,2040,converted,nationality,China,75,share_pct,1,0.0,,,,,0,1,0
catchall_55_60,sensitivity,Capped,2040,converted,nationality,China,80,share_pct,1,0.0,,,,,0,1,0
catchall_55_60,sensitivity,Capped,2040,converted,nationality,ROW,60,share_pct,1,0.07744433688286544,,,,,1,0,0
catchall_55_60,sensitivity,Capped,2040,converted,nationality,ROW,65,share_pct,1,0.0016134236850596966,,,,,1,0,0
catchall_55_60,sensitivity,Capped,2040,converted,nationality,ROW,70,share_pct,1,0.0,,,,,0,1,0
catchall_55_60,sensitivity,Capped,2040,converted,nationality,ROW,75,share_pct,1,0.0,,,,,0,1,0
catchall_55_60,sensitivity,Capped,2040,converted,nationality,ROW,80,share_pct,1,0.0,,,,,0,1,0
catchall_55_60,sensitivity,Capped,2040,still_waiting,overall,All EB,60,share_pct,1,0.136464910868498,,,,,1,0,0
catchall_55_60,sensitivity,Capped,2040,still_waiting,overall,All EB,65,share_pct,1,0.0031403227377254125,,,,,1,0,0
catchall_55_60,sensitivity,Capped,2040,still_waiting,overall,All EB,70,share_pct,1,0.00019875460365350713,,,,,1,0,0
catchall_55_60,sensitivity,Capped,2040,still_waiting,overall,All EB,75,share_pct,1,0.0,,,,,0,1,0
catchall_55_60,sensitivity,Capped,2040,still_waiting,overall,All EB,80,share_pct,1,0.0,,,,,0,1,0
catchall_55_60,sensitivity,Capped,2040,still_waiting,category,EB-1,60,share_pct,1,0.03890052226020311,,,,,1,0,0
catchall_55_60,sensitivity,Capped,2040,still_waiting,category,EB-1,65,share_pct,1,0.0,,,,,0,1,0
catchall_55_60,sensitivity,Capped,2040,still_waiting,category,EB-1,70,share_pct,1,0.0,,,,,0,1,0
catchall_55_60,sensitivity,Capped,2040,still_waiting,category,EB-1,75,share_pct,1,0.0,,,,,0,1,0
catchall_55_60,sensitivity,Capped,2040,still_waiting,category,EB-1,80,share_pct,1,0.0,,,,,0,1,0
catchall_55_60,sensitivity,Capped,2040,still_waiting,category,EB-2,60,share_pct,1,0.2268716077213853,,,,,1,0,0
catchall_55_60,sensitivity,Capped,2040,still_waiting,category,EB-2,65,share_pct,1,0.005093262057190689,,,,,1,0,0
catchall_55_60,sensitivity,Capped,2040,still_waiting,category,EB-2,70,share_pct,1,0.0002214461763995952,,,,,1,0,0
catchall_55_60,sensitivity,Capped,2040,still_waiting,category,EB-2,75,share_pct,1,0.0,,,,,0,1,0
catchall_55_60,sensitivity,Capped,2040,still_waiting,category,EB-2,80,share_pct,1,0.0,,,,,0,1,0
catchall_55_60,sensitivity,Capped,2040,still_waiting,category,EB-3,60,share_pct,1,0.1278010236370451,,,,,1,0,0
catchall_55_60,sensitivity,Capped,2040,still_waiting,category,EB-3,65,share_pct,1,0.0018432839947650735,,,,,1,0,0
catchall_55_60,sensitivity,Capped,2040,still_waiting,category,EB-3,70,share_pct,1,0.00040961866550334963,,,,,1,0,0
catchall_55_60,sensitivity,Capped,2040,still_waiting,category,EB-3,75,share_pct,1,0.0,,,,,0,1,0
catchall_55_60,sensitivity,Capped,2040,still_waiting,category,EB-3,80,share_pct,1,0.0,,,,,0,1,0
catchall_55_60,sensitivity,Capped,2040,still_waiting,category,EB-4,60,share_pct,1,0.07211954144584931,,,,,1,0,0
catchall_55_60,sensitivity,Capped,2040,still_waiting,category,EB-4,65,share_pct,1,0.002441282079972332,,,,,1,0,0
catchall_55_60,sensitivity,Capped,2040,still_waiting,category,EB-4,70,share_pct,1,0.00010172008666551384,,,,,1,0,0
catchall_55_60,sensitivity,Capped,2040,still_waiting,category,EB-4,75,share_pct,1,0.0,,,,,0,1,0
catchall_55_60,sensitivity,Capped,2040,still_waiting,category,EB-4,80,share_pct,1,0.0,,,,,0,1,0
catchall_55_60,sensitivity,Capped,2040,still_waiting,category,EB-5,60,share_pct,1,0.019664716582272257,,,,,1,0,0
catchall_55_60,sensitivity,Capped,2040,still_waiting,category,EB-5,65,share_pct,1,0.0,,,,,0,1,0
catchall_55_60,sensitivity,Capped,2040,still_waiting,category,EB-5,70,share_pct,1,0.0,,,,,0,1,0
catchall_55_60,sensitivity,Capped,2040,still_waiting,category,EB-5,75,share_pct,1,0.0,,,,,0,1,0
catchall_55_60,sensitivity,Capped,2040,still_waiting,category,EB-5,80,share_pct,1,0.0,,,,,0,1,0
catchall_55_60,sensitivity,Capped,2040,still_waiting,nationality,India,60,share_pct,1,0.24592978573803465,,,,,1,0,0
catchall_55_60,sensitivity,Capped,2040,still_waiting,nationality,India,65,share_pct,1,0.004796502913330463,,,,,1,0,0
catchall_55_60,sensitivity,Capped,2040,still_waiting,nationality,India,70,share_pct,1,0.00021802285969683922,,,,,1,0,0
catchall_55_60,sensitivity,Capped,2040,still_waiting,nationality,India,75,share_pct,1,0.0,,,,,0,1,0
catchall_55_60,sensitivity,Capped,2040,still_waiting,nationality,India,80,share_pct,1,0.0,,,,,0,1,0
catchall_55_60,sensitivity,Capped,2040,still_waiting,nationality,China,60,share_pct,1,0.10596451794171952,,,,,1,0,0
catchall_55_60,sensitivity,Capped,2040,still_waiting,nationality,China,65,share_pct,1,0.0038532551978807095,,,,,1,0,0
catchall_55_60,sensitivity,Capped,2040,still_waiting,nationality,China,70,share_pct,1,0.0006422091996467849,,,,,1,0,0
catchall_55_60,sensitivity,Capped,2040,still_waiting,nationality,China,75,share_pct,1,0.0,,,,,0,1,0
catchall_55_60,sensitivity,Capped,2040,still_waiting,nationality,China,80,share_pct,1,0.0,,,,,0,1,0
catchall_55_60,sensitivity,Capped,2040,still_waiting,nationality,ROW,60,share_pct,1,0.06581682408569398,,,,,1,0,0
catchall_55_60,sensitivity,Capped,2040,still_waiting,nationality,ROW,65,share_pct,1,0.0017872337118901552,,,,,1,0,0
catchall_55_60,sensitivity,Capped,2040,still_waiting,nationality,ROW,70,share_pct,1,7.770581356044152e-05,,,,,1,0,0
catchall_55_60,sensitivity,Capped,2040,still_waiting,nationality,ROW,75,share_pct,1,0.0,,,,,0,1,0
catchall_55_60,sensitivity,Capped,2040,still_waiting,nationality,ROW,80,share_pct,1,0.0,,,,,0,1,0
catchall_65_70,sensitivity,Uncapped,2024,converted,overall,All EB,60,share_pct,1,0.9046769847571691,,,,,1,0,0
catchall_65_70,sensitivity,Uncapped,2024,converted,overall,All EB,65,share_pct,1,0.013016935032477252,,,,,1,0,0
catchall_65_70,sensitivity,Uncapped,2024,converted,overall,All EB,70,share_pct,1,0.0,,,,,0,1,0
catchall_65_70,sensitivity,Uncapped,2024,converted,overall,All EB,75,share_pct,1,0.0,,,,,0,1,0
catchall_65_70,sensitivity,Uncapped,2024,converted,overall,All EB,80,share_pct,1,0.0,,,,,0,1,0
catchall_65_70,sensitivity,Uncapped,2024,converted,category,EB-1,60,share_pct,1,0.0,,,,,0,1,0
catchall_65_70,sensitivity,Uncapped,2024,converted,category,EB-1,65,share_pct,1,0.0,,,,,0,1,0
catchall_65_70,sensitivity,Uncapped,2024,converted,category,EB-1,70,share_pct,1,0.0,,,,,0,1,0
catchall_65_70,sensitivity,Uncapped,2024,converted,category,EB-1,75,share_pct,1,0.0,,,,,0,1,0
catchall_65_70,sensitivity,Uncapped,2024,converted,category,EB-1,80,share_pct,1,0.0,,,,,0,1,0
catchall_65_70,sensitivity,Uncapped,2024,converted,category,EB-2,60,share_pct,1,0.22033509295386733,,,,,1,0,0
catchall_65_70,sensitivity,Uncapped,2024,converted,category,EB-2,65,share_pct,1,0.004590314436538903,,,,,1,0,0
catchall_65_70,sensitivity,Uncapped,2024,converted,category,EB-2,70,share_pct,1,0.0,,,,,0,1,0
catchall_65_70,sensitivity,Uncapped,2024,converted,category,EB-2,75,share_pct,1,0.0,,,,,0,1,0
catchall_65_70,sensitivity,Uncapped,2024,converted,category,EB-2,80,share_pct,1,0.0,,,,,0,1,0
catchall_65_70,sensitivity,Uncapped,2024,converted,category,EB-3,60,share_pct,1,0.7587319583133476,,,,,1,0,0
catchall_65_70,sensitivity,Uncapped,2024,converted,category,EB-3,65,share_pct,1,0.03924475646448349,,,,,1,0,0
catchall_65_70,sensitivity,Uncapped,2024,converted,category,EB-3,70,share_pct,1,0.0,,,,,0,1,0
catchall_65_70,sensitivity,Uncapped,2024,converted,category,EB-3,75,share_pct,1,0.0,,,,,0,1,0
catchall_65_70,sensitivity,Uncapped,2024,converted,category,EB-3,80,share_pct,1,0.0,,,,,0,1,0
catchall_65_70,sensitivity,Uncapped,2024,converted,category,EB-4,60,share_pct,1,4.960948799537171,,,,,1,0,0
catchall_65_70,sensitivity,Uncapped,2024,converted,category,EB-4,65,share_pct,1,0.0,,,,,0,1,0
catchall_65_70,sensitivity,Uncapped,2024,converted,category,EB-4,70,share_pct,1,0.0,,,,,0,1,0
catchall_65_70,sensitivity,Uncapped,2024,converted,category,EB-4,75,share_pct,1,0.0,,,,,0,1,0
catchall_65_70,sensitivity,Uncapped,2024,converted,category,EB-4,80,share_pct,1,0.0,,,,,0,1,0
catchall_65_70,sensitivity,Uncapped,2024,converted,category,EB-5,60,share_pct,1,2.7010180760440474,,,,,1,0,0
catchall_65_70,sensitivity,Uncapped,2024,converted,category,EB-5,65,share_pct,1,0.0,,,,,0,1,0
catchall_65_70,sensitivity,Uncapped,2024,converted,category,EB-5,70,share_pct,1,0.0,,,,,0,1,0
catchall_65_70,sensitivity,Uncapped,2024,converted,category,EB-5,75,share_pct,1,0.0,,,,,0,1,0
catchall_65_70,sensitivity,Uncapped,2024,converted,category,EB-5,80,share_pct,1,0.0,,,,,0,1,0
catchall_65_70,sensitivity,Uncapped,2024,converted,nationality,India,60,share_pct,1,0.9166006563313341,,,,,1,0,0
catchall_65_70,sensitivity,Uncapped,2024,converted,nationality,India,65,share_pct,1,0.022632114971144052,,,,,1,0,0
catchall_65_70,sensitivity,Uncapped,2024,converted,nationality,India,70,share_pct,1,0.0,,,,,0,1,0
catchall_65_70,sensitivity,Uncapped,2024,converted,nationality,India,75,share_pct,1,0.0,,,,,0,1,0
catchall_65_70,sensitivity,Uncapped,2024,converted,nationality,India,80,share_pct,1,0.0,,,,,0,1,0
catchall_65_70,sensitivity,Uncapped,2024,converted,nationality,China,60,share_pct,1,2.9875179046449767,,,,,1,0,0
catchall_65_70,sensitivity,Uncapped,2024,converted,nationality,China,65,share_pct,1,0.08184980560671168,,,,,1,0,0
catchall_65_70,sensitivity,Uncapped,2024,converted,nationality,China,70,share_pct,1,0.0,,,,,0,1,0
catchall_65_70,sensitivity,Uncapped,2024,converted,nationality,China,75,share_pct,1,0.0,,,,,0,1,0
catchall_65_70,sensitivity,Uncapped,2024,converted,nationality,China,80,share_pct,1,0.0,,,,,0,1,0
catchall_65_70,sensitivity,Uncapped,2024,converted,nationality,ROW,60,share_pct,1,0.5531505531505532,,,,,1,0,0
catchall_65_70,sensitivity,Uncapped,2024,converted,nationality,ROW,65,share_pct,1,0.0,,,,,0,1,0
catchall_65_70,sensitivity,Uncapped,2024,converted,nationality,ROW,70,share_pct,1,0.0,,,,,0,1,0
catchall_65_70,sensitivity,Uncapped,2024,converted,nationality,ROW,75,share_pct,1,0.0,,,,,0,1,0
catchall_65_70,sensitivity,Uncapped,2024,converted,nationality,ROW,80,share_pct,1,0.0,,,,,0,1,0
catchall_65_70,sensitivity,Uncapped,2040,converted,overall,All EB,60,share_pct,1,6.407734382496881,,,,,1,0,0
catchall_65_70,sensitivity,Uncapped,2040,converted,overall,All EB,65,share_pct,1,1.1059399289895404,,,,,1,0,0
catchall_65_70,sensitivity,Uncapped,2040,converted,overall,All EB,70,share_pct,1,0.025189521159197772,,,,,1,0,0
catchall_65_70,sensitivity,Uncapped,2040,converted,overall,All EB,75,share_pct,1,0.0,,,,,0,1,0
catchall_65_70,sensitivity,Uncapped,2040,converted,overall,All EB,80,share_pct,1,0.0,,,,,0,1,0
catchall_65_70,sensitivity,Uncapped,2040,converted,category,EB-1,60,share_pct,1,0.38707180181923745,,,,,1,0,0
catchall_65_70,sensitivity,Uncapped,2040,converted,category,EB-1,65,share_pct,1,0.0,,,,,0,1,0
catchall_65_70,sensitivity,Uncapped,2040,converted,category,EB-1,70,share_pct,1,0.0,,,,,0,1,0
catchall_65_70,sensitivity,Uncapped,2040,converted,category,EB-1,75,share_pct,1,0.0,,,,,0,1,0
catchall_65_70,sensitivity,Uncapped,2040,converted,category,EB-1,80,share_pct,1,0.0,,,,,0,1,0
catchall_65_70,sensitivity,Uncapped,2040,converted,category,EB-2,60,share_pct,1,11.226294787938624,,,,,1,0,0
catchall_65_70,sensitivity,Uncapped,2040,converted,category,EB-2,65,share_pct,1,1.6207988810728537,,,,,1,0,0
catchall_65_70,sensitivity,Uncapped,2040,converted,category,EB-2,70,share_pct,1,0.05347813566991649,,,,,1,0,0
catchall_65_70,sensitivity,Uncapped,2040,converted,category,EB-2,75,share_pct,1,0.0,,,,,0,1,0
catchall_65_70,sensitivity,Uncapped,2040,converted,category,EB-2,80,share_pct,1,0.0,,,,,0,1,0
catchall_65_70,sensitivity,Uncapped,2040,converted,category,EB-3,60,share_pct,1,7.8039166352161695,,,,,1,0,0
catchall_65_70,sensitivity,Uncapped,2040,converted,category,EB-3,65,share_pct,1,1.4215624606868789,,,,,1,0,0
catchall_65_70,sensitivity,Uncapped,2040,converted,category,EB-3,70,share_pct,1,0.0,,,,,0,1,0
catchall_65_70,sensitivity,Uncapped,2040,converted,category,EB-3,75,share_pct,1,0.0,,,,,0,1,0
catchall_65_70,sensitivity,Uncapped,2040,converted,category,EB-3,80,share_pct,1,0.0,,,,,0,1,0
catchall_65_70,sensitivity,Uncapped,2040,converted,category,EB-4,60,share_pct,1,6.304657311368721,,,,,1,0,0
catchall_65_70,sensitivity,Uncapped,2040,converted,category,EB-4,65,share_pct,1,1.9219035997559488,,,,,1,0,0
catchall_65_70,sensitivity,Uncapped,2040,converted,category,EB-4,70,share_pct,1,0.08135041692088672,,,,,1,0,0
catchall_65_70,sensitivity,Uncapped,2040,converted,category,EB-4,75,share_pct,1,0.0,,,,,0,1,0
catchall_65_70,sensitivity,Uncapped,2040,converted,category,EB-4,80,share_pct,1,0.0,,,,,0,1,0
catchall_65_70,sensitivity,Uncapped,2040,converted,category,EB-5,60,share_pct,1,1.1040339702760085,,,,,1,0,0
catchall_65_70,sensitivity,Uncapped,2040,converted,category,EB-5,65,share_pct,1,0.0,,,,,0,1,0
catchall_65_70,sensitivity,Uncapped,2040,converted,category,EB-5,70,share_pct,1,0.0,,,,,0,1,0
catchall_65_70,sensitivity,Uncapped,2040,converted,category,EB-5,75,share_pct,1,0.0,,,,,0,1,0
catchall_65_70,sensitivity,Uncapped,2040,converted,category,EB-5,80,share_pct,1,0.0,,,,,0,1,0
catchall_65_70,sensitivity,Uncapped,2040,converted,nationality,India,60,share_pct,1,5.013282732447818,,,,,1,0,0
catchall_65_70,sensitivity,Uncapped,2040,converted,nationality,India,65,share_pct,1,0.4781783681214421,,,,,1,0,0
catchall_65_70,sensitivity,Uncapped,2040,converted,nationality,India,70,share_pct,1,0.018975332068311195,,,,,1,0,0
catchall_65_70,sensitivity,Uncapped,2040,converted,nationality,India,75,share_pct,1,0.0,,,,,0,1,0
catchall_65_70,sensitivity,Uncapped,2040,converted,nationality,India,80,share_pct,1,0.0,,,,,0,1,0
catchall_65_70,sensitivity,Uncapped,2040,converted,nationality,China,60,share_pct,1,4.59425543781372,,,,,1,0,0
catchall_65_70,sensitivity,Uncapped,2040,converted,nationality,China,65,share_pct,1,0.7877858337981037,,,,,1,0,0
catchall_65_70,sensitivity,Uncapped,2040,converted,nationality,China,70,share_pct,1,0.02788622420524261,,,,,1,0,0
catchall_65_70,sensitivity,Uncapped,2040,converted,nationality,China,75,share_pct,1,0.0,,,,,0,1,0
catchall_65_70,sensitivity,Uncapped,2040,converted,nationality,China,80,share_pct,1,0.0,,,,,0,1,0
catchall_65_70,sensitivity,Uncapped,2040,converted,nationality,ROW,60,share_pct,1,7.878333411444908,,,,,1,0,0
catchall_65_70,sensitivity,Uncapped,2040,converted,nationality,ROW,65,share_pct,1,1.6005061630032338,,,,,1,0,0
catchall_65_70,sensitivity,Uncapped,2040,converted,nationality,ROW,70,share_pct,1,0.028120166846323288,,,,,1,0,0
catchall_65_70,sensitivity,Uncapped,2040,converted,nationality,ROW,75,share_pct,1,0.0,,,,,0,1,0
catchall_65_70,sensitivity,Uncapped,2040,converted,nationality,ROW,80,share_pct,1,0.0,,,,,0,1,0
catchall_65_70,sensitivity,Uncapped,2040,still_waiting,overall,All EB,60,share_pct,1,2.5893316122055796,,,,,1,0,0
catchall_65_70,sensitivity,Uncapped,2040,still_waiting,overall,All EB,65,share_pct,1,0.33664318553367695,,,,,1,0,0
catchall_65_70,sensitivity,Uncapped,2040,still_waiting,overall,All EB,70,share_pct,1,0.006533740199821826,,,,,1,0,0
catchall_65_70,sensitivity,Uncapped,2040,still_waiting,overall,All EB,75,share_pct,1,0.0,,,,,0,1,0
catchall_65_70,sensitivity,Uncapped,2040,still_waiting,overall,All EB,80,share_pct,1,0.0,,,,,0,1,0
catchall_65_70,sensitivity,Uncapped,2040,still_waiting,category,EB-1,60,share_pct,1,0.09337363698229066,,,,,1,0,0
catchall_65_70,sensitivity,Uncapped,2040,still_waiting,category,EB-1,65,share_pct,1,0.0,,,,,0,1,0
catchall_65_70,sensitivity,Uncapped,2040,still_waiting,category,EB-1,70,share_pct,1,0.0,,,,,0,1,0
catchall_65_70,sensitivity,Uncapped,2040,still_waiting,category,EB-1,75,share_pct,1,0.0,,,,,0,1,0
catchall_65_70,sensitivity,Uncapped,2040,still_waiting,category,EB-1,80,share_pct,1,0.0,,,,,0,1,0
catchall_65_70,sensitivity,Uncapped,2040,still_waiting,category,EB-2,60,share_pct,1,3.540445211414048,,,,,1,0,0
catchall_65_70,sensitivity,Uncapped,2040,still_waiting,category,EB-2,65,share_pct,1,0.4375577634011091,,,,,1,0,0
catchall_65_70,sensitivity,Uncapped,2040,still_waiting,category,EB-2,70,share_pct,1,0.009476807994454713,,,,,1,0,0
catchall_65_70,sensitivity,Uncapped,2040,still_waiting,category,EB-2,75,share_pct,1,0.0,,,,,0,1,0
catchall_65_70,sensitivity,Uncapped,2040,still_waiting,category,EB-2,80,share_pct,1,0.0,,,,,0,1,0
catchall_65_70,sensitivity,Uncapped,2040,still_waiting,category,EB-3,60,share_pct,1,2.6500855864216626,,,,,1,0,0
catchall_65_70,sensitivity,Uncapped,2040,still_waiting,category,EB-3,65,share_pct,1,0.2419792805241051,,,,,1,0,0
catchall_65_70,sensitivity,Uncapped,2040,still_waiting,category,EB-3,70,share_pct,1,0.0,,,,,0,1,0
catchall_65_70,sensitivity,Uncapped,2040,still_waiting,category,EB-3,75,share_pct,1,0.0,,,,,0,1,0
catchall_65_70,sensitivity,Uncapped,2040,still_waiting,category,EB-3,80,share_pct,1,0.0,,,,,0,1,0
catchall_65_70,sensitivity,Uncapped,2040,still_waiting,category,EB-4,60,share_pct,1,1.9138838125832185,,,,,1,0,0
catchall_65_70,sensitivity,Uncapped,2040,still_waiting,category,EB-4,65,share_pct,1,0.3321112047949151,,,,,1,0,0
catchall_65_70,sensitivity,Uncapped,2040,still_waiting,category,EB-4,70,share_pct,1,0.008011872832502261,,,,,1,0,0
catchall_65_70,sensitivity,Uncapped,2040,still_waiting,category,EB-4,75,share_pct,1,0.0,,,,,0,1,0
catchall_65_70,sensitivity,Uncapped,2040,still_waiting,category,EB-4,80,share_pct,1,0.0,,,,,0,1,0
catchall_65_70,sensitivity,Uncapped,2040,still_waiting,category,EB-5,60,share_pct,1,0.24979481140491738,,,,,1,0,0
catchall_65_70,sensitivity,Uncapped,2040,still_waiting,category,EB-5,65,share_pct,1,0.0,,,,,0,1,0
catchall_65_70,sensitivity,Uncapped,2040,still_waiting,category,EB-5,70,share_pct,1,0.0,,,,,0,1,0
catchall_65_70,sensitivity,Uncapped,2040,still_waiting,category,EB-5,75,share_pct,1,0.0,,,,,0,1,0
catchall_65_70,sensitivity,Uncapped,2040,still_waiting,category,EB-5,80,share_pct,1,0.0,,,,,0,1,0
catchall_65_70,sensitivity,Uncapped,2040,still_waiting,nationality,India,60,share_pct,1,1.8674468765802863,,,,,1,0,0
catchall_65_70,sensitivity,Uncapped,2040,still_waiting,nationality,India,65,share_pct,1,0.18873133327141192,,,,,1,0,0
catchall_65_70,sensitivity,Uncapped,2040,still_waiting,nationality,India,70,share_pct,1,0.00451510366678019,,,,,1,0,0
catchall_65_70,sensitivity,Uncapped,2040,still_waiting,nationality,India,75,share_pct,1,0.0,,,,,0,1,0
catchall_65_70,sensitivity,Uncapped,2040,still_waiting,nationality,India,80,share_pct,1,0.0,,,,,0,1,0
catchall_65_70,sensitivity,Uncapped,2040,still_waiting,nationality,China,60,share_pct,1,2.597053807624649,,,,,1,0,0
catchall_65_70,sensitivity,Uncapped,2040,still_waiting,nationality,China,65,share_pct,1,0.2971034927285179,,,,,1,0,0
catchall_65_70,sensitivity,Uncapped,2040,still_waiting,nationality,China,70,share_pct,1,0.006042782902952907,,,,,1,0,0
catchall_65_70,sensitivity,Uncapped,2040,still_waiting,nationality,China,75,share_pct,1,0.0,,,,,0,1,0
catchall_65_70,sensitivity,Uncapped,2040,still_waiting,nationality,China,80,share_pct,1,0.0,,,,,0,1,0
catchall_65_70,sensitivity,Uncapped,2040,still_waiting,nationality,ROW,60,share_pct,1,2.89559662018273,,,,,1,0,0
catchall_65_70,sensitivity,Uncapped,2040,still_waiting,nationality,ROW,65,share_pct,1,0.4061276361887752,,,,,1,0,0
catchall_65_70,sensitivity,Uncapped,2040,still_waiting,nationality,ROW,70,share_pct,1,0.007474067458954455,,,,,1,0,0
catchall_65_70,sensitivity,Uncapped,2040,still_waiting,nationality,ROW,75,share_pct,1,0.0,,,,,0,1,0
catchall_65_70,sensitivity,Uncapped,2040,still_waiting,nationality,ROW,80,share_pct,1,0.0,,,,,0,1,0
catchall_65_70,sensitivity,Capped,2024,converted,overall,All EB,60,share_pct,1,0.9046769847571691,,,,,1,0,0
catchall_65_70,sensitivity,Capped,2024,converted,overall,All EB,65,share_pct,1,0.013016935032477252,,,,,1,0,0
catchall_65_70,sensitivity,Capped,2024,converted,overall,All EB,70,share_pct,1,0.0,,,,,0,1,0
catchall_65_70,sensitivity,Capped,2024,converted,overall,All EB,75,share_pct,1,0.0,,,,,0,1,0
catchall_65_70,sensitivity,Capped,2024,converted,overall,All EB,80,share_pct,1,0.0,,,,,0,1,0
catchall_65_70,sensitivity,Capped,2024,converted,category,EB-1,60,share_pct,1,0.0,,,,,0,1,0
catchall_65_70,sensitivity,Capped,2024,converted,category,EB-1,65,share_pct,1,0.0,,,,,0,1,0
catchall_65_70,sensitivity,Capped,2024,converted,category,EB-1,70,share_pct,1,0.0,,,,,0,1,0
catchall_65_70,sensitivity,Capped,2024,converted,category,EB-1,75,share_pct,1,0.0,,,,,0,1,0
catchall_65_70,sensitivity,Capped,2024,converted,category,EB-1,80,share_pct,1,0.0,,,,,0,1,0
catchall_65_70,sensitivity,Capped,2024,converted,category,EB-2,60,share_pct,1,0.22033509295386733,,,,,1,0,0
catchall_65_70,sensitivity,Capped,2024,converted,category,EB-2,65,share_pct,1,0.004590314436538903,,,,,1,0,0
catchall_65_70,sensitivity,Capped,2024,converted,category,EB-2,70,share_pct,1,0.0,,,,,0,1,0
catchall_65_70,sensitivity,Capped,2024,converted,category,EB-2,75,share_pct,1,0.0,,,,,0,1,0
catchall_65_70,sensitivity,Capped,2024,converted,category,EB-2,80,share_pct,1,0.0,,,,,0,1,0
catchall_65_70,sensitivity,Capped,2024,converted,category,EB-3,60,share_pct,1,0.7587319583133476,,,,,1,0,0
catchall_65_70,sensitivity,Capped,2024,converted,category,EB-3,65,share_pct,1,0.03924475646448349,,,,,1,0,0
catchall_65_70,sensitivity,Capped,2024,converted,category,EB-3,70,share_pct,1,0.0,,,,,0,1,0
catchall_65_70,sensitivity,Capped,2024,converted,category,EB-3,75,share_pct,1,0.0,,,,,0,1,0
catchall_65_70,sensitivity,Capped,2024,converted,category,EB-3,80,share_pct,1,0.0,,,,,0,1,0
catchall_65_70,sensitivity,Capped,2024,converted,category,EB-4,60,share_pct,1,4.960948799537171,,,,,1,0,0
catchall_65_70,sensitivity,Capped,2024,converted,category,EB-4,65,share_pct,1,0.0,,,,,0,1,0
catchall_65_70,sensitivity,Capped,2024,converted,category,EB-4,70,share_pct,1,0.0,,,,,0,1,0
catchall_65_70,sensitivity,Capped,2024,converted,category,EB-4,75,share_pct,1,0.0,,,,,0,1,0
catchall_65_70,sensitivity,Capped,2024,converted,category,EB-4,80,share_pct,1,0.0,,,,,0,1,0
catchall_65_70,sensitivity,Capped,2024,converted,category,EB-5,60,share_pct,1,2.7010180760440474,,,,,1,0,0
catchall_65_70,sensitivity,Capped,2024,converted,category,EB-5,65,share_pct,1,0.0,,,,,0,1,0
catchall_65_70,sensitivity,Capped,2024,converted,category,EB-5,70,share_pct,1,0.0,,,,,0,1,0
catchall_65_70,sensitivity,Capped,2024,converted,category,EB-5,75,share_pct,1,0.0,,,,,0,1,0
catchall_65_70,sensitivity,Capped,2024,converted,category,EB-5,80,share_pct,1,0.0,,,,,0,1,0
catchall_65_70,sensitivity,Capped,2024,converted,nationality,India,60,share_pct,1,0.9166006563313341,,,,,1,0,0
catchall_65_70,sensitivity,Capped,2024,converted,nationality,India,65,share_pct,1,0.022632114971144052,,,,,1,0,0
catchall_65_70,sensitivity,Capped,2024,converted,nationality,India,70,share_pct,1,0.0,,,,,0,1,0
catchall_65_70,sensitivity,Capped,2024,converted,nationality,India,75,share_pct,1,0.0,,,,,0,1,0
catchall_65_70,sensitivity,Capped,2024,converted,nationality,India,80,share_pct,1,0.0,,,,,0,1,0
catchall_65_70,sensitivity,Capped,2024,converted,nationality,China,60,share_pct,1,2.9875179046449767,,,,,1,0,0
catchall_65_70,sensitivity,Capped,2024,converted,nationality,China,65,share_pct,1,0.08184980560671168,,,,,1,0,0
catchall_65_70,sensitivity,Capped,2024,converted,nationality,China,70,share_pct,1,0.0,,,,,0,1,0
catchall_65_70,sensitivity,Capped,2024,converted,nationality,China,75,share_pct,1,0.0,,,,,0,1,0
catchall_65_70,sensitivity,Capped,2024,converted,nationality,China,80,share_pct,1,0.0,,,,,0,1,0
catchall_65_70,sensitivity,Capped,2024,converted,nationality,ROW,60,share_pct,1,0.5531505531505532,,,,,1,0,0
catchall_65_70,sensitivity,Capped,2024,converted,nationality,ROW,65,share_pct,1,0.0,,,,,0,1,0
catchall_65_70,sensitivity,Capped,2024,converted,nationality,ROW,70,share_pct,1,0.0,,,,,0,1,0
catchall_65_70,sensitivity,Capped,2024,converted,nationality,ROW,75,share_pct,1,0.0,,,,,0,1,0
catchall_65_70,sensitivity,Capped,2024,converted,nationality,ROW,80,share_pct,1,0.0,,,,,0,1,0
catchall_65_70,sensitivity,Capped,2040,converted,overall,All EB,60,share_pct,1,5.959276812357381,,,,,1,0,0
catchall_65_70,sensitivity,Capped,2040,converted,overall,All EB,65,share_pct,1,1.084530705383786,,,,,1,0,0
catchall_65_70,sensitivity,Capped,2040,converted,overall,All EB,70,share_pct,1,0.04764412347350736,,,,,1,0,0
catchall_65_70,sensitivity,Capped,2040,converted,overall,All EB,75,share_pct,1,0.0,,,,,0,1,0
catchall_65_70,sensitivity,Capped,2040,converted,overall,All EB,80,share_pct,1,0.0,,,,,0,1,0
catchall_65_70,sensitivity,Capped,2040,converted,category,EB-1,60,share_pct,1,0.9368595686542402,,,,,1,0,0
catchall_65_70,sensitivity,Capped,2040,converted,category,EB-1,65,share_pct,1,0.0,,,,,0,1,0
catchall_65_70,sensitivity,Capped,2040,converted,category,EB-1,70,share_pct,1,0.0,,,,,0,1,0
catchall_65_70,sensitivity,Capped,2040,converted,category,EB-1,75,share_pct,1,0.0,,,,,0,1,0
catchall_65_70,sensitivity,Capped,2040,converted,category,EB-1,80,share_pct,1,0.0,,,,,0,1,0
catchall_65_70,sensitivity,Capped,2040,converted,category,EB-2,60,share_pct,1,4.787565689854814,,,,,1,0,0
catchall_65_70,sensitivity,Capped,2040,converted,category,EB-2,65,share_pct,1,0.8328137525607909,,,,,1,0,0
catchall_65_70,sensitivity,Capped,2040,converted,category,EB-2,70,share_pct,1,0.017814197915738843,,,,,1,0,0
catchall_65_70,sensitivity,Capped,2040,converted,category,EB-2,75,share_pct,1,0.0,,,,,0,1,0
catchall_65_70,sensitivity,Capped,2040,converted,category,EB-2,80,share_pct,1,0.0,,,,,0,1,0
catchall_65_70,sensitivity,Capped,2040,converted,category,EB-3,60,share_pct,1,9.90792209445411,,,,,1,0,0
catchall_65_70,sensitivity,Capped,2040,converted,category,EB-3,65,share_pct,1,1.6888021385836127,,,,,1,0,0
catchall_65_70,sensitivity,Capped,2040,converted,category,EB-3,70,share_pct,1,0.0721347647133704,,,,,1,0,0
catchall_65_70,sensitivity,Capped,2040,converted,category,EB-3,75,share_pct,1,0.0,,,,,0,1,0
catchall_65_70,sensitivity,Capped,2040,converted,category,EB-3,80,share_pct,1,0.0,,,,,0,1,0
catchall_65_70,sensitivity,Capped,2040,converted,category,EB-4,60,share_pct,1,12.08804143126177,,,,,1,0,0
catchall_65_70,sensitivity,Capped,2040,converted,category,EB-4,65,share_pct,1,3.2956685499058382,,,,,1,0,0
catchall_65_70,sensitivity,Capped,2040,converted,category,EB-4,70,share_pct,1,0.20009416195856874,,,,,1,0,0
catchall_65_70,sensitivity,Capped,2040,converted,category,EB-4,75,share_pct,1,0.0,,,,,0,1,0
catchall_65_70,sensitivity,Capped,2040,converted,category,EB-4,80,share_pct,1,0.0,,,,,0,1,0
catchall_65_70,sensitivity,Capped,2040,converted,category,EB-5,60,share_pct,1,2.6121761112281443,,,,,1,0,0
catchall_65_70,sensitivity,Capped,2040,converted,category,EB-5,65,share_pct,1,0.0,,,,,0,1,0
catchall_65_70,sensitivity,Capped,2040,converted,category,EB-5,70,share_pct,1,0.0,,,,,0,1,0
catchall_65_70,sensitivity,Capped,2040,converted,category,EB-5,75,share_pct,1,0.0,,,,,0,1,0
catchall_65_70,sensitivity,Capped,2040,converted,category,EB-5,80,share_pct,1,0.0,,,,,0,1,0
catchall_65_70,sensitivity,Capped,2040,converted,nationality,India,60,share_pct,1,24.322672642085966,,,,,1,0,0
catchall_65_70,sensitivity,Capped,2040,converted,nationality,India,65,share_pct,1,5.357506620492972,,,,,1,0,0
catchall_65_70,sensitivity,Capped,2040,converted,nationality,India,70,share_pct,1,0.2240782236708087,,,,,1,0,0
catchall_65_70,sensitivity,Capped,2040,converted,nationality,India,75,share_pct,1,0.0,,,,,0,1,0
catchall_65_70,sensitivity,Capped,2040,converted,nationality,India,80,share_pct,1,0.0,,,,,0,1,0
catchall_65_70,sensitivity,Capped,2040,converted,nationality,China,60,share_pct,1,5.7230454777721,,,,,1,0,0
catchall_65_70,sensitivity,Capped,2040,converted,nationality,China,65,share_pct,1,0.8788962698007153,,,,,1,0,0
catchall_65_70,sensitivity,Capped,2040,converted,nationality,China,70,share_pct,1,0.010219724067450179,,,,,1,0,0
catchall_65_70,sensitivity,Capped,2040,converted,nationality,China,75,share_pct,1,0.0,,,,,0,1,0
catchall_65_70,sensitivity,Capped,2040,converted,nationality,China,80,share_pct,1,0.0,,,,,0,1,0
catchall_65_70,sensitivity,Capped,2040,converted,nationality,ROW,60,share_pct,1,3.000581830271798,,,,,1,0,0
catchall_65_70,sensitivity,Capped,2040,converted,nationality,ROW,65,share_pct,1,0.42058016789959274,,,,,1,0,0
catchall_65_70,sensitivity,Capped,2040,converted,nationality,ROW,70,share_pct,1,0.024935583077050953,,,,,1,0,0
catchall_65_70,sensitivity,Capped,2040,converted,nationality,ROW,75,share_pct,1,0.0,,,,,0,1,0
catchall_65_70,sensitivity,Capped,2040,converted,nationality,ROW,80,share_pct,1,0.0,,,,,0,1,0
catchall_65_70,sensitivity,Capped,2040,still_waiting,overall,All EB,60,share_pct,1,4.416475831079253,,,,,1,0,0
catchall_65_70,sensitivity,Capped,2040,still_waiting,overall,All EB,65,share_pct,1,0.5927007620143996,,,,,1,0,0
catchall_65_70,sensitivity,Capped,2040,still_waiting,overall,All EB,70,share_pct,1,0.015008125680860622,,,,,1,0,0
catchall_65_70,sensitivity,Capped,2040,still_waiting,overall,All EB,75,share_pct,1,0.00020606122216284607,,,,,1,0,0
catchall_65_70,sensitivity,Capped,2040,still_waiting,overall,All EB,80,share_pct,1,0.0,,,,,0,1,0
catchall_65_70,sensitivity,Capped,2040,still_waiting,category,EB-1,60,share_pct,1,0.7931131594370571,,,,,1,0,0
catchall_65_70,sensitivity,Capped,2040,still_waiting,category,EB-1,65,share_pct,1,0.0022834351999147517,,,,,1,0,0
catchall_65_70,sensitivity,Capped,2040,still_waiting,category,EB-1,70,share_pct,1,0.0,,,,,0,1,0
catchall_65_70,sensitivity,Capped,2040,still_waiting,category,EB-1,75,share_pct,1,0.0,,,,,0,1,0
catchall_65_70,sensitivity,Capped,2040,still_waiting,category,EB-1,80,share_pct,1,0.0,,,,,0,1,0
catchall_65_70,sensitivity,Capped,2040,still_waiting,category,EB-2,60,share_pct,1,7.148619187673189,,,,,1,0,0
catchall_65_70,sensitivity,Capped,2040,still_waiting,category,EB-2,65,share_pct,1,0.9448346561734778,,,,,1,0,0
catchall_65_70,sensitivity,Capped,2040,still_waiting,category,EB-2,70,share_pct,1,0.0243527931847992,,,,,1,0,0
catchall_65_70,sensitivity,Capped,2040,still_waiting,category,EB-2,75,share_pct,1,0.0004476616394264559,,,,,1,0,0
catchall_65_70,sensitivity,Capped,2040,still_waiting,category,EB-2,80,share_pct,1,0.0,,,,,0,1,0
catchall_65_70,sensitivity,Capped,2040,still_waiting,category,EB-3,60,share_pct,1,4.711125558159826,,,,,1,0,0
catchall_65_70,sensitivity,Capped,2040,still_waiting,category,EB-3,65,share_pct,1,0.5601272861028896,,,,,1,0,0
catchall_65_70,sensitivity,Capped,2040,still_waiting,category,EB-3,70,share_pct,1,0.013686677730064498,,,,,1,0,0
catchall_65_70,sensitivity,Capped,2040,still_waiting,category,EB-3,75,share_pct,1,0.00017108347162580624,,,,,1,0,0
catchall_65_70,sensitivity,Capped,2040,still_waiting,category,EB-3,80,share_pct,1,0.0,,,,,0,1,0
catchall_65_70,sensitivity,Capped,2040,still_waiting,category,EB-4,60,share_pct,1,1.8916803765652135,,,,,1,0,0
catchall_65_70,sensitivity,Capped,2040,still_waiting,category,EB-4,65,share_pct,1,0.32637175151570547,,,,,1,0,0
catchall_65_70,sensitivity,Capped,2040,still_waiting,category,EB-4,70,share_pct,1,0.00809264844773482,,,,,1,0,0
catchall_65_70,sensitivity,Capped,2040,still_waiting,category,EB-4,75,share_pct,1,0.0,,,,,0,1,0
catchall_65_70,sensitivity,Capped,2040,still_waiting,category,EB-4,80,share_pct,1,0.0,,,,,0,1,0
catchall_65_70,sensitivity,Capped,2040,still_waiting,category,EB-5,60,share_pct,1,1.065911791430768,,,,,1,0,0
catchall_65_70,sensitivity,Capped,2040,still_waiting,category,EB-5,65,share_pct,1,0.0,,,,,0,1,0
catchall_65_70,sensitivity,Capped,2040,still_waiting,category,EB-5,70,share_pct,1,0.0,,,,,0,1,0
catchall_65_70,sensitivity,Capped,2040,still_waiting,category,EB-5,75,share_pct,1,0.0,,,,,0,1,0
catchall_65_70,sensitivity,Capped,2040,still_waiting,category,EB-5,80,share_pct,1,0.0,,,,,0,1,0
catchall_65_70,sensitivity,Capped,2040,still_waiting,nationality,India,60,share_pct,1,8.200871038856272,,,,,1,0,0
catchall_65_70,sensitivity,Capped,2040,still_waiting,nationality,India,65,share_pct,1,1.0625784358427954,,,,,1,0,0
catchall_65_70,sensitivity,Capped,2040,still_waiting,nationality,India,70,share_pct,1,0.0276316588662123,,,,,1,0,0
catchall_65_70,sensitivity,Capped,2040,still_waiting,nationality,India,75,share_pct,1,0.0005132815888460488,,,,,1,0,0
catchall_65_70,sensitivity,Capped,2040,still_waiting,nationality,India,80,share_pct,1,0.0,,,,,0,1,0
catchall_65_70,sensitivity,Capped,2040,still_waiting,nationality,China,60,share_pct,1,3.1881090934585994,,,,,1,0,0
catchall_65_70,sensitivity,Capped,2040,still_waiting,nationality,China,65,share_pct,1,0.4450676575755451,,,,,1,0,0
catchall_65_70,sensitivity,Capped,2040,still_waiting,nationality,China,70,share_pct,1,0.008413377269859076,,,,,1,0,0
catchall_65_70,sensitivity,Capped,2040,still_waiting,nationality,China,75,share_pct,1,0.0,,,,,0,1,0
catchall_65_70,sensitivity,Capped,2040,still_waiting,nationality,China,80,share_pct,1,0.0,,,,,0,1,0
catchall_65_70,sensitivity,Capped,2040,still_waiting,nationality,ROW,60,share_pct,1,1.5412283081042712,,,,,1,0,0
catchall_65_70,sensitivity,Capped,2040,still_waiting,nationality,ROW,65,share_pct,1,0.2344484905845486,,,,,1,0,0
catchall_65_70,sensitivity,Capped,2040,still_waiting,nationality,ROW,70,share_pct,1,0.006059591756646795,,,,,1,0,0
catchall_65_70,sensitivity,Capped,2040,still_waiting,nationality,ROW,75,share_pct,1,0.0,,,,,0,1,0
catchall_65_70,sensitivity,Capped,2040,still_waiting,nationality,ROW,80,share_pct,1,0.0,,,,,0,1,0
