scenario,year,visas_consumed,visas_available,unused_visas,passed,case,role,seed
Uncapped,2009,140987,140987,0,True,catchall_60_65,primary,2014
Uncapped,2010,150262,150262,0,True,catchall_60_65,primary,2014
Uncapped,2011,139302,139302,0,True,catchall_60_65,primary,2014
Uncapped,2012,144647,144647,0,True,catchall_60_65,primary,2014
Uncapped,2013,161269,161269,0,True,catchall_60_65,primary,2014
Uncapped,2014,151359,151359,0,True,catchall_60_65,primary,2014
Uncapped,2015,143952,143952,0,True,catchall_60_65,primary,2014
Uncapped,2016,140350,140350,0,True,catchall_60_65,primary,2014
Uncapped,2017,139604,139604,0,True,catchall_60_65,primary,2014
Uncapped,2018,139483,139483,0,True,catchall_60_65,primary,2014
Uncapped,2019,140586,140586,0,True,catchall_60_65,primary,2014
Uncapped,2020,147153,147153,0,True,catchall_60_65,primary,2014
Uncapped,2021,195507,195507,0,True,catchall_60_65,primary,2014
Uncapped,2022,275250,275250,0,True,catchall_60_65,primary,2014
Uncapped,2023,193928,193928,0,True,catchall_60_65,primary,2014
Uncapped,2024,167394,167394,0,True,catchall_60_65,primary,2014
Uncapped,2025,167394,167394,0,True,catchall_60_65,primary,2014
Uncapped,2026,167394,167394,0,True,catchall_60_65,primary,2014
Uncapped,2027,167394,167394,0,True,catchall_60_65,primary,2014
Uncapped,2028,167394,167394,0,True,catchall_60_65,primary,2014
Uncapped,2029,167394,167394,0,True,catchall_60_65,primary,2014
Uncapped,2030,167394,167394,0,True,catchall_60_65,primary,2014
Uncapped,2031,167394,167394,0,True,catchall_60_65,primary,2014
Uncapped,2032,167394,167394,0,True,catchall_60_65,primary,2014
Uncapped,2033,167394,167394,0,True,catchall_60_65,primary,2014
Uncapped,2034,167394,167394,0,True,catchall_60_65,primary,2014
Uncapped,2035,167394,167394,0,True,catchall_60_65,primary,2014
Uncapped,2036,167394,167394,0,True,catchall_60_65,primary,2014
Uncapped,2037,167394,167394,0,True,catchall_60_65,primary,2014
Uncapped,2038,167394,167394,0,True,catchall_60_65,primary,2014
Uncapped,2039,167394,167394,0,True,catchall_60_65,primary,2014
Uncapped,2040,167394,167394,0,True,catchall_60_65,primary,2014
Capped,2009,140987,140987,0,True,catchall_60_65,primary,2014
Capped,2010,150262,150262,0,True,catchall_60_65,primary,2014
Capped,2011,139302,139302,0,True,catchall_60_65,primary,2014
Capped,2012,144647,144647,0,True,catchall_60_65,primary,2014
Capped,2013,161269,161269,0,True,catchall_60_65,primary,2014
Capped,2014,151359,151359,0,True,catchall_60_65,primary,2014
Capped,2015,143952,143952,0,True,catchall_60_65,primary,2014
Capped,2016,140350,140350,0,True,catchall_60_65,primary,2014
Capped,2017,139604,139604,0,True,catchall_60_65,primary,2014
Capped,2018,139483,139483,0,True,catchall_60_65,primary,2014
Capped,2019,140586,140586,0,True,catchall_60_65,primary,2014
Capped,2020,147153,147153,0,True,catchall_60_65,primary,2014
Capped,2021,195507,195507,0,True,catchall_60_65,primary,2014
Capped,2022,275250,275250,0,True,catchall_60_65,primary,2014
Capped,2023,193928,193928,0,True,catchall_60_65,primary,2014
Capped,2024,167394,167394,0,True,catchall_60_65,primary,2014
Capped,2025,167394,167394,0,True,catchall_60_65,primary,2014
Capped,2026,167394,167394,0,True,catchall_60_65,primary,2014
Capped,2027,167394,167394,0,True,catchall_60_65,primary,2014
Capped,2028,167394,167394,0,True,catchall_60_65,primary,2014
Capped,2029,167394,167394,0,True,catchall_60_65,primary,2014
Capped,2030,167394,167394,0,True,catchall_60_65,primary,2014
Capped,2031,167394,167394,0,True,catchall_60_65,primary,2014
Capped,2032,167394,167394,0,True,catchall_60_65,primary,2014
Capped,2033,167394,167394,0,True,catchall_60_65,primary,2014
Capped,2034,167394,167394,0,True,catchall_60_65,primary,2014
Capped,2035,167394,167394,0,True,catchall_60_65,primary,2014
Capped,2036,167394,167394,0,True,catchall_60_65,primary,2014
Capped,2037,167394,167394,0,True,catchall_60_65,primary,2014
Capped,2038,167394,167394,0,True,catchall_60_65,primary,2014
Capped,2039,167394,167394,0,True,catchall_60_65,primary,2014
Capped,2040,167394,167394,0,True,catchall_60_65,primary,2014
Uncapped,2009,140987,140987,0,True,catchall_60_65,primary,2015
Uncapped,2010,150262,150262,0,True,catchall_60_65,primary,2015
Uncapped,2011,139302,139302,0,True,catchall_60_65,primary,2015
Uncapped,2012,144647,144647,0,True,catchall_60_65,primary,2015
Uncapped,2013,161269,161269,0,True,catchall_60_65,primary,2015
Uncapped,2014,151359,151359,0,True,catchall_60_65,primary,2015
Uncapped,2015,143952,143952,0,True,catchall_60_65,primary,2015
Uncapped,2016,140350,140350,0,True,catchall_60_65,primary,2015
Uncapped,2017,139604,139604,0,True,catchall_60_65,primary,2015
Uncapped,2018,139483,139483,0,True,catchall_60_65,primary,2015
Uncapped,2019,140586,140586,0,True,catchall_60_65,primary,2015
Uncapped,2020,147153,147153,0,True,catchall_60_65,primary,2015
Uncapped,2021,195507,195507,0,True,catchall_60_65,primary,2015
Uncapped,2022,275250,275250,0,True,catchall_60_65,primary,2015
Uncapped,2023,193928,193928,0,True,catchall_60_65,primary,2015
Uncapped,2024,167394,167394,0,True,catchall_60_65,primary,2015
Uncapped,2025,167394,167394,0,True,catchall_60_65,primary,2015
Uncapped,2026,167394,167394,0,True,catchall_60_65,primary,2015
Uncapped,2027,167394,167394,0,True,catchall_60_65,primary,2015
Uncapped,2028,167394,167394,0,True,catchall_60_65,primary,2015
Uncapped,2029,167394,167394,0,True,catchall_60_65,primary,2015
Uncapped,2030,167394,167394,0,True,catchall_60_65,primary,2015
Uncapped,2031,167394,167394,0,True,catchall_60_65,primary,2015
Uncapped,2032,167394,167394,0,True,catchall_60_65,primary,2015
Uncapped,2033,167394,167394,0,True,catchall_60_65,primary,2015
Uncapped,2034,167394,167394,0,True,catchall_60_65,primary,2015
Uncapped,2035,167394,167394,0,True,catchall_60_65,primary,2015
Uncapped,2036,167394,167394,0,True,catchall_60_65,primary,2015
Uncapped,2037,167394,167394,0,True,catchall_60_65,primary,2015
Uncapped,2038,167394,167394,0,True,catchall_60_65,primary,2015
Uncapped,2039,167394,167394,0,True,catchall_60_65,primary,2015
Uncapped,2040,167394,167394,0,True,catchall_60_65,primary,2015
Capped,2009,140987,140987,0,True,catchall_60_65,primary,2015
Capped,2010,150262,150262,0,True,catchall_60_65,primary,2015
Capped,2011,139302,139302,0,True,catchall_60_65,primary,2015
Capped,2012,144647,144647,0,True,catchall_60_65,primary,2015
Capped,2013,161269,161269,0,True,catchall_60_65,primary,2015
Capped,2014,151359,151359,0,True,catchall_60_65,primary,2015
Capped,2015,143952,143952,0,True,catchall_60_65,primary,2015
Capped,2016,140350,140350,0,True,catchall_60_65,primary,2015
Capped,2017,139604,139604,0,True,catchall_60_65,primary,2015
Capped,2018,139483,139483,0,True,catchall_60_65,primary,2015
Capped,2019,140586,140586,0,True,catchall_60_65,primary,2015
Capped,2020,147153,147153,0,True,catchall_60_65,primary,2015
Capped,2021,195507,195507,0,True,catchall_60_65,primary,2015
Capped,2022,275250,275250,0,True,catchall_60_65,primary,2015
Capped,2023,193928,193928,0,True,catchall_60_65,primary,2015
Capped,2024,167394,167394,0,True,catchall_60_65,primary,2015
Capped,2025,167394,167394,0,True,catchall_60_65,primary,2015
Capped,2026,167394,167394,0,True,catchall_60_65,primary,2015
Capped,2027,167394,167394,0,True,catchall_60_65,primary,2015
Capped,2028,167394,167394,0,True,catchall_60_65,primary,2015
Capped,2029,167394,167394,0,True,catchall_60_65,primary,2015
Capped,2030,167394,167394,0,True,catchall_60_65,primary,2015
Capped,2031,167394,167394,0,True,catchall_60_65,primary,2015
Capped,2032,167394,167394,0,True,catchall_60_65,primary,2015
Capped,2033,167394,167394,0,True,catchall_60_65,primary,2015
Capped,2034,167394,167394,0,True,catchall_60_65,primary,2015
Capped,2035,167394,167394,0,True,catchall_60_65,primary,2015
Capped,2036,167394,167394,0,True,catchall_60_65,primary,2015
Capped,2037,167394,167394,0,True,catchall_60_65,primary,2015
Capped,2038,167394,167394,0,True,catchall_60_65,primary,2015
Capped,2039,167394,167394,0,True,catchall_60_65,primary,2015
Capped,2040,167394,167394,0,True,catchall_60_65,primary,2015
Uncapped,2009,140987,140987,0,True,catchall_60_65,primary,2016
Uncapped,2010,150262,150262,0,True,catchall_60_65,primary,2016
Uncapped,2011,139302,139302,0,True,catchall_60_65,primary,2016
Uncapped,2012,144647,144647,0,True,catchall_60_65,primary,2016
Uncapped,2013,161269,161269,0,True,catchall_60_65,primary,2016
Uncapped,2014,151359,151359,0,True,catchall_60_65,primary,2016
Uncapped,2015,143952,143952,0,True,catchall_60_65,primary,2016
Uncapped,2016,140350,140350,0,True,catchall_60_65,primary,2016
Uncapped,2017,139604,139604,0,True,catchall_60_65,primary,2016
Uncapped,2018,139483,139483,0,True,catchall_60_65,primary,2016
Uncapped,2019,140586,140586,0,True,catchall_60_65,primary,2016
Uncapped,2020,147153,147153,0,True,catchall_60_65,primary,2016
Uncapped,2021,195507,195507,0,True,catchall_60_65,primary,2016
Uncapped,2022,275250,275250,0,True,catchall_60_65,primary,2016
Uncapped,2023,193928,193928,0,True,catchall_60_65,primary,2016
Uncapped,2024,167394,167394,0,True,catchall_60_65,primary,2016
Uncapped,2025,167394,167394,0,True,catchall_60_65,primary,2016
Uncapped,2026,167394,167394,0,True,catchall_60_65,primary,2016
Uncapped,2027,167394,167394,0,True,catchall_60_65,primary,2016
Uncapped,2028,167394,167394,0,True,catchall_60_65,primary,2016
Uncapped,2029,167394,167394,0,True,catchall_60_65,primary,2016
Uncapped,2030,167394,167394,0,True,catchall_60_65,primary,2016
Uncapped,2031,167394,167394,0,True,catchall_60_65,primary,2016
Uncapped,2032,167394,167394,0,True,catchall_60_65,primary,2016
Uncapped,2033,167394,167394,0,True,catchall_60_65,primary,2016
Uncapped,2034,167394,167394,0,True,catchall_60_65,primary,2016
Uncapped,2035,167394,167394,0,True,catchall_60_65,primary,2016
Uncapped,2036,167394,167394,0,True,catchall_60_65,primary,2016
Uncapped,2037,167394,167394,0,True,catchall_60_65,primary,2016
Uncapped,2038,167394,167394,0,True,catchall_60_65,primary,2016
Uncapped,2039,167394,167394,0,True,catchall_60_65,primary,2016
Uncapped,2040,167394,167394,0,True,catchall_60_65,primary,2016
Capped,2009,140987,140987,0,True,catchall_60_65,primary,2016
Capped,2010,150262,150262,0,True,catchall_60_65,primary,2016
Capped,2011,139302,139302,0,True,catchall_60_65,primary,2016
Capped,2012,144647,144647,0,True,catchall_60_65,primary,2016
Capped,2013,161269,161269,0,True,catchall_60_65,primary,2016
Capped,2014,151359,151359,0,True,catchall_60_65,primary,2016
Capped,2015,143952,143952,0,True,catchall_60_65,primary,2016
Capped,2016,140350,140350,0,True,catchall_60_65,primary,2016
Capped,2017,139604,139604,0,True,catchall_60_65,primary,2016
Capped,2018,139483,139483,0,True,catchall_60_65,primary,2016
Capped,2019,140586,140586,0,True,catchall_60_65,primary,2016
Capped,2020,147153,147153,0,True,catchall_60_65,primary,2016
Capped,2021,195507,195507,0,True,catchall_60_65,primary,2016
Capped,2022,275250,275250,0,True,catchall_60_65,primary,2016
Capped,2023,193928,193928,0,True,catchall_60_65,primary,2016
Capped,2024,167394,167394,0,True,catchall_60_65,primary,2016
Capped,2025,167394,167394,0,True,catchall_60_65,primary,2016
Capped,2026,167394,167394,0,True,catchall_60_65,primary,2016
Capped,2027,167394,167394,0,True,catchall_60_65,primary,2016
Capped,2028,167394,167394,0,True,catchall_60_65,primary,2016
Capped,2029,167394,167394,0,True,catchall_60_65,primary,2016
Capped,2030,167394,167394,0,True,catchall_60_65,primary,2016
Capped,2031,167394,167394,0,True,catchall_60_65,primary,2016
Capped,2032,167394,167394,0,True,catchall_60_65,primary,2016
Capped,2033,167394,167394,0,True,catchall_60_65,primary,2016
Capped,2034,167394,167394,0,True,catchall_60_65,primary,2016
Capped,2035,167394,167394,0,True,catchall_60_65,primary,2016
Capped,2036,167394,167394,0,True,catchall_60_65,primary,2016
Capped,2037,167394,167394,0,True,catchall_60_65,primary,2016
Capped,2038,167394,167394,0,True,catchall_60_65,primary,2016
Capped,2039,167394,167394,0,True,catchall_60_65,primary,2016
Capped,2040,167394,167394,0,True,catchall_60_65,primary,2016
Uncapped,2009,140987,140987,0,True,catchall_60_65,primary,2017
Uncapped,2010,150262,150262,0,True,catchall_60_65,primary,2017
Uncapped,2011,139302,139302,0,True,catchall_60_65,primary,2017
Uncapped,2012,144647,144647,0,True,catchall_60_65,primary,2017
Uncapped,2013,161269,161269,0,True,catchall_60_65,primary,2017
Uncapped,2014,151359,151359,0,True,catchall_60_65,primary,2017
Uncapped,2015,143952,143952,0,True,catchall_60_65,primary,2017
Uncapped,2016,140350,140350,0,True,catchall_60_65,primary,2017
Uncapped,2017,139604,139604,0,True,catchall_60_65,primary,2017
Uncapped,2018,139483,139483,0,True,catchall_60_65,primary,2017
Uncapped,2019,140586,140586,0,True,catchall_60_65,primary,2017
Uncapped,2020,147153,147153,0,True,catchall_60_65,primary,2017
Uncapped,2021,195507,195507,0,True,catchall_60_65,primary,2017
Uncapped,2022,275250,275250,0,True,catchall_60_65,primary,2017
Uncapped,2023,193928,193928,0,True,catchall_60_65,primary,2017
Uncapped,2024,167394,167394,0,True,catchall_60_65,primary,2017
Uncapped,2025,167394,167394,0,True,catchall_60_65,primary,2017
Uncapped,2026,167394,167394,0,True,catchall_60_65,primary,2017
Uncapped,2027,167394,167394,0,True,catchall_60_65,primary,2017
Uncapped,2028,167394,167394,0,True,catchall_60_65,primary,2017
Uncapped,2029,167394,167394,0,True,catchall_60_65,primary,2017
Uncapped,2030,167394,167394,0,True,catchall_60_65,primary,2017
Uncapped,2031,167394,167394,0,True,catchall_60_65,primary,2017
Uncapped,2032,167394,167394,0,True,catchall_60_65,primary,2017
Uncapped,2033,167394,167394,0,True,catchall_60_65,primary,2017
Uncapped,2034,167394,167394,0,True,catchall_60_65,primary,2017
Uncapped,2035,167394,167394,0,True,catchall_60_65,primary,2017
Uncapped,2036,167394,167394,0,True,catchall_60_65,primary,2017
Uncapped,2037,167394,167394,0,True,catchall_60_65,primary,2017
Uncapped,2038,167394,167394,0,True,catchall_60_65,primary,2017
Uncapped,2039,167394,167394,0,True,catchall_60_65,primary,2017
Uncapped,2040,167394,167394,0,True,catchall_60_65,primary,2017
Capped,2009,140987,140987,0,True,catchall_60_65,primary,2017
Capped,2010,150262,150262,0,True,catchall_60_65,primary,2017
Capped,2011,139302,139302,0,True,catchall_60_65,primary,2017
Capped,2012,144647,144647,0,True,catchall_60_65,primary,2017
Capped,2013,161269,161269,0,True,catchall_60_65,primary,2017
Capped,2014,151359,151359,0,True,catchall_60_65,primary,2017
Capped,2015,143952,143952,0,True,catchall_60_65,primary,2017
Capped,2016,140350,140350,0,True,catchall_60_65,primary,2017
Capped,2017,139604,139604,0,True,catchall_60_65,primary,2017
Capped,2018,139483,139483,0,True,catchall_60_65,primary,2017
Capped,2019,140586,140586,0,True,catchall_60_65,primary,2017
Capped,2020,147153,147153,0,True,catchall_60_65,primary,2017
Capped,2021,195507,195507,0,True,catchall_60_65,primary,2017
Capped,2022,275250,275250,0,True,catchall_60_65,primary,2017
Capped,2023,193928,193928,0,True,catchall_60_65,primary,2017
Capped,2024,167394,167394,0,True,catchall_60_65,primary,2017
Capped,2025,167394,167394,0,True,catchall_60_65,primary,2017
Capped,2026,167394,167394,0,True,catchall_60_65,primary,2017
Capped,2027,167394,167394,0,True,catchall_60_65,primary,2017
Capped,2028,167394,167394,0,True,catchall_60_65,primary,2017
Capped,2029,167394,167394,0,True,catchall_60_65,primary,2017
Capped,2030,167394,167394,0,True,catchall_60_65,primary,2017
Capped,2031,167394,167394,0,True,catchall_60_65,primary,2017
Capped,2032,167394,167394,0,True,catchall_60_65,primary,2017
Capped,2033,167394,167394,0,True,catchall_60_65,primary,2017
Capped,2034,167394,167394,0,True,catchall_60_65,primary,2017
Capped,2035,167394,167394,0,True,catchall_60_65,primary,2017
Capped,2036,167394,167394,0,True,catchall_60_65,primary,2017
Capped,2037,167394,167394,0,True,catchall_60_65,primary,2017
Capped,2038,167394,167394,0,True,catchall_60_65,primary,2017
Capped,2039,167394,167394,0,True,catchall_60_65,primary,2017
Capped,2040,167394,167394,0,True,catchall_60_65,primary,2017
Uncapped,2009,140987,140987,0,True,catchall_60_65,primary,2018
Uncapped,2010,150262,150262,0,True,catchall_60_65,primary,2018
Uncapped,2011,139302,139302,0,True,catchall_60_65,primary,2018
Uncapped,2012,144647,144647,0,True,catchall_60_65,primary,2018
Uncapped,2013,161269,161269,0,True,catchall_60_65,primary,2018
Uncapped,2014,151359,151359,0,True,catchall_60_65,primary,2018
Uncapped,2015,143952,143952,0,True,catchall_60_65,primary,2018
Uncapped,2016,140350,140350,0,True,catchall_60_65,primary,2018
Uncapped,2017,139604,139604,0,True,catchall_60_65,primary,2018
Uncapped,2018,139483,139483,0,True,catchall_60_65,primary,2018
Uncapped,2019,140586,140586,0,True,catchall_60_65,primary,2018
Uncapped,2020,147153,147153,0,True,catchall_60_65,primary,2018
Uncapped,2021,195507,195507,0,True,catchall_60_65,primary,2018
Uncapped,2022,275250,275250,0,True,catchall_60_65,primary,2018
Uncapped,2023,193928,193928,0,True,catchall_60_65,primary,2018
Uncapped,2024,167394,167394,0,True,catchall_60_65,primary,2018
Uncapped,2025,167394,167394,0,True,catchall_60_65,primary,2018
Uncapped,2026,167394,167394,0,True,catchall_60_65,primary,2018
Uncapped,2027,167394,167394,0,True,catchall_60_65,primary,2018
Uncapped,2028,167394,167394,0,True,catchall_60_65,primary,2018
Uncapped,2029,167394,167394,0,True,catchall_60_65,primary,2018
Uncapped,2030,167394,167394,0,True,catchall_60_65,primary,2018
Uncapped,2031,167394,167394,0,True,catchall_60_65,primary,2018
Uncapped,2032,167394,167394,0,True,catchall_60_65,primary,2018
Uncapped,2033,167394,167394,0,True,catchall_60_65,primary,2018
Uncapped,2034,167394,167394,0,True,catchall_60_65,primary,2018
Uncapped,2035,167394,167394,0,True,catchall_60_65,primary,2018
Uncapped,2036,167394,167394,0,True,catchall_60_65,primary,2018
Uncapped,2037,167394,167394,0,True,catchall_60_65,primary,2018
Uncapped,2038,167394,167394,0,True,catchall_60_65,primary,2018
Uncapped,2039,167394,167394,0,True,catchall_60_65,primary,2018
Uncapped,2040,167394,167394,0,True,catchall_60_65,primary,2018
Capped,2009,140987,140987,0,True,catchall_60_65,primary,2018
Capped,2010,150262,150262,0,True,catchall_60_65,primary,2018
Capped,2011,139302,139302,0,True,catchall_60_65,primary,2018
Capped,2012,144647,144647,0,True,catchall_60_65,primary,2018
Capped,2013,161269,161269,0,True,catchall_60_65,primary,2018
Capped,2014,151359,151359,0,True,catchall_60_65,primary,2018
Capped,2015,143952,143952,0,True,catchall_60_65,primary,2018
Capped,2016,140350,140350,0,True,catchall_60_65,primary,2018
Capped,2017,139604,139604,0,True,catchall_60_65,primary,2018
Capped,2018,139483,139483,0,True,catchall_60_65,primary,2018
Capped,2019,140586,140586,0,True,catchall_60_65,primary,2018
Capped,2020,147153,147153,0,True,catchall_60_65,primary,2018
Capped,2021,195507,195507,0,True,catchall_60_65,primary,2018
Capped,2022,275250,275250,0,True,catchall_60_65,primary,2018
Capped,2023,193928,193928,0,True,catchall_60_65,primary,2018
Capped,2024,167394,167394,0,True,catchall_60_65,primary,2018
Capped,2025,167394,167394,0,True,catchall_60_65,primary,2018
Capped,2026,167394,167394,0,True,catchall_60_65,primary,2018
Capped,2027,167394,167394,0,True,catchall_60_65,primary,2018
Capped,2028,167394,167394,0,True,catchall_60_65,primary,2018
Capped,2029,167394,167394,0,True,catchall_60_65,primary,2018
Capped,2030,167394,167394,0,True,catchall_60_65,primary,2018
Capped,2031,167394,167394,0,True,catchall_60_65,primary,2018
Capped,2032,167394,167394,0,True,catchall_60_65,primary,2018
Capped,2033,167394,167394,0,True,catchall_60_65,primary,2018
Capped,2034,167394,167394,0,True,catchall_60_65,primary,2018
Capped,2035,167394,167394,0,True,catchall_60_65,primary,2018
Capped,2036,167394,167394,0,True,catchall_60_65,primary,2018
Capped,2037,167394,167394,0,True,catchall_60_65,primary,2018
Capped,2038,167394,167394,0,True,catchall_60_65,primary,2018
Capped,2039,167394,167394,0,True,catchall_60_65,primary,2018
Capped,2040,167394,167394,0,True,catchall_60_65,primary,2018
Uncapped,2009,140987,140987,0,True,catchall_60_65,primary,2019
Uncapped,2010,150262,150262,0,True,catchall_60_65,primary,2019
Uncapped,2011,139302,139302,0,True,catchall_60_65,primary,2019
Uncapped,2012,144647,144647,0,True,catchall_60_65,primary,2019
Uncapped,2013,161269,161269,0,True,catchall_60_65,primary,2019
Uncapped,2014,151359,151359,0,True,catchall_60_65,primary,2019
Uncapped,2015,143952,143952,0,True,catchall_60_65,primary,2019
Uncapped,2016,140350,140350,0,True,catchall_60_65,primary,2019
Uncapped,2017,139604,139604,0,True,catchall_60_65,primary,2019
Uncapped,2018,139483,139483,0,True,catchall_60_65,primary,2019
Uncapped,2019,140586,140586,0,True,catchall_60_65,primary,2019
Uncapped,2020,147153,147153,0,True,catchall_60_65,primary,2019
Uncapped,2021,195507,195507,0,True,catchall_60_65,primary,2019
Uncapped,2022,275250,275250,0,True,catchall_60_65,primary,2019
Uncapped,2023,193928,193928,0,True,catchall_60_65,primary,2019
Uncapped,2024,167394,167394,0,True,catchall_60_65,primary,2019
Uncapped,2025,167394,167394,0,True,catchall_60_65,primary,2019
Uncapped,2026,167394,167394,0,True,catchall_60_65,primary,2019
Uncapped,2027,167394,167394,0,True,catchall_60_65,primary,2019
Uncapped,2028,167394,167394,0,True,catchall_60_65,primary,2019
Uncapped,2029,167394,167394,0,True,catchall_60_65,primary,2019
Uncapped,2030,167394,167394,0,True,catchall_60_65,primary,2019
Uncapped,2031,167394,167394,0,True,catchall_60_65,primary,2019
Uncapped,2032,167394,167394,0,True,catchall_60_65,primary,2019
Uncapped,2033,167394,167394,0,True,catchall_60_65,primary,2019
Uncapped,2034,167394,167394,0,True,catchall_60_65,primary,2019
Uncapped,2035,167394,167394,0,True,catchall_60_65,primary,2019
Uncapped,2036,167394,167394,0,True,catchall_60_65,primary,2019
Uncapped,2037,167394,167394,0,True,catchall_60_65,primary,2019
Uncapped,2038,167394,167394,0,True,catchall_60_65,primary,2019
Uncapped,2039,167394,167394,0,True,catchall_60_65,primary,2019
Uncapped,2040,167394,167394,0,True,catchall_60_65,primary,2019
Capped,2009,140987,140987,0,True,catchall_60_65,primary,2019
Capped,2010,150262,150262,0,True,catchall_60_65,primary,2019
Capped,2011,139302,139302,0,True,catchall_60_65,primary,2019
Capped,2012,144647,144647,0,True,catchall_60_65,primary,2019
Capped,2013,161269,161269,0,True,catchall_60_65,primary,2019
Capped,2014,151359,151359,0,True,catchall_60_65,primary,2019
Capped,2015,143952,143952,0,True,catchall_60_65,primary,2019
Capped,2016,140350,140350,0,True,catchall_60_65,primary,2019
Capped,2017,139604,139604,0,True,catchall_60_65,primary,2019
Capped,2018,139483,139483,0,True,catchall_60_65,primary,2019
Capped,2019,140586,140586,0,True,catchall_60_65,primary,2019
Capped,2020,147153,147153,0,True,catchall_60_65,primary,2019
Capped,2021,195507,195507,0,True,catchall_60_65,primary,2019
Capped,2022,275250,275250,0,True,catchall_60_65,primary,2019
Capped,2023,193928,193928,0,True,catchall_60_65,primary,2019
Capped,2024,167394,167394,0,True,catchall_60_65,primary,2019
Capped,2025,167394,167394,0,True,catchall_60_65,primary,2019
Capped,2026,167394,167394,0,True,catchall_60_65,primary,2019
Capped,2027,167394,167394,0,True,catchall_60_65,primary,2019
Capped,2028,167394,167394,0,True,catchall_60_65,primary,2019
Capped,2029,167394,167394,0,True,catchall_60_65,primary,2019
Capped,2030,167394,167394,0,True,catchall_60_65,primary,2019
Capped,2031,167394,167394,0,True,catchall_60_65,primary,2019
Capped,2032,167394,167394,0,True,catchall_60_65,primary,2019
Capped,2033,167394,167394,0,True,catchall_60_65,primary,2019
Capped,2034,167394,167394,0,True,catchall_60_65,primary,2019
Capped,2035,167394,167394,0,True,catchall_60_65,primary,2019
Capped,2036,167394,167394,0,True,catchall_60_65,primary,2019
Capped,2037,167394,167394,0,True,catchall_60_65,primary,2019
Capped,2038,167394,167394,0,True,catchall_60_65,primary,2019
Capped,2039,167394,167394,0,True,catchall_60_65,primary,2019
Capped,2040,167394,167394,0,True,catchall_60_65,primary,2019
Uncapped,2009,140987,140987,0,True,catchall_60_65,primary,2020
Uncapped,2010,150262,150262,0,True,catchall_60_65,primary,2020
Uncapped,2011,139302,139302,0,True,catchall_60_65,primary,2020
Uncapped,2012,144647,144647,0,True,catchall_60_65,primary,2020
Uncapped,2013,161269,161269,0,True,catchall_60_65,primary,2020
Uncapped,2014,151359,151359,0,True,catchall_60_65,primary,2020
Uncapped,2015,143952,143952,0,True,catchall_60_65,primary,2020
Uncapped,2016,140350,140350,0,True,catchall_60_65,primary,2020
Uncapped,2017,139604,139604,0,True,catchall_60_65,primary,2020
Uncapped,2018,139483,139483,0,True,catchall_60_65,primary,2020
Uncapped,2019,140586,140586,0,True,catchall_60_65,primary,2020
Uncapped,2020,147153,147153,0,True,catchall_60_65,primary,2020
Uncapped,2021,195507,195507,0,True,catchall_60_65,primary,2020
Uncapped,2022,275250,275250,0,True,catchall_60_65,primary,2020
Uncapped,2023,193928,193928,0,True,catchall_60_65,primary,2020
Uncapped,2024,167394,167394,0,True,catchall_60_65,primary,2020
Uncapped,2025,167394,167394,0,True,catchall_60_65,primary,2020
Uncapped,2026,167394,167394,0,True,catchall_60_65,primary,2020
Uncapped,2027,167394,167394,0,True,catchall_60_65,primary,2020
Uncapped,2028,167394,167394,0,True,catchall_60_65,primary,2020
Uncapped,2029,167394,167394,0,True,catchall_60_65,primary,2020
Uncapped,2030,167394,167394,0,True,catchall_60_65,primary,2020
Uncapped,2031,167394,167394,0,True,catchall_60_65,primary,2020
Uncapped,2032,167394,167394,0,True,catchall_60_65,primary,2020
Uncapped,2033,167394,167394,0,True,catchall_60_65,primary,2020
Uncapped,2034,167394,167394,0,True,catchall_60_65,primary,2020
Uncapped,2035,167394,167394,0,True,catchall_60_65,primary,2020
Uncapped,2036,167394,167394,0,True,catchall_60_65,primary,2020
Uncapped,2037,167394,167394,0,True,catchall_60_65,primary,2020
Uncapped,2038,167394,167394,0,True,catchall_60_65,primary,2020
Uncapped,2039,167394,167394,0,True,catchall_60_65,primary,2020
Uncapped,2040,167394,167394,0,True,catchall_60_65,primary,2020
Capped,2009,140987,140987,0,True,catchall_60_65,primary,2020
Capped,2010,150262,150262,0,True,catchall_60_65,primary,2020
Capped,2011,139302,139302,0,True,catchall_60_65,primary,2020
Capped,2012,144647,144647,0,True,catchall_60_65,primary,2020
Capped,2013,161269,161269,0,True,catchall_60_65,primary,2020
Capped,2014,151359,151359,0,True,catchall_60_65,primary,2020
Capped,2015,143952,143952,0,True,catchall_60_65,primary,2020
Capped,2016,140350,140350,0,True,catchall_60_65,primary,2020
Capped,2017,139604,139604,0,True,catchall_60_65,primary,2020
Capped,2018,139483,139483,0,True,catchall_60_65,primary,2020
Capped,2019,140586,140586,0,True,catchall_60_65,primary,2020
Capped,2020,147153,147153,0,True,catchall_60_65,primary,2020
Capped,2021,195507,195507,0,True,catchall_60_65,primary,2020
Capped,2022,275250,275250,0,True,catchall_60_65,primary,2020
Capped,2023,193928,193928,0,True,catchall_60_65,primary,2020
Capped,2024,167394,167394,0,True,catchall_60_65,primary,2020
Capped,2025,167394,167394,0,True,catchall_60_65,primary,2020
Capped,2026,167394,167394,0,True,catchall_60_65,primary,2020
Capped,2027,167394,167394,0,True,catchall_60_65,primary,2020
Capped,2028,167394,167394,0,True,catchall_60_65,primary,2020
Capped,2029,167394,167394,0,True,catchall_60_65,primary,2020
Capped,2030,167394,167394,0,True,catchall_60_65,primary,2020
Capped,2031,167394,167394,0,True,catchall_60_65,primary,2020
Capped,2032,167394,167394,0,True,catchall_60_65,primary,2020
Capped,2033,167394,167394,0,True,catchall_60_65,primary,2020
Capped,2034,167394,167394,0,True,catchall_60_65,primary,2020
Capped,2035,167394,167394,0,True,catchall_60_65,primary,2020
Capped,2036,167394,167394,0,True,catchall_60_65,primary,2020
Capped,2037,167394,167394,0,True,catchall_60_65,primary,2020
Capped,2038,167394,167394,0,True,catchall_60_65,primary,2020
Capped,2039,167394,167394,0,True,catchall_60_65,primary,2020
Capped,2040,167394,167394,0,True,catchall_60_65,primary,2020
Uncapped,2009,140987,140987,0,True,catchall_60_65,primary,2021
Uncapped,2010,150262,150262,0,True,catchall_60_65,primary,2021
Uncapped,2011,139302,139302,0,True,catchall_60_65,primary,2021
Uncapped,2012,144647,144647,0,True,catchall_60_65,primary,2021
Uncapped,2013,161269,161269,0,True,catchall_60_65,primary,2021
Uncapped,2014,151359,151359,0,True,catchall_60_65,primary,2021
Uncapped,2015,143952,143952,0,True,catchall_60_65,primary,2021
Uncapped,2016,140350,140350,0,True,catchall_60_65,primary,2021
Uncapped,2017,139604,139604,0,True,catchall_60_65,primary,2021
Uncapped,2018,139483,139483,0,True,catchall_60_65,primary,2021
Uncapped,2019,140586,140586,0,True,catchall_60_65,primary,2021
Uncapped,2020,147153,147153,0,True,catchall_60_65,primary,2021
Uncapped,2021,195507,195507,0,True,catchall_60_65,primary,2021
Uncapped,2022,275250,275250,0,True,catchall_60_65,primary,2021
Uncapped,2023,193928,193928,0,True,catchall_60_65,primary,2021
Uncapped,2024,167394,167394,0,True,catchall_60_65,primary,2021
Uncapped,2025,167394,167394,0,True,catchall_60_65,primary,2021
Uncapped,2026,167394,167394,0,True,catchall_60_65,primary,2021
Uncapped,2027,167394,167394,0,True,catchall_60_65,primary,2021
Uncapped,2028,167394,167394,0,True,catchall_60_65,primary,2021
Uncapped,2029,167394,167394,0,True,catchall_60_65,primary,2021
Uncapped,2030,167394,167394,0,True,catchall_60_65,primary,2021
Uncapped,2031,167394,167394,0,True,catchall_60_65,primary,2021
Uncapped,2032,167394,167394,0,True,catchall_60_65,primary,2021
Uncapped,2033,167394,167394,0,True,catchall_60_65,primary,2021
Uncapped,2034,167394,167394,0,True,catchall_60_65,primary,2021
Uncapped,2035,167394,167394,0,True,catchall_60_65,primary,2021
Uncapped,2036,167394,167394,0,True,catchall_60_65,primary,2021
Uncapped,2037,167394,167394,0,True,catchall_60_65,primary,2021
Uncapped,2038,167394,167394,0,True,catchall_60_65,primary,2021
Uncapped,2039,167394,167394,0,True,catchall_60_65,primary,2021
Uncapped,2040,167394,167394,0,True,catchall_60_65,primary,2021
Capped,2009,140987,140987,0,True,catchall_60_65,primary,2021
Capped,2010,150262,150262,0,True,catchall_60_65,primary,2021
Capped,2011,139302,139302,0,True,catchall_60_65,primary,2021
Capped,2012,144647,144647,0,True,catchall_60_65,primary,2021
Capped,2013,161269,161269,0,True,catchall_60_65,primary,2021
Capped,2014,151359,151359,0,True,catchall_60_65,primary,2021
Capped,2015,143952,143952,0,True,catchall_60_65,primary,2021
Capped,2016,140350,140350,0,True,catchall_60_65,primary,2021
Capped,2017,139604,139604,0,True,catchall_60_65,primary,2021
Capped,2018,139483,139483,0,True,catchall_60_65,primary,2021
Capped,2019,140586,140586,0,True,catchall_60_65,primary,2021
Capped,2020,147153,147153,0,True,catchall_60_65,primary,2021
Capped,2021,195507,195507,0,True,catchall_60_65,primary,2021
Capped,2022,275250,275250,0,True,catchall_60_65,primary,2021
Capped,2023,193928,193928,0,True,catchall_60_65,primary,2021
Capped,2024,167394,167394,0,True,catchall_60_65,primary,2021
Capped,2025,167394,167394,0,True,catchall_60_65,primary,2021
Capped,2026,167394,167394,0,True,catchall_60_65,primary,2021
Capped,2027,167394,167394,0,True,catchall_60_65,primary,2021
Capped,2028,167394,167394,0,True,catchall_60_65,primary,2021
Capped,2029,167394,167394,0,True,catchall_60_65,primary,2021
Capped,2030,167394,167394,0,True,catchall_60_65,primary,2021
Capped,2031,167394,167394,0,True,catchall_60_65,primary,2021
Capped,2032,167394,167394,0,True,catchall_60_65,primary,2021
Capped,2033,167394,167394,0,True,catchall_60_65,primary,2021
Capped,2034,167394,167394,0,True,catchall_60_65,primary,2021
Capped,2035,167394,167394,0,True,catchall_60_65,primary,2021
Capped,2036,167394,167394,0,True,catchall_60_65,primary,2021
Capped,2037,167394,167394,0,True,catchall_60_65,primary,2021
Capped,2038,167394,167394,0,True,catchall_60_65,primary,2021
Capped,2039,167394,167394,0,True,catchall_60_65,primary,2021
Capped,2040,167394,167394,0,True,catchall_60_65,primary,2021
Uncapped,2009,140987,140987,0,True,catchall_60_65,primary,2022
Uncapped,2010,150262,150262,0,True,catchall_60_65,primary,2022
Uncapped,2011,139302,139302,0,True,catchall_60_65,primary,2022
Uncapped,2012,144647,144647,0,True,catchall_60_65,primary,2022
Uncapped,2013,161269,161269,0,True,catchall_60_65,primary,2022
Uncapped,2014,151359,151359,0,True,catchall_60_65,primary,2022
Uncapped,2015,143952,143952,0,True,catchall_60_65,primary,2022
Uncapped,2016,140350,140350,0,True,catchall_60_65,primary,2022
Uncapped,2017,139604,139604,0,True,catchall_60_65,primary,2022
Uncapped,2018,139483,139483,0,True,catchall_60_65,primary,2022
Uncapped,2019,140586,140586,0,True,catchall_60_65,primary,2022
Uncapped,2020,147153,147153,0,True,catchall_60_65,primary,2022
Uncapped,2021,195507,195507,0,True,catchall_60_65,primary,2022
Uncapped,2022,275250,275250,0,True,catchall_60_65,primary,2022
Uncapped,2023,193928,193928,0,True,catchall_60_65,primary,2022
Uncapped,2024,167394,167394,0,True,catchall_60_65,primary,2022
Uncapped,2025,167394,167394,0,True,catchall_60_65,primary,2022
Uncapped,2026,167394,167394,0,True,catchall_60_65,primary,2022
Uncapped,2027,167394,167394,0,True,catchall_60_65,primary,2022
Uncapped,2028,167394,167394,0,True,catchall_60_65,primary,2022
Uncapped,2029,167394,167394,0,True,catchall_60_65,primary,2022
Uncapped,2030,167394,167394,0,True,catchall_60_65,primary,2022
Uncapped,2031,167394,167394,0,True,catchall_60_65,primary,2022
Uncapped,2032,167394,167394,0,True,catchall_60_65,primary,2022
Uncapped,2033,167394,167394,0,True,catchall_60_65,primary,2022
Uncapped,2034,167394,167394,0,True,catchall_60_65,primary,2022
Uncapped,2035,167394,167394,0,True,catchall_60_65,primary,2022
Uncapped,2036,167394,167394,0,True,catchall_60_65,primary,2022
Uncapped,2037,167394,167394,0,True,catchall_60_65,primary,2022
Uncapped,2038,167394,167394,0,True,catchall_60_65,primary,2022
Uncapped,2039,167394,167394,0,True,catchall_60_65,primary,2022
Uncapped,2040,167394,167394,0,True,catchall_60_65,primary,2022
Capped,2009,140987,140987,0,True,catchall_60_65,primary,2022
Capped,2010,150262,150262,0,True,catchall_60_65,primary,2022
Capped,2011,139302,139302,0,True,catchall_60_65,primary,2022
Capped,2012,144647,144647,0,True,catchall_60_65,primary,2022
Capped,2013,161269,161269,0,True,catchall_60_65,primary,2022
Capped,2014,151359,151359,0,True,catchall_60_65,primary,2022
Capped,2015,143952,143952,0,True,catchall_60_65,primary,2022
Capped,2016,140350,140350,0,True,catchall_60_65,primary,2022
Capped,2017,139604,139604,0,True,catchall_60_65,primary,2022
Capped,2018,139483,139483,0,True,catchall_60_65,primary,2022
Capped,2019,140586,140586,0,True,catchall_60_65,primary,2022
Capped,2020,147153,147153,0,True,catchall_60_65,primary,2022
Capped,2021,195507,195507,0,True,catchall_60_65,primary,2022
Capped,2022,275250,275250,0,True,catchall_60_65,primary,2022
Capped,2023,193928,193928,0,True,catchall_60_65,primary,2022
Capped,2024,167394,167394,0,True,catchall_60_65,primary,2022
Capped,2025,167394,167394,0,True,catchall_60_65,primary,2022
Capped,2026,167394,167394,0,True,catchall_60_65,primary,2022
Capped,2027,167394,167394,0,True,catchall_60_65,primary,2022
Capped,2028,167394,167394,0,True,catchall_60_65,primary,2022
Capped,2029,167394,167394,0,True,catchall_60_65,primary,2022
Capped,2030,167394,167394,0,True,catchall_60_65,primary,2022
Capped,2031,167394,167394,0,True,catchall_60_65,primary,2022
Capped,2032,167394,167394,0,True,catchall_60_65,primary,2022
Capped,2033,167394,167394,0,True,catchall_60_65,primary,2022
Capped,2034,167394,167394,0,True,catchall_60_65,primary,2022
Capped,2035,167394,167394,0,True,catchall_60_65,primary,2022
Capped,2036,167394,167394,0,True,catchall_60_65,primary,2022
Capped,2037,167394,167394,0,True,catchall_60_65,primary,2022
Capped,2038,167394,167394,0,True,catchall_60_65,primary,2022
Capped,2039,167394,167394,0,True,catchall_60_65,primary,2022
Capped,2040,167394,167394,0,True,catchall_60_65,primary,2022
Uncapped,2009,140987,140987,0,True,catchall_60_65,primary,2023
Uncapped,2010,150262,150262,0,True,catchall_60_65,primary,2023
Uncapped,2011,139302,139302,0,True,catchall_60_65,primary,2023
Uncapped,2012,144647,144647,0,True,catchall_60_65,primary,2023
Uncapped,2013,161269,161269,0,True,catchall_60_65,primary,2023
Uncapped,2014,151359,151359,0,True,catchall_60_65,primary,2023
Uncapped,2015,143952,143952,0,True,catchall_60_65,primary,2023
Uncapped,2016,140350,140350,0,True,catchall_60_65,primary,2023
Uncapped,2017,139604,139604,0,True,catchall_60_65,primary,2023
Uncapped,2018,139483,139483,0,True,catchall_60_65,primary,2023
Uncapped,2019,140586,140586,0,True,catchall_60_65,primary,2023
Uncapped,2020,147153,147153,0,True,catchall_60_65,primary,2023
Uncapped,2021,195507,195507,0,True,catchall_60_65,primary,2023
Uncapped,2022,275250,275250,0,True,catchall_60_65,primary,2023
Uncapped,2023,193928,193928,0,True,catchall_60_65,primary,2023
Uncapped,2024,167394,167394,0,True,catchall_60_65,primary,2023
Uncapped,2025,167394,167394,0,True,catchall_60_65,primary,2023
Uncapped,2026,167394,167394,0,True,catchall_60_65,primary,2023
Uncapped,2027,167394,167394,0,True,catchall_60_65,primary,2023
Uncapped,2028,167394,167394,0,True,catchall_60_65,primary,2023
Uncapped,2029,167394,167394,0,True,catchall_60_65,primary,2023
Uncapped,2030,167394,167394,0,True,catchall_60_65,primary,2023
Uncapped,2031,167394,167394,0,True,catchall_60_65,primary,2023
Uncapped,2032,167394,167394,0,True,catchall_60_65,primary,2023
Uncapped,2033,167394,167394,0,True,catchall_60_65,primary,2023
Uncapped,2034,167394,167394,0,True,catchall_60_65,primary,2023
Uncapped,2035,167394,167394,0,True,catchall_60_65,primary,2023
Uncapped,2036,167394,167394,0,True,catchall_60_65,primary,2023
Uncapped,2037,167394,167394,0,True,catchall_60_65,primary,2023
Uncapped,2038,167394,167394,0,True,catchall_60_65,primary,2023
Uncapped,2039,167394,167394,0,True,catchall_60_65,primary,2023
Uncapped,2040,167394,167394,0,True,catchall_60_65,primary,2023
Capped,2009,140987,140987,0,True,catchall_60_65,primary,2023
Capped,2010,150262,150262,0,True,catchall_60_65,primary,2023
Capped,2011,139302,139302,0,True,catchall_60_65,primary,2023
Capped,2012,144647,144647,0,True,catchall_60_65,primary,2023
Capped,2013,161269,161269,0,True,catchall_60_65,primary,2023
Capped,2014,151359,151359,0,True,catchall_60_65,primary,2023
Capped,2015,143952,143952,0,True,catchall_60_65,primary,2023
Capped,2016,140350,140350,0,True,catchall_60_65,primary,2023
Capped,2017,139604,139604,0,True,catchall_60_65,primary,2023
Capped,2018,139483,139483,0,True,catchall_60_65,primary,2023
Capped,2019,140586,140586,0,True,catchall_60_65,primary,2023
Capped,2020,147153,147153,0,True,catchall_60_65,primary,2023
Capped,2021,195507,195507,0,True,catchall_60_65,primary,2023
Capped,2022,275250,275250,0,True,catchall_60_65,primary,2023
Capped,2023,193928,193928,0,True,catchall_60_65,primary,2023
Capped,2024,167394,167394,0,True,catchall_60_65,primary,2023
Capped,2025,167394,167394,0,True,catchall_60_65,primary,2023
Capped,2026,167394,167394,0,True,catchall_60_65,primary,2023
Capped,2027,167394,167394,0,True,catchall_60_65,primary,2023
Capped,2028,167394,167394,0,True,catchall_60_65,primary,2023
Capped,2029,167394,167394,0,True,catchall_60_65,primary,2023
Capped,2030,167394,167394,0,True,catchall_60_65,primary,2023
Capped,2031,167394,167394,0,True,catchall_60_65,primary,2023
Capped,2032,167394,167394,0,True,catchall_60_65,primary,2023
Capped,2033,167394,167394,0,True,catchall_60_65,primary,2023
Capped,2034,167394,167394,0,True,catchall_60_65,primary,2023
Capped,2035,167394,167394,0,True,catchall_60_65,primary,2023
Capped,2036,167394,167394,0,True,catchall_60_65,primary,2023
Capped,2037,167394,167394,0,True,catchall_60_65,primary,2023
Capped,2038,167394,167394,0,True,catchall_60_65,primary,2023
Capped,2039,167394,167394,0,True,catchall_60_65,primary,2023
Capped,2040,167394,167394,0,True,catchall_60_65,primary,2023
Uncapped,2009,140987,140987,0,True,catchall_60_65,primary,2024
Uncapped,2010,150262,150262,0,True,catchall_60_65,primary,2024
Uncapped,2011,139302,139302,0,True,catchall_60_65,primary,2024
Uncapped,2012,144647,144647,0,True,catchall_60_65,primary,2024
Uncapped,2013,161269,161269,0,True,catchall_60_65,primary,2024
Uncapped,2014,151359,151359,0,True,catchall_60_65,primary,2024
Uncapped,2015,143952,143952,0,True,catchall_60_65,primary,2024
Uncapped,2016,140350,140350,0,True,catchall_60_65,primary,2024
Uncapped,2017,139604,139604,0,True,catchall_60_65,primary,2024
Uncapped,2018,139483,139483,0,True,catchall_60_65,primary,2024
Uncapped,2019,140586,140586,0,True,catchall_60_65,primary,2024
Uncapped,2020,147153,147153,0,True,catchall_60_65,primary,2024
Uncapped,2021,195507,195507,0,True,catchall_60_65,primary,2024
Uncapped,2022,275250,275250,0,True,catchall_60_65,primary,2024
Uncapped,2023,193928,193928,0,True,catchall_60_65,primary,2024
Uncapped,2024,167394,167394,0,True,catchall_60_65,primary,2024
Uncapped,2025,167394,167394,0,True,catchall_60_65,primary,2024
Uncapped,2026,167394,167394,0,True,catchall_60_65,primary,2024
Uncapped,2027,167394,167394,0,True,catchall_60_65,primary,2024
Uncapped,2028,167394,167394,0,True,catchall_60_65,primary,2024
Uncapped,2029,167394,167394,0,True,catchall_60_65,primary,2024
Uncapped,2030,167394,167394,0,True,catchall_60_65,primary,2024
Uncapped,2031,167394,167394,0,True,catchall_60_65,primary,2024
Uncapped,2032,167394,167394,0,True,catchall_60_65,primary,2024
Uncapped,2033,167394,167394,0,True,catchall_60_65,primary,2024
Uncapped,2034,167394,167394,0,True,catchall_60_65,primary,2024
Uncapped,2035,167394,167394,0,True,catchall_60_65,primary,2024
Uncapped,2036,167394,167394,0,True,catchall_60_65,primary,2024
Uncapped,2037,167394,167394,0,True,catchall_60_65,primary,2024
Uncapped,2038,167394,167394,0,True,catchall_60_65,primary,2024
Uncapped,2039,167394,167394,0,True,catchall_60_65,primary,2024
Uncapped,2040,167394,167394,0,True,catchall_60_65,primary,2024
Capped,2009,140987,140987,0,True,catchall_60_65,primary,2024
Capped,2010,150262,150262,0,True,catchall_60_65,primary,2024
Capped,2011,139302,139302,0,True,catchall_60_65,primary,2024
Capped,2012,144647,144647,0,True,catchall_60_65,primary,2024
Capped,2013,161269,161269,0,True,catchall_60_65,primary,2024
Capped,2014,151359,151359,0,True,catchall_60_65,primary,2024
Capped,2015,143952,143952,0,True,catchall_60_65,primary,2024
Capped,2016,140350,140350,0,True,catchall_60_65,primary,2024
Capped,2017,139604,139604,0,True,catchall_60_65,primary,2024
Capped,2018,139483,139483,0,True,catchall_60_65,primary,2024
Capped,2019,140586,140586,0,True,catchall_60_65,primary,2024
Capped,2020,147153,147153,0,True,catchall_60_65,primary,2024
Capped,2021,195507,195507,0,True,catchall_60_65,primary,2024
Capped,2022,275250,275250,0,True,catchall_60_65,primary,2024
Capped,2023,193928,193928,0,True,catchall_60_65,primary,2024
Capped,2024,167394,167394,0,True,catchall_60_65,primary,2024
Capped,2025,167394,167394,0,True,catchall_60_65,primary,2024
Capped,2026,167394,167394,0,True,catchall_60_65,primary,2024
Capped,2027,167394,167394,0,True,catchall_60_65,primary,2024
Capped,2028,167394,167394,0,True,catchall_60_65,primary,2024
Capped,2029,167394,167394,0,True,catchall_60_65,primary,2024
Capped,2030,167394,167394,0,True,catchall_60_65,primary,2024
Capped,2031,167394,167394,0,True,catchall_60_65,primary,2024
Capped,2032,167394,167394,0,True,catchall_60_65,primary,2024
Capped,2033,167394,167394,0,True,catchall_60_65,primary,2024
Capped,2034,167394,167394,0,True,catchall_60_65,primary,2024
Capped,2035,167394,167394,0,True,catchall_60_65,primary,2024
Capped,2036,167394,167394,0,True,catchall_60_65,primary,2024
Capped,2037,167394,167394,0,True,catchall_60_65,primary,2024
Capped,2038,167394,167394,0,True,catchall_60_65,primary,2024
Capped,2039,167394,167394,0,True,catchall_60_65,primary,2024
Capped,2040,167394,167394,0,True,catchall_60_65,primary,2024
Uncapped,2009,140987,140987,0,True,catchall_60_65,primary,2025
Uncapped,2010,150262,150262,0,True,catchall_60_65,primary,2025
Uncapped,2011,139302,139302,0,True,catchall_60_65,primary,2025
Uncapped,2012,144647,144647,0,True,catchall_60_65,primary,2025
Uncapped,2013,161269,161269,0,True,catchall_60_65,primary,2025
Uncapped,2014,151359,151359,0,True,catchall_60_65,primary,2025
Uncapped,2015,143952,143952,0,True,catchall_60_65,primary,2025
Uncapped,2016,140350,140350,0,True,catchall_60_65,primary,2025
Uncapped,2017,139604,139604,0,True,catchall_60_65,primary,2025
Uncapped,2018,139483,139483,0,True,catchall_60_65,primary,2025
Uncapped,2019,140586,140586,0,True,catchall_60_65,primary,2025
Uncapped,2020,147153,147153,0,True,catchall_60_65,primary,2025
Uncapped,2021,195507,195507,0,True,catchall_60_65,primary,2025
Uncapped,2022,275250,275250,0,True,catchall_60_65,primary,2025
Uncapped,2023,193928,193928,0,True,catchall_60_65,primary,2025
Uncapped,2024,167394,167394,0,True,catchall_60_65,primary,2025
Uncapped,2025,167394,167394,0,True,catchall_60_65,primary,2025
Uncapped,2026,167394,167394,0,True,catchall_60_65,primary,2025
Uncapped,2027,167394,167394,0,True,catchall_60_65,primary,2025
Uncapped,2028,167394,167394,0,True,catchall_60_65,primary,2025
Uncapped,2029,167394,167394,0,True,catchall_60_65,primary,2025
Uncapped,2030,167394,167394,0,True,catchall_60_65,primary,2025
Uncapped,2031,167394,167394,0,True,catchall_60_65,primary,2025
Uncapped,2032,167394,167394,0,True,catchall_60_65,primary,2025
Uncapped,2033,167394,167394,0,True,catchall_60_65,primary,2025
Uncapped,2034,167394,167394,0,True,catchall_60_65,primary,2025
Uncapped,2035,167394,167394,0,True,catchall_60_65,primary,2025
Uncapped,2036,167394,167394,0,True,catchall_60_65,primary,2025
Uncapped,2037,167394,167394,0,True,catchall_60_65,primary,2025
Uncapped,2038,167394,167394,0,True,catchall_60_65,primary,2025
Uncapped,2039,167394,167394,0,True,catchall_60_65,primary,2025
Uncapped,2040,167394,167394,0,True,catchall_60_65,primary,2025
Capped,2009,140987,140987,0,True,catchall_60_65,primary,2025
Capped,2010,150262,150262,0,True,catchall_60_65,primary,2025
Capped,2011,139302,139302,0,True,catchall_60_65,primary,2025
Capped,2012,144647,144647,0,True,catchall_60_65,primary,2025
Capped,2013,161269,161269,0,True,catchall_60_65,primary,2025
Capped,2014,151359,151359,0,True,catchall_60_65,primary,2025
Capped,2015,143952,143952,0,True,catchall_60_65,primary,2025
Capped,2016,140350,140350,0,True,catchall_60_65,primary,2025
Capped,2017,139604,139604,0,True,catchall_60_65,primary,2025
Capped,2018,139483,139483,0,True,catchall_60_65,primary,2025
Capped,2019,140586,140586,0,True,catchall_60_65,primary,2025
Capped,2020,147153,147153,0,True,catchall_60_65,primary,2025
Capped,2021,195507,195507,0,True,catchall_60_65,primary,2025
Capped,2022,275250,275250,0,True,catchall_60_65,primary,2025
Capped,2023,193928,193928,0,True,catchall_60_65,primary,2025
Capped,2024,167394,167394,0,True,catchall_60_65,primary,2025
Capped,2025,167394,167394,0,True,catchall_60_65,primary,2025
Capped,2026,167394,167394,0,True,catchall_60_65,primary,2025
Capped,2027,167394,167394,0,True,catchall_60_65,primary,2025
Capped,2028,167394,167394,0,True,catchall_60_65,primary,2025
Capped,2029,167394,167394,0,True,catchall_60_65,primary,2025
Capped,2030,167394,167394,0,True,catchall_60_65,primary,2025
Capped,2031,167394,167394,0,True,catchall_60_65,primary,2025
Capped,2032,167394,167394,0,True,catchall_60_65,primary,2025
Capped,2033,167394,167394,0,True,catchall_60_65,primary,2025
Capped,2034,167394,167394,0,True,catchall_60_65,primary,2025
Capped,2035,167394,167394,0,True,catchall_60_65,primary,2025
Capped,2036,167394,167394,0,True,catchall_60_65,primary,2025
Capped,2037,167394,167394,0,True,catchall_60_65,primary,2025
Capped,2038,167394,167394,0,True,catchall_60_65,primary,2025
Capped,2039,167394,167394,0,True,catchall_60_65,primary,2025
Capped,2040,167394,167394,0,True,catchall_60_65,primary,2025
Uncapped,2009,140987,140987,0,True,catchall_60_65,primary,2026
Uncapped,2010,150262,150262,0,True,catchall_60_65,primary,2026
Uncapped,2011,139302,139302,0,True,catchall_60_65,primary,2026
Uncapped,2012,144647,144647,0,True,catchall_60_65,primary,2026
Uncapped,2013,161269,161269,0,True,catchall_60_65,primary,2026
Uncapped,2014,151359,151359,0,True,catchall_60_65,primary,2026
Uncapped,2015,143952,143952,0,True,catchall_60_65,primary,2026
Uncapped,2016,140350,140350,0,True,catchall_60_65,primary,2026
Uncapped,2017,139604,139604,0,True,catchall_60_65,primary,2026
Uncapped,2018,139483,139483,0,True,catchall_60_65,primary,2026
Uncapped,2019,140586,140586,0,True,catchall_60_65,primary,2026
Uncapped,2020,147153,147153,0,True,catchall_60_65,primary,2026
Uncapped,2021,195507,195507,0,True,catchall_60_65,primary,2026
Uncapped,2022,275250,275250,0,True,catchall_60_65,primary,2026
Uncapped,2023,193928,193928,0,True,catchall_60_65,primary,2026
Uncapped,2024,167394,167394,0,True,catchall_60_65,primary,2026
Uncapped,2025,167394,167394,0,True,catchall_60_65,primary,2026
Uncapped,2026,167394,167394,0,True,catchall_60_65,primary,2026
Uncapped,2027,167394,167394,0,True,catchall_60_65,primary,2026
Uncapped,2028,167394,167394,0,True,catchall_60_65,primary,2026
Uncapped,2029,167394,167394,0,True,catchall_60_65,primary,2026
Uncapped,2030,167394,167394,0,True,catchall_60_65,primary,2026
Uncapped,2031,167394,167394,0,True,catchall_60_65,primary,2026
Uncapped,2032,167394,167394,0,True,catchall_60_65,primary,2026
Uncapped,2033,167394,167394,0,True,catchall_60_65,primary,2026
Uncapped,2034,167394,167394,0,True,catchall_60_65,primary,2026
Uncapped,2035,167394,167394,0,True,catchall_60_65,primary,2026
Uncapped,2036,167394,167394,0,True,catchall_60_65,primary,2026
Uncapped,2037,167394,167394,0,True,catchall_60_65,primary,2026
Uncapped,2038,167394,167394,0,True,catchall_60_65,primary,2026
Uncapped,2039,167394,167394,0,True,catchall_60_65,primary,2026
Uncapped,2040,167394,167394,0,True,catchall_60_65,primary,2026
Capped,2009,140987,140987,0,True,catchall_60_65,primary,2026
Capped,2010,150262,150262,0,True,catchall_60_65,primary,2026
Capped,2011,139302,139302,0,True,catchall_60_65,primary,2026
Capped,2012,144647,144647,0,True,catchall_60_65,primary,2026
Capped,2013,161269,161269,0,True,catchall_60_65,primary,2026
Capped,2014,151359,151359,0,True,catchall_60_65,primary,2026
Capped,2015,143952,143952,0,True,catchall_60_65,primary,2026
Capped,2016,140350,140350,0,True,catchall_60_65,primary,2026
Capped,2017,139604,139604,0,True,catchall_60_65,primary,2026
Capped,2018,139483,139483,0,True,catchall_60_65,primary,2026
Capped,2019,140586,140586,0,True,catchall_60_65,primary,2026
Capped,2020,147153,147153,0,True,catchall_60_65,primary,2026
Capped,2021,195507,195507,0,True,catchall_60_65,primary,2026
Capped,2022,275250,275250,0,True,catchall_60_65,primary,2026
Capped,2023,193928,193928,0,True,catchall_60_65,primary,2026
Capped,2024,167394,167394,0,True,catchall_60_65,primary,2026
Capped,2025,167394,167394,0,True,catchall_60_65,primary,2026
Capped,2026,167394,167394,0,True,catchall_60_65,primary,2026
Capped,2027,167394,167394,0,True,catchall_60_65,primary,2026
Capped,2028,167394,167394,0,True,catchall_60_65,primary,2026
Capped,2029,167394,167394,0,True,catchall_60_65,primary,2026
Capped,2030,167394,167394,0,True,catchall_60_65,primary,2026
Capped,2031,167394,167394,0,True,catchall_60_65,primary,2026
Capped,2032,167394,167394,0,True,catchall_60_65,primary,2026
Capped,2033,167394,167394,0,True,catchall_60_65,primary,2026
Capped,2034,167394,167394,0,True,catchall_60_65,primary,2026
Capped,2035,167394,167394,0,True,catchall_60_65,primary,2026
Capped,2036,167394,167394,0,True,catchall_60_65,primary,2026
Capped,2037,167394,167394,0,True,catchall_60_65,primary,2026
Capped,2038,167394,167394,0,True,catchall_60_65,primary,2026
Capped,2039,167394,167394,0,True,catchall_60_65,primary,2026
Capped,2040,167394,167394,0,True,catchall_60_65,primary,2026
Uncapped,2009,140987,140987,0,True,catchall_60_65,primary,2027
Uncapped,2010,150262,150262,0,True,catchall_60_65,primary,2027
Uncapped,2011,139302,139302,0,True,catchall_60_65,primary,2027
Uncapped,2012,144647,144647,0,True,catchall_60_65,primary,2027
Uncapped,2013,161269,161269,0,True,catchall_60_65,primary,2027
Uncapped,2014,151359,151359,0,True,catchall_60_65,primary,2027
Uncapped,2015,143952,143952,0,True,catchall_60_65,primary,2027
Uncapped,2016,140350,140350,0,True,catchall_60_65,primary,2027
Uncapped,2017,139604,139604,0,True,catchall_60_65,primary,2027
Uncapped,2018,139483,139483,0,True,catchall_60_65,primary,2027
Uncapped,2019,140586,140586,0,True,catchall_60_65,primary,2027
Uncapped,2020,147153,147153,0,True,catchall_60_65,primary,2027
Uncapped,2021,195507,195507,0,True,catchall_60_65,primary,2027
Uncapped,2022,275250,275250,0,True,catchall_60_65,primary,2027
Uncapped,2023,193928,193928,0,True,catchall_60_65,primary,2027
Uncapped,2024,167394,167394,0,True,catchall_60_65,primary,2027
Uncapped,2025,167394,167394,0,True,catchall_60_65,primary,2027
Uncapped,2026,167394,167394,0,True,catchall_60_65,primary,2027
Uncapped,2027,167394,167394,0,True,catchall_60_65,primary,2027
Uncapped,2028,167394,167394,0,True,catchall_60_65,primary,2027
Uncapped,2029,167394,167394,0,True,catchall_60_65,primary,2027
Uncapped,2030,167394,167394,0,True,catchall_60_65,primary,2027
Uncapped,2031,167394,167394,0,True,catchall_60_65,primary,2027
Uncapped,2032,167394,167394,0,True,catchall_60_65,primary,2027
Uncapped,2033,167394,167394,0,True,catchall_60_65,primary,2027
Uncapped,2034,167394,167394,0,True,catchall_60_65,primary,2027
Uncapped,2035,167394,167394,0,True,catchall_60_65,primary,2027
Uncapped,2036,167394,167394,0,True,catchall_60_65,primary,2027
Uncapped,2037,167394,167394,0,True,catchall_60_65,primary,2027
Uncapped,2038,167394,167394,0,True,catchall_60_65,primary,2027
Uncapped,2039,167394,167394,0,True,catchall_60_65,primary,2027
Uncapped,2040,167394,167394,0,True,catchall_60_65,primary,2027
Capped,2009,140987,140987,0,True,catchall_60_65,primary,2027
Capped,2010,150262,150262,0,True,catchall_60_65,primary,2027
Capped,2011,139302,139302,0,True,catchall_60_65,primary,2027
Capped,2012,144647,144647,0,True,catchall_60_65,primary,2027
Capped,2013,161269,161269,0,True,catchall_60_65,primary,2027
Capped,2014,151359,151359,0,True,catchall_60_65,primary,2027
Capped,2015,143952,143952,0,True,catchall_60_65,primary,2027
Capped,2016,140350,140350,0,True,catchall_60_65,primary,2027
Capped,2017,139604,139604,0,True,catchall_60_65,primary,2027
Capped,2018,139483,139483,0,True,catchall_60_65,primary,2027
Capped,2019,140586,140586,0,True,catchall_60_65,primary,2027
Capped,2020,147153,147153,0,True,catchall_60_65,primary,2027
Capped,2021,195507,195507,0,True,catchall_60_65,primary,2027
Capped,2022,275250,275250,0,True,catchall_60_65,primary,2027
Capped,2023,193928,193928,0,True,catchall_60_65,primary,2027
Capped,2024,167394,167394,0,True,catchall_60_65,primary,2027
Capped,2025,167394,167394,0,True,catchall_60_65,primary,2027
Capped,2026,167394,167394,0,True,catchall_60_65,primary,2027
Capped,2027,167394,167394,0,True,catchall_60_65,primary,2027
Capped,2028,167394,167394,0,True,catchall_60_65,primary,2027
Capped,2029,167394,167394,0,True,catchall_60_65,primary,2027
Capped,2030,167394,167394,0,True,catchall_60_65,primary,2027
Capped,2031,167394,167394,0,True,catchall_60_65,primary,2027
Capped,2032,167394,167394,0,True,catchall_60_65,primary,2027
Capped,2033,167394,167394,0,True,catchall_60_65,primary,2027
Capped,2034,167394,167394,0,True,catchall_60_65,primary,2027
Capped,2035,167394,167394,0,True,catchall_60_65,primary,2027
Capped,2036,167394,167394,0,True,catchall_60_65,primary,2027
Capped,2037,167394,167394,0,True,catchall_60_65,primary,2027
Capped,2038,167394,167394,0,True,catchall_60_65,primary,2027
Capped,2039,167394,167394,0,True,catchall_60_65,primary,2027
Capped,2040,167394,167394,0,True,catchall_60_65,primary,2027
Uncapped,2009,140987,140987,0,True,catchall_60_65,primary,2028
Uncapped,2010,150262,150262,0,True,catchall_60_65,primary,2028
Uncapped,2011,139302,139302,0,True,catchall_60_65,primary,2028
Uncapped,2012,144647,144647,0,True,catchall_60_65,primary,2028
Uncapped,2013,161269,161269,0,True,catchall_60_65,primary,2028
Uncapped,2014,151359,151359,0,True,catchall_60_65,primary,2028
Uncapped,2015,143952,143952,0,True,catchall_60_65,primary,2028
Uncapped,2016,140350,140350,0,True,catchall_60_65,primary,2028
Uncapped,2017,139604,139604,0,True,catchall_60_65,primary,2028
Uncapped,2018,139483,139483,0,True,catchall_60_65,primary,2028
Uncapped,2019,140586,140586,0,True,catchall_60_65,primary,2028
Uncapped,2020,147153,147153,0,True,catchall_60_65,primary,2028
Uncapped,2021,195507,195507,0,True,catchall_60_65,primary,2028
Uncapped,2022,275250,275250,0,True,catchall_60_65,primary,2028
Uncapped,2023,193928,193928,0,True,catchall_60_65,primary,2028
Uncapped,2024,167394,167394,0,True,catchall_60_65,primary,2028
Uncapped,2025,167394,167394,0,True,catchall_60_65,primary,2028
Uncapped,2026,167394,167394,0,True,catchall_60_65,primary,2028
Uncapped,2027,167394,167394,0,True,catchall_60_65,primary,2028
Uncapped,2028,167394,167394,0,True,catchall_60_65,primary,2028
Uncapped,2029,167394,167394,0,True,catchall_60_65,primary,2028
Uncapped,2030,167394,167394,0,True,catchall_60_65,primary,2028
Uncapped,2031,167394,167394,0,True,catchall_60_65,primary,2028
Uncapped,2032,167394,167394,0,True,catchall_60_65,primary,2028
Uncapped,2033,167394,167394,0,True,catchall_60_65,primary,2028
Uncapped,2034,167394,167394,0,True,catchall_60_65,primary,2028
Uncapped,2035,167394,167394,0,True,catchall_60_65,primary,2028
Uncapped,2036,167394,167394,0,True,catchall_60_65,primary,2028
Uncapped,2037,167394,167394,0,True,catchall_60_65,primary,2028
Uncapped,2038,167394,167394,0,True,catchall_60_65,primary,2028
Uncapped,2039,167394,167394,0,True,catchall_60_65,primary,2028
Uncapped,2040,167394,167394,0,True,catchall_60_65,primary,2028
Capped,2009,140987,140987,0,True,catchall_60_65,primary,2028
Capped,2010,150262,150262,0,True,catchall_60_65,primary,2028
Capped,2011,139302,139302,0,True,catchall_60_65,primary,2028
Capped,2012,144647,144647,0,True,catchall_60_65,primary,2028
Capped,2013,161269,161269,0,True,catchall_60_65,primary,2028
Capped,2014,151359,151359,0,True,catchall_60_65,primary,2028
Capped,2015,143952,143952,0,True,catchall_60_65,primary,2028
Capped,2016,140350,140350,0,True,catchall_60_65,primary,2028
Capped,2017,139604,139604,0,True,catchall_60_65,primary,2028
Capped,2018,139483,139483,0,True,catchall_60_65,primary,2028
Capped,2019,140586,140586,0,True,catchall_60_65,primary,2028
Capped,2020,147153,147153,0,True,catchall_60_65,primary,2028
Capped,2021,195507,195507,0,True,catchall_60_65,primary,2028
Capped,2022,275250,275250,0,True,catchall_60_65,primary,2028
Capped,2023,193928,193928,0,True,catchall_60_65,primary,2028
Capped,2024,167394,167394,0,True,catchall_60_65,primary,2028
Capped,2025,167394,167394,0,True,catchall_60_65,primary,2028
Capped,2026,167394,167394,0,True,catchall_60_65,primary,2028
Capped,2027,167394,167394,0,True,catchall_60_65,primary,2028
Capped,2028,167394,167394,0,True,catchall_60_65,primary,2028
Capped,2029,167394,167394,0,True,catchall_60_65,primary,2028
Capped,2030,167394,167394,0,True,catchall_60_65,primary,2028
Capped,2031,167394,167394,0,True,catchall_60_65,primary,2028
Capped,2032,167394,167394,0,True,catchall_60_65,primary,2028
Capped,2033,167394,167394,0,True,catchall_60_65,primary,2028
Capped,2034,167394,167394,0,True,catchall_60_65,primary,2028
Capped,2035,167394,167394,0,True,catchall_60_65,primary,2028
Capped,2036,167394,167394,0,True,catchall_60_65,primary,2028
Capped,2037,167394,167394,0,True,catchall_60_65,primary,2028
Capped,2038,167394,167394,0,True,catchall_60_65,primary,2028
Capped,2039,167394,167394,0,True,catchall_60_65,primary,2028
Capped,2040,167394,167394,0,True,catchall_60_65,primary,2028
Uncapped,2009,140987,140987,0,True,catchall_60_65,primary,2029
Uncapped,2010,150262,150262,0,True,catchall_60_65,primary,2029
Uncapped,2011,139302,139302,0,True,catchall_60_65,primary,2029
Uncapped,2012,144647,144647,0,True,catchall_60_65,primary,2029
Uncapped,2013,161269,161269,0,True,catchall_60_65,primary,2029
Uncapped,2014,151359,151359,0,True,catchall_60_65,primary,2029
Uncapped,2015,143952,143952,0,True,catchall_60_65,primary,2029
Uncapped,2016,140350,140350,0,True,catchall_60_65,primary,2029
Uncapped,2017,139604,139604,0,True,catchall_60_65,primary,2029
Uncapped,2018,139483,139483,0,True,catchall_60_65,primary,2029
Uncapped,2019,140586,140586,0,True,catchall_60_65,primary,2029
Uncapped,2020,147153,147153,0,True,catchall_60_65,primary,2029
Uncapped,2021,195507,195507,0,True,catchall_60_65,primary,2029
Uncapped,2022,275250,275250,0,True,catchall_60_65,primary,2029
Uncapped,2023,193928,193928,0,True,catchall_60_65,primary,2029
Uncapped,2024,167394,167394,0,True,catchall_60_65,primary,2029
Uncapped,2025,167394,167394,0,True,catchall_60_65,primary,2029
Uncapped,2026,167394,167394,0,True,catchall_60_65,primary,2029
Uncapped,2027,167394,167394,0,True,catchall_60_65,primary,2029
Uncapped,2028,167394,167394,0,True,catchall_60_65,primary,2029
Uncapped,2029,167394,167394,0,True,catchall_60_65,primary,2029
Uncapped,2030,167394,167394,0,True,catchall_60_65,primary,2029
Uncapped,2031,167394,167394,0,True,catchall_60_65,primary,2029
Uncapped,2032,167394,167394,0,True,catchall_60_65,primary,2029
Uncapped,2033,167394,167394,0,True,catchall_60_65,primary,2029
Uncapped,2034,167394,167394,0,True,catchall_60_65,primary,2029
Uncapped,2035,167394,167394,0,True,catchall_60_65,primary,2029
Uncapped,2036,167394,167394,0,True,catchall_60_65,primary,2029
Uncapped,2037,167394,167394,0,True,catchall_60_65,primary,2029
Uncapped,2038,167394,167394,0,True,catchall_60_65,primary,2029
Uncapped,2039,167394,167394,0,True,catchall_60_65,primary,2029
Uncapped,2040,167394,167394,0,True,catchall_60_65,primary,2029
Capped,2009,140987,140987,0,True,catchall_60_65,primary,2029
Capped,2010,150262,150262,0,True,catchall_60_65,primary,2029
Capped,2011,139302,139302,0,True,catchall_60_65,primary,2029
Capped,2012,144647,144647,0,True,catchall_60_65,primary,2029
Capped,2013,161269,161269,0,True,catchall_60_65,primary,2029
Capped,2014,151359,151359,0,True,catchall_60_65,primary,2029
Capped,2015,143952,143952,0,True,catchall_60_65,primary,2029
Capped,2016,140350,140350,0,True,catchall_60_65,primary,2029
Capped,2017,139604,139604,0,True,catchall_60_65,primary,2029
Capped,2018,139483,139483,0,True,catchall_60_65,primary,2029
Capped,2019,140586,140586,0,True,catchall_60_65,primary,2029
Capped,2020,147153,147153,0,True,catchall_60_65,primary,2029
Capped,2021,195507,195507,0,True,catchall_60_65,primary,2029
Capped,2022,275250,275250,0,True,catchall_60_65,primary,2029
Capped,2023,193928,193928,0,True,catchall_60_65,primary,2029
Capped,2024,167394,167394,0,True,catchall_60_65,primary,2029
Capped,2025,167394,167394,0,True,catchall_60_65,primary,2029
Capped,2026,167394,167394,0,True,catchall_60_65,primary,2029
Capped,2027,167394,167394,0,True,catchall_60_65,primary,2029
Capped,2028,167394,167394,0,True,catchall_60_65,primary,2029
Capped,2029,167394,167394,0,True,catchall_60_65,primary,2029
Capped,2030,167394,167394,0,True,catchall_60_65,primary,2029
Capped,2031,167394,167394,0,True,catchall_60_65,primary,2029
Capped,2032,167394,167394,0,True,catchall_60_65,primary,2029
Capped,2033,167394,167394,0,True,catchall_60_65,primary,2029
Capped,2034,167394,167394,0,True,catchall_60_65,primary,2029
Capped,2035,167394,167394,0,True,catchall_60_65,primary,2029
Capped,2036,167394,167394,0,True,catchall_60_65,primary,2029
Capped,2037,167394,167394,0,True,catchall_60_65,primary,2029
Capped,2038,167394,167394,0,True,catchall_60_65,primary,2029
Capped,2039,167394,167394,0,True,catchall_60_65,primary,2029
Capped,2040,167394,167394,0,True,catchall_60_65,primary,2029
Uncapped,2009,140987,140987,0,True,catchall_60_65,primary,2030
Uncapped,2010,150262,150262,0,True,catchall_60_65,primary,2030
Uncapped,2011,139302,139302,0,True,catchall_60_65,primary,2030
Uncapped,2012,144647,144647,0,True,catchall_60_65,primary,2030
Uncapped,2013,161269,161269,0,True,catchall_60_65,primary,2030
Uncapped,2014,151359,151359,0,True,catchall_60_65,primary,2030
Uncapped,2015,143952,143952,0,True,catchall_60_65,primary,2030
Uncapped,2016,140350,140350,0,True,catchall_60_65,primary,2030
Uncapped,2017,139604,139604,0,True,catchall_60_65,primary,2030
Uncapped,2018,139483,139483,0,True,catchall_60_65,primary,2030
Uncapped,2019,140586,140586,0,True,catchall_60_65,primary,2030
Uncapped,2020,147153,147153,0,True,catchall_60_65,primary,2030
Uncapped,2021,195507,195507,0,True,catchall_60_65,primary,2030
Uncapped,2022,275250,275250,0,True,catchall_60_65,primary,2030
Uncapped,2023,193928,193928,0,True,catchall_60_65,primary,2030
Uncapped,2024,167394,167394,0,True,catchall_60_65,primary,2030
Uncapped,2025,167394,167394,0,True,catchall_60_65,primary,2030
Uncapped,2026,167394,167394,0,True,catchall_60_65,primary,2030
Uncapped,2027,167394,167394,0,True,catchall_60_65,primary,2030
Uncapped,2028,167394,167394,0,True,catchall_60_65,primary,2030
Uncapped,2029,167394,167394,0,True,catchall_60_65,primary,2030
Uncapped,2030,167394,167394,0,True,catchall_60_65,primary,2030
Uncapped,2031,167394,167394,0,True,catchall_60_65,primary,2030
Uncapped,2032,167394,167394,0,True,catchall_60_65,primary,2030
Uncapped,2033,167394,167394,0,True,catchall_60_65,primary,2030
Uncapped,2034,167394,167394,0,True,catchall_60_65,primary,2030
Uncapped,2035,167394,167394,0,True,catchall_60_65,primary,2030
Uncapped,2036,167394,167394,0,True,catchall_60_65,primary,2030
Uncapped,2037,167394,167394,0,True,catchall_60_65,primary,2030
Uncapped,2038,167394,167394,0,True,catchall_60_65,primary,2030
Uncapped,2039,167394,167394,0,True,catchall_60_65,primary,2030
Uncapped,2040,167394,167394,0,True,catchall_60_65,primary,2030
Capped,2009,140987,140987,0,True,catchall_60_65,primary,2030
Capped,2010,150262,150262,0,True,catchall_60_65,primary,2030
Capped,2011,139302,139302,0,True,catchall_60_65,primary,2030
Capped,2012,144647,144647,0,True,catchall_60_65,primary,2030
Capped,2013,161269,161269,0,True,catchall_60_65,primary,2030
Capped,2014,151359,151359,0,True,catchall_60_65,primary,2030
Capped,2015,143952,143952,0,True,catchall_60_65,primary,2030
Capped,2016,140350,140350,0,True,catchall_60_65,primary,2030
Capped,2017,139604,139604,0,True,catchall_60_65,primary,2030
Capped,2018,139483,139483,0,True,catchall_60_65,primary,2030
Capped,2019,140586,140586,0,True,catchall_60_65,primary,2030
Capped,2020,147153,147153,0,True,catchall_60_65,primary,2030
Capped,2021,195507,195507,0,True,catchall_60_65,primary,2030
Capped,2022,275250,275250,0,True,catchall_60_65,primary,2030
Capped,2023,193928,193928,0,True,catchall_60_65,primary,2030
Capped,2024,167394,167394,0,True,catchall_60_65,primary,2030
Capped,2025,167394,167394,0,True,catchall_60_65,primary,2030
Capped,2026,167394,167394,0,True,catchall_60_65,primary,2030
Capped,2027,167394,167394,0,True,catchall_60_65,primary,2030
Capped,2028,167394,167394,0,True,catchall_60_65,primary,2030
Capped,2029,167394,167394,0,True,catchall_60_65,primary,2030
Capped,2030,167394,167394,0,True,catchall_60_65,primary,2030
Capped,2031,167394,167394,0,True,catchall_60_65,primary,2030
Capped,2032,167394,167394,0,True,catchall_60_65,primary,2030
Capped,2033,167394,167394,0,True,catchall_60_65,primary,2030
Capped,2034,167394,167394,0,True,catchall_60_65,primary,2030
Capped,2035,167394,167394,0,True,catchall_60_65,primary,2030
Capped,2036,167394,167394,0,True,catchall_60_65,primary,2030
Capped,2037,167394,167394,0,True,catchall_60_65,primary,2030
Capped,2038,167394,167394,0,True,catchall_60_65,primary,2030
Capped,2039,167394,167394,0,True,catchall_60_65,primary,2030
Capped,2040,167394,167394,0,True,catchall_60_65,primary,2030
Uncapped,2009,140987,140987,0,True,catchall_60_65,primary,2031
Uncapped,2010,150262,150262,0,True,catchall_60_65,primary,2031
Uncapped,2011,139302,139302,0,True,catchall_60_65,primary,2031
Uncapped,2012,144647,144647,0,True,catchall_60_65,primary,2031
Uncapped,2013,161269,161269,0,True,catchall_60_65,primary,2031
Uncapped,2014,151359,151359,0,True,catchall_60_65,primary,2031
Uncapped,2015,143952,143952,0,True,catchall_60_65,primary,2031
Uncapped,2016,140350,140350,0,True,catchall_60_65,primary,2031
Uncapped,2017,139604,139604,0,True,catchall_60_65,primary,2031
Uncapped,2018,139483,139483,0,True,catchall_60_65,primary,2031
Uncapped,2019,140586,140586,0,True,catchall_60_65,primary,2031
Uncapped,2020,147153,147153,0,True,catchall_60_65,primary,2031
Uncapped,2021,195507,195507,0,True,catchall_60_65,primary,2031
Uncapped,2022,275250,275250,0,True,catchall_60_65,primary,2031
Uncapped,2023,193928,193928,0,True,catchall_60_65,primary,2031
Uncapped,2024,167394,167394,0,True,catchall_60_65,primary,2031
Uncapped,2025,167394,167394,0,True,catchall_60_65,primary,2031
Uncapped,2026,167394,167394,0,True,catchall_60_65,primary,2031
Uncapped,2027,167394,167394,0,True,catchall_60_65,primary,2031
Uncapped,2028,167394,167394,0,True,catchall_60_65,primary,2031
Uncapped,2029,167394,167394,0,True,catchall_60_65,primary,2031
Uncapped,2030,167394,167394,0,True,catchall_60_65,primary,2031
Uncapped,2031,167394,167394,0,True,catchall_60_65,primary,2031
Uncapped,2032,167394,167394,0,True,catchall_60_65,primary,2031
Uncapped,2033,167394,167394,0,True,catchall_60_65,primary,2031
Uncapped,2034,167394,167394,0,True,catchall_60_65,primary,2031
Uncapped,2035,167394,167394,0,True,catchall_60_65,primary,2031
Uncapped,2036,167394,167394,0,True,catchall_60_65,primary,2031
Uncapped,2037,167394,167394,0,True,catchall_60_65,primary,2031
Uncapped,2038,167394,167394,0,True,catchall_60_65,primary,2031
Uncapped,2039,167394,167394,0,True,catchall_60_65,primary,2031
Uncapped,2040,167394,167394,0,True,catchall_60_65,primary,2031
Capped,2009,140987,140987,0,True,catchall_60_65,primary,2031
Capped,2010,150262,150262,0,True,catchall_60_65,primary,2031
Capped,2011,139302,139302,0,True,catchall_60_65,primary,2031
Capped,2012,144647,144647,0,True,catchall_60_65,primary,2031
Capped,2013,161269,161269,0,True,catchall_60_65,primary,2031
Capped,2014,151359,151359,0,True,catchall_60_65,primary,2031
Capped,2015,143952,143952,0,True,catchall_60_65,primary,2031
Capped,2016,140350,140350,0,True,catchall_60_65,primary,2031
Capped,2017,139604,139604,0,True,catchall_60_65,primary,2031
Capped,2018,139483,139483,0,True,catchall_60_65,primary,2031
Capped,2019,140586,140586,0,True,catchall_60_65,primary,2031
Capped,2020,147153,147153,0,True,catchall_60_65,primary,2031
Capped,2021,195507,195507,0,True,catchall_60_65,primary,2031
Capped,2022,275250,275250,0,True,catchall_60_65,primary,2031
Capped,2023,193928,193928,0,True,catchall_60_65,primary,2031
Capped,2024,167394,167394,0,True,catchall_60_65,primary,2031
Capped,2025,167394,167394,0,True,catchall_60_65,primary,2031
Capped,2026,167394,167394,0,True,catchall_60_65,primary,2031
Capped,2027,167394,167394,0,True,catchall_60_65,primary,2031
Capped,2028,167394,167394,0,True,catchall_60_65,primary,2031
Capped,2029,167394,167394,0,True,catchall_60_65,primary,2031
Capped,2030,167394,167394,0,True,catchall_60_65,primary,2031
Capped,2031,167394,167394,0,True,catchall_60_65,primary,2031
Capped,2032,167394,167394,0,True,catchall_60_65,primary,2031
Capped,2033,167394,167394,0,True,catchall_60_65,primary,2031
Capped,2034,167394,167394,0,True,catchall_60_65,primary,2031
Capped,2035,167394,167394,0,True,catchall_60_65,primary,2031
Capped,2036,167394,167394,0,True,catchall_60_65,primary,2031
Capped,2037,167394,167394,0,True,catchall_60_65,primary,2031
Capped,2038,167394,167394,0,True,catchall_60_65,primary,2031
Capped,2039,167394,167394,0,True,catchall_60_65,primary,2031
Capped,2040,167394,167394,0,True,catchall_60_65,primary,2031
Uncapped,2009,140987,140987,0,True,catchall_60_65,primary,2032
Uncapped,2010,150262,150262,0,True,catchall_60_65,primary,2032
Uncapped,2011,139302,139302,0,True,catchall_60_65,primary,2032
Uncapped,2012,144647,144647,0,True,catchall_60_65,primary,2032
Uncapped,2013,161269,161269,0,True,catchall_60_65,primary,2032
Uncapped,2014,151359,151359,0,True,catchall_60_65,primary,2032
Uncapped,2015,143952,143952,0,True,catchall_60_65,primary,2032
Uncapped,2016,140350,140350,0,True,catchall_60_65,primary,2032
Uncapped,2017,139604,139604,0,True,catchall_60_65,primary,2032
Uncapped,2018,139483,139483,0,True,catchall_60_65,primary,2032
Uncapped,2019,140586,140586,0,True,catchall_60_65,primary,2032
Uncapped,2020,147153,147153,0,True,catchall_60_65,primary,2032
Uncapped,2021,195507,195507,0,True,catchall_60_65,primary,2032
Uncapped,2022,275250,275250,0,True,catchall_60_65,primary,2032
Uncapped,2023,193928,193928,0,True,catchall_60_65,primary,2032
Uncapped,2024,167394,167394,0,True,catchall_60_65,primary,2032
Uncapped,2025,167394,167394,0,True,catchall_60_65,primary,2032
Uncapped,2026,167394,167394,0,True,catchall_60_65,primary,2032
Uncapped,2027,167394,167394,0,True,catchall_60_65,primary,2032
Uncapped,2028,167394,167394,0,True,catchall_60_65,primary,2032
Uncapped,2029,167394,167394,0,True,catchall_60_65,primary,2032
Uncapped,2030,167394,167394,0,True,catchall_60_65,primary,2032
Uncapped,2031,167394,167394,0,True,catchall_60_65,primary,2032
Uncapped,2032,167394,167394,0,True,catchall_60_65,primary,2032
Uncapped,2033,167394,167394,0,True,catchall_60_65,primary,2032
Uncapped,2034,167394,167394,0,True,catchall_60_65,primary,2032
Uncapped,2035,167394,167394,0,True,catchall_60_65,primary,2032
Uncapped,2036,167394,167394,0,True,catchall_60_65,primary,2032
Uncapped,2037,167394,167394,0,True,catchall_60_65,primary,2032
Uncapped,2038,167394,167394,0,True,catchall_60_65,primary,2032
Uncapped,2039,167394,167394,0,True,catchall_60_65,primary,2032
Uncapped,2040,167394,167394,0,True,catchall_60_65,primary,2032
Capped,2009,140987,140987,0,True,catchall_60_65,primary,2032
Capped,2010,150262,150262,0,True,catchall_60_65,primary,2032
Capped,2011,139302,139302,0,True,catchall_60_65,primary,2032
Capped,2012,144647,144647,0,True,catchall_60_65,primary,2032
Capped,2013,161269,161269,0,True,catchall_60_65,primary,2032
Capped,2014,151359,151359,0,True,catchall_60_65,primary,2032
Capped,2015,143952,143952,0,True,catchall_60_65,primary,2032
Capped,2016,140350,140350,0,True,catchall_60_65,primary,2032
Capped,2017,139604,139604,0,True,catchall_60_65,primary,2032
Capped,2018,139483,139483,0,True,catchall_60_65,primary,2032
Capped,2019,140586,140586,0,True,catchall_60_65,primary,2032
Capped,2020,147153,147153,0,True,catchall_60_65,primary,2032
Capped,2021,195507,195507,0,True,catchall_60_65,primary,2032
Capped,2022,275250,275250,0,True,catchall_60_65,primary,2032
Capped,2023,193928,193928,0,True,catchall_60_65,primary,2032
Capped,2024,167394,167394,0,True,catchall_60_65,primary,2032
Capped,2025,167394,167394,0,True,catchall_60_65,primary,2032
Capped,2026,167394,167394,0,True,catchall_60_65,primary,2032
Capped,2027,167394,167394,0,True,catchall_60_65,primary,2032
Capped,2028,167394,167394,0,True,catchall_60_65,primary,2032
Capped,2029,167394,167394,0,True,catchall_60_65,primary,2032
Capped,2030,167394,167394,0,True,catchall_60_65,primary,2032
Capped,2031,167394,167394,0,True,catchall_60_65,primary,2032
Capped,2032,167394,167394,0,True,catchall_60_65,primary,2032
Capped,2033,167394,167394,0,True,catchall_60_65,primary,2032
Capped,2034,167394,167394,0,True,catchall_60_65,primary,2032
Capped,2035,167394,167394,0,True,catchall_60_65,primary,2032
Capped,2036,167394,167394,0,True,catchall_60_65,primary,2032
Capped,2037,167394,167394,0,True,catchall_60_65,primary,2032
Capped,2038,167394,167394,0,True,catchall_60_65,primary,2032
Capped,2039,167394,167394,0,True,catchall_60_65,primary,2032
Capped,2040,167394,167394,0,True,catchall_60_65,primary,2032
Uncapped,2009,140987,140987,0,True,catchall_60_65,primary,2033
Uncapped,2010,150262,150262,0,True,catchall_60_65,primary,2033
Uncapped,2011,139302,139302,0,True,catchall_60_65,primary,2033
Uncapped,2012,144647,144647,0,True,catchall_60_65,primary,2033
Uncapped,2013,161269,161269,0,True,catchall_60_65,primary,2033
Uncapped,2014,151359,151359,0,True,catchall_60_65,primary,2033
Uncapped,2015,143952,143952,0,True,catchall_60_65,primary,2033
Uncapped,2016,140350,140350,0,True,catchall_60_65,primary,2033
Uncapped,2017,139604,139604,0,True,catchall_60_65,primary,2033
Uncapped,2018,139483,139483,0,True,catchall_60_65,primary,2033
Uncapped,2019,140586,140586,0,True,catchall_60_65,primary,2033
Uncapped,2020,147153,147153,0,True,catchall_60_65,primary,2033
Uncapped,2021,195507,195507,0,True,catchall_60_65,primary,2033
Uncapped,2022,275250,275250,0,True,catchall_60_65,primary,2033
Uncapped,2023,193928,193928,0,True,catchall_60_65,primary,2033
Uncapped,2024,167394,167394,0,True,catchall_60_65,primary,2033
Uncapped,2025,167394,167394,0,True,catchall_60_65,primary,2033
Uncapped,2026,167394,167394,0,True,catchall_60_65,primary,2033
Uncapped,2027,167394,167394,0,True,catchall_60_65,primary,2033
Uncapped,2028,167394,167394,0,True,catchall_60_65,primary,2033
Uncapped,2029,167394,167394,0,True,catchall_60_65,primary,2033
Uncapped,2030,167394,167394,0,True,catchall_60_65,primary,2033
Uncapped,2031,167394,167394,0,True,catchall_60_65,primary,2033
Uncapped,2032,167394,167394,0,True,catchall_60_65,primary,2033
Uncapped,2033,167394,167394,0,True,catchall_60_65,primary,2033
Uncapped,2034,167394,167394,0,True,catchall_60_65,primary,2033
Uncapped,2035,167394,167394,0,True,catchall_60_65,primary,2033
Uncapped,2036,167394,167394,0,True,catchall_60_65,primary,2033
Uncapped,2037,167394,167394,0,True,catchall_60_65,primary,2033
Uncapped,2038,167394,167394,0,True,catchall_60_65,primary,2033
Uncapped,2039,167394,167394,0,True,catchall_60_65,primary,2033
Uncapped,2040,167394,167394,0,True,catchall_60_65,primary,2033
Capped,2009,140987,140987,0,True,catchall_60_65,primary,2033
Capped,2010,150262,150262,0,True,catchall_60_65,primary,2033
Capped,2011,139302,139302,0,True,catchall_60_65,primary,2033
Capped,2012,144647,144647,0,True,catchall_60_65,primary,2033
Capped,2013,161269,161269,0,True,catchall_60_65,primary,2033
Capped,2014,151359,151359,0,True,catchall_60_65,primary,2033
Capped,2015,143952,143952,0,True,catchall_60_65,primary,2033
Capped,2016,140350,140350,0,True,catchall_60_65,primary,2033
Capped,2017,139604,139604,0,True,catchall_60_65,primary,2033
Capped,2018,139483,139483,0,True,catchall_60_65,primary,2033
Capped,2019,140586,140586,0,True,catchall_60_65,primary,2033
Capped,2020,147153,147153,0,True,catchall_60_65,primary,2033
Capped,2021,195507,195507,0,True,catchall_60_65,primary,2033
Capped,2022,275250,275250,0,True,catchall_60_65,primary,2033
Capped,2023,193928,193928,0,True,catchall_60_65,primary,2033
Capped,2024,167394,167394,0,True,catchall_60_65,primary,2033
Capped,2025,167394,167394,0,True,catchall_60_65,primary,2033
Capped,2026,167394,167394,0,True,catchall_60_65,primary,2033
Capped,2027,167394,167394,0,True,catchall_60_65,primary,2033
Capped,2028,167394,167394,0,True,catchall_60_65,primary,2033
Capped,2029,167394,167394,0,True,catchall_60_65,primary,2033
Capped,2030,167394,167394,0,True,catchall_60_65,primary,2033
Capped,2031,167394,167394,0,True,catchall_60_65,primary,2033
Capped,2032,167394,167394,0,True,catchall_60_65,primary,2033
Capped,2033,167394,167394,0,True,catchall_60_65,primary,2033
Capped,2034,167394,167394,0,True,catchall_60_65,primary,2033
Capped,2035,167394,167394,0,True,catchall_60_65,primary,2033
Capped,2036,167394,167394,0,True,catchall_60_65,primary,2033
Capped,2037,167394,167394,0,True,catchall_60_65,primary,2033
Capped,2038,167394,167394,0,True,catchall_60_65,primary,2033
Capped,2039,167394,167394,0,True,catchall_60_65,primary,2033
Capped,2040,167394,167394,0,True,catchall_60_65,primary,2033
Uncapped,2009,140987,140987,0,True,catchall_60_65,primary,2034
Uncapped,2010,150262,150262,0,True,catchall_60_65,primary,2034
Uncapped,2011,139302,139302,0,True,catchall_60_65,primary,2034
Uncapped,2012,144647,144647,0,True,catchall_60_65,primary,2034
Uncapped,2013,161269,161269,0,True,catchall_60_65,primary,2034
Uncapped,2014,151359,151359,0,True,catchall_60_65,primary,2034
Uncapped,2015,143952,143952,0,True,catchall_60_65,primary,2034
Uncapped,2016,140350,140350,0,True,catchall_60_65,primary,2034
Uncapped,2017,139604,139604,0,True,catchall_60_65,primary,2034
Uncapped,2018,139483,139483,0,True,catchall_60_65,primary,2034
Uncapped,2019,140586,140586,0,True,catchall_60_65,primary,2034
Uncapped,2020,147153,147153,0,True,catchall_60_65,primary,2034
Uncapped,2021,195507,195507,0,True,catchall_60_65,primary,2034
Uncapped,2022,275250,275250,0,True,catchall_60_65,primary,2034
Uncapped,2023,193928,193928,0,True,catchall_60_65,primary,2034
Uncapped,2024,167394,167394,0,True,catchall_60_65,primary,2034
Uncapped,2025,167394,167394,0,True,catchall_60_65,primary,2034
Uncapped,2026,167394,167394,0,True,catchall_60_65,primary,2034
Uncapped,2027,167394,167394,0,True,catchall_60_65,primary,2034
Uncapped,2028,167394,167394,0,True,catchall_60_65,primary,2034
Uncapped,2029,167394,167394,0,True,catchall_60_65,primary,2034
Uncapped,2030,167394,167394,0,True,catchall_60_65,primary,2034
Uncapped,2031,167394,167394,0,True,catchall_60_65,primary,2034
Uncapped,2032,167394,167394,0,True,catchall_60_65,primary,2034
Uncapped,2033,167394,167394,0,True,catchall_60_65,primary,2034
Uncapped,2034,167394,167394,0,True,catchall_60_65,primary,2034
Uncapped,2035,167394,167394,0,True,catchall_60_65,primary,2034
Uncapped,2036,167394,167394,0,True,catchall_60_65,primary,2034
Uncapped,2037,167394,167394,0,True,catchall_60_65,primary,2034
Uncapped,2038,167394,167394,0,True,catchall_60_65,primary,2034
Uncapped,2039,167394,167394,0,True,catchall_60_65,primary,2034
Uncapped,2040,167394,167394,0,True,catchall_60_65,primary,2034
Capped,2009,140987,140987,0,True,catchall_60_65,primary,2034
Capped,2010,150262,150262,0,True,catchall_60_65,primary,2034
Capped,2011,139302,139302,0,True,catchall_60_65,primary,2034
Capped,2012,144647,144647,0,True,catchall_60_65,primary,2034
Capped,2013,161269,161269,0,True,catchall_60_65,primary,2034
Capped,2014,151359,151359,0,True,catchall_60_65,primary,2034
Capped,2015,143952,143952,0,True,catchall_60_65,primary,2034
Capped,2016,140350,140350,0,True,catchall_60_65,primary,2034
Capped,2017,139604,139604,0,True,catchall_60_65,primary,2034
Capped,2018,139483,139483,0,True,catchall_60_65,primary,2034
Capped,2019,140586,140586,0,True,catchall_60_65,primary,2034
Capped,2020,147153,147153,0,True,catchall_60_65,primary,2034
Capped,2021,195507,195507,0,True,catchall_60_65,primary,2034
Capped,2022,275250,275250,0,True,catchall_60_65,primary,2034
Capped,2023,193928,193928,0,True,catchall_60_65,primary,2034
Capped,2024,167394,167394,0,True,catchall_60_65,primary,2034
Capped,2025,167394,167394,0,True,catchall_60_65,primary,2034
Capped,2026,167394,167394,0,True,catchall_60_65,primary,2034
Capped,2027,167394,167394,0,True,catchall_60_65,primary,2034
Capped,2028,167394,167394,0,True,catchall_60_65,primary,2034
Capped,2029,167394,167394,0,True,catchall_60_65,primary,2034
Capped,2030,167394,167394,0,True,catchall_60_65,primary,2034
Capped,2031,167394,167394,0,True,catchall_60_65,primary,2034
Capped,2032,167394,167394,0,True,catchall_60_65,primary,2034
Capped,2033,167394,167394,0,True,catchall_60_65,primary,2034
Capped,2034,167394,167394,0,True,catchall_60_65,primary,2034
Capped,2035,167394,167394,0,True,catchall_60_65,primary,2034
Capped,2036,167394,167394,0,True,catchall_60_65,primary,2034
Capped,2037,167394,167394,0,True,catchall_60_65,primary,2034
Capped,2038,167394,167394,0,True,catchall_60_65,primary,2034
Capped,2039,167394,167394,0,True,catchall_60_65,primary,2034
Capped,2040,167394,167394,0,True,catchall_60_65,primary,2034
Uncapped,2009,140987,140987,0,True,catchall_60_65,primary,2035
Uncapped,2010,150262,150262,0,True,catchall_60_65,primary,2035
Uncapped,2011,139302,139302,0,True,catchall_60_65,primary,2035
Uncapped,2012,144647,144647,0,True,catchall_60_65,primary,2035
Uncapped,2013,161269,161269,0,True,catchall_60_65,primary,2035
Uncapped,2014,151359,151359,0,True,catchall_60_65,primary,2035
Uncapped,2015,143952,143952,0,True,catchall_60_65,primary,2035
Uncapped,2016,140350,140350,0,True,catchall_60_65,primary,2035
Uncapped,2017,139604,139604,0,True,catchall_60_65,primary,2035
Uncapped,2018,139483,139483,0,True,catchall_60_65,primary,2035
Uncapped,2019,140586,140586,0,True,catchall_60_65,primary,2035
Uncapped,2020,147153,147153,0,True,catchall_60_65,primary,2035
Uncapped,2021,195507,195507,0,True,catchall_60_65,primary,2035
Uncapped,2022,275250,275250,0,True,catchall_60_65,primary,2035
Uncapped,2023,193928,193928,0,True,catchall_60_65,primary,2035
Uncapped,2024,167394,167394,0,True,catchall_60_65,primary,2035
Uncapped,2025,167394,167394,0,True,catchall_60_65,primary,2035
Uncapped,2026,167394,167394,0,True,catchall_60_65,primary,2035
Uncapped,2027,167394,167394,0,True,catchall_60_65,primary,2035
Uncapped,2028,167394,167394,0,True,catchall_60_65,primary,2035
Uncapped,2029,167394,167394,0,True,catchall_60_65,primary,2035
Uncapped,2030,167394,167394,0,True,catchall_60_65,primary,2035
Uncapped,2031,167394,167394,0,True,catchall_60_65,primary,2035
Uncapped,2032,167394,167394,0,True,catchall_60_65,primary,2035
Uncapped,2033,167394,167394,0,True,catchall_60_65,primary,2035
Uncapped,2034,167394,167394,0,True,catchall_60_65,primary,2035
Uncapped,2035,167394,167394,0,True,catchall_60_65,primary,2035
Uncapped,2036,167394,167394,0,True,catchall_60_65,primary,2035
Uncapped,2037,167394,167394,0,True,catchall_60_65,primary,2035
Uncapped,2038,167394,167394,0,True,catchall_60_65,primary,2035
Uncapped,2039,167394,167394,0,True,catchall_60_65,primary,2035
Uncapped,2040,167394,167394,0,True,catchall_60_65,primary,2035
Capped,2009,140987,140987,0,True,catchall_60_65,primary,2035
Capped,2010,150262,150262,0,True,catchall_60_65,primary,2035
Capped,2011,139302,139302,0,True,catchall_60_65,primary,2035
Capped,2012,144647,144647,0,True,catchall_60_65,primary,2035
Capped,2013,161269,161269,0,True,catchall_60_65,primary,2035
Capped,2014,151359,151359,0,True,catchall_60_65,primary,2035
Capped,2015,143952,143952,0,True,catchall_60_65,primary,2035
Capped,2016,140350,140350,0,True,catchall_60_65,primary,2035
Capped,2017,139604,139604,0,True,catchall_60_65,primary,2035
Capped,2018,139483,139483,0,True,catchall_60_65,primary,2035
Capped,2019,140586,140586,0,True,catchall_60_65,primary,2035
Capped,2020,147153,147153,0,True,catchall_60_65,primary,2035
Capped,2021,195507,195507,0,True,catchall_60_65,primary,2035
Capped,2022,275250,275250,0,True,catchall_60_65,primary,2035
Capped,2023,193928,193928,0,True,catchall_60_65,primary,2035
Capped,2024,167394,167394,0,True,catchall_60_65,primary,2035
Capped,2025,167394,167394,0,True,catchall_60_65,primary,2035
Capped,2026,167394,167394,0,True,catchall_60_65,primary,2035
Capped,2027,167394,167394,0,True,catchall_60_65,primary,2035
Capped,2028,167394,167394,0,True,catchall_60_65,primary,2035
Capped,2029,167394,167394,0,True,catchall_60_65,primary,2035
Capped,2030,167394,167394,0,True,catchall_60_65,primary,2035
Capped,2031,167394,167394,0,True,catchall_60_65,primary,2035
Capped,2032,167394,167394,0,True,catchall_60_65,primary,2035
Capped,2033,167394,167394,0,True,catchall_60_65,primary,2035
Capped,2034,167394,167394,0,True,catchall_60_65,primary,2035
Capped,2035,167394,167394,0,True,catchall_60_65,primary,2035
Capped,2036,167394,167394,0,True,catchall_60_65,primary,2035
Capped,2037,167394,167394,0,True,catchall_60_65,primary,2035
Capped,2038,167394,167394,0,True,catchall_60_65,primary,2035
Capped,2039,167394,167394,0,True,catchall_60_65,primary,2035
Capped,2040,167394,167394,0,True,catchall_60_65,primary,2035
Uncapped,2009,140987,140987,0,True,catchall_60_65,primary,2036
Uncapped,2010,150262,150262,0,True,catchall_60_65,primary,2036
Uncapped,2011,139302,139302,0,True,catchall_60_65,primary,2036
Uncapped,2012,144647,144647,0,True,catchall_60_65,primary,2036
Uncapped,2013,161269,161269,0,True,catchall_60_65,primary,2036
Uncapped,2014,151359,151359,0,True,catchall_60_65,primary,2036
Uncapped,2015,143952,143952,0,True,catchall_60_65,primary,2036
Uncapped,2016,140350,140350,0,True,catchall_60_65,primary,2036
Uncapped,2017,139604,139604,0,True,catchall_60_65,primary,2036
Uncapped,2018,139483,139483,0,True,catchall_60_65,primary,2036
Uncapped,2019,140586,140586,0,True,catchall_60_65,primary,2036
Uncapped,2020,147153,147153,0,True,catchall_60_65,primary,2036
Uncapped,2021,195507,195507,0,True,catchall_60_65,primary,2036
Uncapped,2022,275250,275250,0,True,catchall_60_65,primary,2036
Uncapped,2023,193928,193928,0,True,catchall_60_65,primary,2036
Uncapped,2024,167394,167394,0,True,catchall_60_65,primary,2036
Uncapped,2025,167394,167394,0,True,catchall_60_65,primary,2036
Uncapped,2026,167394,167394,0,True,catchall_60_65,primary,2036
Uncapped,2027,167394,167394,0,True,catchall_60_65,primary,2036
Uncapped,2028,167394,167394,0,True,catchall_60_65,primary,2036
Uncapped,2029,167394,167394,0,True,catchall_60_65,primary,2036
Uncapped,2030,167394,167394,0,True,catchall_60_65,primary,2036
Uncapped,2031,167394,167394,0,True,catchall_60_65,primary,2036
Uncapped,2032,167394,167394,0,True,catchall_60_65,primary,2036
Uncapped,2033,167394,167394,0,True,catchall_60_65,primary,2036
Uncapped,2034,167394,167394,0,True,catchall_60_65,primary,2036
Uncapped,2035,167394,167394,0,True,catchall_60_65,primary,2036
Uncapped,2036,167394,167394,0,True,catchall_60_65,primary,2036
Uncapped,2037,167394,167394,0,True,catchall_60_65,primary,2036
Uncapped,2038,167394,167394,0,True,catchall_60_65,primary,2036
Uncapped,2039,167394,167394,0,True,catchall_60_65,primary,2036
Uncapped,2040,167394,167394,0,True,catchall_60_65,primary,2036
Capped,2009,140987,140987,0,True,catchall_60_65,primary,2036
Capped,2010,150262,150262,0,True,catchall_60_65,primary,2036
Capped,2011,139302,139302,0,True,catchall_60_65,primary,2036
Capped,2012,144647,144647,0,True,catchall_60_65,primary,2036
Capped,2013,161269,161269,0,True,catchall_60_65,primary,2036
Capped,2014,151359,151359,0,True,catchall_60_65,primary,2036
Capped,2015,143952,143952,0,True,catchall_60_65,primary,2036
Capped,2016,140350,140350,0,True,catchall_60_65,primary,2036
Capped,2017,139604,139604,0,True,catchall_60_65,primary,2036
Capped,2018,139483,139483,0,True,catchall_60_65,primary,2036
Capped,2019,140586,140586,0,True,catchall_60_65,primary,2036
Capped,2020,147153,147153,0,True,catchall_60_65,primary,2036
Capped,2021,195507,195507,0,True,catchall_60_65,primary,2036
Capped,2022,275250,275250,0,True,catchall_60_65,primary,2036
Capped,2023,193928,193928,0,True,catchall_60_65,primary,2036
Capped,2024,167394,167394,0,True,catchall_60_65,primary,2036
Capped,2025,167394,167394,0,True,catchall_60_65,primary,2036
Capped,2026,167394,167394,0,True,catchall_60_65,primary,2036
Capped,2027,167394,167394,0,True,catchall_60_65,primary,2036
Capped,2028,167394,167394,0,True,catchall_60_65,primary,2036
Capped,2029,167394,167394,0,True,catchall_60_65,primary,2036
Capped,2030,167394,167394,0,True,catchall_60_65,primary,2036
Capped,2031,167394,167394,0,True,catchall_60_65,primary,2036
Capped,2032,167394,167394,0,True,catchall_60_65,primary,2036
Capped,2033,167394,167394,0,True,catchall_60_65,primary,2036
Capped,2034,167394,167394,0,True,catchall_60_65,primary,2036
Capped,2035,167394,167394,0,True,catchall_60_65,primary,2036
Capped,2036,167394,167394,0,True,catchall_60_65,primary,2036
Capped,2037,167394,167394,0,True,catchall_60_65,primary,2036
Capped,2038,167394,167394,0,True,catchall_60_65,primary,2036
Capped,2039,167394,167394,0,True,catchall_60_65,primary,2036
Capped,2040,167394,167394,0,True,catchall_60_65,primary,2036
Uncapped,2009,140987,140987,0,True,catchall_60_65,primary,2037
Uncapped,2010,150262,150262,0,True,catchall_60_65,primary,2037
Uncapped,2011,139302,139302,0,True,catchall_60_65,primary,2037
Uncapped,2012,144647,144647,0,True,catchall_60_65,primary,2037
Uncapped,2013,161269,161269,0,True,catchall_60_65,primary,2037
Uncapped,2014,151359,151359,0,True,catchall_60_65,primary,2037
Uncapped,2015,143952,143952,0,True,catchall_60_65,primary,2037
Uncapped,2016,140350,140350,0,True,catchall_60_65,primary,2037
Uncapped,2017,139604,139604,0,True,catchall_60_65,primary,2037
Uncapped,2018,139483,139483,0,True,catchall_60_65,primary,2037
Uncapped,2019,140586,140586,0,True,catchall_60_65,primary,2037
Uncapped,2020,147153,147153,0,True,catchall_60_65,primary,2037
Uncapped,2021,195507,195507,0,True,catchall_60_65,primary,2037
Uncapped,2022,275250,275250,0,True,catchall_60_65,primary,2037
Uncapped,2023,193928,193928,0,True,catchall_60_65,primary,2037
Uncapped,2024,167394,167394,0,True,catchall_60_65,primary,2037
Uncapped,2025,167394,167394,0,True,catchall_60_65,primary,2037
Uncapped,2026,167394,167394,0,True,catchall_60_65,primary,2037
Uncapped,2027,167394,167394,0,True,catchall_60_65,primary,2037
Uncapped,2028,167394,167394,0,True,catchall_60_65,primary,2037
Uncapped,2029,167394,167394,0,True,catchall_60_65,primary,2037
Uncapped,2030,167394,167394,0,True,catchall_60_65,primary,2037
Uncapped,2031,167394,167394,0,True,catchall_60_65,primary,2037
Uncapped,2032,167394,167394,0,True,catchall_60_65,primary,2037
Uncapped,2033,167394,167394,0,True,catchall_60_65,primary,2037
Uncapped,2034,167394,167394,0,True,catchall_60_65,primary,2037
Uncapped,2035,167394,167394,0,True,catchall_60_65,primary,2037
Uncapped,2036,167394,167394,0,True,catchall_60_65,primary,2037
Uncapped,2037,167394,167394,0,True,catchall_60_65,primary,2037
Uncapped,2038,167394,167394,0,True,catchall_60_65,primary,2037
Uncapped,2039,167394,167394,0,True,catchall_60_65,primary,2037
Uncapped,2040,167394,167394,0,True,catchall_60_65,primary,2037
Capped,2009,140987,140987,0,True,catchall_60_65,primary,2037
Capped,2010,150262,150262,0,True,catchall_60_65,primary,2037
Capped,2011,139302,139302,0,True,catchall_60_65,primary,2037
Capped,2012,144647,144647,0,True,catchall_60_65,primary,2037
Capped,2013,161269,161269,0,True,catchall_60_65,primary,2037
Capped,2014,151359,151359,0,True,catchall_60_65,primary,2037
Capped,2015,143952,143952,0,True,catchall_60_65,primary,2037
Capped,2016,140350,140350,0,True,catchall_60_65,primary,2037
Capped,2017,139604,139604,0,True,catchall_60_65,primary,2037
Capped,2018,139483,139483,0,True,catchall_60_65,primary,2037
Capped,2019,140586,140586,0,True,catchall_60_65,primary,2037
Capped,2020,147153,147153,0,True,catchall_60_65,primary,2037
Capped,2021,195507,195507,0,True,catchall_60_65,primary,2037
Capped,2022,275250,275250,0,True,catchall_60_65,primary,2037
Capped,2023,193928,193928,0,True,catchall_60_65,primary,2037
Capped,2024,167394,167394,0,True,catchall_60_65,primary,2037
Capped,2025,167394,167394,0,True,catchall_60_65,primary,2037
Capped,2026,167394,167394,0,True,catchall_60_65,primary,2037
Capped,2027,167394,167394,0,True,catchall_60_65,primary,2037
Capped,2028,167394,167394,0,True,catchall_60_65,primary,2037
Capped,2029,167394,167394,0,True,catchall_60_65,primary,2037
Capped,2030,167394,167394,0,True,catchall_60_65,primary,2037
Capped,2031,167394,167394,0,True,catchall_60_65,primary,2037
Capped,2032,167394,167394,0,True,catchall_60_65,primary,2037
Capped,2033,167394,167394,0,True,catchall_60_65,primary,2037
Capped,2034,167394,167394,0,True,catchall_60_65,primary,2037
Capped,2035,167394,167394,0,True,catchall_60_65,primary,2037
Capped,2036,167394,167394,0,True,catchall_60_65,primary,2037
Capped,2037,167394,167394,0,True,catchall_60_65,primary,2037
Capped,2038,167394,167394,0,True,catchall_60_65,primary,2037
Capped,2039,167394,167394,0,True,catchall_60_65,primary,2037
Capped,2040,167394,167394,0,True,catchall_60_65,primary,2037
Uncapped,2009,140987,140987,0,True,catchall_60_65,primary,2038
Uncapped,2010,150262,150262,0,True,catchall_60_65,primary,2038
Uncapped,2011,139302,139302,0,True,catchall_60_65,primary,2038
Uncapped,2012,144647,144647,0,True,catchall_60_65,primary,2038
Uncapped,2013,161269,161269,0,True,catchall_60_65,primary,2038
Uncapped,2014,151359,151359,0,True,catchall_60_65,primary,2038
Uncapped,2015,143952,143952,0,True,catchall_60_65,primary,2038
Uncapped,2016,140350,140350,0,True,catchall_60_65,primary,2038
Uncapped,2017,139604,139604,0,True,catchall_60_65,primary,2038
Uncapped,2018,139483,139483,0,True,catchall_60_65,primary,2038
Uncapped,2019,140586,140586,0,True,catchall_60_65,primary,2038
Uncapped,2020,147153,147153,0,True,catchall_60_65,primary,2038
Uncapped,2021,195507,195507,0,True,catchall_60_65,primary,2038
Uncapped,2022,275250,275250,0,True,catchall_60_65,primary,2038
Uncapped,2023,193928,193928,0,True,catchall_60_65,primary,2038
Uncapped,2024,167394,167394,0,True,catchall_60_65,primary,2038
Uncapped,2025,167394,167394,0,True,catchall_60_65,primary,2038
Uncapped,2026,167394,167394,0,True,catchall_60_65,primary,2038
Uncapped,2027,167394,167394,0,True,catchall_60_65,primary,2038
Uncapped,2028,167394,167394,0,True,catchall_60_65,primary,2038
Uncapped,2029,167394,167394,0,True,catchall_60_65,primary,2038
Uncapped,2030,167394,167394,0,True,catchall_60_65,primary,2038
Uncapped,2031,167394,167394,0,True,catchall_60_65,primary,2038
Uncapped,2032,167394,167394,0,True,catchall_60_65,primary,2038
Uncapped,2033,167394,167394,0,True,catchall_60_65,primary,2038
Uncapped,2034,167394,167394,0,True,catchall_60_65,primary,2038
Uncapped,2035,167394,167394,0,True,catchall_60_65,primary,2038
Uncapped,2036,167394,167394,0,True,catchall_60_65,primary,2038
Uncapped,2037,167394,167394,0,True,catchall_60_65,primary,2038
Uncapped,2038,167394,167394,0,True,catchall_60_65,primary,2038
Uncapped,2039,167394,167394,0,True,catchall_60_65,primary,2038
Uncapped,2040,167394,167394,0,True,catchall_60_65,primary,2038
Capped,2009,140987,140987,0,True,catchall_60_65,primary,2038
Capped,2010,150262,150262,0,True,catchall_60_65,primary,2038
Capped,2011,139302,139302,0,True,catchall_60_65,primary,2038
Capped,2012,144647,144647,0,True,catchall_60_65,primary,2038
Capped,2013,161269,161269,0,True,catchall_60_65,primary,2038
Capped,2014,151359,151359,0,True,catchall_60_65,primary,2038
Capped,2015,143952,143952,0,True,catchall_60_65,primary,2038
Capped,2016,140350,140350,0,True,catchall_60_65,primary,2038
Capped,2017,139604,139604,0,True,catchall_60_65,primary,2038
Capped,2018,139483,139483,0,True,catchall_60_65,primary,2038
Capped,2019,140586,140586,0,True,catchall_60_65,primary,2038
Capped,2020,147153,147153,0,True,catchall_60_65,primary,2038
Capped,2021,195507,195507,0,True,catchall_60_65,primary,2038
Capped,2022,275250,275250,0,True,catchall_60_65,primary,2038
Capped,2023,193928,193928,0,True,catchall_60_65,primary,2038
Capped,2024,167394,167394,0,True,catchall_60_65,primary,2038
Capped,2025,167394,167394,0,True,catchall_60_65,primary,2038
Capped,2026,167394,167394,0,True,catchall_60_65,primary,2038
Capped,2027,167394,167394,0,True,catchall_60_65,primary,2038
Capped,2028,167394,167394,0,True,catchall_60_65,primary,2038
Capped,2029,167394,167394,0,True,catchall_60_65,primary,2038
Capped,2030,167394,167394,0,True,catchall_60_65,primary,2038
Capped,2031,167394,167394,0,True,catchall_60_65,primary,2038
Capped,2032,167394,167394,0,True,catchall_60_65,primary,2038
Capped,2033,167394,167394,0,True,catchall_60_65,primary,2038
Capped,2034,167394,167394,0,True,catchall_60_65,primary,2038
Capped,2035,167394,167394,0,True,catchall_60_65,primary,2038
Capped,2036,167394,167394,0,True,catchall_60_65,primary,2038
Capped,2037,167394,167394,0,True,catchall_60_65,primary,2038
Capped,2038,167394,167394,0,True,catchall_60_65,primary,2038
Capped,2039,167394,167394,0,True,catchall_60_65,primary,2038
Capped,2040,167394,167394,0,True,catchall_60_65,primary,2038
Uncapped,2009,140987,140987,0,True,catchall_60_65,primary,2039
Uncapped,2010,150262,150262,0,True,catchall_60_65,primary,2039
Uncapped,2011,139302,139302,0,True,catchall_60_65,primary,2039
Uncapped,2012,144647,144647,0,True,catchall_60_65,primary,2039
Uncapped,2013,161269,161269,0,True,catchall_60_65,primary,2039
Uncapped,2014,151359,151359,0,True,catchall_60_65,primary,2039
Uncapped,2015,143952,143952,0,True,catchall_60_65,primary,2039
Uncapped,2016,140350,140350,0,True,catchall_60_65,primary,2039
Uncapped,2017,139604,139604,0,True,catchall_60_65,primary,2039
Uncapped,2018,139483,139483,0,True,catchall_60_65,primary,2039
Uncapped,2019,140586,140586,0,True,catchall_60_65,primary,2039
Uncapped,2020,147153,147153,0,True,catchall_60_65,primary,2039
Uncapped,2021,195507,195507,0,True,catchall_60_65,primary,2039
Uncapped,2022,275250,275250,0,True,catchall_60_65,primary,2039
Uncapped,2023,193928,193928,0,True,catchall_60_65,primary,2039
Uncapped,2024,167394,167394,0,True,catchall_60_65,primary,2039
Uncapped,2025,167394,167394,0,True,catchall_60_65,primary,2039
Uncapped,2026,167394,167394,0,True,catchall_60_65,primary,2039
Uncapped,2027,167394,167394,0,True,catchall_60_65,primary,2039
Uncapped,2028,167394,167394,0,True,catchall_60_65,primary,2039
Uncapped,2029,167394,167394,0,True,catchall_60_65,primary,2039
Uncapped,2030,167394,167394,0,True,catchall_60_65,primary,2039
Uncapped,2031,167394,167394,0,True,catchall_60_65,primary,2039
Uncapped,2032,167394,167394,0,True,catchall_60_65,primary,2039
Uncapped,2033,167394,167394,0,True,catchall_60_65,primary,2039
Uncapped,2034,167394,167394,0,True,catchall_60_65,primary,2039
Uncapped,2035,167394,167394,0,True,catchall_60_65,primary,2039
Uncapped,2036,167394,167394,0,True,catchall_60_65,primary,2039
Uncapped,2037,167394,167394,0,True,catchall_60_65,primary,2039
Uncapped,2038,167394,167394,0,True,catchall_60_65,primary,2039
Uncapped,2039,167394,167394,0,True,catchall_60_65,primary,2039
Uncapped,2040,167394,167394,0,True,catchall_60_65,primary,2039
Capped,2009,140987,140987,0,True,catchall_60_65,primary,2039
Capped,2010,150262,150262,0,True,catchall_60_65,primary,2039
Capped,2011,139302,139302,0,True,catchall_60_65,primary,2039
Capped,2012,144647,144647,0,True,catchall_60_65,primary,2039
Capped,2013,161269,161269,0,True,catchall_60_65,primary,2039
Capped,2014,151359,151359,0,True,catchall_60_65,primary,2039
Capped,2015,143952,143952,0,True,catchall_60_65,primary,2039
Capped,2016,140350,140350,0,True,catchall_60_65,primary,2039
Capped,2017,139604,139604,0,True,catchall_60_65,primary,2039
Capped,2018,139483,139483,0,True,catchall_60_65,primary,2039
Capped,2019,140586,140586,0,True,catchall_60_65,primary,2039
Capped,2020,147153,147153,0,True,catchall_60_65,primary,2039
Capped,2021,195507,195507,0,True,catchall_60_65,primary,2039
Capped,2022,275250,275250,0,True,catchall_60_65,primary,2039
Capped,2023,193928,193928,0,True,catchall_60_65,primary,2039
Capped,2024,167394,167394,0,True,catchall_60_65,primary,2039
Capped,2025,167394,167394,0,True,catchall_60_65,primary,2039
Capped,2026,167394,167394,0,True,catchall_60_65,primary,2039
Capped,2027,167394,167394,0,True,catchall_60_65,primary,2039
Capped,2028,167394,167394,0,True,catchall_60_65,primary,2039
Capped,2029,167394,167394,0,True,catchall_60_65,primary,2039
Capped,2030,167394,167394,0,True,catchall_60_65,primary,2039
Capped,2031,167394,167394,0,True,catchall_60_65,primary,2039
Capped,2032,167394,167394,0,True,catchall_60_65,primary,2039
Capped,2033,167394,167394,0,True,catchall_60_65,primary,2039
Capped,2034,167394,167394,0,True,catchall_60_65,primary,2039
Capped,2035,167394,167394,0,True,catchall_60_65,primary,2039
Capped,2036,167394,167394,0,True,catchall_60_65,primary,2039
Capped,2037,167394,167394,0,True,catchall_60_65,primary,2039
Capped,2038,167394,167394,0,True,catchall_60_65,primary,2039
Capped,2039,167394,167394,0,True,catchall_60_65,primary,2039
Capped,2040,167394,167394,0,True,catchall_60_65,primary,2039
Uncapped,2009,140987,140987,0,True,catchall_60_65,primary,2040
Uncapped,2010,150262,150262,0,True,catchall_60_65,primary,2040
Uncapped,2011,139302,139302,0,True,catchall_60_65,primary,2040
Uncapped,2012,144647,144647,0,True,catchall_60_65,primary,2040
Uncapped,2013,161269,161269,0,True,catchall_60_65,primary,2040
Uncapped,2014,151359,151359,0,True,catchall_60_65,primary,2040
Uncapped,2015,143952,143952,0,True,catchall_60_65,primary,2040
Uncapped,2016,140350,140350,0,True,catchall_60_65,primary,2040
Uncapped,2017,139604,139604,0,True,catchall_60_65,primary,2040
Uncapped,2018,139483,139483,0,True,catchall_60_65,primary,2040
Uncapped,2019,140586,140586,0,True,catchall_60_65,primary,2040
Uncapped,2020,147153,147153,0,True,catchall_60_65,primary,2040
Uncapped,2021,195507,195507,0,True,catchall_60_65,primary,2040
Uncapped,2022,275250,275250,0,True,catchall_60_65,primary,2040
Uncapped,2023,193928,193928,0,True,catchall_60_65,primary,2040
Uncapped,2024,167394,167394,0,True,catchall_60_65,primary,2040
Uncapped,2025,167394,167394,0,True,catchall_60_65,primary,2040
Uncapped,2026,167394,167394,0,True,catchall_60_65,primary,2040
Uncapped,2027,167394,167394,0,True,catchall_60_65,primary,2040
Uncapped,2028,167394,167394,0,True,catchall_60_65,primary,2040
Uncapped,2029,167394,167394,0,True,catchall_60_65,primary,2040
Uncapped,2030,167394,167394,0,True,catchall_60_65,primary,2040
Uncapped,2031,167394,167394,0,True,catchall_60_65,primary,2040
Uncapped,2032,167394,167394,0,True,catchall_60_65,primary,2040
Uncapped,2033,167394,167394,0,True,catchall_60_65,primary,2040
Uncapped,2034,167394,167394,0,True,catchall_60_65,primary,2040
Uncapped,2035,167394,167394,0,True,catchall_60_65,primary,2040
Uncapped,2036,167394,167394,0,True,catchall_60_65,primary,2040
Uncapped,2037,167394,167394,0,True,catchall_60_65,primary,2040
Uncapped,2038,167394,167394,0,True,catchall_60_65,primary,2040
Uncapped,2039,167394,167394,0,True,catchall_60_65,primary,2040
Uncapped,2040,167394,167394,0,True,catchall_60_65,primary,2040
Capped,2009,140987,140987,0,True,catchall_60_65,primary,2040
Capped,2010,150262,150262,0,True,catchall_60_65,primary,2040
Capped,2011,139302,139302,0,True,catchall_60_65,primary,2040
Capped,2012,144647,144647,0,True,catchall_60_65,primary,2040
Capped,2013,161269,161269,0,True,catchall_60_65,primary,2040
Capped,2014,151359,151359,0,True,catchall_60_65,primary,2040
Capped,2015,143952,143952,0,True,catchall_60_65,primary,2040
Capped,2016,140350,140350,0,True,catchall_60_65,primary,2040
Capped,2017,139604,139604,0,True,catchall_60_65,primary,2040
Capped,2018,139483,139483,0,True,catchall_60_65,primary,2040
Capped,2019,140586,140586,0,True,catchall_60_65,primary,2040
Capped,2020,147153,147153,0,True,catchall_60_65,primary,2040
Capped,2021,195507,195507,0,True,catchall_60_65,primary,2040
Capped,2022,275250,275250,0,True,catchall_60_65,primary,2040
Capped,2023,193928,193928,0,True,catchall_60_65,primary,2040
Capped,2024,167394,167394,0,True,catchall_60_65,primary,2040
Capped,2025,167394,167394,0,True,catchall_60_65,primary,2040
Capped,2026,167394,167394,0,True,catchall_60_65,primary,2040
Capped,2027,167394,167394,0,True,catchall_60_65,primary,2040
Capped,2028,167394,167394,0,True,catchall_60_65,primary,2040
Capped,2029,167394,167394,0,True,catchall_60_65,primary,2040
Capped,2030,167394,167394,0,True,catchall_60_65,primary,2040
Capped,2031,167394,167394,0,True,catchall_60_65,primary,2040
Capped,2032,167394,167394,0,True,catchall_60_65,primary,2040
Capped,2033,167394,167394,0,True,catchall_60_65,primary,2040
Capped,2034,167394,167394,0,True,catchall_60_65,primary,2040
Capped,2035,167394,167394,0,True,catchall_60_65,primary,2040
Capped,2036,167394,167394,0,True,catchall_60_65,primary,2040
Capped,2037,167394,167394,0,True,catchall_60_65,primary,2040
Capped,2038,167394,167394,0,True,catchall_60_65,primary,2040
Capped,2039,167394,167394,0,True,catchall_60_65,primary,2040
Capped,2040,167394,167394,0,True,catchall_60_65,primary,2040
Uncapped,2009,140987,140987,0,True,catchall_60_65,primary,2041
Uncapped,2010,150262,150262,0,True,catchall_60_65,primary,2041
Uncapped,2011,139302,139302,0,True,catchall_60_65,primary,2041
Uncapped,2012,144647,144647,0,True,catchall_60_65,primary,2041
Uncapped,2013,161269,161269,0,True,catchall_60_65,primary,2041
Uncapped,2014,151359,151359,0,True,catchall_60_65,primary,2041
Uncapped,2015,143952,143952,0,True,catchall_60_65,primary,2041
Uncapped,2016,140350,140350,0,True,catchall_60_65,primary,2041
Uncapped,2017,139604,139604,0,True,catchall_60_65,primary,2041
Uncapped,2018,139483,139483,0,True,catchall_60_65,primary,2041
Uncapped,2019,140586,140586,0,True,catchall_60_65,primary,2041
Uncapped,2020,147153,147153,0,True,catchall_60_65,primary,2041
Uncapped,2021,195507,195507,0,True,catchall_60_65,primary,2041
Uncapped,2022,275250,275250,0,True,catchall_60_65,primary,2041
Uncapped,2023,193928,193928,0,True,catchall_60_65,primary,2041
Uncapped,2024,167394,167394,0,True,catchall_60_65,primary,2041
Uncapped,2025,167394,167394,0,True,catchall_60_65,primary,2041
Uncapped,2026,167394,167394,0,True,catchall_60_65,primary,2041
Uncapped,2027,167394,167394,0,True,catchall_60_65,primary,2041
Uncapped,2028,167394,167394,0,True,catchall_60_65,primary,2041
Uncapped,2029,167394,167394,0,True,catchall_60_65,primary,2041
Uncapped,2030,167394,167394,0,True,catchall_60_65,primary,2041
Uncapped,2031,167394,167394,0,True,catchall_60_65,primary,2041
Uncapped,2032,167394,167394,0,True,catchall_60_65,primary,2041
Uncapped,2033,167394,167394,0,True,catchall_60_65,primary,2041
Uncapped,2034,167394,167394,0,True,catchall_60_65,primary,2041
Uncapped,2035,167394,167394,0,True,catchall_60_65,primary,2041
Uncapped,2036,167394,167394,0,True,catchall_60_65,primary,2041
Uncapped,2037,167394,167394,0,True,catchall_60_65,primary,2041
Uncapped,2038,167394,167394,0,True,catchall_60_65,primary,2041
Uncapped,2039,167394,167394,0,True,catchall_60_65,primary,2041
Uncapped,2040,167394,167394,0,True,catchall_60_65,primary,2041
Capped,2009,140987,140987,0,True,catchall_60_65,primary,2041
Capped,2010,150262,150262,0,True,catchall_60_65,primary,2041
Capped,2011,139302,139302,0,True,catchall_60_65,primary,2041
Capped,2012,144647,144647,0,True,catchall_60_65,primary,2041
Capped,2013,161269,161269,0,True,catchall_60_65,primary,2041
Capped,2014,151359,151359,0,True,catchall_60_65,primary,2041
Capped,2015,143952,143952,0,True,catchall_60_65,primary,2041
Capped,2016,140350,140350,0,True,catchall_60_65,primary,2041
Capped,2017,139604,139604,0,True,catchall_60_65,primary,2041
Capped,2018,139483,139483,0,True,catchall_60_65,primary,2041
Capped,2019,140586,140586,0,True,catchall_60_65,primary,2041
Capped,2020,147153,147153,0,True,catchall_60_65,primary,2041
Capped,2021,195507,195507,0,True,catchall_60_65,primary,2041
Capped,2022,275250,275250,0,True,catchall_60_65,primary,2041
Capped,2023,193928,193928,0,True,catchall_60_65,primary,2041
Capped,2024,167394,167394,0,True,catchall_60_65,primary,2041
Capped,2025,167394,167394,0,True,catchall_60_65,primary,2041
Capped,2026,167394,167394,0,True,catchall_60_65,primary,2041
Capped,2027,167394,167394,0,True,catchall_60_65,primary,2041
Capped,2028,167394,167394,0,True,catchall_60_65,primary,2041
Capped,2029,167394,167394,0,True,catchall_60_65,primary,2041
Capped,2030,167394,167394,0,True,catchall_60_65,primary,2041
Capped,2031,167394,167394,0,True,catchall_60_65,primary,2041
Capped,2032,167394,167394,0,True,catchall_60_65,primary,2041
Capped,2033,167394,167394,0,True,catchall_60_65,primary,2041
Capped,2034,167394,167394,0,True,catchall_60_65,primary,2041
Capped,2035,167394,167394,0,True,catchall_60_65,primary,2041
Capped,2036,167394,167394,0,True,catchall_60_65,primary,2041
Capped,2037,167394,167394,0,True,catchall_60_65,primary,2041
Capped,2038,167394,167394,0,True,catchall_60_65,primary,2041
Capped,2039,167394,167394,0,True,catchall_60_65,primary,2041
Capped,2040,167394,167394,0,True,catchall_60_65,primary,2041
Uncapped,2009,140987,140987,0,True,catchall_60_65,primary,2042
Uncapped,2010,150262,150262,0,True,catchall_60_65,primary,2042
Uncapped,2011,139302,139302,0,True,catchall_60_65,primary,2042
Uncapped,2012,144647,144647,0,True,catchall_60_65,primary,2042
Uncapped,2013,161269,161269,0,True,catchall_60_65,primary,2042
Uncapped,2014,151359,151359,0,True,catchall_60_65,primary,2042
Uncapped,2015,143952,143952,0,True,catchall_60_65,primary,2042
Uncapped,2016,140350,140350,0,True,catchall_60_65,primary,2042
Uncapped,2017,139604,139604,0,True,catchall_60_65,primary,2042
Uncapped,2018,139483,139483,0,True,catchall_60_65,primary,2042
Uncapped,2019,140586,140586,0,True,catchall_60_65,primary,2042
Uncapped,2020,147153,147153,0,True,catchall_60_65,primary,2042
Uncapped,2021,195507,195507,0,True,catchall_60_65,primary,2042
Uncapped,2022,275250,275250,0,True,catchall_60_65,primary,2042
Uncapped,2023,193928,193928,0,True,catchall_60_65,primary,2042
Uncapped,2024,167394,167394,0,True,catchall_60_65,primary,2042
Uncapped,2025,167394,167394,0,True,catchall_60_65,primary,2042
Uncapped,2026,167394,167394,0,True,catchall_60_65,primary,2042
Uncapped,2027,167394,167394,0,True,catchall_60_65,primary,2042
Uncapped,2028,167394,167394,0,True,catchall_60_65,primary,2042
Uncapped,2029,167394,167394,0,True,catchall_60_65,primary,2042
Uncapped,2030,167394,167394,0,True,catchall_60_65,primary,2042
Uncapped,2031,167394,167394,0,True,catchall_60_65,primary,2042
Uncapped,2032,167394,167394,0,True,catchall_60_65,primary,2042
Uncapped,2033,167394,167394,0,True,catchall_60_65,primary,2042
Uncapped,2034,167394,167394,0,True,catchall_60_65,primary,2042
Uncapped,2035,167394,167394,0,True,catchall_60_65,primary,2042
Uncapped,2036,167394,167394,0,True,catchall_60_65,primary,2042
Uncapped,2037,167394,167394,0,True,catchall_60_65,primary,2042
Uncapped,2038,167394,167394,0,True,catchall_60_65,primary,2042
Uncapped,2039,167394,167394,0,True,catchall_60_65,primary,2042
Uncapped,2040,167394,167394,0,True,catchall_60_65,primary,2042
Capped,2009,140987,140987,0,True,catchall_60_65,primary,2042
Capped,2010,150262,150262,0,True,catchall_60_65,primary,2042
Capped,2011,139302,139302,0,True,catchall_60_65,primary,2042
Capped,2012,144647,144647,0,True,catchall_60_65,primary,2042
Capped,2013,161269,161269,0,True,catchall_60_65,primary,2042
Capped,2014,151359,151359,0,True,catchall_60_65,primary,2042
Capped,2015,143952,143952,0,True,catchall_60_65,primary,2042
Capped,2016,140350,140350,0,True,catchall_60_65,primary,2042
Capped,2017,139604,139604,0,True,catchall_60_65,primary,2042
Capped,2018,139483,139483,0,True,catchall_60_65,primary,2042
Capped,2019,140586,140586,0,True,catchall_60_65,primary,2042
Capped,2020,147153,147153,0,True,catchall_60_65,primary,2042
Capped,2021,195507,195507,0,True,catchall_60_65,primary,2042
Capped,2022,275250,275250,0,True,catchall_60_65,primary,2042
Capped,2023,193928,193928,0,True,catchall_60_65,primary,2042
Capped,2024,167394,167394,0,True,catchall_60_65,primary,2042
Capped,2025,167394,167394,0,True,catchall_60_65,primary,2042
Capped,2026,167394,167394,0,True,catchall_60_65,primary,2042
Capped,2027,167394,167394,0,True,catchall_60_65,primary,2042
Capped,2028,167394,167394,0,True,catchall_60_65,primary,2042
Capped,2029,167394,167394,0,True,catchall_60_65,primary,2042
Capped,2030,167394,167394,0,True,catchall_60_65,primary,2042
Capped,2031,167394,167394,0,True,catchall_60_65,primary,2042
Capped,2032,167394,167394,0,True,catchall_60_65,primary,2042
Capped,2033,167394,167394,0,True,catchall_60_65,primary,2042
Capped,2034,167394,167394,0,True,catchall_60_65,primary,2042
Capped,2035,167394,167394,0,True,catchall_60_65,primary,2042
Capped,2036,167394,167394,0,True,catchall_60_65,primary,2042
Capped,2037,167394,167394,0,True,catchall_60_65,primary,2042
Capped,2038,167394,167394,0,True,catchall_60_65,primary,2042
Capped,2039,167394,167394,0,True,catchall_60_65,primary,2042
Capped,2040,167394,167394,0,True,catchall_60_65,primary,2042
Uncapped,2009,140987,140987,0,True,catchall_60_65,primary,2043
Uncapped,2010,150262,150262,0,True,catchall_60_65,primary,2043
Uncapped,2011,139302,139302,0,True,catchall_60_65,primary,2043
Uncapped,2012,144647,144647,0,True,catchall_60_65,primary,2043
Uncapped,2013,161269,161269,0,True,catchall_60_65,primary,2043
Uncapped,2014,151359,151359,0,True,catchall_60_65,primary,2043
Uncapped,2015,143952,143952,0,True,catchall_60_65,primary,2043
Uncapped,2016,140350,140350,0,True,catchall_60_65,primary,2043
Uncapped,2017,139604,139604,0,True,catchall_60_65,primary,2043
Uncapped,2018,139483,139483,0,True,catchall_60_65,primary,2043
Uncapped,2019,140586,140586,0,True,catchall_60_65,primary,2043
Uncapped,2020,147153,147153,0,True,catchall_60_65,primary,2043
Uncapped,2021,195507,195507,0,True,catchall_60_65,primary,2043
Uncapped,2022,275250,275250,0,True,catchall_60_65,primary,2043
Uncapped,2023,193928,193928,0,True,catchall_60_65,primary,2043
Uncapped,2024,167394,167394,0,True,catchall_60_65,primary,2043
Uncapped,2025,167394,167394,0,True,catchall_60_65,primary,2043
Uncapped,2026,167394,167394,0,True,catchall_60_65,primary,2043
Uncapped,2027,167394,167394,0,True,catchall_60_65,primary,2043
Uncapped,2028,167394,167394,0,True,catchall_60_65,primary,2043
Uncapped,2029,167394,167394,0,True,catchall_60_65,primary,2043
Uncapped,2030,167394,167394,0,True,catchall_60_65,primary,2043
Uncapped,2031,167394,167394,0,True,catchall_60_65,primary,2043
Uncapped,2032,167394,167394,0,True,catchall_60_65,primary,2043
Uncapped,2033,167394,167394,0,True,catchall_60_65,primary,2043
Uncapped,2034,167394,167394,0,True,catchall_60_65,primary,2043
Uncapped,2035,167394,167394,0,True,catchall_60_65,primary,2043
Uncapped,2036,167394,167394,0,True,catchall_60_65,primary,2043
Uncapped,2037,167394,167394,0,True,catchall_60_65,primary,2043
Uncapped,2038,167394,167394,0,True,catchall_60_65,primary,2043
Uncapped,2039,167394,167394,0,True,catchall_60_65,primary,2043
Uncapped,2040,167394,167394,0,True,catchall_60_65,primary,2043
Capped,2009,140987,140987,0,True,catchall_60_65,primary,2043
Capped,2010,150262,150262,0,True,catchall_60_65,primary,2043
Capped,2011,139302,139302,0,True,catchall_60_65,primary,2043
Capped,2012,144647,144647,0,True,catchall_60_65,primary,2043
Capped,2013,161269,161269,0,True,catchall_60_65,primary,2043
Capped,2014,151359,151359,0,True,catchall_60_65,primary,2043
Capped,2015,143952,143952,0,True,catchall_60_65,primary,2043
Capped,2016,140350,140350,0,True,catchall_60_65,primary,2043
Capped,2017,139604,139604,0,True,catchall_60_65,primary,2043
Capped,2018,139483,139483,0,True,catchall_60_65,primary,2043
Capped,2019,140586,140586,0,True,catchall_60_65,primary,2043
Capped,2020,147153,147153,0,True,catchall_60_65,primary,2043
Capped,2021,195507,195507,0,True,catchall_60_65,primary,2043
Capped,2022,275250,275250,0,True,catchall_60_65,primary,2043
Capped,2023,193928,193928,0,True,catchall_60_65,primary,2043
Capped,2024,167394,167394,0,True,catchall_60_65,primary,2043
Capped,2025,167394,167394,0,True,catchall_60_65,primary,2043
Capped,2026,167394,167394,0,True,catchall_60_65,primary,2043
Capped,2027,167394,167394,0,True,catchall_60_65,primary,2043
Capped,2028,167394,167394,0,True,catchall_60_65,primary,2043
Capped,2029,167394,167394,0,True,catchall_60_65,primary,2043
Capped,2030,167394,167394,0,True,catchall_60_65,primary,2043
Capped,2031,167394,167394,0,True,catchall_60_65,primary,2043
Capped,2032,167394,167394,0,True,catchall_60_65,primary,2043
Capped,2033,167394,167394,0,True,catchall_60_65,primary,2043
Capped,2034,167394,167394,0,True,catchall_60_65,primary,2043
Capped,2035,167394,167394,0,True,catchall_60_65,primary,2043
Capped,2036,167394,167394,0,True,catchall_60_65,primary,2043
Capped,2037,167394,167394,0,True,catchall_60_65,primary,2043
Capped,2038,167394,167394,0,True,catchall_60_65,primary,2043
Capped,2039,167394,167394,0,True,catchall_60_65,primary,2043
Capped,2040,167394,167394,0,True,catchall_60_65,primary,2043
Uncapped,2009,140987,140987,0,True,catchall_60_65,primary,2044
Uncapped,2010,150262,150262,0,True,catchall_60_65,primary,2044
Uncapped,2011,139302,139302,0,True,catchall_60_65,primary,2044
Uncapped,2012,144647,144647,0,True,catchall_60_65,primary,2044
Uncapped,2013,161269,161269,0,True,catchall_60_65,primary,2044
Uncapped,2014,151359,151359,0,True,catchall_60_65,primary,2044
Uncapped,2015,143952,143952,0,True,catchall_60_65,primary,2044
Uncapped,2016,140350,140350,0,True,catchall_60_65,primary,2044
Uncapped,2017,139604,139604,0,True,catchall_60_65,primary,2044
Uncapped,2018,139483,139483,0,True,catchall_60_65,primary,2044
Uncapped,2019,140586,140586,0,True,catchall_60_65,primary,2044
Uncapped,2020,147153,147153,0,True,catchall_60_65,primary,2044
Uncapped,2021,195507,195507,0,True,catchall_60_65,primary,2044
Uncapped,2022,275250,275250,0,True,catchall_60_65,primary,2044
Uncapped,2023,193928,193928,0,True,catchall_60_65,primary,2044
Uncapped,2024,167394,167394,0,True,catchall_60_65,primary,2044
Uncapped,2025,167394,167394,0,True,catchall_60_65,primary,2044
Uncapped,2026,167394,167394,0,True,catchall_60_65,primary,2044
Uncapped,2027,167394,167394,0,True,catchall_60_65,primary,2044
Uncapped,2028,167394,167394,0,True,catchall_60_65,primary,2044
Uncapped,2029,167394,167394,0,True,catchall_60_65,primary,2044
Uncapped,2030,167394,167394,0,True,catchall_60_65,primary,2044
Uncapped,2031,167394,167394,0,True,catchall_60_65,primary,2044
Uncapped,2032,167394,167394,0,True,catchall_60_65,primary,2044
Uncapped,2033,167394,167394,0,True,catchall_60_65,primary,2044
Uncapped,2034,167394,167394,0,True,catchall_60_65,primary,2044
Uncapped,2035,167394,167394,0,True,catchall_60_65,primary,2044
Uncapped,2036,167394,167394,0,True,catchall_60_65,primary,2044
Uncapped,2037,167394,167394,0,True,catchall_60_65,primary,2044
Uncapped,2038,167394,167394,0,True,catchall_60_65,primary,2044
Uncapped,2039,167394,167394,0,True,catchall_60_65,primary,2044
Uncapped,2040,167394,167394,0,True,catchall_60_65,primary,2044
Capped,2009,140987,140987,0,True,catchall_60_65,primary,2044
Capped,2010,150262,150262,0,True,catchall_60_65,primary,2044
Capped,2011,139302,139302,0,True,catchall_60_65,primary,2044
Capped,2012,144647,144647,0,True,catchall_60_65,primary,2044
Capped,2013,161269,161269,0,True,catchall_60_65,primary,2044
Capped,2014,151359,151359,0,True,catchall_60_65,primary,2044
Capped,2015,143952,143952,0,True,catchall_60_65,primary,2044
Capped,2016,140350,140350,0,True,catchall_60_65,primary,2044
Capped,2017,139604,139604,0,True,catchall_60_65,primary,2044
Capped,2018,139483,139483,0,True,catchall_60_65,primary,2044
Capped,2019,140586,140586,0,True,catchall_60_65,primary,2044
Capped,2020,147153,147153,0,True,catchall_60_65,primary,2044
Capped,2021,195507,195507,0,True,catchall_60_65,primary,2044
Capped,2022,275250,275250,0,True,catchall_60_65,primary,2044
Capped,2023,193928,193928,0,True,catchall_60_65,primary,2044
Capped,2024,167394,167394,0,True,catchall_60_65,primary,2044
Capped,2025,167394,167394,0,True,catchall_60_65,primary,2044
Capped,2026,167394,167394,0,True,catchall_60_65,primary,2044
Capped,2027,167394,167394,0,True,catchall_60_65,primary,2044
Capped,2028,167394,167394,0,True,catchall_60_65,primary,2044
Capped,2029,167394,167394,0,True,catchall_60_65,primary,2044
Capped,2030,167394,167394,0,True,catchall_60_65,primary,2044
Capped,2031,167394,167394,0,True,catchall_60_65,primary,2044
Capped,2032,167394,167394,0,True,catchall_60_65,primary,2044
Capped,2033,167394,167394,0,True,catchall_60_65,primary,2044
Capped,2034,167394,167394,0,True,catchall_60_65,primary,2044
Capped,2035,167394,167394,0,True,catchall_60_65,primary,2044
Capped,2036,167394,167394,0,True,catchall_60_65,primary,2044
Capped,2037,167394,167394,0,True,catchall_60_65,primary,2044
Capped,2038,167394,167394,0,True,catchall_60_65,primary,2044
Capped,2039,167394,167394,0,True,catchall_60_65,primary,2044
Capped,2040,167394,167394,0,True,catchall_60_65,primary,2044
Uncapped,2009,140987,140987,0,True,catchall_60_65,primary,2045
Uncapped,2010,150262,150262,0,True,catchall_60_65,primary,2045
Uncapped,2011,139302,139302,0,True,catchall_60_65,primary,2045
Uncapped,2012,144647,144647,0,True,catchall_60_65,primary,2045
Uncapped,2013,161269,161269,0,True,catchall_60_65,primary,2045
Uncapped,2014,151359,151359,0,True,catchall_60_65,primary,2045
Uncapped,2015,143952,143952,0,True,catchall_60_65,primary,2045
Uncapped,2016,140350,140350,0,True,catchall_60_65,primary,2045
Uncapped,2017,139604,139604,0,True,catchall_60_65,primary,2045
Uncapped,2018,139483,139483,0,True,catchall_60_65,primary,2045
Uncapped,2019,140586,140586,0,True,catchall_60_65,primary,2045
Uncapped,2020,147153,147153,0,True,catchall_60_65,primary,2045
Uncapped,2021,195507,195507,0,True,catchall_60_65,primary,2045
Uncapped,2022,275250,275250,0,True,catchall_60_65,primary,2045
Uncapped,2023,193928,193928,0,True,catchall_60_65,primary,2045
Uncapped,2024,167394,167394,0,True,catchall_60_65,primary,2045
Uncapped,2025,167394,167394,0,True,catchall_60_65,primary,2045
Uncapped,2026,167394,167394,0,True,catchall_60_65,primary,2045
Uncapped,2027,167394,167394,0,True,catchall_60_65,primary,2045
Uncapped,2028,167394,167394,0,True,catchall_60_65,primary,2045
Uncapped,2029,167394,167394,0,True,catchall_60_65,primary,2045
Uncapped,2030,167394,167394,0,True,catchall_60_65,primary,2045
Uncapped,2031,167394,167394,0,True,catchall_60_65,primary,2045
Uncapped,2032,167394,167394,0,True,catchall_60_65,primary,2045
Uncapped,2033,167394,167394,0,True,catchall_60_65,primary,2045
Uncapped,2034,167394,167394,0,True,catchall_60_65,primary,2045
Uncapped,2035,167394,167394,0,True,catchall_60_65,primary,2045
Uncapped,2036,167394,167394,0,True,catchall_60_65,primary,2045
Uncapped,2037,167394,167394,0,True,catchall_60_65,primary,2045
Uncapped,2038,167394,167394,0,True,catchall_60_65,primary,2045
Uncapped,2039,167394,167394,0,True,catchall_60_65,primary,2045
Uncapped,2040,167394,167394,0,True,catchall_60_65,primary,2045
Capped,2009,140987,140987,0,True,catchall_60_65,primary,2045
Capped,2010,150262,150262,0,True,catchall_60_65,primary,2045
Capped,2011,139302,139302,0,True,catchall_60_65,primary,2045
Capped,2012,144647,144647,0,True,catchall_60_65,primary,2045
Capped,2013,161269,161269,0,True,catchall_60_65,primary,2045
Capped,2014,151359,151359,0,True,catchall_60_65,primary,2045
Capped,2015,143952,143952,0,True,catchall_60_65,primary,2045
Capped,2016,140350,140350,0,True,catchall_60_65,primary,2045
Capped,2017,139604,139604,0,True,catchall_60_65,primary,2045
Capped,2018,139483,139483,0,True,catchall_60_65,primary,2045
Capped,2019,140586,140586,0,True,catchall_60_65,primary,2045
Capped,2020,147153,147153,0,True,catchall_60_65,primary,2045
Capped,2021,195507,195507,0,True,catchall_60_65,primary,2045
Capped,2022,275250,275250,0,True,catchall_60_65,primary,2045
Capped,2023,193928,193928,0,True,catchall_60_65,primary,2045
Capped,2024,167394,167394,0,True,catchall_60_65,primary,2045
Capped,2025,167394,167394,0,True,catchall_60_65,primary,2045
Capped,2026,167394,167394,0,True,catchall_60_65,primary,2045
Capped,2027,167394,167394,0,True,catchall_60_65,primary,2045
Capped,2028,167394,167394,0,True,catchall_60_65,primary,2045
Capped,2029,167394,167394,0,True,catchall_60_65,primary,2045
Capped,2030,167394,167394,0,True,catchall_60_65,primary,2045
Capped,2031,167394,167394,0,True,catchall_60_65,primary,2045
Capped,2032,167394,167394,0,True,catchall_60_65,primary,2045
Capped,2033,167394,167394,0,True,catchall_60_65,primary,2045
Capped,2034,167394,167394,0,True,catchall_60_65,primary,2045
Capped,2035,167394,167394,0,True,catchall_60_65,primary,2045
Capped,2036,167394,167394,0,True,catchall_60_65,primary,2045
Capped,2037,167394,167394,0,True,catchall_60_65,primary,2045
Capped,2038,167394,167394,0,True,catchall_60_65,primary,2045
Capped,2039,167394,167394,0,True,catchall_60_65,primary,2045
Capped,2040,167394,167394,0,True,catchall_60_65,primary,2045
Uncapped,2009,140987,140987,0,True,catchall_60_65,primary,2046
Uncapped,2010,150262,150262,0,True,catchall_60_65,primary,2046
Uncapped,2011,139302,139302,0,True,catchall_60_65,primary,2046
Uncapped,2012,144647,144647,0,True,catchall_60_65,primary,2046
Uncapped,2013,161269,161269,0,True,catchall_60_65,primary,2046
Uncapped,2014,151359,151359,0,True,catchall_60_65,primary,2046
Uncapped,2015,143952,143952,0,True,catchall_60_65,primary,2046
Uncapped,2016,140350,140350,0,True,catchall_60_65,primary,2046
Uncapped,2017,139604,139604,0,True,catchall_60_65,primary,2046
Uncapped,2018,139483,139483,0,True,catchall_60_65,primary,2046
Uncapped,2019,140586,140586,0,True,catchall_60_65,primary,2046
Uncapped,2020,147153,147153,0,True,catchall_60_65,primary,2046
Uncapped,2021,195507,195507,0,True,catchall_60_65,primary,2046
Uncapped,2022,275250,275250,0,True,catchall_60_65,primary,2046
Uncapped,2023,193928,193928,0,True,catchall_60_65,primary,2046
Uncapped,2024,167394,167394,0,True,catchall_60_65,primary,2046
Uncapped,2025,167394,167394,0,True,catchall_60_65,primary,2046
Uncapped,2026,167394,167394,0,True,catchall_60_65,primary,2046
Uncapped,2027,167394,167394,0,True,catchall_60_65,primary,2046
Uncapped,2028,167394,167394,0,True,catchall_60_65,primary,2046
Uncapped,2029,167394,167394,0,True,catchall_60_65,primary,2046
Uncapped,2030,167394,167394,0,True,catchall_60_65,primary,2046
Uncapped,2031,167394,167394,0,True,catchall_60_65,primary,2046
Uncapped,2032,167394,167394,0,True,catchall_60_65,primary,2046
Uncapped,2033,167394,167394,0,True,catchall_60_65,primary,2046
Uncapped,2034,167394,167394,0,True,catchall_60_65,primary,2046
Uncapped,2035,167394,167394,0,True,catchall_60_65,primary,2046
Uncapped,2036,167394,167394,0,True,catchall_60_65,primary,2046
Uncapped,2037,167394,167394,0,True,catchall_60_65,primary,2046
Uncapped,2038,167394,167394,0,True,catchall_60_65,primary,2046
Uncapped,2039,167394,167394,0,True,catchall_60_65,primary,2046
Uncapped,2040,167394,167394,0,True,catchall_60_65,primary,2046
Capped,2009,140987,140987,0,True,catchall_60_65,primary,2046
Capped,2010,150262,150262,0,True,catchall_60_65,primary,2046
Capped,2011,139302,139302,0,True,catchall_60_65,primary,2046
Capped,2012,144647,144647,0,True,catchall_60_65,primary,2046
Capped,2013,161269,161269,0,True,catchall_60_65,primary,2046
Capped,2014,151359,151359,0,True,catchall_60_65,primary,2046
Capped,2015,143952,143952,0,True,catchall_60_65,primary,2046
Capped,2016,140350,140350,0,True,catchall_60_65,primary,2046
Capped,2017,139604,139604,0,True,catchall_60_65,primary,2046
Capped,2018,139483,139483,0,True,catchall_60_65,primary,2046
Capped,2019,140586,140586,0,True,catchall_60_65,primary,2046
Capped,2020,147153,147153,0,True,catchall_60_65,primary,2046
Capped,2021,195507,195507,0,True,catchall_60_65,primary,2046
Capped,2022,275250,275250,0,True,catchall_60_65,primary,2046
Capped,2023,193928,193928,0,True,catchall_60_65,primary,2046
Capped,2024,167394,167394,0,True,catchall_60_65,primary,2046
Capped,2025,167394,167394,0,True,catchall_60_65,primary,2046
Capped,2026,167394,167394,0,True,catchall_60_65,primary,2046
Capped,2027,167394,167394,0,True,catchall_60_65,primary,2046
Capped,2028,167394,167394,0,True,catchall_60_65,primary,2046
Capped,2029,167394,167394,0,True,catchall_60_65,primary,2046
Capped,2030,167394,167394,0,True,catchall_60_65,primary,2046
Capped,2031,167394,167394,0,True,catchall_60_65,primary,2046
Capped,2032,167394,167394,0,True,catchall_60_65,primary,2046
Capped,2033,167394,167394,0,True,catchall_60_65,primary,2046
Capped,2034,167394,167394,0,True,catchall_60_65,primary,2046
Capped,2035,167394,167394,0,True,catchall_60_65,primary,2046
Capped,2036,167394,167394,0,True,catchall_60_65,primary,2046
Capped,2037,167394,167394,0,True,catchall_60_65,primary,2046
Capped,2038,167394,167394,0,True,catchall_60_65,primary,2046
Capped,2039,167394,167394,0,True,catchall_60_65,primary,2046
Capped,2040,167394,167394,0,True,catchall_60_65,primary,2046
Uncapped,2009,140987,140987,0,True,catchall_60_65,primary,2047
Uncapped,2010,150262,150262,0,True,catchall_60_65,primary,2047
Uncapped,2011,139302,139302,0,True,catchall_60_65,primary,2047
Uncapped,2012,144647,144647,0,True,catchall_60_65,primary,2047
Uncapped,2013,161269,161269,0,True,catchall_60_65,primary,2047
Uncapped,2014,151359,151359,0,True,catchall_60_65,primary,2047
Uncapped,2015,143952,143952,0,True,catchall_60_65,primary,2047
Uncapped,2016,140350,140350,0,True,catchall_60_65,primary,2047
Uncapped,2017,139604,139604,0,True,catchall_60_65,primary,2047
Uncapped,2018,139483,139483,0,True,catchall_60_65,primary,2047
Uncapped,2019,140586,140586,0,True,catchall_60_65,primary,2047
Uncapped,2020,147153,147153,0,True,catchall_60_65,primary,2047
Uncapped,2021,195507,195507,0,True,catchall_60_65,primary,2047
Uncapped,2022,275250,275250,0,True,catchall_60_65,primary,2047
Uncapped,2023,193928,193928,0,True,catchall_60_65,primary,2047
Uncapped,2024,167394,167394,0,True,catchall_60_65,primary,2047
Uncapped,2025,167394,167394,0,True,catchall_60_65,primary,2047
Uncapped,2026,167394,167394,0,True,catchall_60_65,primary,2047
Uncapped,2027,167394,167394,0,True,catchall_60_65,primary,2047
Uncapped,2028,167394,167394,0,True,catchall_60_65,primary,2047
Uncapped,2029,167394,167394,0,True,catchall_60_65,primary,2047
Uncapped,2030,167394,167394,0,True,catchall_60_65,primary,2047
Uncapped,2031,167394,167394,0,True,catchall_60_65,primary,2047
Uncapped,2032,167394,167394,0,True,catchall_60_65,primary,2047
Uncapped,2033,167394,167394,0,True,catchall_60_65,primary,2047
Uncapped,2034,167394,167394,0,True,catchall_60_65,primary,2047
Uncapped,2035,167394,167394,0,True,catchall_60_65,primary,2047
Uncapped,2036,167394,167394,0,True,catchall_60_65,primary,2047
Uncapped,2037,167394,167394,0,True,catchall_60_65,primary,2047
Uncapped,2038,167394,167394,0,True,catchall_60_65,primary,2047
Uncapped,2039,167394,167394,0,True,catchall_60_65,primary,2047
Uncapped,2040,167394,167394,0,True,catchall_60_65,primary,2047
Capped,2009,140987,140987,0,True,catchall_60_65,primary,2047
Capped,2010,150262,150262,0,True,catchall_60_65,primary,2047
Capped,2011,139302,139302,0,True,catchall_60_65,primary,2047
Capped,2012,144647,144647,0,True,catchall_60_65,primary,2047
Capped,2013,161269,161269,0,True,catchall_60_65,primary,2047
Capped,2014,151359,151359,0,True,catchall_60_65,primary,2047
Capped,2015,143952,143952,0,True,catchall_60_65,primary,2047
Capped,2016,140350,140350,0,True,catchall_60_65,primary,2047
Capped,2017,139604,139604,0,True,catchall_60_65,primary,2047
Capped,2018,139483,139483,0,True,catchall_60_65,primary,2047
Capped,2019,140586,140586,0,True,catchall_60_65,primary,2047
Capped,2020,147153,147153,0,True,catchall_60_65,primary,2047
Capped,2021,195507,195507,0,True,catchall_60_65,primary,2047
Capped,2022,275250,275250,0,True,catchall_60_65,primary,2047
Capped,2023,193928,193928,0,True,catchall_60_65,primary,2047
Capped,2024,167394,167394,0,True,catchall_60_65,primary,2047
Capped,2025,167394,167394,0,True,catchall_60_65,primary,2047
Capped,2026,167394,167394,0,True,catchall_60_65,primary,2047
Capped,2027,167394,167394,0,True,catchall_60_65,primary,2047
Capped,2028,167394,167394,0,True,catchall_60_65,primary,2047
Capped,2029,167394,167394,0,True,catchall_60_65,primary,2047
Capped,2030,167394,167394,0,True,catchall_60_65,primary,2047
Capped,2031,167394,167394,0,True,catchall_60_65,primary,2047
Capped,2032,167394,167394,0,True,catchall_60_65,primary,2047
Capped,2033,167394,167394,0,True,catchall_60_65,primary,2047
Capped,2034,167394,167394,0,True,catchall_60_65,primary,2047
Capped,2035,167394,167394,0,True,catchall_60_65,primary,2047
Capped,2036,167394,167394,0,True,catchall_60_65,primary,2047
Capped,2037,167394,167394,0,True,catchall_60_65,primary,2047
Capped,2038,167394,167394,0,True,catchall_60_65,primary,2047
Capped,2039,167394,167394,0,True,catchall_60_65,primary,2047
Capped,2040,167394,167394,0,True,catchall_60_65,primary,2047
Uncapped,2009,140987,140987,0,True,catchall_60_65,primary,2048
Uncapped,2010,150262,150262,0,True,catchall_60_65,primary,2048
Uncapped,2011,139302,139302,0,True,catchall_60_65,primary,2048
Uncapped,2012,144647,144647,0,True,catchall_60_65,primary,2048
Uncapped,2013,161269,161269,0,True,catchall_60_65,primary,2048
Uncapped,2014,151359,151359,0,True,catchall_60_65,primary,2048
Uncapped,2015,143952,143952,0,True,catchall_60_65,primary,2048
Uncapped,2016,140350,140350,0,True,catchall_60_65,primary,2048
Uncapped,2017,139604,139604,0,True,catchall_60_65,primary,2048
Uncapped,2018,139483,139483,0,True,catchall_60_65,primary,2048
Uncapped,2019,140586,140586,0,True,catchall_60_65,primary,2048
Uncapped,2020,147153,147153,0,True,catchall_60_65,primary,2048
Uncapped,2021,195507,195507,0,True,catchall_60_65,primary,2048
Uncapped,2022,275250,275250,0,True,catchall_60_65,primary,2048
Uncapped,2023,193928,193928,0,True,catchall_60_65,primary,2048
Uncapped,2024,167394,167394,0,True,catchall_60_65,primary,2048
Uncapped,2025,167394,167394,0,True,catchall_60_65,primary,2048
Uncapped,2026,167394,167394,0,True,catchall_60_65,primary,2048
Uncapped,2027,167394,167394,0,True,catchall_60_65,primary,2048
Uncapped,2028,167394,167394,0,True,catchall_60_65,primary,2048
Uncapped,2029,167394,167394,0,True,catchall_60_65,primary,2048
Uncapped,2030,167394,167394,0,True,catchall_60_65,primary,2048
Uncapped,2031,167394,167394,0,True,catchall_60_65,primary,2048
Uncapped,2032,167394,167394,0,True,catchall_60_65,primary,2048
Uncapped,2033,167394,167394,0,True,catchall_60_65,primary,2048
Uncapped,2034,167394,167394,0,True,catchall_60_65,primary,2048
Uncapped,2035,167394,167394,0,True,catchall_60_65,primary,2048
Uncapped,2036,167394,167394,0,True,catchall_60_65,primary,2048
Uncapped,2037,167394,167394,0,True,catchall_60_65,primary,2048
Uncapped,2038,167394,167394,0,True,catchall_60_65,primary,2048
Uncapped,2039,167394,167394,0,True,catchall_60_65,primary,2048
Uncapped,2040,167394,167394,0,True,catchall_60_65,primary,2048
Capped,2009,140987,140987,0,True,catchall_60_65,primary,2048
Capped,2010,150262,150262,0,True,catchall_60_65,primary,2048
Capped,2011,139302,139302,0,True,catchall_60_65,primary,2048
Capped,2012,144647,144647,0,True,catchall_60_65,primary,2048
Capped,2013,161269,161269,0,True,catchall_60_65,primary,2048
Capped,2014,151359,151359,0,True,catchall_60_65,primary,2048
Capped,2015,143952,143952,0,True,catchall_60_65,primary,2048
Capped,2016,140350,140350,0,True,catchall_60_65,primary,2048
Capped,2017,139604,139604,0,True,catchall_60_65,primary,2048
Capped,2018,139483,139483,0,True,catchall_60_65,primary,2048
Capped,2019,140586,140586,0,True,catchall_60_65,primary,2048
Capped,2020,147153,147153,0,True,catchall_60_65,primary,2048
Capped,2021,195507,195507,0,True,catchall_60_65,primary,2048
Capped,2022,275250,275250,0,True,catchall_60_65,primary,2048
Capped,2023,193928,193928,0,True,catchall_60_65,primary,2048
Capped,2024,167394,167394,0,True,catchall_60_65,primary,2048
Capped,2025,167394,167394,0,True,catchall_60_65,primary,2048
Capped,2026,167394,167394,0,True,catchall_60_65,primary,2048
Capped,2027,167394,167394,0,True,catchall_60_65,primary,2048
Capped,2028,167394,167394,0,True,catchall_60_65,primary,2048
Capped,2029,167394,167394,0,True,catchall_60_65,primary,2048
Capped,2030,167394,167394,0,True,catchall_60_65,primary,2048
Capped,2031,167394,167394,0,True,catchall_60_65,primary,2048
Capped,2032,167394,167394,0,True,catchall_60_65,primary,2048
Capped,2033,167394,167394,0,True,catchall_60_65,primary,2048
Capped,2034,167394,167394,0,True,catchall_60_65,primary,2048
Capped,2035,167394,167394,0,True,catchall_60_65,primary,2048
Capped,2036,167394,167394,0,True,catchall_60_65,primary,2048
Capped,2037,167394,167394,0,True,catchall_60_65,primary,2048
Capped,2038,167394,167394,0,True,catchall_60_65,primary,2048
Capped,2039,167394,167394,0,True,catchall_60_65,primary,2048
Capped,2040,167394,167394,0,True,catchall_60_65,primary,2048
Uncapped,2009,140987,140987,0,True,catchall_60_65,primary,2049
Uncapped,2010,150262,150262,0,True,catchall_60_65,primary,2049
Uncapped,2011,139302,139302,0,True,catchall_60_65,primary,2049
Uncapped,2012,144647,144647,0,True,catchall_60_65,primary,2049
Uncapped,2013,161269,161269,0,True,catchall_60_65,primary,2049
Uncapped,2014,151359,151359,0,True,catchall_60_65,primary,2049
Uncapped,2015,143952,143952,0,True,catchall_60_65,primary,2049
Uncapped,2016,140350,140350,0,True,catchall_60_65,primary,2049
Uncapped,2017,139604,139604,0,True,catchall_60_65,primary,2049
Uncapped,2018,139483,139483,0,True,catchall_60_65,primary,2049
Uncapped,2019,140586,140586,0,True,catchall_60_65,primary,2049
Uncapped,2020,147153,147153,0,True,catchall_60_65,primary,2049
Uncapped,2021,195507,195507,0,True,catchall_60_65,primary,2049
Uncapped,2022,275250,275250,0,True,catchall_60_65,primary,2049
Uncapped,2023,193928,193928,0,True,catchall_60_65,primary,2049
Uncapped,2024,167394,167394,0,True,catchall_60_65,primary,2049
Uncapped,2025,167394,167394,0,True,catchall_60_65,primary,2049
Uncapped,2026,167394,167394,0,True,catchall_60_65,primary,2049
Uncapped,2027,167394,167394,0,True,catchall_60_65,primary,2049
Uncapped,2028,167394,167394,0,True,catchall_60_65,primary,2049
Uncapped,2029,167394,167394,0,True,catchall_60_65,primary,2049
Uncapped,2030,167394,167394,0,True,catchall_60_65,primary,2049
Uncapped,2031,167394,167394,0,True,catchall_60_65,primary,2049
Uncapped,2032,167394,167394,0,True,catchall_60_65,primary,2049
Uncapped,2033,167394,167394,0,True,catchall_60_65,primary,2049
Uncapped,2034,167394,167394,0,True,catchall_60_65,primary,2049
Uncapped,2035,167394,167394,0,True,catchall_60_65,primary,2049
Uncapped,2036,167394,167394,0,True,catchall_60_65,primary,2049
Uncapped,2037,167394,167394,0,True,catchall_60_65,primary,2049
Uncapped,2038,167394,167394,0,True,catchall_60_65,primary,2049
Uncapped,2039,167394,167394,0,True,catchall_60_65,primary,2049
Uncapped,2040,167394,167394,0,True,catchall_60_65,primary,2049
Capped,2009,140987,140987,0,True,catchall_60_65,primary,2049
Capped,2010,150262,150262,0,True,catchall_60_65,primary,2049
Capped,2011,139302,139302,0,True,catchall_60_65,primary,2049
Capped,2012,144647,144647,0,True,catchall_60_65,primary,2049
Capped,2013,161269,161269,0,True,catchall_60_65,primary,2049
Capped,2014,151359,151359,0,True,catchall_60_65,primary,2049
Capped,2015,143952,143952,0,True,catchall_60_65,primary,2049
Capped,2016,140350,140350,0,True,catchall_60_65,primary,2049
Capped,2017,139604,139604,0,True,catchall_60_65,primary,2049
Capped,2018,139483,139483,0,True,catchall_60_65,primary,2049
Capped,2019,140586,140586,0,True,catchall_60_65,primary,2049
Capped,2020,147153,147153,0,True,catchall_60_65,primary,2049
Capped,2021,195507,195507,0,True,catchall_60_65,primary,2049
Capped,2022,275250,275250,0,True,catchall_60_65,primary,2049
Capped,2023,193928,193928,0,True,catchall_60_65,primary,2049
Capped,2024,167394,167394,0,True,catchall_60_65,primary,2049
Capped,2025,167394,167394,0,True,catchall_60_65,primary,2049
Capped,2026,167394,167394,0,True,catchall_60_65,primary,2049
Capped,2027,167394,167394,0,True,catchall_60_65,primary,2049
Capped,2028,167394,167394,0,True,catchall_60_65,primary,2049
Capped,2029,167394,167394,0,True,catchall_60_65,primary,2049
Capped,2030,167394,167394,0,True,catchall_60_65,primary,2049
Capped,2031,167394,167394,0,True,catchall_60_65,primary,2049
Capped,2032,167394,167394,0,True,catchall_60_65,primary,2049
Capped,2033,167394,167394,0,True,catchall_60_65,primary,2049
Capped,2034,167394,167394,0,True,catchall_60_65,primary,2049
Capped,2035,167394,167394,0,True,catchall_60_65,primary,2049
Capped,2036,167394,167394,0,True,catchall_60_65,primary,2049
Capped,2037,167394,167394,0,True,catchall_60_65,primary,2049
Capped,2038,167394,167394,0,True,catchall_60_65,primary,2049
Capped,2039,167394,167394,0,True,catchall_60_65,primary,2049
Capped,2040,167394,167394,0,True,catchall_60_65,primary,2049
Uncapped,2009,140987,140987,0,True,catchall_60_65,primary,2050
Uncapped,2010,150262,150262,0,True,catchall_60_65,primary,2050
Uncapped,2011,139302,139302,0,True,catchall_60_65,primary,2050
Uncapped,2012,144647,144647,0,True,catchall_60_65,primary,2050
Uncapped,2013,161269,161269,0,True,catchall_60_65,primary,2050
Uncapped,2014,151359,151359,0,True,catchall_60_65,primary,2050
Uncapped,2015,143952,143952,0,True,catchall_60_65,primary,2050
Uncapped,2016,140350,140350,0,True,catchall_60_65,primary,2050
Uncapped,2017,139604,139604,0,True,catchall_60_65,primary,2050
Uncapped,2018,139483,139483,0,True,catchall_60_65,primary,2050
Uncapped,2019,140586,140586,0,True,catchall_60_65,primary,2050
Uncapped,2020,147153,147153,0,True,catchall_60_65,primary,2050
Uncapped,2021,195507,195507,0,True,catchall_60_65,primary,2050
Uncapped,2022,275250,275250,0,True,catchall_60_65,primary,2050
Uncapped,2023,193928,193928,0,True,catchall_60_65,primary,2050
Uncapped,2024,167394,167394,0,True,catchall_60_65,primary,2050
Uncapped,2025,167394,167394,0,True,catchall_60_65,primary,2050
Uncapped,2026,167394,167394,0,True,catchall_60_65,primary,2050
Uncapped,2027,167394,167394,0,True,catchall_60_65,primary,2050
Uncapped,2028,167394,167394,0,True,catchall_60_65,primary,2050
Uncapped,2029,167394,167394,0,True,catchall_60_65,primary,2050
Uncapped,2030,167394,167394,0,True,catchall_60_65,primary,2050
Uncapped,2031,167394,167394,0,True,catchall_60_65,primary,2050
Uncapped,2032,167394,167394,0,True,catchall_60_65,primary,2050
Uncapped,2033,167394,167394,0,True,catchall_60_65,primary,2050
Uncapped,2034,167394,167394,0,True,catchall_60_65,primary,2050
Uncapped,2035,167394,167394,0,True,catchall_60_65,primary,2050
Uncapped,2036,167394,167394,0,True,catchall_60_65,primary,2050
Uncapped,2037,167394,167394,0,True,catchall_60_65,primary,2050
Uncapped,2038,167394,167394,0,True,catchall_60_65,primary,2050
Uncapped,2039,167394,167394,0,True,catchall_60_65,primary,2050
Uncapped,2040,167394,167394,0,True,catchall_60_65,primary,2050
Capped,2009,140987,140987,0,True,catchall_60_65,primary,2050
Capped,2010,150262,150262,0,True,catchall_60_65,primary,2050
Capped,2011,139302,139302,0,True,catchall_60_65,primary,2050
Capped,2012,144647,144647,0,True,catchall_60_65,primary,2050
Capped,2013,161269,161269,0,True,catchall_60_65,primary,2050
Capped,2014,151359,151359,0,True,catchall_60_65,primary,2050
Capped,2015,143952,143952,0,True,catchall_60_65,primary,2050
Capped,2016,140350,140350,0,True,catchall_60_65,primary,2050
Capped,2017,139604,139604,0,True,catchall_60_65,primary,2050
Capped,2018,139483,139483,0,True,catchall_60_65,primary,2050
Capped,2019,140586,140586,0,True,catchall_60_65,primary,2050
Capped,2020,147153,147153,0,True,catchall_60_65,primary,2050
Capped,2021,195507,195507,0,True,catchall_60_65,primary,2050
Capped,2022,275250,275250,0,True,catchall_60_65,primary,2050
Capped,2023,193928,193928,0,True,catchall_60_65,primary,2050
Capped,2024,167394,167394,0,True,catchall_60_65,primary,2050
Capped,2025,167394,167394,0,True,catchall_60_65,primary,2050
Capped,2026,167394,167394,0,True,catchall_60_65,primary,2050
Capped,2027,167394,167394,0,True,catchall_60_65,primary,2050
Capped,2028,167394,167394,0,True,catchall_60_65,primary,2050
Capped,2029,167394,167394,0,True,catchall_60_65,primary,2050
Capped,2030,167394,167394,0,True,catchall_60_65,primary,2050
Capped,2031,167394,167394,0,True,catchall_60_65,primary,2050
Capped,2032,167394,167394,0,True,catchall_60_65,primary,2050
Capped,2033,167394,167394,0,True,catchall_60_65,primary,2050
Capped,2034,167394,167394,0,True,catchall_60_65,primary,2050
Capped,2035,167394,167394,0,True,catchall_60_65,primary,2050
Capped,2036,167394,167394,0,True,catchall_60_65,primary,2050
Capped,2037,167394,167394,0,True,catchall_60_65,primary,2050
Capped,2038,167394,167394,0,True,catchall_60_65,primary,2050
Capped,2039,167394,167394,0,True,catchall_60_65,primary,2050
Capped,2040,167394,167394,0,True,catchall_60_65,primary,2050
Uncapped,2009,140987,140987,0,True,catchall_60_65,primary,2051
Uncapped,2010,150262,150262,0,True,catchall_60_65,primary,2051
Uncapped,2011,139302,139302,0,True,catchall_60_65,primary,2051
Uncapped,2012,144647,144647,0,True,catchall_60_65,primary,2051
Uncapped,2013,161269,161269,0,True,catchall_60_65,primary,2051
Uncapped,2014,151359,151359,0,True,catchall_60_65,primary,2051
Uncapped,2015,143952,143952,0,True,catchall_60_65,primary,2051
Uncapped,2016,140350,140350,0,True,catchall_60_65,primary,2051
Uncapped,2017,139604,139604,0,True,catchall_60_65,primary,2051
Uncapped,2018,139483,139483,0,True,catchall_60_65,primary,2051
Uncapped,2019,140586,140586,0,True,catchall_60_65,primary,2051
Uncapped,2020,147153,147153,0,True,catchall_60_65,primary,2051
Uncapped,2021,195507,195507,0,True,catchall_60_65,primary,2051
Uncapped,2022,275250,275250,0,True,catchall_60_65,primary,2051
Uncapped,2023,193928,193928,0,True,catchall_60_65,primary,2051
Uncapped,2024,167394,167394,0,True,catchall_60_65,primary,2051
Uncapped,2025,167394,167394,0,True,catchall_60_65,primary,2051
Uncapped,2026,167394,167394,0,True,catchall_60_65,primary,2051
Uncapped,2027,167394,167394,0,True,catchall_60_65,primary,2051
Uncapped,2028,167394,167394,0,True,catchall_60_65,primary,2051
Uncapped,2029,167394,167394,0,True,catchall_60_65,primary,2051
Uncapped,2030,167394,167394,0,True,catchall_60_65,primary,2051
Uncapped,2031,167394,167394,0,True,catchall_60_65,primary,2051
Uncapped,2032,167394,167394,0,True,catchall_60_65,primary,2051
Uncapped,2033,167394,167394,0,True,catchall_60_65,primary,2051
Uncapped,2034,167394,167394,0,True,catchall_60_65,primary,2051
Uncapped,2035,167394,167394,0,True,catchall_60_65,primary,2051
Uncapped,2036,167394,167394,0,True,catchall_60_65,primary,2051
Uncapped,2037,167394,167394,0,True,catchall_60_65,primary,2051
Uncapped,2038,167394,167394,0,True,catchall_60_65,primary,2051
Uncapped,2039,167394,167394,0,True,catchall_60_65,primary,2051
Uncapped,2040,167394,167394,0,True,catchall_60_65,primary,2051
Capped,2009,140987,140987,0,True,catchall_60_65,primary,2051
Capped,2010,150262,150262,0,True,catchall_60_65,primary,2051
Capped,2011,139302,139302,0,True,catchall_60_65,primary,2051
Capped,2012,144647,144647,0,True,catchall_60_65,primary,2051
Capped,2013,161269,161269,0,True,catchall_60_65,primary,2051
Capped,2014,151359,151359,0,True,catchall_60_65,primary,2051
Capped,2015,143952,143952,0,True,catchall_60_65,primary,2051
Capped,2016,140350,140350,0,True,catchall_60_65,primary,2051
Capped,2017,139604,139604,0,True,catchall_60_65,primary,2051
Capped,2018,139483,139483,0,True,catchall_60_65,primary,2051
Capped,2019,140586,140586,0,True,catchall_60_65,primary,2051
Capped,2020,147153,147153,0,True,catchall_60_65,primary,2051
Capped,2021,195507,195507,0,True,catchall_60_65,primary,2051
Capped,2022,275250,275250,0,True,catchall_60_65,primary,2051
Capped,2023,193928,193928,0,True,catchall_60_65,primary,2051
Capped,2024,167394,167394,0,True,catchall_60_65,primary,2051
Capped,2025,167394,167394,0,True,catchall_60_65,primary,2051
Capped,2026,167394,167394,0,True,catchall_60_65,primary,2051
Capped,2027,167394,167394,0,True,catchall_60_65,primary,2051
Capped,2028,167394,167394,0,True,catchall_60_65,primary,2051
Capped,2029,167394,167394,0,True,catchall_60_65,primary,2051
Capped,2030,167394,167394,0,True,catchall_60_65,primary,2051
Capped,2031,167394,167394,0,True,catchall_60_65,primary,2051
Capped,2032,167394,167394,0,True,catchall_60_65,primary,2051
Capped,2033,167394,167394,0,True,catchall_60_65,primary,2051
Capped,2034,167394,167394,0,True,catchall_60_65,primary,2051
Capped,2035,167394,167394,0,True,catchall_60_65,primary,2051
Capped,2036,167394,167394,0,True,catchall_60_65,primary,2051
Capped,2037,167394,167394,0,True,catchall_60_65,primary,2051
Capped,2038,167394,167394,0,True,catchall_60_65,primary,2051
Capped,2039,167394,167394,0,True,catchall_60_65,primary,2051
Capped,2040,167394,167394,0,True,catchall_60_65,primary,2051
Uncapped,2009,140987,140987,0,True,catchall_60_65,primary,2052
Uncapped,2010,150262,150262,0,True,catchall_60_65,primary,2052
Uncapped,2011,139302,139302,0,True,catchall_60_65,primary,2052
Uncapped,2012,144647,144647,0,True,catchall_60_65,primary,2052
Uncapped,2013,161269,161269,0,True,catchall_60_65,primary,2052
Uncapped,2014,151359,151359,0,True,catchall_60_65,primary,2052
Uncapped,2015,143952,143952,0,True,catchall_60_65,primary,2052
Uncapped,2016,140350,140350,0,True,catchall_60_65,primary,2052
Uncapped,2017,139604,139604,0,True,catchall_60_65,primary,2052
Uncapped,2018,139483,139483,0,True,catchall_60_65,primary,2052
Uncapped,2019,140586,140586,0,True,catchall_60_65,primary,2052
Uncapped,2020,147153,147153,0,True,catchall_60_65,primary,2052
Uncapped,2021,195507,195507,0,True,catchall_60_65,primary,2052
Uncapped,2022,275250,275250,0,True,catchall_60_65,primary,2052
Uncapped,2023,193928,193928,0,True,catchall_60_65,primary,2052
Uncapped,2024,167394,167394,0,True,catchall_60_65,primary,2052
Uncapped,2025,167394,167394,0,True,catchall_60_65,primary,2052
Uncapped,2026,167394,167394,0,True,catchall_60_65,primary,2052
Uncapped,2027,167394,167394,0,True,catchall_60_65,primary,2052
Uncapped,2028,167394,167394,0,True,catchall_60_65,primary,2052
Uncapped,2029,167394,167394,0,True,catchall_60_65,primary,2052
Uncapped,2030,167394,167394,0,True,catchall_60_65,primary,2052
Uncapped,2031,167394,167394,0,True,catchall_60_65,primary,2052
Uncapped,2032,167394,167394,0,True,catchall_60_65,primary,2052
Uncapped,2033,167394,167394,0,True,catchall_60_65,primary,2052
Uncapped,2034,167394,167394,0,True,catchall_60_65,primary,2052
Uncapped,2035,167394,167394,0,True,catchall_60_65,primary,2052
Uncapped,2036,167394,167394,0,True,catchall_60_65,primary,2052
Uncapped,2037,167394,167394,0,True,catchall_60_65,primary,2052
Uncapped,2038,167394,167394,0,True,catchall_60_65,primary,2052
Uncapped,2039,167394,167394,0,True,catchall_60_65,primary,2052
Uncapped,2040,167394,167394,0,True,catchall_60_65,primary,2052
Capped,2009,140987,140987,0,True,catchall_60_65,primary,2052
Capped,2010,150262,150262,0,True,catchall_60_65,primary,2052
Capped,2011,139302,139302,0,True,catchall_60_65,primary,2052
Capped,2012,144647,144647,0,True,catchall_60_65,primary,2052
Capped,2013,161269,161269,0,True,catchall_60_65,primary,2052
Capped,2014,151359,151359,0,True,catchall_60_65,primary,2052
Capped,2015,143952,143952,0,True,catchall_60_65,primary,2052
Capped,2016,140350,140350,0,True,catchall_60_65,primary,2052
Capped,2017,139604,139604,0,True,catchall_60_65,primary,2052
Capped,2018,139483,139483,0,True,catchall_60_65,primary,2052
Capped,2019,140586,140586,0,True,catchall_60_65,primary,2052
Capped,2020,147153,147153,0,True,catchall_60_65,primary,2052
Capped,2021,195507,195507,0,True,catchall_60_65,primary,2052
Capped,2022,275250,275250,0,True,catchall_60_65,primary,2052
Capped,2023,193928,193928,0,True,catchall_60_65,primary,2052
Capped,2024,167394,167394,0,True,catchall_60_65,primary,2052
Capped,2025,167394,167394,0,True,catchall_60_65,primary,2052
Capped,2026,167394,167394,0,True,catchall_60_65,primary,2052
Capped,2027,167394,167394,0,True,catchall_60_65,primary,2052
Capped,2028,167394,167394,0,True,catchall_60_65,primary,2052
Capped,2029,167394,167394,0,True,catchall_60_65,primary,2052
Capped,2030,167394,167394,0,True,catchall_60_65,primary,2052
Capped,2031,167394,167394,0,True,catchall_60_65,primary,2052
Capped,2032,167394,167394,0,True,catchall_60_65,primary,2052
Capped,2033,167394,167394,0,True,catchall_60_65,primary,2052
Capped,2034,167394,167394,0,True,catchall_60_65,primary,2052
Capped,2035,167394,167394,0,True,catchall_60_65,primary,2052
Capped,2036,167394,167394,0,True,catchall_60_65,primary,2052
Capped,2037,167394,167394,0,True,catchall_60_65,primary,2052
Capped,2038,167394,167394,0,True,catchall_60_65,primary,2052
Capped,2039,167394,167394,0,True,catchall_60_65,primary,2052
Capped,2040,167394,167394,0,True,catchall_60_65,primary,2052
Uncapped,2009,140987,140987,0,True,catchall_60_65,primary,2053
Uncapped,2010,150262,150262,0,True,catchall_60_65,primary,2053
Uncapped,2011,139302,139302,0,True,catchall_60_65,primary,2053
Uncapped,2012,144647,144647,0,True,catchall_60_65,primary,2053
Uncapped,2013,161269,161269,0,True,catchall_60_65,primary,2053
Uncapped,2014,151359,151359,0,True,catchall_60_65,primary,2053
Uncapped,2015,143952,143952,0,True,catchall_60_65,primary,2053
Uncapped,2016,140350,140350,0,True,catchall_60_65,primary,2053
Uncapped,2017,139604,139604,0,True,catchall_60_65,primary,2053
Uncapped,2018,139483,139483,0,True,catchall_60_65,primary,2053
Uncapped,2019,140586,140586,0,True,catchall_60_65,primary,2053
Uncapped,2020,147153,147153,0,True,catchall_60_65,primary,2053
Uncapped,2021,195507,195507,0,True,catchall_60_65,primary,2053
Uncapped,2022,275250,275250,0,True,catchall_60_65,primary,2053
Uncapped,2023,193928,193928,0,True,catchall_60_65,primary,2053
Uncapped,2024,167394,167394,0,True,catchall_60_65,primary,2053
Uncapped,2025,167394,167394,0,True,catchall_60_65,primary,2053
Uncapped,2026,167394,167394,0,True,catchall_60_65,primary,2053
Uncapped,2027,167394,167394,0,True,catchall_60_65,primary,2053
Uncapped,2028,167394,167394,0,True,catchall_60_65,primary,2053
Uncapped,2029,167394,167394,0,True,catchall_60_65,primary,2053
Uncapped,2030,167394,167394,0,True,catchall_60_65,primary,2053
Uncapped,2031,167394,167394,0,True,catchall_60_65,primary,2053
Uncapped,2032,167394,167394,0,True,catchall_60_65,primary,2053
Uncapped,2033,167394,167394,0,True,catchall_60_65,primary,2053
Uncapped,2034,167394,167394,0,True,catchall_60_65,primary,2053
Uncapped,2035,167394,167394,0,True,catchall_60_65,primary,2053
Uncapped,2036,167394,167394,0,True,catchall_60_65,primary,2053
Uncapped,2037,167394,167394,0,True,catchall_60_65,primary,2053
Uncapped,2038,167394,167394,0,True,catchall_60_65,primary,2053
Uncapped,2039,167394,167394,0,True,catchall_60_65,primary,2053
Uncapped,2040,167394,167394,0,True,catchall_60_65,primary,2053
Capped,2009,140987,140987,0,True,catchall_60_65,primary,2053
Capped,2010,150262,150262,0,True,catchall_60_65,primary,2053
Capped,2011,139302,139302,0,True,catchall_60_65,primary,2053
Capped,2012,144647,144647,0,True,catchall_60_65,primary,2053
Capped,2013,161269,161269,0,True,catchall_60_65,primary,2053
Capped,2014,151359,151359,0,True,catchall_60_65,primary,2053
Capped,2015,143952,143952,0,True,catchall_60_65,primary,2053
Capped,2016,140350,140350,0,True,catchall_60_65,primary,2053
Capped,2017,139604,139604,0,True,catchall_60_65,primary,2053
Capped,2018,139483,139483,0,True,catchall_60_65,primary,2053
Capped,2019,140586,140586,0,True,catchall_60_65,primary,2053
Capped,2020,147153,147153,0,True,catchall_60_65,primary,2053
Capped,2021,195507,195507,0,True,catchall_60_65,primary,2053
Capped,2022,275250,275250,0,True,catchall_60_65,primary,2053
Capped,2023,193928,193928,0,True,catchall_60_65,primary,2053
Capped,2024,167394,167394,0,True,catchall_60_65,primary,2053
Capped,2025,167394,167394,0,True,catchall_60_65,primary,2053
Capped,2026,167394,167394,0,True,catchall_60_65,primary,2053
Capped,2027,167394,167394,0,True,catchall_60_65,primary,2053
Capped,2028,167394,167394,0,True,catchall_60_65,primary,2053
Capped,2029,167394,167394,0,True,catchall_60_65,primary,2053
Capped,2030,167394,167394,0,True,catchall_60_65,primary,2053
Capped,2031,167394,167394,0,True,catchall_60_65,primary,2053
Capped,2032,167394,167394,0,True,catchall_60_65,primary,2053
Capped,2033,167394,167394,0,True,catchall_60_65,primary,2053
Capped,2034,167394,167394,0,True,catchall_60_65,primary,2053
Capped,2035,167394,167394,0,True,catchall_60_65,primary,2053
Capped,2036,167394,167394,0,True,catchall_60_65,primary,2053
Capped,2037,167394,167394,0,True,catchall_60_65,primary,2053
Capped,2038,167394,167394,0,True,catchall_60_65,primary,2053
Capped,2039,167394,167394,0,True,catchall_60_65,primary,2053
Capped,2040,167394,167394,0,True,catchall_60_65,primary,2053
Uncapped,2009,140987,140987,0,True,catchall_60_65,primary,2054
Uncapped,2010,150262,150262,0,True,catchall_60_65,primary,2054
Uncapped,2011,139302,139302,0,True,catchall_60_65,primary,2054
Uncapped,2012,144647,144647,0,True,catchall_60_65,primary,2054
Uncapped,2013,161269,161269,0,True,catchall_60_65,primary,2054
Uncapped,2014,151359,151359,0,True,catchall_60_65,primary,2054
Uncapped,2015,143952,143952,0,True,catchall_60_65,primary,2054
Uncapped,2016,140350,140350,0,True,catchall_60_65,primary,2054
Uncapped,2017,139604,139604,0,True,catchall_60_65,primary,2054
Uncapped,2018,139483,139483,0,True,catchall_60_65,primary,2054
Uncapped,2019,140586,140586,0,True,catchall_60_65,primary,2054
Uncapped,2020,147153,147153,0,True,catchall_60_65,primary,2054
Uncapped,2021,195507,195507,0,True,catchall_60_65,primary,2054
Uncapped,2022,275250,275250,0,True,catchall_60_65,primary,2054
Uncapped,2023,193928,193928,0,True,catchall_60_65,primary,2054
Uncapped,2024,167394,167394,0,True,catchall_60_65,primary,2054
Uncapped,2025,167394,167394,0,True,catchall_60_65,primary,2054
Uncapped,2026,167394,167394,0,True,catchall_60_65,primary,2054
Uncapped,2027,167394,167394,0,True,catchall_60_65,primary,2054
Uncapped,2028,167394,167394,0,True,catchall_60_65,primary,2054
Uncapped,2029,167394,167394,0,True,catchall_60_65,primary,2054
Uncapped,2030,167394,167394,0,True,catchall_60_65,primary,2054
Uncapped,2031,167394,167394,0,True,catchall_60_65,primary,2054
Uncapped,2032,167394,167394,0,True,catchall_60_65,primary,2054
Uncapped,2033,167394,167394,0,True,catchall_60_65,primary,2054
Uncapped,2034,167394,167394,0,True,catchall_60_65,primary,2054
Uncapped,2035,167394,167394,0,True,catchall_60_65,primary,2054
Uncapped,2036,167394,167394,0,True,catchall_60_65,primary,2054
Uncapped,2037,167394,167394,0,True,catchall_60_65,primary,2054
Uncapped,2038,167394,167394,0,True,catchall_60_65,primary,2054
Uncapped,2039,167394,167394,0,True,catchall_60_65,primary,2054
Uncapped,2040,167394,167394,0,True,catchall_60_65,primary,2054
Capped,2009,140987,140987,0,True,catchall_60_65,primary,2054
Capped,2010,150262,150262,0,True,catchall_60_65,primary,2054
Capped,2011,139302,139302,0,True,catchall_60_65,primary,2054
Capped,2012,144647,144647,0,True,catchall_60_65,primary,2054
Capped,2013,161269,161269,0,True,catchall_60_65,primary,2054
Capped,2014,151359,151359,0,True,catchall_60_65,primary,2054
Capped,2015,143952,143952,0,True,catchall_60_65,primary,2054
Capped,2016,140350,140350,0,True,catchall_60_65,primary,2054
Capped,2017,139604,139604,0,True,catchall_60_65,primary,2054
Capped,2018,139483,139483,0,True,catchall_60_65,primary,2054
Capped,2019,140586,140586,0,True,catchall_60_65,primary,2054
Capped,2020,147153,147153,0,True,catchall_60_65,primary,2054
Capped,2021,195507,195507,0,True,catchall_60_65,primary,2054
Capped,2022,275250,275250,0,True,catchall_60_65,primary,2054
Capped,2023,193928,193928,0,True,catchall_60_65,primary,2054
Capped,2024,167394,167394,0,True,catchall_60_65,primary,2054
Capped,2025,167394,167394,0,True,catchall_60_65,primary,2054
Capped,2026,167394,167394,0,True,catchall_60_65,primary,2054
Capped,2027,167394,167394,0,True,catchall_60_65,primary,2054
Capped,2028,167394,167394,0,True,catchall_60_65,primary,2054
Capped,2029,167394,167394,0,True,catchall_60_65,primary,2054
Capped,2030,167394,167394,0,True,catchall_60_65,primary,2054
Capped,2031,167394,167394,0,True,catchall_60_65,primary,2054
Capped,2032,167394,167394,0,True,catchall_60_65,primary,2054
Capped,2033,167394,167394,0,True,catchall_60_65,primary,2054
Capped,2034,167394,167394,0,True,catchall_60_65,primary,2054
Capped,2035,167394,167394,0,True,catchall_60_65,primary,2054
Capped,2036,167394,167394,0,True,catchall_60_65,primary,2054
Capped,2037,167394,167394,0,True,catchall_60_65,primary,2054
Capped,2038,167394,167394,0,True,catchall_60_65,primary,2054
Capped,2039,167394,167394,0,True,catchall_60_65,primary,2054
Capped,2040,167394,167394,0,True,catchall_60_65,primary,2054
Uncapped,2009,140987,140987,0,True,catchall_60_65,primary,2055
Uncapped,2010,150262,150262,0,True,catchall_60_65,primary,2055
Uncapped,2011,139302,139302,0,True,catchall_60_65,primary,2055
Uncapped,2012,144647,144647,0,True,catchall_60_65,primary,2055
Uncapped,2013,161269,161269,0,True,catchall_60_65,primary,2055
Uncapped,2014,151359,151359,0,True,catchall_60_65,primary,2055
Uncapped,2015,143952,143952,0,True,catchall_60_65,primary,2055
Uncapped,2016,140350,140350,0,True,catchall_60_65,primary,2055
Uncapped,2017,139604,139604,0,True,catchall_60_65,primary,2055
Uncapped,2018,139483,139483,0,True,catchall_60_65,primary,2055
Uncapped,2019,140586,140586,0,True,catchall_60_65,primary,2055
Uncapped,2020,147153,147153,0,True,catchall_60_65,primary,2055
Uncapped,2021,195507,195507,0,True,catchall_60_65,primary,2055
Uncapped,2022,275250,275250,0,True,catchall_60_65,primary,2055
Uncapped,2023,193928,193928,0,True,catchall_60_65,primary,2055
Uncapped,2024,167394,167394,0,True,catchall_60_65,primary,2055
Uncapped,2025,167394,167394,0,True,catchall_60_65,primary,2055
Uncapped,2026,167394,167394,0,True,catchall_60_65,primary,2055
Uncapped,2027,167394,167394,0,True,catchall_60_65,primary,2055
Uncapped,2028,167394,167394,0,True,catchall_60_65,primary,2055
Uncapped,2029,167394,167394,0,True,catchall_60_65,primary,2055
Uncapped,2030,167394,167394,0,True,catchall_60_65,primary,2055
Uncapped,2031,167394,167394,0,True,catchall_60_65,primary,2055
Uncapped,2032,167394,167394,0,True,catchall_60_65,primary,2055
Uncapped,2033,167394,167394,0,True,catchall_60_65,primary,2055
Uncapped,2034,167394,167394,0,True,catchall_60_65,primary,2055
Uncapped,2035,167394,167394,0,True,catchall_60_65,primary,2055
Uncapped,2036,167394,167394,0,True,catchall_60_65,primary,2055
Uncapped,2037,167394,167394,0,True,catchall_60_65,primary,2055
Uncapped,2038,167394,167394,0,True,catchall_60_65,primary,2055
Uncapped,2039,167394,167394,0,True,catchall_60_65,primary,2055
Uncapped,2040,167394,167394,0,True,catchall_60_65,primary,2055
Capped,2009,140987,140987,0,True,catchall_60_65,primary,2055
Capped,2010,150262,150262,0,True,catchall_60_65,primary,2055
Capped,2011,139302,139302,0,True,catchall_60_65,primary,2055
Capped,2012,144647,144647,0,True,catchall_60_65,primary,2055
Capped,2013,161269,161269,0,True,catchall_60_65,primary,2055
Capped,2014,151359,151359,0,True,catchall_60_65,primary,2055
Capped,2015,143952,143952,0,True,catchall_60_65,primary,2055
Capped,2016,140350,140350,0,True,catchall_60_65,primary,2055
Capped,2017,139604,139604,0,True,catchall_60_65,primary,2055
Capped,2018,139483,139483,0,True,catchall_60_65,primary,2055
Capped,2019,140586,140586,0,True,catchall_60_65,primary,2055
Capped,2020,147153,147153,0,True,catchall_60_65,primary,2055
Capped,2021,195507,195507,0,True,catchall_60_65,primary,2055
Capped,2022,275250,275250,0,True,catchall_60_65,primary,2055
Capped,2023,193928,193928,0,True,catchall_60_65,primary,2055
Capped,2024,167394,167394,0,True,catchall_60_65,primary,2055
Capped,2025,167394,167394,0,True,catchall_60_65,primary,2055
Capped,2026,167394,167394,0,True,catchall_60_65,primary,2055
Capped,2027,167394,167394,0,True,catchall_60_65,primary,2055
Capped,2028,167394,167394,0,True,catchall_60_65,primary,2055
Capped,2029,167394,167394,0,True,catchall_60_65,primary,2055
Capped,2030,167394,167394,0,True,catchall_60_65,primary,2055
Capped,2031,167394,167394,0,True,catchall_60_65,primary,2055
Capped,2032,167394,167394,0,True,catchall_60_65,primary,2055
Capped,2033,167394,167394,0,True,catchall_60_65,primary,2055
Capped,2034,167394,167394,0,True,catchall_60_65,primary,2055
Capped,2035,167394,167394,0,True,catchall_60_65,primary,2055
Capped,2036,167394,167394,0,True,catchall_60_65,primary,2055
Capped,2037,167394,167394,0,True,catchall_60_65,primary,2055
Capped,2038,167394,167394,0,True,catchall_60_65,primary,2055
Capped,2039,167394,167394,0,True,catchall_60_65,primary,2055
Capped,2040,167394,167394,0,True,catchall_60_65,primary,2055
Uncapped,2009,140987,140987,0,True,catchall_60_65,primary,2056
Uncapped,2010,150262,150262,0,True,catchall_60_65,primary,2056
Uncapped,2011,139302,139302,0,True,catchall_60_65,primary,2056
Uncapped,2012,144647,144647,0,True,catchall_60_65,primary,2056
Uncapped,2013,161269,161269,0,True,catchall_60_65,primary,2056
Uncapped,2014,151359,151359,0,True,catchall_60_65,primary,2056
Uncapped,2015,143952,143952,0,True,catchall_60_65,primary,2056
Uncapped,2016,140350,140350,0,True,catchall_60_65,primary,2056
Uncapped,2017,139604,139604,0,True,catchall_60_65,primary,2056
Uncapped,2018,139483,139483,0,True,catchall_60_65,primary,2056
Uncapped,2019,140586,140586,0,True,catchall_60_65,primary,2056
Uncapped,2020,147153,147153,0,True,catchall_60_65,primary,2056
Uncapped,2021,195507,195507,0,True,catchall_60_65,primary,2056
Uncapped,2022,275250,275250,0,True,catchall_60_65,primary,2056
Uncapped,2023,193928,193928,0,True,catchall_60_65,primary,2056
Uncapped,2024,167394,167394,0,True,catchall_60_65,primary,2056
Uncapped,2025,167394,167394,0,True,catchall_60_65,primary,2056
Uncapped,2026,167394,167394,0,True,catchall_60_65,primary,2056
Uncapped,2027,167394,167394,0,True,catchall_60_65,primary,2056
Uncapped,2028,167394,167394,0,True,catchall_60_65,primary,2056
Uncapped,2029,167394,167394,0,True,catchall_60_65,primary,2056
Uncapped,2030,167394,167394,0,True,catchall_60_65,primary,2056
Uncapped,2031,167394,167394,0,True,catchall_60_65,primary,2056
Uncapped,2032,167394,167394,0,True,catchall_60_65,primary,2056
Uncapped,2033,167394,167394,0,True,catchall_60_65,primary,2056
Uncapped,2034,167394,167394,0,True,catchall_60_65,primary,2056
Uncapped,2035,167394,167394,0,True,catchall_60_65,primary,2056
Uncapped,2036,167394,167394,0,True,catchall_60_65,primary,2056
Uncapped,2037,167394,167394,0,True,catchall_60_65,primary,2056
Uncapped,2038,167394,167394,0,True,catchall_60_65,primary,2056
Uncapped,2039,167394,167394,0,True,catchall_60_65,primary,2056
Uncapped,2040,167394,167394,0,True,catchall_60_65,primary,2056
Capped,2009,140987,140987,0,True,catchall_60_65,primary,2056
Capped,2010,150262,150262,0,True,catchall_60_65,primary,2056
Capped,2011,139302,139302,0,True,catchall_60_65,primary,2056
Capped,2012,144647,144647,0,True,catchall_60_65,primary,2056
Capped,2013,161269,161269,0,True,catchall_60_65,primary,2056
Capped,2014,151359,151359,0,True,catchall_60_65,primary,2056
Capped,2015,143952,143952,0,True,catchall_60_65,primary,2056
Capped,2016,140350,140350,0,True,catchall_60_65,primary,2056
Capped,2017,139604,139604,0,True,catchall_60_65,primary,2056
Capped,2018,139483,139483,0,True,catchall_60_65,primary,2056
Capped,2019,140586,140586,0,True,catchall_60_65,primary,2056
Capped,2020,147153,147153,0,True,catchall_60_65,primary,2056
Capped,2021,195507,195507,0,True,catchall_60_65,primary,2056
Capped,2022,275250,275250,0,True,catchall_60_65,primary,2056
Capped,2023,193928,193928,0,True,catchall_60_65,primary,2056
Capped,2024,167394,167394,0,True,catchall_60_65,primary,2056
Capped,2025,167394,167394,0,True,catchall_60_65,primary,2056
Capped,2026,167394,167394,0,True,catchall_60_65,primary,2056
Capped,2027,167394,167394,0,True,catchall_60_65,primary,2056
Capped,2028,167394,167394,0,True,catchall_60_65,primary,2056
Capped,2029,167394,167394,0,True,catchall_60_65,primary,2056
Capped,2030,167394,167394,0,True,catchall_60_65,primary,2056
Capped,2031,167394,167394,0,True,catchall_60_65,primary,2056
Capped,2032,167394,167394,0,True,catchall_60_65,primary,2056
Capped,2033,167394,167394,0,True,catchall_60_65,primary,2056
Capped,2034,167394,167394,0,True,catchall_60_65,primary,2056
Capped,2035,167394,167394,0,True,catchall_60_65,primary,2056
Capped,2036,167394,167394,0,True,catchall_60_65,primary,2056
Capped,2037,167394,167394,0,True,catchall_60_65,primary,2056
Capped,2038,167394,167394,0,True,catchall_60_65,primary,2056
Capped,2039,167394,167394,0,True,catchall_60_65,primary,2056
Capped,2040,167394,167394,0,True,catchall_60_65,primary,2056
Uncapped,2009,140987,140987,0,True,catchall_60_65,primary,2057
Uncapped,2010,150262,150262,0,True,catchall_60_65,primary,2057
Uncapped,2011,139302,139302,0,True,catchall_60_65,primary,2057
Uncapped,2012,144647,144647,0,True,catchall_60_65,primary,2057
Uncapped,2013,161269,161269,0,True,catchall_60_65,primary,2057
Uncapped,2014,151359,151359,0,True,catchall_60_65,primary,2057
Uncapped,2015,143952,143952,0,True,catchall_60_65,primary,2057
Uncapped,2016,140350,140350,0,True,catchall_60_65,primary,2057
Uncapped,2017,139604,139604,0,True,catchall_60_65,primary,2057
Uncapped,2018,139483,139483,0,True,catchall_60_65,primary,2057
Uncapped,2019,140586,140586,0,True,catchall_60_65,primary,2057
Uncapped,2020,147153,147153,0,True,catchall_60_65,primary,2057
Uncapped,2021,195507,195507,0,True,catchall_60_65,primary,2057
Uncapped,2022,275250,275250,0,True,catchall_60_65,primary,2057
Uncapped,2023,193928,193928,0,True,catchall_60_65,primary,2057
Uncapped,2024,167394,167394,0,True,catchall_60_65,primary,2057
Uncapped,2025,167394,167394,0,True,catchall_60_65,primary,2057
Uncapped,2026,167394,167394,0,True,catchall_60_65,primary,2057
Uncapped,2027,167394,167394,0,True,catchall_60_65,primary,2057
Uncapped,2028,167394,167394,0,True,catchall_60_65,primary,2057
Uncapped,2029,167394,167394,0,True,catchall_60_65,primary,2057
Uncapped,2030,167394,167394,0,True,catchall_60_65,primary,2057
Uncapped,2031,167394,167394,0,True,catchall_60_65,primary,2057
Uncapped,2032,167394,167394,0,True,catchall_60_65,primary,2057
Uncapped,2033,167394,167394,0,True,catchall_60_65,primary,2057
Uncapped,2034,167394,167394,0,True,catchall_60_65,primary,2057
Uncapped,2035,167394,167394,0,True,catchall_60_65,primary,2057
Uncapped,2036,167394,167394,0,True,catchall_60_65,primary,2057
Uncapped,2037,167394,167394,0,True,catchall_60_65,primary,2057
Uncapped,2038,167394,167394,0,True,catchall_60_65,primary,2057
Uncapped,2039,167394,167394,0,True,catchall_60_65,primary,2057
Uncapped,2040,167394,167394,0,True,catchall_60_65,primary,2057
Capped,2009,140987,140987,0,True,catchall_60_65,primary,2057
Capped,2010,150262,150262,0,True,catchall_60_65,primary,2057
Capped,2011,139302,139302,0,True,catchall_60_65,primary,2057
Capped,2012,144647,144647,0,True,catchall_60_65,primary,2057
Capped,2013,161269,161269,0,True,catchall_60_65,primary,2057
Capped,2014,151359,151359,0,True,catchall_60_65,primary,2057
Capped,2015,143952,143952,0,True,catchall_60_65,primary,2057
Capped,2016,140350,140350,0,True,catchall_60_65,primary,2057
Capped,2017,139604,139604,0,True,catchall_60_65,primary,2057
Capped,2018,139483,139483,0,True,catchall_60_65,primary,2057
Capped,2019,140586,140586,0,True,catchall_60_65,primary,2057
Capped,2020,147153,147153,0,True,catchall_60_65,primary,2057
Capped,2021,195507,195507,0,True,catchall_60_65,primary,2057
Capped,2022,275250,275250,0,True,catchall_60_65,primary,2057
Capped,2023,193928,193928,0,True,catchall_60_65,primary,2057
Capped,2024,167394,167394,0,True,catchall_60_65,primary,2057
Capped,2025,167394,167394,0,True,catchall_60_65,primary,2057
Capped,2026,167394,167394,0,True,catchall_60_65,primary,2057
Capped,2027,167394,167394,0,True,catchall_60_65,primary,2057
Capped,2028,167394,167394,0,True,catchall_60_65,primary,2057
Capped,2029,167394,167394,0,True,catchall_60_65,primary,2057
Capped,2030,167394,167394,0,True,catchall_60_65,primary,2057
Capped,2031,167394,167394,0,True,catchall_60_65,primary,2057
Capped,2032,167394,167394,0,True,catchall_60_65,primary,2057
Capped,2033,167394,167394,0,True,catchall_60_65,primary,2057
Capped,2034,167394,167394,0,True,catchall_60_65,primary,2057
Capped,2035,167394,167394,0,True,catchall_60_65,primary,2057
Capped,2036,167394,167394,0,True,catchall_60_65,primary,2057
Capped,2037,167394,167394,0,True,catchall_60_65,primary,2057
Capped,2038,167394,167394,0,True,catchall_60_65,primary,2057
Capped,2039,167394,167394,0,True,catchall_60_65,primary,2057
Capped,2040,167394,167394,0,True,catchall_60_65,primary,2057
Uncapped,2009,140987,140987,0,True,catchall_60_65,primary,2058
Uncapped,2010,150262,150262,0,True,catchall_60_65,primary,2058
Uncapped,2011,139302,139302,0,True,catchall_60_65,primary,2058
Uncapped,2012,144647,144647,0,True,catchall_60_65,primary,2058
Uncapped,2013,161269,161269,0,True,catchall_60_65,primary,2058
Uncapped,2014,151359,151359,0,True,catchall_60_65,primary,2058
Uncapped,2015,143952,143952,0,True,catchall_60_65,primary,2058
Uncapped,2016,140350,140350,0,True,catchall_60_65,primary,2058
Uncapped,2017,139604,139604,0,True,catchall_60_65,primary,2058
Uncapped,2018,139483,139483,0,True,catchall_60_65,primary,2058
Uncapped,2019,140586,140586,0,True,catchall_60_65,primary,2058
Uncapped,2020,147153,147153,0,True,catchall_60_65,primary,2058
Uncapped,2021,195507,195507,0,True,catchall_60_65,primary,2058
Uncapped,2022,275250,275250,0,True,catchall_60_65,primary,2058
Uncapped,2023,193928,193928,0,True,catchall_60_65,primary,2058
Uncapped,2024,167394,167394,0,True,catchall_60_65,primary,2058
Uncapped,2025,167394,167394,0,True,catchall_60_65,primary,2058
Uncapped,2026,167394,167394,0,True,catchall_60_65,primary,2058
Uncapped,2027,167394,167394,0,True,catchall_60_65,primary,2058
Uncapped,2028,167394,167394,0,True,catchall_60_65,primary,2058
Uncapped,2029,167394,167394,0,True,catchall_60_65,primary,2058
Uncapped,2030,167394,167394,0,True,catchall_60_65,primary,2058
Uncapped,2031,167394,167394,0,True,catchall_60_65,primary,2058
Uncapped,2032,167394,167394,0,True,catchall_60_65,primary,2058
Uncapped,2033,167394,167394,0,True,catchall_60_65,primary,2058
Uncapped,2034,167394,167394,0,True,catchall_60_65,primary,2058
Uncapped,2035,167394,167394,0,True,catchall_60_65,primary,2058
Uncapped,2036,167394,167394,0,True,catchall_60_65,primary,2058
Uncapped,2037,167394,167394,0,True,catchall_60_65,primary,2058
Uncapped,2038,167394,167394,0,True,catchall_60_65,primary,2058
Uncapped,2039,167394,167394,0,True,catchall_60_65,primary,2058
Uncapped,2040,167394,167394,0,True,catchall_60_65,primary,2058
Capped,2009,140987,140987,0,True,catchall_60_65,primary,2058
Capped,2010,150262,150262,0,True,catchall_60_65,primary,2058
Capped,2011,139302,139302,0,True,catchall_60_65,primary,2058
Capped,2012,144647,144647,0,True,catchall_60_65,primary,2058
Capped,2013,161269,161269,0,True,catchall_60_65,primary,2058
Capped,2014,151359,151359,0,True,catchall_60_65,primary,2058
Capped,2015,143952,143952,0,True,catchall_60_65,primary,2058
Capped,2016,140350,140350,0,True,catchall_60_65,primary,2058
Capped,2017,139604,139604,0,True,catchall_60_65,primary,2058
Capped,2018,139483,139483,0,True,catchall_60_65,primary,2058
Capped,2019,140586,140586,0,True,catchall_60_65,primary,2058
Capped,2020,147153,147153,0,True,catchall_60_65,primary,2058
Capped,2021,195507,195507,0,True,catchall_60_65,primary,2058
Capped,2022,275250,275250,0,True,catchall_60_65,primary,2058
Capped,2023,193928,193928,0,True,catchall_60_65,primary,2058
Capped,2024,167394,167394,0,True,catchall_60_65,primary,2058
Capped,2025,167394,167394,0,True,catchall_60_65,primary,2058
Capped,2026,167394,167394,0,True,catchall_60_65,primary,2058
Capped,2027,167394,167394,0,True,catchall_60_65,primary,2058
Capped,2028,167394,167394,0,True,catchall_60_65,primary,2058
Capped,2029,167394,167394,0,True,catchall_60_65,primary,2058
Capped,2030,167394,167394,0,True,catchall_60_65,primary,2058
Capped,2031,167394,167394,0,True,catchall_60_65,primary,2058
Capped,2032,167394,167394,0,True,catchall_60_65,primary,2058
Capped,2033,167394,167394,0,True,catchall_60_65,primary,2058
Capped,2034,167394,167394,0,True,catchall_60_65,primary,2058
Capped,2035,167394,167394,0,True,catchall_60_65,primary,2058
Capped,2036,167394,167394,0,True,catchall_60_65,primary,2058
Capped,2037,167394,167394,0,True,catchall_60_65,primary,2058
Capped,2038,167394,167394,0,True,catchall_60_65,primary,2058
Capped,2039,167394,167394,0,True,catchall_60_65,primary,2058
Capped,2040,167394,167394,0,True,catchall_60_65,primary,2058
Uncapped,2009,140987,140987,0,True,catchall_60_65,primary,2059
Uncapped,2010,150262,150262,0,True,catchall_60_65,primary,2059
Uncapped,2011,139302,139302,0,True,catchall_60_65,primary,2059
Uncapped,2012,144647,144647,0,True,catchall_60_65,primary,2059
Uncapped,2013,161269,161269,0,True,catchall_60_65,primary,2059
Uncapped,2014,151359,151359,0,True,catchall_60_65,primary,2059
Uncapped,2015,143952,143952,0,True,catchall_60_65,primary,2059
Uncapped,2016,140350,140350,0,True,catchall_60_65,primary,2059
Uncapped,2017,139604,139604,0,True,catchall_60_65,primary,2059
Uncapped,2018,139483,139483,0,True,catchall_60_65,primary,2059
Uncapped,2019,140586,140586,0,True,catchall_60_65,primary,2059
Uncapped,2020,147153,147153,0,True,catchall_60_65,primary,2059
Uncapped,2021,195507,195507,0,True,catchall_60_65,primary,2059
Uncapped,2022,275250,275250,0,True,catchall_60_65,primary,2059
Uncapped,2023,193928,193928,0,True,catchall_60_65,primary,2059
Uncapped,2024,167394,167394,0,True,catchall_60_65,primary,2059
Uncapped,2025,167394,167394,0,True,catchall_60_65,primary,2059
Uncapped,2026,167394,167394,0,True,catchall_60_65,primary,2059
Uncapped,2027,167394,167394,0,True,catchall_60_65,primary,2059
Uncapped,2028,167394,167394,0,True,catchall_60_65,primary,2059
Uncapped,2029,167394,167394,0,True,catchall_60_65,primary,2059
Uncapped,2030,167394,167394,0,True,catchall_60_65,primary,2059
Uncapped,2031,167394,167394,0,True,catchall_60_65,primary,2059
Uncapped,2032,167394,167394,0,True,catchall_60_65,primary,2059
Uncapped,2033,167394,167394,0,True,catchall_60_65,primary,2059
Uncapped,2034,167394,167394,0,True,catchall_60_65,primary,2059
Uncapped,2035,167394,167394,0,True,catchall_60_65,primary,2059
Uncapped,2036,167394,167394,0,True,catchall_60_65,primary,2059
Uncapped,2037,167394,167394,0,True,catchall_60_65,primary,2059
Uncapped,2038,167394,167394,0,True,catchall_60_65,primary,2059
Uncapped,2039,167394,167394,0,True,catchall_60_65,primary,2059
Uncapped,2040,167394,167394,0,True,catchall_60_65,primary,2059
Capped,2009,140987,140987,0,True,catchall_60_65,primary,2059
Capped,2010,150262,150262,0,True,catchall_60_65,primary,2059
Capped,2011,139302,139302,0,True,catchall_60_65,primary,2059
Capped,2012,144647,144647,0,True,catchall_60_65,primary,2059
Capped,2013,161269,161269,0,True,catchall_60_65,primary,2059
Capped,2014,151359,151359,0,True,catchall_60_65,primary,2059
Capped,2015,143952,143952,0,True,catchall_60_65,primary,2059
Capped,2016,140350,140350,0,True,catchall_60_65,primary,2059
Capped,2017,139604,139604,0,True,catchall_60_65,primary,2059
Capped,2018,139483,139483,0,True,catchall_60_65,primary,2059
Capped,2019,140586,140586,0,True,catchall_60_65,primary,2059
Capped,2020,147153,147153,0,True,catchall_60_65,primary,2059
Capped,2021,195507,195507,0,True,catchall_60_65,primary,2059
Capped,2022,275250,275250,0,True,catchall_60_65,primary,2059
Capped,2023,193928,193928,0,True,catchall_60_65,primary,2059
Capped,2024,167394,167394,0,True,catchall_60_65,primary,2059
Capped,2025,167394,167394,0,True,catchall_60_65,primary,2059
Capped,2026,167394,167394,0,True,catchall_60_65,primary,2059
Capped,2027,167394,167394,0,True,catchall_60_65,primary,2059
Capped,2028,167394,167394,0,True,catchall_60_65,primary,2059
Capped,2029,167394,167394,0,True,catchall_60_65,primary,2059
Capped,2030,167394,167394,0,True,catchall_60_65,primary,2059
Capped,2031,167394,167394,0,True,catchall_60_65,primary,2059
Capped,2032,167394,167394,0,True,catchall_60_65,primary,2059
Capped,2033,167394,167394,0,True,catchall_60_65,primary,2059
Capped,2034,167394,167394,0,True,catchall_60_65,primary,2059
Capped,2035,167394,167394,0,True,catchall_60_65,primary,2059
Capped,2036,167394,167394,0,True,catchall_60_65,primary,2059
Capped,2037,167394,167394,0,True,catchall_60_65,primary,2059
Capped,2038,167394,167394,0,True,catchall_60_65,primary,2059
Capped,2039,167394,167394,0,True,catchall_60_65,primary,2059
Capped,2040,167394,167394,0,True,catchall_60_65,primary,2059
Uncapped,2009,140987,140987,0,True,catchall_60_65,primary,2060
Uncapped,2010,150262,150262,0,True,catchall_60_65,primary,2060
Uncapped,2011,139302,139302,0,True,catchall_60_65,primary,2060
Uncapped,2012,144647,144647,0,True,catchall_60_65,primary,2060
Uncapped,2013,161269,161269,0,True,catchall_60_65,primary,2060
Uncapped,2014,151359,151359,0,True,catchall_60_65,primary,2060
Uncapped,2015,143952,143952,0,True,catchall_60_65,primary,2060
Uncapped,2016,140350,140350,0,True,catchall_60_65,primary,2060
Uncapped,2017,139604,139604,0,True,catchall_60_65,primary,2060
Uncapped,2018,139483,139483,0,True,catchall_60_65,primary,2060
Uncapped,2019,140586,140586,0,True,catchall_60_65,primary,2060
Uncapped,2020,147153,147153,0,True,catchall_60_65,primary,2060
Uncapped,2021,195507,195507,0,True,catchall_60_65,primary,2060
Uncapped,2022,275250,275250,0,True,catchall_60_65,primary,2060
Uncapped,2023,193928,193928,0,True,catchall_60_65,primary,2060
Uncapped,2024,167394,167394,0,True,catchall_60_65,primary,2060
Uncapped,2025,167394,167394,0,True,catchall_60_65,primary,2060
Uncapped,2026,167394,167394,0,True,catchall_60_65,primary,2060
Uncapped,2027,167394,167394,0,True,catchall_60_65,primary,2060
Uncapped,2028,167394,167394,0,True,catchall_60_65,primary,2060
Uncapped,2029,167394,167394,0,True,catchall_60_65,primary,2060
Uncapped,2030,167394,167394,0,True,catchall_60_65,primary,2060
Uncapped,2031,167394,167394,0,True,catchall_60_65,primary,2060
Uncapped,2032,167394,167394,0,True,catchall_60_65,primary,2060
Uncapped,2033,167394,167394,0,True,catchall_60_65,primary,2060
Uncapped,2034,167394,167394,0,True,catchall_60_65,primary,2060
Uncapped,2035,167394,167394,0,True,catchall_60_65,primary,2060
Uncapped,2036,167394,167394,0,True,catchall_60_65,primary,2060
Uncapped,2037,167394,167394,0,True,catchall_60_65,primary,2060
Uncapped,2038,167394,167394,0,True,catchall_60_65,primary,2060
Uncapped,2039,167394,167394,0,True,catchall_60_65,primary,2060
Uncapped,2040,167394,167394,0,True,catchall_60_65,primary,2060
Capped,2009,140987,140987,0,True,catchall_60_65,primary,2060
Capped,2010,150262,150262,0,True,catchall_60_65,primary,2060
Capped,2011,139302,139302,0,True,catchall_60_65,primary,2060
Capped,2012,144647,144647,0,True,catchall_60_65,primary,2060
Capped,2013,161269,161269,0,True,catchall_60_65,primary,2060
Capped,2014,151359,151359,0,True,catchall_60_65,primary,2060
Capped,2015,143952,143952,0,True,catchall_60_65,primary,2060
Capped,2016,140350,140350,0,True,catchall_60_65,primary,2060
Capped,2017,139604,139604,0,True,catchall_60_65,primary,2060
Capped,2018,139483,139483,0,True,catchall_60_65,primary,2060
Capped,2019,140586,140586,0,True,catchall_60_65,primary,2060
Capped,2020,147153,147153,0,True,catchall_60_65,primary,2060
Capped,2021,195507,195507,0,True,catchall_60_65,primary,2060
Capped,2022,275250,275250,0,True,catchall_60_65,primary,2060
Capped,2023,193928,193928,0,True,catchall_60_65,primary,2060
Capped,2024,167394,167394,0,True,catchall_60_65,primary,2060
Capped,2025,167394,167394,0,True,catchall_60_65,primary,2060
Capped,2026,167394,167394,0,True,catchall_60_65,primary,2060
Capped,2027,167394,167394,0,True,catchall_60_65,primary,2060
Capped,2028,167394,167394,0,True,catchall_60_65,primary,2060
Capped,2029,167394,167394,0,True,catchall_60_65,primary,2060
Capped,2030,167394,167394,0,True,catchall_60_65,primary,2060
Capped,2031,167394,167394,0,True,catchall_60_65,primary,2060
Capped,2032,167394,167394,0,True,catchall_60_65,primary,2060
Capped,2033,167394,167394,0,True,catchall_60_65,primary,2060
Capped,2034,167394,167394,0,True,catchall_60_65,primary,2060
Capped,2035,167394,167394,0,True,catchall_60_65,primary,2060
Capped,2036,167394,167394,0,True,catchall_60_65,primary,2060
Capped,2037,167394,167394,0,True,catchall_60_65,primary,2060
Capped,2038,167394,167394,0,True,catchall_60_65,primary,2060
Capped,2039,167394,167394,0,True,catchall_60_65,primary,2060
Capped,2040,167394,167394,0,True,catchall_60_65,primary,2060
Uncapped,2009,140987,140987,0,True,catchall_60_65,primary,2061
Uncapped,2010,150262,150262,0,True,catchall_60_65,primary,2061
Uncapped,2011,139302,139302,0,True,catchall_60_65,primary,2061
Uncapped,2012,144647,144647,0,True,catchall_60_65,primary,2061
Uncapped,2013,161269,161269,0,True,catchall_60_65,primary,2061
Uncapped,2014,151359,151359,0,True,catchall_60_65,primary,2061
Uncapped,2015,143952,143952,0,True,catchall_60_65,primary,2061
Uncapped,2016,140350,140350,0,True,catchall_60_65,primary,2061
Uncapped,2017,139604,139604,0,True,catchall_60_65,primary,2061
Uncapped,2018,139483,139483,0,True,catchall_60_65,primary,2061
Uncapped,2019,140586,140586,0,True,catchall_60_65,primary,2061
Uncapped,2020,147153,147153,0,True,catchall_60_65,primary,2061
Uncapped,2021,195507,195507,0,True,catchall_60_65,primary,2061
Uncapped,2022,275250,275250,0,True,catchall_60_65,primary,2061
Uncapped,2023,193928,193928,0,True,catchall_60_65,primary,2061
Uncapped,2024,167394,167394,0,True,catchall_60_65,primary,2061
Uncapped,2025,167394,167394,0,True,catchall_60_65,primary,2061
Uncapped,2026,167394,167394,0,True,catchall_60_65,primary,2061
Uncapped,2027,167394,167394,0,True,catchall_60_65,primary,2061
Uncapped,2028,167394,167394,0,True,catchall_60_65,primary,2061
Uncapped,2029,167394,167394,0,True,catchall_60_65,primary,2061
Uncapped,2030,167394,167394,0,True,catchall_60_65,primary,2061
Uncapped,2031,167394,167394,0,True,catchall_60_65,primary,2061
Uncapped,2032,167394,167394,0,True,catchall_60_65,primary,2061
Uncapped,2033,167394,167394,0,True,catchall_60_65,primary,2061
Uncapped,2034,167394,167394,0,True,catchall_60_65,primary,2061
Uncapped,2035,167394,167394,0,True,catchall_60_65,primary,2061
Uncapped,2036,167394,167394,0,True,catchall_60_65,primary,2061
Uncapped,2037,167394,167394,0,True,catchall_60_65,primary,2061
Uncapped,2038,167394,167394,0,True,catchall_60_65,primary,2061
Uncapped,2039,167394,167394,0,True,catchall_60_65,primary,2061
Uncapped,2040,167394,167394,0,True,catchall_60_65,primary,2061
Capped,2009,140987,140987,0,True,catchall_60_65,primary,2061
Capped,2010,150262,150262,0,True,catchall_60_65,primary,2061
Capped,2011,139302,139302,0,True,catchall_60_65,primary,2061
Capped,2012,144647,144647,0,True,catchall_60_65,primary,2061
Capped,2013,161269,161269,0,True,catchall_60_65,primary,2061
Capped,2014,151359,151359,0,True,catchall_60_65,primary,2061
Capped,2015,143952,143952,0,True,catchall_60_65,primary,2061
Capped,2016,140350,140350,0,True,catchall_60_65,primary,2061
Capped,2017,139604,139604,0,True,catchall_60_65,primary,2061
Capped,2018,139483,139483,0,True,catchall_60_65,primary,2061
Capped,2019,140586,140586,0,True,catchall_60_65,primary,2061
Capped,2020,147153,147153,0,True,catchall_60_65,primary,2061
Capped,2021,195507,195507,0,True,catchall_60_65,primary,2061
Capped,2022,275250,275250,0,True,catchall_60_65,primary,2061
Capped,2023,193928,193928,0,True,catchall_60_65,primary,2061
Capped,2024,167394,167394,0,True,catchall_60_65,primary,2061
Capped,2025,167394,167394,0,True,catchall_60_65,primary,2061
Capped,2026,167394,167394,0,True,catchall_60_65,primary,2061
Capped,2027,167394,167394,0,True,catchall_60_65,primary,2061
Capped,2028,167394,167394,0,True,catchall_60_65,primary,2061
Capped,2029,167394,167394,0,True,catchall_60_65,primary,2061
Capped,2030,167394,167394,0,True,catchall_60_65,primary,2061
Capped,2031,167394,167394,0,True,catchall_60_65,primary,2061
Capped,2032,167394,167394,0,True,catchall_60_65,primary,2061
Capped,2033,167394,167394,0,True,catchall_60_65,primary,2061
Capped,2034,167394,167394,0,True,catchall_60_65,primary,2061
Capped,2035,167394,167394,0,True,catchall_60_65,primary,2061
Capped,2036,167394,167394,0,True,catchall_60_65,primary,2061
Capped,2037,167394,167394,0,True,catchall_60_65,primary,2061
Capped,2038,167394,167394,0,True,catchall_60_65,primary,2061
Capped,2039,167394,167394,0,True,catchall_60_65,primary,2061
Capped,2040,167394,167394,0,True,catchall_60_65,primary,2061
Uncapped,2009,140987,140987,0,True,catchall_60_65,primary,2062
Uncapped,2010,150262,150262,0,True,catchall_60_65,primary,2062
Uncapped,2011,139302,139302,0,True,catchall_60_65,primary,2062
Uncapped,2012,144647,144647,0,True,catchall_60_65,primary,2062
Uncapped,2013,161269,161269,0,True,catchall_60_65,primary,2062
Uncapped,2014,151359,151359,0,True,catchall_60_65,primary,2062
Uncapped,2015,143952,143952,0,True,catchall_60_65,primary,2062
Uncapped,2016,140350,140350,0,True,catchall_60_65,primary,2062
Uncapped,2017,139604,139604,0,True,catchall_60_65,primary,2062
Uncapped,2018,139483,139483,0,True,catchall_60_65,primary,2062
Uncapped,2019,140586,140586,0,True,catchall_60_65,primary,2062
Uncapped,2020,147153,147153,0,True,catchall_60_65,primary,2062
Uncapped,2021,195507,195507,0,True,catchall_60_65,primary,2062
Uncapped,2022,275250,275250,0,True,catchall_60_65,primary,2062
Uncapped,2023,193928,193928,0,True,catchall_60_65,primary,2062
Uncapped,2024,167394,167394,0,True,catchall_60_65,primary,2062
Uncapped,2025,167394,167394,0,True,catchall_60_65,primary,2062
Uncapped,2026,167394,167394,0,True,catchall_60_65,primary,2062
Uncapped,2027,167394,167394,0,True,catchall_60_65,primary,2062
Uncapped,2028,167394,167394,0,True,catchall_60_65,primary,2062
Uncapped,2029,167394,167394,0,True,catchall_60_65,primary,2062
Uncapped,2030,167394,167394,0,True,catchall_60_65,primary,2062
Uncapped,2031,167394,167394,0,True,catchall_60_65,primary,2062
Uncapped,2032,167394,167394,0,True,catchall_60_65,primary,2062
Uncapped,2033,167394,167394,0,True,catchall_60_65,primary,2062
Uncapped,2034,167394,167394,0,True,catchall_60_65,primary,2062
Uncapped,2035,167394,167394,0,True,catchall_60_65,primary,2062
Uncapped,2036,167394,167394,0,True,catchall_60_65,primary,2062
Uncapped,2037,167394,167394,0,True,catchall_60_65,primary,2062
Uncapped,2038,167394,167394,0,True,catchall_60_65,primary,2062
Uncapped,2039,167394,167394,0,True,catchall_60_65,primary,2062
Uncapped,2040,167394,167394,0,True,catchall_60_65,primary,2062
Capped,2009,140987,140987,0,True,catchall_60_65,primary,2062
Capped,2010,150262,150262,0,True,catchall_60_65,primary,2062
Capped,2011,139302,139302,0,True,catchall_60_65,primary,2062
Capped,2012,144647,144647,0,True,catchall_60_65,primary,2062
Capped,2013,161269,161269,0,True,catchall_60_65,primary,2062
Capped,2014,151359,151359,0,True,catchall_60_65,primary,2062
Capped,2015,143952,143952,0,True,catchall_60_65,primary,2062
Capped,2016,140350,140350,0,True,catchall_60_65,primary,2062
Capped,2017,139604,139604,0,True,catchall_60_65,primary,2062
Capped,2018,139483,139483,0,True,catchall_60_65,primary,2062
Capped,2019,140586,140586,0,True,catchall_60_65,primary,2062
Capped,2020,147153,147153,0,True,catchall_60_65,primary,2062
Capped,2021,195507,195507,0,True,catchall_60_65,primary,2062
Capped,2022,275250,275250,0,True,catchall_60_65,primary,2062
Capped,2023,193928,193928,0,True,catchall_60_65,primary,2062
Capped,2024,167394,167394,0,True,catchall_60_65,primary,2062
Capped,2025,167394,167394,0,True,catchall_60_65,primary,2062
Capped,2026,167394,167394,0,True,catchall_60_65,primary,2062
Capped,2027,167394,167394,0,True,catchall_60_65,primary,2062
Capped,2028,167394,167394,0,True,catchall_60_65,primary,2062
Capped,2029,167394,167394,0,True,catchall_60_65,primary,2062
Capped,2030,167394,167394,0,True,catchall_60_65,primary,2062
Capped,2031,167394,167394,0,True,catchall_60_65,primary,2062
Capped,2032,167394,167394,0,True,catchall_60_65,primary,2062
Capped,2033,167394,167394,0,True,catchall_60_65,primary,2062
Capped,2034,167394,167394,0,True,catchall_60_65,primary,2062
Capped,2035,167394,167394,0,True,catchall_60_65,primary,2062
Capped,2036,167394,167394,0,True,catchall_60_65,primary,2062
Capped,2037,167394,167394,0,True,catchall_60_65,primary,2062
Capped,2038,167394,167394,0,True,catchall_60_65,primary,2062
Capped,2039,167394,167394,0,True,catchall_60_65,primary,2062
Capped,2040,167394,167394,0,True,catchall_60_65,primary,2062
Uncapped,2009,140987,140987,0,True,catchall_60_65,primary,2063
Uncapped,2010,150262,150262,0,True,catchall_60_65,primary,2063
Uncapped,2011,139302,139302,0,True,catchall_60_65,primary,2063
Uncapped,2012,144647,144647,0,True,catchall_60_65,primary,2063
Uncapped,2013,161269,161269,0,True,catchall_60_65,primary,2063
Uncapped,2014,151359,151359,0,True,catchall_60_65,primary,2063
Uncapped,2015,143952,143952,0,True,catchall_60_65,primary,2063
Uncapped,2016,140350,140350,0,True,catchall_60_65,primary,2063
Uncapped,2017,139604,139604,0,True,catchall_60_65,primary,2063
Uncapped,2018,139483,139483,0,True,catchall_60_65,primary,2063
Uncapped,2019,140586,140586,0,True,catchall_60_65,primary,2063
Uncapped,2020,147153,147153,0,True,catchall_60_65,primary,2063
Uncapped,2021,195507,195507,0,True,catchall_60_65,primary,2063
Uncapped,2022,275250,275250,0,True,catchall_60_65,primary,2063
Uncapped,2023,193928,193928,0,True,catchall_60_65,primary,2063
Uncapped,2024,167394,167394,0,True,catchall_60_65,primary,2063
Uncapped,2025,167394,167394,0,True,catchall_60_65,primary,2063
Uncapped,2026,167394,167394,0,True,catchall_60_65,primary,2063
Uncapped,2027,167394,167394,0,True,catchall_60_65,primary,2063
Uncapped,2028,167394,167394,0,True,catchall_60_65,primary,2063
Uncapped,2029,167394,167394,0,True,catchall_60_65,primary,2063
Uncapped,2030,167394,167394,0,True,catchall_60_65,primary,2063
Uncapped,2031,167394,167394,0,True,catchall_60_65,primary,2063
Uncapped,2032,167394,167394,0,True,catchall_60_65,primary,2063
Uncapped,2033,167394,167394,0,True,catchall_60_65,primary,2063
Uncapped,2034,167394,167394,0,True,catchall_60_65,primary,2063
Uncapped,2035,167394,167394,0,True,catchall_60_65,primary,2063
Uncapped,2036,167394,167394,0,True,catchall_60_65,primary,2063
Uncapped,2037,167394,167394,0,True,catchall_60_65,primary,2063
Uncapped,2038,167394,167394,0,True,catchall_60_65,primary,2063
Uncapped,2039,167394,167394,0,True,catchall_60_65,primary,2063
Uncapped,2040,167394,167394,0,True,catchall_60_65,primary,2063
Capped,2009,140987,140987,0,True,catchall_60_65,primary,2063
Capped,2010,150262,150262,0,True,catchall_60_65,primary,2063
Capped,2011,139302,139302,0,True,catchall_60_65,primary,2063
Capped,2012,144647,144647,0,True,catchall_60_65,primary,2063
Capped,2013,161269,161269,0,True,catchall_60_65,primary,2063
Capped,2014,151359,151359,0,True,catchall_60_65,primary,2063
Capped,2015,143952,143952,0,True,catchall_60_65,primary,2063
Capped,2016,140350,140350,0,True,catchall_60_65,primary,2063
Capped,2017,139604,139604,0,True,catchall_60_65,primary,2063
Capped,2018,139483,139483,0,True,catchall_60_65,primary,2063
Capped,2019,140586,140586,0,True,catchall_60_65,primary,2063
Capped,2020,147153,147153,0,True,catchall_60_65,primary,2063
Capped,2021,195507,195507,0,True,catchall_60_65,primary,2063
Capped,2022,275250,275250,0,True,catchall_60_65,primary,2063
Capped,2023,193928,193928,0,True,catchall_60_65,primary,2063
Capped,2024,167394,167394,0,True,catchall_60_65,primary,2063
Capped,2025,167394,167394,0,True,catchall_60_65,primary,2063
Capped,2026,167394,167394,0,True,catchall_60_65,primary,2063
Capped,2027,167394,167394,0,True,catchall_60_65,primary,2063
Capped,2028,167394,167394,0,True,catchall_60_65,primary,2063
Capped,2029,167394,167394,0,True,catchall_60_65,primary,2063
Capped,2030,167394,167394,0,True,catchall_60_65,primary,2063
Capped,2031,167394,167394,0,True,catchall_60_65,primary,2063
Capped,2032,167394,167394,0,True,catchall_60_65,primary,2063
Capped,2033,167394,167394,0,True,catchall_60_65,primary,2063
Capped,2034,167394,167394,0,True,catchall_60_65,primary,2063
Capped,2035,167394,167394,0,True,catchall_60_65,primary,2063
Capped,2036,167394,167394,0,True,catchall_60_65,primary,2063
Capped,2037,167394,167394,0,True,catchall_60_65,primary,2063
Capped,2038,167394,167394,0,True,catchall_60_65,primary,2063
Capped,2039,167394,167394,0,True,catchall_60_65,primary,2063
Capped,2040,167394,167394,0,True,catchall_60_65,primary,2063
Uncapped,2009,140987,140987,0,True,catchall_55_60,sensitivity,2014
Uncapped,2010,150262,150262,0,True,catchall_55_60,sensitivity,2014
Uncapped,2011,139302,139302,0,True,catchall_55_60,sensitivity,2014
Uncapped,2012,144647,144647,0,True,catchall_55_60,sensitivity,2014
Uncapped,2013,161269,161269,0,True,catchall_55_60,sensitivity,2014
Uncapped,2014,151359,151359,0,True,catchall_55_60,sensitivity,2014
Uncapped,2015,143952,143952,0,True,catchall_55_60,sensitivity,2014
Uncapped,2016,140350,140350,0,True,catchall_55_60,sensitivity,2014
Uncapped,2017,139604,139604,0,True,catchall_55_60,sensitivity,2014
Uncapped,2018,139483,139483,0,True,catchall_55_60,sensitivity,2014
Uncapped,2019,140586,140586,0,True,catchall_55_60,sensitivity,2014
Uncapped,2020,147153,147153,0,True,catchall_55_60,sensitivity,2014
Uncapped,2021,195507,195507,0,True,catchall_55_60,sensitivity,2014
Uncapped,2022,275250,275250,0,True,catchall_55_60,sensitivity,2014
Uncapped,2023,193928,193928,0,True,catchall_55_60,sensitivity,2014
Uncapped,2024,167394,167394,0,True,catchall_55_60,sensitivity,2014
Uncapped,2025,167394,167394,0,True,catchall_55_60,sensitivity,2014
Uncapped,2026,167394,167394,0,True,catchall_55_60,sensitivity,2014
Uncapped,2027,167394,167394,0,True,catchall_55_60,sensitivity,2014
Uncapped,2028,167394,167394,0,True,catchall_55_60,sensitivity,2014
Uncapped,2029,167394,167394,0,True,catchall_55_60,sensitivity,2014
Uncapped,2030,167394,167394,0,True,catchall_55_60,sensitivity,2014
Uncapped,2031,167394,167394,0,True,catchall_55_60,sensitivity,2014
Uncapped,2032,167394,167394,0,True,catchall_55_60,sensitivity,2014
Uncapped,2033,167394,167394,0,True,catchall_55_60,sensitivity,2014
Uncapped,2034,167394,167394,0,True,catchall_55_60,sensitivity,2014
Uncapped,2035,167394,167394,0,True,catchall_55_60,sensitivity,2014
Uncapped,2036,167394,167394,0,True,catchall_55_60,sensitivity,2014
Uncapped,2037,167394,167394,0,True,catchall_55_60,sensitivity,2014
Uncapped,2038,167394,167394,0,True,catchall_55_60,sensitivity,2014
Uncapped,2039,167394,167394,0,True,catchall_55_60,sensitivity,2014
Uncapped,2040,167394,167394,0,True,catchall_55_60,sensitivity,2014
Capped,2009,140987,140987,0,True,catchall_55_60,sensitivity,2014
Capped,2010,150262,150262,0,True,catchall_55_60,sensitivity,2014
Capped,2011,139302,139302,0,True,catchall_55_60,sensitivity,2014
Capped,2012,144647,144647,0,True,catchall_55_60,sensitivity,2014
Capped,2013,161269,161269,0,True,catchall_55_60,sensitivity,2014
Capped,2014,151359,151359,0,True,catchall_55_60,sensitivity,2014
Capped,2015,143952,143952,0,True,catchall_55_60,sensitivity,2014
Capped,2016,140350,140350,0,True,catchall_55_60,sensitivity,2014
Capped,2017,139604,139604,0,True,catchall_55_60,sensitivity,2014
Capped,2018,139483,139483,0,True,catchall_55_60,sensitivity,2014
Capped,2019,140586,140586,0,True,catchall_55_60,sensitivity,2014
Capped,2020,147153,147153,0,True,catchall_55_60,sensitivity,2014
Capped,2021,195507,195507,0,True,catchall_55_60,sensitivity,2014
Capped,2022,275250,275250,0,True,catchall_55_60,sensitivity,2014
Capped,2023,193928,193928,0,True,catchall_55_60,sensitivity,2014
Capped,2024,167394,167394,0,True,catchall_55_60,sensitivity,2014
Capped,2025,167394,167394,0,True,catchall_55_60,sensitivity,2014
Capped,2026,167394,167394,0,True,catchall_55_60,sensitivity,2014
Capped,2027,167394,167394,0,True,catchall_55_60,sensitivity,2014
Capped,2028,167394,167394,0,True,catchall_55_60,sensitivity,2014
Capped,2029,167394,167394,0,True,catchall_55_60,sensitivity,2014
Capped,2030,167394,167394,0,True,catchall_55_60,sensitivity,2014
Capped,2031,167394,167394,0,True,catchall_55_60,sensitivity,2014
Capped,2032,167394,167394,0,True,catchall_55_60,sensitivity,2014
Capped,2033,167394,167394,0,True,catchall_55_60,sensitivity,2014
Capped,2034,167394,167394,0,True,catchall_55_60,sensitivity,2014
Capped,2035,167394,167394,0,True,catchall_55_60,sensitivity,2014
Capped,2036,167394,167394,0,True,catchall_55_60,sensitivity,2014
Capped,2037,167394,167394,0,True,catchall_55_60,sensitivity,2014
Capped,2038,167394,167394,0,True,catchall_55_60,sensitivity,2014
Capped,2039,167394,167394,0,True,catchall_55_60,sensitivity,2014
Capped,2040,167394,167394,0,True,catchall_55_60,sensitivity,2014
Uncapped,2009,140987,140987,0,True,catchall_65_70,sensitivity,2014
Uncapped,2010,150262,150262,0,True,catchall_65_70,sensitivity,2014
Uncapped,2011,139302,139302,0,True,catchall_65_70,sensitivity,2014
Uncapped,2012,144647,144647,0,True,catchall_65_70,sensitivity,2014
Uncapped,2013,161269,161269,0,True,catchall_65_70,sensitivity,2014
Uncapped,2014,151359,151359,0,True,catchall_65_70,sensitivity,2014
Uncapped,2015,143952,143952,0,True,catchall_65_70,sensitivity,2014
Uncapped,2016,140350,140350,0,True,catchall_65_70,sensitivity,2014
Uncapped,2017,139604,139604,0,True,catchall_65_70,sensitivity,2014
Uncapped,2018,139483,139483,0,True,catchall_65_70,sensitivity,2014
Uncapped,2019,140586,140586,0,True,catchall_65_70,sensitivity,2014
Uncapped,2020,147153,147153,0,True,catchall_65_70,sensitivity,2014
Uncapped,2021,195507,195507,0,True,catchall_65_70,sensitivity,2014
Uncapped,2022,275250,275250,0,True,catchall_65_70,sensitivity,2014
Uncapped,2023,193928,193928,0,True,catchall_65_70,sensitivity,2014
Uncapped,2024,167394,167394,0,True,catchall_65_70,sensitivity,2014
Uncapped,2025,167394,167394,0,True,catchall_65_70,sensitivity,2014
Uncapped,2026,167394,167394,0,True,catchall_65_70,sensitivity,2014
Uncapped,2027,167394,167394,0,True,catchall_65_70,sensitivity,2014
Uncapped,2028,167394,167394,0,True,catchall_65_70,sensitivity,2014
Uncapped,2029,167394,167394,0,True,catchall_65_70,sensitivity,2014
Uncapped,2030,167394,167394,0,True,catchall_65_70,sensitivity,2014
Uncapped,2031,167394,167394,0,True,catchall_65_70,sensitivity,2014
Uncapped,2032,167394,167394,0,True,catchall_65_70,sensitivity,2014
Uncapped,2033,167394,167394,0,True,catchall_65_70,sensitivity,2014
Uncapped,2034,167394,167394,0,True,catchall_65_70,sensitivity,2014
Uncapped,2035,167394,167394,0,True,catchall_65_70,sensitivity,2014
Uncapped,2036,167394,167394,0,True,catchall_65_70,sensitivity,2014
Uncapped,2037,167394,167394,0,True,catchall_65_70,sensitivity,2014
Uncapped,2038,167394,167394,0,True,catchall_65_70,sensitivity,2014
Uncapped,2039,167394,167394,0,True,catchall_65_70,sensitivity,2014
Uncapped,2040,167394,167394,0,True,catchall_65_70,sensitivity,2014
Capped,2009,140987,140987,0,True,catchall_65_70,sensitivity,2014
Capped,2010,150262,150262,0,True,catchall_65_70,sensitivity,2014
Capped,2011,139302,139302,0,True,catchall_65_70,sensitivity,2014
Capped,2012,144647,144647,0,True,catchall_65_70,sensitivity,2014
Capped,2013,161269,161269,0,True,catchall_65_70,sensitivity,2014
Capped,2014,151359,151359,0,True,catchall_65_70,sensitivity,2014
Capped,2015,143952,143952,0,True,catchall_65_70,sensitivity,2014
Capped,2016,140350,140350,0,True,catchall_65_70,sensitivity,2014
Capped,2017,139604,139604,0,True,catchall_65_70,sensitivity,2014
Capped,2018,139483,139483,0,True,catchall_65_70,sensitivity,2014
Capped,2019,140586,140586,0,True,catchall_65_70,sensitivity,2014
Capped,2020,147153,147153,0,True,catchall_65_70,sensitivity,2014
Capped,2021,195507,195507,0,True,catchall_65_70,sensitivity,2014
Capped,2022,275250,275250,0,True,catchall_65_70,sensitivity,2014
Capped,2023,193928,193928,0,True,catchall_65_70,sensitivity,2014
Capped,2024,167394,167394,0,True,catchall_65_70,sensitivity,2014
Capped,2025,167394,167394,0,True,catchall_65_70,sensitivity,2014
Capped,2026,167394,167394,0,True,catchall_65_70,sensitivity,2014
Capped,2027,167394,167394,0,True,catchall_65_70,sensitivity,2014
Capped,2028,167394,167394,0,True,catchall_65_70,sensitivity,2014
Capped,2029,167394,167394,0,True,catchall_65_70,sensitivity,2014
Capped,2030,167394,167394,0,True,catchall_65_70,sensitivity,2014
Capped,2031,167394,167394,0,True,catchall_65_70,sensitivity,2014
Capped,2032,167394,167394,0,True,catchall_65_70,sensitivity,2014
Capped,2033,167394,167394,0,True,catchall_65_70,sensitivity,2014
Capped,2034,167394,167394,0,True,catchall_65_70,sensitivity,2014
Capped,2035,167394,167394,0,True,catchall_65_70,sensitivity,2014
Capped,2036,167394,167394,0,True,catchall_65_70,sensitivity,2014
Capped,2037,167394,167394,0,True,catchall_65_70,sensitivity,2014
Capped,2038,167394,167394,0,True,catchall_65_70,sensitivity,2014
Capped,2039,167394,167394,0,True,catchall_65_70,sensitivity,2014
Capped,2040,167394,167394,0,True,catchall_65_70,sensitivity,2014
Uncapped,2009,138046,140987,2941,True,historical_replay,replay,2014
Uncapped,2010,148660,150262,1602,True,historical_replay,replay,2014
Uncapped,2011,139265,139302,37,True,historical_replay,replay,2014
Uncapped,2012,144575,144647,72,True,historical_replay,replay,2014
Uncapped,2013,161269,161269,0,True,historical_replay,replay,2014
Uncapped,2014,151359,151359,0,True,historical_replay,replay,2014
Uncapped,2015,143952,143952,0,True,historical_replay,replay,2014
Uncapped,2016,140350,140350,0,True,historical_replay,replay,2014
Uncapped,2017,139604,139604,0,True,historical_replay,replay,2014
Uncapped,2018,139483,139483,0,True,historical_replay,replay,2014
Uncapped,2019,140586,140586,0,True,historical_replay,replay,2014
Uncapped,2020,147153,147153,0,True,historical_replay,replay,2014
Uncapped,2021,195507,195507,0,True,historical_replay,replay,2014
Uncapped,2022,275250,275250,0,True,historical_replay,replay,2014
Uncapped,2023,193928,193928,0,True,historical_replay,replay,2014
Uncapped,2024,167394,167394,0,True,historical_replay,replay,2014
Uncapped,2025,167394,167394,0,True,historical_replay,replay,2014
Uncapped,2026,167394,167394,0,True,historical_replay,replay,2014
Uncapped,2027,167394,167394,0,True,historical_replay,replay,2014
Uncapped,2028,167394,167394,0,True,historical_replay,replay,2014
Uncapped,2029,167394,167394,0,True,historical_replay,replay,2014
Uncapped,2030,167394,167394,0,True,historical_replay,replay,2014
Uncapped,2031,167394,167394,0,True,historical_replay,replay,2014
Uncapped,2032,167394,167394,0,True,historical_replay,replay,2014
Uncapped,2033,167394,167394,0,True,historical_replay,replay,2014
Uncapped,2034,167394,167394,0,True,historical_replay,replay,2014
Uncapped,2035,167394,167394,0,True,historical_replay,replay,2014
Uncapped,2036,167394,167394,0,True,historical_replay,replay,2014
Uncapped,2037,167394,167394,0,True,historical_replay,replay,2014
Uncapped,2038,167394,167394,0,True,historical_replay,replay,2014
Uncapped,2039,167394,167394,0,True,historical_replay,replay,2014
Uncapped,2040,167394,167394,0,True,historical_replay,replay,2014
Capped,2009,138046,140987,2941,True,historical_replay,replay,2014
Capped,2010,148660,150262,1602,True,historical_replay,replay,2014
Capped,2011,139265,139302,37,True,historical_replay,replay,2014
Capped,2012,144575,144647,72,True,historical_replay,replay,2014
Capped,2013,161269,161269,0,True,historical_replay,replay,2014
Capped,2014,151359,151359,0,True,historical_replay,replay,2014
Capped,2015,143952,143952,0,True,historical_replay,replay,2014
Capped,2016,140350,140350,0,True,historical_replay,replay,2014
Capped,2017,139604,139604,0,True,historical_replay,replay,2014
Capped,2018,139483,139483,0,True,historical_replay,replay,2014
Capped,2019,140586,140586,0,True,historical_replay,replay,2014
Capped,2020,147153,147153,0,True,historical_replay,replay,2014
Capped,2021,195507,195507,0,True,historical_replay,replay,2014
Capped,2022,275250,275250,0,True,historical_replay,replay,2014
Capped,2023,193928,193928,0,True,historical_replay,replay,2014
Capped,2024,167394,167394,0,True,historical_replay,replay,2014
Capped,2025,167394,167394,0,True,historical_replay,replay,2014
Capped,2026,167394,167394,0,True,historical_replay,replay,2014
Capped,2027,167394,167394,0,True,historical_replay,replay,2014
Capped,2028,167394,167394,0,True,historical_replay,replay,2014
Capped,2029,167394,167394,0,True,historical_replay,replay,2014
Capped,2030,167394,167394,0,True,historical_replay,replay,2014
Capped,2031,167394,167394,0,True,historical_replay,replay,2014
Capped,2032,167394,167394,0,True,historical_replay,replay,2014
Capped,2033,167394,167394,0,True,historical_replay,replay,2014
Capped,2034,167394,167394,0,True,historical_replay,replay,2014
Capped,2035,167394,167394,0,True,historical_replay,replay,2014
Capped,2036,167394,167394,0,True,historical_replay,replay,2014
Capped,2037,167394,167394,0,True,historical_replay,replay,2014
Capped,2038,167394,167394,0,True,historical_replay,replay,2014
Capped,2039,167394,167394,0,True,historical_replay,replay,2014
Capped,2040,167394,167394,0,True,historical_replay,replay,2014
