case,role,scenario,entry_cohort_window,dimension,group,quantity,n,mean,sd_across_runs,mcse_mean,mean_ci95_low,mean_ci95_high,positive_runs,zero_runs,negative_runs
catchall_60_65,primary,Uncapped,all_entries_2009_2040,overall,All,total_created,50,2550122.66,1729.4162234342405,244.57638781687615,2549631.165347457,2550614.1546525434,50,0,0
catchall_60_65,primary,Uncapped,all_entries_2009_2040,nationality,India,total_created,50,895565.32,1003.8408370466153,141.96453262152835,895280.031590693,895850.6084093068,50,0,0
catchall_60_65,primary,Uncapped,all_entries_2009_2040,nationality,China,total_created,50,233452.44,590.0682132826091,83.44824699495258,233284.7444692571,233620.1355307429,50,0,0
catchall_60_65,primary,Uncapped,all_entries_2009_2040,nationality,ROW,total_created,50,1421104.9,1481.2106087072625,209.4748131564718,1420683.9446026783,1421525.8553973215,50,0,0
catchall_60_65,primary,Uncapped,all_entries_2009_2040,category,EB-1,total_created,50,417536.4,886.5543942012532,125.37772480608754,417284.4440289421,417788.35597105796,50,0,0
catchall_60_65,primary,Uncapped,all_entries_2009_2040,category,EB-2,total_created,50,979908.32,1000.0110293269321,141.42291601968262,979624.1200100041,980192.5199899958,50,0,0
catchall_60_65,primary,Uncapped,all_entries_2009_2040,category,EB-3,total_created,50,706967.12,894.01645056316,126.43301893710765,706713.0433359885,707221.1966640115,50,0,0
catchall_60_65,primary,Uncapped,all_entries_2009_2040,category,EB-4,total_created,50,342456.04,775.8756464637295,109.72538619439989,342235.53858101927,342676.5414189807,50,0,0
catchall_60_65,primary,Uncapped,all_entries_2009_2040,category,EB-5,total_created,50,103254.78,314.3877944611121,44.461148277146975,103165.43197740792,103344.12802259208,50,0,0
catchall_60_65,primary,Uncapped,all_entries_2009_2040,joint,EB-1 / India,total_created,50,128442.66,511.8573864677862,72.387565794359,128297.19174030359,128588.12825969642,50,0,0
catchall_60_65,primary,Uncapped,all_entries_2009_2040,joint,EB-1 / China,total_created,50,49208.72,243.7710568612798,34.47443347272448,49139.44103217915,49277.99896782085,50,0,0
catchall_60_65,primary,Uncapped,all_entries_2009_2040,joint,EB-1 / ROW,total_created,50,239885.02,717.4439746312557,101.46189991663806,239681.12467841542,240088.91532158456,50,0,0
catchall_60_65,primary,Uncapped,all_entries_2009_2040,joint,EB-2 / India,total_created,50,537052.54,589.2519370406197,83.33280810174615,536885.0764523983,537220.0035476018,50,0,0
catchall_60_65,primary,Uncapped,all_entries_2009_2040,joint,EB-2 / China,total_created,50,66691.94,287.668843765656,40.682518032557766,66610.18541917771,66773.6945808223,50,0,0
catchall_60_65,primary,Uncapped,all_entries_2009_2040,joint,EB-2 / ROW,total_created,50,376163.84,847.8416140111192,119.90291092788195,375922.88607933966,376404.7939206604,50,0,0
catchall_60_65,primary,Uncapped,all_entries_2009_2040,joint,EB-3 / India,total_created,50,190513.7,471.04639270631577,66.61601970721946,190379.83009640026,190647.56990359977,50,0,0
catchall_60_65,primary,Uncapped,all_entries_2009_2040,joint,EB-3 / China,total_created,50,63897.98,282.8072459597649,39.99498427736832,63817.60706998683,63978.35293001318,50,0,0
catchall_60_65,primary,Uncapped,all_entries_2009_2040,joint,EB-3 / ROW,total_created,50,452555.44,880.4020454500619,124.50765130164915,452305.2325071111,452805.6474928889,50,0,0
catchall_60_65,primary,Uncapped,all_entries_2009_2040,joint,EB-4 / India,total_created,50,24269.4,198.6710952343915,28.09633573319932,24212.938299456495,24325.861700543508,50,0,0
catchall_60_65,primary,Uncapped,all_entries_2009_2040,joint,EB-4 / China,total_created,50,1399.1,53.55799831653036,7.574244759279263,1383.8789852917964,1414.3210147082034,50,0,0
catchall_60_65,primary,Uncapped,all_entries_2009_2040,joint,EB-4 / ROW,total_created,50,316787.54,723.5390688011482,102.32387640053837,316581.9124718184,316993.16752818157,50,0,0
catchall_60_65,primary,Uncapped,all_entries_2009_2040,joint,EB-5 / India,total_created,50,15287.02,160.74132978808163,22.732256862019142,15241.337819526025,15332.702180473976,50,0,0
catchall_60_65,primary,Uncapped,all_entries_2009_2040,joint,EB-5 / China,total_created,50,52254.7,214.72281610276548,30.366391868347492,52193.6764508604,52315.72354913959,50,0,0
catchall_60_65,primary,Uncapped,all_entries_2009_2040,joint,EB-5 / ROW,total_created,50,35713.06,226.53083855476837,32.036298417990345,35648.68064800992,35777.43935199008,50,0,0
catchall_60_65,primary,Uncapped,entries_2009_2024,overall,All,total_created,50,1138983.86,1256.926897197271,177.75630649279137,1138626.6453282286,1139341.0746717716,50,0,0
catchall_60_65,primary,Uncapped,entries_2009_2024,nationality,India,total_created,50,427317.14,651.9791536043879,92.20377614118567,427131.84957469685,427502.4304253032,50,0,0
catchall_60_65,primary,Uncapped,entries_2009_2024,nationality,China,total_created,50,99697.12,382.0302712655966,54.02723908608792,99588.54819820213,99805.69180179786,50,0,0
catchall_60_65,primary,Uncapped,entries_2009_2024,nationality,ROW,total_created,50,611969.6,1129.6382119049968,159.75496798509386,611648.5603723287,612290.6396276712,50,0,0
catchall_60_65,primary,Uncapped,entries_2009_2024,category,EB-1,total_created,50,182345.76,599.8429236568724,84.83059979290779,182175.28652730535,182516.23347269467,50,0,0
catchall_60_65,primary,Uncapped,entries_2009_2024,category,EB-2,total_created,50,439431.5,689.2434554033332,97.47374424082892,439235.61917730334,439627.38082269666,50,0,0
catchall_60_65,primary,Uncapped,entries_2009_2024,category,EB-3,total_created,50,320456.96,633.2954934632145,89.56150758454396,320276.97941215814,320636.9405878419,50,0,0
catchall_60_65,primary,Uncapped,entries_2009_2024,category,EB-4,total_created,50,150093.92,438.45656197016126,62.007121644968144,149969.31202381663,150218.5279761834,50,0,0
catchall_60_65,primary,Uncapped,entries_2009_2024,category,EB-5,total_created,50,46655.72,216.8382299300187,30.665556560800802,46594.09525690263,46717.344743097376,50,0,0
catchall_60_65,primary,Uncapped,entries_2009_2024,joint,EB-1 / India,total_created,50,53589.42,303.03721668118186,42.85593417343217,53503.297775921026,53675.54222407897,50,0,0
catchall_60_65,primary,Uncapped,entries_2009_2024,joint,EB-1 / China,total_created,50,18978.54,150.363262176121,21.264576465213175,18935.807233707466,19021.272766292535,50,0,0
catchall_60_65,primary,Uncapped,entries_2009_2024,joint,EB-1 / ROW,total_created,50,109777.8,531.5008399402045,75.16556962561287,109626.74913259565,109928.85086740436,50,0,0
catchall_60_65,primary,Uncapped,entries_2009_2024,joint,EB-2 / India,total_created,50,244711.98,453.3582846774881,64.11454348051062,244583.13700108172,244840.8229989183,50,0,0
catchall_60_65,primary,Uncapped,entries_2009_2024,joint,EB-2 / China,total_created,50,25700.3,194.75492186806662,27.542505184473228,25644.951263612777,25755.648736387222,50,0,0
catchall_60_65,primary,Uncapped,entries_2009_2024,joint,EB-2 / ROW,total_created,50,169019.22,537.2462396711738,75.97809184769203,168866.53630805854,169171.90369194146,50,0,0
catchall_60_65,primary,Uncapped,entries_2009_2024,joint,EB-3 / India,total_created,50,115719.3,288.1121699077975,40.74521381683488,115637.41942728216,115801.18057271784,50,0,0
catchall_60_65,primary,Uncapped,entries_2009_2024,joint,EB-3 / China,total_created,50,26963.62,198.4627544350808,28.06687189480124,26907.217509256527,27020.02249074347,50,0,0
catchall_60_65,primary,Uncapped,entries_2009_2024,joint,EB-3 / ROW,total_created,50,177774.04,563.5107865255219,79.6924596847923,177613.89200643153,177934.18799356848,50,0,0
catchall_60_65,primary,Uncapped,entries_2009_2024,joint,EB-4 / India,total_created,50,9308.04,154.0007898203971,21.779000558017405,9264.273459789185,9351.806540210817,50,0,0
catchall_60_65,primary,Uncapped,entries_2009_2024,joint,EB-4 / China,total_created,50,518.32,36.20319074899564,5.11990433584098,508.0311670302234,528.6088329697767,50,0,0
catchall_60_65,primary,Uncapped,entries_2009_2024,joint,EB-4 / ROW,total_created,50,140267.56,412.6250538952292,58.35399473935624,140150.2932571842,140384.82674281579,50,0,0
catchall_60_65,primary,Uncapped,entries_2009_2024,joint,EB-5 / India,total_created,50,3988.4,71.42457131656515,10.100959744257079,3968.1013614267017,4008.6986385732985,50,0,0
catchall_60_65,primary,Uncapped,entries_2009_2024,joint,EB-5 / China,total_created,50,27536.34,169.4486388983098,23.96365632556509,27488.18322965707,27584.496770342932,50,0,0
catchall_60_65,primary,Uncapped,entries_2009_2024,joint,EB-5 / ROW,total_created,50,15130.98,150.57149498507619,21.29402503146872,15088.18805459795,15173.77194540205,50,0,0
catchall_60_65,primary,Uncapped,entries_2025_2040,overall,All,total_created,50,1411138.8,1256.12738207556,177.64323797994675,1410781.8125479121,1411495.787452088,50,0,0
catchall_60_65,primary,Uncapped,entries_2025_2040,nationality,India,total_created,50,468248.18,672.0355824520251,95.04018351009562,468057.1896006859,468439.1703993141,50,0,0
catchall_60_65,primary,Uncapped,entries_2025_2040,nationality,China,total_created,50,133755.32,479.1210677386462,67.75795120146718,133619.15529914692,133891.4847008531,50,0,0
catchall_60_65,primary,Uncapped,entries_2025_2040,nationality,ROW,total_created,50,809135.3,917.1408377814885,129.70330113968038,808874.6514578558,809395.9485421443,50,0,0
catchall_60_65,primary,Uncapped,entries_2025_2040,category,EB-1,total_created,50,235190.64,519.3361445349324,73.44522190318553,235043.0463007779,235338.23369922212,50,0,0
catchall_60_65,primary,Uncapped,entries_2025_2040,category,EB-2,total_created,50,540476.82,720.3289410160514,101.86989577547492,540272.1047800406,540681.5352199593,50,0,0
catchall_60_65,primary,Uncapped,entries_2025_2040,category,EB-3,total_created,50,386510.16,669.326019826158,94.65699348873558,386319.9396498639,386700.380350136,50,0,0
catchall_60_65,primary,Uncapped,entries_2025_2040,category,EB-4,total_created,50,192362.12,580.1212624819689,82.04153572230025,192197.2513613964,192526.9886386036,50,0,0
catchall_60_65,primary,Uncapped,entries_2025_2040,category,EB-5,total_created,50,56599.06,223.86561293119857,31.659378595626674,56535.43809675133,56662.68190324867,50,0,0
catchall_60_65,primary,Uncapped,entries_2025_2040,joint,EB-1 / India,total_created,50,74853.24,360.56653607728975,50.9918085458391,74750.76812424985,74955.71187575016,50,0,0
catchall_60_65,primary,Uncapped,entries_2025_2040,joint,EB-1 / China,total_created,50,30230.18,201.8630258974877,28.54774289658984,30172.81116279908,30287.54883720092,50,0,0
catchall_60_65,primary,Uncapped,entries_2025_2040,joint,EB-1 / ROW,total_created,50,130107.22,449.88231068734825,63.622966524579425,129979.3648619595,130235.0751380405,50,0,0
catchall_60_65,primary,Uncapped,entries_2025_2040,joint,EB-2 / India,total_created,50,292340.56,442.4740813347842,62.57528468222278,292214.8102574463,292466.3097425537,50,0,0
catchall_60_65,primary,Uncapped,entries_2025_2040,joint,EB-2 / China,total_created,50,40991.64,226.827792271888,32.07829401540511,40927.17625469729,41056.10374530271,50,0,0
catchall_60_65,primary,Uncapped,entries_2025_2040,joint,EB-2 / ROW,total_created,50,207144.62,613.5231110195459,86.76527044331759,206970.25866107427,207318.98133892572,50,0,0
catchall_60_65,primary,Uncapped,entries_2025_2040,joint,EB-3 / India,total_created,50,74794.4,321.9269152703921,45.52734096683227,74702.90938298071,74885.89061701928,50,0,0
catchall_60_65,primary,Uncapped,entries_2025_2040,joint,EB-3 / China,total_created,50,36934.36,194.83753148064002,27.554187947921598,36878.987786220656,36989.732213779345,50,0,0
catchall_60_65,primary,Uncapped,entries_2025_2040,joint,EB-3 / ROW,total_created,50,274781.4,649.3803639954454,91.8362517901136,274596.8481425318,274965.95185746823,50,0,0
catchall_60_65,primary,Uncapped,entries_2025_2040,joint,EB-4 / India,total_created,50,14961.36,182.29531546591187,25.78045074889744,14909.552244572986,15013.167755427015,50,0,0
catchall_60_65,primary,Uncapped,entries_2025_2040,joint,EB-4 / China,total_created,50,880.78,40.84030122417846,5.775690788263569,869.1733148145901,892.3866851854099,50,0,0
catchall_60_65,primary,Uncapped,entries_2025_2040,joint,EB-4 / ROW,total_created,50,176519.98,556.1407284095621,78.65017607048549,176361.9265537729,176678.0334462271,50,0,0
catchall_60_65,primary,Uncapped,entries_2025_2040,joint,EB-5 / India,total_created,50,11298.62,138.45265749470806,19.58016259756131,11259.272190104977,11337.967809895024,50,0,0
catchall_60_65,primary,Uncapped,entries_2025_2040,joint,EB-5 / China,total_created,50,24718.36,147.74630213957428,20.8944824276259,24676.37096552081,24760.34903447919,50,0,0
catchall_60_65,primary,Uncapped,entries_2025_2040,joint,EB-5 / ROW,total_created,50,20582.08,163.89902815017373,23.178822846974537,20535.500411580917,20628.659588419087,50,0,0
catchall_60_65,primary,Capped,all_entries_2009_2040,overall,All,total_created,50,2550122.66,1729.4162234342405,244.57638781687615,2549631.165347457,2550614.1546525434,50,0,0
catchall_60_65,primary,Capped,all_entries_2009_2040,nationality,India,total_created,50,895565.32,1003.8408370466153,141.96453262152835,895280.031590693,895850.6084093068,50,0,0
catchall_60_65,primary,Capped,all_entries_2009_2040,nationality,China,total_created,50,233452.44,590.0682132826091,83.44824699495258,233284.7444692571,233620.1355307429,50,0,0
catchall_60_65,primary,Capped,all_entries_2009_2040,nationality,ROW,total_created,50,1421104.9,1481.2106087072625,209.4748131564718,1420683.9446026783,1421525.8553973215,50,0,0
catchall_60_65,primary,Capped,all_entries_2009_2040,category,EB-1,total_created,50,417536.4,886.5543942012532,125.37772480608754,417284.4440289421,417788.35597105796,50,0,0
catchall_60_65,primary,Capped,all_entries_2009_2040,category,EB-2,total_created,50,979908.32,1000.0110293269321,141.42291601968262,979624.1200100041,980192.5199899958,50,0,0
catchall_60_65,primary,Capped,all_entries_2009_2040,category,EB-3,total_created,50,706967.12,894.01645056316,126.43301893710765,706713.0433359885,707221.1966640115,50,0,0
catchall_60_65,primary,Capped,all_entries_2009_2040,category,EB-4,total_created,50,342456.04,775.8756464637295,109.72538619439989,342235.53858101927,342676.5414189807,50,0,0
catchall_60_65,primary,Capped,all_entries_2009_2040,category,EB-5,total_created,50,103254.78,314.3877944611121,44.461148277146975,103165.43197740792,103344.12802259208,50,0,0
catchall_60_65,primary,Capped,all_entries_2009_2040,joint,EB-1 / India,total_created,50,128442.66,511.8573864677862,72.387565794359,128297.19174030359,128588.12825969642,50,0,0
catchall_60_65,primary,Capped,all_entries_2009_2040,joint,EB-1 / China,total_created,50,49208.72,243.7710568612798,34.47443347272448,49139.44103217915,49277.99896782085,50,0,0
catchall_60_65,primary,Capped,all_entries_2009_2040,joint,EB-1 / ROW,total_created,50,239885.02,717.4439746312557,101.46189991663806,239681.12467841542,240088.91532158456,50,0,0
catchall_60_65,primary,Capped,all_entries_2009_2040,joint,EB-2 / India,total_created,50,537052.54,589.2519370406197,83.33280810174615,536885.0764523983,537220.0035476018,50,0,0
catchall_60_65,primary,Capped,all_entries_2009_2040,joint,EB-2 / China,total_created,50,66691.94,287.668843765656,40.682518032557766,66610.18541917771,66773.6945808223,50,0,0
catchall_60_65,primary,Capped,all_entries_2009_2040,joint,EB-2 / ROW,total_created,50,376163.84,847.8416140111192,119.90291092788195,375922.88607933966,376404.7939206604,50,0,0
catchall_60_65,primary,Capped,all_entries_2009_2040,joint,EB-3 / India,total_created,50,190513.7,471.04639270631577,66.61601970721946,190379.83009640026,190647.56990359977,50,0,0
catchall_60_65,primary,Capped,all_entries_2009_2040,joint,EB-3 / China,total_created,50,63897.98,282.8072459597649,39.99498427736832,63817.60706998683,63978.35293001318,50,0,0
catchall_60_65,primary,Capped,all_entries_2009_2040,joint,EB-3 / ROW,total_created,50,452555.44,880.4020454500619,124.50765130164915,452305.2325071111,452805.6474928889,50,0,0
catchall_60_65,primary,Capped,all_entries_2009_2040,joint,EB-4 / India,total_created,50,24269.4,198.6710952343915,28.09633573319932,24212.938299456495,24325.861700543508,50,0,0
catchall_60_65,primary,Capped,all_entries_2009_2040,joint,EB-4 / China,total_created,50,1399.1,53.55799831653036,7.574244759279263,1383.8789852917964,1414.3210147082034,50,0,0
catchall_60_65,primary,Capped,all_entries_2009_2040,joint,EB-4 / ROW,total_created,50,316787.54,723.5390688011482,102.32387640053837,316581.9124718184,316993.16752818157,50,0,0
catchall_60_65,primary,Capped,all_entries_2009_2040,joint,EB-5 / India,total_created,50,15287.02,160.74132978808163,22.732256862019142,15241.337819526025,15332.702180473976,50,0,0
catchall_60_65,primary,Capped,all_entries_2009_2040,joint,EB-5 / China,total_created,50,52254.7,214.72281610276548,30.366391868347492,52193.6764508604,52315.72354913959,50,0,0
catchall_60_65,primary,Capped,all_entries_2009_2040,joint,EB-5 / ROW,total_created,50,35713.06,226.53083855476837,32.036298417990345,35648.68064800992,35777.43935199008,50,0,0
catchall_60_65,primary,Capped,entries_2009_2024,overall,All,total_created,50,1138983.86,1256.926897197271,177.75630649279137,1138626.6453282286,1139341.0746717716,50,0,0
catchall_60_65,primary,Capped,entries_2009_2024,nationality,India,total_created,50,427317.14,651.9791536043879,92.20377614118567,427131.84957469685,427502.4304253032,50,0,0
catchall_60_65,primary,Capped,entries_2009_2024,nationality,China,total_created,50,99697.12,382.0302712655966,54.02723908608792,99588.54819820213,99805.69180179786,50,0,0
catchall_60_65,primary,Capped,entries_2009_2024,nationality,ROW,total_created,50,611969.6,1129.6382119049968,159.75496798509386,611648.5603723287,612290.6396276712,50,0,0
catchall_60_65,primary,Capped,entries_2009_2024,category,EB-1,total_created,50,182345.76,599.8429236568724,84.83059979290779,182175.28652730535,182516.23347269467,50,0,0
catchall_60_65,primary,Capped,entries_2009_2024,category,EB-2,total_created,50,439431.5,689.2434554033332,97.47374424082892,439235.61917730334,439627.38082269666,50,0,0
catchall_60_65,primary,Capped,entries_2009_2024,category,EB-3,total_created,50,320456.96,633.2954934632145,89.56150758454396,320276.97941215814,320636.9405878419,50,0,0
catchall_60_65,primary,Capped,entries_2009_2024,category,EB-4,total_created,50,150093.92,438.45656197016126,62.007121644968144,149969.31202381663,150218.5279761834,50,0,0
catchall_60_65,primary,Capped,entries_2009_2024,category,EB-5,total_created,50,46655.72,216.8382299300187,30.665556560800802,46594.09525690263,46717.344743097376,50,0,0
catchall_60_65,primary,Capped,entries_2009_2024,joint,EB-1 / India,total_created,50,53589.42,303.03721668118186,42.85593417343217,53503.297775921026,53675.54222407897,50,0,0
catchall_60_65,primary,Capped,entries_2009_2024,joint,EB-1 / China,total_created,50,18978.54,150.363262176121,21.264576465213175,18935.807233707466,19021.272766292535,50,0,0
catchall_60_65,primary,Capped,entries_2009_2024,joint,EB-1 / ROW,total_created,50,109777.8,531.5008399402045,75.16556962561287,109626.74913259565,109928.85086740436,50,0,0
catchall_60_65,primary,Capped,entries_2009_2024,joint,EB-2 / India,total_created,50,244711.98,453.3582846774881,64.11454348051062,244583.13700108172,244840.8229989183,50,0,0
catchall_60_65,primary,Capped,entries_2009_2024,joint,EB-2 / China,total_created,50,25700.3,194.75492186806662,27.542505184473228,25644.951263612777,25755.648736387222,50,0,0
catchall_60_65,primary,Capped,entries_2009_2024,joint,EB-2 / ROW,total_created,50,169019.22,537.2462396711738,75.97809184769203,168866.53630805854,169171.90369194146,50,0,0
catchall_60_65,primary,Capped,entries_2009_2024,joint,EB-3 / India,total_created,50,115719.3,288.1121699077975,40.74521381683488,115637.41942728216,115801.18057271784,50,0,0
catchall_60_65,primary,Capped,entries_2009_2024,joint,EB-3 / China,total_created,50,26963.62,198.4627544350808,28.06687189480124,26907.217509256527,27020.02249074347,50,0,0
catchall_60_65,primary,Capped,entries_2009_2024,joint,EB-3 / ROW,total_created,50,177774.04,563.5107865255219,79.6924596847923,177613.89200643153,177934.18799356848,50,0,0
catchall_60_65,primary,Capped,entries_2009_2024,joint,EB-4 / India,total_created,50,9308.04,154.0007898203971,21.779000558017405,9264.273459789185,9351.806540210817,50,0,0
catchall_60_65,primary,Capped,entries_2009_2024,joint,EB-4 / China,total_created,50,518.32,36.20319074899564,5.11990433584098,508.0311670302234,528.6088329697767,50,0,0
catchall_60_65,primary,Capped,entries_2009_2024,joint,EB-4 / ROW,total_created,50,140267.56,412.6250538952292,58.35399473935624,140150.2932571842,140384.82674281579,50,0,0
catchall_60_65,primary,Capped,entries_2009_2024,joint,EB-5 / India,total_created,50,3988.4,71.42457131656515,10.100959744257079,3968.1013614267017,4008.6986385732985,50,0,0
catchall_60_65,primary,Capped,entries_2009_2024,joint,EB-5 / China,total_created,50,27536.34,169.4486388983098,23.96365632556509,27488.18322965707,27584.496770342932,50,0,0
catchall_60_65,primary,Capped,entries_2009_2024,joint,EB-5 / ROW,total_created,50,15130.98,150.57149498507619,21.29402503146872,15088.18805459795,15173.77194540205,50,0,0
catchall_60_65,primary,Capped,entries_2025_2040,overall,All,total_created,50,1411138.8,1256.12738207556,177.64323797994675,1410781.8125479121,1411495.787452088,50,0,0
catchall_60_65,primary,Capped,entries_2025_2040,nationality,India,total_created,50,468248.18,672.0355824520251,95.04018351009562,468057.1896006859,468439.1703993141,50,0,0
catchall_60_65,primary,Capped,entries_2025_2040,nationality,China,total_created,50,133755.32,479.1210677386462,67.75795120146718,133619.15529914692,133891.4847008531,50,0,0
catchall_60_65,primary,Capped,entries_2025_2040,nationality,ROW,total_created,50,809135.3,917.1408377814885,129.70330113968038,808874.6514578558,809395.9485421443,50,0,0
catchall_60_65,primary,Capped,entries_2025_2040,category,EB-1,total_created,50,235190.64,519.3361445349324,73.44522190318553,235043.0463007779,235338.23369922212,50,0,0
catchall_60_65,primary,Capped,entries_2025_2040,category,EB-2,total_created,50,540476.82,720.3289410160514,101.86989577547492,540272.1047800406,540681.5352199593,50,0,0
catchall_60_65,primary,Capped,entries_2025_2040,category,EB-3,total_created,50,386510.16,669.326019826158,94.65699348873558,386319.9396498639,386700.380350136,50,0,0
catchall_60_65,primary,Capped,entries_2025_2040,category,EB-4,total_created,50,192362.12,580.1212624819689,82.04153572230025,192197.2513613964,192526.9886386036,50,0,0
catchall_60_65,primary,Capped,entries_2025_2040,category,EB-5,total_created,50,56599.06,223.86561293119857,31.659378595626674,56535.43809675133,56662.68190324867,50,0,0
catchall_60_65,primary,Capped,entries_2025_2040,joint,EB-1 / India,total_created,50,74853.24,360.56653607728975,50.9918085458391,74750.76812424985,74955.71187575016,50,0,0
catchall_60_65,primary,Capped,entries_2025_2040,joint,EB-1 / China,total_created,50,30230.18,201.8630258974877,28.54774289658984,30172.81116279908,30287.54883720092,50,0,0
catchall_60_65,primary,Capped,entries_2025_2040,joint,EB-1 / ROW,total_created,50,130107.22,449.88231068734825,63.622966524579425,129979.3648619595,130235.0751380405,50,0,0
catchall_60_65,primary,Capped,entries_2025_2040,joint,EB-2 / India,total_created,50,292340.56,442.4740813347842,62.57528468222278,292214.8102574463,292466.3097425537,50,0,0
catchall_60_65,primary,Capped,entries_2025_2040,joint,EB-2 / China,total_created,50,40991.64,226.827792271888,32.07829401540511,40927.17625469729,41056.10374530271,50,0,0
catchall_60_65,primary,Capped,entries_2025_2040,joint,EB-2 / ROW,total_created,50,207144.62,613.5231110195459,86.76527044331759,206970.25866107427,207318.98133892572,50,0,0
catchall_60_65,primary,Capped,entries_2025_2040,joint,EB-3 / India,total_created,50,74794.4,321.9269152703921,45.52734096683227,74702.90938298071,74885.89061701928,50,0,0
catchall_60_65,primary,Capped,entries_2025_2040,joint,EB-3 / China,total_created,50,36934.36,194.83753148064002,27.554187947921598,36878.987786220656,36989.732213779345,50,0,0
catchall_60_65,primary,Capped,entries_2025_2040,joint,EB-3 / ROW,total_created,50,274781.4,649.3803639954454,91.8362517901136,274596.8481425318,274965.95185746823,50,0,0
catchall_60_65,primary,Capped,entries_2025_2040,joint,EB-4 / India,total_created,50,14961.36,182.29531546591187,25.78045074889744,14909.552244572986,15013.167755427015,50,0,0
catchall_60_65,primary,Capped,entries_2025_2040,joint,EB-4 / China,total_created,50,880.78,40.84030122417846,5.775690788263569,869.1733148145901,892.3866851854099,50,0,0
catchall_60_65,primary,Capped,entries_2025_2040,joint,EB-4 / ROW,total_created,50,176519.98,556.1407284095621,78.65017607048549,176361.9265537729,176678.0334462271,50,0,0
catchall_60_65,primary,Capped,entries_2025_2040,joint,EB-5 / India,total_created,50,11298.62,138.45265749470806,19.58016259756131,11259.272190104977,11337.967809895024,50,0,0
catchall_60_65,primary,Capped,entries_2025_2040,joint,EB-5 / China,total_created,50,24718.36,147.74630213957428,20.8944824276259,24676.37096552081,24760.34903447919,50,0,0
catchall_60_65,primary,Capped,entries_2025_2040,joint,EB-5 / ROW,total_created,50,20582.08,163.89902815017373,23.178822846974537,20535.500411580917,20628.659588419087,50,0,0
catchall_55_60,sensitivity,Uncapped,all_entries_2009_2040,overall,All,total_created,1,2550818.0,,,,,1,0,0
catchall_55_60,sensitivity,Uncapped,all_entries_2009_2040,nationality,India,total_created,1,895647.0,,,,,1,0,0
catchall_55_60,sensitivity,Uncapped,all_entries_2009_2040,nationality,China,total_created,1,233264.0,,,,,1,0,0
catchall_55_60,sensitivity,Uncapped,all_entries_2009_2040,nationality,ROW,total_created,1,1421907.0,,,,,1,0,0
catchall_55_60,sensitivity,Uncapped,all_entries_2009_2040,category,EB-1,total_created,1,417039.0,,,,,1,0,0
catchall_55_60,sensitivity,Uncapped,all_entries_2009_2040,category,EB-2,total_created,1,981227.0,,,,,1,0,0
catchall_55_60,sensitivity,Uncapped,all_entries_2009_2040,category,EB-3,total_created,1,708142.0,,,,,1,0,0
catchall_55_60,sensitivity,Uncapped,all_entries_2009_2040,category,EB-4,total_created,1,342192.0,,,,,1,0,0
catchall_55_60,sensitivity,Uncapped,all_entries_2009_2040,category,EB-5,total_created,1,102218.0,,,,,1,0,0
catchall_55_60,sensitivity,Uncapped,all_entries_2009_2040,joint,EB-1 / India,total_created,1,128120.0,,,,,1,0,0
catchall_55_60,sensitivity,Uncapped,all_entries_2009_2040,joint,EB-1 / China,total_created,1,48938.0,,,,,1,0,0
catchall_55_60,sensitivity,Uncapped,all_entries_2009_2040,joint,EB-1 / ROW,total_created,1,239981.0,,,,,1,0,0
catchall_55_60,sensitivity,Uncapped,all_entries_2009_2040,joint,EB-2 / India,total_created,1,537456.0,,,,,1,0,0
catchall_55_60,sensitivity,Uncapped,all_entries_2009_2040,joint,EB-2 / China,total_created,1,66923.0,,,,,1,0,0
catchall_55_60,sensitivity,Uncapped,all_entries_2009_2040,joint,EB-2 / ROW,total_created,1,376848.0,,,,,1,0,0
catchall_55_60,sensitivity,Uncapped,all_entries_2009_2040,joint,EB-3 / India,total_created,1,190670.0,,,,,1,0,0
catchall_55_60,sensitivity,Uncapped,all_entries_2009_2040,joint,EB-3 / China,total_created,1,64245.0,,,,,1,0,0
catchall_55_60,sensitivity,Uncapped,all_entries_2009_2040,joint,EB-3 / ROW,total_created,1,453227.0,,,,,1,0,0
catchall_55_60,sensitivity,Uncapped,all_entries_2009_2040,joint,EB-4 / India,total_created,1,24263.0,,,,,1,0,0
catchall_55_60,sensitivity,Uncapped,all_entries_2009_2040,joint,EB-4 / China,total_created,1,1296.0,,,,,1,0,0
catchall_55_60,sensitivity,Uncapped,all_entries_2009_2040,joint,EB-4 / ROW,total_created,1,316633.0,,,,,1,0,0
catchall_55_60,sensitivity,Uncapped,all_entries_2009_2040,joint,EB-5 / India,total_created,1,15138.0,,,,,1,0,0
catchall_55_60,sensitivity,Uncapped,all_entries_2009_2040,joint,EB-5 / China,total_created,1,51862.0,,,,,1,0,0
catchall_55_60,sensitivity,Uncapped,all_entries_2009_2040,joint,EB-5 / ROW,total_created,1,35218.0,,,,,1,0,0
catchall_55_60,sensitivity,Uncapped,entries_2009_2024,overall,All,total_created,1,1139768.0,,,,,1,0,0
catchall_55_60,sensitivity,Uncapped,entries_2009_2024,nationality,India,total_created,1,427729.0,,,,,1,0,0
catchall_55_60,sensitivity,Uncapped,entries_2009_2024,nationality,China,total_created,1,99313.0,,,,,1,0,0
catchall_55_60,sensitivity,Uncapped,entries_2009_2024,nationality,ROW,total_created,1,612726.0,,,,,1,0,0
catchall_55_60,sensitivity,Uncapped,entries_2009_2024,category,EB-1,total_created,1,182096.0,,,,,1,0,0
catchall_55_60,sensitivity,Uncapped,entries_2009_2024,category,EB-2,total_created,1,440091.0,,,,,1,0,0
catchall_55_60,sensitivity,Uncapped,entries_2009_2024,category,EB-3,total_created,1,321272.0,,,,,1,0,0
catchall_55_60,sensitivity,Uncapped,entries_2009_2024,category,EB-4,total_created,1,150378.0,,,,,1,0,0
catchall_55_60,sensitivity,Uncapped,entries_2009_2024,category,EB-5,total_created,1,45931.0,,,,,1,0,0
catchall_55_60,sensitivity,Uncapped,entries_2009_2024,joint,EB-1 / India,total_created,1,53401.0,,,,,1,0,0
catchall_55_60,sensitivity,Uncapped,entries_2009_2024,joint,EB-1 / China,total_created,1,18818.0,,,,,1,0,0
catchall_55_60,sensitivity,Uncapped,entries_2009_2024,joint,EB-1 / ROW,total_created,1,109877.0,,,,,1,0,0
catchall_55_60,sensitivity,Uncapped,entries_2009_2024,joint,EB-2 / India,total_created,1,244960.0,,,,,1,0,0
catchall_55_60,sensitivity,Uncapped,entries_2009_2024,joint,EB-2 / China,total_created,1,25742.0,,,,,1,0,0
catchall_55_60,sensitivity,Uncapped,entries_2009_2024,joint,EB-2 / ROW,total_created,1,169389.0,,,,,1,0,0
catchall_55_60,sensitivity,Uncapped,entries_2009_2024,joint,EB-3 / India,total_created,1,115951.0,,,,,1,0,0
catchall_55_60,sensitivity,Uncapped,entries_2009_2024,joint,EB-3 / China,total_created,1,27044.0,,,,,1,0,0
catchall_55_60,sensitivity,Uncapped,entries_2009_2024,joint,EB-3 / ROW,total_created,1,178277.0,,,,,1,0,0
catchall_55_60,sensitivity,Uncapped,entries_2009_2024,joint,EB-4 / India,total_created,1,9490.0,,,,,1,0,0
catchall_55_60,sensitivity,Uncapped,entries_2009_2024,joint,EB-4 / China,total_created,1,478.0,,,,,1,0,0
catchall_55_60,sensitivity,Uncapped,entries_2009_2024,joint,EB-4 / ROW,total_created,1,140410.0,,,,,1,0,0
catchall_55_60,sensitivity,Uncapped,entries_2009_2024,joint,EB-5 / India,total_created,1,3927.0,,,,,1,0,0
catchall_55_60,sensitivity,Uncapped,entries_2009_2024,joint,EB-5 / China,total_created,1,27231.0,,,,,1,0,0
catchall_55_60,sensitivity,Uncapped,entries_2009_2024,joint,EB-5 / ROW,total_created,1,14773.0,,,,,1,0,0
catchall_55_60,sensitivity,Uncapped,entries_2025_2040,overall,All,total_created,1,1411050.0,,,,,1,0,0
catchall_55_60,sensitivity,Uncapped,entries_2025_2040,nationality,India,total_created,1,467918.0,,,,,1,0,0
catchall_55_60,sensitivity,Uncapped,entries_2025_2040,nationality,China,total_created,1,133951.0,,,,,1,0,0
catchall_55_60,sensitivity,Uncapped,entries_2025_2040,nationality,ROW,total_created,1,809181.0,,,,,1,0,0
catchall_55_60,sensitivity,Uncapped,entries_2025_2040,category,EB-1,total_created,1,234943.0,,,,,1,0,0
catchall_55_60,sensitivity,Uncapped,entries_2025_2040,category,EB-2,total_created,1,541136.0,,,,,1,0,0
catchall_55_60,sensitivity,Uncapped,entries_2025_2040,category,EB-3,total_created,1,386870.0,,,,,1,0,0
catchall_55_60,sensitivity,Uncapped,entries_2025_2040,category,EB-4,total_created,1,191814.0,,,,,1,0,0
catchall_55_60,sensitivity,Uncapped,entries_2025_2040,category,EB-5,total_created,1,56287.0,,,,,1,0,0
catchall_55_60,sensitivity,Uncapped,entries_2025_2040,joint,EB-1 / India,total_created,1,74719.0,,,,,1,0,0
catchall_55_60,sensitivity,Uncapped,entries_2025_2040,joint,EB-1 / China,total_created,1,30120.0,,,,,1,0,0
catchall_55_60,sensitivity,Uncapped,entries_2025_2040,joint,EB-1 / ROW,total_created,1,130104.0,,,,,1,0,0
catchall_55_60,sensitivity,Uncapped,entries_2025_2040,joint,EB-2 / India,total_created,1,292496.0,,,,,1,0,0
catchall_55_60,sensitivity,Uncapped,entries_2025_2040,joint,EB-2 / China,total_created,1,41181.0,,,,,1,0,0
catchall_55_60,sensitivity,Uncapped,entries_2025_2040,joint,EB-2 / ROW,total_created,1,207459.0,,,,,1,0,0
catchall_55_60,sensitivity,Uncapped,entries_2025_2040,joint,EB-3 / India,total_created,1,74719.0,,,,,1,0,0
catchall_55_60,sensitivity,Uncapped,entries_2025_2040,joint,EB-3 / China,total_created,1,37201.0,,,,,1,0,0
catchall_55_60,sensitivity,Uncapped,entries_2025_2040,joint,EB-3 / ROW,total_created,1,274950.0,,,,,1,0,0
catchall_55_60,sensitivity,Uncapped,entries_2025_2040,joint,EB-4 / India,total_created,1,14773.0,,,,,1,0,0
catchall_55_60,sensitivity,Uncapped,entries_2025_2040,joint,EB-4 / China,total_created,1,818.0,,,,,1,0,0
catchall_55_60,sensitivity,Uncapped,entries_2025_2040,joint,EB-4 / ROW,total_created,1,176223.0,,,,,1,0,0
catchall_55_60,sensitivity,Uncapped,entries_2025_2040,joint,EB-5 / India,total_created,1,11211.0,,,,,1,0,0
catchall_55_60,sensitivity,Uncapped,entries_2025_2040,joint,EB-5 / China,total_created,1,24631.0,,,,,1,0,0
catchall_55_60,sensitivity,Uncapped,entries_2025_2040,joint,EB-5 / ROW,total_created,1,20445.0,,,,,1,0,0
catchall_55_60,sensitivity,Capped,all_entries_2009_2040,overall,All,total_created,1,2550818.0,,,,,1,0,0
catchall_55_60,sensitivity,Capped,all_entries_2009_2040,nationality,India,total_created,1,895647.0,,,,,1,0,0
catchall_55_60,sensitivity,Capped,all_entries_2009_2040,nationality,China,total_created,1,233264.0,,,,,1,0,0
catchall_55_60,sensitivity,Capped,all_entries_2009_2040,nationality,ROW,total_created,1,1421907.0,,,,,1,0,0
catchall_55_60,sensitivity,Capped,all_entries_2009_2040,category,EB-1,total_created,1,417039.0,,,,,1,0,0
catchall_55_60,sensitivity,Capped,all_entries_2009_2040,category,EB-2,total_created,1,981227.0,,,,,1,0,0
catchall_55_60,sensitivity,Capped,all_entries_2009_2040,category,EB-3,total_created,1,708142.0,,,,,1,0,0
catchall_55_60,sensitivity,Capped,all_entries_2009_2040,category,EB-4,total_created,1,342192.0,,,,,1,0,0
catchall_55_60,sensitivity,Capped,all_entries_2009_2040,category,EB-5,total_created,1,102218.0,,,,,1,0,0
catchall_55_60,sensitivity,Capped,all_entries_2009_2040,joint,EB-1 / India,total_created,1,128120.0,,,,,1,0,0
catchall_55_60,sensitivity,Capped,all_entries_2009_2040,joint,EB-1 / China,total_created,1,48938.0,,,,,1,0,0
catchall_55_60,sensitivity,Capped,all_entries_2009_2040,joint,EB-1 / ROW,total_created,1,239981.0,,,,,1,0,0
catchall_55_60,sensitivity,Capped,all_entries_2009_2040,joint,EB-2 / India,total_created,1,537456.0,,,,,1,0,0
catchall_55_60,sensitivity,Capped,all_entries_2009_2040,joint,EB-2 / China,total_created,1,66923.0,,,,,1,0,0
catchall_55_60,sensitivity,Capped,all_entries_2009_2040,joint,EB-2 / ROW,total_created,1,376848.0,,,,,1,0,0
catchall_55_60,sensitivity,Capped,all_entries_2009_2040,joint,EB-3 / India,total_created,1,190670.0,,,,,1,0,0
catchall_55_60,sensitivity,Capped,all_entries_2009_2040,joint,EB-3 / China,total_created,1,64245.0,,,,,1,0,0
catchall_55_60,sensitivity,Capped,all_entries_2009_2040,joint,EB-3 / ROW,total_created,1,453227.0,,,,,1,0,0
catchall_55_60,sensitivity,Capped,all_entries_2009_2040,joint,EB-4 / India,total_created,1,24263.0,,,,,1,0,0
catchall_55_60,sensitivity,Capped,all_entries_2009_2040,joint,EB-4 / China,total_created,1,1296.0,,,,,1,0,0
catchall_55_60,sensitivity,Capped,all_entries_2009_2040,joint,EB-4 / ROW,total_created,1,316633.0,,,,,1,0,0
catchall_55_60,sensitivity,Capped,all_entries_2009_2040,joint,EB-5 / India,total_created,1,15138.0,,,,,1,0,0
catchall_55_60,sensitivity,Capped,all_entries_2009_2040,joint,EB-5 / China,total_created,1,51862.0,,,,,1,0,0
catchall_55_60,sensitivity,Capped,all_entries_2009_2040,joint,EB-5 / ROW,total_created,1,35218.0,,,,,1,0,0
catchall_55_60,sensitivity,Capped,entries_2009_2024,overall,All,total_created,1,1139768.0,,,,,1,0,0
catchall_55_60,sensitivity,Capped,entries_2009_2024,nationality,India,total_created,1,427729.0,,,,,1,0,0
catchall_55_60,sensitivity,Capped,entries_2009_2024,nationality,China,total_created,1,99313.0,,,,,1,0,0
catchall_55_60,sensitivity,Capped,entries_2009_2024,nationality,ROW,total_created,1,612726.0,,,,,1,0,0
catchall_55_60,sensitivity,Capped,entries_2009_2024,category,EB-1,total_created,1,182096.0,,,,,1,0,0
catchall_55_60,sensitivity,Capped,entries_2009_2024,category,EB-2,total_created,1,440091.0,,,,,1,0,0
catchall_55_60,sensitivity,Capped,entries_2009_2024,category,EB-3,total_created,1,321272.0,,,,,1,0,0
catchall_55_60,sensitivity,Capped,entries_2009_2024,category,EB-4,total_created,1,150378.0,,,,,1,0,0
catchall_55_60,sensitivity,Capped,entries_2009_2024,category,EB-5,total_created,1,45931.0,,,,,1,0,0
catchall_55_60,sensitivity,Capped,entries_2009_2024,joint,EB-1 / India,total_created,1,53401.0,,,,,1,0,0
catchall_55_60,sensitivity,Capped,entries_2009_2024,joint,EB-1 / China,total_created,1,18818.0,,,,,1,0,0
catchall_55_60,sensitivity,Capped,entries_2009_2024,joint,EB-1 / ROW,total_created,1,109877.0,,,,,1,0,0
catchall_55_60,sensitivity,Capped,entries_2009_2024,joint,EB-2 / India,total_created,1,244960.0,,,,,1,0,0
catchall_55_60,sensitivity,Capped,entries_2009_2024,joint,EB-2 / China,total_created,1,25742.0,,,,,1,0,0
catchall_55_60,sensitivity,Capped,entries_2009_2024,joint,EB-2 / ROW,total_created,1,169389.0,,,,,1,0,0
catchall_55_60,sensitivity,Capped,entries_2009_2024,joint,EB-3 / India,total_created,1,115951.0,,,,,1,0,0
catchall_55_60,sensitivity,Capped,entries_2009_2024,joint,EB-3 / China,total_created,1,27044.0,,,,,1,0,0
catchall_55_60,sensitivity,Capped,entries_2009_2024,joint,EB-3 / ROW,total_created,1,178277.0,,,,,1,0,0
catchall_55_60,sensitivity,Capped,entries_2009_2024,joint,EB-4 / India,total_created,1,9490.0,,,,,1,0,0
catchall_55_60,sensitivity,Capped,entries_2009_2024,joint,EB-4 / China,total_created,1,478.0,,,,,1,0,0
catchall_55_60,sensitivity,Capped,entries_2009_2024,joint,EB-4 / ROW,total_created,1,140410.0,,,,,1,0,0
catchall_55_60,sensitivity,Capped,entries_2009_2024,joint,EB-5 / India,total_created,1,3927.0,,,,,1,0,0
catchall_55_60,sensitivity,Capped,entries_2009_2024,joint,EB-5 / China,total_created,1,27231.0,,,,,1,0,0
catchall_55_60,sensitivity,Capped,entries_2009_2024,joint,EB-5 / ROW,total_created,1,14773.0,,,,,1,0,0
catchall_55_60,sensitivity,Capped,entries_2025_2040,overall,All,total_created,1,1411050.0,,,,,1,0,0
catchall_55_60,sensitivity,Capped,entries_2025_2040,nationality,India,total_created,1,467918.0,,,,,1,0,0
catchall_55_60,sensitivity,Capped,entries_2025_2040,nationality,China,total_created,1,133951.0,,,,,1,0,0
catchall_55_60,sensitivity,Capped,entries_2025_2040,nationality,ROW,total_created,1,809181.0,,,,,1,0,0
catchall_55_60,sensitivity,Capped,entries_2025_2040,category,EB-1,total_created,1,234943.0,,,,,1,0,0
catchall_55_60,sensitivity,Capped,entries_2025_2040,category,EB-2,total_created,1,541136.0,,,,,1,0,0
catchall_55_60,sensitivity,Capped,entries_2025_2040,category,EB-3,total_created,1,386870.0,,,,,1,0,0
catchall_55_60,sensitivity,Capped,entries_2025_2040,category,EB-4,total_created,1,191814.0,,,,,1,0,0
catchall_55_60,sensitivity,Capped,entries_2025_2040,category,EB-5,total_created,1,56287.0,,,,,1,0,0
catchall_55_60,sensitivity,Capped,entries_2025_2040,joint,EB-1 / India,total_created,1,74719.0,,,,,1,0,0
catchall_55_60,sensitivity,Capped,entries_2025_2040,joint,EB-1 / China,total_created,1,30120.0,,,,,1,0,0
catchall_55_60,sensitivity,Capped,entries_2025_2040,joint,EB-1 / ROW,total_created,1,130104.0,,,,,1,0,0
catchall_55_60,sensitivity,Capped,entries_2025_2040,joint,EB-2 / India,total_created,1,292496.0,,,,,1,0,0
catchall_55_60,sensitivity,Capped,entries_2025_2040,joint,EB-2 / China,total_created,1,41181.0,,,,,1,0,0
catchall_55_60,sensitivity,Capped,entries_2025_2040,joint,EB-2 / ROW,total_created,1,207459.0,,,,,1,0,0
catchall_55_60,sensitivity,Capped,entries_2025_2040,joint,EB-3 / India,total_created,1,74719.0,,,,,1,0,0
catchall_55_60,sensitivity,Capped,entries_2025_2040,joint,EB-3 / China,total_created,1,37201.0,,,,,1,0,0
catchall_55_60,sensitivity,Capped,entries_2025_2040,joint,EB-3 / ROW,total_created,1,274950.0,,,,,1,0,0
catchall_55_60,sensitivity,Capped,entries_2025_2040,joint,EB-4 / India,total_created,1,14773.0,,,,,1,0,0
catchall_55_60,sensitivity,Capped,entries_2025_2040,joint,EB-4 / China,total_created,1,818.0,,,,,1,0,0
catchall_55_60,sensitivity,Capped,entries_2025_2040,joint,EB-4 / ROW,total_created,1,176223.0,,,,,1,0,0
catchall_55_60,sensitivity,Capped,entries_2025_2040,joint,EB-5 / India,total_created,1,11211.0,,,,,1,0,0
catchall_55_60,sensitivity,Capped,entries_2025_2040,joint,EB-5 / China,total_created,1,24631.0,,,,,1,0,0
catchall_55_60,sensitivity,Capped,entries_2025_2040,joint,EB-5 / ROW,total_created,1,20445.0,,,,,1,0,0
catchall_65_70,sensitivity,Uncapped,all_entries_2009_2040,overall,All,total_created,1,2550818.0,,,,,1,0,0
catchall_65_70,sensitivity,Uncapped,all_entries_2009_2040,nationality,India,total_created,1,895647.0,,,,,1,0,0
catchall_65_70,sensitivity,Uncapped,all_entries_2009_2040,nationality,China,total_created,1,233264.0,,,,,1,0,0
catchall_65_70,sensitivity,Uncapped,all_entries_2009_2040,nationality,ROW,total_created,1,1421907.0,,,,,1,0,0
catchall_65_70,sensitivity,Uncapped,all_entries_2009_2040,category,EB-1,total_created,1,417039.0,,,,,1,0,0
catchall_65_70,sensitivity,Uncapped,all_entries_2009_2040,category,EB-2,total_created,1,981227.0,,,,,1,0,0
catchall_65_70,sensitivity,Uncapped,all_entries_2009_2040,category,EB-3,total_created,1,708142.0,,,,,1,0,0
catchall_65_70,sensitivity,Uncapped,all_entries_2009_2040,category,EB-4,total_created,1,342192.0,,,,,1,0,0
catchall_65_70,sensitivity,Uncapped,all_entries_2009_2040,category,EB-5,total_created,1,102218.0,,,,,1,0,0
catchall_65_70,sensitivity,Uncapped,all_entries_2009_2040,joint,EB-1 / India,total_created,1,128120.0,,,,,1,0,0
catchall_65_70,sensitivity,Uncapped,all_entries_2009_2040,joint,EB-1 / China,total_created,1,48938.0,,,,,1,0,0
catchall_65_70,sensitivity,Uncapped,all_entries_2009_2040,joint,EB-1 / ROW,total_created,1,239981.0,,,,,1,0,0
catchall_65_70,sensitivity,Uncapped,all_entries_2009_2040,joint,EB-2 / India,total_created,1,537456.0,,,,,1,0,0
catchall_65_70,sensitivity,Uncapped,all_entries_2009_2040,joint,EB-2 / China,total_created,1,66923.0,,,,,1,0,0
catchall_65_70,sensitivity,Uncapped,all_entries_2009_2040,joint,EB-2 / ROW,total_created,1,376848.0,,,,,1,0,0
catchall_65_70,sensitivity,Uncapped,all_entries_2009_2040,joint,EB-3 / India,total_created,1,190670.0,,,,,1,0,0
catchall_65_70,sensitivity,Uncapped,all_entries_2009_2040,joint,EB-3 / China,total_created,1,64245.0,,,,,1,0,0
catchall_65_70,sensitivity,Uncapped,all_entries_2009_2040,joint,EB-3 / ROW,total_created,1,453227.0,,,,,1,0,0
catchall_65_70,sensitivity,Uncapped,all_entries_2009_2040,joint,EB-4 / India,total_created,1,24263.0,,,,,1,0,0
catchall_65_70,sensitivity,Uncapped,all_entries_2009_2040,joint,EB-4 / China,total_created,1,1296.0,,,,,1,0,0
catchall_65_70,sensitivity,Uncapped,all_entries_2009_2040,joint,EB-4 / ROW,total_created,1,316633.0,,,,,1,0,0
catchall_65_70,sensitivity,Uncapped,all_entries_2009_2040,joint,EB-5 / India,total_created,1,15138.0,,,,,1,0,0
catchall_65_70,sensitivity,Uncapped,all_entries_2009_2040,joint,EB-5 / China,total_created,1,51862.0,,,,,1,0,0
catchall_65_70,sensitivity,Uncapped,all_entries_2009_2040,joint,EB-5 / ROW,total_created,1,35218.0,,,,,1,0,0
catchall_65_70,sensitivity,Uncapped,entries_2009_2024,overall,All,total_created,1,1139768.0,,,,,1,0,0
catchall_65_70,sensitivity,Uncapped,entries_2009_2024,nationality,India,total_created,1,427729.0,,,,,1,0,0
catchall_65_70,sensitivity,Uncapped,entries_2009_2024,nationality,China,total_created,1,99313.0,,,,,1,0,0
catchall_65_70,sensitivity,Uncapped,entries_2009_2024,nationality,ROW,total_created,1,612726.0,,,,,1,0,0
catchall_65_70,sensitivity,Uncapped,entries_2009_2024,category,EB-1,total_created,1,182096.0,,,,,1,0,0
catchall_65_70,sensitivity,Uncapped,entries_2009_2024,category,EB-2,total_created,1,440091.0,,,,,1,0,0
catchall_65_70,sensitivity,Uncapped,entries_2009_2024,category,EB-3,total_created,1,321272.0,,,,,1,0,0
catchall_65_70,sensitivity,Uncapped,entries_2009_2024,category,EB-4,total_created,1,150378.0,,,,,1,0,0
catchall_65_70,sensitivity,Uncapped,entries_2009_2024,category,EB-5,total_created,1,45931.0,,,,,1,0,0
catchall_65_70,sensitivity,Uncapped,entries_2009_2024,joint,EB-1 / India,total_created,1,53401.0,,,,,1,0,0
catchall_65_70,sensitivity,Uncapped,entries_2009_2024,joint,EB-1 / China,total_created,1,18818.0,,,,,1,0,0
catchall_65_70,sensitivity,Uncapped,entries_2009_2024,joint,EB-1 / ROW,total_created,1,109877.0,,,,,1,0,0
catchall_65_70,sensitivity,Uncapped,entries_2009_2024,joint,EB-2 / India,total_created,1,244960.0,,,,,1,0,0
catchall_65_70,sensitivity,Uncapped,entries_2009_2024,joint,EB-2 / China,total_created,1,25742.0,,,,,1,0,0
catchall_65_70,sensitivity,Uncapped,entries_2009_2024,joint,EB-2 / ROW,total_created,1,169389.0,,,,,1,0,0
catchall_65_70,sensitivity,Uncapped,entries_2009_2024,joint,EB-3 / India,total_created,1,115951.0,,,,,1,0,0
catchall_65_70,sensitivity,Uncapped,entries_2009_2024,joint,EB-3 / China,total_created,1,27044.0,,,,,1,0,0
catchall_65_70,sensitivity,Uncapped,entries_2009_2024,joint,EB-3 / ROW,total_created,1,178277.0,,,,,1,0,0
catchall_65_70,sensitivity,Uncapped,entries_2009_2024,joint,EB-4 / India,total_created,1,9490.0,,,,,1,0,0
catchall_65_70,sensitivity,Uncapped,entries_2009_2024,joint,EB-4 / China,total_created,1,478.0,,,,,1,0,0
catchall_65_70,sensitivity,Uncapped,entries_2009_2024,joint,EB-4 / ROW,total_created,1,140410.0,,,,,1,0,0
catchall_65_70,sensitivity,Uncapped,entries_2009_2024,joint,EB-5 / India,total_created,1,3927.0,,,,,1,0,0
catchall_65_70,sensitivity,Uncapped,entries_2009_2024,joint,EB-5 / China,total_created,1,27231.0,,,,,1,0,0
catchall_65_70,sensitivity,Uncapped,entries_2009_2024,joint,EB-5 / ROW,total_created,1,14773.0,,,,,1,0,0
catchall_65_70,sensitivity,Uncapped,entries_2025_2040,overall,All,total_created,1,1411050.0,,,,,1,0,0
catchall_65_70,sensitivity,Uncapped,entries_2025_2040,nationality,India,total_created,1,467918.0,,,,,1,0,0
catchall_65_70,sensitivity,Uncapped,entries_2025_2040,nationality,China,total_created,1,133951.0,,,,,1,0,0
catchall_65_70,sensitivity,Uncapped,entries_2025_2040,nationality,ROW,total_created,1,809181.0,,,,,1,0,0
catchall_65_70,sensitivity,Uncapped,entries_2025_2040,category,EB-1,total_created,1,234943.0,,,,,1,0,0
catchall_65_70,sensitivity,Uncapped,entries_2025_2040,category,EB-2,total_created,1,541136.0,,,,,1,0,0
catchall_65_70,sensitivity,Uncapped,entries_2025_2040,category,EB-3,total_created,1,386870.0,,,,,1,0,0
catchall_65_70,sensitivity,Uncapped,entries_2025_2040,category,EB-4,total_created,1,191814.0,,,,,1,0,0
catchall_65_70,sensitivity,Uncapped,entries_2025_2040,category,EB-5,total_created,1,56287.0,,,,,1,0,0
catchall_65_70,sensitivity,Uncapped,entries_2025_2040,joint,EB-1 / India,total_created,1,74719.0,,,,,1,0,0
catchall_65_70,sensitivity,Uncapped,entries_2025_2040,joint,EB-1 / China,total_created,1,30120.0,,,,,1,0,0
catchall_65_70,sensitivity,Uncapped,entries_2025_2040,joint,EB-1 / ROW,total_created,1,130104.0,,,,,1,0,0
catchall_65_70,sensitivity,Uncapped,entries_2025_2040,joint,EB-2 / India,total_created,1,292496.0,,,,,1,0,0
catchall_65_70,sensitivity,Uncapped,entries_2025_2040,joint,EB-2 / China,total_created,1,41181.0,,,,,1,0,0
catchall_65_70,sensitivity,Uncapped,entries_2025_2040,joint,EB-2 / ROW,total_created,1,207459.0,,,,,1,0,0
catchall_65_70,sensitivity,Uncapped,entries_2025_2040,joint,EB-3 / India,total_created,1,74719.0,,,,,1,0,0
catchall_65_70,sensitivity,Uncapped,entries_2025_2040,joint,EB-3 / China,total_created,1,37201.0,,,,,1,0,0
catchall_65_70,sensitivity,Uncapped,entries_2025_2040,joint,EB-3 / ROW,total_created,1,274950.0,,,,,1,0,0
catchall_65_70,sensitivity,Uncapped,entries_2025_2040,joint,EB-4 / India,total_created,1,14773.0,,,,,1,0,0
catchall_65_70,sensitivity,Uncapped,entries_2025_2040,joint,EB-4 / China,total_created,1,818.0,,,,,1,0,0
catchall_65_70,sensitivity,Uncapped,entries_2025_2040,joint,EB-4 / ROW,total_created,1,176223.0,,,,,1,0,0
catchall_65_70,sensitivity,Uncapped,entries_2025_2040,joint,EB-5 / India,total_created,1,11211.0,,,,,1,0,0
catchall_65_70,sensitivity,Uncapped,entries_2025_2040,joint,EB-5 / China,total_created,1,24631.0,,,,,1,0,0
catchall_65_70,sensitivity,Uncapped,entries_2025_2040,joint,EB-5 / ROW,total_created,1,20445.0,,,,,1,0,0
catchall_65_70,sensitivity,Capped,all_entries_2009_2040,overall,All,total_created,1,2550818.0,,,,,1,0,0
catchall_65_70,sensitivity,Capped,all_entries_2009_2040,nationality,India,total_created,1,895647.0,,,,,1,0,0
catchall_65_70,sensitivity,Capped,all_entries_2009_2040,nationality,China,total_created,1,233264.0,,,,,1,0,0
catchall_65_70,sensitivity,Capped,all_entries_2009_2040,nationality,ROW,total_created,1,1421907.0,,,,,1,0,0
catchall_65_70,sensitivity,Capped,all_entries_2009_2040,category,EB-1,total_created,1,417039.0,,,,,1,0,0
catchall_65_70,sensitivity,Capped,all_entries_2009_2040,category,EB-2,total_created,1,981227.0,,,,,1,0,0
catchall_65_70,sensitivity,Capped,all_entries_2009_2040,category,EB-3,total_created,1,708142.0,,,,,1,0,0
catchall_65_70,sensitivity,Capped,all_entries_2009_2040,category,EB-4,total_created,1,342192.0,,,,,1,0,0
catchall_65_70,sensitivity,Capped,all_entries_2009_2040,category,EB-5,total_created,1,102218.0,,,,,1,0,0
catchall_65_70,sensitivity,Capped,all_entries_2009_2040,joint,EB-1 / India,total_created,1,128120.0,,,,,1,0,0
catchall_65_70,sensitivity,Capped,all_entries_2009_2040,joint,EB-1 / China,total_created,1,48938.0,,,,,1,0,0
catchall_65_70,sensitivity,Capped,all_entries_2009_2040,joint,EB-1 / ROW,total_created,1,239981.0,,,,,1,0,0
catchall_65_70,sensitivity,Capped,all_entries_2009_2040,joint,EB-2 / India,total_created,1,537456.0,,,,,1,0,0
catchall_65_70,sensitivity,Capped,all_entries_2009_2040,joint,EB-2 / China,total_created,1,66923.0,,,,,1,0,0
catchall_65_70,sensitivity,Capped,all_entries_2009_2040,joint,EB-2 / ROW,total_created,1,376848.0,,,,,1,0,0
catchall_65_70,sensitivity,Capped,all_entries_2009_2040,joint,EB-3 / India,total_created,1,190670.0,,,,,1,0,0
catchall_65_70,sensitivity,Capped,all_entries_2009_2040,joint,EB-3 / China,total_created,1,64245.0,,,,,1,0,0
catchall_65_70,sensitivity,Capped,all_entries_2009_2040,joint,EB-3 / ROW,total_created,1,453227.0,,,,,1,0,0
catchall_65_70,sensitivity,Capped,all_entries_2009_2040,joint,EB-4 / India,total_created,1,24263.0,,,,,1,0,0
catchall_65_70,sensitivity,Capped,all_entries_2009_2040,joint,EB-4 / China,total_created,1,1296.0,,,,,1,0,0
catchall_65_70,sensitivity,Capped,all_entries_2009_2040,joint,EB-4 / ROW,total_created,1,316633.0,,,,,1,0,0
catchall_65_70,sensitivity,Capped,all_entries_2009_2040,joint,EB-5 / India,total_created,1,15138.0,,,,,1,0,0
catchall_65_70,sensitivity,Capped,all_entries_2009_2040,joint,EB-5 / China,total_created,1,51862.0,,,,,1,0,0
catchall_65_70,sensitivity,Capped,all_entries_2009_2040,joint,EB-5 / ROW,total_created,1,35218.0,,,,,1,0,0
catchall_65_70,sensitivity,Capped,entries_2009_2024,overall,All,total_created,1,1139768.0,,,,,1,0,0
catchall_65_70,sensitivity,Capped,entries_2009_2024,nationality,India,total_created,1,427729.0,,,,,1,0,0
catchall_65_70,sensitivity,Capped,entries_2009_2024,nationality,China,total_created,1,99313.0,,,,,1,0,0
catchall_65_70,sensitivity,Capped,entries_2009_2024,nationality,ROW,total_created,1,612726.0,,,,,1,0,0
catchall_65_70,sensitivity,Capped,entries_2009_2024,category,EB-1,total_created,1,182096.0,,,,,1,0,0
catchall_65_70,sensitivity,Capped,entries_2009_2024,category,EB-2,total_created,1,440091.0,,,,,1,0,0
catchall_65_70,sensitivity,Capped,entries_2009_2024,category,EB-3,total_created,1,321272.0,,,,,1,0,0
catchall_65_70,sensitivity,Capped,entries_2009_2024,category,EB-4,total_created,1,150378.0,,,,,1,0,0
catchall_65_70,sensitivity,Capped,entries_2009_2024,category,EB-5,total_created,1,45931.0,,,,,1,0,0
catchall_65_70,sensitivity,Capped,entries_2009_2024,joint,EB-1 / India,total_created,1,53401.0,,,,,1,0,0
catchall_65_70,sensitivity,Capped,entries_2009_2024,joint,EB-1 / China,total_created,1,18818.0,,,,,1,0,0
catchall_65_70,sensitivity,Capped,entries_2009_2024,joint,EB-1 / ROW,total_created,1,109877.0,,,,,1,0,0
catchall_65_70,sensitivity,Capped,entries_2009_2024,joint,EB-2 / India,total_created,1,244960.0,,,,,1,0,0
catchall_65_70,sensitivity,Capped,entries_2009_2024,joint,EB-2 / China,total_created,1,25742.0,,,,,1,0,0
catchall_65_70,sensitivity,Capped,entries_2009_2024,joint,EB-2 / ROW,total_created,1,169389.0,,,,,1,0,0
catchall_65_70,sensitivity,Capped,entries_2009_2024,joint,EB-3 / India,total_created,1,115951.0,,,,,1,0,0
catchall_65_70,sensitivity,Capped,entries_2009_2024,joint,EB-3 / China,total_created,1,27044.0,,,,,1,0,0
catchall_65_70,sensitivity,Capped,entries_2009_2024,joint,EB-3 / ROW,total_created,1,178277.0,,,,,1,0,0
catchall_65_70,sensitivity,Capped,entries_2009_2024,joint,EB-4 / India,total_created,1,9490.0,,,,,1,0,0
catchall_65_70,sensitivity,Capped,entries_2009_2024,joint,EB-4 / China,total_created,1,478.0,,,,,1,0,0
catchall_65_70,sensitivity,Capped,entries_2009_2024,joint,EB-4 / ROW,total_created,1,140410.0,,,,,1,0,0
catchall_65_70,sensitivity,Capped,entries_2009_2024,joint,EB-5 / India,total_created,1,3927.0,,,,,1,0,0
catchall_65_70,sensitivity,Capped,entries_2009_2024,joint,EB-5 / China,total_created,1,27231.0,,,,,1,0,0
catchall_65_70,sensitivity,Capped,entries_2009_2024,joint,EB-5 / ROW,total_created,1,14773.0,,,,,1,0,0
catchall_65_70,sensitivity,Capped,entries_2025_2040,overall,All,total_created,1,1411050.0,,,,,1,0,0
catchall_65_70,sensitivity,Capped,entries_2025_2040,nationality,India,total_created,1,467918.0,,,,,1,0,0
catchall_65_70,sensitivity,Capped,entries_2025_2040,nationality,China,total_created,1,133951.0,,,,,1,0,0
catchall_65_70,sensitivity,Capped,entries_2025_2040,nationality,ROW,total_created,1,809181.0,,,,,1,0,0
catchall_65_70,sensitivity,Capped,entries_2025_2040,category,EB-1,total_created,1,234943.0,,,,,1,0,0
catchall_65_70,sensitivity,Capped,entries_2025_2040,category,EB-2,total_created,1,541136.0,,,,,1,0,0
catchall_65_70,sensitivity,Capped,entries_2025_2040,category,EB-3,total_created,1,386870.0,,,,,1,0,0
catchall_65_70,sensitivity,Capped,entries_2025_2040,category,EB-4,total_created,1,191814.0,,,,,1,0,0
catchall_65_70,sensitivity,Capped,entries_2025_2040,category,EB-5,total_created,1,56287.0,,,,,1,0,0
catchall_65_70,sensitivity,Capped,entries_2025_2040,joint,EB-1 / India,total_created,1,74719.0,,,,,1,0,0
catchall_65_70,sensitivity,Capped,entries_2025_2040,joint,EB-1 / China,total_created,1,30120.0,,,,,1,0,0
catchall_65_70,sensitivity,Capped,entries_2025_2040,joint,EB-1 / ROW,total_created,1,130104.0,,,,,1,0,0
catchall_65_70,sensitivity,Capped,entries_2025_2040,joint,EB-2 / India,total_created,1,292496.0,,,,,1,0,0
catchall_65_70,sensitivity,Capped,entries_2025_2040,joint,EB-2 / China,total_created,1,41181.0,,,,,1,0,0
catchall_65_70,sensitivity,Capped,entries_2025_2040,joint,EB-2 / ROW,total_created,1,207459.0,,,,,1,0,0
catchall_65_70,sensitivity,Capped,entries_2025_2040,joint,EB-3 / India,total_created,1,74719.0,,,,,1,0,0
catchall_65_70,sensitivity,Capped,entries_2025_2040,joint,EB-3 / China,total_created,1,37201.0,,,,,1,0,0
catchall_65_70,sensitivity,Capped,entries_2025_2040,joint,EB-3 / ROW,total_created,1,274950.0,,,,,1,0,0
catchall_65_70,sensitivity,Capped,entries_2025_2040,joint,EB-4 / India,total_created,1,14773.0,,,,,1,0,0
catchall_65_70,sensitivity,Capped,entries_2025_2040,joint,EB-4 / China,total_created,1,818.0,,,,,1,0,0
catchall_65_70,sensitivity,Capped,entries_2025_2040,joint,EB-4 / ROW,total_created,1,176223.0,,,,,1,0,0
catchall_65_70,sensitivity,Capped,entries_2025_2040,joint,EB-5 / India,total_created,1,11211.0,,,,,1,0,0
catchall_65_70,sensitivity,Capped,entries_2025_2040,joint,EB-5 / China,total_created,1,24631.0,,,,,1,0,0
catchall_65_70,sensitivity,Capped,entries_2025_2040,joint,EB-5 / ROW,total_created,1,20445.0,,,,,1,0,0
catchall_60_65,primary,Uncapped,all_entries_2009_2040,overall,All,saved,50,1077170.28,957.7152881003959,135.44139493236358,1076898.1003266617,1077442.4596733383,50,0,0
catchall_60_65,primary,Uncapped,all_entries_2009_2040,nationality,India,saved,50,353809.72,645.9500846325005,91.35113703033308,353626.1430171402,353993.2969828597,50,0,0
catchall_60_65,primary,Uncapped,all_entries_2009_2040,nationality,China,saved,50,115560.2,315.5877574511743,44.63084867063615,115470.51095169943,115649.88904830057,50,0,0
catchall_60_65,primary,Uncapped,all_entries_2009_2040,nationality,ROW,saved,50,607800.36,853.4556110308257,120.69685000032105,607557.8105990399,608042.9094009601,50,0,0
catchall_60_65,primary,Uncapped,all_entries_2009_2040,category,EB-1,saved,50,340367.58,599.3191065105228,84.75652086165069,340197.2553944912,340537.90460550884,50,0,0
catchall_60_65,primary,Uncapped,all_entries_2009_2040,category,EB-2,saved,50,303283.02,473.9289316394368,67.0236722725483,303148.3308878996,303417.7091121004,50,0,0
catchall_60_65,primary,Uncapped,all_entries_2009_2040,category,EB-3,saved,50,287233.3,481.8399789412689,68.1424633112309,287096.36259313277,287370.2374068672,50,0,0
catchall_60_65,primary,Uncapped,all_entries_2009_2040,category,EB-4,saved,50,64475.48,180.31335989078025,25.50015990346023,64424.23551011518,64526.72448988483,50,0,0
catchall_60_65,primary,Uncapped,all_entries_2009_2040,category,EB-5,saved,50,81810.9,195.63035217950602,27.666309726408237,81755.30246907106,81866.49753092893,50,0,0
catchall_60_65,primary,Uncapped,all_entries_2009_2040,joint,EB-1 / India,saved,50,104136.58,426.8276950064157,60.362551507452004,104015.27691124068,104257.88308875932,50,0,0
catchall_60_65,primary,Uncapped,all_entries_2009_2040,joint,EB-1 / China,saved,50,39154.66,201.17558682577237,28.45052433073734,39097.48653082161,39211.8334691784,50,0,0
catchall_60_65,primary,Uncapped,all_entries_2009_2040,joint,EB-1 / ROW,saved,50,197076.34,587.2720959605331,83.05281629106595,196909.43911700763,197243.24088299237,50,0,0
catchall_60_65,primary,Uncapped,all_entries_2009_2040,joint,EB-2 / India,saved,50,145380.2,321.38685443571217,45.450964831141185,145288.86286657173,145471.5371334283,50,0,0
catchall_60_65,primary,Uncapped,all_entries_2009_2040,joint,EB-2 / China,saved,50,13671.82,135.31379856331225,19.13626091044572,13633.364243943124,13710.275756056875,50,0,0
catchall_60_65,primary,Uncapped,all_entries_2009_2040,joint,EB-2 / ROW,saved,50,144231.0,398.475410861479,56.35293303124949,144117.7545412408,144344.2454587592,50,0,0
catchall_60_65,primary,Uncapped,all_entries_2009_2040,joint,EB-3 / India,saved,50,88775.94,291.31702417028185,41.19844865317833,88693.14861777844,88858.73138222157,50,0,0
catchall_60_65,primary,Uncapped,all_entries_2009_2040,joint,EB-3 / China,saved,50,20007.56,156.1273891175186,22.079747114789633,19963.189086956045,20051.930913043958,50,0,0
catchall_60_65,primary,Uncapped,all_entries_2009_2040,joint,EB-3 / ROW,saved,50,178449.8,457.19932686936,64.65774887664986,178319.86538896896,178579.73461103102,50,0,0
catchall_60_65,primary,Uncapped,all_entries_2009_2040,joint,EB-4 / India,saved,50,4240.56,74.61387954267063,10.551996039051723,4219.354970057636,4261.765029942365,50,0,0
catchall_60_65,primary,Uncapped,all_entries_2009_2040,joint,EB-4 / China,saved,50,512.0,35.813576265125484,5.064804527122363,501.82189424139483,522.1781057586052,50,0,0
catchall_60_65,primary,Uncapped,all_entries_2009_2040,joint,EB-4 / ROW,saved,50,59722.92,183.00583686464924,25.88093364874251,59670.9103166257,59774.9296833743,50,0,0
catchall_60_65,primary,Uncapped,all_entries_2009_2040,joint,EB-5 / India,saved,50,11276.44,125.75716151961043,17.784748338657696,11240.70021014006,11312.179789859942,50,0,0
catchall_60_65,primary,Uncapped,all_entries_2009_2040,joint,EB-5 / China,saved,50,42214.16,184.67117605437542,26.116448175548726,42161.67703246465,42266.64296753536,50,0,0
catchall_60_65,primary,Uncapped,all_entries_2009_2040,joint,EB-5 / ROW,saved,50,28320.3,166.3439085700686,23.524581151794113,28273.025584253515,28367.574415746483,50,0,0
catchall_60_65,primary,Uncapped,entries_2009_2024,overall,All,saved,50,841604.48,1016.2537092835888,143.71997784808158,841315.6638914357,841893.2961085642,50,0,0
catchall_60_65,primary,Uncapped,entries_2009_2024,nationality,India,saved,50,285146.28,501.58121567535534,70.9342957839672,285003.7321957294,285288.82780427067,50,0,0
catchall_60_65,primary,Uncapped,entries_2009_2024,nationality,China,saved,50,75223.2,284.86831902420016,40.28646402544494,75142.24131950297,75304.15868049703,50,0,0
catchall_60_65,primary,Uncapped,entries_2009_2024,nationality,ROW,saved,50,481235.0,857.6699331827567,121.29284515466807,480991.25290193624,481478.74709806376,50,0,0
catchall_60_65,primary,Uncapped,entries_2009_2024,category,EB-1,saved,50,181233.58,591.1192458862619,83.59688545121078,181065.5857690961,181401.57423090388,50,0,0
catchall_60_65,primary,Uncapped,entries_2009_2024,category,EB-2,saved,50,303283.02,473.9289316394368,67.0236722725483,303148.3308878996,303417.7091121004,50,0,0
catchall_60_65,primary,Uncapped,entries_2009_2024,category,EB-3,saved,50,247630.88,547.0701794326664,77.36740673235593,247475.40437526975,247786.35562473026,50,0,0
catchall_60_65,primary,Uncapped,entries_2009_2024,category,EB-4,saved,50,64475.48,180.31335989078025,25.50015990346023,64424.23551011518,64526.72448988483,50,0,0
catchall_60_65,primary,Uncapped,entries_2009_2024,category,EB-5,saved,50,44981.52,206.58083756481284,29.214942221055164,44922.8103755584,45040.22962444159,50,0,0
catchall_60_65,primary,Uncapped,entries_2009_2024,joint,EB-1 / India,saved,50,52964.26,299.51265245326755,42.35748552017502,52879.1394459916,53049.38055400841,50,0,0
catchall_60_65,primary,Uncapped,entries_2009_2024,joint,EB-1 / China,saved,50,18673.84,148.41920223420126,20.98964487162026,18631.659729429855,18716.020270570145,50,0,0
catchall_60_65,primary,Uncapped,entries_2009_2024,joint,EB-1 / ROW,saved,50,109595.48,527.4346168977164,74.5905188481808,109445.58474039807,109745.37525960192,50,0,0
catchall_60_65,primary,Uncapped,entries_2009_2024,joint,EB-2 / India,saved,50,145380.2,321.38685443571217,45.450964831141185,145288.86286657173,145471.5371334283,50,0,0
catchall_60_65,primary,Uncapped,entries_2009_2024,joint,EB-2 / China,saved,50,13671.82,135.31379856331225,19.13626091044572,13633.364243943124,13710.275756056875,50,0,0
catchall_60_65,primary,Uncapped,entries_2009_2024,joint,EB-2 / ROW,saved,50,144231.0,398.475410861479,56.35293303124949,144117.7545412408,144344.2454587592,50,0,0
catchall_60_65,primary,Uncapped,entries_2009_2024,joint,EB-3 / India,saved,50,78692.84,264.0307928856722,37.339592818303935,78617.80327890784,78767.87672109215,50,0,0
catchall_60_65,primary,Uncapped,entries_2009_2024,joint,EB-3 / China,saved,50,16381.56,142.54511065423665,20.158922873719504,16341.049127785775,16422.070872214223,50,0,0
catchall_60_65,primary,Uncapped,entries_2009_2024,joint,EB-3 / ROW,saved,50,152556.48,476.12827288966776,67.33470609498461,152421.16584203215,152691.79415796787,50,0,0
catchall_60_65,primary,Uncapped,entries_2009_2024,joint,EB-4 / India,saved,50,4240.56,74.61387954267063,10.551996039051723,4219.354970057636,4261.765029942365,50,0,0
catchall_60_65,primary,Uncapped,entries_2009_2024,joint,EB-4 / China,saved,50,512.0,35.813576265125484,5.064804527122363,501.82189424139483,522.1781057586052,50,0,0
catchall_60_65,primary,Uncapped,entries_2009_2024,joint,EB-4 / ROW,saved,50,59722.92,183.00583686464924,25.88093364874251,59670.9103166257,59774.9296833743,50,0,0
catchall_60_65,primary,Uncapped,entries_2009_2024,joint,EB-5 / India,saved,50,3868.42,68.25106413164589,9.652158054136951,3849.023262189549,3887.8167378104513,50,0,0
catchall_60_65,primary,Uncapped,entries_2009_2024,joint,EB-5 / China,saved,50,25983.98,159.08866607483193,22.49853491828718,25938.76750135652,26029.19249864348,50,0,0
catchall_60_65,primary,Uncapped,entries_2009_2024,joint,EB-5 / ROW,saved,50,15129.12,151.02853359277404,21.358660051222163,15086.198165662803,15172.041834337198,50,0,0
catchall_60_65,primary,Uncapped,entries_2025_2040,overall,All,saved,50,235565.8,427.975252002415,60.52484057418584,235444.1707791509,235687.42922084907,50,0,0
catchall_60_65,primary,Uncapped,entries_2025_2040,nationality,India,saved,50,68663.44,320.7408617687545,45.35960767206067,68572.28645565633,68754.59354434368,50,0,0
catchall_60_65,primary,Uncapped,entries_2025_2040,nationality,China,saved,50,40337.0,192.45386407115438,27.217086470053463,40282.30521700298,40391.69478299702,50,0,0
catchall_60_65,primary,Uncapped,entries_2025_2040,nationality,ROW,saved,50,126565.36,446.1249829455455,63.091600139505616,126438.57268268878,126692.14731731122,50,0,0
catchall_60_65,primary,Uncapped,entries_2025_2040,category,EB-1,saved,50,159134.0,299.6057273096339,42.37064829259394,159048.8529944101,159219.1470055899,50,0,0
catchall_60_65,primary,Uncapped,entries_2025_2040,category,EB-2,saved,50,0.0,0.0,0.0,0.0,0.0,0,50,0
catchall_60_65,primary,Uncapped,entries_2025_2040,category,EB-3,saved,50,39602.42,186.51925435433728,26.377805915162075,39549.41181442309,39655.42818557691,50,0,0
catchall_60_65,primary,Uncapped,entries_2025_2040,category,EB-4,saved,50,0.0,0.0,0.0,0.0,0.0,0,50,0
catchall_60_65,primary,Uncapped,entries_2025_2040,category,EB-5,saved,50,36829.38,151.5852141300633,21.437386567796523,36786.299958804586,36872.46004119541,50,0,0
catchall_60_65,primary,Uncapped,entries_2025_2040,joint,EB-1 / India,saved,50,51172.32,270.4887066185264,38.25287973686772,51095.44796013191,51249.19203986809,50,0,0
catchall_60_65,primary,Uncapped,entries_2025_2040,joint,EB-1 / China,saved,50,20480.82,150.81502252895154,21.328465027004714,20437.958844835754,20523.681155164246,50,0,0
catchall_60_65,primary,Uncapped,entries_2025_2040,joint,EB-1 / ROW,saved,50,87480.86,352.75076534145126,49.88649164833695,87380.60934171625,87581.11065828375,50,0,0
catchall_60_65,primary,Uncapped,entries_2025_2040,joint,EB-2 / India,saved,50,0.0,0.0,0.0,0.0,0.0,0,50,0
catchall_60_65,primary,Uncapped,entries_2025_2040,joint,EB-2 / China,saved,50,0.0,0.0,0.0,0.0,0.0,0,50,0
catchall_60_65,primary,Uncapped,entries_2025_2040,joint,EB-2 / ROW,saved,50,0.0,0.0,0.0,0.0,0.0,0,50,0
catchall_60_65,primary,Uncapped,entries_2025_2040,joint,EB-3 / India,saved,50,10083.1,99.94615897510795,14.134521352969509,10054.695615900398,10111.504384099602,50,0,0
catchall_60_65,primary,Uncapped,entries_2025_2040,joint,EB-3 / China,saved,50,3626.0,64.84392565134803,9.170315909364902,3607.571560231888,3644.428439768112,50,0,0
catchall_60_65,primary,Uncapped,entries_2025_2040,joint,EB-3 / ROW,saved,50,25893.32,183.58187185413865,25.962397298196244,25841.146609293035,25945.493390706964,50,0,0
catchall_60_65,primary,Uncapped,entries_2025_2040,joint,EB-4 / India,saved,50,0.0,0.0,0.0,0.0,0.0,0,50,0
catchall_60_65,primary,Uncapped,entries_2025_2040,joint,EB-4 / China,saved,50,0.0,0.0,0.0,0.0,0.0,0,50,0
catchall_60_65,primary,Uncapped,entries_2025_2040,joint,EB-4 / ROW,saved,50,0.0,0.0,0.0,0.0,0.0,0,50,0
catchall_60_65,primary,Uncapped,entries_2025_2040,joint,EB-5 / India,saved,50,7408.02,109.43332514851782,15.476209260061859,7376.91939310635,7439.120606893651,50,0,0
catchall_60_65,primary,Uncapped,entries_2025_2040,joint,EB-5 / China,saved,50,16230.18,99.22365789323777,14.032344270088505,16201.980948435958,16258.379051564043,50,0,0
catchall_60_65,primary,Uncapped,entries_2025_2040,joint,EB-5 / ROW,saved,50,13191.18,116.44525559687011,16.467845973909526,13158.086624521973,13224.273375478027,50,0,0
catchall_60_65,primary,Capped,all_entries_2009_2040,overall,All,saved,50,1157654.02,935.5165437732619,132.30201840285503,1157388.1491399955,1157919.8908600046,50,0,0
catchall_60_65,primary,Capped,all_entries_2009_2040,nationality,India,saved,50,153934.84,487.2793005399408,68.91169954872596,153796.35675503837,154073.32324496162,50,0,0
catchall_60_65,primary,Capped,all_entries_2009_2040,nationality,China,saved,50,95993.1,271.4608439460807,38.39036071617936,95915.95168176031,96070.2483182397,50,0,0
catchall_60_65,primary,Capped,all_entries_2009_2040,nationality,ROW,saved,50,907726.08,986.2848626051612,139.48174290595034,907445.7809434246,908006.3790565754,50,0,0
catchall_60_65,primary,Capped,all_entries_2009_2040,category,EB-1,saved,50,352092.96,647.6527779731409,91.59193423182268,351908.89911704697,352277.0208829531,50,0,0
catchall_60_65,primary,Capped,all_entries_2009_2040,category,EB-2,saved,50,354240.7,514.765064304651,72.79877353754958,354094.4053874056,354386.9946125944,50,0,0
catchall_60_65,primary,Capped,all_entries_2009_2040,category,EB-3,saved,50,302208.52,486.368644934591,68.78291339795229,302070.2955604979,302346.74443950213,50,0,0
catchall_60_65,primary,Capped,all_entries_2009_2040,category,EB-4,saved,50,65604.82,191.74395022784836,27.116689491521484,65550.32697228492,65659.31302771509,50,0,0
catchall_60_65,primary,Capped,all_entries_2009_2040,category,EB-5,saved,50,83507.02,190.6786472854584,26.9660329046051,83452.8297280313,83561.21027196871,50,0,0
catchall_60_65,primary,Capped,all_entries_2009_2040,joint,EB-1 / India,saved,50,82344.28,367.78054903012196,52.01202404154215,82239.75792445315,82448.80207554685,50,0,0
catchall_60_65,primary,Capped,all_entries_2009_2040,joint,EB-1 / China,saved,50,30045.98,192.64045922550187,27.243475009848595,29991.23218724686,30100.72781275314,50,0,0
catchall_60_65,primary,Capped,all_entries_2009_2040,joint,EB-1 / ROW,saved,50,239702.7,711.8036948485166,100.66424390020521,239500.40762819382,239904.9923718062,50,0,0
catchall_60_65,primary,Capped,all_entries_2009_2040,joint,EB-2 / India,saved,50,39834.36,204.63274819210403,28.939440779895197,39776.204016432355,39892.515983567646,50,0,0
catchall_60_65,primary,Capped,all_entries_2009_2040,joint,EB-2 / China,saved,50,12303.78,117.25034963613506,16.58170346484095,12270.457819327636,12337.102180672366,50,0,0
catchall_60_65,primary,Capped,all_entries_2009_2040,joint,EB-2 / ROW,saved,50,302102.56,543.735798688582,76.89585408531596,301948.03199579223,302257.08800420776,50,0,0
catchall_60_65,primary,Capped,all_entries_2009_2040,joint,EB-3 / India,saved,50,16124.98,115.99216898267798,16.403769850437506,16092.015390312994,16157.944609687005,50,0,0
catchall_60_65,primary,Capped,all_entries_2009_2040,joint,EB-3 / China,saved,50,14112.26,84.76349088938646,11.987367840985861,14088.170482428395,14136.349517571605,50,0,0
catchall_60_65,primary,Capped,all_entries_2009_2040,joint,EB-3 / ROW,saved,50,271971.28,499.9876341327996,70.70892932094422,271829.18508659274,272113.3749134073,50,0,0
catchall_60_65,primary,Capped,all_entries_2009_2040,joint,EB-4 / India,saved,50,5973.7,71.98476312699083,10.180182829840511,5953.242156675704,5994.157843324296,50,0,0
catchall_60_65,primary,Capped,all_entries_2009_2040,joint,EB-4 / China,saved,50,1392.78,52.480235346659946,7.421826058377838,1377.8652821388034,1407.6947178611965,50,0,0
catchall_60_65,primary,Capped,all_entries_2009_2040,joint,EB-4 / ROW,saved,50,58238.34,178.53217968667013,25.248262983291927,58187.60171592825,58289.078284071744,50,0,0
catchall_60_65,primary,Capped,all_entries_2009_2040,joint,EB-5 / India,saved,50,9657.52,113.99252392242256,16.120977334022946,9625.123683151227,9689.916316848774,50,0,0
catchall_60_65,primary,Capped,all_entries_2009_2040,joint,EB-5 / China,saved,50,38138.3,173.20569934535723,24.49498490945209,38089.07548489211,38187.52451510789,50,0,0
catchall_60_65,primary,Capped,all_entries_2009_2040,joint,EB-5 / ROW,saved,50,35711.2,226.61628091447935,32.04838179238079,35646.79636555997,35775.60363444003,50,0,0
catchall_60_65,primary,Capped,entries_2009_2024,overall,All,saved,50,702170.14,1028.3618637703087,145.43232947712437,701877.8827920047,702462.3972079953,50,0,0
catchall_60_65,primary,Capped,entries_2009_2024,nationality,India,saved,50,118269.1,428.7628263090094,60.63622040076208,118147.24695300953,118390.95304699049,50,0,0
catchall_60_65,primary,Capped,entries_2009_2024,nationality,China,saved,50,71013.5,246.00317320004186,34.79010239263167,70943.58667173458,71083.41332826542,50,0,0
catchall_60_65,primary,Capped,entries_2009_2024,nationality,ROW,saved,50,512887.54,923.5902265239777,130.6153824425448,512625.0585618553,513150.0214381447,50,0,0
catchall_60_65,primary,Capped,entries_2009_2024,category,EB-1,saved,50,181054.3,594.6285841272891,84.09318082475231,180885.30842620315,181223.29157379683,50,0,0
catchall_60_65,primary,Capped,entries_2009_2024,category,EB-2,saved,50,217373.38,497.76438529218433,70.39451445465139,217231.9169269222,217514.84307307782,50,0,0
catchall_60_65,primary,Capped,entries_2009_2024,category,EB-3,saved,50,194926.6,525.0282791217546,74.25021129633923,194777.38861402727,195075.81138597275,50,0,0
catchall_60_65,primary,Capped,entries_2009_2024,category,EB-4,saved,50,64357.0,191.75930916923232,27.118861573842374,64302.50260732207,64411.49739267793,50,0,0
catchall_60_65,primary,Capped,entries_2009_2024,category,EB-5,saved,50,44458.86,201.1400172283284,28.445494030025998,44401.696639589354,44516.02336041065,50,0,0
catchall_60_65,primary,Capped,entries_2009_2024,joint,EB-1 / India,saved,50,52844.5,303.3972441455295,42.906849745722894,52758.27545724777,52930.72454275223,50,0,0
catchall_60_65,primary,Capped,entries_2009_2024,joint,EB-1 / China,saved,50,18614.32,146.36415865496414,20.69901782151777,18572.72376635298,18655.916233647018,50,0,0
catchall_60_65,primary,Capped,entries_2009_2024,joint,EB-1 / ROW,saved,50,109595.48,527.4346168977164,74.5905188481808,109445.58474039807,109745.37525960192,50,0,0
catchall_60_65,primary,Capped,entries_2009_2024,joint,EB-2 / India,saved,50,39834.36,204.63274819210403,28.939440779895197,39776.204016432355,39892.515983567646,50,0,0
catchall_60_65,primary,Capped,entries_2009_2024,joint,EB-2 / China,saved,50,12303.78,117.25034963613506,16.58170346484095,12270.457819327636,12337.102180672366,50,0,0
catchall_60_65,primary,Capped,entries_2009_2024,joint,EB-2 / ROW,saved,50,165235.24,497.51806694709643,70.35967978022292,165093.8469298213,165376.63307017868,50,0,0
catchall_60_65,primary,Capped,entries_2009_2024,joint,EB-3 / India,saved,50,16124.98,115.99216898267798,16.403769850437506,16092.015390312994,16157.944609687005,50,0,0
catchall_60_65,primary,Capped,entries_2009_2024,joint,EB-3 / China,saved,50,14112.26,84.76349088938646,11.987367840985861,14088.170482428395,14136.349517571605,50,0,0
catchall_60_65,primary,Capped,entries_2009_2024,joint,EB-3 / ROW,saved,50,164689.36,525.6117042774727,74.33272007312384,164539.98280643258,164838.7371935674,50,0,0
catchall_60_65,primary,Capped,entries_2009_2024,joint,EB-4 / India,saved,50,5606.66,75.87600249816829,10.730487179156443,5585.096278682434,5628.223721317566,50,0,0
catchall_60_65,primary,Capped,entries_2009_2024,joint,EB-4 / China,saved,50,512.0,35.813576265125484,5.064804527122363,501.82189424139483,522.1781057586052,50,0,0
catchall_60_65,primary,Capped,entries_2009_2024,joint,EB-4 / ROW,saved,50,58238.34,178.53217968667013,25.248262983291927,58187.60171592825,58289.078284071744,50,0,0
catchall_60_65,primary,Capped,entries_2009_2024,joint,EB-5 / India,saved,50,3858.6,65.29681056060667,9.23436350745167,3840.042851764775,3877.1571482352247,50,0,0
catchall_60_65,primary,Capped,entries_2009_2024,joint,EB-5 / China,saved,50,25471.14,154.67662250973936,21.874577733533695,25427.18139026403,25515.098609735967,50,0,0
catchall_60_65,primary,Capped,entries_2009_2024,joint,EB-5 / ROW,saved,50,15129.12,151.02853359277404,21.358660051222163,15086.198165662803,15172.041834337198,50,0,0
catchall_60_65,primary,Capped,entries_2025_2040,overall,All,saved,50,455483.88,596.0776089724956,84.29810388358297,455314.4766178986,455653.2833821014,50,0,0
catchall_60_65,primary,Capped,entries_2025_2040,nationality,India,saved,50,35665.74,258.7377373610079,36.591041727366516,35592.20754864392,35739.272451356075,50,0,0
catchall_60_65,primary,Capped,entries_2025_2040,nationality,China,saved,50,24979.6,178.17109410763072,25.19719777098644,24928.964335314377,25030.23566468562,50,0,0
catchall_60_65,primary,Capped,entries_2025_2040,nationality,ROW,saved,50,394838.54,641.3259609303723,90.69718718496901,394656.2771785558,395020.8028214442,50,0,0
catchall_60_65,primary,Capped,entries_2025_2040,category,EB-1,saved,50,171038.66,362.11164193448656,51.21031951169408,170935.74901002384,171141.57098997617,50,0,0
catchall_60_65,primary,Capped,entries_2025_2040,category,EB-2,saved,50,136867.32,371.22903651387566,52.499713818461984,136761.81787515405,136972.82212484596,50,0,0
catchall_60_65,primary,Capped,entries_2025_2040,category,EB-3,saved,50,107281.92,333.72497781305873,47.19583897258879,107187.07641070515,107376.76358929485,50,0,0
catchall_60_65,primary,Capped,entries_2025_2040,category,EB-4,saved,50,1247.82,49.60113971699128,7.014660449693184,1233.7235120634266,1261.9164879365733,50,0,0
catchall_60_65,primary,Capped,entries_2025_2040,category,EB-5,saved,50,39048.16,145.14768833354333,20.526982938840003,39006.90948339314,39089.41051660687,50,0,0
catchall_60_65,primary,Capped,entries_2025_2040,joint,EB-1 / India,saved,50,29499.78,250.17008826241494,35.379393172078146,29428.68244757673,29570.877552423266,50,0,0
catchall_60_65,primary,Capped,entries_2025_2040,joint,EB-1 / China,saved,50,11431.66,143.5880743726331,20.306420217281435,11390.852720776611,11472.467279223389,50,0,0
catchall_60_65,primary,Capped,entries_2025_2040,joint,EB-1 / ROW,saved,50,130107.22,449.88231068734825,63.622966524579425,129979.3648619595,130235.0751380405,50,0,0
catchall_60_65,primary,Capped,entries_2025_2040,joint,EB-2 / India,saved,50,0.0,0.0,0.0,0.0,0.0,0,50,0
catchall_60_65,primary,Capped,entries_2025_2040,joint,EB-2 / China,saved,50,0.0,0.0,0.0,0.0,0.0,0,50,0
catchall_60_65,primary,Capped,entries_2025_2040,joint,EB-2 / ROW,saved,50,136867.32,371.22903651387566,52.499713818461984,136761.81787515405,136972.82212484596,50,0,0
catchall_60_65,primary,Capped,entries_2025_2040,joint,EB-3 / India,saved,50,0.0,0.0,0.0,0.0,0.0,0,50,0
catchall_60_65,primary,Capped,entries_2025_2040,joint,EB-3 / China,saved,50,0.0,0.0,0.0,0.0,0.0,0,50,0
catchall_60_65,primary,Capped,entries_2025_2040,joint,EB-3 / ROW,saved,50,107281.92,333.72497781305873,47.19583897258879,107187.07641070515,107376.76358929485,50,0,0
catchall_60_65,primary,Capped,entries_2025_2040,joint,EB-4 / India,saved,50,367.04,29.14142853641285,4.121220346312138,358.75809764529794,375.3219023547021,50,0,0
catchall_60_65,primary,Capped,entries_2025_2040,joint,EB-4 / China,saved,50,880.78,40.84030122417846,5.775690788263569,869.1733148145901,892.3866851854099,50,0,0
catchall_60_65,primary,Capped,entries_2025_2040,joint,EB-4 / ROW,saved,50,0.0,0.0,0.0,0.0,0.0,0,50,0
catchall_60_65,primary,Capped,entries_2025_2040,joint,EB-5 / India,saved,50,5798.92,96.44112934102041,13.63883530846489,5771.511734300825,5826.328265699175,50,0,0
catchall_60_65,primary,Capped,entries_2025_2040,joint,EB-5 / China,saved,50,12667.16,114.93482802822454,16.25423925865345,12634.495883287436,12699.824116712563,50,0,0
catchall_60_65,primary,Capped,entries_2025_2040,joint,EB-5 / ROW,saved,50,20582.08,163.89902815017373,23.178822846974537,20535.500411580917,20628.659588419087,50,0,0
catchall_55_60,sensitivity,Uncapped,all_entries_2009_2040,overall,All,saved,1,1080824.0,,,,,1,0,0
catchall_55_60,sensitivity,Uncapped,all_entries_2009_2040,nationality,India,saved,1,355515.0,,,,,1,0,0
catchall_55_60,sensitivity,Uncapped,all_entries_2009_2040,nationality,China,saved,1,115809.0,,,,,1,0,0
catchall_55_60,sensitivity,Uncapped,all_entries_2009_2040,nationality,ROW,saved,1,609500.0,,,,,1,0,0
catchall_55_60,sensitivity,Uncapped,all_entries_2009_2040,category,EB-1,saved,1,339746.0,,,,,1,0,0
catchall_55_60,sensitivity,Uncapped,all_entries_2009_2040,category,EB-2,saved,1,306929.0,,,,,1,0,0
catchall_55_60,sensitivity,Uncapped,all_entries_2009_2040,category,EB-3,saved,1,291140.0,,,,,1,0,0
catchall_55_60,sensitivity,Uncapped,all_entries_2009_2040,category,EB-4,saved,1,61189.0,,,,,1,0,0
catchall_55_60,sensitivity,Uncapped,all_entries_2009_2040,category,EB-5,saved,1,81820.0,,,,,1,0,0
catchall_55_60,sensitivity,Uncapped,all_entries_2009_2040,joint,EB-1 / India,saved,1,104460.0,,,,,1,0,0
catchall_55_60,sensitivity,Uncapped,all_entries_2009_2040,joint,EB-1 / China,saved,1,39179.0,,,,,1,0,0
catchall_55_60,sensitivity,Uncapped,all_entries_2009_2040,joint,EB-1 / ROW,saved,1,196107.0,,,,,1,0,0
catchall_55_60,sensitivity,Uncapped,all_entries_2009_2040,joint,EB-2 / India,saved,1,146185.0,,,,,1,0,0
catchall_55_60,sensitivity,Uncapped,all_entries_2009_2040,joint,EB-2 / China,saved,1,14385.0,,,,,1,0,0
catchall_55_60,sensitivity,Uncapped,all_entries_2009_2040,joint,EB-2 / ROW,saved,1,146359.0,,,,,1,0,0
catchall_55_60,sensitivity,Uncapped,all_entries_2009_2040,joint,EB-3 / India,saved,1,89074.0,,,,,1,0,0
catchall_55_60,sensitivity,Uncapped,all_entries_2009_2040,joint,EB-3 / China,saved,1,20135.0,,,,,1,0,0
catchall_55_60,sensitivity,Uncapped,all_entries_2009_2040,joint,EB-3 / ROW,saved,1,181931.0,,,,,1,0,0
catchall_55_60,sensitivity,Uncapped,all_entries_2009_2040,joint,EB-4 / India,saved,1,4107.0,,,,,1,0,0
catchall_55_60,sensitivity,Uncapped,all_entries_2009_2040,joint,EB-4 / China,saved,1,470.0,,,,,1,0,0
catchall_55_60,sensitivity,Uncapped,all_entries_2009_2040,joint,EB-4 / ROW,saved,1,56612.0,,,,,1,0,0
catchall_55_60,sensitivity,Uncapped,all_entries_2009_2040,joint,EB-5 / India,saved,1,11689.0,,,,,1,0,0
catchall_55_60,sensitivity,Uncapped,all_entries_2009_2040,joint,EB-5 / China,saved,1,41640.0,,,,,1,0,0
catchall_55_60,sensitivity,Uncapped,all_entries_2009_2040,joint,EB-5 / ROW,saved,1,28491.0,,,,,1,0,0
catchall_55_60,sensitivity,Uncapped,entries_2009_2024,overall,All,saved,1,835209.0,,,,,1,0,0
catchall_55_60,sensitivity,Uncapped,entries_2009_2024,nationality,India,saved,1,283289.0,,,,,1,0,0
catchall_55_60,sensitivity,Uncapped,entries_2009_2024,nationality,China,saved,1,73284.0,,,,,1,0,0
catchall_55_60,sensitivity,Uncapped,entries_2009_2024,nationality,ROW,saved,1,478636.0,,,,,1,0,0
catchall_55_60,sensitivity,Uncapped,entries_2009_2024,category,EB-1,saved,1,180521.0,,,,,1,0,0
catchall_55_60,sensitivity,Uncapped,entries_2009_2024,category,EB-2,saved,1,306929.0,,,,,1,0,0
catchall_55_60,sensitivity,Uncapped,entries_2009_2024,category,EB-3,saved,1,243773.0,,,,,1,0,0
catchall_55_60,sensitivity,Uncapped,entries_2009_2024,category,EB-4,saved,1,61189.0,,,,,1,0,0
catchall_55_60,sensitivity,Uncapped,entries_2009_2024,category,EB-5,saved,1,42797.0,,,,,1,0,0
catchall_55_60,sensitivity,Uncapped,entries_2009_2024,joint,EB-1 / India,saved,1,52552.0,,,,,1,0,0
catchall_55_60,sensitivity,Uncapped,entries_2009_2024,joint,EB-1 / China,saved,1,18421.0,,,,,1,0,0
catchall_55_60,sensitivity,Uncapped,entries_2009_2024,joint,EB-1 / ROW,saved,1,109548.0,,,,,1,0,0
catchall_55_60,sensitivity,Uncapped,entries_2009_2024,joint,EB-2 / India,saved,1,146185.0,,,,,1,0,0
catchall_55_60,sensitivity,Uncapped,entries_2009_2024,joint,EB-2 / China,saved,1,14385.0,,,,,1,0,0
catchall_55_60,sensitivity,Uncapped,entries_2009_2024,joint,EB-2 / ROW,saved,1,146359.0,,,,,1,0,0
catchall_55_60,sensitivity,Uncapped,entries_2009_2024,joint,EB-3 / India,saved,1,76752.0,,,,,1,0,0
catchall_55_60,sensitivity,Uncapped,entries_2009_2024,joint,EB-3 / China,saved,1,15671.0,,,,,1,0,0
catchall_55_60,sensitivity,Uncapped,entries_2009_2024,joint,EB-3 / ROW,saved,1,151350.0,,,,,1,0,0
catchall_55_60,sensitivity,Uncapped,entries_2009_2024,joint,EB-4 / India,saved,1,4107.0,,,,,1,0,0
catchall_55_60,sensitivity,Uncapped,entries_2009_2024,joint,EB-4 / China,saved,1,470.0,,,,,1,0,0
catchall_55_60,sensitivity,Uncapped,entries_2009_2024,joint,EB-4 / ROW,saved,1,56612.0,,,,,1,0,0
catchall_55_60,sensitivity,Uncapped,entries_2009_2024,joint,EB-5 / India,saved,1,3693.0,,,,,1,0,0
catchall_55_60,sensitivity,Uncapped,entries_2009_2024,joint,EB-5 / China,saved,1,24337.0,,,,,1,0,0
catchall_55_60,sensitivity,Uncapped,entries_2009_2024,joint,EB-5 / ROW,saved,1,14767.0,,,,,1,0,0
catchall_55_60,sensitivity,Uncapped,entries_2025_2040,overall,All,saved,1,245615.0,,,,,1,0,0
catchall_55_60,sensitivity,Uncapped,entries_2025_2040,nationality,India,saved,1,72226.0,,,,,1,0,0
catchall_55_60,sensitivity,Uncapped,entries_2025_2040,nationality,China,saved,1,42525.0,,,,,1,0,0
catchall_55_60,sensitivity,Uncapped,entries_2025_2040,nationality,ROW,saved,1,130864.0,,,,,1,0,0
catchall_55_60,sensitivity,Uncapped,entries_2025_2040,category,EB-1,saved,1,159225.0,,,,,1,0,0
catchall_55_60,sensitivity,Uncapped,entries_2025_2040,category,EB-2,saved,1,0.0,,,,,0,1,0
catchall_55_60,sensitivity,Uncapped,entries_2025_2040,category,EB-3,saved,1,47367.0,,,,,1,0,0
catchall_55_60,sensitivity,Uncapped,entries_2025_2040,category,EB-4,saved,1,0.0,,,,,0,1,0
catchall_55_60,sensitivity,Uncapped,entries_2025_2040,category,EB-5,saved,1,39023.0,,,,,1,0,0
catchall_55_60,sensitivity,Uncapped,entries_2025_2040,joint,EB-1 / India,saved,1,51908.0,,,,,1,0,0
catchall_55_60,sensitivity,Uncapped,entries_2025_2040,joint,EB-1 / China,saved,1,20758.0,,,,,1,0,0
catchall_55_60,sensitivity,Uncapped,entries_2025_2040,joint,EB-1 / ROW,saved,1,86559.0,,,,,1,0,0
catchall_55_60,sensitivity,Uncapped,entries_2025_2040,joint,EB-2 / India,saved,1,0.0,,,,,0,1,0
catchall_55_60,sensitivity,Uncapped,entries_2025_2040,joint,EB-2 / China,saved,1,0.0,,,,,0,1,0
catchall_55_60,sensitivity,Uncapped,entries_2025_2040,joint,EB-2 / ROW,saved,1,0.0,,,,,0,1,0
catchall_55_60,sensitivity,Uncapped,entries_2025_2040,joint,EB-3 / India,saved,1,12322.0,,,,,1,0,0
catchall_55_60,sensitivity,Uncapped,entries_2025_2040,joint,EB-3 / China,saved,1,4464.0,,,,,1,0,0
catchall_55_60,sensitivity,Uncapped,entries_2025_2040,joint,EB-3 / ROW,saved,1,30581.0,,,,,1,0,0
catchall_55_60,sensitivity,Uncapped,entries_2025_2040,joint,EB-4 / India,saved,1,0.0,,,,,0,1,0
catchall_55_60,sensitivity,Uncapped,entries_2025_2040,joint,EB-4 / China,saved,1,0.0,,,,,0,1,0
catchall_55_60,sensitivity,Uncapped,entries_2025_2040,joint,EB-4 / ROW,saved,1,0.0,,,,,0,1,0
catchall_55_60,sensitivity,Uncapped,entries_2025_2040,joint,EB-5 / India,saved,1,7996.0,,,,,1,0,0
catchall_55_60,sensitivity,Uncapped,entries_2025_2040,joint,EB-5 / China,saved,1,17303.0,,,,,1,0,0
catchall_55_60,sensitivity,Uncapped,entries_2025_2040,joint,EB-5 / ROW,saved,1,13724.0,,,,,1,0,0
catchall_55_60,sensitivity,Capped,all_entries_2009_2040,overall,All,saved,1,1156516.0,,,,,1,0,0
catchall_55_60,sensitivity,Capped,all_entries_2009_2040,nationality,India,saved,1,155150.0,,,,,1,0,0
catchall_55_60,sensitivity,Capped,all_entries_2009_2040,nationality,China,saved,1,96037.0,,,,,1,0,0
catchall_55_60,sensitivity,Capped,all_entries_2009_2040,nationality,ROW,saved,1,905329.0,,,,,1,0,0
catchall_55_60,sensitivity,Capped,all_entries_2009_2040,category,EB-1,saved,1,351822.0,,,,,1,0,0
catchall_55_60,sensitivity,Capped,all_entries_2009_2040,category,EB-2,saved,1,354493.0,,,,,1,0,0
catchall_55_60,sensitivity,Capped,all_entries_2009_2040,category,EB-3,saved,1,303907.0,,,,,1,0,0
catchall_55_60,sensitivity,Capped,all_entries_2009_2040,category,EB-4,saved,1,62697.0,,,,,1,0,0
catchall_55_60,sensitivity,Capped,all_entries_2009_2040,category,EB-5,saved,1,83597.0,,,,,1,0,0
catchall_55_60,sensitivity,Capped,all_entries_2009_2040,joint,EB-1 / India,saved,1,82360.0,,,,,1,0,0
catchall_55_60,sensitivity,Capped,all_entries_2009_2040,joint,EB-1 / China,saved,1,29810.0,,,,,1,0,0
catchall_55_60,sensitivity,Capped,all_entries_2009_2040,joint,EB-1 / ROW,saved,1,239652.0,,,,,1,0,0
catchall_55_60,sensitivity,Capped,all_entries_2009_2040,joint,EB-2 / India,saved,1,40189.0,,,,,1,0,0
catchall_55_60,sensitivity,Capped,all_entries_2009_2040,joint,EB-2 / China,saved,1,12290.0,,,,,1,0,0
catchall_55_60,sensitivity,Capped,all_entries_2009_2040,joint,EB-2 / ROW,saved,1,302014.0,,,,,1,0,0
catchall_55_60,sensitivity,Capped,all_entries_2009_2040,joint,EB-3 / India,saved,1,16172.0,,,,,1,0,0
catchall_55_60,sensitivity,Capped,all_entries_2009_2040,joint,EB-3 / China,saved,1,14493.0,,,,,1,0,0
catchall_55_60,sensitivity,Capped,all_entries_2009_2040,joint,EB-3 / ROW,saved,1,273242.0,,,,,1,0,0
catchall_55_60,sensitivity,Capped,all_entries_2009_2040,joint,EB-4 / India,saved,1,6200.0,,,,,1,0,0
catchall_55_60,sensitivity,Capped,all_entries_2009_2040,joint,EB-4 / China,saved,1,1288.0,,,,,1,0,0
catchall_55_60,sensitivity,Capped,all_entries_2009_2040,joint,EB-4 / ROW,saved,1,55209.0,,,,,1,0,0
catchall_55_60,sensitivity,Capped,all_entries_2009_2040,joint,EB-5 / India,saved,1,10229.0,,,,,1,0,0
catchall_55_60,sensitivity,Capped,all_entries_2009_2040,joint,EB-5 / China,saved,1,38156.0,,,,,1,0,0
catchall_55_60,sensitivity,Capped,all_entries_2009_2040,joint,EB-5 / ROW,saved,1,35212.0,,,,,1,0,0
catchall_55_60,sensitivity,Capped,entries_2009_2024,overall,All,saved,1,694087.0,,,,,1,0,0
catchall_55_60,sensitivity,Capped,entries_2009_2024,nationality,India,saved,1,117898.0,,,,,1,0,0
catchall_55_60,sensitivity,Capped,entries_2009_2024,nationality,China,saved,1,69053.0,,,,,1,0,0
catchall_55_60,sensitivity,Capped,entries_2009_2024,nationality,ROW,saved,1,507136.0,,,,,1,0,0
catchall_55_60,sensitivity,Capped,entries_2009_2024,category,EB-1,saved,1,180238.0,,,,,1,0,0
catchall_55_60,sensitivity,Capped,entries_2009_2024,category,EB-2,saved,1,216874.0,,,,,1,0,0
catchall_55_60,sensitivity,Capped,entries_2009_2024,category,EB-3,saved,1,193473.0,,,,,1,0,0
catchall_55_60,sensitivity,Capped,entries_2009_2024,category,EB-4,saved,1,61154.0,,,,,1,0,0
catchall_55_60,sensitivity,Capped,entries_2009_2024,category,EB-5,saved,1,42348.0,,,,,1,0,0
catchall_55_60,sensitivity,Capped,entries_2009_2024,joint,EB-1 / India,saved,1,52369.0,,,,,1,0,0
catchall_55_60,sensitivity,Capped,entries_2009_2024,joint,EB-1 / China,saved,1,18321.0,,,,,1,0,0
catchall_55_60,sensitivity,Capped,entries_2009_2024,joint,EB-1 / ROW,saved,1,109548.0,,,,,1,0,0
catchall_55_60,sensitivity,Capped,entries_2009_2024,joint,EB-2 / India,saved,1,40189.0,,,,,1,0,0
catchall_55_60,sensitivity,Capped,entries_2009_2024,joint,EB-2 / China,saved,1,12290.0,,,,,1,0,0
catchall_55_60,sensitivity,Capped,entries_2009_2024,joint,EB-2 / ROW,saved,1,164395.0,,,,,1,0,0
catchall_55_60,sensitivity,Capped,entries_2009_2024,joint,EB-3 / India,saved,1,16172.0,,,,,1,0,0
catchall_55_60,sensitivity,Capped,entries_2009_2024,joint,EB-3 / China,saved,1,14084.0,,,,,1,0,0
catchall_55_60,sensitivity,Capped,entries_2009_2024,joint,EB-3 / ROW,saved,1,163217.0,,,,,1,0,0
catchall_55_60,sensitivity,Capped,entries_2009_2024,joint,EB-4 / India,saved,1,5475.0,,,,,1,0,0
catchall_55_60,sensitivity,Capped,entries_2009_2024,joint,EB-4 / China,saved,1,470.0,,,,,1,0,0
catchall_55_60,sensitivity,Capped,entries_2009_2024,joint,EB-4 / ROW,saved,1,55209.0,,,,,1,0,0
catchall_55_60,sensitivity,Capped,entries_2009_2024,joint,EB-5 / India,saved,1,3693.0,,,,,1,0,0
catchall_55_60,sensitivity,Capped,entries_2009_2024,joint,EB-5 / China,saved,1,23888.0,,,,,1,0,0
catchall_55_60,sensitivity,Capped,entries_2009_2024,joint,EB-5 / ROW,saved,1,14767.0,,,,,1,0,0
catchall_55_60,sensitivity,Capped,entries_2025_2040,overall,All,saved,1,462429.0,,,,,1,0,0
catchall_55_60,sensitivity,Capped,entries_2025_2040,nationality,India,saved,1,37252.0,,,,,1,0,0
catchall_55_60,sensitivity,Capped,entries_2025_2040,nationality,China,saved,1,26984.0,,,,,1,0,0
catchall_55_60,sensitivity,Capped,entries_2025_2040,nationality,ROW,saved,1,398193.0,,,,,1,0,0
catchall_55_60,sensitivity,Capped,entries_2025_2040,category,EB-1,saved,1,171584.0,,,,,1,0,0
catchall_55_60,sensitivity,Capped,entries_2025_2040,category,EB-2,saved,1,137619.0,,,,,1,0,0
catchall_55_60,sensitivity,Capped,entries_2025_2040,category,EB-3,saved,1,110434.0,,,,,1,0,0
catchall_55_60,sensitivity,Capped,entries_2025_2040,category,EB-4,saved,1,1543.0,,,,,1,0,0
catchall_55_60,sensitivity,Capped,entries_2025_2040,category,EB-5,saved,1,41249.0,,,,,1,0,0
catchall_55_60,sensitivity,Capped,entries_2025_2040,joint,EB-1 / India,saved,1,29991.0,,,,,1,0,0
catchall_55_60,sensitivity,Capped,entries_2025_2040,joint,EB-1 / China,saved,1,11489.0,,,,,1,0,0
catchall_55_60,sensitivity,Capped,entries_2025_2040,joint,EB-1 / ROW,saved,1,130104.0,,,,,1,0,0
catchall_55_60,sensitivity,Capped,entries_2025_2040,joint,EB-2 / India,saved,1,0.0,,,,,0,1,0
catchall_55_60,sensitivity,Capped,entries_2025_2040,joint,EB-2 / China,saved,1,0.0,,,,,0,1,0
catchall_55_60,sensitivity,Capped,entries_2025_2040,joint,EB-2 / ROW,saved,1,137619.0,,,,,1,0,0
catchall_55_60,sensitivity,Capped,entries_2025_2040,joint,EB-3 / India,saved,1,0.0,,,,,0,1,0
catchall_55_60,sensitivity,Capped,entries_2025_2040,joint,EB-3 / China,saved,1,409.0,,,,,1,0,0
catchall_55_60,sensitivity,Capped,entries_2025_2040,joint,EB-3 / ROW,saved,1,110025.0,,,,,1,0,0
catchall_55_60,sensitivity,Capped,entries_2025_2040,joint,EB-4 / India,saved,1,725.0,,,,,1,0,0
catchall_55_60,sensitivity,Capped,entries_2025_2040,joint,EB-4 / China,saved,1,818.0,,,,,1,0,0
catchall_55_60,sensitivity,Capped,entries_2025_2040,joint,EB-4 / ROW,saved,1,0.0,,,,,0,1,0
catchall_55_60,sensitivity,Capped,entries_2025_2040,joint,EB-5 / India,saved,1,6536.0,,,,,1,0,0
catchall_55_60,sensitivity,Capped,entries_2025_2040,joint,EB-5 / China,saved,1,14268.0,,,,,1,0,0
catchall_55_60,sensitivity,Capped,entries_2025_2040,joint,EB-5 / ROW,saved,1,20445.0,,,,,1,0,0
catchall_65_70,sensitivity,Uncapped,all_entries_2009_2040,overall,All,saved,1,1076184.0,,,,,1,0,0
catchall_65_70,sensitivity,Uncapped,all_entries_2009_2040,nationality,India,saved,1,352982.0,,,,,1,0,0
catchall_65_70,sensitivity,Uncapped,all_entries_2009_2040,nationality,China,saved,1,115460.0,,,,,1,0,0
catchall_65_70,sensitivity,Uncapped,all_entries_2009_2040,nationality,ROW,saved,1,607742.0,,,,,1,0,0
catchall_65_70,sensitivity,Uncapped,all_entries_2009_2040,category,EB-1,saved,1,339824.0,,,,,1,0,0
catchall_65_70,sensitivity,Uncapped,all_entries_2009_2040,category,EB-2,saved,1,302290.0,,,,,1,0,0
catchall_65_70,sensitivity,Uncapped,all_entries_2009_2040,category,EB-3,saved,1,286722.0,,,,,1,0,0
catchall_65_70,sensitivity,Uncapped,all_entries_2009_2040,category,EB-4,saved,1,66191.0,,,,,1,0,0
catchall_65_70,sensitivity,Uncapped,all_entries_2009_2040,category,EB-5,saved,1,81157.0,,,,,1,0,0
catchall_65_70,sensitivity,Uncapped,all_entries_2009_2040,joint,EB-1 / India,saved,1,103779.0,,,,,1,0,0
catchall_65_70,sensitivity,Uncapped,all_entries_2009_2040,joint,EB-1 / China,saved,1,38919.0,,,,,1,0,0
catchall_65_70,sensitivity,Uncapped,all_entries_2009_2040,joint,EB-1 / ROW,saved,1,197126.0,,,,,1,0,0
catchall_65_70,sensitivity,Uncapped,all_entries_2009_2040,joint,EB-2 / India,saved,1,145040.0,,,,,1,0,0
catchall_65_70,sensitivity,Uncapped,all_entries_2009_2040,joint,EB-2 / China,saved,1,13533.0,,,,,1,0,0
catchall_65_70,sensitivity,Uncapped,all_entries_2009_2040,joint,EB-2 / ROW,saved,1,143717.0,,,,,1,0,0
catchall_65_70,sensitivity,Uncapped,all_entries_2009_2040,joint,EB-3 / India,saved,1,88762.0,,,,,1,0,0
catchall_65_70,sensitivity,Uncapped,all_entries_2009_2040,joint,EB-3 / China,saved,1,20325.0,,,,,1,0,0
catchall_65_70,sensitivity,Uncapped,all_entries_2009_2040,joint,EB-3 / ROW,saved,1,177635.0,,,,,1,0,0
catchall_65_70,sensitivity,Uncapped,all_entries_2009_2040,joint,EB-4 / India,saved,1,4431.0,,,,,1,0,0
catchall_65_70,sensitivity,Uncapped,all_entries_2009_2040,joint,EB-4 / China,saved,1,478.0,,,,,1,0,0
catchall_65_70,sensitivity,Uncapped,all_entries_2009_2040,joint,EB-4 / ROW,saved,1,61282.0,,,,,1,0,0
catchall_65_70,sensitivity,Uncapped,all_entries_2009_2040,joint,EB-5 / India,saved,1,10970.0,,,,,1,0,0
catchall_65_70,sensitivity,Uncapped,all_entries_2009_2040,joint,EB-5 / China,saved,1,42205.0,,,,,1,0,0
catchall_65_70,sensitivity,Uncapped,all_entries_2009_2040,joint,EB-5 / ROW,saved,1,27982.0,,,,,1,0,0
catchall_65_70,sensitivity,Uncapped,entries_2009_2024,overall,All,saved,1,844064.0,,,,,1,0,0
catchall_65_70,sensitivity,Uncapped,entries_2009_2024,nationality,India,saved,1,285646.0,,,,,1,0,0
catchall_65_70,sensitivity,Uncapped,entries_2009_2024,nationality,China,saved,1,75488.0,,,,,1,0,0
catchall_65_70,sensitivity,Uncapped,entries_2009_2024,nationality,ROW,saved,1,482930.0,,,,,1,0,0
catchall_65_70,sensitivity,Uncapped,entries_2009_2024,category,EB-1,saved,1,180944.0,,,,,1,0,0
catchall_65_70,sensitivity,Uncapped,entries_2009_2024,category,EB-2,saved,1,302290.0,,,,,1,0,0
catchall_65_70,sensitivity,Uncapped,entries_2009_2024,category,EB-3,saved,1,249938.0,,,,,1,0,0
catchall_65_70,sensitivity,Uncapped,entries_2009_2024,category,EB-4,saved,1,66191.0,,,,,1,0,0
catchall_65_70,sensitivity,Uncapped,entries_2009_2024,category,EB-5,saved,1,44701.0,,,,,1,0,0
catchall_65_70,sensitivity,Uncapped,entries_2009_2024,joint,EB-1 / India,saved,1,52750.0,,,,,1,0,0
catchall_65_70,sensitivity,Uncapped,entries_2009_2024,joint,EB-1 / China,saved,1,18498.0,,,,,1,0,0
catchall_65_70,sensitivity,Uncapped,entries_2009_2024,joint,EB-1 / ROW,saved,1,109696.0,,,,,1,0,0
catchall_65_70,sensitivity,Uncapped,entries_2009_2024,joint,EB-2 / India,saved,1,145040.0,,,,,1,0,0
catchall_65_70,sensitivity,Uncapped,entries_2009_2024,joint,EB-2 / China,saved,1,13533.0,,,,,1,0,0
catchall_65_70,sensitivity,Uncapped,entries_2009_2024,joint,EB-2 / ROW,saved,1,143717.0,,,,,1,0,0
catchall_65_70,sensitivity,Uncapped,entries_2009_2024,joint,EB-3 / India,saved,1,79598.0,,,,,1,0,0
catchall_65_70,sensitivity,Uncapped,entries_2009_2024,joint,EB-3 / China,saved,1,16878.0,,,,,1,0,0
catchall_65_70,sensitivity,Uncapped,entries_2009_2024,joint,EB-3 / ROW,saved,1,153462.0,,,,,1,0,0
catchall_65_70,sensitivity,Uncapped,entries_2009_2024,joint,EB-4 / India,saved,1,4431.0,,,,,1,0,0
catchall_65_70,sensitivity,Uncapped,entries_2009_2024,joint,EB-4 / China,saved,1,478.0,,,,,1,0,0
catchall_65_70,sensitivity,Uncapped,entries_2009_2024,joint,EB-4 / ROW,saved,1,61282.0,,,,,1,0,0
catchall_65_70,sensitivity,Uncapped,entries_2009_2024,joint,EB-5 / India,saved,1,3827.0,,,,,1,0,0
catchall_65_70,sensitivity,Uncapped,entries_2009_2024,joint,EB-5 / China,saved,1,26101.0,,,,,1,0,0
catchall_65_70,sensitivity,Uncapped,entries_2009_2024,joint,EB-5 / ROW,saved,1,14773.0,,,,,1,0,0
catchall_65_70,sensitivity,Uncapped,entries_2025_2040,overall,All,saved,1,232120.0,,,,,1,0,0
catchall_65_70,sensitivity,Uncapped,entries_2025_2040,nationality,India,saved,1,67336.0,,,,,1,0,0
catchall_65_70,sensitivity,Uncapped,entries_2025_2040,nationality,China,saved,1,39972.0,,,,,1,0,0
catchall_65_70,sensitivity,Uncapped,entries_2025_2040,nationality,ROW,saved,1,124812.0,,,,,1,0,0
catchall_65_70,sensitivity,Uncapped,entries_2025_2040,category,EB-1,saved,1,158880.0,,,,,1,0,0
catchall_65_70,sensitivity,Uncapped,entries_2025_2040,category,EB-2,saved,1,0.0,,,,,0,1,0
catchall_65_70,sensitivity,Uncapped,entries_2025_2040,category,EB-3,saved,1,36784.0,,,,,1,0,0
catchall_65_70,sensitivity,Uncapped,entries_2025_2040,category,EB-4,saved,1,0.0,,,,,0,1,0
catchall_65_70,sensitivity,Uncapped,entries_2025_2040,category,EB-5,saved,1,36456.0,,,,,1,0,0
catchall_65_70,sensitivity,Uncapped,entries_2025_2040,joint,EB-1 / India,saved,1,51029.0,,,,,1,0,0
catchall_65_70,sensitivity,Uncapped,entries_2025_2040,joint,EB-1 / China,saved,1,20421.0,,,,,1,0,0
catchall_65_70,sensitivity,Uncapped,entries_2025_2040,joint,EB-1 / ROW,saved,1,87430.0,,,,,1,0,0
catchall_65_70,sensitivity,Uncapped,entries_2025_2040,joint,EB-2 / India,saved,1,0.0,,,,,0,1,0
catchall_65_70,sensitivity,Uncapped,entries_2025_2040,joint,EB-2 / China,saved,1,0.0,,,,,0,1,0
catchall_65_70,sensitivity,Uncapped,entries_2025_2040,joint,EB-2 / ROW,saved,1,0.0,,,,,0,1,0
catchall_65_70,sensitivity,Uncapped,entries_2025_2040,joint,EB-3 / India,saved,1,9164.0,,,,,1,0,0
catchall_65_70,sensitivity,Uncapped,entries_2025_2040,joint,EB-3 / China,saved,1,3447.0,,,,,1,0,0
catchall_65_70,sensitivity,Uncapped,entries_2025_2040,joint,EB-3 / ROW,saved,1,24173.0,,,,,1,0,0
catchall_65_70,sensitivity,Uncapped,entries_2025_2040,joint,EB-4 / India,saved,1,0.0,,,,,0,1,0
catchall_65_70,sensitivity,Uncapped,entries_2025_2040,joint,EB-4 / China,saved,1,0.0,,,,,0,1,0
catchall_65_70,sensitivity,Uncapped,entries_2025_2040,joint,EB-4 / ROW,saved,1,0.0,,,,,0,1,0
catchall_65_70,sensitivity,Uncapped,entries_2025_2040,joint,EB-5 / India,saved,1,7143.0,,,,,1,0,0
catchall_65_70,sensitivity,Uncapped,entries_2025_2040,joint,EB-5 / China,saved,1,16104.0,,,,,1,0,0
catchall_65_70,sensitivity,Uncapped,entries_2025_2040,joint,EB-5 / ROW,saved,1,13209.0,,,,,1,0,0
catchall_65_70,sensitivity,Capped,all_entries_2009_2040,overall,All,saved,1,1157859.0,,,,,1,0,0
catchall_65_70,sensitivity,Capped,all_entries_2009_2040,nationality,India,saved,1,153597.0,,,,,1,0,0
catchall_65_70,sensitivity,Capped,all_entries_2009_2040,nationality,China,saved,1,95310.0,,,,,1,0,0
catchall_65_70,sensitivity,Capped,all_entries_2009_2040,nationality,ROW,saved,1,908952.0,,,,,1,0,0
catchall_65_70,sensitivity,Capped,all_entries_2009_2040,category,EB-1,saved,1,351606.0,,,,,1,0,0
catchall_65_70,sensitivity,Capped,all_entries_2009_2040,category,EB-2,saved,1,353859.0,,,,,1,0,0
catchall_65_70,sensitivity,Capped,all_entries_2009_2040,category,EB-3,saved,1,302538.0,,,,,1,0,0
catchall_65_70,sensitivity,Capped,all_entries_2009_2040,category,EB-4,saved,1,67166.0,,,,,1,0,0
catchall_65_70,sensitivity,Capped,all_entries_2009_2040,category,EB-5,saved,1,82690.0,,,,,1,0,0
catchall_65_70,sensitivity,Capped,all_entries_2009_2040,joint,EB-1 / India,saved,1,81948.0,,,,,1,0,0
catchall_65_70,sensitivity,Capped,all_entries_2009_2040,joint,EB-1 / China,saved,1,29858.0,,,,,1,0,0
catchall_65_70,sensitivity,Capped,all_entries_2009_2040,joint,EB-1 / ROW,saved,1,239800.0,,,,,1,0,0
catchall_65_70,sensitivity,Capped,all_entries_2009_2040,joint,EB-2 / India,saved,1,39953.0,,,,,1,0,0
catchall_65_70,sensitivity,Capped,all_entries_2009_2040,joint,EB-2 / China,saved,1,12137.0,,,,,1,0,0
catchall_65_70,sensitivity,Capped,all_entries_2009_2040,joint,EB-2 / ROW,saved,1,301769.0,,,,,1,0,0
catchall_65_70,sensitivity,Capped,all_entries_2009_2040,joint,EB-3 / India,saved,1,16196.0,,,,,1,0,0
catchall_65_70,sensitivity,Capped,all_entries_2009_2040,joint,EB-3 / China,saved,1,13929.0,,,,,1,0,0
catchall_65_70,sensitivity,Capped,all_entries_2009_2040,joint,EB-3 / ROW,saved,1,272413.0,,,,,1,0,0
catchall_65_70,sensitivity,Capped,all_entries_2009_2040,joint,EB-4 / India,saved,1,6118.0,,,,,1,0,0
catchall_65_70,sensitivity,Capped,all_entries_2009_2040,joint,EB-4 / China,saved,1,1296.0,,,,,1,0,0
catchall_65_70,sensitivity,Capped,all_entries_2009_2040,joint,EB-4 / ROW,saved,1,59752.0,,,,,1,0,0
catchall_65_70,sensitivity,Capped,all_entries_2009_2040,joint,EB-5 / India,saved,1,9382.0,,,,,1,0,0
catchall_65_70,sensitivity,Capped,all_entries_2009_2040,joint,EB-5 / China,saved,1,38090.0,,,,,1,0,0
catchall_65_70,sensitivity,Capped,all_entries_2009_2040,joint,EB-5 / ROW,saved,1,35218.0,,,,,1,0,0
catchall_65_70,sensitivity,Capped,entries_2009_2024,overall,All,saved,1,704086.0,,,,,1,0,0
catchall_65_70,sensitivity,Capped,entries_2009_2024,nationality,India,saved,1,118563.0,,,,,1,0,0
catchall_65_70,sensitivity,Capped,entries_2009_2024,nationality,China,saved,1,70611.0,,,,,1,0,0
catchall_65_70,sensitivity,Capped,entries_2009_2024,nationality,ROW,saved,1,514912.0,,,,,1,0,0
catchall_65_70,sensitivity,Capped,entries_2009_2024,category,EB-1,saved,1,180762.0,,,,,1,0,0
catchall_65_70,sensitivity,Capped,entries_2009_2024,category,EB-2,saved,1,217692.0,,,,,1,0,0
catchall_65_70,sensitivity,Capped,entries_2009_2024,category,EB-3,saved,1,195214.0,,,,,1,0,0
catchall_65_70,sensitivity,Capped,entries_2009_2024,category,EB-4,saved,1,66211.0,,,,,1,0,0
catchall_65_70,sensitivity,Capped,entries_2009_2024,category,EB-5,saved,1,44207.0,,,,,1,0,0
catchall_65_70,sensitivity,Capped,entries_2009_2024,joint,EB-1 / India,saved,1,52630.0,,,,,1,0,0
catchall_65_70,sensitivity,Capped,entries_2009_2024,joint,EB-1 / China,saved,1,18436.0,,,,,1,0,0
catchall_65_70,sensitivity,Capped,entries_2009_2024,joint,EB-1 / ROW,saved,1,109696.0,,,,,1,0,0
catchall_65_70,sensitivity,Capped,entries_2009_2024,joint,EB-2 / India,saved,1,39953.0,,,,,1,0,0
catchall_65_70,sensitivity,Capped,entries_2009_2024,joint,EB-2 / China,saved,1,12137.0,,,,,1,0,0
catchall_65_70,sensitivity,Capped,entries_2009_2024,joint,EB-2 / ROW,saved,1,165602.0,,,,,1,0,0
catchall_65_70,sensitivity,Capped,entries_2009_2024,joint,EB-3 / India,saved,1,16196.0,,,,,1,0,0
catchall_65_70,sensitivity,Capped,entries_2009_2024,joint,EB-3 / China,saved,1,13929.0,,,,,1,0,0
catchall_65_70,sensitivity,Capped,entries_2009_2024,joint,EB-3 / ROW,saved,1,165089.0,,,,,1,0,0
catchall_65_70,sensitivity,Capped,entries_2009_2024,joint,EB-4 / India,saved,1,5981.0,,,,,1,0,0
catchall_65_70,sensitivity,Capped,entries_2009_2024,joint,EB-4 / China,saved,1,478.0,,,,,1,0,0
catchall_65_70,sensitivity,Capped,entries_2009_2024,joint,EB-4 / ROW,saved,1,59752.0,,,,,1,0,0
catchall_65_70,sensitivity,Capped,entries_2009_2024,joint,EB-5 / India,saved,1,3803.0,,,,,1,0,0
catchall_65_70,sensitivity,Capped,entries_2009_2024,joint,EB-5 / China,saved,1,25631.0,,,,,1,0,0
catchall_65_70,sensitivity,Capped,entries_2009_2024,joint,EB-5 / ROW,saved,1,14773.0,,,,,1,0,0
catchall_65_70,sensitivity,Capped,entries_2025_2040,overall,All,saved,1,453773.0,,,,,1,0,0
catchall_65_70,sensitivity,Capped,entries_2025_2040,nationality,India,saved,1,35034.0,,,,,1,0,0
catchall_65_70,sensitivity,Capped,entries_2025_2040,nationality,China,saved,1,24699.0,,,,,1,0,0
catchall_65_70,sensitivity,Capped,entries_2025_2040,nationality,ROW,saved,1,394040.0,,,,,1,0,0
catchall_65_70,sensitivity,Capped,entries_2025_2040,category,EB-1,saved,1,170844.0,,,,,1,0,0
catchall_65_70,sensitivity,Capped,entries_2025_2040,category,EB-2,saved,1,136167.0,,,,,1,0,0
catchall_65_70,sensitivity,Capped,entries_2025_2040,category,EB-3,saved,1,107324.0,,,,,1,0,0
catchall_65_70,sensitivity,Capped,entries_2025_2040,category,EB-4,saved,1,955.0,,,,,1,0,0
catchall_65_70,sensitivity,Capped,entries_2025_2040,category,EB-5,saved,1,38483.0,,,,,1,0,0
catchall_65_70,sensitivity,Capped,entries_2025_2040,joint,EB-1 / India,saved,1,29318.0,,,,,1,0,0
catchall_65_70,sensitivity,Capped,entries_2025_2040,joint,EB-1 / China,saved,1,11422.0,,,,,1,0,0
catchall_65_70,sensitivity,Capped,entries_2025_2040,joint,EB-1 / ROW,saved,1,130104.0,,,,,1,0,0
catchall_65_70,sensitivity,Capped,entries_2025_2040,joint,EB-2 / India,saved,1,0.0,,,,,0,1,0
catchall_65_70,sensitivity,Capped,entries_2025_2040,joint,EB-2 / China,saved,1,0.0,,,,,0,1,0
catchall_65_70,sensitivity,Capped,entries_2025_2040,joint,EB-2 / ROW,saved,1,136167.0,,,,,1,0,0
catchall_65_70,sensitivity,Capped,entries_2025_2040,joint,EB-3 / India,saved,1,0.0,,,,,0,1,0
catchall_65_70,sensitivity,Capped,entries_2025_2040,joint,EB-3 / China,saved,1,0.0,,,,,0,1,0
catchall_65_70,sensitivity,Capped,entries_2025_2040,joint,EB-3 / ROW,saved,1,107324.0,,,,,1,0,0
catchall_65_70,sensitivity,Capped,entries_2025_2040,joint,EB-4 / India,saved,1,137.0,,,,,1,0,0
catchall_65_70,sensitivity,Capped,entries_2025_2040,joint,EB-4 / China,saved,1,818.0,,,,,1,0,0
catchall_65_70,sensitivity,Capped,entries_2025_2040,joint,EB-4 / ROW,saved,1,0.0,,,,,0,1,0
catchall_65_70,sensitivity,Capped,entries_2025_2040,joint,EB-5 / India,saved,1,5579.0,,,,,1,0,0
catchall_65_70,sensitivity,Capped,entries_2025_2040,joint,EB-5 / China,saved,1,12459.0,,,,,1,0,0
catchall_65_70,sensitivity,Capped,entries_2025_2040,joint,EB-5 / ROW,saved,1,20445.0,,,,,1,0,0
catchall_60_65,primary,Uncapped,all_entries_2009_2040,overall,All,aged_out,50,223090.18,581.4512347285428,82.22962220116871,222924.93338746604,223255.42661253395,50,0,0
catchall_60_65,primary,Uncapped,all_entries_2009_2040,nationality,India,aged_out,50,87699.0,347.70612738404276,49.17307210667403,87600.18301196086,87797.81698803914,50,0,0
catchall_60_65,primary,Uncapped,all_entries_2009_2040,nationality,China,aged_out,50,16760.04,158.71203032986685,22.44527058042677,16714.93454005091,16805.145459949093,50,0,0
catchall_60_65,primary,Uncapped,all_entries_2009_2040,nationality,ROW,aged_out,50,118631.14,445.6614442120193,63.02604586314182,118504.48441893926,118757.79558106074,50,0,0
catchall_60_65,primary,Uncapped,all_entries_2009_2040,category,EB-1,aged_out,50,752.04,32.05031758255848,4.532599380361907,742.9314005253973,761.1485994746026,50,0,0
catchall_60_65,primary,Uncapped,all_entries_2009_2040,category,EB-2,aged_out,50,114779.56,370.71123918373837,52.426486217777914,114674.20503152706,114884.91496847293,50,0,0
catchall_60_65,primary,Uncapped,all_entries_2009_2040,category,EB-3,aged_out,50,49821.54,255.2683430015863,36.100395271735046,49748.99353961134,49894.08646038866,50,0,0
catchall_60_65,primary,Uncapped,all_entries_2009_2040,category,EB-4,aged_out,50,56948.12,280.78393465293505,39.70884484826616,56868.32208869792,57027.91791130209,50,0,0
catchall_60_65,primary,Uncapped,all_entries_2009_2040,category,EB-5,aged_out,50,788.92,30.2282743706711,4.2749235582138105,780.329219476793,797.5107805232069,50,0,0
catchall_60_65,primary,Uncapped,all_entries_2009_2040,joint,EB-1 / India,aged_out,50,142.82,12.738644402937457,1.801516368088227,139.19971731740688,146.4402826825931,50,0,0
catchall_60_65,primary,Uncapped,all_entries_2009_2040,joint,EB-1 / China,aged_out,50,20.18,4.788123061177479,0.677142857142857,18.819230482286773,21.540769517713226,50,0,0
catchall_60_65,primary,Uncapped,all_entries_2009_2040,joint,EB-1 / ROW,aged_out,50,589.04,28.421004017939886,4.019336933843081,580.96284002807,597.1171599719299,50,0,0
catchall_60_65,primary,Uncapped,all_entries_2009_2040,joint,EB-2 / India,aged_out,50,68958.78,306.4918875645115,43.34449841510619,68871.67596931921,69045.88403068078,50,0,0
catchall_60_65,primary,Uncapped,all_entries_2009_2040,joint,EB-2 / China,aged_out,50,10172.36,130.0977277876528,18.398597107122164,10135.38663485561,10209.333365144392,50,0,0
catchall_60_65,primary,Uncapped,all_entries_2009_2040,joint,EB-2 / ROW,aged_out,50,35648.42,268.9918510259509,38.041192388874286,35571.97336178445,35724.86663821555,50,0,0
catchall_60_65,primary,Uncapped,all_entries_2009_2040,joint,EB-3 / India,aged_out,50,14023.88,108.61984634682634,15.361165984656347,13993.010581223802,14054.749418776197,50,0,0
catchall_60_65,primary,Uncapped,all_entries_2009_2040,joint,EB-3 / China,aged_out,50,6042.8,87.59438058576634,12.387716101206129,6017.905952478429,6067.6940475215715,50,0,0
catchall_60_65,primary,Uncapped,all_entries_2009_2040,joint,EB-3 / ROW,aged_out,50,29754.86,194.18180099261284,27.46145365297864,29699.674142763404,29810.045857236597,50,0,0
catchall_60_65,primary,Uncapped,all_entries_2009_2040,joint,EB-4 / India,aged_out,50,4428.62,72.47543989349153,10.249575003633177,4408.0227078816,4449.2172921184,50,0,0
catchall_60_65,primary,Uncapped,all_entries_2009_2040,joint,EB-4 / China,aged_out,50,130.2,13.15372221704812,1.8602172355037747,126.46175350785059,133.93824649214937,50,0,0
catchall_60_65,primary,Uncapped,all_entries_2009_2040,joint,EB-4 / ROW,aged_out,50,52389.3,269.40957742471454,38.10026782272357,52312.73464525546,52465.86535474454,50,0,0
catchall_60_65,primary,Uncapped,all_entries_2009_2040,joint,EB-5 / India,aged_out,50,144.9,11.366348470420059,1.607444416152673,141.66971950623793,148.1302804937621,50,0,0
catchall_60_65,primary,Uncapped,all_entries_2009_2040,joint,EB-5 / China,aged_out,50,394.5,22.97669626879747,3.2493955481860666,387.9700951707273,401.0299048292727,50,0,0
catchall_60_65,primary,Uncapped,all_entries_2009_2040,joint,EB-5 / ROW,aged_out,50,249.52,17.500134110273297,2.4748927002096512,244.54651691510676,254.49348308489326,50,0,0
catchall_60_65,primary,Uncapped,entries_2009_2024,overall,All,aged_out,50,109327.22,387.6029574875058,54.81533592947529,109217.0644583012,109437.3755416988,50,0,0
catchall_60_65,primary,Uncapped,entries_2009_2024,nationality,India,aged_out,50,58963.1,245.82292033751716,34.76461078834777,58893.2378990313,59032.962100968696,50,0,0
catchall_60_65,primary,Uncapped,entries_2009_2024,nationality,China,aged_out,50,8845.92,107.76956520128245,15.240918071870517,8815.292228451654,8876.547771548347,50,0,0
catchall_60_65,primary,Uncapped,entries_2009_2024,nationality,ROW,aged_out,50,41518.2,279.94496543690406,39.5901966838937,41438.64052111097,41597.75947888903,50,0,0
catchall_60_65,primary,Uncapped,entries_2009_2024,category,EB-1,aged_out,50,2.1,1.359021256460032,0.19219462924391012,1.7137704323622032,2.486229567637797,44,6,0
catchall_60_65,primary,Uncapped,entries_2009_2024,category,EB-2,aged_out,50,61350.26,259.4102266956446,36.68614608112597,61276.53642928966,61423.98357071034,50,0,0
catchall_60_65,primary,Uncapped,entries_2009_2024,category,EB-3,aged_out,50,18928.02,118.7285516613078,16.790752800033616,18894.277718960293,18961.762281039708,50,0,0
catchall_60_65,primary,Uncapped,entries_2009_2024,category,EB-4,aged_out,50,28619.6,227.34312824271527,32.151173527317376,28554.989797834856,28684.21020216514,50,0,0
catchall_60_65,primary,Uncapped,entries_2009_2024,category,EB-5,aged_out,50,427.24,21.999591832948322,3.1112121136827895,420.98778517888655,433.49221482111346,50,0,0
catchall_60_65,primary,Uncapped,entries_2009_2024,joint,EB-1 / India,aged_out,50,2.1,1.359021256460032,0.19219462924391012,1.7137704323622032,2.486229567637797,44,6,0
catchall_60_65,primary,Uncapped,entries_2009_2024,joint,EB-1 / China,aged_out,50,0.0,0.0,0.0,0.0,0.0,0,50,0
catchall_60_65,primary,Uncapped,entries_2009_2024,joint,EB-1 / ROW,aged_out,50,0.0,0.0,0.0,0.0,0.0,0,50,0
catchall_60_65,primary,Uncapped,entries_2009_2024,joint,EB-2 / India,aged_out,50,45806.46,236.37959872602704,33.42912343866574,45739.28166133872,45873.63833866128,50,0,0
catchall_60_65,primary,Uncapped,entries_2009_2024,joint,EB-2 / China,aged_out,50,5506.18,88.4779898837985,12.512677326517734,5481.034833494442,5531.325166505559,50,0,0
catchall_60_65,primary,Uncapped,entries_2009_2024,joint,EB-2 / ROW,aged_out,50,10037.62,138.70904653928213,19.61642148396936,9998.199325144726,10077.040674855276,50,0,0
catchall_60_65,primary,Uncapped,entries_2009_2024,joint,EB-3 / India,aged_out,50,11122.54,101.31909786331862,14.328684232571206,11093.745430985582,11151.33456901442,50,0,0
catchall_60_65,primary,Uncapped,entries_2009_2024,joint,EB-3 / China,aged_out,50,2945.08,57.65727028160915,8.153969360166286,2928.693985089499,2961.4660149105007,50,0,0
catchall_60_65,primary,Uncapped,entries_2009_2024,joint,EB-3 / ROW,aged_out,50,4860.4,63.7504701863413,9.015677954518551,4842.282316836667,4878.517683163333,50,0,0
catchall_60_65,primary,Uncapped,entries_2009_2024,joint,EB-4 / India,aged_out,50,1999.26,59.97544055184384,8.481808143771886,1982.2151683881948,2016.3048316118052,50,0,0
catchall_60_65,primary,Uncapped,entries_2009_2024,joint,EB-4 / China,aged_out,50,0.16,0.3703280399090206,0.05237229365663817,0.0547539355559592,0.2652460644440408,8,42,0
catchall_60_65,primary,Uncapped,entries_2009_2024,joint,EB-4 / ROW,aged_out,50,26620.18,217.94810185464064,30.82251615363055,26558.23983479165,26682.12016520835,50,0,0
catchall_60_65,primary,Uncapped,entries_2009_2024,joint,EB-5 / India,aged_out,50,32.74,6.25906689270429,0.8851657287462832,30.961192870756015,34.51880712924399,50,0,0
catchall_60_65,primary,Uncapped,entries_2009_2024,joint,EB-5 / China,aged_out,50,394.5,22.97669626879747,3.2493955481860666,387.9700951707273,401.0299048292727,50,0,0
catchall_60_65,primary,Uncapped,entries_2009_2024,joint,EB-5 / ROW,aged_out,50,0.0,0.0,0.0,0.0,0.0,0,50,0
catchall_60_65,primary,Uncapped,entries_2025_2040,overall,All,aged_out,50,113762.96,415.80720414683555,58.804018743689305,113644.788900089,113881.13109991101,50,0,0
catchall_60_65,primary,Uncapped,entries_2025_2040,nationality,India,aged_out,50,28735.9,220.94881206066805,31.24688066064208,28673.107042386844,28798.69295761316,50,0,0
catchall_60_65,primary,Uncapped,entries_2025_2040,nationality,China,aged_out,50,7914.12,103.08855713533339,14.578923562626217,7884.822556224546,7943.417443775454,50,0,0
catchall_60_65,primary,Uncapped,entries_2025_2040,nationality,ROW,aged_out,50,77112.94,345.1262655662033,48.80822454949032,77014.85620057711,77211.0237994229,50,0,0
catchall_60_65,primary,Uncapped,entries_2025_2040,category,EB-1,aged_out,50,749.94,32.23030010561427,4.558052752871469,740.7802500583008,759.0997499416993,50,0,0
catchall_60_65,primary,Uncapped,entries_2025_2040,category,EB-2,aged_out,50,53429.3,261.20531060013747,36.94000928145912,53355.06627208866,53503.533727911345,50,0,0
catchall_60_65,primary,Uncapped,entries_2025_2040,category,EB-3,aged_out,50,30893.52,201.9218114993615,28.55605643613406,30836.13445611588,30950.90554388412,50,0,0
catchall_60_65,primary,Uncapped,entries_2025_2040,category,EB-4,aged_out,50,28328.52,150.632847327127,21.30270156288988,28285.71061845526,28371.32938154474,50,0,0
catchall_60_65,primary,Uncapped,entries_2025_2040,category,EB-5,aged_out,50,361.68,20.762446476113297,2.93625333945649,355.77937799909023,367.5806220009098,50,0,0
catchall_60_65,primary,Uncapped,entries_2025_2040,joint,EB-1 / India,aged_out,50,140.72,12.917382688075943,1.8267937787840425,137.04892045881383,144.39107954118617,50,0,0
catchall_60_65,primary,Uncapped,entries_2025_2040,joint,EB-1 / China,aged_out,50,20.18,4.788123061177479,0.677142857142857,18.819230482286773,21.540769517713226,50,0,0
catchall_60_65,primary,Uncapped,entries_2025_2040,joint,EB-1 / ROW,aged_out,50,589.04,28.421004017939886,4.019336933843081,580.96284002807,597.1171599719299,50,0,0
catchall_60_65,primary,Uncapped,entries_2025_2040,joint,EB-2 / India,aged_out,50,23152.32,180.4061675944657,25.513284894784693,23101.04913445762,23203.59086554238,50,0,0
catchall_60_65,primary,Uncapped,entries_2025_2040,joint,EB-2 / China,aged_out,50,4666.18,86.22933115257482,12.194668959033212,4641.673895234939,4690.686104765062,50,0,0
catchall_60_65,primary,Uncapped,entries_2025_2040,joint,EB-2 / ROW,aged_out,50,25610.8,200.04978972082657,28.29131257730787,25553.946478818758,25667.65352118124,50,0,0
catchall_60_65,primary,Uncapped,entries_2025_2040,joint,EB-3 / India,aged_out,50,2901.34,49.687846007009874,7.026922570821919,2887.218870408452,2915.4611295915483,50,0,0
catchall_60_65,primary,Uncapped,entries_2025_2040,joint,EB-3 / China,aged_out,50,3097.72,55.505484193097566,7.8496608531964025,3081.9455159295535,3113.494484070446,50,0,0
catchall_60_65,primary,Uncapped,entries_2025_2040,joint,EB-3 / ROW,aged_out,50,24894.46,186.96405962600605,26.440710879942976,24841.325402163573,24947.594597836425,50,0,0
catchall_60_65,primary,Uncapped,entries_2025_2040,joint,EB-4 / India,aged_out,50,2429.36,49.60240283844059,7.014839082041639,2415.2631530882827,2443.4568469117175,50,0,0
catchall_60_65,primary,Uncapped,entries_2025_2040,joint,EB-4 / China,aged_out,50,130.04,13.1272578232921,1.8564746050468002,126.30927460533866,133.77072539466133,50,0,0
catchall_60_65,primary,Uncapped,entries_2025_2040,joint,EB-4 / ROW,aged_out,50,25769.12,155.99916797266346,22.061613906585922,25724.78552700222,25813.45447299778,50,0,0
catchall_60_65,primary,Uncapped,entries_2025_2040,joint,EB-5 / India,aged_out,50,112.16,10.331959531236176,1.4611597294964165,109.22368959011354,115.09631040988646,50,0,0
catchall_60_65,primary,Uncapped,entries_2025_2040,joint,EB-5 / China,aged_out,50,0.0,0.0,0.0,0.0,0.0,0,50,0
catchall_60_65,primary,Uncapped,entries_2025_2040,joint,EB-5 / ROW,aged_out,50,249.52,17.500134110273297,2.4748927002096512,244.54651691510676,254.49348308489326,50,0,0
catchall_60_65,primary,Capped,all_entries_2009_2040,overall,All,aged_out,50,289948.14,646.3342475777039,91.40546587505986,289764.45383923926,290131.8261607608,50,0,0
catchall_60_65,primary,Capped,all_entries_2009_2040,nationality,India,aged_out,50,207722.58,500.6290773229462,70.79964308684394,207580.30279045508,207864.8572095449,50,0,0
catchall_60_65,primary,Capped,all_entries_2009_2040,nationality,China,aged_out,50,20822.9,188.11408284141118,26.60334872276996,20769.43856918201,20876.361430817993,50,0,0
catchall_60_65,primary,Capped,all_entries_2009_2040,nationality,ROW,aged_out,50,61402.66,347.7411428763925,49.17802404509144,61303.83306066804,61501.48693933197,50,0,0
catchall_60_65,primary,Capped,all_entries_2009_2040,category,EB-1,aged_out,50,2515.96,63.46426280247194,8.975202118126616,2497.923656075183,2533.996343924817,50,0,0
catchall_60_65,primary,Capped,all_entries_2009_2040,category,EB-2,aged_out,50,156145.38,405.78052225913694,57.386031792570904,156030.05845155256,156260.70154844745,50,0,0
catchall_60_65,primary,Capped,all_entries_2009_2040,category,EB-3,aged_out,50,73173.54,271.722037594093,38.427299076121834,73096.31745134685,73250.76254865313,50,0,0
catchall_60_65,primary,Capped,all_entries_2009_2040,category,EB-4,aged_out,50,56778.88,331.7164168751523,46.911785560664775,56684.60723740777,56873.152762592224,50,0,0
catchall_60_65,primary,Capped,all_entries_2009_2040,category,EB-5,aged_out,50,1334.38,49.9260228247959,7.060605859417506,1320.191181305785,1348.5688186942152,50,0,0
catchall_60_65,primary,Capped,all_entries_2009_2040,joint,EB-1 / India,aged_out,50,1570.88,45.673481789496954,6.4592057387507165,1557.8997400958835,1583.8602599041167,50,0,0
catchall_60_65,primary,Capped,all_entries_2009_2040,joint,EB-1 / China,aged_out,50,945.08,35.141022019449416,4.969690993555693,935.0930320431663,955.0669679568338,50,0,0
catchall_60_65,primary,Capped,all_entries_2009_2040,joint,EB-1 / ROW,aged_out,50,0.0,0.0,0.0,0.0,0.0,0,50,0
catchall_60_65,primary,Capped,all_entries_2009_2040,joint,EB-2 / India,aged_out,50,144464.76,400.2395486787014,56.60241979395061,144351.0131788205,144578.50682117953,50,0,0
catchall_60_65,primary,Capped,all_entries_2009_2040,joint,EB-2 / China,aged_out,50,10629.5,139.30472397750543,19.700662995162865,10589.910035489893,10669.089964510107,50,0,0
catchall_60_65,primary,Capped,all_entries_2009_2040,joint,EB-2 / ROW,aged_out,50,1051.12,45.265042600583655,6.401443714714132,1038.2558172290337,1063.984182770966,50,0,0
catchall_60_65,primary,Capped,all_entries_2009_2040,joint,EB-3 / India,aged_out,50,57736.92,254.02336707556682,35.924329087794575,57664.72735785468,57809.112642145315,50,0,0
catchall_60_65,primary,Capped,all_entries_2009_2040,joint,EB-3 / China,aged_out,50,8235.56,109.06619596392284,15.42428935286214,8204.563730066171,8266.556269933828,50,0,0
catchall_60_65,primary,Capped,all_entries_2009_2040,joint,EB-3 / ROW,aged_out,50,7201.06,96.86102183551652,13.698217074510396,7173.5324021742435,7228.587597825757,50,0,0
catchall_60_65,primary,Capped,all_entries_2009_2040,joint,EB-4 / India,aged_out,50,3628.24,80.17291516797061,11.338162396553166,3605.455109613337,3651.0248903866627,50,0,0
catchall_60_65,primary,Capped,all_entries_2009_2040,joint,EB-4 / China,aged_out,50,0.16,0.3703280399090206,0.05237229365663817,0.0547539355559592,0.2652460644440408,8,42,0
catchall_60_65,primary,Capped,all_entries_2009_2040,joint,EB-4 / ROW,aged_out,50,53150.48,325.49775007843357,46.03233326828489,53057.97456295678,53242.98543704323,50,0,0
catchall_60_65,primary,Capped,all_entries_2009_2040,joint,EB-5 / India,aged_out,50,321.78,18.2625858195472,2.5827196550006217,316.58983053686376,326.9701694631362,50,0,0
catchall_60_65,primary,Capped,all_entries_2009_2040,joint,EB-5 / China,aged_out,50,1012.6,47.976609947356806,6.784917246423594,998.965198315616,1026.234801684384,50,0,0
catchall_60_65,primary,Capped,all_entries_2009_2040,joint,EB-5 / ROW,aged_out,50,0.0,0.0,0.0,0.0,0.0,0,50,0
catchall_60_65,primary,Capped,entries_2009_2024,overall,All,aged_out,50,214767.26,500.16359813360987,70.73381438858775,214625.115078177,214909.404921823,50,0,0
catchall_60_65,primary,Capped,entries_2009_2024,nationality,India,aged_out,50,176032.06,434.8455700543796,61.496450270876345,175908.4782563643,176155.6417436357,50,0,0
catchall_60_65,primary,Capped,entries_2009_2024,nationality,China,aged_out,50,11033.08,146.3251676707652,20.69350366365133,10991.494847468082,11074.665152531918,50,0,0
catchall_60_65,primary,Capped,entries_2009_2024,nationality,ROW,aged_out,50,27702.12,229.43627811286888,32.447189620762444,27636.914931223677,27767.32506877632,50,0,0
catchall_60_65,primary,Capped,entries_2009_2024,category,EB-1,aged_out,50,13.56,3.785902960257935,0.535407531222522,12.484058283482721,14.63594171651728,50,0,0
catchall_60_65,primary,Capped,entries_2009_2024,category,EB-2,aged_out,50,127312.02,326.8848321188791,46.22849629165711,127219.12035860257,127404.91964139744,50,0,0
catchall_60_65,primary,Capped,entries_2009_2024,category,EB-3,aged_out,50,57998.58,246.97377287840894,34.92736591550984,57928.39083035804,58068.769169641964,50,0,0
catchall_60_65,primary,Capped,entries_2009_2024,category,EB-4,aged_out,50,28667.06,240.5641676881871,34.02091085656296,28598.69241999807,28735.42758000193,50,0,0
catchall_60_65,primary,Capped,entries_2009_2024,category,EB-5,aged_out,50,776.04,30.7988603022639,4.355616594509593,767.2870607492443,784.7929392507556,50,0,0
catchall_60_65,primary,Capped,entries_2009_2024,joint,EB-1 / India,aged_out,50,13.52,3.742966192522629,0.5293353552969486,12.456260777858244,14.583739222141755,50,0,0
catchall_60_65,primary,Capped,entries_2009_2024,joint,EB-1 / China,aged_out,50,0.04,0.19794866372215741,0.027994168488950606,-0.01625638777941879,0.09625638777941879,2,48,0
catchall_60_65,primary,Capped,entries_2009_2024,joint,EB-1 / ROW,aged_out,50,0.0,0.0,0.0,0.0,0.0,0,50,0
catchall_60_65,primary,Capped,entries_2009_2024,joint,EB-2 / India,aged_out,50,121285.04,345.7861767046219,48.901550077681584,121186.76865590665,121383.31134409334,50,0,0
catchall_60_65,primary,Capped,entries_2009_2024,joint,EB-2 / China,aged_out,50,5964.3,107.96470511709097,15.268515023420195,5933.616770301199,5994.983229698802,50,0,0
catchall_60_65,primary,Capped,entries_2009_2024,joint,EB-2 / ROW,aged_out,50,62.68,6.747456058790314,0.9542343869857773,60.76239420549618,64.59760579450382,50,0,0
catchall_60_65,primary,Capped,entries_2009_2024,joint,EB-3 / India,aged_out,50,53409.68,246.27008899721028,34.82784998666839,53339.69081510434,53479.66918489566,50,0,0
catchall_60_65,primary,Capped,entries_2009_2024,joint,EB-3 / China,aged_out,50,4333.4,83.15242949314376,11.759529353347645,4309.768341011218,4357.031658988782,50,0,0
catchall_60_65,primary,Capped,entries_2009_2024,joint,EB-3 / ROW,aged_out,50,255.5,18.736900185767883,2.6497978359543906,250.1750318854674,260.82496811453257,50,0,0
catchall_60_65,primary,Capped,entries_2009_2024,joint,EB-4 / India,aged_out,50,1282.96,66.29986302199043,9.376216546917732,1264.1177874093528,1301.8022125906473,50,0,0
catchall_60_65,primary,Capped,entries_2009_2024,joint,EB-4 / China,aged_out,50,0.16,0.3703280399090206,0.05237229365663817,0.0547539355559592,0.2652460644440408,8,42,0
catchall_60_65,primary,Capped,entries_2009_2024,joint,EB-4 / ROW,aged_out,50,27383.94,232.36551168451862,32.86144580520101,27317.902452253602,27449.977547746395,50,0,0
catchall_60_65,primary,Capped,entries_2009_2024,joint,EB-5 / India,aged_out,50,40.86,6.7793503993181154,0.9587449278795136,38.93332993421007,42.78667006578993,50,0,0
catchall_60_65,primary,Capped,entries_2009_2024,joint,EB-5 / China,aged_out,50,735.18,32.413583698247024,4.58397296711764,725.9681614376105,744.3918385623894,50,0,0
catchall_60_65,primary,Capped,entries_2009_2024,joint,EB-5 / ROW,aged_out,50,0.0,0.0,0.0,0.0,0.0,0,50,0
catchall_60_65,primary,Capped,entries_2025_2040,overall,All,aged_out,50,75180.88,326.6635690537571,46.197204968902334,75088.04324086991,75273.7167591301,50,0,0
catchall_60_65,primary,Capped,entries_2025_2040,nationality,India,aged_out,50,31690.52,241.24593599199358,34.11732745472689,31621.95866358995,31759.08133641005,50,0,0
catchall_60_65,primary,Capped,entries_2025_2040,nationality,China,aged_out,50,9789.82,104.77082667636529,14.816832402675665,9760.044460510888,9819.595539489112,50,0,0
catchall_60_65,primary,Capped,entries_2025_2040,nationality,ROW,aged_out,50,33700.54,240.55999379000014,34.02032057822057,33632.17360620681,33768.90639379319,50,0,0
catchall_60_65,primary,Capped,entries_2025_2040,category,EB-1,aged_out,50,2502.4,63.623574118981004,8.997732140571278,2484.318380299986,2520.481619700014,50,0,0
catchall_60_65,primary,Capped,entries_2025_2040,category,EB-2,aged_out,50,28833.36,213.64597456769363,30.214103478004965,28772.64248583854,28894.07751416146,50,0,0
catchall_60_65,primary,Capped,entries_2025_2040,category,EB-3,aged_out,50,15174.96,139.90973183172247,19.786224026440465,15135.198094160172,15214.721905839826,50,0,0
catchall_60_65,primary,Capped,entries_2025_2040,category,EB-4,aged_out,50,28111.82,190.98944195629116,27.009985908465598,28057.541401163136,28166.098598836863,50,0,0
catchall_60_65,primary,Capped,entries_2025_2040,category,EB-5,aged_out,50,558.34,30.562488679518793,4.322188599044966,549.6542368211569,567.0257631788431,50,0,0
catchall_60_65,primary,Capped,entries_2025_2040,joint,EB-1 / India,aged_out,50,1557.36,45.7253379496778,6.466539307252751,1544.3650027382218,1570.354997261778,50,0,0
catchall_60_65,primary,Capped,entries_2025_2040,joint,EB-1 / China,aged_out,50,945.04,35.11029850662751,4.965346032704044,935.0617635689,955.0182364310999,50,0,0
catchall_60_65,primary,Capped,entries_2025_2040,joint,EB-1 / ROW,aged_out,50,0.0,0.0,0.0,0.0,0.0,0,50,0
catchall_60_65,primary,Capped,entries_2025_2040,joint,EB-2 / India,aged_out,50,23179.72,196.61254138170187,27.805212255464415,23123.843333988298,23235.596666011705,50,0,0
catchall_60_65,primary,Capped,entries_2025_2040,joint,EB-2 / China,aged_out,50,4665.2,73.4758047084278,10.391047952493551,4644.3184073468465,4686.081592653153,50,0,0
catchall_60_65,primary,Capped,entries_2025_2040,joint,EB-2 / ROW,aged_out,50,988.44,44.46514801229275,6.288321537191147,975.8031447557543,1001.0768552442458,50,0,0
catchall_60_65,primary,Capped,entries_2025_2040,joint,EB-3 / India,aged_out,50,4327.24,65.0740739622226,9.20286379562451,4308.746152805639,4345.73384719436,50,0,0
catchall_60_65,primary,Capped,entries_2025_2040,joint,EB-3 / China,aged_out,50,3902.16,65.62800547053686,9.28120154079289,3883.5087272128167,3920.811272787183,50,0,0
catchall_60_65,primary,Capped,entries_2025_2040,joint,EB-3 / ROW,aged_out,50,6945.56,95.5124011608451,13.507493309648689,6918.415675929242,6972.704324070759,50,0,0
catchall_60_65,primary,Capped,entries_2025_2040,joint,EB-4 / India,aged_out,50,2345.28,50.32710958503054,7.117328093018718,2330.9771937097457,2359.5828062902547,50,0,0
catchall_60_65,primary,Capped,entries_2025_2040,joint,EB-4 / China,aged_out,50,0.0,0.0,0.0,0.0,0.0,0,50,0
catchall_60_65,primary,Capped,entries_2025_2040,joint,EB-4 / ROW,aged_out,50,25766.54,197.81832625942835,27.97573598820293,25710.320653717645,25822.759346282357,50,0,0
catchall_60_65,primary,Capped,entries_2025_2040,joint,EB-5 / India,aged_out,50,280.92,14.55578992731632,2.0584995526264427,276.7832902734003,285.0567097265997,50,0,0
catchall_60_65,primary,Capped,entries_2025_2040,joint,EB-5 / China,aged_out,50,277.42,24.591428737406428,3.477753203857165,270.4311932806818,284.40880671931825,50,0,0
catchall_60_65,primary,Capped,entries_2025_2040,joint,EB-5 / ROW,aged_out,50,0.0,0.0,0.0,0.0,0.0,0,50,0
catchall_55_60,sensitivity,Uncapped,all_entries_2009_2040,overall,All,aged_out,1,184071.0,,,,,1,0,0
catchall_55_60,sensitivity,Uncapped,all_entries_2009_2040,nationality,India,aged_out,1,73109.0,,,,,1,0,0
catchall_55_60,sensitivity,Uncapped,all_entries_2009_2040,nationality,China,aged_out,1,14463.0,,,,,1,0,0
catchall_55_60,sensitivity,Uncapped,all_entries_2009_2040,nationality,ROW,aged_out,1,96499.0,,,,,1,0,0
catchall_55_60,sensitivity,Uncapped,all_entries_2009_2040,category,EB-1,aged_out,1,546.0,,,,,1,0,0
catchall_55_60,sensitivity,Uncapped,all_entries_2009_2040,category,EB-2,aged_out,1,96538.0,,,,,1,0,0
catchall_55_60,sensitivity,Uncapped,all_entries_2009_2040,category,EB-3,aged_out,1,42096.0,,,,,1,0,0
catchall_55_60,sensitivity,Uncapped,all_entries_2009_2040,category,EB-4,aged_out,1,44596.0,,,,,1,0,0
catchall_55_60,sensitivity,Uncapped,all_entries_2009_2040,category,EB-5,aged_out,1,295.0,,,,,1,0,0
catchall_55_60,sensitivity,Uncapped,all_entries_2009_2040,joint,EB-1 / India,aged_out,1,123.0,,,,,1,0,0
catchall_55_60,sensitivity,Uncapped,all_entries_2009_2040,joint,EB-1 / China,aged_out,1,6.0,,,,,1,0,0
catchall_55_60,sensitivity,Uncapped,all_entries_2009_2040,joint,EB-1 / ROW,aged_out,1,417.0,,,,,1,0,0
catchall_55_60,sensitivity,Uncapped,all_entries_2009_2040,joint,EB-2 / India,aged_out,1,57421.0,,,,,1,0,0
catchall_55_60,sensitivity,Uncapped,all_entries_2009_2040,joint,EB-2 / China,aged_out,1,9050.0,,,,,1,0,0
catchall_55_60,sensitivity,Uncapped,all_entries_2009_2040,joint,EB-2 / ROW,aged_out,1,30067.0,,,,,1,0,0
catchall_55_60,sensitivity,Uncapped,all_entries_2009_2040,joint,EB-3 / India,aged_out,1,12028.0,,,,,1,0,0
catchall_55_60,sensitivity,Uncapped,all_entries_2009_2040,joint,EB-3 / China,aged_out,1,5144.0,,,,,1,0,0
catchall_55_60,sensitivity,Uncapped,all_entries_2009_2040,joint,EB-3 / ROW,aged_out,1,24924.0,,,,,1,0,0
catchall_55_60,sensitivity,Uncapped,all_entries_2009_2040,joint,EB-4 / India,aged_out,1,3514.0,,,,,1,0,0
catchall_55_60,sensitivity,Uncapped,all_entries_2009_2040,joint,EB-4 / China,aged_out,1,95.0,,,,,1,0,0
catchall_55_60,sensitivity,Uncapped,all_entries_2009_2040,joint,EB-4 / ROW,aged_out,1,40987.0,,,,,1,0,0
catchall_55_60,sensitivity,Uncapped,all_entries_2009_2040,joint,EB-5 / India,aged_out,1,23.0,,,,,1,0,0
catchall_55_60,sensitivity,Uncapped,all_entries_2009_2040,joint,EB-5 / China,aged_out,1,168.0,,,,,1,0,0
catchall_55_60,sensitivity,Uncapped,all_entries_2009_2040,joint,EB-5 / ROW,aged_out,1,104.0,,,,,1,0,0
catchall_55_60,sensitivity,Uncapped,entries_2009_2024,overall,All,aged_out,1,85383.0,,,,,1,0,0
catchall_55_60,sensitivity,Uncapped,entries_2009_2024,nationality,India,aged_out,1,47015.0,,,,,1,0,0
catchall_55_60,sensitivity,Uncapped,entries_2009_2024,nationality,China,aged_out,1,7375.0,,,,,1,0,0
catchall_55_60,sensitivity,Uncapped,entries_2009_2024,nationality,ROW,aged_out,1,30993.0,,,,,1,0,0
catchall_55_60,sensitivity,Uncapped,entries_2009_2024,category,EB-1,aged_out,1,2.0,,,,,1,0,0
catchall_55_60,sensitivity,Uncapped,entries_2009_2024,category,EB-2,aged_out,1,47983.0,,,,,1,0,0
catchall_55_60,sensitivity,Uncapped,entries_2009_2024,category,EB-3,aged_out,1,16053.0,,,,,1,0,0
catchall_55_60,sensitivity,Uncapped,entries_2009_2024,category,EB-4,aged_out,1,21154.0,,,,,1,0,0
catchall_55_60,sensitivity,Uncapped,entries_2009_2024,category,EB-5,aged_out,1,191.0,,,,,1,0,0
catchall_55_60,sensitivity,Uncapped,entries_2009_2024,joint,EB-1 / India,aged_out,1,2.0,,,,,1,0,0
catchall_55_60,sensitivity,Uncapped,entries_2009_2024,joint,EB-1 / China,aged_out,1,0.0,,,,,0,1,0
catchall_55_60,sensitivity,Uncapped,entries_2009_2024,joint,EB-1 / ROW,aged_out,1,0.0,,,,,0,1,0
catchall_55_60,sensitivity,Uncapped,entries_2009_2024,joint,EB-2 / India,aged_out,1,35869.0,,,,,1,0,0
catchall_55_60,sensitivity,Uncapped,entries_2009_2024,joint,EB-2 / China,aged_out,1,4663.0,,,,,1,0,0
catchall_55_60,sensitivity,Uncapped,entries_2009_2024,joint,EB-2 / ROW,aged_out,1,7451.0,,,,,1,0,0
catchall_55_60,sensitivity,Uncapped,entries_2009_2024,joint,EB-3 / India,aged_out,1,9668.0,,,,,1,0,0
catchall_55_60,sensitivity,Uncapped,entries_2009_2024,joint,EB-3 / China,aged_out,1,2544.0,,,,,1,0,0
catchall_55_60,sensitivity,Uncapped,entries_2009_2024,joint,EB-3 / ROW,aged_out,1,3841.0,,,,,1,0,0
catchall_55_60,sensitivity,Uncapped,entries_2009_2024,joint,EB-4 / India,aged_out,1,1453.0,,,,,1,0,0
catchall_55_60,sensitivity,Uncapped,entries_2009_2024,joint,EB-4 / China,aged_out,1,0.0,,,,,0,1,0
catchall_55_60,sensitivity,Uncapped,entries_2009_2024,joint,EB-4 / ROW,aged_out,1,19701.0,,,,,1,0,0
catchall_55_60,sensitivity,Uncapped,entries_2009_2024,joint,EB-5 / India,aged_out,1,23.0,,,,,1,0,0
catchall_55_60,sensitivity,Uncapped,entries_2009_2024,joint,EB-5 / China,aged_out,1,168.0,,,,,1,0,0
catchall_55_60,sensitivity,Uncapped,entries_2009_2024,joint,EB-5 / ROW,aged_out,1,0.0,,,,,0,1,0
catchall_55_60,sensitivity,Uncapped,entries_2025_2040,overall,All,aged_out,1,98688.0,,,,,1,0,0
catchall_55_60,sensitivity,Uncapped,entries_2025_2040,nationality,India,aged_out,1,26094.0,,,,,1,0,0
catchall_55_60,sensitivity,Uncapped,entries_2025_2040,nationality,China,aged_out,1,7088.0,,,,,1,0,0
catchall_55_60,sensitivity,Uncapped,entries_2025_2040,nationality,ROW,aged_out,1,65506.0,,,,,1,0,0
catchall_55_60,sensitivity,Uncapped,entries_2025_2040,category,EB-1,aged_out,1,544.0,,,,,1,0,0
catchall_55_60,sensitivity,Uncapped,entries_2025_2040,category,EB-2,aged_out,1,48555.0,,,,,1,0,0
catchall_55_60,sensitivity,Uncapped,entries_2025_2040,category,EB-3,aged_out,1,26043.0,,,,,1,0,0
catchall_55_60,sensitivity,Uncapped,entries_2025_2040,category,EB-4,aged_out,1,23442.0,,,,,1,0,0
catchall_55_60,sensitivity,Uncapped,entries_2025_2040,category,EB-5,aged_out,1,104.0,,,,,1,0,0
catchall_55_60,sensitivity,Uncapped,entries_2025_2040,joint,EB-1 / India,aged_out,1,121.0,,,,,1,0,0
catchall_55_60,sensitivity,Uncapped,entries_2025_2040,joint,EB-1 / China,aged_out,1,6.0,,,,,1,0,0
catchall_55_60,sensitivity,Uncapped,entries_2025_2040,joint,EB-1 / ROW,aged_out,1,417.0,,,,,1,0,0
catchall_55_60,sensitivity,Uncapped,entries_2025_2040,joint,EB-2 / India,aged_out,1,21552.0,,,,,1,0,0
catchall_55_60,sensitivity,Uncapped,entries_2025_2040,joint,EB-2 / China,aged_out,1,4387.0,,,,,1,0,0
catchall_55_60,sensitivity,Uncapped,entries_2025_2040,joint,EB-2 / ROW,aged_out,1,22616.0,,,,,1,0,0
catchall_55_60,sensitivity,Uncapped,entries_2025_2040,joint,EB-3 / India,aged_out,1,2360.0,,,,,1,0,0
catchall_55_60,sensitivity,Uncapped,entries_2025_2040,joint,EB-3 / China,aged_out,1,2600.0,,,,,1,0,0
catchall_55_60,sensitivity,Uncapped,entries_2025_2040,joint,EB-3 / ROW,aged_out,1,21083.0,,,,,1,0,0
catchall_55_60,sensitivity,Uncapped,entries_2025_2040,joint,EB-4 / India,aged_out,1,2061.0,,,,,1,0,0
catchall_55_60,sensitivity,Uncapped,entries_2025_2040,joint,EB-4 / China,aged_out,1,95.0,,,,,1,0,0
catchall_55_60,sensitivity,Uncapped,entries_2025_2040,joint,EB-4 / ROW,aged_out,1,21286.0,,,,,1,0,0
catchall_55_60,sensitivity,Uncapped,entries_2025_2040,joint,EB-5 / India,aged_out,1,0.0,,,,,0,1,0
catchall_55_60,sensitivity,Uncapped,entries_2025_2040,joint,EB-5 / China,aged_out,1,0.0,,,,,0,1,0
catchall_55_60,sensitivity,Uncapped,entries_2025_2040,joint,EB-5 / ROW,aged_out,1,104.0,,,,,1,0,0
catchall_55_60,sensitivity,Capped,all_entries_2009_2040,overall,All,aged_out,1,234255.0,,,,,1,0,0
catchall_55_60,sensitivity,Capped,all_entries_2009_2040,nationality,India,aged_out,1,168272.0,,,,,1,0,0
catchall_55_60,sensitivity,Capped,all_entries_2009_2040,nationality,China,aged_out,1,17832.0,,,,,1,0,0
catchall_55_60,sensitivity,Capped,all_entries_2009_2040,nationality,ROW,aged_out,1,48151.0,,,,,1,0,0
catchall_55_60,sensitivity,Capped,all_entries_2009_2040,category,EB-1,aged_out,1,2104.0,,,,,1,0,0
catchall_55_60,sensitivity,Capped,all_entries_2009_2040,category,EB-2,aged_out,1,127718.0,,,,,1,0,0
catchall_55_60,sensitivity,Capped,all_entries_2009_2040,category,EB-3,aged_out,1,59650.0,,,,,1,0,0
catchall_55_60,sensitivity,Capped,all_entries_2009_2040,category,EB-4,aged_out,1,44223.0,,,,,1,0,0
catchall_55_60,sensitivity,Capped,all_entries_2009_2040,category,EB-5,aged_out,1,560.0,,,,,1,0,0
catchall_55_60,sensitivity,Capped,all_entries_2009_2040,joint,EB-1 / India,aged_out,1,1356.0,,,,,1,0,0
catchall_55_60,sensitivity,Capped,all_entries_2009_2040,joint,EB-1 / China,aged_out,1,748.0,,,,,1,0,0
catchall_55_60,sensitivity,Capped,all_entries_2009_2040,joint,EB-1 / ROW,aged_out,1,0.0,,,,,0,1,0
catchall_55_60,sensitivity,Capped,all_entries_2009_2040,joint,EB-2 / India,aged_out,1,117127.0,,,,,1,0,0
catchall_55_60,sensitivity,Capped,all_entries_2009_2040,joint,EB-2 / China,aged_out,1,9788.0,,,,,1,0,0
catchall_55_60,sensitivity,Capped,all_entries_2009_2040,joint,EB-2 / ROW,aged_out,1,803.0,,,,,1,0,0
catchall_55_60,sensitivity,Capped,all_entries_2009_2040,joint,EB-3 / India,aged_out,1,46852.0,,,,,1,0,0
catchall_55_60,sensitivity,Capped,all_entries_2009_2040,joint,EB-3 / China,aged_out,1,6965.0,,,,,1,0,0
catchall_55_60,sensitivity,Capped,all_entries_2009_2040,joint,EB-3 / ROW,aged_out,1,5833.0,,,,,1,0,0
catchall_55_60,sensitivity,Capped,all_entries_2009_2040,joint,EB-4 / India,aged_out,1,2708.0,,,,,1,0,0
catchall_55_60,sensitivity,Capped,all_entries_2009_2040,joint,EB-4 / China,aged_out,1,0.0,,,,,0,1,0
catchall_55_60,sensitivity,Capped,all_entries_2009_2040,joint,EB-4 / ROW,aged_out,1,41515.0,,,,,1,0,0
catchall_55_60,sensitivity,Capped,all_entries_2009_2040,joint,EB-5 / India,aged_out,1,229.0,,,,,1,0,0
catchall_55_60,sensitivity,Capped,all_entries_2009_2040,joint,EB-5 / China,aged_out,1,331.0,,,,,1,0,0
catchall_55_60,sensitivity,Capped,all_entries_2009_2040,joint,EB-5 / ROW,aged_out,1,0.0,,,,,0,1,0
catchall_55_60,sensitivity,Capped,entries_2009_2024,overall,All,aged_out,1,168970.0,,,,,1,0,0
catchall_55_60,sensitivity,Capped,entries_2009_2024,nationality,India,aged_out,1,139242.0,,,,,1,0,0
catchall_55_60,sensitivity,Capped,entries_2009_2024,nationality,China,aged_out,1,9142.0,,,,,1,0,0
catchall_55_60,sensitivity,Capped,entries_2009_2024,nationality,ROW,aged_out,1,20586.0,,,,,1,0,0
catchall_55_60,sensitivity,Capped,entries_2009_2024,category,EB-1,aged_out,1,14.0,,,,,1,0,0
catchall_55_60,sensitivity,Capped,entries_2009_2024,category,EB-2,aged_out,1,101017.0,,,,,1,0,0
catchall_55_60,sensitivity,Capped,entries_2009_2024,category,EB-3,aged_out,1,46458.0,,,,,1,0,0
catchall_55_60,sensitivity,Capped,entries_2009_2024,category,EB-4,aged_out,1,21116.0,,,,,1,0,0
catchall_55_60,sensitivity,Capped,entries_2009_2024,category,EB-5,aged_out,1,365.0,,,,,1,0,0
catchall_55_60,sensitivity,Capped,entries_2009_2024,joint,EB-1 / India,aged_out,1,14.0,,,,,1,0,0
catchall_55_60,sensitivity,Capped,entries_2009_2024,joint,EB-1 / China,aged_out,1,0.0,,,,,0,1,0
catchall_55_60,sensitivity,Capped,entries_2009_2024,joint,EB-1 / ROW,aged_out,1,0.0,,,,,0,1,0
catchall_55_60,sensitivity,Capped,entries_2009_2024,joint,EB-2 / India,aged_out,1,95600.0,,,,,1,0,0
catchall_55_60,sensitivity,Capped,entries_2009_2024,joint,EB-2 / China,aged_out,1,5363.0,,,,,1,0,0
catchall_55_60,sensitivity,Capped,entries_2009_2024,joint,EB-2 / ROW,aged_out,1,54.0,,,,,1,0,0
catchall_55_60,sensitivity,Capped,entries_2009_2024,joint,EB-3 / India,aged_out,1,42783.0,,,,,1,0,0
catchall_55_60,sensitivity,Capped,entries_2009_2024,joint,EB-3 / China,aged_out,1,3448.0,,,,,1,0,0
catchall_55_60,sensitivity,Capped,entries_2009_2024,joint,EB-3 / ROW,aged_out,1,227.0,,,,,1,0,0
catchall_55_60,sensitivity,Capped,entries_2009_2024,joint,EB-4 / India,aged_out,1,811.0,,,,,1,0,0
catchall_55_60,sensitivity,Capped,entries_2009_2024,joint,EB-4 / China,aged_out,1,0.0,,,,,0,1,0
catchall_55_60,sensitivity,Capped,entries_2009_2024,joint,EB-4 / ROW,aged_out,1,20305.0,,,,,1,0,0
catchall_55_60,sensitivity,Capped,entries_2009_2024,joint,EB-5 / India,aged_out,1,34.0,,,,,1,0,0
catchall_55_60,sensitivity,Capped,entries_2009_2024,joint,EB-5 / China,aged_out,1,331.0,,,,,1,0,0
catchall_55_60,sensitivity,Capped,entries_2009_2024,joint,EB-5 / ROW,aged_out,1,0.0,,,,,0,1,0
catchall_55_60,sensitivity,Capped,entries_2025_2040,overall,All,aged_out,1,65285.0,,,,,1,0,0
catchall_55_60,sensitivity,Capped,entries_2025_2040,nationality,India,aged_out,1,29030.0,,,,,1,0,0
catchall_55_60,sensitivity,Capped,entries_2025_2040,nationality,China,aged_out,1,8690.0,,,,,1,0,0
catchall_55_60,sensitivity,Capped,entries_2025_2040,nationality,ROW,aged_out,1,27565.0,,,,,1,0,0
catchall_55_60,sensitivity,Capped,entries_2025_2040,category,EB-1,aged_out,1,2090.0,,,,,1,0,0
catchall_55_60,sensitivity,Capped,entries_2025_2040,category,EB-2,aged_out,1,26701.0,,,,,1,0,0
catchall_55_60,sensitivity,Capped,entries_2025_2040,category,EB-3,aged_out,1,13192.0,,,,,1,0,0
catchall_55_60,sensitivity,Capped,entries_2025_2040,category,EB-4,aged_out,1,23107.0,,,,,1,0,0
catchall_55_60,sensitivity,Capped,entries_2025_2040,category,EB-5,aged_out,1,195.0,,,,,1,0,0
catchall_55_60,sensitivity,Capped,entries_2025_2040,joint,EB-1 / India,aged_out,1,1342.0,,,,,1,0,0
catchall_55_60,sensitivity,Capped,entries_2025_2040,joint,EB-1 / China,aged_out,1,748.0,,,,,1,0,0
catchall_55_60,sensitivity,Capped,entries_2025_2040,joint,EB-1 / ROW,aged_out,1,0.0,,,,,0,1,0
catchall_55_60,sensitivity,Capped,entries_2025_2040,joint,EB-2 / India,aged_out,1,21527.0,,,,,1,0,0
catchall_55_60,sensitivity,Capped,entries_2025_2040,joint,EB-2 / China,aged_out,1,4425.0,,,,,1,0,0
catchall_55_60,sensitivity,Capped,entries_2025_2040,joint,EB-2 / ROW,aged_out,1,749.0,,,,,1,0,0
catchall_55_60,sensitivity,Capped,entries_2025_2040,joint,EB-3 / India,aged_out,1,4069.0,,,,,1,0,0
catchall_55_60,sensitivity,Capped,entries_2025_2040,joint,EB-3 / China,aged_out,1,3517.0,,,,,1,0,0
catchall_55_60,sensitivity,Capped,entries_2025_2040,joint,EB-3 / ROW,aged_out,1,5606.0,,,,,1,0,0
catchall_55_60,sensitivity,Capped,entries_2025_2040,joint,EB-4 / India,aged_out,1,1897.0,,,,,1,0,0
catchall_55_60,sensitivity,Capped,entries_2025_2040,joint,EB-4 / China,aged_out,1,0.0,,,,,0,1,0
catchall_55_60,sensitivity,Capped,entries_2025_2040,joint,EB-4 / ROW,aged_out,1,21210.0,,,,,1,0,0
catchall_55_60,sensitivity,Capped,entries_2025_2040,joint,EB-5 / India,aged_out,1,195.0,,,,,1,0,0
catchall_55_60,sensitivity,Capped,entries_2025_2040,joint,EB-5 / China,aged_out,1,0.0,,,,,0,1,0
catchall_55_60,sensitivity,Capped,entries_2025_2040,joint,EB-5 / ROW,aged_out,1,0.0,,,,,0,1,0
catchall_65_70,sensitivity,Uncapped,all_entries_2009_2040,overall,All,aged_out,1,241061.0,,,,,1,0,0
catchall_65_70,sensitivity,Uncapped,all_entries_2009_2040,nationality,India,aged_out,1,93238.0,,,,,1,0,0
catchall_65_70,sensitivity,Uncapped,all_entries_2009_2040,nationality,China,aged_out,1,17917.0,,,,,1,0,0
catchall_65_70,sensitivity,Uncapped,all_entries_2009_2040,nationality,ROW,aged_out,1,129906.0,,,,,1,0,0
catchall_65_70,sensitivity,Uncapped,all_entries_2009_2040,category,EB-1,aged_out,1,736.0,,,,,1,0,0
catchall_65_70,sensitivity,Uncapped,all_entries_2009_2040,category,EB-2,aged_out,1,122634.0,,,,,1,0,0
catchall_65_70,sensitivity,Uncapped,all_entries_2009_2040,category,EB-3,aged_out,1,52829.0,,,,,1,0,0
catchall_65_70,sensitivity,Uncapped,all_entries_2009_2040,category,EB-4,aged_out,1,63949.0,,,,,1,0,0
catchall_65_70,sensitivity,Uncapped,all_entries_2009_2040,category,EB-5,aged_out,1,913.0,,,,,1,0,0
catchall_65_70,sensitivity,Uncapped,all_entries_2009_2040,joint,EB-1 / India,aged_out,1,145.0,,,,,1,0,0
catchall_65_70,sensitivity,Uncapped,all_entries_2009_2040,joint,EB-1 / China,aged_out,1,21.0,,,,,1,0,0
catchall_65_70,sensitivity,Uncapped,all_entries_2009_2040,joint,EB-1 / ROW,aged_out,1,570.0,,,,,1,0,0
catchall_65_70,sensitivity,Uncapped,all_entries_2009_2040,joint,EB-2 / India,aged_out,1,73369.0,,,,,1,0,0
catchall_65_70,sensitivity,Uncapped,all_entries_2009_2040,joint,EB-2 / China,aged_out,1,10939.0,,,,,1,0,0
catchall_65_70,sensitivity,Uncapped,all_entries_2009_2040,joint,EB-2 / ROW,aged_out,1,38326.0,,,,,1,0,0
catchall_65_70,sensitivity,Uncapped,all_entries_2009_2040,joint,EB-3 / India,aged_out,1,14514.0,,,,,1,0,0
catchall_65_70,sensitivity,Uncapped,all_entries_2009_2040,joint,EB-3 / China,aged_out,1,6411.0,,,,,1,0,0
catchall_65_70,sensitivity,Uncapped,all_entries_2009_2040,joint,EB-3 / ROW,aged_out,1,31904.0,,,,,1,0,0
catchall_65_70,sensitivity,Uncapped,all_entries_2009_2040,joint,EB-4 / India,aged_out,1,5010.0,,,,,1,0,0
catchall_65_70,sensitivity,Uncapped,all_entries_2009_2040,joint,EB-4 / China,aged_out,1,119.0,,,,,1,0,0
catchall_65_70,sensitivity,Uncapped,all_entries_2009_2040,joint,EB-4 / ROW,aged_out,1,58820.0,,,,,1,0,0
catchall_65_70,sensitivity,Uncapped,all_entries_2009_2040,joint,EB-5 / India,aged_out,1,200.0,,,,,1,0,0
catchall_65_70,sensitivity,Uncapped,all_entries_2009_2040,joint,EB-5 / China,aged_out,1,427.0,,,,,1,0,0
catchall_65_70,sensitivity,Uncapped,all_entries_2009_2040,joint,EB-5 / ROW,aged_out,1,286.0,,,,,1,0,0
catchall_65_70,sensitivity,Uncapped,entries_2009_2024,overall,All,aged_out,1,120825.0,,,,,1,0,0
catchall_65_70,sensitivity,Uncapped,entries_2009_2024,nationality,India,aged_out,1,63584.0,,,,,1,0,0
catchall_65_70,sensitivity,Uncapped,entries_2009_2024,nationality,China,aged_out,1,9610.0,,,,,1,0,0
catchall_65_70,sensitivity,Uncapped,entries_2009_2024,nationality,ROW,aged_out,1,47631.0,,,,,1,0,0
catchall_65_70,sensitivity,Uncapped,entries_2009_2024,category,EB-1,aged_out,1,1.0,,,,,1,0,0
catchall_65_70,sensitivity,Uncapped,entries_2009_2024,category,EB-2,aged_out,1,67182.0,,,,,1,0,0
catchall_65_70,sensitivity,Uncapped,entries_2009_2024,category,EB-3,aged_out,1,19949.0,,,,,1,0,0
catchall_65_70,sensitivity,Uncapped,entries_2009_2024,category,EB-4,aged_out,1,33229.0,,,,,1,0,0
catchall_65_70,sensitivity,Uncapped,entries_2009_2024,category,EB-5,aged_out,1,464.0,,,,,1,0,0
catchall_65_70,sensitivity,Uncapped,entries_2009_2024,joint,EB-1 / India,aged_out,1,1.0,,,,,1,0,0
catchall_65_70,sensitivity,Uncapped,entries_2009_2024,joint,EB-1 / China,aged_out,1,0.0,,,,,0,1,0
catchall_65_70,sensitivity,Uncapped,entries_2009_2024,joint,EB-1 / ROW,aged_out,1,0.0,,,,,0,1,0
catchall_65_70,sensitivity,Uncapped,entries_2009_2024,joint,EB-2 / India,aged_out,1,49704.0,,,,,1,0,0
catchall_65_70,sensitivity,Uncapped,entries_2009_2024,joint,EB-2 / China,aged_out,1,6047.0,,,,,1,0,0
catchall_65_70,sensitivity,Uncapped,entries_2009_2024,joint,EB-2 / ROW,aged_out,1,11431.0,,,,,1,0,0
catchall_65_70,sensitivity,Uncapped,entries_2009_2024,joint,EB-3 / India,aged_out,1,11500.0,,,,,1,0,0
catchall_65_70,sensitivity,Uncapped,entries_2009_2024,joint,EB-3 / China,aged_out,1,3136.0,,,,,1,0,0
catchall_65_70,sensitivity,Uncapped,entries_2009_2024,joint,EB-3 / ROW,aged_out,1,5313.0,,,,,1,0,0
catchall_65_70,sensitivity,Uncapped,entries_2009_2024,joint,EB-4 / India,aged_out,1,2342.0,,,,,1,0,0
catchall_65_70,sensitivity,Uncapped,entries_2009_2024,joint,EB-4 / China,aged_out,1,0.0,,,,,0,1,0
catchall_65_70,sensitivity,Uncapped,entries_2009_2024,joint,EB-4 / ROW,aged_out,1,30887.0,,,,,1,0,0
catchall_65_70,sensitivity,Uncapped,entries_2009_2024,joint,EB-5 / India,aged_out,1,37.0,,,,,1,0,0
catchall_65_70,sensitivity,Uncapped,entries_2009_2024,joint,EB-5 / China,aged_out,1,427.0,,,,,1,0,0
catchall_65_70,sensitivity,Uncapped,entries_2009_2024,joint,EB-5 / ROW,aged_out,1,0.0,,,,,0,1,0
catchall_65_70,sensitivity,Uncapped,entries_2025_2040,overall,All,aged_out,1,120236.0,,,,,1,0,0
catchall_65_70,sensitivity,Uncapped,entries_2025_2040,nationality,India,aged_out,1,29654.0,,,,,1,0,0
catchall_65_70,sensitivity,Uncapped,entries_2025_2040,nationality,China,aged_out,1,8307.0,,,,,1,0,0
catchall_65_70,sensitivity,Uncapped,entries_2025_2040,nationality,ROW,aged_out,1,82275.0,,,,,1,0,0
catchall_65_70,sensitivity,Uncapped,entries_2025_2040,category,EB-1,aged_out,1,735.0,,,,,1,0,0
catchall_65_70,sensitivity,Uncapped,entries_2025_2040,category,EB-2,aged_out,1,55452.0,,,,,1,0,0
catchall_65_70,sensitivity,Uncapped,entries_2025_2040,category,EB-3,aged_out,1,32880.0,,,,,1,0,0
catchall_65_70,sensitivity,Uncapped,entries_2025_2040,category,EB-4,aged_out,1,30720.0,,,,,1,0,0
catchall_65_70,sensitivity,Uncapped,entries_2025_2040,category,EB-5,aged_out,1,449.0,,,,,1,0,0
catchall_65_70,sensitivity,Uncapped,entries_2025_2040,joint,EB-1 / India,aged_out,1,144.0,,,,,1,0,0
catchall_65_70,sensitivity,Uncapped,entries_2025_2040,joint,EB-1 / China,aged_out,1,21.0,,,,,1,0,0
catchall_65_70,sensitivity,Uncapped,entries_2025_2040,joint,EB-1 / ROW,aged_out,1,570.0,,,,,1,0,0
catchall_65_70,sensitivity,Uncapped,entries_2025_2040,joint,EB-2 / India,aged_out,1,23665.0,,,,,1,0,0
catchall_65_70,sensitivity,Uncapped,entries_2025_2040,joint,EB-2 / China,aged_out,1,4892.0,,,,,1,0,0
catchall_65_70,sensitivity,Uncapped,entries_2025_2040,joint,EB-2 / ROW,aged_out,1,26895.0,,,,,1,0,0
catchall_65_70,sensitivity,Uncapped,entries_2025_2040,joint,EB-3 / India,aged_out,1,3014.0,,,,,1,0,0
catchall_65_70,sensitivity,Uncapped,entries_2025_2040,joint,EB-3 / China,aged_out,1,3275.0,,,,,1,0,0
catchall_65_70,sensitivity,Uncapped,entries_2025_2040,joint,EB-3 / ROW,aged_out,1,26591.0,,,,,1,0,0
catchall_65_70,sensitivity,Uncapped,entries_2025_2040,joint,EB-4 / India,aged_out,1,2668.0,,,,,1,0,0
catchall_65_70,sensitivity,Uncapped,entries_2025_2040,joint,EB-4 / China,aged_out,1,119.0,,,,,1,0,0
catchall_65_70,sensitivity,Uncapped,entries_2025_2040,joint,EB-4 / ROW,aged_out,1,27933.0,,,,,1,0,0
catchall_65_70,sensitivity,Uncapped,entries_2025_2040,joint,EB-5 / India,aged_out,1,163.0,,,,,1,0,0
catchall_65_70,sensitivity,Uncapped,entries_2025_2040,joint,EB-5 / China,aged_out,1,0.0,,,,,0,1,0
catchall_65_70,sensitivity,Uncapped,entries_2025_2040,joint,EB-5 / ROW,aged_out,1,286.0,,,,,1,0,0
catchall_65_70,sensitivity,Capped,all_entries_2009_2040,overall,All,aged_out,1,315993.0,,,,,1,0,0
catchall_65_70,sensitivity,Capped,all_entries_2009_2040,nationality,India,aged_out,1,225068.0,,,,,1,0,0
catchall_65_70,sensitivity,Capped,all_entries_2009_2040,nationality,China,aged_out,1,22834.0,,,,,1,0,0
catchall_65_70,sensitivity,Capped,all_entries_2009_2040,nationality,ROW,aged_out,1,68091.0,,,,,1,0,0
catchall_65_70,sensitivity,Capped,all_entries_2009_2040,category,EB-1,aged_out,1,2614.0,,,,,1,0,0
catchall_65_70,sensitivity,Capped,all_entries_2009_2040,category,EB-2,aged_out,1,169579.0,,,,,1,0,0
catchall_65_70,sensitivity,Capped,all_entries_2009_2040,category,EB-3,aged_out,1,78253.0,,,,,1,0,0
catchall_65_70,sensitivity,Capped,all_entries_2009_2040,category,EB-4,aged_out,1,63817.0,,,,,1,0,0
catchall_65_70,sensitivity,Capped,all_entries_2009_2040,category,EB-5,aged_out,1,1730.0,,,,,1,0,0
catchall_65_70,sensitivity,Capped,all_entries_2009_2040,joint,EB-1 / India,aged_out,1,1635.0,,,,,1,0,0
catchall_65_70,sensitivity,Capped,all_entries_2009_2040,joint,EB-1 / China,aged_out,1,979.0,,,,,1,0,0
catchall_65_70,sensitivity,Capped,all_entries_2009_2040,joint,EB-1 / ROW,aged_out,1,0.0,,,,,0,1,0
catchall_65_70,sensitivity,Capped,all_entries_2009_2040,joint,EB-2 / India,aged_out,1,157067.0,,,,,1,0,0
catchall_65_70,sensitivity,Capped,all_entries_2009_2040,joint,EB-2 / China,aged_out,1,11421.0,,,,,1,0,0
catchall_65_70,sensitivity,Capped,all_entries_2009_2040,joint,EB-2 / ROW,aged_out,1,1091.0,,,,,1,0,0
catchall_65_70,sensitivity,Capped,all_entries_2009_2040,joint,EB-3 / India,aged_out,1,61766.0,,,,,1,0,0
catchall_65_70,sensitivity,Capped,all_entries_2009_2040,joint,EB-3 / China,aged_out,1,9093.0,,,,,1,0,0
catchall_65_70,sensitivity,Capped,all_entries_2009_2040,joint,EB-3 / ROW,aged_out,1,7394.0,,,,,1,0,0
catchall_65_70,sensitivity,Capped,all_entries_2009_2040,joint,EB-4 / India,aged_out,1,4211.0,,,,,1,0,0
catchall_65_70,sensitivity,Capped,all_entries_2009_2040,joint,EB-4 / China,aged_out,1,0.0,,,,,0,1,0
catchall_65_70,sensitivity,Capped,all_entries_2009_2040,joint,EB-4 / ROW,aged_out,1,59606.0,,,,,1,0,0
catchall_65_70,sensitivity,Capped,all_entries_2009_2040,joint,EB-5 / India,aged_out,1,389.0,,,,,1,0,0
catchall_65_70,sensitivity,Capped,all_entries_2009_2040,joint,EB-5 / China,aged_out,1,1341.0,,,,,1,0,0
catchall_65_70,sensitivity,Capped,all_entries_2009_2040,joint,EB-5 / ROW,aged_out,1,0.0,,,,,0,1,0
catchall_65_70,sensitivity,Capped,entries_2009_2024,overall,All,aged_out,1,236849.0,,,,,1,0,0
catchall_65_70,sensitivity,Capped,entries_2009_2024,nationality,India,aged_out,1,192405.0,,,,,1,0,0
catchall_65_70,sensitivity,Capped,entries_2009_2024,nationality,China,aged_out,1,12411.0,,,,,1,0,0
catchall_65_70,sensitivity,Capped,entries_2009_2024,nationality,ROW,aged_out,1,32033.0,,,,,1,0,0
catchall_65_70,sensitivity,Capped,entries_2009_2024,category,EB-1,aged_out,1,19.0,,,,,1,0,0
catchall_65_70,sensitivity,Capped,entries_2009_2024,category,EB-2,aged_out,1,139948.0,,,,,1,0,0
catchall_65_70,sensitivity,Capped,entries_2009_2024,category,EB-3,aged_out,1,62717.0,,,,,1,0,0
catchall_65_70,sensitivity,Capped,entries_2009_2024,category,EB-4,aged_out,1,33277.0,,,,,1,0,0
catchall_65_70,sensitivity,Capped,entries_2009_2024,category,EB-5,aged_out,1,888.0,,,,,1,0,0
catchall_65_70,sensitivity,Capped,entries_2009_2024,joint,EB-1 / India,aged_out,1,19.0,,,,,1,0,0
catchall_65_70,sensitivity,Capped,entries_2009_2024,joint,EB-1 / China,aged_out,1,0.0,,,,,0,1,0
catchall_65_70,sensitivity,Capped,entries_2009_2024,joint,EB-1 / ROW,aged_out,1,0.0,,,,,0,1,0
catchall_65_70,sensitivity,Capped,entries_2009_2024,joint,EB-2 / India,aged_out,1,133327.0,,,,,1,0,0
catchall_65_70,sensitivity,Capped,entries_2009_2024,joint,EB-2 / China,aged_out,1,6557.0,,,,,1,0,0
catchall_65_70,sensitivity,Capped,entries_2009_2024,joint,EB-2 / ROW,aged_out,1,64.0,,,,,1,0,0
catchall_65_70,sensitivity,Capped,entries_2009_2024,joint,EB-3 / India,aged_out,1,57443.0,,,,,1,0,0
catchall_65_70,sensitivity,Capped,entries_2009_2024,joint,EB-3 / China,aged_out,1,5013.0,,,,,1,0,0
catchall_65_70,sensitivity,Capped,entries_2009_2024,joint,EB-3 / ROW,aged_out,1,261.0,,,,,1,0,0
catchall_65_70,sensitivity,Capped,entries_2009_2024,joint,EB-4 / India,aged_out,1,1569.0,,,,,1,0,0
catchall_65_70,sensitivity,Capped,entries_2009_2024,joint,EB-4 / China,aged_out,1,0.0,,,,,0,1,0
catchall_65_70,sensitivity,Capped,entries_2009_2024,joint,EB-4 / ROW,aged_out,1,31708.0,,,,,1,0,0
catchall_65_70,sensitivity,Capped,entries_2009_2024,joint,EB-5 / India,aged_out,1,47.0,,,,,1,0,0
catchall_65_70,sensitivity,Capped,entries_2009_2024,joint,EB-5 / China,aged_out,1,841.0,,,,,1,0,0
catchall_65_70,sensitivity,Capped,entries_2009_2024,joint,EB-5 / ROW,aged_out,1,0.0,,,,,0,1,0
catchall_65_70,sensitivity,Capped,entries_2025_2040,overall,All,aged_out,1,79144.0,,,,,1,0,0
catchall_65_70,sensitivity,Capped,entries_2025_2040,nationality,India,aged_out,1,32663.0,,,,,1,0,0
catchall_65_70,sensitivity,Capped,entries_2025_2040,nationality,China,aged_out,1,10423.0,,,,,1,0,0
catchall_65_70,sensitivity,Capped,entries_2025_2040,nationality,ROW,aged_out,1,36058.0,,,,,1,0,0
catchall_65_70,sensitivity,Capped,entries_2025_2040,category,EB-1,aged_out,1,2595.0,,,,,1,0,0
catchall_65_70,sensitivity,Capped,entries_2025_2040,category,EB-2,aged_out,1,29631.0,,,,,1,0,0
catchall_65_70,sensitivity,Capped,entries_2025_2040,category,EB-3,aged_out,1,15536.0,,,,,1,0,0
catchall_65_70,sensitivity,Capped,entries_2025_2040,category,EB-4,aged_out,1,30540.0,,,,,1,0,0
catchall_65_70,sensitivity,Capped,entries_2025_2040,category,EB-5,aged_out,1,842.0,,,,,1,0,0
catchall_65_70,sensitivity,Capped,entries_2025_2040,joint,EB-1 / India,aged_out,1,1616.0,,,,,1,0,0
catchall_65_70,sensitivity,Capped,entries_2025_2040,joint,EB-1 / China,aged_out,1,979.0,,,,,1,0,0
catchall_65_70,sensitivity,Capped,entries_2025_2040,joint,EB-1 / ROW,aged_out,1,0.0,,,,,0,1,0
catchall_65_70,sensitivity,Capped,entries_2025_2040,joint,EB-2 / India,aged_out,1,23740.0,,,,,1,0,0
catchall_65_70,sensitivity,Capped,entries_2025_2040,joint,EB-2 / China,aged_out,1,4864.0,,,,,1,0,0
catchall_65_70,sensitivity,Capped,entries_2025_2040,joint,EB-2 / ROW,aged_out,1,1027.0,,,,,1,0,0
catchall_65_70,sensitivity,Capped,entries_2025_2040,joint,EB-3 / India,aged_out,1,4323.0,,,,,1,0,0
catchall_65_70,sensitivity,Capped,entries_2025_2040,joint,EB-3 / China,aged_out,1,4080.0,,,,,1,0,0
catchall_65_70,sensitivity,Capped,entries_2025_2040,joint,EB-3 / ROW,aged_out,1,7133.0,,,,,1,0,0
catchall_65_70,sensitivity,Capped,entries_2025_2040,joint,EB-4 / India,aged_out,1,2642.0,,,,,1,0,0
catchall_65_70,sensitivity,Capped,entries_2025_2040,joint,EB-4 / China,aged_out,1,0.0,,,,,0,1,0
catchall_65_70,sensitivity,Capped,entries_2025_2040,joint,EB-4 / ROW,aged_out,1,27898.0,,,,,1,0,0
catchall_65_70,sensitivity,Capped,entries_2025_2040,joint,EB-5 / India,aged_out,1,342.0,,,,,1,0,0
catchall_65_70,sensitivity,Capped,entries_2025_2040,joint,EB-5 / China,aged_out,1,500.0,,,,,1,0,0
catchall_65_70,sensitivity,Capped,entries_2025_2040,joint,EB-5 / ROW,aged_out,1,0.0,,,,,0,1,0
catchall_60_65,primary,Uncapped,all_entries_2009_2040,overall,All,exited,50,420714.64,798.0439545973567,112.86045839614403,420487.8384175561,420941.44158244395,50,0,0
catchall_60_65,primary,Uncapped,all_entries_2009_2040,nationality,India,exited,50,130321.22,381.4903261939834,53.95087932176673,130212.80164889363,130429.63835110638,50,0,0
catchall_60_65,primary,Uncapped,all_entries_2009_2040,nationality,China,exited,50,33073.48,243.45885458851362,34.430281403889516,33004.28975908335,33142.670240916654,50,0,0
catchall_60_65,primary,Uncapped,all_entries_2009_2040,nationality,ROW,exited,50,257319.94,594.9311196624842,84.13596581044959,257150.86244655537,257489.01755344463,50,0,0
catchall_60_65,primary,Uncapped,all_entries_2009_2040,category,EB-1,exited,50,9923.0,168.8239029405541,23.875305319129062,9875.020777651778,9970.979222348222,50,0,0
catchall_60_65,primary,Uncapped,all_entries_2009_2040,category,EB-2,exited,50,147274.16,449.85695504237793,63.61938069487945,147146.31206795407,147402.00793204593,50,0,0
catchall_60_65,primary,Uncapped,all_entries_2009_2040,category,EB-3,exited,50,142094.88,487.33036357824676,68.9189209528568,141956.38224308347,142233.37775691654,50,0,0
catchall_60_65,primary,Uncapped,all_entries_2009_2040,category,EB-4,exited,50,118157.24,463.1723600367803,65.50246332803688,118025.60787172502,118288.87212827499,50,0,0
catchall_60_65,primary,Uncapped,all_entries_2009_2040,category,EB-5,exited,50,3265.36,60.861421714097546,8.607104801338513,3248.063375327854,3282.6566246721463,50,0,0
catchall_60_65,primary,Uncapped,all_entries_2009_2040,joint,EB-1 / India,exited,50,2746.54,63.849699150682405,9.029711049233693,2728.3941162770275,2764.6858837229724,50,0,0
catchall_60_65,primary,Uncapped,all_entries_2009_2040,joint,EB-1 / China,exited,50,1497.06,47.8617950830454,6.7686799725964715,1483.4578283390174,1510.6621716609825,50,0,0
catchall_60_65,primary,Uncapped,all_entries_2009_2040,joint,EB-1 / ROW,exited,50,5679.4,127.20768812602226,17.98988377859476,5643.247975039702,5715.552024960297,50,0,0
catchall_60_65,primary,Uncapped,all_entries_2009_2040,joint,EB-2 / India,exited,50,81981.58,319.97207084751784,45.250884217316454,81890.64494361868,82072.51505638132,50,0,0
catchall_60_65,primary,Uncapped,all_entries_2009_2040,joint,EB-2 / China,exited,50,12796.78,147.0087169427135,20.790172128745283,12755.00058491442,12838.559415085581,50,0,0
catchall_60_65,primary,Uncapped,all_entries_2009_2040,joint,EB-2 / ROW,exited,50,52495.8,279.78548634149513,39.56764293392948,52416.2858445684,52575.3141554316,50,0,0
catchall_60_65,primary,Uncapped,all_entries_2009_2040,joint,EB-3 / India,exited,50,38272.0,216.21597290388956,30.577556128237426,38210.552100392764,38333.447899607236,50,0,0
catchall_60_65,primary,Uncapped,all_entries_2009_2040,joint,EB-3 / China,exited,50,16475.08,130.7936277546597,18.49701222426178,16437.90886227325,16512.251137726755,50,0,0
catchall_60_65,primary,Uncapped,all_entries_2009_2040,joint,EB-3 / ROW,exited,50,87347.8,378.2438474889781,53.49175790030933,87240.30428793303,87455.29571206697,50,0,0
catchall_60_65,primary,Uncapped,all_entries_2009_2040,joint,EB-4 / India,exited,50,6941.88,139.46057009866587,19.7227029649817,6902.245744512317,6981.514255487683,50,0,0
catchall_60_65,primary,Uncapped,all_entries_2009_2040,joint,EB-4 / China,exited,50,295.22,22.098379292313243,3.1251827701654147,288.93971009357267,301.5002899064274,50,0,0
catchall_60_65,primary,Uncapped,all_entries_2009_2040,joint,EB-4 / ROW,exited,50,110920.14,437.2289835791226,61.83351584401984,110795.88089773522,111044.39910226478,50,0,0
catchall_60_65,primary,Uncapped,all_entries_2009_2040,joint,EB-5 / India,exited,50,379.22,25.171485325053577,3.5597855931766103,372.0663430224629,386.37365697753717,50,0,0
catchall_60_65,primary,Uncapped,all_entries_2009_2040,joint,EB-5 / China,exited,50,2009.34,49.34948669170424,6.97907133755587,1995.3150310618892,2023.3649689381107,50,0,0
catchall_60_65,primary,Uncapped,all_entries_2009_2040,joint,EB-5 / ROW,exited,50,876.8,44.68575082205302,6.319519485737207,864.1004501309068,889.4995498690931,50,0,0
catchall_60_65,primary,Uncapped,entries_2009_2024,overall,All,exited,50,173436.78,508.1158991202455,71.85843957932505,173292.37505924265,173581.18494075735,50,0,0
catchall_60_65,primary,Uncapped,entries_2009_2024,nationality,India,exited,50,74468.26,297.87086710416605,42.12530200945454,74383.6060362252,74552.91396377479,50,0,0
catchall_60_65,primary,Uncapped,entries_2009_2024,nationality,China,exited,50,14724.24,154.49596256530327,21.84902855917379,14680.332733252155,14768.147266747845,50,0,0
catchall_60_65,primary,Uncapped,entries_2009_2024,nationality,ROW,exited,50,84244.28,404.540507292924,57.21066719429451,84129.3108599067,84359.24914009329,50,0,0
catchall_60_65,primary,Uncapped,entries_2009_2024,category,EB-1,exited,50,1110.08,36.39737599871503,5.147366277217577,1099.7359801928694,1120.4240198071304,50,0,0
catchall_60_65,primary,Uncapped,entries_2009_2024,category,EB-2,exited,50,61906.68,298.2098589919522,42.17324270197871,61821.929695796665,61991.430304203335,50,0,0
catchall_60_65,primary,Uncapped,entries_2009_2024,category,EB-3,exited,50,53898.06,301.66364631855146,42.661681989861606,53812.32814029889,53983.79185970111,50,0,0
catchall_60_65,primary,Uncapped,entries_2009_2024,category,EB-4,exited,50,55275.0,301.09900737946305,42.58182998531132,55189.42860890987,55360.57139109013,50,0,0
catchall_60_65,primary,Uncapped,entries_2009_2024,category,EB-5,exited,50,1246.96,41.00968526719372,5.799645309351746,1235.305176402194,1258.614823597806,50,0,0
catchall_60_65,primary,Uncapped,entries_2009_2024,joint,EB-1 / India,exited,50,623.06,24.821328879553143,3.5102659937587033,616.0058563832056,630.1141436167943,50,0,0
catchall_60_65,primary,Uncapped,entries_2009_2024,joint,EB-1 / China,exited,50,304.7,17.540914271194296,2.4806598858746747,299.7149273216064,309.68507267839357,50,0,0
catchall_60_65,primary,Uncapped,entries_2009_2024,joint,EB-1 / ROW,exited,50,182.32,23.70261330636393,3.352055720154486,175.58379183130012,189.05620816869987,50,0,0
catchall_60_65,primary,Uncapped,entries_2009_2024,joint,EB-2 / India,exited,50,44947.82,230.70669514271464,32.626853720110205,44882.25388269863,45013.38611730137,50,0,0
catchall_60_65,primary,Uncapped,entries_2009_2024,joint,EB-2 / China,exited,50,5618.54,88.29893798330528,12.487355563913114,5593.445719481532,5643.634280518468,50,0,0
catchall_60_65,primary,Uncapped,entries_2009_2024,joint,EB-2 / ROW,exited,50,11340.32,149.58124404960859,21.153982401159627,11297.809480799962,11382.830519200037,50,0,0
catchall_60_65,primary,Uncapped,entries_2009_2024,joint,EB-3 / India,exited,50,25903.92,178.18378954647602,25.19899317716597,25853.280727310575,25954.55927268942,50,0,0
catchall_60_65,primary,Uncapped,entries_2009_2024,joint,EB-3 / China,exited,50,7636.98,105.1798246347848,14.874673448653642,7607.088224577202,7666.871775422797,50,0,0
catchall_60_65,primary,Uncapped,entries_2009_2024,joint,EB-3 / ROW,exited,50,20357.16,216.52556619560318,30.621339231433534,20295.624114952778,20418.695885047222,50,0,0
catchall_60_65,primary,Uncapped,entries_2009_2024,joint,EB-4 / India,exited,50,2906.22,89.49410880166404,12.656378241980667,2880.786055693174,2931.6539443068255,50,0,0
catchall_60_65,primary,Uncapped,entries_2009_2024,joint,EB-4 / China,exited,50,6.16,3.5476925527699823,0.5017194923257337,5.151756932237152,7.168243067762848,49,1,0
catchall_60_65,primary,Uncapped,entries_2009_2024,joint,EB-4 / ROW,exited,50,52362.62,294.10721979355395,41.593041902388876,52279.03565295608,52446.204347043924,50,0,0
catchall_60_65,primary,Uncapped,entries_2009_2024,joint,EB-5 / India,exited,50,87.24,11.468786388475888,1.6219313254542547,83.98060697204292,90.49939302795707,50,0,0
catchall_60_65,primary,Uncapped,entries_2009_2024,joint,EB-5 / China,exited,50,1157.86,40.155824036889506,5.6788910961236665,1146.447841078876,1169.2721589211237,50,0,0
catchall_60_65,primary,Uncapped,entries_2009_2024,joint,EB-5 / ROW,exited,50,1.86,2.4244502848426217,0.3428690474123749,1.1709788527420004,2.5490211472579998,26,24,0
catchall_60_65,primary,Uncapped,entries_2025_2040,overall,All,exited,50,247277.86,670.8793805635303,94.87667187094054,247087.1981896269,247468.52181037306,50,0,0
catchall_60_65,primary,Uncapped,entries_2025_2040,nationality,India,exited,50,55852.96,272.9056770597281,38.594690974647946,55775.401064732694,55930.518935267304,50,0,0
catchall_60_65,primary,Uncapped,entries_2025_2040,nationality,China,exited,50,18349.24,157.3198431896768,22.24838558692495,18304.530195258416,18393.949804741587,50,0,0
catchall_60_65,primary,Uncapped,entries_2025_2040,nationality,ROW,exited,50,173075.66,548.0599032505667,77.50737481698377,172919.9030988729,173231.41690112712,50,0,0
catchall_60_65,primary,Uncapped,entries_2025_2040,category,EB-1,exited,50,8812.92,162.90987116331831,23.038934924361833,8766.62152688617,8859.21847311383,50,0,0
catchall_60_65,primary,Uncapped,entries_2025_2040,category,EB-2,exited,50,85367.48,332.85016792201606,47.07212217134772,85272.88502892533,85462.07497107466,50,0,0
catchall_60_65,primary,Uncapped,entries_2025_2040,category,EB-3,exited,50,88196.82,393.3719063871922,55.63118850693267,88085.0249411644,88308.61505883561,50,0,0
catchall_60_65,primary,Uncapped,entries_2025_2040,category,EB-4,exited,50,62882.24,332.9661109188263,47.088518987202846,62787.61207829022,62976.867921709774,50,0,0
catchall_60_65,primary,Uncapped,entries_2025_2040,category,EB-5,exited,50,2018.4,51.24610487935763,7.2472936539181605,2003.8360181368823,2032.9639818631179,50,0,0
catchall_60_65,primary,Uncapped,entries_2025_2040,joint,EB-1 / India,exited,50,2123.48,59.55249442161709,8.421994528419898,2106.5553683484495,2140.4046316515505,50,0,0
catchall_60_65,primary,Uncapped,entries_2025_2040,joint,EB-1 / China,exited,50,1192.36,46.79863943600523,6.618327059100697,1179.0599738308088,1205.660026169191,50,0,0
catchall_60_65,primary,Uncapped,entries_2025_2040,joint,EB-1 / ROW,exited,50,5497.08,123.99437775272601,17.53545306759179,5461.841187743526,5532.318812256474,50,0,0
catchall_60_65,primary,Uncapped,entries_2025_2040,joint,EB-2 / India,exited,50,37033.76,212.58732275448216,30.064387502797512,36973.343351354924,37094.17664864508,50,0,0
catchall_60_65,primary,Uncapped,entries_2025_2040,joint,EB-2 / China,exited,50,7178.24,105.37737045533842,14.902610646515349,7148.292082676184,7208.187917323816,50,0,0
catchall_60_65,primary,Uncapped,entries_2025_2040,joint,EB-2 / ROW,exited,50,41155.48,270.4425126585338,38.246346924395596,41078.62108831009,41232.33891168992,50,0,0
catchall_60_65,primary,Uncapped,entries_2025_2040,joint,EB-3 / India,exited,50,12368.08,113.87064626861768,16.10374123092684,12335.718320397193,12400.441679602807,50,0,0
catchall_60_65,primary,Uncapped,entries_2025_2040,joint,EB-3 / China,exited,50,8838.1,94.09293061562454,13.306749860004683,8811.359084994661,8864.84091500534,50,0,0
catchall_60_65,primary,Uncapped,entries_2025_2040,joint,EB-3 / ROW,exited,50,66990.64,350.5425392683956,49.57420132220683,66891.01691262244,67090.26308737756,50,0,0
catchall_60_65,primary,Uncapped,entries_2025_2040,joint,EB-4 / India,exited,50,4035.66,105.44398067800972,14.912030754544793,4005.693152260357,4065.626847739643,50,0,0
catchall_60_65,primary,Uncapped,entries_2025_2040,joint,EB-4 / China,exited,50,289.06,21.04844751655435,2.976699994480945,283.07809740272836,295.04190259727164,50,0,0
catchall_60_65,primary,Uncapped,entries_2025_2040,joint,EB-4 / ROW,exited,50,58557.52,322.6041511936059,45.62311658958579,58465.836914660904,58649.20308533909,50,0,0
catchall_60_65,primary,Uncapped,entries_2025_2040,joint,EB-5 / India,exited,50,291.98,21.796358055643054,3.082470517263047,285.7855435793272,298.1744564206728,50,0,0
catchall_60_65,primary,Uncapped,entries_2025_2040,joint,EB-5 / China,exited,50,851.48,32.3483841819599,4.574752363098299,842.2866909351192,860.6733090648809,50,0,0
catchall_60_65,primary,Uncapped,entries_2025_2040,joint,EB-5 / ROW,exited,50,874.94,45.057518795424144,6.372095416736946,862.1347948419008,887.7452051580993,50,0,0
catchall_60_65,primary,Capped,all_entries_2009_2040,overall,All,exited,50,387964.96,772.474607204347,109.24440660972168,387745.42514568224,388184.4948543178,50,0,0
catchall_60_65,primary,Capped,all_entries_2009_2040,nationality,India,exited,50,158595.7,374.39525387276075,52.947484571497625,158489.29804613686,158702.10195386317,50,0,0
catchall_60_65,primary,Capped,all_entries_2009_2040,nationality,China,exited,50,35665.02,241.48887581596207,34.15168433411657,35596.3896208559,35733.65037914409,50,0,0
catchall_60_65,primary,Capped,all_entries_2009_2040,nationality,ROW,exited,50,193704.24,627.9630029398423,88.80737954260607,193525.77488919682,193882.70511080316,50,0,0
catchall_60_65,primary,Capped,all_entries_2009_2040,category,EB-1,exited,50,7590.72,116.4644186707963,16.470556041813843,7557.621178436621,7623.818821563379,50,0,0
catchall_60_65,primary,Capped,all_entries_2009_2040,category,EB-2,exited,50,131389.88,425.4616527481456,60.169363958609964,131268.96513615496,131510.79486384505,50,0,0
catchall_60_65,primary,Capped,all_entries_2009_2040,category,EB-3,exited,50,127891.08,445.41949225604475,62.991828689383624,127764.49318092433,128017.66681907568,50,0,0
catchall_60_65,primary,Capped,all_entries_2009_2040,category,EB-4,exited,50,117921.98,453.8397402122453,64.18263157520394,117793.00017293268,118050.95982706732,50,0,0
catchall_60_65,primary,Capped,all_entries_2009_2040,category,EB-5,exited,50,3171.3,56.881276285230584,8.04422723676642,3155.1345201431536,3187.4654798568467,50,0,0
catchall_60_65,primary,Capped,all_entries_2009_2040,joint,EB-1 / India,exited,50,4763.4,81.24791991057936,11.490191025214434,4740.309596645844,4786.490403354155,50,0,0
catchall_60_65,primary,Capped,all_entries_2009_2040,joint,EB-1 / China,exited,50,2645.0,65.28680836845048,9.232948983871594,2626.445694356334,2663.554305643666,50,0,0
catchall_60_65,primary,Capped,all_entries_2009_2040,joint,EB-1 / ROW,exited,50,182.32,23.70261330636393,3.352055720154486,175.58379183130012,189.05620816869987,50,0,0
catchall_60_65,primary,Capped,all_entries_2009_2040,joint,EB-2 / India,exited,50,98168.92,342.5810102317824,48.44827108812627,98071.55955413957,98266.28044586042,50,0,0
catchall_60_65,primary,Capped,all_entries_2009_2040,joint,EB-2 / China,exited,50,12807.38,135.3944939042642,19.147672955005177,12768.901310580972,12845.858689419027,50,0,0
catchall_60_65,primary,Capped,all_entries_2009_2040,joint,EB-2 / ROW,exited,50,20413.58,226.66581442416816,32.05538688850017,20349.162288292275,20477.99771170773,50,0,0
catchall_60_65,primary,Capped,all_entries_2009_2040,joint,EB-3 / India,exited,50,48693.14,243.99364411260171,34.50591206368756,48623.79777358226,48762.48222641774,50,0,0
catchall_60_65,primary,Capped,all_entries_2009_2040,joint,EB-3 / China,exited,50,17561.62,146.19638595158952,20.67529117826693,17520.07144682772,17603.16855317228,50,0,0
catchall_60_65,primary,Capped,all_entries_2009_2040,joint,EB-3 / ROW,exited,50,61636.32,335.7183853853022,47.47774937498918,61540.90989054139,61731.73010945861,50,0,0
catchall_60_65,primary,Capped,all_entries_2009_2040,joint,EB-4 / India,exited,50,6445.66,128.84155908300232,18.22094802524763,6409.043634051443,6482.276365948556,50,0,0
catchall_60_65,primary,Capped,all_entries_2009_2040,joint,EB-4 / China,exited,50,6.16,3.5476925527699823,0.5017194923257337,5.151756932237152,7.168243067762848,49,1,0
catchall_60_65,primary,Capped,all_entries_2009_2040,joint,EB-4 / ROW,exited,50,111470.16,434.2414150338637,61.4110098484974,111346.74995532136,111593.57004467865,50,0,0
catchall_60_65,primary,Capped,all_entries_2009_2040,joint,EB-5 / India,exited,50,524.58,27.67677137003859,3.914086543420796,516.7143486063609,532.4456513936392,50,0,0
catchall_60_65,primary,Capped,all_entries_2009_2040,joint,EB-5 / China,exited,50,2644.86,51.78645713752914,7.323711003114668,2630.14245172425,2659.5775482757504,50,0,0
catchall_60_65,primary,Capped,all_entries_2009_2040,joint,EB-5 / ROW,exited,50,1.86,2.4244502848426217,0.3428690474123749,1.1709788527420004,2.5490211472579998,26,24,0
catchall_60_65,primary,Capped,entries_2009_2024,overall,All,exited,50,185562.1,491.47862079024105,69.50557311379822,185422.42332142804,185701.77667857197,50,0,0
catchall_60_65,primary,Capped,entries_2009_2024,nationality,India,exited,50,100208.54,348.2468752515218,49.249545403475345,100109.5693331173,100307.51066688269,50,0,0
catchall_60_65,primary,Capped,entries_2009_2024,nationality,China,exited,50,15729.76,163.77530151935332,23.16132525904124,15683.215574300335,15776.304425699665,50,0,0
catchall_60_65,primary,Capped,entries_2009_2024,nationality,ROW,exited,50,69623.8,367.56529338059,51.9815822956476,69519.33909943188,69728.26090056813,50,0,0
catchall_60_65,primary,Capped,entries_2009_2024,category,EB-1,exited,50,1277.9,45.253593836313605,6.39982461494382,1265.0390709318388,1290.7609290681614,50,0,0
catchall_60_65,primary,Capped,entries_2009_2024,category,EB-2,exited,50,70490.06,327.2723019013933,46.283292793801245,70397.05024090878,70583.06975909122,50,0,0
catchall_60_65,primary,Capped,entries_2009_2024,category,EB-3,exited,50,57059.6,264.49096277142456,37.4046706676466,56984.43250007332,57134.767499926675,50,0,0
catchall_60_65,primary,Capped,entries_2009_2024,category,EB-4,exited,50,55313.72,315.76102045821983,44.65535176007828,55223.98171089765,55403.45828910235,50,0,0
catchall_60_65,primary,Capped,entries_2009_2024,category,EB-5,exited,50,1420.82,43.30418747720854,6.1241369237815455,1408.5130860891798,1433.1269139108201,50,0,0
catchall_60_65,primary,Capped,entries_2009_2024,joint,EB-1 / India,exited,50,731.4,31.027966318751073,4.388017078083336,722.5819495397835,740.2180504602164,50,0,0
catchall_60_65,primary,Capped,entries_2009_2024,joint,EB-1 / China,exited,50,364.18,22.609994178121628,3.197536041187633,357.7543107518011,370.6056892481989,50,0,0
catchall_60_65,primary,Capped,entries_2009_2024,joint,EB-1 / ROW,exited,50,182.32,23.70261330636393,3.352055720154486,175.58379183130012,189.05620816869987,50,0,0
catchall_60_65,primary,Capped,entries_2009_2024,joint,EB-2 / India,exited,50,61149.48,294.99147272352104,41.71809415100164,61065.644351053925,61233.31564894608,50,0,0
catchall_60_65,primary,Capped,entries_2009_2024,joint,EB-2 / China,exited,50,5619.28,81.2444133087165,11.489695116823205,5596.190593211067,5642.369406788933,50,0,0
catchall_60_65,primary,Capped,entries_2009_2024,joint,EB-2 / ROW,exited,50,3721.3,90.31469923528054,12.772427254018073,3695.632846472291,3746.9671535277093,50,0,0
catchall_60_65,primary,Capped,entries_2009_2024,joint,EB-3 / India,exited,50,35820.3,216.5951033045535,30.631173263690112,35758.74435272507,35881.85564727493,50,0,0
catchall_60_65,primary,Capped,entries_2009_2024,joint,EB-3 / China,exited,50,8410.12,110.74656487969756,15.661929403910017,8378.646174504236,8441.593825495765,50,0,0
catchall_60_65,primary,Capped,entries_2009_2024,joint,EB-3 / ROW,exited,50,12829.18,163.46361886939107,23.11724667596794,12782.724153529367,12875.635846470634,50,0,0
catchall_60_65,primary,Capped,entries_2009_2024,joint,EB-4 / India,exited,50,2418.42,77.88009884378914,11.01390920238438,2396.2867208028983,2440.553279197102,50,0,0
catchall_60_65,primary,Capped,entries_2009_2024,joint,EB-4 / China,exited,50,6.16,3.5476925527699823,0.5017194923257337,5.151756932237152,7.168243067762848,49,1,0
catchall_60_65,primary,Capped,entries_2009_2024,joint,EB-4 / ROW,exited,50,52889.14,317.6948869977133,44.928841788875395,52798.85211210818,52979.42788789182,50,0,0
catchall_60_65,primary,Capped,entries_2009_2024,joint,EB-5 / India,exited,50,88.94,11.252954260630261,1.5914080532147419,85.7419457840916,92.1380542159084,50,0,0
catchall_60_65,primary,Capped,entries_2009_2024,joint,EB-5 / China,exited,50,1330.02,42.69946709030358,6.038616546521095,1317.8849457215922,1342.1550542784078,50,0,0
catchall_60_65,primary,Capped,entries_2009_2024,joint,EB-5 / ROW,exited,50,1.86,2.4244502848426217,0.3428690474123749,1.1709788527420004,2.5490211472579998,26,24,0
catchall_60_65,primary,Capped,entries_2025_2040,overall,All,exited,50,202402.86,557.061093267743,78.78033531696258,202244.5449889743,202561.17501102568,50,0,0
catchall_60_65,primary,Capped,entries_2025_2040,nationality,India,exited,50,58387.16,254.81696992795693,36.03656147949338,58314.74181841953,58459.57818158048,50,0,0
catchall_60_65,primary,Capped,entries_2025_2040,nationality,China,exited,50,19935.26,167.30685605088826,23.66076249051693,19887.71191760746,19982.808082392537,50,0,0
catchall_60_65,primary,Capped,entries_2025_2040,nationality,ROW,exited,50,124080.44,453.3602955167341,64.11482785612397,123951.59642960753,124209.28357039248,50,0,0
catchall_60_65,primary,Capped,entries_2025_2040,category,EB-1,exited,50,6312.82,103.35606969528757,14.616755551665452,6283.446529996201,6342.193470003798,50,0,0
catchall_60_65,primary,Capped,entries_2025_2040,category,EB-2,exited,50,60899.82,291.4523582729382,41.217587785521154,60816.99015625202,60982.64984374798,50,0,0
catchall_60_65,primary,Capped,entries_2025_2040,category,EB-3,exited,50,70831.48,340.2225706078602,48.11473735790738,70734.78981526456,70928.17018473543,50,0,0
catchall_60_65,primary,Capped,entries_2025_2040,category,EB-4,exited,50,62608.26,278.7356153513686,39.41916875463158,62529.04421460247,62687.47578539753,50,0,0
catchall_60_65,primary,Capped,entries_2025_2040,category,EB-5,exited,50,1750.48,46.36071524866012,6.556395226597229,1737.3044305077979,1763.6555694922022,50,0,0
catchall_60_65,primary,Capped,entries_2025_2040,joint,EB-1 / India,exited,50,4032.0,75.74850978530124,10.71245698679241,4010.47251171053,4053.52748828947,50,0,0
catchall_60_65,primary,Capped,entries_2025_2040,joint,EB-1 / China,exited,50,2280.82,62.277093112400586,8.807310970472898,2263.121045968041,2298.5189540319593,50,0,0
catchall_60_65,primary,Capped,entries_2025_2040,joint,EB-1 / ROW,exited,50,0.0,0.0,0.0,0.0,0.0,0,50,0
catchall_60_65,primary,Capped,entries_2025_2040,joint,EB-2 / India,exited,50,37019.44,207.68983546409302,29.371778208035696,36960.41520184268,37078.46479815732,50,0,0
catchall_60_65,primary,Capped,entries_2025_2040,joint,EB-2 / China,exited,50,7188.1,98.6368830300185,13.949361773126073,7160.067708006969,7216.132291993032,50,0,0
catchall_60_65,primary,Capped,entries_2025_2040,joint,EB-2 / ROW,exited,50,16692.28,200.3582546442288,28.33493610512705,16635.338814057497,16749.2211859425,50,0,0
catchall_60_65,primary,Capped,entries_2025_2040,joint,EB-3 / India,exited,50,12872.84,115.21255600508344,16.293515925805877,12840.09695386973,12905.58304613027,50,0,0
catchall_60_65,primary,Capped,entries_2025_2040,joint,EB-3 / China,exited,50,9151.5,109.98241974543579,15.553862962660578,9120.243342148535,9182.756657851465,50,0,0
catchall_60_65,primary,Capped,entries_2025_2040,joint,EB-3 / ROW,exited,50,48807.14,298.8703909928933,42.26665603338994,48722.20197467904,48892.07802532096,50,0,0
catchall_60_65,primary,Capped,entries_2025_2040,joint,EB-4 / India,exited,50,4027.24,95.68220357847457,13.531506997842222,4000.047418616095,4054.4325813839046,50,0,0
catchall_60_65,primary,Capped,entries_2025_2040,joint,EB-4 / China,exited,50,0.0,0.0,0.0,0.0,0.0,0,50,0
catchall_60_65,primary,Capped,entries_2025_2040,joint,EB-4 / ROW,exited,50,58581.02,269.1376622185937,38.06181320549241,58504.531922702,58657.50807729799,50,0,0
catchall_60_65,primary,Capped,entries_2025_2040,joint,EB-5 / India,exited,50,435.64,24.103315040018195,3.408723502774513,428.7899136586039,442.4900863413961,50,0,0
catchall_60_65,primary,Capped,entries_2025_2040,joint,EB-5 / China,exited,50,1314.84,39.66973863369037,5.610148239156086,1303.5659850219677,1326.1140149780322,50,0,0
catchall_60_65,primary,Capped,entries_2025_2040,joint,EB-5 / ROW,exited,50,0.0,0.0,0.0,0.0,0.0,0,50,0
catchall_55_60,sensitivity,Uncapped,all_entries_2009_2040,overall,All,exited,1,531211.0,,,,,1,0,0
catchall_55_60,sensitivity,Uncapped,all_entries_2009_2040,nationality,India,exited,1,166449.0,,,,,1,0,0
catchall_55_60,sensitivity,Uncapped,all_entries_2009_2040,nationality,China,exited,1,41358.0,,,,,1,0,0
catchall_55_60,sensitivity,Uncapped,all_entries_2009_2040,nationality,ROW,exited,1,323404.0,,,,,1,0,0
catchall_55_60,sensitivity,Uncapped,all_entries_2009_2040,category,EB-1,exited,1,16120.0,,,,,1,0,0
catchall_55_60,sensitivity,Uncapped,all_entries_2009_2040,category,EB-2,exited,1,195119.0,,,,,1,0,0
catchall_55_60,sensitivity,Uncapped,all_entries_2009_2040,category,EB-3,exited,1,165177.0,,,,,1,0,0
catchall_55_60,sensitivity,Uncapped,all_entries_2009_2040,category,EB-4,exited,1,147278.0,,,,,1,0,0
catchall_55_60,sensitivity,Uncapped,all_entries_2009_2040,category,EB-5,exited,1,7517.0,,,,,1,0,0
catchall_55_60,sensitivity,Uncapped,all_entries_2009_2040,joint,EB-1 / India,exited,1,3821.0,,,,,1,0,0
catchall_55_60,sensitivity,Uncapped,all_entries_2009_2040,joint,EB-1 / China,exited,1,2046.0,,,,,1,0,0
catchall_55_60,sensitivity,Uncapped,all_entries_2009_2040,joint,EB-1 / ROW,exited,1,10253.0,,,,,1,0,0
catchall_55_60,sensitivity,Uncapped,all_entries_2009_2040,joint,EB-2 / India,exited,1,109368.0,,,,,1,0,0
catchall_55_60,sensitivity,Uncapped,all_entries_2009_2040,joint,EB-2 / China,exited,1,15216.0,,,,,1,0,0
catchall_55_60,sensitivity,Uncapped,all_entries_2009_2040,joint,EB-2 / ROW,exited,1,70535.0,,,,,1,0,0
catchall_55_60,sensitivity,Uncapped,all_entries_2009_2040,joint,EB-3 / India,exited,1,43180.0,,,,,1,0,0
catchall_55_60,sensitivity,Uncapped,all_entries_2009_2040,joint,EB-3 / China,exited,1,19229.0,,,,,1,0,0
catchall_55_60,sensitivity,Uncapped,all_entries_2009_2040,joint,EB-3 / ROW,exited,1,102768.0,,,,,1,0,0
catchall_55_60,sensitivity,Uncapped,all_entries_2009_2040,joint,EB-4 / India,exited,1,9280.0,,,,,1,0,0
catchall_55_60,sensitivity,Uncapped,all_entries_2009_2040,joint,EB-4 / China,exited,1,331.0,,,,,1,0,0
catchall_55_60,sensitivity,Uncapped,all_entries_2009_2040,joint,EB-4 / ROW,exited,1,137667.0,,,,,1,0,0
catchall_55_60,sensitivity,Uncapped,all_entries_2009_2040,joint,EB-5 / India,exited,1,800.0,,,,,1,0,0
catchall_55_60,sensitivity,Uncapped,all_entries_2009_2040,joint,EB-5 / China,exited,1,4536.0,,,,,1,0,0
catchall_55_60,sensitivity,Uncapped,all_entries_2009_2040,joint,EB-5 / ROW,exited,1,2181.0,,,,,1,0,0
catchall_55_60,sensitivity,Uncapped,entries_2009_2024,overall,All,exited,1,215097.0,,,,,1,0,0
catchall_55_60,sensitivity,Uncapped,entries_2009_2024,nationality,India,exited,1,95123.0,,,,,1,0,0
catchall_55_60,sensitivity,Uncapped,entries_2009_2024,nationality,China,exited,1,18410.0,,,,,1,0,0
catchall_55_60,sensitivity,Uncapped,entries_2009_2024,nationality,ROW,exited,1,101564.0,,,,,1,0,0
catchall_55_60,sensitivity,Uncapped,entries_2009_2024,category,EB-1,exited,1,1573.0,,,,,1,0,0
catchall_55_60,sensitivity,Uncapped,entries_2009_2024,category,EB-2,exited,1,81860.0,,,,,1,0,0
catchall_55_60,sensitivity,Uncapped,entries_2009_2024,category,EB-3,exited,1,61446.0,,,,,1,0,0
catchall_55_60,sensitivity,Uncapped,entries_2009_2024,category,EB-4,exited,1,67275.0,,,,,1,0,0
catchall_55_60,sensitivity,Uncapped,entries_2009_2024,category,EB-5,exited,1,2943.0,,,,,1,0,0
catchall_55_60,sensitivity,Uncapped,entries_2009_2024,joint,EB-1 / India,exited,1,847.0,,,,,1,0,0
catchall_55_60,sensitivity,Uncapped,entries_2009_2024,joint,EB-1 / China,exited,1,397.0,,,,,1,0,0
catchall_55_60,sensitivity,Uncapped,entries_2009_2024,joint,EB-1 / ROW,exited,1,329.0,,,,,1,0,0
catchall_55_60,sensitivity,Uncapped,entries_2009_2024,joint,EB-2 / India,exited,1,60693.0,,,,,1,0,0
catchall_55_60,sensitivity,Uncapped,entries_2009_2024,joint,EB-2 / China,exited,1,6450.0,,,,,1,0,0
catchall_55_60,sensitivity,Uncapped,entries_2009_2024,joint,EB-2 / ROW,exited,1,14717.0,,,,,1,0,0
catchall_55_60,sensitivity,Uncapped,entries_2009_2024,joint,EB-3 / India,exited,1,29531.0,,,,,1,0,0
catchall_55_60,sensitivity,Uncapped,entries_2009_2024,joint,EB-3 / China,exited,1,8829.0,,,,,1,0,0
catchall_55_60,sensitivity,Uncapped,entries_2009_2024,joint,EB-3 / ROW,exited,1,23086.0,,,,,1,0,0
catchall_55_60,sensitivity,Uncapped,entries_2009_2024,joint,EB-4 / India,exited,1,3841.0,,,,,1,0,0
catchall_55_60,sensitivity,Uncapped,entries_2009_2024,joint,EB-4 / China,exited,1,8.0,,,,,1,0,0
catchall_55_60,sensitivity,Uncapped,entries_2009_2024,joint,EB-4 / ROW,exited,1,63426.0,,,,,1,0,0
catchall_55_60,sensitivity,Uncapped,entries_2009_2024,joint,EB-5 / India,exited,1,211.0,,,,,1,0,0
catchall_55_60,sensitivity,Uncapped,entries_2009_2024,joint,EB-5 / China,exited,1,2726.0,,,,,1,0,0
catchall_55_60,sensitivity,Uncapped,entries_2009_2024,joint,EB-5 / ROW,exited,1,6.0,,,,,1,0,0
catchall_55_60,sensitivity,Uncapped,entries_2025_2040,overall,All,exited,1,316114.0,,,,,1,0,0
catchall_55_60,sensitivity,Uncapped,entries_2025_2040,nationality,India,exited,1,71326.0,,,,,1,0,0
catchall_55_60,sensitivity,Uncapped,entries_2025_2040,nationality,China,exited,1,22948.0,,,,,1,0,0
catchall_55_60,sensitivity,Uncapped,entries_2025_2040,nationality,ROW,exited,1,221840.0,,,,,1,0,0
catchall_55_60,sensitivity,Uncapped,entries_2025_2040,category,EB-1,exited,1,14547.0,,,,,1,0,0
catchall_55_60,sensitivity,Uncapped,entries_2025_2040,category,EB-2,exited,1,113259.0,,,,,1,0,0
catchall_55_60,sensitivity,Uncapped,entries_2025_2040,category,EB-3,exited,1,103731.0,,,,,1,0,0
catchall_55_60,sensitivity,Uncapped,entries_2025_2040,category,EB-4,exited,1,80003.0,,,,,1,0,0
catchall_55_60,sensitivity,Uncapped,entries_2025_2040,category,EB-5,exited,1,4574.0,,,,,1,0,0
catchall_55_60,sensitivity,Uncapped,entries_2025_2040,joint,EB-1 / India,exited,1,2974.0,,,,,1,0,0
catchall_55_60,sensitivity,Uncapped,entries_2025_2040,joint,EB-1 / China,exited,1,1649.0,,,,,1,0,0
catchall_55_60,sensitivity,Uncapped,entries_2025_2040,joint,EB-1 / ROW,exited,1,9924.0,,,,,1,0,0
catchall_55_60,sensitivity,Uncapped,entries_2025_2040,joint,EB-2 / India,exited,1,48675.0,,,,,1,0,0
catchall_55_60,sensitivity,Uncapped,entries_2025_2040,joint,EB-2 / China,exited,1,8766.0,,,,,1,0,0
catchall_55_60,sensitivity,Uncapped,entries_2025_2040,joint,EB-2 / ROW,exited,1,55818.0,,,,,1,0,0
catchall_55_60,sensitivity,Uncapped,entries_2025_2040,joint,EB-3 / India,exited,1,13649.0,,,,,1,0,0
catchall_55_60,sensitivity,Uncapped,entries_2025_2040,joint,EB-3 / China,exited,1,10400.0,,,,,1,0,0
catchall_55_60,sensitivity,Uncapped,entries_2025_2040,joint,EB-3 / ROW,exited,1,79682.0,,,,,1,0,0
catchall_55_60,sensitivity,Uncapped,entries_2025_2040,joint,EB-4 / India,exited,1,5439.0,,,,,1,0,0
catchall_55_60,sensitivity,Uncapped,entries_2025_2040,joint,EB-4 / China,exited,1,323.0,,,,,1,0,0
catchall_55_60,sensitivity,Uncapped,entries_2025_2040,joint,EB-4 / ROW,exited,1,74241.0,,,,,1,0,0
catchall_55_60,sensitivity,Uncapped,entries_2025_2040,joint,EB-5 / India,exited,1,589.0,,,,,1,0,0
catchall_55_60,sensitivity,Uncapped,entries_2025_2040,joint,EB-5 / China,exited,1,1810.0,,,,,1,0,0
catchall_55_60,sensitivity,Uncapped,entries_2025_2040,joint,EB-5 / ROW,exited,1,2175.0,,,,,1,0,0
catchall_55_60,sensitivity,Capped,all_entries_2009_2040,overall,All,exited,1,503777.0,,,,,1,0,0
catchall_55_60,sensitivity,Capped,all_entries_2009_2040,nationality,India,exited,1,222216.0,,,,,1,0,0
catchall_55_60,sensitivity,Capped,all_entries_2009_2040,nationality,China,exited,1,45404.0,,,,,1,0,0
catchall_55_60,sensitivity,Capped,all_entries_2009_2040,nationality,ROW,exited,1,236157.0,,,,,1,0,0
catchall_55_60,sensitivity,Capped,all_entries_2009_2040,category,EB-1,exited,1,11281.0,,,,,1,0,0
catchall_55_60,sensitivity,Capped,all_entries_2009_2040,category,EB-2,exited,1,183174.0,,,,,1,0,0
catchall_55_60,sensitivity,Capped,all_entries_2009_2040,category,EB-3,exited,1,155636.0,,,,,1,0,0
catchall_55_60,sensitivity,Capped,all_entries_2009_2040,category,EB-4,exited,1,146960.0,,,,,1,0,0
catchall_55_60,sensitivity,Capped,all_entries_2009_2040,category,EB-5,exited,1,6726.0,,,,,1,0,0
catchall_55_60,sensitivity,Capped,all_entries_2009_2040,joint,EB-1 / India,exited,1,7034.0,,,,,1,0,0
catchall_55_60,sensitivity,Capped,all_entries_2009_2040,joint,EB-1 / China,exited,1,3918.0,,,,,1,0,0
catchall_55_60,sensitivity,Capped,all_entries_2009_2040,joint,EB-1 / ROW,exited,1,329.0,,,,,1,0,0
catchall_55_60,sensitivity,Capped,all_entries_2009_2040,joint,EB-2 / India,exited,1,141566.0,,,,,1,0,0
catchall_55_60,sensitivity,Capped,all_entries_2009_2040,joint,EB-2 / China,exited,1,15401.0,,,,,1,0,0
catchall_55_60,sensitivity,Capped,all_entries_2009_2040,joint,EB-2 / ROW,exited,1,26207.0,,,,,1,0,0
catchall_55_60,sensitivity,Capped,all_entries_2009_2040,joint,EB-3 / India,exited,1,64103.0,,,,,1,0,0
catchall_55_60,sensitivity,Capped,all_entries_2009_2040,joint,EB-3 / China,exited,1,20389.0,,,,,1,0,0
catchall_55_60,sensitivity,Capped,all_entries_2009_2040,joint,EB-3 / ROW,exited,1,71144.0,,,,,1,0,0
catchall_55_60,sensitivity,Capped,all_entries_2009_2040,joint,EB-4 / India,exited,1,8481.0,,,,,1,0,0
catchall_55_60,sensitivity,Capped,all_entries_2009_2040,joint,EB-4 / China,exited,1,8.0,,,,,1,0,0
catchall_55_60,sensitivity,Capped,all_entries_2009_2040,joint,EB-4 / ROW,exited,1,138471.0,,,,,1,0,0
catchall_55_60,sensitivity,Capped,all_entries_2009_2040,joint,EB-5 / India,exited,1,1032.0,,,,,1,0,0
catchall_55_60,sensitivity,Capped,all_entries_2009_2040,joint,EB-5 / China,exited,1,5688.0,,,,,1,0,0
catchall_55_60,sensitivity,Capped,all_entries_2009_2040,joint,EB-5 / ROW,exited,1,6.0,,,,,1,0,0
catchall_55_60,sensitivity,Capped,entries_2009_2024,overall,All,exited,1,250273.0,,,,,1,0,0
catchall_55_60,sensitivity,Capped,entries_2009_2024,nationality,India,exited,1,146494.0,,,,,1,0,0
catchall_55_60,sensitivity,Capped,entries_2009_2024,nationality,China,exited,1,19672.0,,,,,1,0,0
catchall_55_60,sensitivity,Capped,entries_2009_2024,nationality,ROW,exited,1,84107.0,,,,,1,0,0
catchall_55_60,sensitivity,Capped,entries_2009_2024,category,EB-1,exited,1,1844.0,,,,,1,0,0
catchall_55_60,sensitivity,Capped,entries_2009_2024,category,EB-2,exited,1,104377.0,,,,,1,0,0
catchall_55_60,sensitivity,Capped,entries_2009_2024,category,EB-3,exited,1,73623.0,,,,,1,0,0
catchall_55_60,sensitivity,Capped,entries_2009_2024,category,EB-4,exited,1,67211.0,,,,,1,0,0
catchall_55_60,sensitivity,Capped,entries_2009_2024,category,EB-5,exited,1,3218.0,,,,,1,0,0
catchall_55_60,sensitivity,Capped,entries_2009_2024,joint,EB-1 / India,exited,1,1018.0,,,,,1,0,0
catchall_55_60,sensitivity,Capped,entries_2009_2024,joint,EB-1 / China,exited,1,497.0,,,,,1,0,0
catchall_55_60,sensitivity,Capped,entries_2009_2024,joint,EB-1 / ROW,exited,1,329.0,,,,,1,0,0
catchall_55_60,sensitivity,Capped,entries_2009_2024,joint,EB-2 / India,exited,1,92794.0,,,,,1,0,0
catchall_55_60,sensitivity,Capped,entries_2009_2024,joint,EB-2 / China,exited,1,6643.0,,,,,1,0,0
catchall_55_60,sensitivity,Capped,entries_2009_2024,joint,EB-2 / ROW,exited,1,4940.0,,,,,1,0,0
catchall_55_60,sensitivity,Capped,entries_2009_2024,joint,EB-3 / India,exited,1,49278.0,,,,,1,0,0
catchall_55_60,sensitivity,Capped,entries_2009_2024,joint,EB-3 / China,exited,1,9512.0,,,,,1,0,0
catchall_55_60,sensitivity,Capped,entries_2009_2024,joint,EB-3 / ROW,exited,1,14833.0,,,,,1,0,0
catchall_55_60,sensitivity,Capped,entries_2009_2024,joint,EB-4 / India,exited,1,3204.0,,,,,1,0,0
catchall_55_60,sensitivity,Capped,entries_2009_2024,joint,EB-4 / China,exited,1,8.0,,,,,1,0,0
catchall_55_60,sensitivity,Capped,entries_2009_2024,joint,EB-4 / ROW,exited,1,63999.0,,,,,1,0,0
catchall_55_60,sensitivity,Capped,entries_2009_2024,joint,EB-5 / India,exited,1,200.0,,,,,1,0,0
catchall_55_60,sensitivity,Capped,entries_2009_2024,joint,EB-5 / China,exited,1,3012.0,,,,,1,0,0
catchall_55_60,sensitivity,Capped,entries_2009_2024,joint,EB-5 / ROW,exited,1,6.0,,,,,1,0,0
catchall_55_60,sensitivity,Capped,entries_2025_2040,overall,All,exited,1,253504.0,,,,,1,0,0
catchall_55_60,sensitivity,Capped,entries_2025_2040,nationality,India,exited,1,75722.0,,,,,1,0,0
catchall_55_60,sensitivity,Capped,entries_2025_2040,nationality,China,exited,1,25732.0,,,,,1,0,0
catchall_55_60,sensitivity,Capped,entries_2025_2040,nationality,ROW,exited,1,152050.0,,,,,1,0,0
catchall_55_60,sensitivity,Capped,entries_2025_2040,category,EB-1,exited,1,9437.0,,,,,1,0,0
catchall_55_60,sensitivity,Capped,entries_2025_2040,category,EB-2,exited,1,78797.0,,,,,1,0,0
catchall_55_60,sensitivity,Capped,entries_2025_2040,category,EB-3,exited,1,82013.0,,,,,1,0,0
catchall_55_60,sensitivity,Capped,entries_2025_2040,category,EB-4,exited,1,79749.0,,,,,1,0,0
catchall_55_60,sensitivity,Capped,entries_2025_2040,category,EB-5,exited,1,3508.0,,,,,1,0,0
catchall_55_60,sensitivity,Capped,entries_2025_2040,joint,EB-1 / India,exited,1,6016.0,,,,,1,0,0
catchall_55_60,sensitivity,Capped,entries_2025_2040,joint,EB-1 / China,exited,1,3421.0,,,,,1,0,0
catchall_55_60,sensitivity,Capped,entries_2025_2040,joint,EB-1 / ROW,exited,1,0.0,,,,,0,1,0
catchall_55_60,sensitivity,Capped,entries_2025_2040,joint,EB-2 / India,exited,1,48772.0,,,,,1,0,0
catchall_55_60,sensitivity,Capped,entries_2025_2040,joint,EB-2 / China,exited,1,8758.0,,,,,1,0,0
catchall_55_60,sensitivity,Capped,entries_2025_2040,joint,EB-2 / ROW,exited,1,21267.0,,,,,1,0,0
catchall_55_60,sensitivity,Capped,entries_2025_2040,joint,EB-3 / India,exited,1,14825.0,,,,,1,0,0
catchall_55_60,sensitivity,Capped,entries_2025_2040,joint,EB-3 / China,exited,1,10877.0,,,,,1,0,0
catchall_55_60,sensitivity,Capped,entries_2025_2040,joint,EB-3 / ROW,exited,1,56311.0,,,,,1,0,0
catchall_55_60,sensitivity,Capped,entries_2025_2040,joint,EB-4 / India,exited,1,5277.0,,,,,1,0,0
catchall_55_60,sensitivity,Capped,entries_2025_2040,joint,EB-4 / China,exited,1,0.0,,,,,0,1,0
catchall_55_60,sensitivity,Capped,entries_2025_2040,joint,EB-4 / ROW,exited,1,74472.0,,,,,1,0,0
catchall_55_60,sensitivity,Capped,entries_2025_2040,joint,EB-5 / India,exited,1,832.0,,,,,1,0,0
catchall_55_60,sensitivity,Capped,entries_2025_2040,joint,EB-5 / China,exited,1,2676.0,,,,,1,0,0
catchall_55_60,sensitivity,Capped,entries_2025_2040,joint,EB-5 / ROW,exited,1,0.0,,,,,0,1,0
catchall_65_70,sensitivity,Uncapped,all_entries_2009_2040,overall,All,exited,1,374641.0,,,,,1,0,0
catchall_65_70,sensitivity,Uncapped,all_entries_2009_2040,nationality,India,exited,1,118244.0,,,,,1,0,0
catchall_65_70,sensitivity,Uncapped,all_entries_2009_2040,nationality,China,exited,1,29857.0,,,,,1,0,0
catchall_65_70,sensitivity,Uncapped,all_entries_2009_2040,nationality,ROW,exited,1,226540.0,,,,,1,0,0
catchall_65_70,sensitivity,Uncapped,all_entries_2009_2040,category,EB-1,exited,1,9252.0,,,,,1,0,0
catchall_65_70,sensitivity,Uncapped,all_entries_2009_2040,category,EB-2,exited,1,127985.0,,,,,1,0,0
catchall_65_70,sensitivity,Uncapped,all_entries_2009_2040,category,EB-3,exited,1,132747.0,,,,,1,0,0
catchall_65_70,sensitivity,Uncapped,all_entries_2009_2040,category,EB-4,exited,1,102447.0,,,,,1,0,0
catchall_65_70,sensitivity,Uncapped,all_entries_2009_2040,category,EB-5,exited,1,2210.0,,,,,1,0,0
catchall_65_70,sensitivity,Uncapped,all_entries_2009_2040,joint,EB-1 / India,exited,1,2672.0,,,,,1,0,0
catchall_65_70,sensitivity,Uncapped,all_entries_2009_2040,joint,EB-1 / China,exited,1,1501.0,,,,,1,0,0
catchall_65_70,sensitivity,Uncapped,all_entries_2009_2040,joint,EB-1 / ROW,exited,1,5079.0,,,,,1,0,0
catchall_65_70,sensitivity,Uncapped,all_entries_2009_2040,joint,EB-2 / India,exited,1,72652.0,,,,,1,0,0
catchall_65_70,sensitivity,Uncapped,all_entries_2009_2040,joint,EB-2 / China,exited,1,11502.0,,,,,1,0,0
catchall_65_70,sensitivity,Uncapped,all_entries_2009_2040,joint,EB-2 / ROW,exited,1,43831.0,,,,,1,0,0
catchall_65_70,sensitivity,Uncapped,all_entries_2009_2040,joint,EB-3 / India,exited,1,36868.0,,,,,1,0,0
catchall_65_70,sensitivity,Uncapped,all_entries_2009_2040,joint,EB-3 / China,exited,1,15190.0,,,,,1,0,0
catchall_65_70,sensitivity,Uncapped,all_entries_2009_2040,joint,EB-3 / ROW,exited,1,80689.0,,,,,1,0,0
catchall_65_70,sensitivity,Uncapped,all_entries_2009_2040,joint,EB-4 / India,exited,1,5759.0,,,,,1,0,0
catchall_65_70,sensitivity,Uncapped,all_entries_2009_2040,joint,EB-4 / China,exited,1,249.0,,,,,1,0,0
catchall_65_70,sensitivity,Uncapped,all_entries_2009_2040,joint,EB-4 / ROW,exited,1,96439.0,,,,,1,0,0
catchall_65_70,sensitivity,Uncapped,all_entries_2009_2040,joint,EB-5 / India,exited,1,293.0,,,,,1,0,0
catchall_65_70,sensitivity,Uncapped,all_entries_2009_2040,joint,EB-5 / China,exited,1,1415.0,,,,,1,0,0
catchall_65_70,sensitivity,Uncapped,all_entries_2009_2040,joint,EB-5 / ROW,exited,1,502.0,,,,,1,0,0
catchall_65_70,sensitivity,Uncapped,entries_2009_2024,overall,All,exited,1,155064.0,,,,,1,0,0
catchall_65_70,sensitivity,Uncapped,entries_2009_2024,nationality,India,exited,1,66991.0,,,,,1,0,0
catchall_65_70,sensitivity,Uncapped,entries_2009_2024,nationality,China,exited,1,13055.0,,,,,1,0,0
catchall_65_70,sensitivity,Uncapped,entries_2009_2024,nationality,ROW,exited,1,75018.0,,,,,1,0,0
catchall_65_70,sensitivity,Uncapped,entries_2009_2024,category,EB-1,exited,1,1151.0,,,,,1,0,0
catchall_65_70,sensitivity,Uncapped,entries_2009_2024,category,EB-2,exited,1,53480.0,,,,,1,0,0
catchall_65_70,sensitivity,Uncapped,entries_2009_2024,category,EB-3,exited,1,51385.0,,,,,1,0,0
catchall_65_70,sensitivity,Uncapped,entries_2009_2024,category,EB-4,exited,1,48282.0,,,,,1,0,0
catchall_65_70,sensitivity,Uncapped,entries_2009_2024,category,EB-5,exited,1,766.0,,,,,1,0,0
catchall_65_70,sensitivity,Uncapped,entries_2009_2024,joint,EB-1 / India,exited,1,650.0,,,,,1,0,0
catchall_65_70,sensitivity,Uncapped,entries_2009_2024,joint,EB-1 / China,exited,1,320.0,,,,,1,0,0
catchall_65_70,sensitivity,Uncapped,entries_2009_2024,joint,EB-1 / ROW,exited,1,181.0,,,,,1,0,0
catchall_65_70,sensitivity,Uncapped,entries_2009_2024,joint,EB-2 / India,exited,1,38964.0,,,,,1,0,0
catchall_65_70,sensitivity,Uncapped,entries_2009_2024,joint,EB-2 / China,exited,1,5002.0,,,,,1,0,0
catchall_65_70,sensitivity,Uncapped,entries_2009_2024,joint,EB-2 / ROW,exited,1,9514.0,,,,,1,0,0
catchall_65_70,sensitivity,Uncapped,entries_2009_2024,joint,EB-3 / India,exited,1,24853.0,,,,,1,0,0
catchall_65_70,sensitivity,Uncapped,entries_2009_2024,joint,EB-3 / China,exited,1,7030.0,,,,,1,0,0
catchall_65_70,sensitivity,Uncapped,entries_2009_2024,joint,EB-3 / ROW,exited,1,19502.0,,,,,1,0,0
catchall_65_70,sensitivity,Uncapped,entries_2009_2024,joint,EB-4 / India,exited,1,2461.0,,,,,1,0,0
catchall_65_70,sensitivity,Uncapped,entries_2009_2024,joint,EB-4 / China,exited,1,0.0,,,,,0,1,0
catchall_65_70,sensitivity,Uncapped,entries_2009_2024,joint,EB-4 / ROW,exited,1,45821.0,,,,,1,0,0
catchall_65_70,sensitivity,Uncapped,entries_2009_2024,joint,EB-5 / India,exited,1,63.0,,,,,1,0,0
catchall_65_70,sensitivity,Uncapped,entries_2009_2024,joint,EB-5 / China,exited,1,703.0,,,,,1,0,0
catchall_65_70,sensitivity,Uncapped,entries_2009_2024,joint,EB-5 / ROW,exited,1,0.0,,,,,0,1,0
catchall_65_70,sensitivity,Uncapped,entries_2025_2040,overall,All,exited,1,219577.0,,,,,1,0,0
catchall_65_70,sensitivity,Uncapped,entries_2025_2040,nationality,India,exited,1,51253.0,,,,,1,0,0
catchall_65_70,sensitivity,Uncapped,entries_2025_2040,nationality,China,exited,1,16802.0,,,,,1,0,0
catchall_65_70,sensitivity,Uncapped,entries_2025_2040,nationality,ROW,exited,1,151522.0,,,,,1,0,0
catchall_65_70,sensitivity,Uncapped,entries_2025_2040,category,EB-1,exited,1,8101.0,,,,,1,0,0
catchall_65_70,sensitivity,Uncapped,entries_2025_2040,category,EB-2,exited,1,74505.0,,,,,1,0,0
catchall_65_70,sensitivity,Uncapped,entries_2025_2040,category,EB-3,exited,1,81362.0,,,,,1,0,0
catchall_65_70,sensitivity,Uncapped,entries_2025_2040,category,EB-4,exited,1,54165.0,,,,,1,0,0
catchall_65_70,sensitivity,Uncapped,entries_2025_2040,category,EB-5,exited,1,1444.0,,,,,1,0,0
catchall_65_70,sensitivity,Uncapped,entries_2025_2040,joint,EB-1 / India,exited,1,2022.0,,,,,1,0,0
catchall_65_70,sensitivity,Uncapped,entries_2025_2040,joint,EB-1 / China,exited,1,1181.0,,,,,1,0,0
catchall_65_70,sensitivity,Uncapped,entries_2025_2040,joint,EB-1 / ROW,exited,1,4898.0,,,,,1,0,0
catchall_65_70,sensitivity,Uncapped,entries_2025_2040,joint,EB-2 / India,exited,1,33688.0,,,,,1,0,0
catchall_65_70,sensitivity,Uncapped,entries_2025_2040,joint,EB-2 / China,exited,1,6500.0,,,,,1,0,0
catchall_65_70,sensitivity,Uncapped,entries_2025_2040,joint,EB-2 / ROW,exited,1,34317.0,,,,,1,0,0
catchall_65_70,sensitivity,Uncapped,entries_2025_2040,joint,EB-3 / India,exited,1,12015.0,,,,,1,0,0
catchall_65_70,sensitivity,Uncapped,entries_2025_2040,joint,EB-3 / China,exited,1,8160.0,,,,,1,0,0
catchall_65_70,sensitivity,Uncapped,entries_2025_2040,joint,EB-3 / ROW,exited,1,61187.0,,,,,1,0,0
catchall_65_70,sensitivity,Uncapped,entries_2025_2040,joint,EB-4 / India,exited,1,3298.0,,,,,1,0,0
catchall_65_70,sensitivity,Uncapped,entries_2025_2040,joint,EB-4 / China,exited,1,249.0,,,,,1,0,0
catchall_65_70,sensitivity,Uncapped,entries_2025_2040,joint,EB-4 / ROW,exited,1,50618.0,,,,,1,0,0
catchall_65_70,sensitivity,Uncapped,entries_2025_2040,joint,EB-5 / India,exited,1,230.0,,,,,1,0,0
catchall_65_70,sensitivity,Uncapped,entries_2025_2040,joint,EB-5 / China,exited,1,712.0,,,,,1,0,0
catchall_65_70,sensitivity,Uncapped,entries_2025_2040,joint,EB-5 / ROW,exited,1,502.0,,,,,1,0,0
catchall_65_70,sensitivity,Capped,all_entries_2009_2040,overall,All,exited,1,341692.0,,,,,1,0,0
catchall_65_70,sensitivity,Capped,all_entries_2009_2040,nationality,India,exited,1,132810.0,,,,,1,0,0
catchall_65_70,sensitivity,Capped,all_entries_2009_2040,nationality,China,exited,1,31536.0,,,,,1,0,0
catchall_65_70,sensitivity,Capped,all_entries_2009_2040,nationality,ROW,exited,1,177346.0,,,,,1,0,0
catchall_65_70,sensitivity,Capped,all_entries_2009_2040,category,EB-1,exited,1,6791.0,,,,,1,0,0
catchall_65_70,sensitivity,Capped,all_entries_2009_2040,category,EB-2,exited,1,111568.0,,,,,1,0,0
catchall_65_70,sensitivity,Capped,all_entries_2009_2040,category,EB-3,exited,1,119182.0,,,,,1,0,0
catchall_65_70,sensitivity,Capped,all_entries_2009_2040,category,EB-4,exited,1,102261.0,,,,,1,0,0
catchall_65_70,sensitivity,Capped,all_entries_2009_2040,category,EB-5,exited,1,1890.0,,,,,1,0,0
catchall_65_70,sensitivity,Capped,all_entries_2009_2040,joint,EB-1 / India,exited,1,4281.0,,,,,1,0,0
catchall_65_70,sensitivity,Capped,all_entries_2009_2040,joint,EB-1 / China,exited,1,2329.0,,,,,1,0,0
catchall_65_70,sensitivity,Capped,all_entries_2009_2040,joint,EB-1 / ROW,exited,1,181.0,,,,,1,0,0
catchall_65_70,sensitivity,Capped,all_entries_2009_2040,joint,EB-2 / India,exited,1,79809.0,,,,,1,0,0
catchall_65_70,sensitivity,Capped,all_entries_2009_2040,joint,EB-2 / China,exited,1,11635.0,,,,,1,0,0
catchall_65_70,sensitivity,Capped,all_entries_2009_2040,joint,EB-2 / ROW,exited,1,20124.0,,,,,1,0,0
catchall_65_70,sensitivity,Capped,all_entries_2009_2040,joint,EB-3 / India,exited,1,43222.0,,,,,1,0,0
catchall_65_70,sensitivity,Capped,all_entries_2009_2040,joint,EB-3 / China,exited,1,16023.0,,,,,1,0,0
catchall_65_70,sensitivity,Capped,all_entries_2009_2040,joint,EB-3 / ROW,exited,1,59937.0,,,,,1,0,0
catchall_65_70,sensitivity,Capped,all_entries_2009_2040,joint,EB-4 / India,exited,1,5157.0,,,,,1,0,0
catchall_65_70,sensitivity,Capped,all_entries_2009_2040,joint,EB-4 / China,exited,1,0.0,,,,,0,1,0
catchall_65_70,sensitivity,Capped,all_entries_2009_2040,joint,EB-4 / ROW,exited,1,97104.0,,,,,1,0,0
catchall_65_70,sensitivity,Capped,all_entries_2009_2040,joint,EB-5 / India,exited,1,341.0,,,,,1,0,0
catchall_65_70,sensitivity,Capped,all_entries_2009_2040,joint,EB-5 / China,exited,1,1549.0,,,,,1,0,0
catchall_65_70,sensitivity,Capped,all_entries_2009_2040,joint,EB-5 / ROW,exited,1,0.0,,,,,0,1,0
catchall_65_70,sensitivity,Capped,entries_2009_2024,overall,All,exited,1,157244.0,,,,,1,0,0
catchall_65_70,sensitivity,Capped,entries_2009_2024,nationality,India,exited,1,80292.0,,,,,1,0,0
catchall_65_70,sensitivity,Capped,entries_2009_2024,nationality,China,exited,1,13792.0,,,,,1,0,0
catchall_65_70,sensitivity,Capped,entries_2009_2024,nationality,ROW,exited,1,63160.0,,,,,1,0,0
catchall_65_70,sensitivity,Capped,entries_2009_2024,category,EB-1,exited,1,1315.0,,,,,1,0,0
catchall_65_70,sensitivity,Capped,entries_2009_2024,category,EB-2,exited,1,55306.0,,,,,1,0,0
catchall_65_70,sensitivity,Capped,entries_2009_2024,category,EB-3,exited,1,51518.0,,,,,1,0,0
catchall_65_70,sensitivity,Capped,entries_2009_2024,category,EB-4,exited,1,48269.0,,,,,1,0,0
catchall_65_70,sensitivity,Capped,entries_2009_2024,category,EB-5,exited,1,836.0,,,,,1,0,0
catchall_65_70,sensitivity,Capped,entries_2009_2024,joint,EB-1 / India,exited,1,752.0,,,,,1,0,0
catchall_65_70,sensitivity,Capped,entries_2009_2024,joint,EB-1 / China,exited,1,382.0,,,,,1,0,0
catchall_65_70,sensitivity,Capped,entries_2009_2024,joint,EB-1 / ROW,exited,1,181.0,,,,,1,0,0
catchall_65_70,sensitivity,Capped,entries_2009_2024,joint,EB-2 / India,exited,1,46611.0,,,,,1,0,0
catchall_65_70,sensitivity,Capped,entries_2009_2024,joint,EB-2 / China,exited,1,4972.0,,,,,1,0,0
catchall_65_70,sensitivity,Capped,entries_2009_2024,joint,EB-2 / ROW,exited,1,3723.0,,,,,1,0,0
catchall_65_70,sensitivity,Capped,entries_2009_2024,joint,EB-3 / India,exited,1,30912.0,,,,,1,0,0
catchall_65_70,sensitivity,Capped,entries_2009_2024,joint,EB-3 / China,exited,1,7679.0,,,,,1,0,0
catchall_65_70,sensitivity,Capped,entries_2009_2024,joint,EB-3 / ROW,exited,1,12927.0,,,,,1,0,0
catchall_65_70,sensitivity,Capped,entries_2009_2024,joint,EB-4 / India,exited,1,1940.0,,,,,1,0,0
catchall_65_70,sensitivity,Capped,entries_2009_2024,joint,EB-4 / China,exited,1,0.0,,,,,0,1,0
catchall_65_70,sensitivity,Capped,entries_2009_2024,joint,EB-4 / ROW,exited,1,46329.0,,,,,1,0,0
catchall_65_70,sensitivity,Capped,entries_2009_2024,joint,EB-5 / India,exited,1,77.0,,,,,1,0,0
catchall_65_70,sensitivity,Capped,entries_2009_2024,joint,EB-5 / China,exited,1,759.0,,,,,1,0,0
catchall_65_70,sensitivity,Capped,entries_2009_2024,joint,EB-5 / ROW,exited,1,0.0,,,,,0,1,0
catchall_65_70,sensitivity,Capped,entries_2025_2040,overall,All,exited,1,184448.0,,,,,1,0,0
catchall_65_70,sensitivity,Capped,entries_2025_2040,nationality,India,exited,1,52518.0,,,,,1,0,0
catchall_65_70,sensitivity,Capped,entries_2025_2040,nationality,China,exited,1,17744.0,,,,,1,0,0
catchall_65_70,sensitivity,Capped,entries_2025_2040,nationality,ROW,exited,1,114186.0,,,,,1,0,0
catchall_65_70,sensitivity,Capped,entries_2025_2040,category,EB-1,exited,1,5476.0,,,,,1,0,0
catchall_65_70,sensitivity,Capped,entries_2025_2040,category,EB-2,exited,1,56262.0,,,,,1,0,0
catchall_65_70,sensitivity,Capped,entries_2025_2040,category,EB-3,exited,1,67664.0,,,,,1,0,0
catchall_65_70,sensitivity,Capped,entries_2025_2040,category,EB-4,exited,1,53992.0,,,,,1,0,0
catchall_65_70,sensitivity,Capped,entries_2025_2040,category,EB-5,exited,1,1054.0,,,,,1,0,0
catchall_65_70,sensitivity,Capped,entries_2025_2040,joint,EB-1 / India,exited,1,3529.0,,,,,1,0,0
catchall_65_70,sensitivity,Capped,entries_2025_2040,joint,EB-1 / China,exited,1,1947.0,,,,,1,0,0
catchall_65_70,sensitivity,Capped,entries_2025_2040,joint,EB-1 / ROW,exited,1,0.0,,,,,0,1,0
catchall_65_70,sensitivity,Capped,entries_2025_2040,joint,EB-2 / India,exited,1,33198.0,,,,,1,0,0
catchall_65_70,sensitivity,Capped,entries_2025_2040,joint,EB-2 / China,exited,1,6663.0,,,,,1,0,0
catchall_65_70,sensitivity,Capped,entries_2025_2040,joint,EB-2 / ROW,exited,1,16401.0,,,,,1,0,0
catchall_65_70,sensitivity,Capped,entries_2025_2040,joint,EB-3 / India,exited,1,12310.0,,,,,1,0,0
catchall_65_70,sensitivity,Capped,entries_2025_2040,joint,EB-3 / China,exited,1,8344.0,,,,,1,0,0
catchall_65_70,sensitivity,Capped,entries_2025_2040,joint,EB-3 / ROW,exited,1,47010.0,,,,,1,0,0
catchall_65_70,sensitivity,Capped,entries_2025_2040,joint,EB-4 / India,exited,1,3217.0,,,,,1,0,0
catchall_65_70,sensitivity,Capped,entries_2025_2040,joint,EB-4 / China,exited,1,0.0,,,,,0,1,0
catchall_65_70,sensitivity,Capped,entries_2025_2040,joint,EB-4 / ROW,exited,1,50775.0,,,,,1,0,0
catchall_65_70,sensitivity,Capped,entries_2025_2040,joint,EB-5 / India,exited,1,264.0,,,,,1,0,0
catchall_65_70,sensitivity,Capped,entries_2025_2040,joint,EB-5 / China,exited,1,790.0,,,,,1,0,0
catchall_65_70,sensitivity,Capped,entries_2025_2040,joint,EB-5 / ROW,exited,1,0.0,,,,,0,1,0
catchall_60_65,primary,Uncapped,all_entries_2009_2040,overall,All,still_dependent,50,829147.56,1049.6427022796754,148.44189452098618,828849.2548446181,829445.865155382,50,0,0
catchall_60_65,primary,Uncapped,all_entries_2009_2040,nationality,India,still_dependent,50,323735.38,567.7375396057153,80.29021283787347,323574.03077649715,323896.72922350286,50,0,0
catchall_60_65,primary,Uncapped,all_entries_2009_2040,nationality,China,still_dependent,50,68058.72,304.6391669513563,43.08248415326496,67972.14250669158,68145.29749330842,50,0,0
catchall_60_65,primary,Uncapped,all_entries_2009_2040,nationality,ROW,still_dependent,50,437353.46,818.7088194348513,115.78291160792321,437120.78552795004,437586.13447205,50,0,0
catchall_60_65,primary,Uncapped,all_entries_2009_2040,category,EB-1,still_dependent,50,66493.78,314.2157253238869,44.436814026393996,66404.48087891564,66583.07912108436,50,0,0
catchall_60_65,primary,Uncapped,all_entries_2009_2040,category,EB-2,still_dependent,50,414571.58,633.0550832015701,89.52750843928885,414391.6677359985,414751.4922640015,50,0,0
catchall_60_65,primary,Uncapped,all_entries_2009_2040,category,EB-3,still_dependent,50,227817.4,620.1247076687273,87.6988771947765,227641.16250806535,227993.63749193464,50,0,0
catchall_60_65,primary,Uncapped,all_entries_2009_2040,category,EB-4,still_dependent,50,102875.2,417.2047410065798,59.00166030178597,102756.63172450801,102993.76827549198,50,0,0
catchall_60_65,primary,Uncapped,all_entries_2009_2040,category,EB-5,still_dependent,50,17389.6,158.58622839557884,22.427479500262482,17344.530292565047,17434.66970743495,50,0,0
catchall_60_65,primary,Uncapped,all_entries_2009_2040,joint,EB-1 / India,still_dependent,50,21416.72,187.9558176480715,26.580966644482704,21363.30354765229,21470.136452347713,50,0,0
catchall_60_65,primary,Uncapped,all_entries_2009_2040,joint,EB-1 / China,still_dependent,50,8536.82,118.0742917291776,16.698226473100032,8503.263657575682,8570.376342424317,50,0,0
catchall_60_65,primary,Uncapped,all_entries_2009_2040,joint,EB-1 / ROW,still_dependent,50,36540.24,243.94818452838274,34.49948310763333,36470.91069305314,36609.569306946854,50,0,0
catchall_60_65,primary,Uncapped,all_entries_2009_2040,joint,EB-2 / India,still_dependent,50,240731.98,470.83939330276337,66.58674557082878,240598.16892497984,240865.79107502018,50,0,0
catchall_60_65,primary,Uncapped,all_entries_2009_2040,joint,EB-2 / China,still_dependent,50,30050.98,187.13287759651166,26.46458534628911,29997.797424627202,30104.162575372797,50,0,0
catchall_60_65,primary,Uncapped,all_entries_2009_2040,joint,EB-2 / ROW,still_dependent,50,143788.62,479.99157688187717,67.88105978511989,143652.20790318574,143925.03209681425,50,0,0
catchall_60_65,primary,Uncapped,all_entries_2009_2040,joint,EB-3 / India,still_dependent,50,49441.88,260.3029349799646,36.81239409741879,49367.90272440238,49515.85727559761,50,0,0
catchall_60_65,primary,Uncapped,all_entries_2009_2040,joint,EB-3 / China,still_dependent,50,21372.54,149.22947812968167,21.104235187685497,21330.129451568275,21414.950548431727,50,0,0
catchall_60_65,primary,Uncapped,all_entries_2009_2040,joint,EB-3 / ROW,still_dependent,50,157002.98,615.9447526908132,87.10774229278898,156827.93043812618,157178.02956187385,50,0,0
catchall_60_65,primary,Uncapped,all_entries_2009_2040,joint,EB-4 / India,still_dependent,50,8658.34,146.96169291238266,20.78352192660015,8616.573948995972,8700.106051004028,50,0,0
catchall_60_65,primary,Uncapped,all_entries_2009_2040,joint,EB-4 / China,still_dependent,50,461.68,26.56178012229802,3.7564029689725946,454.13122561287395,469.22877438712607,50,0,0
catchall_60_65,primary,Uncapped,all_entries_2009_2040,joint,EB-4 / ROW,still_dependent,50,93755.18,371.4022897295149,52.524215523190165,93649.62863713496,93860.73136286503,50,0,0
catchall_60_65,primary,Uncapped,all_entries_2009_2040,joint,EB-5 / India,still_dependent,50,3486.46,85.79334687111198,12.13301147065059,3462.0778005967754,3510.8421994032246,50,0,0
catchall_60_65,primary,Uncapped,all_entries_2009_2040,joint,EB-5 / China,still_dependent,50,7636.7,102.27618670710665,14.464037034899308,7607.633429345746,7665.766570654254,50,0,0
catchall_60_65,primary,Uncapped,all_entries_2009_2040,joint,EB-5 / ROW,still_dependent,50,6266.44,116.6839722830651,16.5016056114277,6233.2787819904015,6299.601218009598,50,0,0
catchall_60_65,primary,Uncapped,entries_2009_2024,overall,All,still_dependent,50,14615.38,126.22039196159538,17.850259016013617,14579.508561505076,14651.251438494923,50,0,0
catchall_60_65,primary,Uncapped,entries_2009_2024,nationality,India,still_dependent,50,8739.5,100.22999062360608,14.174661209643187,8711.014951838404,8767.985048161596,50,0,0
catchall_60_65,primary,Uncapped,entries_2009_2024,nationality,China,still_dependent,50,903.76,30.399758323421732,4.299175051384739,895.1204842766534,912.3995157233466,50,0,0
catchall_60_65,primary,Uncapped,entries_2009_2024,nationality,ROW,still_dependent,50,4972.12,64.66669331649638,9.145251472201075,4953.741929104145,4990.498070895855,50,0,0
catchall_60_65,primary,Uncapped,entries_2009_2024,category,EB-1,still_dependent,50,0.0,0.0,0.0,0.0,0.0,0,50,0
catchall_60_65,primary,Uncapped,entries_2009_2024,category,EB-2,still_dependent,50,12891.54,119.92007712622262,16.95925994727316,12857.459091169923,12925.620908830078,50,0,0
catchall_60_65,primary,Uncapped,entries_2009_2024,category,EB-3,still_dependent,50,0.0,0.0,0.0,0.0,0.0,0,50,0
catchall_60_65,primary,Uncapped,entries_2009_2024,category,EB-4,still_dependent,50,1723.84,37.54798834253879,5.310087435384522,1713.16897978286,1734.5110202171397,50,0,0
catchall_60_65,primary,Uncapped,entries_2009_2024,category,EB-5,still_dependent,50,0.0,0.0,0.0,0.0,0.0,0,50,0
catchall_60_65,primary,Uncapped,entries_2009_2024,joint,EB-1 / India,still_dependent,50,0.0,0.0,0.0,0.0,0.0,0,50,0
catchall_60_65,primary,Uncapped,entries_2009_2024,joint,EB-1 / China,still_dependent,50,0.0,0.0,0.0,0.0,0.0,0,50,0
catchall_60_65,primary,Uncapped,entries_2009_2024,joint,EB-1 / ROW,still_dependent,50,0.0,0.0,0.0,0.0,0.0,0,50,0
catchall_60_65,primary,Uncapped,entries_2009_2024,joint,EB-2 / India,still_dependent,50,8577.5,98.19456944957676,13.886809186697823,8549.593412135673,8605.406587864327,50,0,0
catchall_60_65,primary,Uncapped,entries_2009_2024,joint,EB-2 / China,still_dependent,50,903.76,30.399758323421732,4.299175051384739,895.1204842766534,912.3995157233466,50,0,0
catchall_60_65,primary,Uncapped,entries_2009_2024,joint,EB-2 / ROW,still_dependent,50,3410.28,55.66629434883026,7.872402843516853,3394.459814188963,3426.1001858110376,50,0,0
catchall_60_65,primary,Uncapped,entries_2009_2024,joint,EB-3 / India,still_dependent,50,0.0,0.0,0.0,0.0,0.0,0,50,0
catchall_60_65,primary,Uncapped,entries_2009_2024,joint,EB-3 / China,still_dependent,50,0.0,0.0,0.0,0.0,0.0,0,50,0
catchall_60_65,primary,Uncapped,entries_2009_2024,joint,EB-3 / ROW,still_dependent,50,0.0,0.0,0.0,0.0,0.0,0,50,0
catchall_60_65,primary,Uncapped,entries_2009_2024,joint,EB-4 / India,still_dependent,50,162.0,14.563022785571038,2.059522433250297,157.86123471782804,166.13876528217196,50,0,0
catchall_60_65,primary,Uncapped,entries_2009_2024,joint,EB-4 / China,still_dependent,50,0.0,0.0,0.0,0.0,0.0,0,50,0
catchall_60_65,primary,Uncapped,entries_2009_2024,joint,EB-4 / ROW,still_dependent,50,1561.84,33.40680610111585,4.724435826376629,1552.3458907539073,1571.3341092460926,50,0,0
catchall_60_65,primary,Uncapped,entries_2009_2024,joint,EB-5 / India,still_dependent,50,0.0,0.0,0.0,0.0,0.0,0,50,0
catchall_60_65,primary,Uncapped,entries_2009_2024,joint,EB-5 / China,still_dependent,50,0.0,0.0,0.0,0.0,0.0,0,50,0
catchall_60_65,primary,Uncapped,entries_2009_2024,joint,EB-5 / ROW,still_dependent,50,0.0,0.0,0.0,0.0,0.0,0,50,0
catchall_60_65,primary,Uncapped,entries_2025_2040,overall,All,still_dependent,50,814532.18,1042.3303305378693,147.40776899194856,814235.9529976734,814828.4070023267,50,0,0
catchall_60_65,primary,Uncapped,entries_2025_2040,nationality,India,still_dependent,50,314995.88,533.7161073691763,75.4788557498464,314844.19956055825,315147.56043944176,50,0,0
catchall_60_65,primary,Uncapped,entries_2025_2040,nationality,China,still_dependent,50,67154.96,303.4214392489733,42.91027145006621,67068.72858107545,67241.19141892456,50,0,0
catchall_60_65,primary,Uncapped,entries_2025_2040,nationality,ROW,still_dependent,50,432381.34,824.8612402788033,116.65299530781759,432146.9170292925,432615.76297070755,50,0,0
catchall_60_65,primary,Uncapped,entries_2025_2040,category,EB-1,still_dependent,50,66493.78,314.2157253238869,44.436814026393996,66404.48087891564,66583.07912108436,50,0,0
catchall_60_65,primary,Uncapped,entries_2025_2040,category,EB-2,still_dependent,50,401680.04,609.2342788538841,86.1587379817755,401506.8975336895,401853.18246631045,50,0,0
catchall_60_65,primary,Uncapped,entries_2025_2040,category,EB-3,still_dependent,50,227817.4,620.1247076687273,87.6988771947765,227641.16250806535,227993.63749193464,50,0,0
catchall_60_65,primary,Uncapped,entries_2025_2040,category,EB-4,still_dependent,50,101151.36,419.41649262483025,59.314449215299014,101032.16315165297,101270.55684834703,50,0,0
catchall_60_65,primary,Uncapped,entries_2025_2040,category,EB-5,still_dependent,50,17389.6,158.58622839557884,22.427479500262482,17344.530292565047,17434.66970743495,50,0,0
catchall_60_65,primary,Uncapped,entries_2025_2040,joint,EB-1 / India,still_dependent,50,21416.72,187.9558176480715,26.580966644482704,21363.30354765229,21470.136452347713,50,0,0
catchall_60_65,primary,Uncapped,entries_2025_2040,joint,EB-1 / China,still_dependent,50,8536.82,118.0742917291776,16.698226473100032,8503.263657575682,8570.376342424317,50,0,0
catchall_60_65,primary,Uncapped,entries_2025_2040,joint,EB-1 / ROW,still_dependent,50,36540.24,243.94818452838274,34.49948310763333,36470.91069305314,36609.569306946854,50,0,0
catchall_60_65,primary,Uncapped,entries_2025_2040,joint,EB-2 / India,still_dependent,50,232154.48,428.1168656012572,60.54486776139574,232032.81053301145,232276.14946698857,50,0,0
catchall_60_65,primary,Uncapped,entries_2025_2040,joint,EB-2 / China,still_dependent,50,29147.22,181.330939985206,25.644067460494004,29095.68631705212,29198.75368294788,50,0,0
catchall_60_65,primary,Uncapped,entries_2025_2040,joint,EB-2 / ROW,still_dependent,50,140378.34,474.6377183426001,67.12390984939262,140243.44945294736,140513.23054705263,50,0,0
catchall_60_65,primary,Uncapped,entries_2025_2040,joint,EB-3 / India,still_dependent,50,49441.88,260.3029349799646,36.81239409741879,49367.90272440238,49515.85727559761,50,0,0
catchall_60_65,primary,Uncapped,entries_2025_2040,joint,EB-3 / China,still_dependent,50,21372.54,149.22947812968167,21.104235187685497,21330.129451568275,21414.950548431727,50,0,0
catchall_60_65,primary,Uncapped,entries_2025_2040,joint,EB-3 / ROW,still_dependent,50,157002.98,615.9447526908132,87.10774229278898,156827.93043812618,157178.02956187385,50,0,0
catchall_60_65,primary,Uncapped,entries_2025_2040,joint,EB-4 / India,still_dependent,50,8496.34,148.4071358095145,20.987938421476123,8454.163158669808,8538.516841330193,50,0,0
catchall_60_65,primary,Uncapped,entries_2025_2040,joint,EB-4 / China,still_dependent,50,461.68,26.56178012229802,3.7564029689725946,454.13122561287395,469.22877438712607,50,0,0
catchall_60_65,primary,Uncapped,entries_2025_2040,joint,EB-4 / ROW,still_dependent,50,92193.34,374.7227878780553,52.99380487474023,92086.84496200246,92299.83503799753,50,0,0
catchall_60_65,primary,Uncapped,entries_2025_2040,joint,EB-5 / India,still_dependent,50,3486.46,85.79334687111198,12.13301147065059,3462.0778005967754,3510.8421994032246,50,0,0
catchall_60_65,primary,Uncapped,entries_2025_2040,joint,EB-5 / China,still_dependent,50,7636.7,102.27618670710665,14.464037034899308,7607.633429345746,7665.766570654254,50,0,0
catchall_60_65,primary,Uncapped,entries_2025_2040,joint,EB-5 / ROW,still_dependent,50,6266.44,116.6839722830651,16.5016056114277,6233.2787819904015,6299.601218009598,50,0,0
catchall_60_65,primary,Capped,all_entries_2009_2040,overall,All,still_dependent,50,714555.54,783.2467281405376,110.76781456207007,714332.9437427851,714778.1362572149,50,0,0
catchall_60_65,primary,Capped,all_entries_2009_2040,nationality,India,still_dependent,50,375312.2,531.7148614413095,75.19583683656309,375161.08830835804,375463.311691642,50,0,0
catchall_60_65,primary,Capped,all_entries_2009_2040,nationality,China,still_dependent,50,80971.42,351.8628611564802,49.76092303428956,80871.42168129359,81071.4183187064,50,0,0
catchall_60_65,primary,Capped,all_entries_2009_2040,nationality,ROW,still_dependent,50,258271.92,602.6826707585453,85.23220067939735,258100.63948010866,258443.20051989137,50,0,0
catchall_60_65,primary,Capped,all_entries_2009_2040,category,EB-1,still_dependent,50,55336.76,260.9135097917253,36.89874241538232,55262.60920096084,55410.910799039164,50,0,0
catchall_60_65,primary,Capped,all_entries_2009_2040,category,EB-2,still_dependent,50,338132.36,527.6959452300586,74.62747625536387,337982.39047170774,338282.32952829223,50,0,0
catchall_60_65,primary,Capped,all_entries_2009_2040,category,EB-3,still_dependent,50,203693.98,542.9787641955686,76.78879324059558,203539.66714261466,203848.29285738536,50,0,0
catchall_60_65,primary,Capped,all_entries_2009_2040,category,EB-4,still_dependent,50,102150.36,369.91166954464427,52.31340999501105,102045.23226670423,102255.48773329577,50,0,0
catchall_60_65,primary,Capped,all_entries_2009_2040,category,EB-5,still_dependent,50,15242.08,147.83455175931488,20.90696280853704,15200.065885256381,15284.094114743619,50,0,0
catchall_60_65,primary,Capped,all_entries_2009_2040,joint,EB-1 / India,still_dependent,50,39764.1,240.3748985163274,33.99414415358466,39695.78620970155,39832.413790298444,50,0,0
catchall_60_65,primary,Capped,all_entries_2009_2040,joint,EB-1 / China,still_dependent,50,15572.66,153.75339518401617,21.744013673014578,15528.96376856691,15616.35623143309,50,0,0
catchall_60_65,primary,Capped,all_entries_2009_2040,joint,EB-1 / ROW,still_dependent,50,0.0,0.0,0.0,0.0,0.0,0,50,0
catchall_60_65,primary,Capped,all_entries_2009_2040,joint,EB-2 / India,still_dependent,50,254584.5,393.2679021445087,55.61648008587794,254472.7344988431,254696.2655011569,50,0,0
catchall_60_65,primary,Capped,all_entries_2009_2040,joint,EB-2 / China,still_dependent,50,30951.28,191.6902305538702,27.109092382370868,30896.802239247336,31005.757760752662,50,0,0
catchall_60_65,primary,Capped,all_entries_2009_2040,joint,EB-2 / ROW,still_dependent,50,52596.58,417.113848795677,58.988806202048686,52478.03755578855,52715.122444211454,50,0,0
catchall_60_65,primary,Capped,all_entries_2009_2040,joint,EB-3 / India,still_dependent,50,67958.66,328.18341126353636,46.41214311547603,67865.39130649304,68051.92869350697,50,0,0
catchall_60_65,primary,Capped,all_entries_2009_2040,joint,EB-3 / China,still_dependent,50,23988.54,158.86500622881564,22.46690463952773,23943.391064781463,24033.68893521854,50,0,0
catchall_60_65,primary,Capped,all_entries_2009_2040,joint,EB-3 / ROW,still_dependent,50,111746.78,501.1111445414814,70.86781768668673,111604.36578846745,111889.19421153255,50,0,0
catchall_60_65,primary,Capped,all_entries_2009_2040,joint,EB-4 / India,still_dependent,50,8221.8,147.13009653406215,20.80733779517334,8179.986089216236,8263.613910783763,50,0,0
catchall_60_65,primary,Capped,all_entries_2009_2040,joint,EB-4 / China,still_dependent,50,0.0,0.0,0.0,0.0,0.0,0,50,0
catchall_60_65,primary,Capped,all_entries_2009_2040,joint,EB-4 / ROW,still_dependent,50,93928.56,345.0216296088684,48.79342679049283,93830.50593778715,94026.61406221284,50,0,0
catchall_60_65,primary,Capped,all_entries_2009_2040,joint,EB-5 / India,still_dependent,50,4783.14,96.76143817847763,13.684133818672885,4755.640703536433,4810.639296463568,50,0,0
catchall_60_65,primary,Capped,all_entries_2009_2040,joint,EB-5 / China,still_dependent,50,10458.94,111.90327638325037,15.825513113517754,10427.137440732211,10490.74255926779,50,0,0
catchall_60_65,primary,Capped,all_entries_2009_2040,joint,EB-5 / ROW,still_dependent,50,0.0,0.0,0.0,0.0,0.0,0,50,0
catchall_60_65,primary,Capped,entries_2009_2024,overall,All,still_dependent,50,36484.36,184.1529710178304,26.043162916471523,36432.02430470654,36536.69569529346,50,0,0
catchall_60_65,primary,Capped,entries_2009_2024,nationality,India,still_dependent,50,32807.44,176.2057192891425,24.91925179864118,32757.362888657666,32857.51711134234,50,0,0
catchall_60_65,primary,Capped,entries_2009_2024,nationality,China,still_dependent,50,1920.78,50.4539757944742,7.135269684418926,1906.4411387319528,1935.118861268047,50,0,0
catchall_60_65,primary,Capped,entries_2009_2024,nationality,ROW,still_dependent,50,1756.14,47.44793494570912,6.710151310681816,1742.6554460886637,1769.6245539113365,50,0,0
catchall_60_65,primary,Capped,entries_2009_2024,category,EB-1,still_dependent,50,0.0,0.0,0.0,0.0,0.0,0,50,0
catchall_60_65,primary,Capped,entries_2009_2024,category,EB-2,still_dependent,50,24256.04,130.2130060277218,18.414899912177376,24219.033873142274,24293.046126857727,50,0,0
catchall_60_65,primary,Capped,entries_2009_2024,category,EB-3,still_dependent,50,10472.18,115.13163539786862,16.28207202378601,10439.459951251845,10504.900048748155,50,0,0
catchall_60_65,primary,Capped,entries_2009_2024,category,EB-4,still_dependent,50,1756.14,47.44793494570912,6.710151310681816,1742.6554460886637,1769.6245539113365,50,0,0
catchall_60_65,primary,Capped,entries_2009_2024,category,EB-5,still_dependent,50,0.0,0.0,0.0,0.0,0.0,0,50,0
catchall_60_65,primary,Capped,entries_2009_2024,joint,EB-1 / India,still_dependent,50,0.0,0.0,0.0,0.0,0.0,0,50,0
catchall_60_65,primary,Capped,entries_2009_2024,joint,EB-1 / China,still_dependent,50,0.0,0.0,0.0,0.0,0.0,0,50,0
catchall_60_65,primary,Capped,entries_2009_2024,joint,EB-1 / ROW,still_dependent,50,0.0,0.0,0.0,0.0,0.0,0,50,0
catchall_60_65,primary,Capped,entries_2009_2024,joint,EB-2 / India,still_dependent,50,22443.1,125.1011427540426,17.69197327511397,22407.546648610376,22478.65335138962,50,0,0
catchall_60_65,primary,Capped,entries_2009_2024,joint,EB-2 / China,still_dependent,50,1812.94,41.5296353492888,5.873177355137333,1801.1374082238478,1824.7425917761523,50,0,0
catchall_60_65,primary,Capped,entries_2009_2024,joint,EB-2 / ROW,still_dependent,50,0.0,0.0,0.0,0.0,0.0,0,50,0
catchall_60_65,primary,Capped,entries_2009_2024,joint,EB-3 / India,still_dependent,50,10364.34,115.29192937752337,16.30474101578546,10331.574396206872,10397.105603793128,50,0,0
catchall_60_65,primary,Capped,entries_2009_2024,joint,EB-3 / China,still_dependent,50,107.84,24.422605787863585,3.453878033368833,100.89917223207736,114.78082776792264,50,0,0
catchall_60_65,primary,Capped,entries_2009_2024,joint,EB-3 / ROW,still_dependent,50,0.0,0.0,0.0,0.0,0.0,0,50,0
catchall_60_65,primary,Capped,entries_2009_2024,joint,EB-4 / India,still_dependent,50,0.0,0.0,0.0,0.0,0.0,0,50,0
catchall_60_65,primary,Capped,entries_2009_2024,joint,EB-4 / China,still_dependent,50,0.0,0.0,0.0,0.0,0.0,0,50,0
catchall_60_65,primary,Capped,entries_2009_2024,joint,EB-4 / ROW,still_dependent,50,1756.14,47.44793494570912,6.710151310681816,1742.6554460886637,1769.6245539113365,50,0,0
catchall_60_65,primary,Capped,entries_2009_2024,joint,EB-5 / India,still_dependent,50,0.0,0.0,0.0,0.0,0.0,0,50,0
catchall_60_65,primary,Capped,entries_2009_2024,joint,EB-5 / China,still_dependent,50,0.0,0.0,0.0,0.0,0.0,0,50,0
catchall_60_65,primary,Capped,entries_2009_2024,joint,EB-5 / ROW,still_dependent,50,0.0,0.0,0.0,0.0,0.0,0,50,0
catchall_60_65,primary,Capped,entries_2025_2040,overall,All,still_dependent,50,678071.18,790.088336316689,111.73536406918568,677846.639379255,678295.7206207451,50,0,0
catchall_60_65,primary,Capped,entries_2025_2040,nationality,India,still_dependent,50,342504.76,502.17797316757515,71.0186900378617,342362.0425991266,342647.47740087344,50,0,0
catchall_60_65,primary,Capped,entries_2025_2040,nationality,China,still_dependent,50,79050.64,353.9220921995952,50.05214228121285,78950.05645430641,79151.22354569359,50,0,0
catchall_60_65,primary,Capped,entries_2025_2040,nationality,ROW,still_dependent,50,256515.78,604.9221332923262,85.54890850816729,256343.86303189854,256687.69696810146,50,0,0
catchall_60_65,primary,Capped,entries_2025_2040,category,EB-1,still_dependent,50,55336.76,260.9135097917253,36.89874241538232,55262.60920096084,55410.910799039164,50,0,0
catchall_60_65,primary,Capped,entries_2025_2040,category,EB-2,still_dependent,50,313876.32,529.4520247676953,74.87582340523706,313725.8513994252,314026.78860057483,50,0,0
catchall_60_65,primary,Capped,entries_2025_2040,category,EB-3,still_dependent,50,193221.8,524.2354588603584,74.13808957972016,193072.81393105251,193370.78606894746,50,0,0
catchall_60_65,primary,Capped,entries_2025_2040,category,EB-4,still_dependent,50,100394.22,372.22586351486615,52.64068644487603,100288.43458005489,100500.00541994511,50,0,0
catchall_60_65,primary,Capped,entries_2025_2040,category,EB-5,still_dependent,50,15242.08,147.83455175931488,20.90696280853704,15200.065885256381,15284.094114743619,50,0,0
catchall_60_65,primary,Capped,entries_2025_2040,joint,EB-1 / India,still_dependent,50,39764.1,240.3748985163274,33.99414415358466,39695.78620970155,39832.413790298444,50,0,0
catchall_60_65,primary,Capped,entries_2025_2040,joint,EB-1 / China,still_dependent,50,15572.66,153.75339518401617,21.744013673014578,15528.96376856691,15616.35623143309,50,0,0
catchall_60_65,primary,Capped,entries_2025_2040,joint,EB-1 / ROW,still_dependent,50,0.0,0.0,0.0,0.0,0.0,0,50,0
catchall_60_65,primary,Capped,entries_2025_2040,joint,EB-2 / India,still_dependent,50,232141.4,367.3261354653632,51.94776025892134,232037.00706735934,232245.79293264064,50,0,0
catchall_60_65,primary,Capped,entries_2025_2040,joint,EB-2 / China,still_dependent,50,29138.34,192.95633533765815,27.288146638032703,29083.50241624906,29193.17758375094,50,0,0
catchall_60_65,primary,Capped,entries_2025_2040,joint,EB-2 / ROW,still_dependent,50,52596.58,417.113848795677,58.988806202048686,52478.03755578855,52715.122444211454,50,0,0
catchall_60_65,primary,Capped,entries_2025_2040,joint,EB-3 / India,still_dependent,50,57594.32,299.63586336125536,42.37491017388589,57509.16442983898,57679.47557016102,50,0,0
catchall_60_65,primary,Capped,entries_2025_2040,joint,EB-3 / China,still_dependent,50,23880.7,159.46943280767007,22.5523834660552,23835.37928864837,23926.02071135163,50,0,0
catchall_60_65,primary,Capped,entries_2025_2040,joint,EB-3 / ROW,still_dependent,50,111746.78,501.1111445414814,70.86781768668673,111604.36578846745,111889.19421153255,50,0,0
catchall_60_65,primary,Capped,entries_2025_2040,joint,EB-4 / India,still_dependent,50,8221.8,147.13009653406215,20.80733779517334,8179.986089216236,8263.613910783763,50,0,0
catchall_60_65,primary,Capped,entries_2025_2040,joint,EB-4 / China,still_dependent,50,0.0,0.0,0.0,0.0,0.0,0,50,0
catchall_60_65,primary,Capped,entries_2025_2040,joint,EB-4 / ROW,still_dependent,50,92172.42,345.26801715981367,48.8282712521075,92074.29591521993,92270.54408478006,50,0,0
catchall_60_65,primary,Capped,entries_2025_2040,joint,EB-5 / India,still_dependent,50,4783.14,96.76143817847763,13.684133818672885,4755.640703536433,4810.639296463568,50,0,0
catchall_60_65,primary,Capped,entries_2025_2040,joint,EB-5 / China,still_dependent,50,10458.94,111.90327638325037,15.825513113517754,10427.137440732211,10490.74255926779,50,0,0
catchall_60_65,primary,Capped,entries_2025_2040,joint,EB-5 / ROW,still_dependent,50,0.0,0.0,0.0,0.0,0.0,0,50,0
catchall_55_60,sensitivity,Uncapped,all_entries_2009_2040,overall,All,still_dependent,1,754712.0,,,,,1,0,0
catchall_55_60,sensitivity,Uncapped,all_entries_2009_2040,nationality,India,still_dependent,1,300574.0,,,,,1,0,0
catchall_55_60,sensitivity,Uncapped,all_entries_2009_2040,nationality,China,still_dependent,1,61634.0,,,,,1,0,0
catchall_55_60,sensitivity,Uncapped,all_entries_2009_2040,nationality,ROW,still_dependent,1,392504.0,,,,,1,0,0
catchall_55_60,sensitivity,Uncapped,all_entries_2009_2040,category,EB-1,still_dependent,1,60627.0,,,,,1,0,0
catchall_55_60,sensitivity,Uncapped,all_entries_2009_2040,category,EB-2,still_dependent,1,382641.0,,,,,1,0,0
catchall_55_60,sensitivity,Uncapped,all_entries_2009_2040,category,EB-3,still_dependent,1,209729.0,,,,,1,0,0
catchall_55_60,sensitivity,Uncapped,all_entries_2009_2040,category,EB-4,still_dependent,1,89129.0,,,,,1,0,0
catchall_55_60,sensitivity,Uncapped,all_entries_2009_2040,category,EB-5,still_dependent,1,12586.0,,,,,1,0,0
catchall_55_60,sensitivity,Uncapped,all_entries_2009_2040,joint,EB-1 / India,still_dependent,1,19716.0,,,,,1,0,0
catchall_55_60,sensitivity,Uncapped,all_entries_2009_2040,joint,EB-1 / China,still_dependent,1,7707.0,,,,,1,0,0
catchall_55_60,sensitivity,Uncapped,all_entries_2009_2040,joint,EB-1 / ROW,still_dependent,1,33204.0,,,,,1,0,0
catchall_55_60,sensitivity,Uncapped,all_entries_2009_2040,joint,EB-2 / India,still_dependent,1,224482.0,,,,,1,0,0
catchall_55_60,sensitivity,Uncapped,all_entries_2009_2040,joint,EB-2 / China,still_dependent,1,28272.0,,,,,1,0,0
catchall_55_60,sensitivity,Uncapped,all_entries_2009_2040,joint,EB-2 / ROW,still_dependent,1,129887.0,,,,,1,0,0
catchall_55_60,sensitivity,Uncapped,all_entries_2009_2040,joint,EB-3 / India,still_dependent,1,46388.0,,,,,1,0,0
catchall_55_60,sensitivity,Uncapped,all_entries_2009_2040,joint,EB-3 / China,still_dependent,1,19737.0,,,,,1,0,0
catchall_55_60,sensitivity,Uncapped,all_entries_2009_2040,joint,EB-3 / ROW,still_dependent,1,143604.0,,,,,1,0,0
catchall_55_60,sensitivity,Uncapped,all_entries_2009_2040,joint,EB-4 / India,still_dependent,1,7362.0,,,,,1,0,0
catchall_55_60,sensitivity,Uncapped,all_entries_2009_2040,joint,EB-4 / China,still_dependent,1,400.0,,,,,1,0,0
catchall_55_60,sensitivity,Uncapped,all_entries_2009_2040,joint,EB-4 / ROW,still_dependent,1,81367.0,,,,,1,0,0
catchall_55_60,sensitivity,Uncapped,all_entries_2009_2040,joint,EB-5 / India,still_dependent,1,2626.0,,,,,1,0,0
catchall_55_60,sensitivity,Uncapped,all_entries_2009_2040,joint,EB-5 / China,still_dependent,1,5518.0,,,,,1,0,0
catchall_55_60,sensitivity,Uncapped,all_entries_2009_2040,joint,EB-5 / ROW,still_dependent,1,4442.0,,,,,1,0,0
catchall_55_60,sensitivity,Uncapped,entries_2009_2024,overall,All,still_dependent,1,4079.0,,,,,1,0,0
catchall_55_60,sensitivity,Uncapped,entries_2009_2024,nationality,India,still_dependent,1,2302.0,,,,,1,0,0
catchall_55_60,sensitivity,Uncapped,entries_2009_2024,nationality,China,still_dependent,1,244.0,,,,,1,0,0
catchall_55_60,sensitivity,Uncapped,entries_2009_2024,nationality,ROW,still_dependent,1,1533.0,,,,,1,0,0
catchall_55_60,sensitivity,Uncapped,entries_2009_2024,category,EB-1,still_dependent,1,0.0,,,,,0,1,0
catchall_55_60,sensitivity,Uncapped,entries_2009_2024,category,EB-2,still_dependent,1,3319.0,,,,,1,0,0
catchall_55_60,sensitivity,Uncapped,entries_2009_2024,category,EB-3,still_dependent,1,0.0,,,,,0,1,0
catchall_55_60,sensitivity,Uncapped,entries_2009_2024,category,EB-4,still_dependent,1,760.0,,,,,1,0,0
catchall_55_60,sensitivity,Uncapped,entries_2009_2024,category,EB-5,still_dependent,1,0.0,,,,,0,1,0
catchall_55_60,sensitivity,Uncapped,entries_2009_2024,joint,EB-1 / India,still_dependent,1,0.0,,,,,0,1,0
catchall_55_60,sensitivity,Uncapped,entries_2009_2024,joint,EB-1 / China,still_dependent,1,0.0,,,,,0,1,0
catchall_55_60,sensitivity,Uncapped,entries_2009_2024,joint,EB-1 / ROW,still_dependent,1,0.0,,,,,0,1,0
catchall_55_60,sensitivity,Uncapped,entries_2009_2024,joint,EB-2 / India,still_dependent,1,2213.0,,,,,1,0,0
catchall_55_60,sensitivity,Uncapped,entries_2009_2024,joint,EB-2 / China,still_dependent,1,244.0,,,,,1,0,0
catchall_55_60,sensitivity,Uncapped,entries_2009_2024,joint,EB-2 / ROW,still_dependent,1,862.0,,,,,1,0,0
catchall_55_60,sensitivity,Uncapped,entries_2009_2024,joint,EB-3 / India,still_dependent,1,0.0,,,,,0,1,0
catchall_55_60,sensitivity,Uncapped,entries_2009_2024,joint,EB-3 / China,still_dependent,1,0.0,,,,,0,1,0
catchall_55_60,sensitivity,Uncapped,entries_2009_2024,joint,EB-3 / ROW,still_dependent,1,0.0,,,,,0,1,0
catchall_55_60,sensitivity,Uncapped,entries_2009_2024,joint,EB-4 / India,still_dependent,1,89.0,,,,,1,0,0
catchall_55_60,sensitivity,Uncapped,entries_2009_2024,joint,EB-4 / China,still_dependent,1,0.0,,,,,0,1,0
catchall_55_60,sensitivity,Uncapped,entries_2009_2024,joint,EB-4 / ROW,still_dependent,1,671.0,,,,,1,0,0
catchall_55_60,sensitivity,Uncapped,entries_2009_2024,joint,EB-5 / India,still_dependent,1,0.0,,,,,0,1,0
catchall_55_60,sensitivity,Uncapped,entries_2009_2024,joint,EB-5 / China,still_dependent,1,0.0,,,,,0,1,0
catchall_55_60,sensitivity,Uncapped,entries_2009_2024,joint,EB-5 / ROW,still_dependent,1,0.0,,,,,0,1,0
catchall_55_60,sensitivity,Uncapped,entries_2025_2040,overall,All,still_dependent,1,750633.0,,,,,1,0,0
catchall_55_60,sensitivity,Uncapped,entries_2025_2040,nationality,India,still_dependent,1,298272.0,,,,,1,0,0
catchall_55_60,sensitivity,Uncapped,entries_2025_2040,nationality,China,still_dependent,1,61390.0,,,,,1,0,0
catchall_55_60,sensitivity,Uncapped,entries_2025_2040,nationality,ROW,still_dependent,1,390971.0,,,,,1,0,0
catchall_55_60,sensitivity,Uncapped,entries_2025_2040,category,EB-1,still_dependent,1,60627.0,,,,,1,0,0
catchall_55_60,sensitivity,Uncapped,entries_2025_2040,category,EB-2,still_dependent,1,379322.0,,,,,1,0,0
catchall_55_60,sensitivity,Uncapped,entries_2025_2040,category,EB-3,still_dependent,1,209729.0,,,,,1,0,0
catchall_55_60,sensitivity,Uncapped,entries_2025_2040,category,EB-4,still_dependent,1,88369.0,,,,,1,0,0
catchall_55_60,sensitivity,Uncapped,entries_2025_2040,category,EB-5,still_dependent,1,12586.0,,,,,1,0,0
catchall_55_60,sensitivity,Uncapped,entries_2025_2040,joint,EB-1 / India,still_dependent,1,19716.0,,,,,1,0,0
catchall_55_60,sensitivity,Uncapped,entries_2025_2040,joint,EB-1 / China,still_dependent,1,7707.0,,,,,1,0,0
catchall_55_60,sensitivity,Uncapped,entries_2025_2040,joint,EB-1 / ROW,still_dependent,1,33204.0,,,,,1,0,0
catchall_55_60,sensitivity,Uncapped,entries_2025_2040,joint,EB-2 / India,still_dependent,1,222269.0,,,,,1,0,0
catchall_55_60,sensitivity,Uncapped,entries_2025_2040,joint,EB-2 / China,still_dependent,1,28028.0,,,,,1,0,0
catchall_55_60,sensitivity,Uncapped,entries_2025_2040,joint,EB-2 / ROW,still_dependent,1,129025.0,,,,,1,0,0
catchall_55_60,sensitivity,Uncapped,entries_2025_2040,joint,EB-3 / India,still_dependent,1,46388.0,,,,,1,0,0
catchall_55_60,sensitivity,Uncapped,entries_2025_2040,joint,EB-3 / China,still_dependent,1,19737.0,,,,,1,0,0
catchall_55_60,sensitivity,Uncapped,entries_2025_2040,joint,EB-3 / ROW,still_dependent,1,143604.0,,,,,1,0,0
catchall_55_60,sensitivity,Uncapped,entries_2025_2040,joint,EB-4 / India,still_dependent,1,7273.0,,,,,1,0,0
catchall_55_60,sensitivity,Uncapped,entries_2025_2040,joint,EB-4 / China,still_dependent,1,400.0,,,,,1,0,0
catchall_55_60,sensitivity,Uncapped,entries_2025_2040,joint,EB-4 / ROW,still_dependent,1,80696.0,,,,,1,0,0
catchall_55_60,sensitivity,Uncapped,entries_2025_2040,joint,EB-5 / India,still_dependent,1,2626.0,,,,,1,0,0
catchall_55_60,sensitivity,Uncapped,entries_2025_2040,joint,EB-5 / China,still_dependent,1,5518.0,,,,,1,0,0
catchall_55_60,sensitivity,Uncapped,entries_2025_2040,joint,EB-5 / ROW,still_dependent,1,4442.0,,,,,1,0,0
catchall_55_60,sensitivity,Capped,all_entries_2009_2040,overall,All,still_dependent,1,656270.0,,,,,1,0,0
catchall_55_60,sensitivity,Capped,all_entries_2009_2040,nationality,India,still_dependent,1,350009.0,,,,,1,0,0
catchall_55_60,sensitivity,Capped,all_entries_2009_2040,nationality,China,still_dependent,1,73991.0,,,,,1,0,0
catchall_55_60,sensitivity,Capped,all_entries_2009_2040,nationality,ROW,still_dependent,1,232270.0,,,,,1,0,0
catchall_55_60,sensitivity,Capped,all_entries_2009_2040,category,EB-1,still_dependent,1,51832.0,,,,,1,0,0
catchall_55_60,sensitivity,Capped,all_entries_2009_2040,category,EB-2,still_dependent,1,315842.0,,,,,1,0,0
catchall_55_60,sensitivity,Capped,all_entries_2009_2040,category,EB-3,still_dependent,1,188949.0,,,,,1,0,0
catchall_55_60,sensitivity,Capped,all_entries_2009_2040,category,EB-4,still_dependent,1,88312.0,,,,,1,0,0
catchall_55_60,sensitivity,Capped,all_entries_2009_2040,category,EB-5,still_dependent,1,11335.0,,,,,1,0,0
catchall_55_60,sensitivity,Capped,all_entries_2009_2040,joint,EB-1 / India,still_dependent,1,37370.0,,,,,1,0,0
catchall_55_60,sensitivity,Capped,all_entries_2009_2040,joint,EB-1 / China,still_dependent,1,14462.0,,,,,1,0,0
catchall_55_60,sensitivity,Capped,all_entries_2009_2040,joint,EB-1 / ROW,still_dependent,1,0.0,,,,,0,1,0
catchall_55_60,sensitivity,Capped,all_entries_2009_2040,joint,EB-2 / India,still_dependent,1,238574.0,,,,,1,0,0
catchall_55_60,sensitivity,Capped,all_entries_2009_2040,joint,EB-2 / China,still_dependent,1,29444.0,,,,,1,0,0
catchall_55_60,sensitivity,Capped,all_entries_2009_2040,joint,EB-2 / ROW,still_dependent,1,47824.0,,,,,1,0,0
catchall_55_60,sensitivity,Capped,all_entries_2009_2040,joint,EB-3 / India,still_dependent,1,63543.0,,,,,1,0,0
catchall_55_60,sensitivity,Capped,all_entries_2009_2040,joint,EB-3 / China,still_dependent,1,22398.0,,,,,1,0,0
catchall_55_60,sensitivity,Capped,all_entries_2009_2040,joint,EB-3 / ROW,still_dependent,1,103008.0,,,,,1,0,0
catchall_55_60,sensitivity,Capped,all_entries_2009_2040,joint,EB-4 / India,still_dependent,1,6874.0,,,,,1,0,0
catchall_55_60,sensitivity,Capped,all_entries_2009_2040,joint,EB-4 / China,still_dependent,1,0.0,,,,,0,1,0
catchall_55_60,sensitivity,Capped,all_entries_2009_2040,joint,EB-4 / ROW,still_dependent,1,81438.0,,,,,1,0,0
catchall_55_60,sensitivity,Capped,all_entries_2009_2040,joint,EB-5 / India,still_dependent,1,3648.0,,,,,1,0,0
catchall_55_60,sensitivity,Capped,all_entries_2009_2040,joint,EB-5 / China,still_dependent,1,7687.0,,,,,1,0,0
catchall_55_60,sensitivity,Capped,all_entries_2009_2040,joint,EB-5 / ROW,still_dependent,1,0.0,,,,,0,1,0
catchall_55_60,sensitivity,Capped,entries_2009_2024,overall,All,still_dependent,1,26438.0,,,,,1,0,0
catchall_55_60,sensitivity,Capped,entries_2009_2024,nationality,India,still_dependent,1,24095.0,,,,,1,0,0
catchall_55_60,sensitivity,Capped,entries_2009_2024,nationality,China,still_dependent,1,1446.0,,,,,1,0,0
catchall_55_60,sensitivity,Capped,entries_2009_2024,nationality,ROW,still_dependent,1,897.0,,,,,1,0,0
catchall_55_60,sensitivity,Capped,entries_2009_2024,category,EB-1,still_dependent,1,0.0,,,,,0,1,0
catchall_55_60,sensitivity,Capped,entries_2009_2024,category,EB-2,still_dependent,1,17823.0,,,,,1,0,0
catchall_55_60,sensitivity,Capped,entries_2009_2024,category,EB-3,still_dependent,1,7718.0,,,,,1,0,0
catchall_55_60,sensitivity,Capped,entries_2009_2024,category,EB-4,still_dependent,1,897.0,,,,,1,0,0
catchall_55_60,sensitivity,Capped,entries_2009_2024,category,EB-5,still_dependent,1,0.0,,,,,0,1,0
catchall_55_60,sensitivity,Capped,entries_2009_2024,joint,EB-1 / India,still_dependent,1,0.0,,,,,0,1,0
catchall_55_60,sensitivity,Capped,entries_2009_2024,joint,EB-1 / China,still_dependent,1,0.0,,,,,0,1,0
catchall_55_60,sensitivity,Capped,entries_2009_2024,joint,EB-1 / ROW,still_dependent,1,0.0,,,,,0,1,0
catchall_55_60,sensitivity,Capped,entries_2009_2024,joint,EB-2 / India,still_dependent,1,16377.0,,,,,1,0,0
catchall_55_60,sensitivity,Capped,entries_2009_2024,joint,EB-2 / China,still_dependent,1,1446.0,,,,,1,0,0
catchall_55_60,sensitivity,Capped,entries_2009_2024,joint,EB-2 / ROW,still_dependent,1,0.0,,,,,0,1,0
catchall_55_60,sensitivity,Capped,entries_2009_2024,joint,EB-3 / India,still_dependent,1,7718.0,,,,,1,0,0
catchall_55_60,sensitivity,Capped,entries_2009_2024,joint,EB-3 / China,still_dependent,1,0.0,,,,,0,1,0
catchall_55_60,sensitivity,Capped,entries_2009_2024,joint,EB-3 / ROW,still_dependent,1,0.0,,,,,0,1,0
catchall_55_60,sensitivity,Capped,entries_2009_2024,joint,EB-4 / India,still_dependent,1,0.0,,,,,0,1,0
catchall_55_60,sensitivity,Capped,entries_2009_2024,joint,EB-4 / China,still_dependent,1,0.0,,,,,0,1,0
catchall_55_60,sensitivity,Capped,entries_2009_2024,joint,EB-4 / ROW,still_dependent,1,897.0,,,,,1,0,0
catchall_55_60,sensitivity,Capped,entries_2009_2024,joint,EB-5 / India,still_dependent,1,0.0,,,,,0,1,0
catchall_55_60,sensitivity,Capped,entries_2009_2024,joint,EB-5 / China,still_dependent,1,0.0,,,,,0,1,0
catchall_55_60,sensitivity,Capped,entries_2009_2024,joint,EB-5 / ROW,still_dependent,1,0.0,,,,,0,1,0
catchall_55_60,sensitivity,Capped,entries_2025_2040,overall,All,still_dependent,1,629832.0,,,,,1,0,0
catchall_55_60,sensitivity,Capped,entries_2025_2040,nationality,India,still_dependent,1,325914.0,,,,,1,0,0
catchall_55_60,sensitivity,Capped,entries_2025_2040,nationality,China,still_dependent,1,72545.0,,,,,1,0,0
catchall_55_60,sensitivity,Capped,entries_2025_2040,nationality,ROW,still_dependent,1,231373.0,,,,,1,0,0
catchall_55_60,sensitivity,Capped,entries_2025_2040,category,EB-1,still_dependent,1,51832.0,,,,,1,0,0
catchall_55_60,sensitivity,Capped,entries_2025_2040,category,EB-2,still_dependent,1,298019.0,,,,,1,0,0
catchall_55_60,sensitivity,Capped,entries_2025_2040,category,EB-3,still_dependent,1,181231.0,,,,,1,0,0
catchall_55_60,sensitivity,Capped,entries_2025_2040,category,EB-4,still_dependent,1,87415.0,,,,,1,0,0
catchall_55_60,sensitivity,Capped,entries_2025_2040,category,EB-5,still_dependent,1,11335.0,,,,,1,0,0
catchall_55_60,sensitivity,Capped,entries_2025_2040,joint,EB-1 / India,still_dependent,1,37370.0,,,,,1,0,0
catchall_55_60,sensitivity,Capped,entries_2025_2040,joint,EB-1 / China,still_dependent,1,14462.0,,,,,1,0,0
catchall_55_60,sensitivity,Capped,entries_2025_2040,joint,EB-1 / ROW,still_dependent,1,0.0,,,,,0,1,0
catchall_55_60,sensitivity,Capped,entries_2025_2040,joint,EB-2 / India,still_dependent,1,222197.0,,,,,1,0,0
catchall_55_60,sensitivity,Capped,entries_2025_2040,joint,EB-2 / China,still_dependent,1,27998.0,,,,,1,0,0
catchall_55_60,sensitivity,Capped,entries_2025_2040,joint,EB-2 / ROW,still_dependent,1,47824.0,,,,,1,0,0
catchall_55_60,sensitivity,Capped,entries_2025_2040,joint,EB-3 / India,still_dependent,1,55825.0,,,,,1,0,0
catchall_55_60,sensitivity,Capped,entries_2025_2040,joint,EB-3 / China,still_dependent,1,22398.0,,,,,1,0,0
catchall_55_60,sensitivity,Capped,entries_2025_2040,joint,EB-3 / ROW,still_dependent,1,103008.0,,,,,1,0,0
catchall_55_60,sensitivity,Capped,entries_2025_2040,joint,EB-4 / India,still_dependent,1,6874.0,,,,,1,0,0
catchall_55_60,sensitivity,Capped,entries_2025_2040,joint,EB-4 / China,still_dependent,1,0.0,,,,,0,1,0
catchall_55_60,sensitivity,Capped,entries_2025_2040,joint,EB-4 / ROW,still_dependent,1,80541.0,,,,,1,0,0
catchall_55_60,sensitivity,Capped,entries_2025_2040,joint,EB-5 / India,still_dependent,1,3648.0,,,,,1,0,0
catchall_55_60,sensitivity,Capped,entries_2025_2040,joint,EB-5 / China,still_dependent,1,7687.0,,,,,1,0,0
catchall_55_60,sensitivity,Capped,entries_2025_2040,joint,EB-5 / ROW,still_dependent,1,0.0,,,,,0,1,0
catchall_65_70,sensitivity,Uncapped,all_entries_2009_2040,overall,All,still_dependent,1,858932.0,,,,,1,0,0
catchall_65_70,sensitivity,Uncapped,all_entries_2009_2040,nationality,India,still_dependent,1,331183.0,,,,,1,0,0
catchall_65_70,sensitivity,Uncapped,all_entries_2009_2040,nationality,China,still_dependent,1,70030.0,,,,,1,0,0
catchall_65_70,sensitivity,Uncapped,all_entries_2009_2040,nationality,ROW,still_dependent,1,457719.0,,,,,1,0,0
catchall_65_70,sensitivity,Uncapped,all_entries_2009_2040,category,EB-1,still_dependent,1,67227.0,,,,,1,0,0
catchall_65_70,sensitivity,Uncapped,all_entries_2009_2040,category,EB-2,still_dependent,1,428318.0,,,,,1,0,0
catchall_65_70,sensitivity,Uncapped,all_entries_2009_2040,category,EB-3,still_dependent,1,235844.0,,,,,1,0,0
catchall_65_70,sensitivity,Uncapped,all_entries_2009_2040,category,EB-4,still_dependent,1,109605.0,,,,,1,0,0
catchall_65_70,sensitivity,Uncapped,all_entries_2009_2040,category,EB-5,still_dependent,1,17938.0,,,,,1,0,0
catchall_65_70,sensitivity,Uncapped,all_entries_2009_2040,joint,EB-1 / India,still_dependent,1,21524.0,,,,,1,0,0
catchall_65_70,sensitivity,Uncapped,all_entries_2009_2040,joint,EB-1 / China,still_dependent,1,8497.0,,,,,1,0,0
catchall_65_70,sensitivity,Uncapped,all_entries_2009_2040,joint,EB-1 / ROW,still_dependent,1,37206.0,,,,,1,0,0
catchall_65_70,sensitivity,Uncapped,all_entries_2009_2040,joint,EB-2 / India,still_dependent,1,246395.0,,,,,1,0,0
catchall_65_70,sensitivity,Uncapped,all_entries_2009_2040,joint,EB-2 / China,still_dependent,1,30949.0,,,,,1,0,0
catchall_65_70,sensitivity,Uncapped,all_entries_2009_2040,joint,EB-2 / ROW,still_dependent,1,150974.0,,,,,1,0,0
catchall_65_70,sensitivity,Uncapped,all_entries_2009_2040,joint,EB-3 / India,still_dependent,1,50526.0,,,,,1,0,0
catchall_65_70,sensitivity,Uncapped,all_entries_2009_2040,joint,EB-3 / China,still_dependent,1,22319.0,,,,,1,0,0
catchall_65_70,sensitivity,Uncapped,all_entries_2009_2040,joint,EB-3 / ROW,still_dependent,1,162999.0,,,,,1,0,0
catchall_65_70,sensitivity,Uncapped,all_entries_2009_2040,joint,EB-4 / India,still_dependent,1,9063.0,,,,,1,0,0
catchall_65_70,sensitivity,Uncapped,all_entries_2009_2040,joint,EB-4 / China,still_dependent,1,450.0,,,,,1,0,0
catchall_65_70,sensitivity,Uncapped,all_entries_2009_2040,joint,EB-4 / ROW,still_dependent,1,100092.0,,,,,1,0,0
catchall_65_70,sensitivity,Uncapped,all_entries_2009_2040,joint,EB-5 / India,still_dependent,1,3675.0,,,,,1,0,0
catchall_65_70,sensitivity,Uncapped,all_entries_2009_2040,joint,EB-5 / China,still_dependent,1,7815.0,,,,,1,0,0
catchall_65_70,sensitivity,Uncapped,all_entries_2009_2040,joint,EB-5 / ROW,still_dependent,1,6448.0,,,,,1,0,0
catchall_65_70,sensitivity,Uncapped,entries_2009_2024,overall,All,still_dependent,1,19815.0,,,,,1,0,0
catchall_65_70,sensitivity,Uncapped,entries_2009_2024,nationality,India,still_dependent,1,11508.0,,,,,1,0,0
catchall_65_70,sensitivity,Uncapped,entries_2009_2024,nationality,China,still_dependent,1,1160.0,,,,,1,0,0
catchall_65_70,sensitivity,Uncapped,entries_2009_2024,nationality,ROW,still_dependent,1,7147.0,,,,,1,0,0
catchall_65_70,sensitivity,Uncapped,entries_2009_2024,category,EB-1,still_dependent,1,0.0,,,,,0,1,0
catchall_65_70,sensitivity,Uncapped,entries_2009_2024,category,EB-2,still_dependent,1,17139.0,,,,,1,0,0
catchall_65_70,sensitivity,Uncapped,entries_2009_2024,category,EB-3,still_dependent,1,0.0,,,,,0,1,0
catchall_65_70,sensitivity,Uncapped,entries_2009_2024,category,EB-4,still_dependent,1,2676.0,,,,,1,0,0
catchall_65_70,sensitivity,Uncapped,entries_2009_2024,category,EB-5,still_dependent,1,0.0,,,,,0,1,0
catchall_65_70,sensitivity,Uncapped,entries_2009_2024,joint,EB-1 / India,still_dependent,1,0.0,,,,,0,1,0
catchall_65_70,sensitivity,Uncapped,entries_2009_2024,joint,EB-1 / China,still_dependent,1,0.0,,,,,0,1,0
catchall_65_70,sensitivity,Uncapped,entries_2009_2024,joint,EB-1 / ROW,still_dependent,1,0.0,,,,,0,1,0
catchall_65_70,sensitivity,Uncapped,entries_2009_2024,joint,EB-2 / India,still_dependent,1,11252.0,,,,,1,0,0
catchall_65_70,sensitivity,Uncapped,entries_2009_2024,joint,EB-2 / China,still_dependent,1,1160.0,,,,,1,0,0
catchall_65_70,sensitivity,Uncapped,entries_2009_2024,joint,EB-2 / ROW,still_dependent,1,4727.0,,,,,1,0,0
catchall_65_70,sensitivity,Uncapped,entries_2009_2024,joint,EB-3 / India,still_dependent,1,0.0,,,,,0,1,0
catchall_65_70,sensitivity,Uncapped,entries_2009_2024,joint,EB-3 / China,still_dependent,1,0.0,,,,,0,1,0
catchall_65_70,sensitivity,Uncapped,entries_2009_2024,joint,EB-3 / ROW,still_dependent,1,0.0,,,,,0,1,0
catchall_65_70,sensitivity,Uncapped,entries_2009_2024,joint,EB-4 / India,still_dependent,1,256.0,,,,,1,0,0
catchall_65_70,sensitivity,Uncapped,entries_2009_2024,joint,EB-4 / China,still_dependent,1,0.0,,,,,0,1,0
catchall_65_70,sensitivity,Uncapped,entries_2009_2024,joint,EB-4 / ROW,still_dependent,1,2420.0,,,,,1,0,0
catchall_65_70,sensitivity,Uncapped,entries_2009_2024,joint,EB-5 / India,still_dependent,1,0.0,,,,,0,1,0
catchall_65_70,sensitivity,Uncapped,entries_2009_2024,joint,EB-5 / China,still_dependent,1,0.0,,,,,0,1,0
catchall_65_70,sensitivity,Uncapped,entries_2009_2024,joint,EB-5 / ROW,still_dependent,1,0.0,,,,,0,1,0
catchall_65_70,sensitivity,Uncapped,entries_2025_2040,overall,All,still_dependent,1,839117.0,,,,,1,0,0
catchall_65_70,sensitivity,Uncapped,entries_2025_2040,nationality,India,still_dependent,1,319675.0,,,,,1,0,0
catchall_65_70,sensitivity,Uncapped,entries_2025_2040,nationality,China,still_dependent,1,68870.0,,,,,1,0,0
catchall_65_70,sensitivity,Uncapped,entries_2025_2040,nationality,ROW,still_dependent,1,450572.0,,,,,1,0,0
catchall_65_70,sensitivity,Uncapped,entries_2025_2040,category,EB-1,still_dependent,1,67227.0,,,,,1,0,0
catchall_65_70,sensitivity,Uncapped,entries_2025_2040,category,EB-2,still_dependent,1,411179.0,,,,,1,0,0
catchall_65_70,sensitivity,Uncapped,entries_2025_2040,category,EB-3,still_dependent,1,235844.0,,,,,1,0,0
catchall_65_70,sensitivity,Uncapped,entries_2025_2040,category,EB-4,still_dependent,1,106929.0,,,,,1,0,0
catchall_65_70,sensitivity,Uncapped,entries_2025_2040,category,EB-5,still_dependent,1,17938.0,,,,,1,0,0
catchall_65_70,sensitivity,Uncapped,entries_2025_2040,joint,EB-1 / India,still_dependent,1,21524.0,,,,,1,0,0
catchall_65_70,sensitivity,Uncapped,entries_2025_2040,joint,EB-1 / China,still_dependent,1,8497.0,,,,,1,0,0
catchall_65_70,sensitivity,Uncapped,entries_2025_2040,joint,EB-1 / ROW,still_dependent,1,37206.0,,,,,1,0,0
catchall_65_70,sensitivity,Uncapped,entries_2025_2040,joint,EB-2 / India,still_dependent,1,235143.0,,,,,1,0,0
catchall_65_70,sensitivity,Uncapped,entries_2025_2040,joint,EB-2 / China,still_dependent,1,29789.0,,,,,1,0,0
catchall_65_70,sensitivity,Uncapped,entries_2025_2040,joint,EB-2 / ROW,still_dependent,1,146247.0,,,,,1,0,0
catchall_65_70,sensitivity,Uncapped,entries_2025_2040,joint,EB-3 / India,still_dependent,1,50526.0,,,,,1,0,0
catchall_65_70,sensitivity,Uncapped,entries_2025_2040,joint,EB-3 / China,still_dependent,1,22319.0,,,,,1,0,0
catchall_65_70,sensitivity,Uncapped,entries_2025_2040,joint,EB-3 / ROW,still_dependent,1,162999.0,,,,,1,0,0
catchall_65_70,sensitivity,Uncapped,entries_2025_2040,joint,EB-4 / India,still_dependent,1,8807.0,,,,,1,0,0
catchall_65_70,sensitivity,Uncapped,entries_2025_2040,joint,EB-4 / China,still_dependent,1,450.0,,,,,1,0,0
catchall_65_70,sensitivity,Uncapped,entries_2025_2040,joint,EB-4 / ROW,still_dependent,1,97672.0,,,,,1,0,0
catchall_65_70,sensitivity,Uncapped,entries_2025_2040,joint,EB-5 / India,still_dependent,1,3675.0,,,,,1,0,0
catchall_65_70,sensitivity,Uncapped,entries_2025_2040,joint,EB-5 / China,still_dependent,1,7815.0,,,,,1,0,0
catchall_65_70,sensitivity,Uncapped,entries_2025_2040,joint,EB-5 / ROW,still_dependent,1,6448.0,,,,,1,0,0
catchall_65_70,sensitivity,Capped,all_entries_2009_2040,overall,All,still_dependent,1,735274.0,,,,,1,0,0
catchall_65_70,sensitivity,Capped,all_entries_2009_2040,nationality,India,still_dependent,1,384172.0,,,,,1,0,0
catchall_65_70,sensitivity,Capped,all_entries_2009_2040,nationality,China,still_dependent,1,83584.0,,,,,1,0,0
catchall_65_70,sensitivity,Capped,all_entries_2009_2040,nationality,ROW,still_dependent,1,267518.0,,,,,1,0,0
catchall_65_70,sensitivity,Capped,all_entries_2009_2040,category,EB-1,still_dependent,1,56028.0,,,,,1,0,0
catchall_65_70,sensitivity,Capped,all_entries_2009_2040,category,EB-2,still_dependent,1,346221.0,,,,,1,0,0
catchall_65_70,sensitivity,Capped,all_entries_2009_2040,category,EB-3,still_dependent,1,208169.0,,,,,1,0,0
catchall_65_70,sensitivity,Capped,all_entries_2009_2040,category,EB-4,still_dependent,1,108948.0,,,,,1,0,0
catchall_65_70,sensitivity,Capped,all_entries_2009_2040,category,EB-5,still_dependent,1,15908.0,,,,,1,0,0
catchall_65_70,sensitivity,Capped,all_entries_2009_2040,joint,EB-1 / India,still_dependent,1,40256.0,,,,,1,0,0
catchall_65_70,sensitivity,Capped,all_entries_2009_2040,joint,EB-1 / China,still_dependent,1,15772.0,,,,,1,0,0
catchall_65_70,sensitivity,Capped,all_entries_2009_2040,joint,EB-1 / ROW,still_dependent,1,0.0,,,,,0,1,0
catchall_65_70,sensitivity,Capped,all_entries_2009_2040,joint,EB-2 / India,still_dependent,1,260627.0,,,,,1,0,0
catchall_65_70,sensitivity,Capped,all_entries_2009_2040,joint,EB-2 / China,still_dependent,1,31730.0,,,,,1,0,0
catchall_65_70,sensitivity,Capped,all_entries_2009_2040,joint,EB-2 / ROW,still_dependent,1,53864.0,,,,,1,0,0
catchall_65_70,sensitivity,Capped,all_entries_2009_2040,joint,EB-3 / India,still_dependent,1,69486.0,,,,,1,0,0
catchall_65_70,sensitivity,Capped,all_entries_2009_2040,joint,EB-3 / China,still_dependent,1,25200.0,,,,,1,0,0
catchall_65_70,sensitivity,Capped,all_entries_2009_2040,joint,EB-3 / ROW,still_dependent,1,113483.0,,,,,1,0,0
catchall_65_70,sensitivity,Capped,all_entries_2009_2040,joint,EB-4 / India,still_dependent,1,8777.0,,,,,1,0,0
catchall_65_70,sensitivity,Capped,all_entries_2009_2040,joint,EB-4 / China,still_dependent,1,0.0,,,,,0,1,0
catchall_65_70,sensitivity,Capped,all_entries_2009_2040,joint,EB-4 / ROW,still_dependent,1,100171.0,,,,,1,0,0
catchall_65_70,sensitivity,Capped,all_entries_2009_2040,joint,EB-5 / India,still_dependent,1,5026.0,,,,,1,0,0
catchall_65_70,sensitivity,Capped,all_entries_2009_2040,joint,EB-5 / China,still_dependent,1,10882.0,,,,,1,0,0
catchall_65_70,sensitivity,Capped,all_entries_2009_2040,joint,EB-5 / ROW,still_dependent,1,0.0,,,,,0,1,0
catchall_65_70,sensitivity,Capped,entries_2009_2024,overall,All,still_dependent,1,41589.0,,,,,1,0,0
catchall_65_70,sensitivity,Capped,entries_2009_2024,nationality,India,still_dependent,1,36469.0,,,,,1,0,0
catchall_65_70,sensitivity,Capped,entries_2009_2024,nationality,China,still_dependent,1,2499.0,,,,,1,0,0
catchall_65_70,sensitivity,Capped,entries_2009_2024,nationality,ROW,still_dependent,1,2621.0,,,,,1,0,0
catchall_65_70,sensitivity,Capped,entries_2009_2024,category,EB-1,still_dependent,1,0.0,,,,,0,1,0
catchall_65_70,sensitivity,Capped,entries_2009_2024,category,EB-2,still_dependent,1,27145.0,,,,,1,0,0
catchall_65_70,sensitivity,Capped,entries_2009_2024,category,EB-3,still_dependent,1,11823.0,,,,,1,0,0
catchall_65_70,sensitivity,Capped,entries_2009_2024,category,EB-4,still_dependent,1,2621.0,,,,,1,0,0
catchall_65_70,sensitivity,Capped,entries_2009_2024,category,EB-5,still_dependent,1,0.0,,,,,0,1,0
catchall_65_70,sensitivity,Capped,entries_2009_2024,joint,EB-1 / India,still_dependent,1,0.0,,,,,0,1,0
catchall_65_70,sensitivity,Capped,entries_2009_2024,joint,EB-1 / China,still_dependent,1,0.0,,,,,0,1,0
catchall_65_70,sensitivity,Capped,entries_2009_2024,joint,EB-1 / ROW,still_dependent,1,0.0,,,,,0,1,0
catchall_65_70,sensitivity,Capped,entries_2009_2024,joint,EB-2 / India,still_dependent,1,25069.0,,,,,1,0,0
catchall_65_70,sensitivity,Capped,entries_2009_2024,joint,EB-2 / China,still_dependent,1,2076.0,,,,,1,0,0
catchall_65_70,sensitivity,Capped,entries_2009_2024,joint,EB-2 / ROW,still_dependent,1,0.0,,,,,0,1,0
catchall_65_70,sensitivity,Capped,entries_2009_2024,joint,EB-3 / India,still_dependent,1,11400.0,,,,,1,0,0
catchall_65_70,sensitivity,Capped,entries_2009_2024,joint,EB-3 / China,still_dependent,1,423.0,,,,,1,0,0
catchall_65_70,sensitivity,Capped,entries_2009_2024,joint,EB-3 / ROW,still_dependent,1,0.0,,,,,0,1,0
catchall_65_70,sensitivity,Capped,entries_2009_2024,joint,EB-4 / India,still_dependent,1,0.0,,,,,0,1,0
catchall_65_70,sensitivity,Capped,entries_2009_2024,joint,EB-4 / China,still_dependent,1,0.0,,,,,0,1,0
catchall_65_70,sensitivity,Capped,entries_2009_2024,joint,EB-4 / ROW,still_dependent,1,2621.0,,,,,1,0,0
catchall_65_70,sensitivity,Capped,entries_2009_2024,joint,EB-5 / India,still_dependent,1,0.0,,,,,0,1,0
catchall_65_70,sensitivity,Capped,entries_2009_2024,joint,EB-5 / China,still_dependent,1,0.0,,,,,0,1,0
catchall_65_70,sensitivity,Capped,entries_2009_2024,joint,EB-5 / ROW,still_dependent,1,0.0,,,,,0,1,0
catchall_65_70,sensitivity,Capped,entries_2025_2040,overall,All,still_dependent,1,693685.0,,,,,1,0,0
catchall_65_70,sensitivity,Capped,entries_2025_2040,nationality,India,still_dependent,1,347703.0,,,,,1,0,0
catchall_65_70,sensitivity,Capped,entries_2025_2040,nationality,China,still_dependent,1,81085.0,,,,,1,0,0
catchall_65_70,sensitivity,Capped,entries_2025_2040,nationality,ROW,still_dependent,1,264897.0,,,,,1,0,0
catchall_65_70,sensitivity,Capped,entries_2025_2040,category,EB-1,still_dependent,1,56028.0,,,,,1,0,0
catchall_65_70,sensitivity,Capped,entries_2025_2040,category,EB-2,still_dependent,1,319076.0,,,,,1,0,0
catchall_65_70,sensitivity,Capped,entries_2025_2040,category,EB-3,still_dependent,1,196346.0,,,,,1,0,0
catchall_65_70,sensitivity,Capped,entries_2025_2040,category,EB-4,still_dependent,1,106327.0,,,,,1,0,0
catchall_65_70,sensitivity,Capped,entries_2025_2040,category,EB-5,still_dependent,1,15908.0,,,,,1,0,0
catchall_65_70,sensitivity,Capped,entries_2025_2040,joint,EB-1 / India,still_dependent,1,40256.0,,,,,1,0,0
catchall_65_70,sensitivity,Capped,entries_2025_2040,joint,EB-1 / China,still_dependent,1,15772.0,,,,,1,0,0
catchall_65_70,sensitivity,Capped,entries_2025_2040,joint,EB-1 / ROW,still_dependent,1,0.0,,,,,0,1,0
catchall_65_70,sensitivity,Capped,entries_2025_2040,joint,EB-2 / India,still_dependent,1,235558.0,,,,,1,0,0
catchall_65_70,sensitivity,Capped,entries_2025_2040,joint,EB-2 / China,still_dependent,1,29654.0,,,,,1,0,0
catchall_65_70,sensitivity,Capped,entries_2025_2040,joint,EB-2 / ROW,still_dependent,1,53864.0,,,,,1,0,0
catchall_65_70,sensitivity,Capped,entries_2025_2040,joint,EB-3 / India,still_dependent,1,58086.0,,,,,1,0,0
catchall_65_70,sensitivity,Capped,entries_2025_2040,joint,EB-3 / China,still_dependent,1,24777.0,,,,,1,0,0
catchall_65_70,sensitivity,Capped,entries_2025_2040,joint,EB-3 / ROW,still_dependent,1,113483.0,,,,,1,0,0
catchall_65_70,sensitivity,Capped,entries_2025_2040,joint,EB-4 / India,still_dependent,1,8777.0,,,,,1,0,0
catchall_65_70,sensitivity,Capped,entries_2025_2040,joint,EB-4 / China,still_dependent,1,0.0,,,,,0,1,0
catchall_65_70,sensitivity,Capped,entries_2025_2040,joint,EB-4 / ROW,still_dependent,1,97550.0,,,,,1,0,0
catchall_65_70,sensitivity,Capped,entries_2025_2040,joint,EB-5 / India,still_dependent,1,5026.0,,,,,1,0,0
catchall_65_70,sensitivity,Capped,entries_2025_2040,joint,EB-5 / China,still_dependent,1,10882.0,,,,,1,0,0
catchall_65_70,sensitivity,Capped,entries_2025_2040,joint,EB-5 / ROW,still_dependent,1,0.0,,,,,0,1,0
