dimension,group,quantity,policy,value,case,role,seed
overall,All,age21_events_2025_2040,Capped,266481.0,catchall_60_65,primary,2014
overall,All,age21_events_2025_2040,Uncapped,199802.0,catchall_60_65,primary,2014
overall,All,age21_events_2025_2040,Capped minus uncapped,66679.0,catchall_60_65,primary,2014
overall,All,principal_exits_2025_2040,Capped,1093292.0,catchall_60_65,primary,2014
overall,All,principal_exits_2025_2040,Uncapped,1072592.0,catchall_60_65,primary,2014
overall,All,principal_exits_2025_2040,Capped minus uncapped,20700.0,catchall_60_65,primary,2014
overall,All,principal_conversions_2025_2040,Capped,1263371.0,catchall_60_65,primary,2014
overall,All,principal_conversions_2025_2040,Uncapped,1267093.0,catchall_60_65,primary,2014
overall,All,principal_conversions_2025_2040,Capped minus uncapped,-3722.0,catchall_60_65,primary,2014
overall,All,principal_backlog_2040,Capped,2773647.0,catchall_60_65,primary,2014
overall,All,principal_backlog_2040,Uncapped,2790625.0,catchall_60_65,primary,2014
overall,All,principal_backlog_2040,Capped minus uncapped,-16978.0,catchall_60_65,primary,2014
nationality,India,age21_events_2025_2040,Capped,193548.0,catchall_60_65,primary,2014
nationality,India,age21_events_2025_2040,Uncapped,73469.0,catchall_60_65,primary,2014
nationality,India,age21_events_2025_2040,Capped minus uncapped,120079.0,catchall_60_65,primary,2014
nationality,India,principal_exits_2025_2040,Capped,334367.0,catchall_60_65,primary,2014
nationality,India,principal_exits_2025_2040,Uncapped,187246.0,catchall_60_65,primary,2014
nationality,India,principal_exits_2025_2040,Capped minus uncapped,147121.0,catchall_60_65,primary,2014
nationality,India,principal_backlog_2040,Capped,1076037.0,catchall_60_65,primary,2014
nationality,India,principal_backlog_2040,Uncapped,749356.0,catchall_60_65,primary,2014
nationality,India,principal_backlog_2040,Capped minus uncapped,326681.0,catchall_60_65,primary,2014
nationality,China,age21_events_2025_2040,Capped,18844.0,catchall_60_65,primary,2014
nationality,China,age21_events_2025_2040,Uncapped,14795.0,catchall_60_65,primary,2014
nationality,China,age21_events_2025_2040,Capped minus uncapped,4049.0,catchall_60_65,primary,2014
nationality,China,principal_exits_2025_2040,Capped,104784.0,catchall_60_65,primary,2014
nationality,China,principal_exits_2025_2040,Uncapped,95429.0,catchall_60_65,primary,2014
nationality,China,principal_exits_2025_2040,Capped minus uncapped,9355.0,catchall_60_65,primary,2014
nationality,China,principal_backlog_2040,Capped,341667.0,catchall_60_65,primary,2014
nationality,China,principal_backlog_2040,Uncapped,286790.0,catchall_60_65,primary,2014
nationality,China,principal_backlog_2040,Capped minus uncapped,54877.0,catchall_60_65,primary,2014
nationality,ROW,age21_events_2025_2040,Capped,54089.0,catchall_60_65,primary,2014
nationality,ROW,age21_events_2025_2040,Uncapped,111538.0,catchall_60_65,primary,2014
nationality,ROW,age21_events_2025_2040,Capped minus uncapped,-57449.0,catchall_60_65,primary,2014
nationality,ROW,principal_exits_2025_2040,Capped,654141.0,catchall_60_65,primary,2014
nationality,ROW,principal_exits_2025_2040,Uncapped,789917.0,catchall_60_65,primary,2014
nationality,ROW,principal_exits_2025_2040,Capped minus uncapped,-135776.0,catchall_60_65,primary,2014
nationality,ROW,principal_backlog_2040,Capped,1355943.0,catchall_60_65,primary,2014
nationality,ROW,principal_backlog_2040,Uncapped,1754479.0,catchall_60_65,primary,2014
nationality,ROW,principal_backlog_2040,Capped minus uncapped,-398536.0,catchall_60_65,primary,2014
category,EB-1,age21_events_2025_2040,Capped,2559.0,catchall_60_65,primary,2014
category,EB-1,age21_events_2025_2040,Uncapped,731.0,catchall_60_65,primary,2014
category,EB-1,age21_events_2025_2040,Capped minus uncapped,1828.0,catchall_60_65,primary,2014
category,EB-1,principal_exits_2025_2040,Capped,15797.0,catchall_60_65,primary,2014
category,EB-1,principal_exits_2025_2040,Uncapped,16473.0,catchall_60_65,primary,2014
category,EB-1,principal_exits_2025_2040,Capped minus uncapped,-676.0,catchall_60_65,primary,2014
category,EB-1,principal_backlog_2040,Capped,129256.0,catchall_60_65,primary,2014
category,EB-1,principal_backlog_2040,Uncapped,125129.0,catchall_60_65,primary,2014
category,EB-1,principal_backlog_2040,Capped minus uncapped,4127.0,catchall_60_65,primary,2014
category,EB-2,age21_events_2025_2040,Capped,149764.0,catchall_60_65,primary,2014
category,EB-2,age21_events_2025_2040,Uncapped,108625.0,catchall_60_65,primary,2014
category,EB-2,age21_events_2025_2040,Capped minus uncapped,41139.0,catchall_60_65,primary,2014
category,EB-2,principal_exits_2025_2040,Capped,309702.0,catchall_60_65,primary,2014
category,EB-2,principal_exits_2025_2040,Uncapped,282530.0,catchall_60_65,primary,2014
category,EB-2,principal_exits_2025_2040,Capped minus uncapped,27172.0,catchall_60_65,primary,2014
category,EB-2,principal_backlog_2040,Capped,1040816.0,catchall_60_65,primary,2014
category,EB-2,principal_backlog_2040,Uncapped,1060011.0,catchall_60_65,primary,2014
category,EB-2,principal_backlog_2040,Capped minus uncapped,-19195.0,catchall_60_65,primary,2014
category,EB-3,age21_events_2025_2040,Capped,63613.0,catchall_60_65,primary,2014
category,EB-3,age21_events_2025_2040,Uncapped,40151.0,catchall_60_65,primary,2014
category,EB-3,age21_events_2025_2040,Capped minus uncapped,23462.0,catchall_60_65,primary,2014
category,EB-3,principal_exits_2025_2040,Capped,244447.0,catchall_60_65,primary,2014
category,EB-3,principal_exits_2025_2040,Uncapped,249751.0,catchall_60_65,primary,2014
category,EB-3,principal_exits_2025_2040,Capped minus uncapped,-5304.0,catchall_60_65,primary,2014
category,EB-3,principal_backlog_2040,Capped,553261.0,catchall_60_65,primary,2014
category,EB-3,principal_backlog_2040,Uncapped,558371.0,catchall_60_65,primary,2014
category,EB-3,principal_backlog_2040,Capped minus uncapped,-5110.0,catchall_60_65,primary,2014
category,EB-4,age21_events_2025_2040,Capped,49489.0,catchall_60_65,primary,2014
category,EB-4,age21_events_2025_2040,Uncapped,49738.0,catchall_60_65,primary,2014
category,EB-4,age21_events_2025_2040,Capped minus uncapped,-249.0,catchall_60_65,primary,2014
category,EB-4,principal_exits_2025_2040,Capped,519634.0,catchall_60_65,primary,2014
category,EB-4,principal_exits_2025_2040,Uncapped,520474.0,catchall_60_65,primary,2014
category,EB-4,principal_exits_2025_2040,Capped minus uncapped,-840.0,catchall_60_65,primary,2014
category,EB-4,principal_backlog_2040,Capped,1023818.0,catchall_60_65,primary,2014
category,EB-4,principal_backlog_2040,Uncapped,1020775.0,catchall_60_65,primary,2014
category,EB-4,principal_backlog_2040,Capped minus uncapped,3043.0,catchall_60_65,primary,2014
category,EB-5,age21_events_2025_2040,Capped,1056.0,catchall_60_65,primary,2014
category,EB-5,age21_events_2025_2040,Uncapped,557.0,catchall_60_65,primary,2014
category,EB-5,age21_events_2025_2040,Capped minus uncapped,499.0,catchall_60_65,primary,2014
category,EB-5,principal_exits_2025_2040,Capped,3712.0,catchall_60_65,primary,2014
category,EB-5,principal_exits_2025_2040,Uncapped,3364.0,catchall_60_65,primary,2014
category,EB-5,principal_exits_2025_2040,Capped minus uncapped,348.0,catchall_60_65,primary,2014
category,EB-5,principal_backlog_2040,Capped,26496.0,catchall_60_65,primary,2014
category,EB-5,principal_backlog_2040,Uncapped,26339.0,catchall_60_65,primary,2014
category,EB-5,principal_backlog_2040,Capped minus uncapped,157.0,catchall_60_65,primary,2014
joint,EB-1 / India,age21_events_2025_2040,Capped minus uncapped,1458.0,catchall_60_65,primary,2014
joint,EB-1 / China,age21_events_2025_2040,Capped minus uncapped,927.0,catchall_60_65,primary,2014
joint,EB-1 / ROW,age21_events_2025_2040,Capped minus uncapped,-557.0,catchall_60_65,primary,2014
joint,EB-2 / India,age21_events_2025_2040,Capped minus uncapped,75311.0,catchall_60_65,primary,2014
joint,EB-2 / China,age21_events_2025_2040,Capped minus uncapped,514.0,catchall_60_65,primary,2014
joint,EB-2 / ROW,age21_events_2025_2040,Capped minus uncapped,-34686.0,catchall_60_65,primary,2014
joint,EB-3 / India,age21_events_2025_2040,Capped minus uncapped,43847.0,catchall_60_65,primary,2014
joint,EB-3 / China,age21_events_2025_2040,Capped minus uncapped,2160.0,catchall_60_65,primary,2014
joint,EB-3 / ROW,age21_events_2025_2040,Capped minus uncapped,-22545.0,catchall_60_65,primary,2014
joint,EB-4 / India,age21_events_2025_2040,Capped minus uncapped,-710.0,catchall_60_65,primary,2014
joint,EB-4 / China,age21_events_2025_2040,Capped minus uncapped,-116.0,catchall_60_65,primary,2014
joint,EB-4 / ROW,age21_events_2025_2040,Capped minus uncapped,577.0,catchall_60_65,primary,2014
joint,EB-5 / India,age21_events_2025_2040,Capped minus uncapped,173.0,catchall_60_65,primary,2014
joint,EB-5 / China,age21_events_2025_2040,Capped minus uncapped,564.0,catchall_60_65,primary,2014
joint,EB-5 / ROW,age21_events_2025_2040,Capped minus uncapped,-238.0,catchall_60_65,primary,2014
overall,All,age21_events_2025_2040,Capped,267097.0,catchall_60_65,primary,2015
overall,All,age21_events_2025_2040,Uncapped,200127.0,catchall_60_65,primary,2015
overall,All,age21_events_2025_2040,Capped minus uncapped,66970.0,catchall_60_65,primary,2015
overall,All,principal_exits_2025_2040,Capped,1093559.0,catchall_60_65,primary,2015
overall,All,principal_exits_2025_2040,Uncapped,1072476.0,catchall_60_65,primary,2015
overall,All,principal_exits_2025_2040,Capped minus uncapped,21083.0,catchall_60_65,primary,2015
overall,All,principal_conversions_2025_2040,Capped,1263537.0,catchall_60_65,primary,2015
overall,All,principal_conversions_2025_2040,Uncapped,1266944.0,catchall_60_65,primary,2015
overall,All,principal_conversions_2025_2040,Capped minus uncapped,-3407.0,catchall_60_65,primary,2015
overall,All,principal_backlog_2040,Capped,2773472.0,catchall_60_65,primary,2015
overall,All,principal_backlog_2040,Uncapped,2791148.0,catchall_60_65,primary,2015
overall,All,principal_backlog_2040,Capped minus uncapped,-17676.0,catchall_60_65,primary,2015
nationality,India,age21_events_2025_2040,Capped,193965.0,catchall_60_65,primary,2015
nationality,India,age21_events_2025_2040,Uncapped,73691.0,catchall_60_65,primary,2015
nationality,India,age21_events_2025_2040,Capped minus uncapped,120274.0,catchall_60_65,primary,2015
nationality,India,principal_exits_2025_2040,Capped,335262.0,catchall_60_65,primary,2015
nationality,India,principal_exits_2025_2040,Uncapped,187149.0,catchall_60_65,primary,2015
nationality,India,principal_exits_2025_2040,Capped minus uncapped,148113.0,catchall_60_65,primary,2015
nationality,India,principal_backlog_2040,Capped,1077844.0,catchall_60_65,primary,2015
nationality,India,principal_backlog_2040,Uncapped,751196.0,catchall_60_65,primary,2015
nationality,India,principal_backlog_2040,Capped minus uncapped,326648.0,catchall_60_65,primary,2015
nationality,China,age21_events_2025_2040,Capped,18575.0,catchall_60_65,primary,2015
nationality,China,age21_events_2025_2040,Uncapped,14413.0,catchall_60_65,primary,2015
nationality,China,age21_events_2025_2040,Capped minus uncapped,4162.0,catchall_60_65,primary,2015
nationality,China,principal_exits_2025_2040,Capped,104230.0,catchall_60_65,primary,2015
nationality,China,principal_exits_2025_2040,Uncapped,94925.0,catchall_60_65,primary,2015
nationality,China,principal_exits_2025_2040,Capped minus uncapped,9305.0,catchall_60_65,primary,2015
nationality,China,principal_backlog_2040,Capped,340564.0,catchall_60_65,primary,2015
nationality,China,principal_backlog_2040,Uncapped,285874.0,catchall_60_65,primary,2015
nationality,China,principal_backlog_2040,Capped minus uncapped,54690.0,catchall_60_65,primary,2015
nationality,ROW,age21_events_2025_2040,Capped,54557.0,catchall_60_65,primary,2015
nationality,ROW,age21_events_2025_2040,Uncapped,112023.0,catchall_60_65,primary,2015
nationality,ROW,age21_events_2025_2040,Capped minus uncapped,-57466.0,catchall_60_65,primary,2015
nationality,ROW,principal_exits_2025_2040,Capped,654067.0,catchall_60_65,primary,2015
nationality,ROW,principal_exits_2025_2040,Uncapped,790402.0,catchall_60_65,primary,2015
nationality,ROW,principal_exits_2025_2040,Capped minus uncapped,-136335.0,catchall_60_65,primary,2015
nationality,ROW,principal_backlog_2040,Capped,1355064.0,catchall_60_65,primary,2015
nationality,ROW,principal_backlog_2040,Uncapped,1754078.0,catchall_60_65,primary,2015
nationality,ROW,principal_backlog_2040,Capped minus uncapped,-399014.0,catchall_60_65,primary,2015
category,EB-1,age21_events_2025_2040,Capped,2508.0,catchall_60_65,primary,2015
category,EB-1,age21_events_2025_2040,Uncapped,788.0,catchall_60_65,primary,2015
category,EB-1,age21_events_2025_2040,Capped minus uncapped,1720.0,catchall_60_65,primary,2015
category,EB-1,principal_exits_2025_2040,Capped,15843.0,catchall_60_65,primary,2015
category,EB-1,principal_exits_2025_2040,Uncapped,16624.0,catchall_60_65,primary,2015
category,EB-1,principal_exits_2025_2040,Capped minus uncapped,-781.0,catchall_60_65,primary,2015
category,EB-1,principal_backlog_2040,Capped,129386.0,catchall_60_65,primary,2015
category,EB-1,principal_backlog_2040,Uncapped,125384.0,catchall_60_65,primary,2015
category,EB-1,principal_backlog_2040,Capped minus uncapped,4002.0,catchall_60_65,primary,2015
category,EB-2,age21_events_2025_2040,Capped,150087.0,catchall_60_65,primary,2015
category,EB-2,age21_events_2025_2040,Uncapped,108289.0,catchall_60_65,primary,2015
category,EB-2,age21_events_2025_2040,Capped minus uncapped,41798.0,catchall_60_65,primary,2015
category,EB-2,principal_exits_2025_2040,Capped,309315.0,catchall_60_65,primary,2015
category,EB-2,principal_exits_2025_2040,Uncapped,282869.0,catchall_60_65,primary,2015
category,EB-2,principal_exits_2025_2040,Capped minus uncapped,26446.0,catchall_60_65,primary,2015
category,EB-2,principal_backlog_2040,Capped,1041938.0,catchall_60_65,primary,2015
category,EB-2,principal_backlog_2040,Uncapped,1060050.0,catchall_60_65,primary,2015
category,EB-2,principal_backlog_2040,Capped minus uncapped,-18112.0,catchall_60_65,primary,2015
category,EB-3,age21_events_2025_2040,Capped,63668.0,catchall_60_65,primary,2015
category,EB-3,age21_events_2025_2040,Uncapped,40542.0,catchall_60_65,primary,2015
category,EB-3,age21_events_2025_2040,Capped minus uncapped,23126.0,catchall_60_65,primary,2015
category,EB-3,principal_exits_2025_2040,Capped,245309.0,catchall_60_65,primary,2015
category,EB-3,principal_exits_2025_2040,Uncapped,249889.0,catchall_60_65,primary,2015
category,EB-3,principal_exits_2025_2040,Capped minus uncapped,-4580.0,catchall_60_65,primary,2015
category,EB-3,principal_backlog_2040,Capped,552364.0,catchall_60_65,primary,2015
category,EB-3,principal_backlog_2040,Uncapped,558730.0,catchall_60_65,primary,2015
category,EB-3,principal_backlog_2040,Capped minus uncapped,-6366.0,catchall_60_65,primary,2015
category,EB-4,age21_events_2025_2040,Capped,49707.0,catchall_60_65,primary,2015
category,EB-4,age21_events_2025_2040,Uncapped,49894.0,catchall_60_65,primary,2015
category,EB-4,age21_events_2025_2040,Capped minus uncapped,-187.0,catchall_60_65,primary,2015
category,EB-4,principal_exits_2025_2040,Capped,519270.0,catchall_60_65,primary,2015
category,EB-4,principal_exits_2025_2040,Uncapped,519707.0,catchall_60_65,primary,2015
category,EB-4,principal_exits_2025_2040,Capped minus uncapped,-437.0,catchall_60_65,primary,2015
category,EB-4,principal_backlog_2040,Capped,1023093.0,catchall_60_65,primary,2015
category,EB-4,principal_backlog_2040,Uncapped,1020387.0,catchall_60_65,primary,2015
category,EB-4,principal_backlog_2040,Capped minus uncapped,2706.0,catchall_60_65,primary,2015
category,EB-5,age21_events_2025_2040,Capped,1127.0,catchall_60_65,primary,2015
category,EB-5,age21_events_2025_2040,Uncapped,614.0,catchall_60_65,primary,2015
category,EB-5,age21_events_2025_2040,Capped minus uncapped,513.0,catchall_60_65,primary,2015
category,EB-5,principal_exits_2025_2040,Capped,3822.0,catchall_60_65,primary,2015
category,EB-5,principal_exits_2025_2040,Uncapped,3387.0,catchall_60_65,primary,2015
category,EB-5,principal_exits_2025_2040,Capped minus uncapped,435.0,catchall_60_65,primary,2015
category,EB-5,principal_backlog_2040,Capped,26691.0,catchall_60_65,primary,2015
category,EB-5,principal_backlog_2040,Uncapped,26597.0,catchall_60_65,primary,2015
category,EB-5,principal_backlog_2040,Capped minus uncapped,94.0,catchall_60_65,primary,2015
joint,EB-1 / India,age21_events_2025_2040,Capped minus uncapped,1394.0,catchall_60_65,primary,2015
joint,EB-1 / China,age21_events_2025_2040,Capped minus uncapped,931.0,catchall_60_65,primary,2015
joint,EB-1 / ROW,age21_events_2025_2040,Capped minus uncapped,-605.0,catchall_60_65,primary,2015
joint,EB-2 / India,age21_events_2025_2040,Capped minus uncapped,75972.0,catchall_60_65,primary,2015
joint,EB-2 / China,age21_events_2025_2040,Capped minus uncapped,462.0,catchall_60_65,primary,2015
joint,EB-2 / ROW,age21_events_2025_2040,Capped minus uncapped,-34636.0,catchall_60_65,primary,2015
joint,EB-3 / India,age21_events_2025_2040,Capped minus uncapped,43563.0,catchall_60_65,primary,2015
joint,EB-3 / China,age21_events_2025_2040,Capped minus uncapped,2281.0,catchall_60_65,primary,2015
joint,EB-3 / ROW,age21_events_2025_2040,Capped minus uncapped,-22718.0,catchall_60_65,primary,2015
joint,EB-4 / India,age21_events_2025_2040,Capped minus uncapped,-822.0,catchall_60_65,primary,2015
joint,EB-4 / China,age21_events_2025_2040,Capped minus uncapped,-134.0,catchall_60_65,primary,2015
joint,EB-4 / ROW,age21_events_2025_2040,Capped minus uncapped,769.0,catchall_60_65,primary,2015
joint,EB-5 / India,age21_events_2025_2040,Capped minus uncapped,167.0,catchall_60_65,primary,2015
joint,EB-5 / China,age21_events_2025_2040,Capped minus uncapped,622.0,catchall_60_65,primary,2015
joint,EB-5 / ROW,age21_events_2025_2040,Capped minus uncapped,-276.0,catchall_60_65,primary,2015
overall,All,age21_events_2025_2040,Capped,266067.0,catchall_60_65,primary,2016
overall,All,age21_events_2025_2040,Uncapped,199354.0,catchall_60_65,primary,2016
overall,All,age21_events_2025_2040,Capped minus uncapped,66713.0,catchall_60_65,primary,2016
overall,All,principal_exits_2025_2040,Capped,1093562.0,catchall_60_65,primary,2016
overall,All,principal_exits_2025_2040,Uncapped,1072707.0,catchall_60_65,primary,2016
overall,All,principal_exits_2025_2040,Capped minus uncapped,20855.0,catchall_60_65,primary,2016
overall,All,principal_conversions_2025_2040,Capped,1263216.0,catchall_60_65,primary,2016
overall,All,principal_conversions_2025_2040,Uncapped,1267083.0,catchall_60_65,primary,2016
overall,All,principal_conversions_2025_2040,Capped minus uncapped,-3867.0,catchall_60_65,primary,2016
overall,All,principal_backlog_2040,Capped,2773640.0,catchall_60_65,primary,2016
overall,All,principal_backlog_2040,Uncapped,2790628.0,catchall_60_65,primary,2016
overall,All,principal_backlog_2040,Capped minus uncapped,-16988.0,catchall_60_65,primary,2016
nationality,India,age21_events_2025_2040,Capped,193206.0,catchall_60_65,primary,2016
nationality,India,age21_events_2025_2040,Uncapped,73239.0,catchall_60_65,primary,2016
nationality,India,age21_events_2025_2040,Capped minus uncapped,119967.0,catchall_60_65,primary,2016
nationality,India,principal_exits_2025_2040,Capped,335356.0,catchall_60_65,primary,2016
nationality,India,principal_exits_2025_2040,Uncapped,187473.0,catchall_60_65,primary,2016
nationality,India,principal_exits_2025_2040,Capped minus uncapped,147883.0,catchall_60_65,primary,2016
nationality,India,principal_backlog_2040,Capped,1077404.0,catchall_60_65,primary,2016
nationality,India,principal_backlog_2040,Uncapped,750834.0,catchall_60_65,primary,2016
nationality,India,principal_backlog_2040,Capped minus uncapped,326570.0,catchall_60_65,primary,2016
nationality,China,age21_events_2025_2040,Capped,18529.0,catchall_60_65,primary,2016
nationality,China,age21_events_2025_2040,Uncapped,14564.0,catchall_60_65,primary,2016
nationality,China,age21_events_2025_2040,Capped minus uncapped,3965.0,catchall_60_65,primary,2016
nationality,China,principal_exits_2025_2040,Capped,104389.0,catchall_60_65,primary,2016
nationality,China,principal_exits_2025_2040,Uncapped,95075.0,catchall_60_65,primary,2016
nationality,China,principal_exits_2025_2040,Capped minus uncapped,9314.0,catchall_60_65,primary,2016
nationality,China,principal_backlog_2040,Capped,341193.0,catchall_60_65,primary,2016
nationality,China,principal_backlog_2040,Uncapped,286851.0,catchall_60_65,primary,2016
nationality,China,principal_backlog_2040,Capped minus uncapped,54342.0,catchall_60_65,primary,2016
nationality,ROW,age21_events_2025_2040,Capped,54332.0,catchall_60_65,primary,2016
nationality,ROW,age21_events_2025_2040,Uncapped,111551.0,catchall_60_65,primary,2016
nationality,ROW,age21_events_2025_2040,Capped minus uncapped,-57219.0,catchall_60_65,primary,2016
nationality,ROW,principal_exits_2025_2040,Capped,653817.0,catchall_60_65,primary,2016
nationality,ROW,principal_exits_2025_2040,Uncapped,790159.0,catchall_60_65,primary,2016
nationality,ROW,principal_exits_2025_2040,Capped minus uncapped,-136342.0,catchall_60_65,primary,2016
nationality,ROW,principal_backlog_2040,Capped,1355043.0,catchall_60_65,primary,2016
nationality,ROW,principal_backlog_2040,Uncapped,1752943.0,catchall_60_65,primary,2016
nationality,ROW,principal_backlog_2040,Capped minus uncapped,-397900.0,catchall_60_65,primary,2016
category,EB-1,age21_events_2025_2040,Capped,2525.0,catchall_60_65,primary,2016
category,EB-1,age21_events_2025_2040,Uncapped,720.0,catchall_60_65,primary,2016
category,EB-1,age21_events_2025_2040,Capped minus uncapped,1805.0,catchall_60_65,primary,2016
category,EB-1,principal_exits_2025_2040,Capped,15899.0,catchall_60_65,primary,2016
category,EB-1,principal_exits_2025_2040,Uncapped,16516.0,catchall_60_65,primary,2016
category,EB-1,principal_exits_2025_2040,Capped minus uncapped,-617.0,catchall_60_65,primary,2016
category,EB-1,principal_backlog_2040,Capped,129390.0,catchall_60_65,primary,2016
category,EB-1,principal_backlog_2040,Uncapped,125751.0,catchall_60_65,primary,2016
category,EB-1,principal_backlog_2040,Capped minus uncapped,3639.0,catchall_60_65,primary,2016
category,EB-2,age21_events_2025_2040,Capped,149903.0,catchall_60_65,primary,2016
category,EB-2,age21_events_2025_2040,Uncapped,108644.0,catchall_60_65,primary,2016
category,EB-2,age21_events_2025_2040,Capped minus uncapped,41259.0,catchall_60_65,primary,2016
category,EB-2,principal_exits_2025_2040,Capped,310057.0,catchall_60_65,primary,2016
category,EB-2,principal_exits_2025_2040,Uncapped,282992.0,catchall_60_65,primary,2016
category,EB-2,principal_exits_2025_2040,Capped minus uncapped,27065.0,catchall_60_65,primary,2016
category,EB-2,principal_backlog_2040,Capped,1041316.0,catchall_60_65,primary,2016
category,EB-2,principal_backlog_2040,Uncapped,1059589.0,catchall_60_65,primary,2016
category,EB-2,principal_backlog_2040,Capped minus uncapped,-18273.0,catchall_60_65,primary,2016
category,EB-3,age21_events_2025_2040,Capped,63099.0,catchall_60_65,primary,2016
category,EB-3,age21_events_2025_2040,Uncapped,39966.0,catchall_60_65,primary,2016
category,EB-3,age21_events_2025_2040,Capped minus uncapped,23133.0,catchall_60_65,primary,2016
category,EB-3,principal_exits_2025_2040,Capped,245195.0,catchall_60_65,primary,2016
category,EB-3,principal_exits_2025_2040,Uncapped,250218.0,catchall_60_65,primary,2016
category,EB-3,principal_exits_2025_2040,Capped minus uncapped,-5023.0,catchall_60_65,primary,2016
category,EB-3,principal_backlog_2040,Capped,552298.0,catchall_60_65,primary,2016
category,EB-3,principal_backlog_2040,Uncapped,557862.0,catchall_60_65,primary,2016
category,EB-3,principal_backlog_2040,Capped minus uncapped,-5564.0,catchall_60_65,primary,2016
category,EB-4,age21_events_2025_2040,Capped,49466.0,catchall_60_65,primary,2016
category,EB-4,age21_events_2025_2040,Uncapped,49458.0,catchall_60_65,primary,2016
category,EB-4,age21_events_2025_2040,Capped minus uncapped,8.0,catchall_60_65,primary,2016
category,EB-4,principal_exits_2025_2040,Capped,518631.0,catchall_60_65,primary,2016
category,EB-4,principal_exits_2025_2040,Uncapped,519604.0,catchall_60_65,primary,2016
category,EB-4,principal_exits_2025_2040,Capped minus uncapped,-973.0,catchall_60_65,primary,2016
category,EB-4,principal_backlog_2040,Capped,1023934.0,catchall_60_65,primary,2016
category,EB-4,principal_backlog_2040,Uncapped,1020811.0,catchall_60_65,primary,2016
category,EB-4,principal_backlog_2040,Capped minus uncapped,3123.0,catchall_60_65,primary,2016
category,EB-5,age21_events_2025_2040,Capped,1074.0,catchall_60_65,primary,2016
category,EB-5,age21_events_2025_2040,Uncapped,566.0,catchall_60_65,primary,2016
category,EB-5,age21_events_2025_2040,Capped minus uncapped,508.0,catchall_60_65,primary,2016
category,EB-5,principal_exits_2025_2040,Capped,3780.0,catchall_60_65,primary,2016
category,EB-5,principal_exits_2025_2040,Uncapped,3377.0,catchall_60_65,primary,2016
category,EB-5,principal_exits_2025_2040,Capped minus uncapped,403.0,catchall_60_65,primary,2016
category,EB-5,principal_backlog_2040,Capped,26702.0,catchall_60_65,primary,2016
category,EB-5,principal_backlog_2040,Uncapped,26615.0,catchall_60_65,primary,2016
category,EB-5,principal_backlog_2040,Capped minus uncapped,87.0,catchall_60_65,primary,2016
joint,EB-1 / India,age21_events_2025_2040,Capped minus uncapped,1456.0,catchall_60_65,primary,2016
joint,EB-1 / China,age21_events_2025_2040,Capped minus uncapped,918.0,catchall_60_65,primary,2016
joint,EB-1 / ROW,age21_events_2025_2040,Capped minus uncapped,-569.0,catchall_60_65,primary,2016
joint,EB-2 / India,age21_events_2025_2040,Capped minus uncapped,75725.0,catchall_60_65,primary,2016
joint,EB-2 / China,age21_events_2025_2040,Capped minus uncapped,397.0,catchall_60_65,primary,2016
joint,EB-2 / ROW,age21_events_2025_2040,Capped minus uncapped,-34863.0,catchall_60_65,primary,2016
joint,EB-3 / India,age21_events_2025_2040,Capped minus uncapped,43429.0,catchall_60_65,primary,2016
joint,EB-3 / China,age21_events_2025_2040,Capped minus uncapped,2148.0,catchall_60_65,primary,2016
joint,EB-3 / ROW,age21_events_2025_2040,Capped minus uncapped,-22444.0,catchall_60_65,primary,2016
joint,EB-4 / India,age21_events_2025_2040,Capped minus uncapped,-810.0,catchall_60_65,primary,2016
joint,EB-4 / China,age21_events_2025_2040,Capped minus uncapped,-110.0,catchall_60_65,primary,2016
joint,EB-4 / ROW,age21_events_2025_2040,Capped minus uncapped,928.0,catchall_60_65,primary,2016
joint,EB-5 / India,age21_events_2025_2040,Capped minus uncapped,167.0,catchall_60_65,primary,2016
joint,EB-5 / China,age21_events_2025_2040,Capped minus uncapped,612.0,catchall_60_65,primary,2016
joint,EB-5 / ROW,age21_events_2025_2040,Capped minus uncapped,-271.0,catchall_60_65,primary,2016
overall,All,age21_events_2025_2040,Capped,266727.0,catchall_60_65,primary,2017
overall,All,age21_events_2025_2040,Uncapped,199504.0,catchall_60_65,primary,2017
overall,All,age21_events_2025_2040,Capped minus uncapped,67223.0,catchall_60_65,primary,2017
overall,All,principal_exits_2025_2040,Capped,1093133.0,catchall_60_65,primary,2017
overall,All,principal_exits_2025_2040,Uncapped,1072039.0,catchall_60_65,primary,2017
overall,All,principal_exits_2025_2040,Capped minus uncapped,21094.0,catchall_60_65,primary,2017
overall,All,principal_conversions_2025_2040,Capped,1262669.0,catchall_60_65,primary,2017
overall,All,principal_conversions_2025_2040,Uncapped,1266269.0,catchall_60_65,primary,2017
overall,All,principal_conversions_2025_2040,Capped minus uncapped,-3600.0,catchall_60_65,primary,2017
overall,All,principal_backlog_2040,Capped,2773365.0,catchall_60_65,primary,2017
overall,All,principal_backlog_2040,Uncapped,2790859.0,catchall_60_65,primary,2017
overall,All,principal_backlog_2040,Capped minus uncapped,-17494.0,catchall_60_65,primary,2017
nationality,India,age21_events_2025_2040,Capped,193766.0,catchall_60_65,primary,2017
nationality,India,age21_events_2025_2040,Uncapped,73624.0,catchall_60_65,primary,2017
nationality,India,age21_events_2025_2040,Capped minus uncapped,120142.0,catchall_60_65,primary,2017
nationality,India,principal_exits_2025_2040,Capped,334795.0,catchall_60_65,primary,2017
nationality,India,principal_exits_2025_2040,Uncapped,186687.0,catchall_60_65,primary,2017
nationality,India,principal_exits_2025_2040,Capped minus uncapped,148108.0,catchall_60_65,primary,2017
nationality,India,principal_backlog_2040,Capped,1076987.0,catchall_60_65,primary,2017
nationality,India,principal_backlog_2040,Uncapped,749391.0,catchall_60_65,primary,2017
nationality,India,principal_backlog_2040,Capped minus uncapped,327596.0,catchall_60_65,primary,2017
nationality,China,age21_events_2025_2040,Capped,18612.0,catchall_60_65,primary,2017
nationality,China,age21_events_2025_2040,Uncapped,14542.0,catchall_60_65,primary,2017
nationality,China,age21_events_2025_2040,Capped minus uncapped,4070.0,catchall_60_65,primary,2017
nationality,China,principal_exits_2025_2040,Capped,104735.0,catchall_60_65,primary,2017
nationality,China,principal_exits_2025_2040,Uncapped,95646.0,catchall_60_65,primary,2017
nationality,China,principal_exits_2025_2040,Capped minus uncapped,9089.0,catchall_60_65,primary,2017
nationality,China,principal_backlog_2040,Capped,341749.0,catchall_60_65,primary,2017
nationality,China,principal_backlog_2040,Uncapped,286673.0,catchall_60_65,primary,2017
nationality,China,principal_backlog_2040,Capped minus uncapped,55076.0,catchall_60_65,primary,2017
nationality,ROW,age21_events_2025_2040,Capped,54349.0,catchall_60_65,primary,2017
nationality,ROW,age21_events_2025_2040,Uncapped,111338.0,catchall_60_65,primary,2017
nationality,ROW,age21_events_2025_2040,Capped minus uncapped,-56989.0,catchall_60_65,primary,2017
nationality,ROW,principal_exits_2025_2040,Capped,653603.0,catchall_60_65,primary,2017
nationality,ROW,principal_exits_2025_2040,Uncapped,789706.0,catchall_60_65,primary,2017
nationality,ROW,principal_exits_2025_2040,Capped minus uncapped,-136103.0,catchall_60_65,primary,2017
nationality,ROW,principal_backlog_2040,Capped,1354629.0,catchall_60_65,primary,2017
nationality,ROW,principal_backlog_2040,Uncapped,1754795.0,catchall_60_65,primary,2017
nationality,ROW,principal_backlog_2040,Capped minus uncapped,-400166.0,catchall_60_65,primary,2017
category,EB-1,age21_events_2025_2040,Capped,2552.0,catchall_60_65,primary,2017
category,EB-1,age21_events_2025_2040,Uncapped,727.0,catchall_60_65,primary,2017
category,EB-1,age21_events_2025_2040,Capped minus uncapped,1825.0,catchall_60_65,primary,2017
category,EB-1,principal_exits_2025_2040,Capped,15786.0,catchall_60_65,primary,2017
category,EB-1,principal_exits_2025_2040,Uncapped,16530.0,catchall_60_65,primary,2017
category,EB-1,principal_exits_2025_2040,Capped minus uncapped,-744.0,catchall_60_65,primary,2017
category,EB-1,principal_backlog_2040,Capped,129590.0,catchall_60_65,primary,2017
category,EB-1,principal_backlog_2040,Uncapped,125402.0,catchall_60_65,primary,2017
category,EB-1,principal_backlog_2040,Capped minus uncapped,4188.0,catchall_60_65,primary,2017
category,EB-2,age21_events_2025_2040,Capped,150067.0,catchall_60_65,primary,2017
category,EB-2,age21_events_2025_2040,Uncapped,108364.0,catchall_60_65,primary,2017
category,EB-2,age21_events_2025_2040,Capped minus uncapped,41703.0,catchall_60_65,primary,2017
category,EB-2,principal_exits_2025_2040,Capped,309109.0,catchall_60_65,primary,2017
category,EB-2,principal_exits_2025_2040,Uncapped,282310.0,catchall_60_65,primary,2017
category,EB-2,principal_exits_2025_2040,Capped minus uncapped,26799.0,catchall_60_65,primary,2017
category,EB-2,principal_backlog_2040,Capped,1040937.0,catchall_60_65,primary,2017
category,EB-2,principal_backlog_2040,Uncapped,1059339.0,catchall_60_65,primary,2017
category,EB-2,principal_backlog_2040,Capped minus uncapped,-18402.0,catchall_60_65,primary,2017
category,EB-3,age21_events_2025_2040,Capped,63450.0,catchall_60_65,primary,2017
category,EB-3,age21_events_2025_2040,Uncapped,40149.0,catchall_60_65,primary,2017
category,EB-3,age21_events_2025_2040,Capped minus uncapped,23301.0,catchall_60_65,primary,2017
category,EB-3,principal_exits_2025_2040,Capped,244895.0,catchall_60_65,primary,2017
category,EB-3,principal_exits_2025_2040,Uncapped,250409.0,catchall_60_65,primary,2017
category,EB-3,principal_exits_2025_2040,Capped minus uncapped,-5514.0,catchall_60_65,primary,2017
category,EB-3,principal_backlog_2040,Capped,552383.0,catchall_60_65,primary,2017
category,EB-3,principal_backlog_2040,Uncapped,557977.0,catchall_60_65,primary,2017
category,EB-3,principal_backlog_2040,Capped minus uncapped,-5594.0,catchall_60_65,primary,2017
category,EB-4,age21_events_2025_2040,Capped,49503.0,catchall_60_65,primary,2017
category,EB-4,age21_events_2025_2040,Uncapped,49729.0,catchall_60_65,primary,2017
category,EB-4,age21_events_2025_2040,Capped minus uncapped,-226.0,catchall_60_65,primary,2017
category,EB-4,principal_exits_2025_2040,Capped,519504.0,catchall_60_65,primary,2017
category,EB-4,principal_exits_2025_2040,Uncapped,519412.0,catchall_60_65,primary,2017
category,EB-4,principal_exits_2025_2040,Capped minus uncapped,92.0,catchall_60_65,primary,2017
category,EB-4,principal_backlog_2040,Capped,1023811.0,catchall_60_65,primary,2017
category,EB-4,principal_backlog_2040,Uncapped,1021502.0,catchall_60_65,primary,2017
category,EB-4,principal_backlog_2040,Capped minus uncapped,2309.0,catchall_60_65,primary,2017
category,EB-5,age21_events_2025_2040,Capped,1155.0,catchall_60_65,primary,2017
category,EB-5,age21_events_2025_2040,Uncapped,535.0,catchall_60_65,primary,2017
category,EB-5,age21_events_2025_2040,Capped minus uncapped,620.0,catchall_60_65,primary,2017
category,EB-5,principal_exits_2025_2040,Capped,3839.0,catchall_60_65,primary,2017
category,EB-5,principal_exits_2025_2040,Uncapped,3378.0,catchall_60_65,primary,2017
category,EB-5,principal_exits_2025_2040,Capped minus uncapped,461.0,catchall_60_65,primary,2017
category,EB-5,principal_backlog_2040,Capped,26644.0,catchall_60_65,primary,2017
category,EB-5,principal_backlog_2040,Uncapped,26639.0,catchall_60_65,primary,2017
category,EB-5,principal_backlog_2040,Capped minus uncapped,5.0,catchall_60_65,primary,2017
joint,EB-1 / India,age21_events_2025_2040,Capped minus uncapped,1454.0,catchall_60_65,primary,2017
joint,EB-1 / China,age21_events_2025_2040,Capped minus uncapped,949.0,catchall_60_65,primary,2017
joint,EB-1 / ROW,age21_events_2025_2040,Capped minus uncapped,-578.0,catchall_60_65,primary,2017
joint,EB-2 / India,age21_events_2025_2040,Capped minus uncapped,75590.0,catchall_60_65,primary,2017
joint,EB-2 / China,age21_events_2025_2040,Capped minus uncapped,428.0,catchall_60_65,primary,2017
joint,EB-2 / ROW,age21_events_2025_2040,Capped minus uncapped,-34315.0,catchall_60_65,primary,2017
joint,EB-3 / India,age21_events_2025_2040,Capped minus uncapped,43709.0,catchall_60_65,primary,2017
joint,EB-3 / China,age21_events_2025_2040,Capped minus uncapped,2171.0,catchall_60_65,primary,2017
joint,EB-3 / ROW,age21_events_2025_2040,Capped minus uncapped,-22579.0,catchall_60_65,primary,2017
joint,EB-4 / India,age21_events_2025_2040,Capped minus uncapped,-787.0,catchall_60_65,primary,2017
joint,EB-4 / China,age21_events_2025_2040,Capped minus uncapped,-159.0,catchall_60_65,primary,2017
joint,EB-4 / ROW,age21_events_2025_2040,Capped minus uncapped,720.0,catchall_60_65,primary,2017
joint,EB-5 / India,age21_events_2025_2040,Capped minus uncapped,176.0,catchall_60_65,primary,2017
joint,EB-5 / China,age21_events_2025_2040,Capped minus uncapped,681.0,catchall_60_65,primary,2017
joint,EB-5 / ROW,age21_events_2025_2040,Capped minus uncapped,-237.0,catchall_60_65,primary,2017
overall,All,age21_events_2025_2040,Capped,266944.0,catchall_60_65,primary,2018
overall,All,age21_events_2025_2040,Uncapped,199658.0,catchall_60_65,primary,2018
overall,All,age21_events_2025_2040,Capped minus uncapped,67286.0,catchall_60_65,primary,2018
overall,All,principal_exits_2025_2040,Capped,1092149.0,catchall_60_65,primary,2018
overall,All,principal_exits_2025_2040,Uncapped,1070449.0,catchall_60_65,primary,2018
overall,All,principal_exits_2025_2040,Capped minus uncapped,21700.0,catchall_60_65,primary,2018
overall,All,principal_conversions_2025_2040,Capped,1262798.0,catchall_60_65,primary,2018
overall,All,principal_conversions_2025_2040,Uncapped,1266494.0,catchall_60_65,primary,2018
overall,All,principal_conversions_2025_2040,Capped minus uncapped,-3696.0,catchall_60_65,primary,2018
overall,All,principal_backlog_2040,Capped,2774976.0,catchall_60_65,primary,2018
overall,All,principal_backlog_2040,Uncapped,2792980.0,catchall_60_65,primary,2018
overall,All,principal_backlog_2040,Capped minus uncapped,-18004.0,catchall_60_65,primary,2018
nationality,India,age21_events_2025_2040,Capped,194241.0,catchall_60_65,primary,2018
nationality,India,age21_events_2025_2040,Uncapped,74002.0,catchall_60_65,primary,2018
nationality,India,age21_events_2025_2040,Capped minus uncapped,120239.0,catchall_60_65,primary,2018
nationality,India,principal_exits_2025_2040,Capped,335977.0,catchall_60_65,primary,2018
nationality,India,principal_exits_2025_2040,Uncapped,186878.0,catchall_60_65,primary,2018
nationality,India,principal_exits_2025_2040,Capped minus uncapped,149099.0,catchall_60_65,primary,2018
nationality,India,principal_backlog_2040,Capped,1078511.0,catchall_60_65,primary,2018
nationality,India,principal_backlog_2040,Uncapped,751664.0,catchall_60_65,primary,2018
nationality,India,principal_backlog_2040,Capped minus uncapped,326847.0,catchall_60_65,primary,2018
nationality,China,age21_events_2025_2040,Capped,18552.0,catchall_60_65,primary,2018
nationality,China,age21_events_2025_2040,Uncapped,14586.0,catchall_60_65,primary,2018
nationality,China,age21_events_2025_2040,Capped minus uncapped,3966.0,catchall_60_65,primary,2018
nationality,China,principal_exits_2025_2040,Capped,104514.0,catchall_60_65,primary,2018
nationality,China,principal_exits_2025_2040,Uncapped,95356.0,catchall_60_65,primary,2018
nationality,China,principal_exits_2025_2040,Capped minus uncapped,9158.0,catchall_60_65,primary,2018
nationality,China,principal_backlog_2040,Capped,340797.0,catchall_60_65,primary,2018
nationality,China,principal_backlog_2040,Uncapped,286210.0,catchall_60_65,primary,2018
nationality,China,principal_backlog_2040,Capped minus uncapped,54587.0,catchall_60_65,primary,2018
nationality,ROW,age21_events_2025_2040,Capped,54151.0,catchall_60_65,primary,2018
nationality,ROW,age21_events_2025_2040,Uncapped,111070.0,catchall_60_65,primary,2018
nationality,ROW,age21_events_2025_2040,Capped minus uncapped,-56919.0,catchall_60_65,primary,2018
nationality,ROW,principal_exits_2025_2040,Capped,651658.0,catchall_60_65,primary,2018
nationality,ROW,principal_exits_2025_2040,Uncapped,788215.0,catchall_60_65,primary,2018
nationality,ROW,principal_exits_2025_2040,Capped minus uncapped,-136557.0,catchall_60_65,primary,2018
nationality,ROW,principal_backlog_2040,Capped,1355668.0,catchall_60_65,primary,2018
nationality,ROW,principal_backlog_2040,Uncapped,1755106.0,catchall_60_65,primary,2018
nationality,ROW,principal_backlog_2040,Capped minus uncapped,-399438.0,catchall_60_65,primary,2018
category,EB-1,age21_events_2025_2040,Capped,2605.0,catchall_60_65,primary,2018
category,EB-1,age21_events_2025_2040,Uncapped,720.0,catchall_60_65,primary,2018
category,EB-1,age21_events_2025_2040,Capped minus uncapped,1885.0,catchall_60_65,primary,2018
category,EB-1,principal_exits_2025_2040,Capped,15786.0,catchall_60_65,primary,2018
category,EB-1,principal_exits_2025_2040,Uncapped,16506.0,catchall_60_65,primary,2018
category,EB-1,principal_exits_2025_2040,Capped minus uncapped,-720.0,catchall_60_65,primary,2018
category,EB-1,principal_backlog_2040,Capped,129635.0,catchall_60_65,primary,2018
category,EB-1,principal_backlog_2040,Uncapped,125615.0,catchall_60_65,primary,2018
category,EB-1,principal_backlog_2040,Capped minus uncapped,4020.0,catchall_60_65,primary,2018
category,EB-2,age21_events_2025_2040,Capped,150163.0,catchall_60_65,primary,2018
category,EB-2,age21_events_2025_2040,Uncapped,108530.0,catchall_60_65,primary,2018
category,EB-2,age21_events_2025_2040,Capped minus uncapped,41633.0,catchall_60_65,primary,2018
category,EB-2,principal_exits_2025_2040,Capped,309642.0,catchall_60_65,primary,2018
category,EB-2,principal_exits_2025_2040,Uncapped,282049.0,catchall_60_65,primary,2018
category,EB-2,principal_exits_2025_2040,Capped minus uncapped,27593.0,catchall_60_65,primary,2018
category,EB-2,principal_backlog_2040,Capped,1041118.0,catchall_60_65,primary,2018
category,EB-2,principal_backlog_2040,Uncapped,1060421.0,catchall_60_65,primary,2018
category,EB-2,principal_backlog_2040,Capped minus uncapped,-19303.0,catchall_60_65,primary,2018
category,EB-3,age21_events_2025_2040,Capped,63579.0,catchall_60_65,primary,2018
category,EB-3,age21_events_2025_2040,Uncapped,40330.0,catchall_60_65,primary,2018
category,EB-3,age21_events_2025_2040,Capped minus uncapped,23249.0,catchall_60_65,primary,2018
category,EB-3,principal_exits_2025_2040,Capped,244615.0,catchall_60_65,primary,2018
category,EB-3,principal_exits_2025_2040,Uncapped,249651.0,catchall_60_65,primary,2018
category,EB-3,principal_exits_2025_2040,Capped minus uncapped,-5036.0,catchall_60_65,primary,2018
category,EB-3,principal_backlog_2040,Capped,552745.0,catchall_60_65,primary,2018
category,EB-3,principal_backlog_2040,Uncapped,558490.0,catchall_60_65,primary,2018
category,EB-3,principal_backlog_2040,Capped minus uncapped,-5745.0,catchall_60_65,primary,2018
category,EB-4,age21_events_2025_2040,Capped,49510.0,catchall_60_65,primary,2018
category,EB-4,age21_events_2025_2040,Uncapped,49502.0,catchall_60_65,primary,2018
category,EB-4,age21_events_2025_2040,Capped minus uncapped,8.0,catchall_60_65,primary,2018
category,EB-4,principal_exits_2025_2040,Capped,518274.0,catchall_60_65,primary,2018
category,EB-4,principal_exits_2025_2040,Uncapped,518910.0,catchall_60_65,primary,2018
category,EB-4,principal_exits_2025_2040,Capped minus uncapped,-636.0,catchall_60_65,primary,2018
category,EB-4,principal_backlog_2040,Capped,1024873.0,catchall_60_65,primary,2018
category,EB-4,principal_backlog_2040,Uncapped,1021862.0,catchall_60_65,primary,2018
category,EB-4,principal_backlog_2040,Capped minus uncapped,3011.0,catchall_60_65,primary,2018
category,EB-5,age21_events_2025_2040,Capped,1087.0,catchall_60_65,primary,2018
category,EB-5,age21_events_2025_2040,Uncapped,576.0,catchall_60_65,primary,2018
category,EB-5,age21_events_2025_2040,Capped minus uncapped,511.0,catchall_60_65,primary,2018
category,EB-5,principal_exits_2025_2040,Capped,3832.0,catchall_60_65,primary,2018
category,EB-5,principal_exits_2025_2040,Uncapped,3333.0,catchall_60_65,primary,2018
category,EB-5,principal_exits_2025_2040,Capped minus uncapped,499.0,catchall_60_65,primary,2018
category,EB-5,principal_backlog_2040,Capped,26605.0,catchall_60_65,primary,2018
category,EB-5,principal_backlog_2040,Uncapped,26592.0,catchall_60_65,primary,2018
category,EB-5,principal_backlog_2040,Capped minus uncapped,13.0,catchall_60_65,primary,2018
joint,EB-1 / India,age21_events_2025_2040,Capped minus uncapped,1494.0,catchall_60_65,primary,2018
joint,EB-1 / China,age21_events_2025_2040,Capped minus uncapped,954.0,catchall_60_65,primary,2018
joint,EB-1 / ROW,age21_events_2025_2040,Capped minus uncapped,-563.0,catchall_60_65,primary,2018
joint,EB-2 / India,age21_events_2025_2040,Capped minus uncapped,75491.0,catchall_60_65,primary,2018
joint,EB-2 / China,age21_events_2025_2040,Capped minus uncapped,403.0,catchall_60_65,primary,2018
joint,EB-2 / ROW,age21_events_2025_2040,Capped minus uncapped,-34261.0,catchall_60_65,primary,2018
joint,EB-3 / India,age21_events_2025_2040,Capped minus uncapped,43824.0,catchall_60_65,primary,2018
joint,EB-3 / China,age21_events_2025_2040,Capped minus uncapped,2138.0,catchall_60_65,primary,2018
joint,EB-3 / ROW,age21_events_2025_2040,Capped minus uncapped,-22713.0,catchall_60_65,primary,2018
joint,EB-4 / India,age21_events_2025_2040,Capped minus uncapped,-762.0,catchall_60_65,primary,2018
joint,EB-4 / China,age21_events_2025_2040,Capped minus uncapped,-114.0,catchall_60_65,primary,2018
joint,EB-4 / ROW,age21_events_2025_2040,Capped minus uncapped,884.0,catchall_60_65,primary,2018
joint,EB-5 / India,age21_events_2025_2040,Capped minus uncapped,192.0,catchall_60_65,primary,2018
joint,EB-5 / China,age21_events_2025_2040,Capped minus uncapped,585.0,catchall_60_65,primary,2018
joint,EB-5 / ROW,age21_events_2025_2040,Capped minus uncapped,-266.0,catchall_60_65,primary,2018
overall,All,age21_events_2025_2040,Capped,265612.0,catchall_60_65,primary,2019
overall,All,age21_events_2025_2040,Uncapped,199199.0,catchall_60_65,primary,2019
overall,All,age21_events_2025_2040,Capped minus uncapped,66413.0,catchall_60_65,primary,2019
overall,All,principal_exits_2025_2040,Capped,1093684.0,catchall_60_65,primary,2019
overall,All,principal_exits_2025_2040,Uncapped,1072314.0,catchall_60_65,primary,2019
overall,All,principal_exits_2025_2040,Capped minus uncapped,21370.0,catchall_60_65,primary,2019
overall,All,principal_conversions_2025_2040,Capped,1262030.0,catchall_60_65,primary,2019
overall,All,principal_conversions_2025_2040,Uncapped,1267036.0,catchall_60_65,primary,2019
overall,All,principal_conversions_2025_2040,Capped minus uncapped,-5006.0,catchall_60_65,primary,2019
overall,All,principal_backlog_2040,Capped,2774567.0,catchall_60_65,primary,2019
overall,All,principal_backlog_2040,Uncapped,2790931.0,catchall_60_65,primary,2019
overall,All,principal_backlog_2040,Capped minus uncapped,-16364.0,catchall_60_65,primary,2019
nationality,India,age21_events_2025_2040,Capped,192894.0,catchall_60_65,primary,2019
nationality,India,age21_events_2025_2040,Uncapped,73160.0,catchall_60_65,primary,2019
nationality,India,age21_events_2025_2040,Capped minus uncapped,119734.0,catchall_60_65,primary,2019
nationality,India,principal_exits_2025_2040,Capped,335662.0,catchall_60_65,primary,2019
nationality,India,principal_exits_2025_2040,Uncapped,187427.0,catchall_60_65,primary,2019
nationality,India,principal_exits_2025_2040,Capped minus uncapped,148235.0,catchall_60_65,primary,2019
nationality,India,principal_backlog_2040,Capped,1077237.0,catchall_60_65,primary,2019
nationality,India,principal_backlog_2040,Uncapped,749478.0,catchall_60_65,primary,2019
nationality,India,principal_backlog_2040,Capped minus uncapped,327759.0,catchall_60_65,primary,2019
nationality,China,age21_events_2025_2040,Capped,18709.0,catchall_60_65,primary,2019
nationality,China,age21_events_2025_2040,Uncapped,14645.0,catchall_60_65,primary,2019
nationality,China,age21_events_2025_2040,Capped minus uncapped,4064.0,catchall_60_65,primary,2019
nationality,China,principal_exits_2025_2040,Capped,104358.0,catchall_60_65,primary,2019
nationality,China,principal_exits_2025_2040,Uncapped,95257.0,catchall_60_65,primary,2019
nationality,China,principal_exits_2025_2040,Capped minus uncapped,9101.0,catchall_60_65,primary,2019
nationality,China,principal_backlog_2040,Capped,342358.0,catchall_60_65,primary,2019
nationality,China,principal_backlog_2040,Uncapped,287565.0,catchall_60_65,primary,2019
nationality,China,principal_backlog_2040,Capped minus uncapped,54793.0,catchall_60_65,primary,2019
nationality,ROW,age21_events_2025_2040,Capped,54009.0,catchall_60_65,primary,2019
nationality,ROW,age21_events_2025_2040,Uncapped,111394.0,catchall_60_65,primary,2019
nationality,ROW,age21_events_2025_2040,Capped minus uncapped,-57385.0,catchall_60_65,primary,2019
nationality,ROW,principal_exits_2025_2040,Capped,653664.0,catchall_60_65,primary,2019
nationality,ROW,principal_exits_2025_2040,Uncapped,789630.0,catchall_60_65,primary,2019
nationality,ROW,principal_exits_2025_2040,Capped minus uncapped,-135966.0,catchall_60_65,primary,2019
nationality,ROW,principal_backlog_2040,Capped,1354972.0,catchall_60_65,primary,2019
nationality,ROW,principal_backlog_2040,Uncapped,1753888.0,catchall_60_65,primary,2019
nationality,ROW,principal_backlog_2040,Capped minus uncapped,-398916.0,catchall_60_65,primary,2019
category,EB-1,age21_events_2025_2040,Capped,2495.0,catchall_60_65,primary,2019
category,EB-1,age21_events_2025_2040,Uncapped,764.0,catchall_60_65,primary,2019
category,EB-1,age21_events_2025_2040,Capped minus uncapped,1731.0,catchall_60_65,primary,2019
category,EB-1,principal_exits_2025_2040,Capped,15680.0,catchall_60_65,primary,2019
category,EB-1,principal_exits_2025_2040,Uncapped,16410.0,catchall_60_65,primary,2019
category,EB-1,principal_exits_2025_2040,Capped minus uncapped,-730.0,catchall_60_65,primary,2019
category,EB-1,principal_backlog_2040,Capped,129886.0,catchall_60_65,primary,2019
category,EB-1,principal_backlog_2040,Uncapped,125609.0,catchall_60_65,primary,2019
category,EB-1,principal_backlog_2040,Capped minus uncapped,4277.0,catchall_60_65,primary,2019
category,EB-2,age21_events_2025_2040,Capped,149127.0,catchall_60_65,primary,2019
category,EB-2,age21_events_2025_2040,Uncapped,108311.0,catchall_60_65,primary,2019
category,EB-2,age21_events_2025_2040,Capped minus uncapped,40816.0,catchall_60_65,primary,2019
category,EB-2,principal_exits_2025_2040,Capped,309396.0,catchall_60_65,primary,2019
category,EB-2,principal_exits_2025_2040,Uncapped,282944.0,catchall_60_65,primary,2019
category,EB-2,principal_exits_2025_2040,Capped minus uncapped,26452.0,catchall_60_65,primary,2019
category,EB-2,principal_backlog_2040,Capped,1041741.0,catchall_60_65,primary,2019
category,EB-2,principal_backlog_2040,Uncapped,1058934.0,catchall_60_65,primary,2019
category,EB-2,principal_backlog_2040,Capped minus uncapped,-17193.0,catchall_60_65,primary,2019
category,EB-3,age21_events_2025_2040,Capped,63733.0,catchall_60_65,primary,2019
category,EB-3,age21_events_2025_2040,Uncapped,40187.0,catchall_60_65,primary,2019
category,EB-3,age21_events_2025_2040,Capped minus uncapped,23546.0,catchall_60_65,primary,2019
category,EB-3,principal_exits_2025_2040,Capped,245735.0,catchall_60_65,primary,2019
category,EB-3,principal_exits_2025_2040,Uncapped,250112.0,catchall_60_65,primary,2019
category,EB-3,principal_exits_2025_2040,Capped minus uncapped,-4377.0,catchall_60_65,primary,2019
category,EB-3,principal_backlog_2040,Capped,552038.0,catchall_60_65,primary,2019
category,EB-3,principal_backlog_2040,Uncapped,558490.0,catchall_60_65,primary,2019
category,EB-3,principal_backlog_2040,Capped minus uncapped,-6452.0,catchall_60_65,primary,2019
category,EB-4,age21_events_2025_2040,Capped,49152.0,catchall_60_65,primary,2019
category,EB-4,age21_events_2025_2040,Uncapped,49344.0,catchall_60_65,primary,2019
category,EB-4,age21_events_2025_2040,Capped minus uncapped,-192.0,catchall_60_65,primary,2019
category,EB-4,principal_exits_2025_2040,Capped,519043.0,catchall_60_65,primary,2019
category,EB-4,principal_exits_2025_2040,Uncapped,519456.0,catchall_60_65,primary,2019
category,EB-4,principal_exits_2025_2040,Capped minus uncapped,-413.0,catchall_60_65,primary,2019
category,EB-4,principal_backlog_2040,Capped,1024230.0,catchall_60_65,primary,2019
category,EB-4,principal_backlog_2040,Uncapped,1021303.0,catchall_60_65,primary,2019
category,EB-4,principal_backlog_2040,Capped minus uncapped,2927.0,catchall_60_65,primary,2019
category,EB-5,age21_events_2025_2040,Capped,1105.0,catchall_60_65,primary,2019
category,EB-5,age21_events_2025_2040,Uncapped,593.0,catchall_60_65,primary,2019
category,EB-5,age21_events_2025_2040,Capped minus uncapped,512.0,catchall_60_65,primary,2019
category,EB-5,principal_exits_2025_2040,Capped,3830.0,catchall_60_65,primary,2019
category,EB-5,principal_exits_2025_2040,Uncapped,3392.0,catchall_60_65,primary,2019
category,EB-5,principal_exits_2025_2040,Capped minus uncapped,438.0,catchall_60_65,primary,2019
category,EB-5,principal_backlog_2040,Capped,26672.0,catchall_60_65,primary,2019
category,EB-5,principal_backlog_2040,Uncapped,26595.0,catchall_60_65,primary,2019
category,EB-5,principal_backlog_2040,Capped minus uncapped,77.0,catchall_60_65,primary,2019
joint,EB-1 / India,age21_events_2025_2040,Capped minus uncapped,1414.0,catchall_60_65,primary,2019
joint,EB-1 / China,age21_events_2025_2040,Capped minus uncapped,922.0,catchall_60_65,primary,2019
joint,EB-1 / ROW,age21_events_2025_2040,Capped minus uncapped,-605.0,catchall_60_65,primary,2019
joint,EB-2 / India,age21_events_2025_2040,Capped minus uncapped,75008.0,catchall_60_65,primary,2019
joint,EB-2 / China,age21_events_2025_2040,Capped minus uncapped,564.0,catchall_60_65,primary,2019
joint,EB-2 / ROW,age21_events_2025_2040,Capped minus uncapped,-34756.0,catchall_60_65,primary,2019
joint,EB-3 / India,age21_events_2025_2040,Capped minus uncapped,43950.0,catchall_60_65,primary,2019
joint,EB-3 / China,age21_events_2025_2040,Capped minus uncapped,2104.0,catchall_60_65,primary,2019
joint,EB-3 / ROW,age21_events_2025_2040,Capped minus uncapped,-22508.0,catchall_60_65,primary,2019
joint,EB-4 / India,age21_events_2025_2040,Capped minus uncapped,-808.0,catchall_60_65,primary,2019
joint,EB-4 / China,age21_events_2025_2040,Capped minus uncapped,-122.0,catchall_60_65,primary,2019
joint,EB-4 / ROW,age21_events_2025_2040,Capped minus uncapped,738.0,catchall_60_65,primary,2019
joint,EB-5 / India,age21_events_2025_2040,Capped minus uncapped,170.0,catchall_60_65,primary,2019
joint,EB-5 / China,age21_events_2025_2040,Capped minus uncapped,596.0,catchall_60_65,primary,2019
joint,EB-5 / ROW,age21_events_2025_2040,Capped minus uncapped,-254.0,catchall_60_65,primary,2019
overall,All,age21_events_2025_2040,Capped,265969.0,catchall_60_65,primary,2020
overall,All,age21_events_2025_2040,Uncapped,199735.0,catchall_60_65,primary,2020
overall,All,age21_events_2025_2040,Capped minus uncapped,66234.0,catchall_60_65,primary,2020
overall,All,principal_exits_2025_2040,Capped,1094538.0,catchall_60_65,primary,2020
overall,All,principal_exits_2025_2040,Uncapped,1072405.0,catchall_60_65,primary,2020
overall,All,principal_exits_2025_2040,Capped minus uncapped,22133.0,catchall_60_65,primary,2020
overall,All,principal_conversions_2025_2040,Capped,1263540.0,catchall_60_65,primary,2020
overall,All,principal_conversions_2025_2040,Uncapped,1266767.0,catchall_60_65,primary,2020
overall,All,principal_conversions_2025_2040,Capped minus uncapped,-3227.0,catchall_60_65,primary,2020
overall,All,principal_backlog_2040,Capped,2771503.0,catchall_60_65,primary,2020
overall,All,principal_backlog_2040,Uncapped,2790409.0,catchall_60_65,primary,2020
overall,All,principal_backlog_2040,Capped minus uncapped,-18906.0,catchall_60_65,primary,2020
nationality,India,age21_events_2025_2040,Capped,193228.0,catchall_60_65,primary,2020
nationality,India,age21_events_2025_2040,Uncapped,73754.0,catchall_60_65,primary,2020
nationality,India,age21_events_2025_2040,Capped minus uncapped,119474.0,catchall_60_65,primary,2020
nationality,India,principal_exits_2025_2040,Capped,335692.0,catchall_60_65,primary,2020
nationality,India,principal_exits_2025_2040,Uncapped,187997.0,catchall_60_65,primary,2020
nationality,India,principal_exits_2025_2040,Capped minus uncapped,147695.0,catchall_60_65,primary,2020
nationality,India,principal_backlog_2040,Capped,1077805.0,catchall_60_65,primary,2020
nationality,India,principal_backlog_2040,Uncapped,750379.0,catchall_60_65,primary,2020
nationality,India,principal_backlog_2040,Capped minus uncapped,327426.0,catchall_60_65,primary,2020
nationality,China,age21_events_2025_2040,Capped,18625.0,catchall_60_65,primary,2020
nationality,China,age21_events_2025_2040,Uncapped,14486.0,catchall_60_65,primary,2020
nationality,China,age21_events_2025_2040,Capped minus uncapped,4139.0,catchall_60_65,primary,2020
nationality,China,principal_exits_2025_2040,Capped,104556.0,catchall_60_65,primary,2020
nationality,China,principal_exits_2025_2040,Uncapped,95379.0,catchall_60_65,primary,2020
nationality,China,principal_exits_2025_2040,Capped minus uncapped,9177.0,catchall_60_65,primary,2020
nationality,China,principal_backlog_2040,Capped,340900.0,catchall_60_65,primary,2020
nationality,China,principal_backlog_2040,Uncapped,286496.0,catchall_60_65,primary,2020
nationality,China,principal_backlog_2040,Capped minus uncapped,54404.0,catchall_60_65,primary,2020
nationality,ROW,age21_events_2025_2040,Capped,54116.0,catchall_60_65,primary,2020
nationality,ROW,age21_events_2025_2040,Uncapped,111495.0,catchall_60_65,primary,2020
nationality,ROW,age21_events_2025_2040,Capped minus uncapped,-57379.0,catchall_60_65,primary,2020
nationality,ROW,principal_exits_2025_2040,Capped,654290.0,catchall_60_65,primary,2020
nationality,ROW,principal_exits_2025_2040,Uncapped,789029.0,catchall_60_65,primary,2020
nationality,ROW,principal_exits_2025_2040,Capped minus uncapped,-134739.0,catchall_60_65,primary,2020
nationality,ROW,principal_backlog_2040,Capped,1352798.0,catchall_60_65,primary,2020
nationality,ROW,principal_backlog_2040,Uncapped,1753534.0,catchall_60_65,primary,2020
nationality,ROW,principal_backlog_2040,Capped minus uncapped,-400736.0,catchall_60_65,primary,2020
category,EB-1,age21_events_2025_2040,Capped,2611.0,catchall_60_65,primary,2020
category,EB-1,age21_events_2025_2040,Uncapped,721.0,catchall_60_65,primary,2020
category,EB-1,age21_events_2025_2040,Capped minus uncapped,1890.0,catchall_60_65,primary,2020
category,EB-1,principal_exits_2025_2040,Capped,15552.0,catchall_60_65,primary,2020
category,EB-1,principal_exits_2025_2040,Uncapped,16241.0,catchall_60_65,primary,2020
category,EB-1,principal_exits_2025_2040,Capped minus uncapped,-689.0,catchall_60_65,primary,2020
category,EB-1,principal_backlog_2040,Capped,129492.0,catchall_60_65,primary,2020
category,EB-1,principal_backlog_2040,Uncapped,125580.0,catchall_60_65,primary,2020
category,EB-1,principal_backlog_2040,Capped minus uncapped,3912.0,catchall_60_65,primary,2020
category,EB-2,age21_events_2025_2040,Capped,149795.0,catchall_60_65,primary,2020
category,EB-2,age21_events_2025_2040,Uncapped,108514.0,catchall_60_65,primary,2020
category,EB-2,age21_events_2025_2040,Capped minus uncapped,41281.0,catchall_60_65,primary,2020
category,EB-2,principal_exits_2025_2040,Capped,309472.0,catchall_60_65,primary,2020
category,EB-2,principal_exits_2025_2040,Uncapped,283273.0,catchall_60_65,primary,2020
category,EB-2,principal_exits_2025_2040,Capped minus uncapped,26199.0,catchall_60_65,primary,2020
category,EB-2,principal_backlog_2040,Capped,1040952.0,catchall_60_65,primary,2020
category,EB-2,principal_backlog_2040,Uncapped,1059097.0,catchall_60_65,primary,2020
category,EB-2,principal_backlog_2040,Capped minus uncapped,-18145.0,catchall_60_65,primary,2020
category,EB-3,age21_events_2025_2040,Capped,63096.0,catchall_60_65,primary,2020
category,EB-3,age21_events_2025_2040,Uncapped,39901.0,catchall_60_65,primary,2020
category,EB-3,age21_events_2025_2040,Capped minus uncapped,23195.0,catchall_60_65,primary,2020
category,EB-3,principal_exits_2025_2040,Capped,245100.0,catchall_60_65,primary,2020
category,EB-3,principal_exits_2025_2040,Uncapped,249722.0,catchall_60_65,primary,2020
category,EB-3,principal_exits_2025_2040,Capped minus uncapped,-4622.0,catchall_60_65,primary,2020
category,EB-3,principal_backlog_2040,Capped,552009.0,catchall_60_65,primary,2020
category,EB-3,principal_backlog_2040,Uncapped,558049.0,catchall_60_65,primary,2020
category,EB-3,principal_backlog_2040,Capped minus uncapped,-6040.0,catchall_60_65,primary,2020
category,EB-4,age21_events_2025_2040,Capped,49412.0,catchall_60_65,primary,2020
category,EB-4,age21_events_2025_2040,Uncapped,50018.0,catchall_60_65,primary,2020
category,EB-4,age21_events_2025_2040,Capped minus uncapped,-606.0,catchall_60_65,primary,2020
category,EB-4,principal_exits_2025_2040,Capped,520613.0,catchall_60_65,primary,2020
category,EB-4,principal_exits_2025_2040,Uncapped,519772.0,catchall_60_65,primary,2020
category,EB-4,principal_exits_2025_2040,Capped minus uncapped,841.0,catchall_60_65,primary,2020
category,EB-4,principal_backlog_2040,Capped,1022278.0,catchall_60_65,primary,2020
category,EB-4,principal_backlog_2040,Uncapped,1021067.0,catchall_60_65,primary,2020
category,EB-4,principal_backlog_2040,Capped minus uncapped,1211.0,catchall_60_65,primary,2020
category,EB-5,age21_events_2025_2040,Capped,1055.0,catchall_60_65,primary,2020
category,EB-5,age21_events_2025_2040,Uncapped,581.0,catchall_60_65,primary,2020
category,EB-5,age21_events_2025_2040,Capped minus uncapped,474.0,catchall_60_65,primary,2020
category,EB-5,principal_exits_2025_2040,Capped,3801.0,catchall_60_65,primary,2020
category,EB-5,principal_exits_2025_2040,Uncapped,3397.0,catchall_60_65,primary,2020
category,EB-5,principal_exits_2025_2040,Capped minus uncapped,404.0,catchall_60_65,primary,2020
category,EB-5,principal_backlog_2040,Capped,26772.0,catchall_60_65,primary,2020
category,EB-5,principal_backlog_2040,Uncapped,26616.0,catchall_60_65,primary,2020
category,EB-5,principal_backlog_2040,Capped minus uncapped,156.0,catchall_60_65,primary,2020
joint,EB-1 / India,age21_events_2025_2040,Capped minus uncapped,1477.0,catchall_60_65,primary,2020
joint,EB-1 / China,age21_events_2025_2040,Capped minus uncapped,963.0,catchall_60_65,primary,2020
joint,EB-1 / ROW,age21_events_2025_2040,Capped minus uncapped,-550.0,catchall_60_65,primary,2020
joint,EB-2 / India,age21_events_2025_2040,Capped minus uncapped,75100.0,catchall_60_65,primary,2020
joint,EB-2 / China,age21_events_2025_2040,Capped minus uncapped,526.0,catchall_60_65,primary,2020
joint,EB-2 / ROW,age21_events_2025_2040,Capped minus uncapped,-34345.0,catchall_60_65,primary,2020
joint,EB-3 / India,age21_events_2025_2040,Capped minus uncapped,43568.0,catchall_60_65,primary,2020
joint,EB-3 / China,age21_events_2025_2040,Capped minus uncapped,2211.0,catchall_60_65,primary,2020
joint,EB-3 / ROW,age21_events_2025_2040,Capped minus uncapped,-22584.0,catchall_60_65,primary,2020
joint,EB-4 / India,age21_events_2025_2040,Capped minus uncapped,-838.0,catchall_60_65,primary,2020
joint,EB-4 / China,age21_events_2025_2040,Capped minus uncapped,-136.0,catchall_60_65,primary,2020
joint,EB-4 / ROW,age21_events_2025_2040,Capped minus uncapped,368.0,catchall_60_65,primary,2020
joint,EB-5 / India,age21_events_2025_2040,Capped minus uncapped,167.0,catchall_60_65,primary,2020
joint,EB-5 / China,age21_events_2025_2040,Capped minus uncapped,575.0,catchall_60_65,primary,2020
joint,EB-5 / ROW,age21_events_2025_2040,Capped minus uncapped,-268.0,catchall_60_65,primary,2020
overall,All,age21_events_2025_2040,Capped,266891.0,catchall_60_65,primary,2021
overall,All,age21_events_2025_2040,Uncapped,199903.0,catchall_60_65,primary,2021
overall,All,age21_events_2025_2040,Capped minus uncapped,66988.0,catchall_60_65,primary,2021
overall,All,principal_exits_2025_2040,Capped,1094354.0,catchall_60_65,primary,2021
overall,All,principal_exits_2025_2040,Uncapped,1073149.0,catchall_60_65,primary,2021
overall,All,principal_exits_2025_2040,Capped minus uncapped,21205.0,catchall_60_65,primary,2021
overall,All,principal_conversions_2025_2040,Capped,1263189.0,catchall_60_65,primary,2021
overall,All,principal_conversions_2025_2040,Uncapped,1266785.0,catchall_60_65,primary,2021
overall,All,principal_conversions_2025_2040,Capped minus uncapped,-3596.0,catchall_60_65,primary,2021
overall,All,principal_backlog_2040,Capped,2771702.0,catchall_60_65,primary,2021
overall,All,principal_backlog_2040,Uncapped,2789311.0,catchall_60_65,primary,2021
overall,All,principal_backlog_2040,Capped minus uncapped,-17609.0,catchall_60_65,primary,2021
nationality,India,age21_events_2025_2040,Capped,193471.0,catchall_60_65,primary,2021
nationality,India,age21_events_2025_2040,Uncapped,73300.0,catchall_60_65,primary,2021
nationality,India,age21_events_2025_2040,Capped minus uncapped,120171.0,catchall_60_65,primary,2021
nationality,India,principal_exits_2025_2040,Capped,335099.0,catchall_60_65,primary,2021
nationality,India,principal_exits_2025_2040,Uncapped,186806.0,catchall_60_65,primary,2021
nationality,India,principal_exits_2025_2040,Capped minus uncapped,148293.0,catchall_60_65,primary,2021
nationality,India,principal_backlog_2040,Capped,1077309.0,catchall_60_65,primary,2021
nationality,India,principal_backlog_2040,Uncapped,750335.0,catchall_60_65,primary,2021
nationality,India,principal_backlog_2040,Capped minus uncapped,326974.0,catchall_60_65,primary,2021
nationality,China,age21_events_2025_2040,Capped,18803.0,catchall_60_65,primary,2021
nationality,China,age21_events_2025_2040,Uncapped,14828.0,catchall_60_65,primary,2021
nationality,China,age21_events_2025_2040,Capped minus uncapped,3975.0,catchall_60_65,primary,2021
nationality,China,principal_exits_2025_2040,Capped,104558.0,catchall_60_65,primary,2021
nationality,China,principal_exits_2025_2040,Uncapped,95871.0,catchall_60_65,primary,2021
nationality,China,principal_exits_2025_2040,Capped minus uncapped,8687.0,catchall_60_65,primary,2021
nationality,China,principal_backlog_2040,Capped,341346.0,catchall_60_65,primary,2021
nationality,China,principal_backlog_2040,Uncapped,285915.0,catchall_60_65,primary,2021
nationality,China,principal_backlog_2040,Capped minus uncapped,55431.0,catchall_60_65,primary,2021
nationality,ROW,age21_events_2025_2040,Capped,54617.0,catchall_60_65,primary,2021
nationality,ROW,age21_events_2025_2040,Uncapped,111775.0,catchall_60_65,primary,2021
nationality,ROW,age21_events_2025_2040,Capped minus uncapped,-57158.0,catchall_60_65,primary,2021
nationality,ROW,principal_exits_2025_2040,Capped,654697.0,catchall_60_65,primary,2021
nationality,ROW,principal_exits_2025_2040,Uncapped,790472.0,catchall_60_65,primary,2021
nationality,ROW,principal_exits_2025_2040,Capped minus uncapped,-135775.0,catchall_60_65,primary,2021
nationality,ROW,principal_backlog_2040,Capped,1353047.0,catchall_60_65,primary,2021
nationality,ROW,principal_backlog_2040,Uncapped,1753061.0,catchall_60_65,primary,2021
nationality,ROW,principal_backlog_2040,Capped minus uncapped,-400014.0,catchall_60_65,primary,2021
category,EB-1,age21_events_2025_2040,Capped,2452.0,catchall_60_65,primary,2021
category,EB-1,age21_events_2025_2040,Uncapped,742.0,catchall_60_65,primary,2021
category,EB-1,age21_events_2025_2040,Capped minus uncapped,1710.0,catchall_60_65,primary,2021
category,EB-1,principal_exits_2025_2040,Capped,15797.0,catchall_60_65,primary,2021
category,EB-1,principal_exits_2025_2040,Uncapped,16439.0,catchall_60_65,primary,2021
category,EB-1,principal_exits_2025_2040,Capped minus uncapped,-642.0,catchall_60_65,primary,2021
category,EB-1,principal_backlog_2040,Capped,129090.0,catchall_60_65,primary,2021
category,EB-1,principal_backlog_2040,Uncapped,125105.0,catchall_60_65,primary,2021
category,EB-1,principal_backlog_2040,Capped minus uncapped,3985.0,catchall_60_65,primary,2021
category,EB-2,age21_events_2025_2040,Capped,149632.0,catchall_60_65,primary,2021
category,EB-2,age21_events_2025_2040,Uncapped,108381.0,catchall_60_65,primary,2021
category,EB-2,age21_events_2025_2040,Capped minus uncapped,41251.0,catchall_60_65,primary,2021
category,EB-2,principal_exits_2025_2040,Capped,309620.0,catchall_60_65,primary,2021
category,EB-2,principal_exits_2025_2040,Uncapped,282198.0,catchall_60_65,primary,2021
category,EB-2,principal_exits_2025_2040,Capped minus uncapped,27422.0,catchall_60_65,primary,2021
category,EB-2,principal_backlog_2040,Capped,1040789.0,catchall_60_65,primary,2021
category,EB-2,principal_backlog_2040,Uncapped,1059506.0,catchall_60_65,primary,2021
category,EB-2,principal_backlog_2040,Capped minus uncapped,-18717.0,catchall_60_65,primary,2021
category,EB-3,age21_events_2025_2040,Capped,63781.0,catchall_60_65,primary,2021
category,EB-3,age21_events_2025_2040,Uncapped,40515.0,catchall_60_65,primary,2021
category,EB-3,age21_events_2025_2040,Capped minus uncapped,23266.0,catchall_60_65,primary,2021
category,EB-3,principal_exits_2025_2040,Capped,245181.0,catchall_60_65,primary,2021
category,EB-3,principal_exits_2025_2040,Uncapped,250694.0,catchall_60_65,primary,2021
category,EB-3,principal_exits_2025_2040,Capped minus uncapped,-5513.0,catchall_60_65,primary,2021
category,EB-3,principal_backlog_2040,Capped,552131.0,catchall_60_65,primary,2021
category,EB-3,principal_backlog_2040,Uncapped,557790.0,catchall_60_65,primary,2021
category,EB-3,principal_backlog_2040,Capped minus uncapped,-5659.0,catchall_60_65,primary,2021
category,EB-4,age21_events_2025_2040,Capped,49841.0,catchall_60_65,primary,2021
category,EB-4,age21_events_2025_2040,Uncapped,49700.0,catchall_60_65,primary,2021
category,EB-4,age21_events_2025_2040,Capped minus uncapped,141.0,catchall_60_65,primary,2021
category,EB-4,principal_exits_2025_2040,Capped,520041.0,catchall_60_65,primary,2021
category,EB-4,principal_exits_2025_2040,Uncapped,520396.0,catchall_60_65,primary,2021
category,EB-4,principal_exits_2025_2040,Capped minus uncapped,-355.0,catchall_60_65,primary,2021
category,EB-4,principal_backlog_2040,Capped,1022790.0,catchall_60_65,primary,2021
category,EB-4,principal_backlog_2040,Uncapped,1020271.0,catchall_60_65,primary,2021
category,EB-4,principal_backlog_2040,Capped minus uncapped,2519.0,catchall_60_65,primary,2021
category,EB-5,age21_events_2025_2040,Capped,1185.0,catchall_60_65,primary,2021
category,EB-5,age21_events_2025_2040,Uncapped,565.0,catchall_60_65,primary,2021
category,EB-5,age21_events_2025_2040,Capped minus uncapped,620.0,catchall_60_65,primary,2021
category,EB-5,principal_exits_2025_2040,Capped,3715.0,catchall_60_65,primary,2021
category,EB-5,principal_exits_2025_2040,Uncapped,3422.0,catchall_60_65,primary,2021
category,EB-5,principal_exits_2025_2040,Capped minus uncapped,293.0,catchall_60_65,primary,2021
category,EB-5,principal_backlog_2040,Capped,26902.0,catchall_60_65,primary,2021
category,EB-5,principal_backlog_2040,Uncapped,26639.0,catchall_60_65,primary,2021
category,EB-5,principal_backlog_2040,Capped minus uncapped,263.0,catchall_60_65,primary,2021
joint,EB-1 / India,age21_events_2025_2040,Capped minus uncapped,1379.0,catchall_60_65,primary,2021
joint,EB-1 / China,age21_events_2025_2040,Capped minus uncapped,916.0,catchall_60_65,primary,2021
joint,EB-1 / ROW,age21_events_2025_2040,Capped minus uncapped,-585.0,catchall_60_65,primary,2021
joint,EB-2 / India,age21_events_2025_2040,Capped minus uncapped,75295.0,catchall_60_65,primary,2021
joint,EB-2 / China,age21_events_2025_2040,Capped minus uncapped,451.0,catchall_60_65,primary,2021
joint,EB-2 / ROW,age21_events_2025_2040,Capped minus uncapped,-34495.0,catchall_60_65,primary,2021
joint,EB-3 / India,age21_events_2025_2040,Capped minus uncapped,43946.0,catchall_60_65,primary,2021
joint,EB-3 / China,age21_events_2025_2040,Capped minus uncapped,2084.0,catchall_60_65,primary,2021
joint,EB-3 / ROW,age21_events_2025_2040,Capped minus uncapped,-22764.0,catchall_60_65,primary,2021
joint,EB-4 / India,age21_events_2025_2040,Capped minus uncapped,-659.0,catchall_60_65,primary,2021
joint,EB-4 / China,age21_events_2025_2040,Capped minus uncapped,-127.0,catchall_60_65,primary,2021
joint,EB-4 / ROW,age21_events_2025_2040,Capped minus uncapped,927.0,catchall_60_65,primary,2021
joint,EB-5 / India,age21_events_2025_2040,Capped minus uncapped,210.0,catchall_60_65,primary,2021
joint,EB-5 / China,age21_events_2025_2040,Capped minus uncapped,651.0,catchall_60_65,primary,2021
joint,EB-5 / ROW,age21_events_2025_2040,Capped minus uncapped,-241.0,catchall_60_65,primary,2021
overall,All,age21_events_2025_2040,Capped,266725.0,catchall_60_65,primary,2022
overall,All,age21_events_2025_2040,Uncapped,198802.0,catchall_60_65,primary,2022
overall,All,age21_events_2025_2040,Capped minus uncapped,67923.0,catchall_60_65,primary,2022
overall,All,principal_exits_2025_2040,Capped,1092809.0,catchall_60_65,primary,2022
overall,All,principal_exits_2025_2040,Uncapped,1072584.0,catchall_60_65,primary,2022
overall,All,principal_exits_2025_2040,Capped minus uncapped,20225.0,catchall_60_65,primary,2022
overall,All,principal_conversions_2025_2040,Capped,1263557.0,catchall_60_65,primary,2022
overall,All,principal_conversions_2025_2040,Uncapped,1266801.0,catchall_60_65,primary,2022
overall,All,principal_conversions_2025_2040,Capped minus uncapped,-3244.0,catchall_60_65,primary,2022
overall,All,principal_backlog_2040,Capped,2773914.0,catchall_60_65,primary,2022
overall,All,principal_backlog_2040,Uncapped,2790895.0,catchall_60_65,primary,2022
overall,All,principal_backlog_2040,Capped minus uncapped,-16981.0,catchall_60_65,primary,2022
nationality,India,age21_events_2025_2040,Capped,193778.0,catchall_60_65,primary,2022
nationality,India,age21_events_2025_2040,Uncapped,73555.0,catchall_60_65,primary,2022
nationality,India,age21_events_2025_2040,Capped minus uncapped,120223.0,catchall_60_65,primary,2022
nationality,India,principal_exits_2025_2040,Capped,335412.0,catchall_60_65,primary,2022
nationality,India,principal_exits_2025_2040,Uncapped,187649.0,catchall_60_65,primary,2022
nationality,India,principal_exits_2025_2040,Capped minus uncapped,147763.0,catchall_60_65,primary,2022
nationality,India,principal_backlog_2040,Capped,1077192.0,catchall_60_65,primary,2022
nationality,India,principal_backlog_2040,Uncapped,750446.0,catchall_60_65,primary,2022
nationality,India,principal_backlog_2040,Capped minus uncapped,326746.0,catchall_60_65,primary,2022
nationality,China,age21_events_2025_2040,Capped,18538.0,catchall_60_65,primary,2022
nationality,China,age21_events_2025_2040,Uncapped,14468.0,catchall_60_65,primary,2022
nationality,China,age21_events_2025_2040,Capped minus uncapped,4070.0,catchall_60_65,primary,2022
nationality,China,principal_exits_2025_2040,Capped,104252.0,catchall_60_65,primary,2022
nationality,China,principal_exits_2025_2040,Uncapped,94782.0,catchall_60_65,primary,2022
nationality,China,principal_exits_2025_2040,Capped minus uncapped,9470.0,catchall_60_65,primary,2022
nationality,China,principal_backlog_2040,Capped,341405.0,catchall_60_65,primary,2022
nationality,China,principal_backlog_2040,Uncapped,286704.0,catchall_60_65,primary,2022
nationality,China,principal_backlog_2040,Capped minus uncapped,54701.0,catchall_60_65,primary,2022
nationality,ROW,age21_events_2025_2040,Capped,54409.0,catchall_60_65,primary,2022
nationality,ROW,age21_events_2025_2040,Uncapped,110779.0,catchall_60_65,primary,2022
nationality,ROW,age21_events_2025_2040,Capped minus uncapped,-56370.0,catchall_60_65,primary,2022
nationality,ROW,principal_exits_2025_2040,Capped,653145.0,catchall_60_65,primary,2022
nationality,ROW,principal_exits_2025_2040,Uncapped,790153.0,catchall_60_65,primary,2022
nationality,ROW,principal_exits_2025_2040,Capped minus uncapped,-137008.0,catchall_60_65,primary,2022
nationality,ROW,principal_backlog_2040,Capped,1355317.0,catchall_60_65,primary,2022
nationality,ROW,principal_backlog_2040,Uncapped,1753745.0,catchall_60_65,primary,2022
nationality,ROW,principal_backlog_2040,Capped minus uncapped,-398428.0,catchall_60_65,primary,2022
category,EB-1,age21_events_2025_2040,Capped,2562.0,catchall_60_65,primary,2022
category,EB-1,age21_events_2025_2040,Uncapped,733.0,catchall_60_65,primary,2022
category,EB-1,age21_events_2025_2040,Capped minus uncapped,1829.0,catchall_60_65,primary,2022
category,EB-1,principal_exits_2025_2040,Capped,15891.0,catchall_60_65,primary,2022
category,EB-1,principal_exits_2025_2040,Uncapped,16659.0,catchall_60_65,primary,2022
category,EB-1,principal_exits_2025_2040,Capped minus uncapped,-768.0,catchall_60_65,primary,2022
category,EB-1,principal_backlog_2040,Capped,129435.0,catchall_60_65,primary,2022
category,EB-1,principal_backlog_2040,Uncapped,125402.0,catchall_60_65,primary,2022
category,EB-1,principal_backlog_2040,Capped minus uncapped,4033.0,catchall_60_65,primary,2022
category,EB-2,age21_events_2025_2040,Capped,150229.0,catchall_60_65,primary,2022
category,EB-2,age21_events_2025_2040,Uncapped,108355.0,catchall_60_65,primary,2022
category,EB-2,age21_events_2025_2040,Capped minus uncapped,41874.0,catchall_60_65,primary,2022
category,EB-2,principal_exits_2025_2040,Capped,309545.0,catchall_60_65,primary,2022
category,EB-2,principal_exits_2025_2040,Uncapped,282846.0,catchall_60_65,primary,2022
category,EB-2,principal_exits_2025_2040,Capped minus uncapped,26699.0,catchall_60_65,primary,2022
category,EB-2,principal_backlog_2040,Capped,1041078.0,catchall_60_65,primary,2022
category,EB-2,principal_backlog_2040,Uncapped,1059461.0,catchall_60_65,primary,2022
category,EB-2,principal_backlog_2040,Capped minus uncapped,-18383.0,catchall_60_65,primary,2022
category,EB-3,age21_events_2025_2040,Capped,63308.0,catchall_60_65,primary,2022
category,EB-3,age21_events_2025_2040,Uncapped,39835.0,catchall_60_65,primary,2022
category,EB-3,age21_events_2025_2040,Capped minus uncapped,23473.0,catchall_60_65,primary,2022
category,EB-3,principal_exits_2025_2040,Capped,244766.0,catchall_60_65,primary,2022
category,EB-3,principal_exits_2025_2040,Uncapped,249735.0,catchall_60_65,primary,2022
category,EB-3,principal_exits_2025_2040,Capped minus uncapped,-4969.0,catchall_60_65,primary,2022
category,EB-3,principal_backlog_2040,Capped,552198.0,catchall_60_65,primary,2022
category,EB-3,principal_backlog_2040,Uncapped,558279.0,catchall_60_65,primary,2022
category,EB-3,principal_backlog_2040,Capped minus uncapped,-6081.0,catchall_60_65,primary,2022
category,EB-4,age21_events_2025_2040,Capped,49505.0,catchall_60_65,primary,2022
category,EB-4,age21_events_2025_2040,Uncapped,49353.0,catchall_60_65,primary,2022
category,EB-4,age21_events_2025_2040,Capped minus uncapped,152.0,catchall_60_65,primary,2022
category,EB-4,principal_exits_2025_2040,Capped,518908.0,catchall_60_65,primary,2022
category,EB-4,principal_exits_2025_2040,Uncapped,519964.0,catchall_60_65,primary,2022
category,EB-4,principal_exits_2025_2040,Capped minus uncapped,-1056.0,catchall_60_65,primary,2022
category,EB-4,principal_backlog_2040,Capped,1024547.0,catchall_60_65,primary,2022
category,EB-4,principal_backlog_2040,Uncapped,1021250.0,catchall_60_65,primary,2022
category,EB-4,principal_backlog_2040,Capped minus uncapped,3297.0,catchall_60_65,primary,2022
category,EB-5,age21_events_2025_2040,Capped,1121.0,catchall_60_65,primary,2022
category,EB-5,age21_events_2025_2040,Uncapped,526.0,catchall_60_65,primary,2022
category,EB-5,age21_events_2025_2040,Capped minus uncapped,595.0,catchall_60_65,primary,2022
category,EB-5,principal_exits_2025_2040,Capped,3699.0,catchall_60_65,primary,2022
category,EB-5,principal_exits_2025_2040,Uncapped,3380.0,catchall_60_65,primary,2022
category,EB-5,principal_exits_2025_2040,Capped minus uncapped,319.0,catchall_60_65,primary,2022
category,EB-5,principal_backlog_2040,Capped,26656.0,catchall_60_65,primary,2022
category,EB-5,principal_backlog_2040,Uncapped,26503.0,catchall_60_65,primary,2022
category,EB-5,principal_backlog_2040,Capped minus uncapped,153.0,catchall_60_65,primary,2022
joint,EB-1 / India,age21_events_2025_2040,Capped minus uncapped,1442.0,catchall_60_65,primary,2022
joint,EB-1 / China,age21_events_2025_2040,Capped minus uncapped,970.0,catchall_60_65,primary,2022
joint,EB-1 / ROW,age21_events_2025_2040,Capped minus uncapped,-583.0,catchall_60_65,primary,2022
joint,EB-2 / India,age21_events_2025_2040,Capped minus uncapped,75955.0,catchall_60_65,primary,2022
joint,EB-2 / China,age21_events_2025_2040,Capped minus uncapped,311.0,catchall_60_65,primary,2022
joint,EB-2 / ROW,age21_events_2025_2040,Capped minus uncapped,-34392.0,catchall_60_65,primary,2022
joint,EB-3 / India,age21_events_2025_2040,Capped minus uncapped,43434.0,catchall_60_65,primary,2022
joint,EB-3 / China,age21_events_2025_2040,Capped minus uncapped,2301.0,catchall_60_65,primary,2022
joint,EB-3 / ROW,age21_events_2025_2040,Capped minus uncapped,-22262.0,catchall_60_65,primary,2022
joint,EB-4 / India,age21_events_2025_2040,Capped minus uncapped,-790.0,catchall_60_65,primary,2022
joint,EB-4 / China,age21_events_2025_2040,Capped minus uncapped,-137.0,catchall_60_65,primary,2022
joint,EB-4 / ROW,age21_events_2025_2040,Capped minus uncapped,1079.0,catchall_60_65,primary,2022
joint,EB-5 / India,age21_events_2025_2040,Capped minus uncapped,182.0,catchall_60_65,primary,2022
joint,EB-5 / China,age21_events_2025_2040,Capped minus uncapped,625.0,catchall_60_65,primary,2022
joint,EB-5 / ROW,age21_events_2025_2040,Capped minus uncapped,-212.0,catchall_60_65,primary,2022
overall,All,age21_events_2025_2040,Capped,265741.0,catchall_60_65,primary,2023
overall,All,age21_events_2025_2040,Uncapped,199186.0,catchall_60_65,primary,2023
overall,All,age21_events_2025_2040,Capped minus uncapped,66555.0,catchall_60_65,primary,2023
overall,All,principal_exits_2025_2040,Capped,1092325.0,catchall_60_65,primary,2023
overall,All,principal_exits_2025_2040,Uncapped,1071630.0,catchall_60_65,primary,2023
overall,All,principal_exits_2025_2040,Capped minus uncapped,20695.0,catchall_60_65,primary,2023
overall,All,principal_conversions_2025_2040,Capped,1263172.0,catchall_60_65,primary,2023
overall,All,principal_conversions_2025_2040,Uncapped,1266575.0,catchall_60_65,primary,2023
overall,All,principal_conversions_2025_2040,Capped minus uncapped,-3403.0,catchall_60_65,primary,2023
overall,All,principal_backlog_2040,Capped,2774556.0,catchall_60_65,primary,2023
overall,All,principal_backlog_2040,Uncapped,2791848.0,catchall_60_65,primary,2023
overall,All,principal_backlog_2040,Capped minus uncapped,-17292.0,catchall_60_65,primary,2023
nationality,India,age21_events_2025_2040,Capped,192410.0,catchall_60_65,primary,2023
nationality,India,age21_events_2025_2040,Uncapped,72467.0,catchall_60_65,primary,2023
nationality,India,age21_events_2025_2040,Capped minus uncapped,119943.0,catchall_60_65,primary,2023
nationality,India,principal_exits_2025_2040,Capped,334491.0,catchall_60_65,primary,2023
nationality,India,principal_exits_2025_2040,Uncapped,186929.0,catchall_60_65,primary,2023
nationality,India,principal_exits_2025_2040,Capped minus uncapped,147562.0,catchall_60_65,primary,2023
nationality,India,principal_backlog_2040,Capped,1078154.0,catchall_60_65,primary,2023
nationality,India,principal_backlog_2040,Uncapped,751362.0,catchall_60_65,primary,2023
nationality,India,principal_backlog_2040,Capped minus uncapped,326792.0,catchall_60_65,primary,2023
nationality,China,age21_events_2025_2040,Capped,18913.0,catchall_60_65,primary,2023
nationality,China,age21_events_2025_2040,Uncapped,14578.0,catchall_60_65,primary,2023
nationality,China,age21_events_2025_2040,Capped minus uncapped,4335.0,catchall_60_65,primary,2023
nationality,China,principal_exits_2025_2040,Capped,104527.0,catchall_60_65,primary,2023
nationality,China,principal_exits_2025_2040,Uncapped,95100.0,catchall_60_65,primary,2023
nationality,China,principal_exits_2025_2040,Capped minus uncapped,9427.0,catchall_60_65,primary,2023
nationality,China,principal_backlog_2040,Capped,341613.0,catchall_60_65,primary,2023
nationality,China,principal_backlog_2040,Uncapped,286368.0,catchall_60_65,primary,2023
nationality,China,principal_backlog_2040,Capped minus uncapped,55245.0,catchall_60_65,primary,2023
nationality,ROW,age21_events_2025_2040,Capped,54418.0,catchall_60_65,primary,2023
nationality,ROW,age21_events_2025_2040,Uncapped,112141.0,catchall_60_65,primary,2023
nationality,ROW,age21_events_2025_2040,Capped minus uncapped,-57723.0,catchall_60_65,primary,2023
nationality,ROW,principal_exits_2025_2040,Capped,653307.0,catchall_60_65,primary,2023
nationality,ROW,principal_exits_2025_2040,Uncapped,789601.0,catchall_60_65,primary,2023
nationality,ROW,principal_exits_2025_2040,Capped minus uncapped,-136294.0,catchall_60_65,primary,2023
nationality,ROW,principal_backlog_2040,Capped,1354789.0,catchall_60_65,primary,2023
nationality,ROW,principal_backlog_2040,Uncapped,1754118.0,catchall_60_65,primary,2023
nationality,ROW,principal_backlog_2040,Capped minus uncapped,-399329.0,catchall_60_65,primary,2023
category,EB-1,age21_events_2025_2040,Capped,2518.0,catchall_60_65,primary,2023
category,EB-1,age21_events_2025_2040,Uncapped,785.0,catchall_60_65,primary,2023
category,EB-1,age21_events_2025_2040,Capped minus uncapped,1733.0,catchall_60_65,primary,2023
category,EB-1,principal_exits_2025_2040,Capped,15654.0,catchall_60_65,primary,2023
category,EB-1,principal_exits_2025_2040,Uncapped,16322.0,catchall_60_65,primary,2023
category,EB-1,principal_exits_2025_2040,Capped minus uncapped,-668.0,catchall_60_65,primary,2023
category,EB-1,principal_backlog_2040,Capped,129433.0,catchall_60_65,primary,2023
category,EB-1,principal_backlog_2040,Uncapped,125613.0,catchall_60_65,primary,2023
category,EB-1,principal_backlog_2040,Capped minus uncapped,3820.0,catchall_60_65,primary,2023
category,EB-2,age21_events_2025_2040,Capped,149142.0,catchall_60_65,primary,2023
category,EB-2,age21_events_2025_2040,Uncapped,107857.0,catchall_60_65,primary,2023
category,EB-2,age21_events_2025_2040,Capped minus uncapped,41285.0,catchall_60_65,primary,2023
category,EB-2,principal_exits_2025_2040,Capped,308859.0,catchall_60_65,primary,2023
category,EB-2,principal_exits_2025_2040,Uncapped,282316.0,catchall_60_65,primary,2023
category,EB-2,principal_exits_2025_2040,Capped minus uncapped,26543.0,catchall_60_65,primary,2023
category,EB-2,principal_backlog_2040,Capped,1041747.0,catchall_60_65,primary,2023
category,EB-2,principal_backlog_2040,Uncapped,1059661.0,catchall_60_65,primary,2023
category,EB-2,principal_backlog_2040,Capped minus uncapped,-17914.0,catchall_60_65,primary,2023
category,EB-3,age21_events_2025_2040,Capped,63297.0,catchall_60_65,primary,2023
category,EB-3,age21_events_2025_2040,Uncapped,40119.0,catchall_60_65,primary,2023
category,EB-3,age21_events_2025_2040,Capped minus uncapped,23178.0,catchall_60_65,primary,2023
category,EB-3,principal_exits_2025_2040,Capped,244429.0,catchall_60_65,primary,2023
category,EB-3,principal_exits_2025_2040,Uncapped,249809.0,catchall_60_65,primary,2023
category,EB-3,principal_exits_2025_2040,Capped minus uncapped,-5380.0,catchall_60_65,primary,2023
category,EB-3,principal_backlog_2040,Capped,552913.0,catchall_60_65,primary,2023
category,EB-3,principal_backlog_2040,Uncapped,558565.0,catchall_60_65,primary,2023
category,EB-3,principal_backlog_2040,Capped minus uncapped,-5652.0,catchall_60_65,primary,2023
category,EB-4,age21_events_2025_2040,Capped,49617.0,catchall_60_65,primary,2023
category,EB-4,age21_events_2025_2040,Uncapped,49847.0,catchall_60_65,primary,2023
category,EB-4,age21_events_2025_2040,Capped minus uncapped,-230.0,catchall_60_65,primary,2023
category,EB-4,principal_exits_2025_2040,Capped,519560.0,catchall_60_65,primary,2023
category,EB-4,principal_exits_2025_2040,Uncapped,519794.0,catchall_60_65,primary,2023
category,EB-4,principal_exits_2025_2040,Capped minus uncapped,-234.0,catchall_60_65,primary,2023
category,EB-4,principal_backlog_2040,Capped,1023703.0,catchall_60_65,primary,2023
category,EB-4,principal_backlog_2040,Uncapped,1021252.0,catchall_60_65,primary,2023
category,EB-4,principal_backlog_2040,Capped minus uncapped,2451.0,catchall_60_65,primary,2023
category,EB-5,age21_events_2025_2040,Capped,1167.0,catchall_60_65,primary,2023
category,EB-5,age21_events_2025_2040,Uncapped,578.0,catchall_60_65,primary,2023
category,EB-5,age21_events_2025_2040,Capped minus uncapped,589.0,catchall_60_65,primary,2023
category,EB-5,principal_exits_2025_2040,Capped,3823.0,catchall_60_65,primary,2023
category,EB-5,principal_exits_2025_2040,Uncapped,3389.0,catchall_60_65,primary,2023
category,EB-5,principal_exits_2025_2040,Capped minus uncapped,434.0,catchall_60_65,primary,2023
category,EB-5,principal_backlog_2040,Capped,26760.0,catchall_60_65,primary,2023
category,EB-5,principal_backlog_2040,Uncapped,26757.0,catchall_60_65,primary,2023
category,EB-5,principal_backlog_2040,Capped minus uncapped,3.0,catchall_60_65,primary,2023
joint,EB-1 / India,age21_events_2025_2040,Capped minus uncapped,1461.0,catchall_60_65,primary,2023
joint,EB-1 / China,age21_events_2025_2040,Capped minus uncapped,897.0,catchall_60_65,primary,2023
joint,EB-1 / ROW,age21_events_2025_2040,Capped minus uncapped,-625.0,catchall_60_65,primary,2023
joint,EB-2 / India,age21_events_2025_2040,Capped minus uncapped,75555.0,catchall_60_65,primary,2023
joint,EB-2 / China,age21_events_2025_2040,Capped minus uncapped,600.0,catchall_60_65,primary,2023
joint,EB-2 / ROW,age21_events_2025_2040,Capped minus uncapped,-34870.0,catchall_60_65,primary,2023
joint,EB-3 / India,age21_events_2025_2040,Capped minus uncapped,43540.0,catchall_60_65,primary,2023
joint,EB-3 / China,age21_events_2025_2040,Capped minus uncapped,2281.0,catchall_60_65,primary,2023
joint,EB-3 / ROW,age21_events_2025_2040,Capped minus uncapped,-22643.0,catchall_60_65,primary,2023
joint,EB-4 / India,age21_events_2025_2040,Capped minus uncapped,-794.0,catchall_60_65,primary,2023
joint,EB-4 / China,age21_events_2025_2040,Capped minus uncapped,-108.0,catchall_60_65,primary,2023
joint,EB-4 / ROW,age21_events_2025_2040,Capped minus uncapped,672.0,catchall_60_65,primary,2023
joint,EB-5 / India,age21_events_2025_2040,Capped minus uncapped,181.0,catchall_60_65,primary,2023
joint,EB-5 / China,age21_events_2025_2040,Capped minus uncapped,665.0,catchall_60_65,primary,2023
joint,EB-5 / ROW,age21_events_2025_2040,Capped minus uncapped,-257.0,catchall_60_65,primary,2023
overall,All,age21_events_2025_2040,Capped,265093.0,catchall_60_65,primary,2024
overall,All,age21_events_2025_2040,Uncapped,199010.0,catchall_60_65,primary,2024
overall,All,age21_events_2025_2040,Capped minus uncapped,66083.0,catchall_60_65,primary,2024
overall,All,principal_exits_2025_2040,Capped,1094169.0,catchall_60_65,primary,2024
overall,All,principal_exits_2025_2040,Uncapped,1072600.0,catchall_60_65,primary,2024
overall,All,principal_exits_2025_2040,Capped minus uncapped,21569.0,catchall_60_65,primary,2024
overall,All,principal_conversions_2025_2040,Capped,1263474.0,catchall_60_65,primary,2024
overall,All,principal_conversions_2025_2040,Uncapped,1266653.0,catchall_60_65,primary,2024
overall,All,principal_conversions_2025_2040,Capped minus uncapped,-3179.0,catchall_60_65,primary,2024
overall,All,principal_backlog_2040,Capped,2773347.0,catchall_60_65,primary,2024
overall,All,principal_backlog_2040,Uncapped,2791737.0,catchall_60_65,primary,2024
overall,All,principal_backlog_2040,Capped minus uncapped,-18390.0,catchall_60_65,primary,2024
nationality,India,age21_events_2025_2040,Capped,192707.0,catchall_60_65,primary,2024
nationality,India,age21_events_2025_2040,Uncapped,73299.0,catchall_60_65,primary,2024
nationality,India,age21_events_2025_2040,Capped minus uncapped,119408.0,catchall_60_65,primary,2024
nationality,India,principal_exits_2025_2040,Capped,335410.0,catchall_60_65,primary,2024
nationality,India,principal_exits_2025_2040,Uncapped,186993.0,catchall_60_65,primary,2024
nationality,India,principal_exits_2025_2040,Capped minus uncapped,148417.0,catchall_60_65,primary,2024
nationality,India,principal_backlog_2040,Capped,1076390.0,catchall_60_65,primary,2024
nationality,India,principal_backlog_2040,Uncapped,750605.0,catchall_60_65,primary,2024
nationality,India,principal_backlog_2040,Capped minus uncapped,325785.0,catchall_60_65,primary,2024
nationality,China,age21_events_2025_2040,Capped,18529.0,catchall_60_65,primary,2024
nationality,China,age21_events_2025_2040,Uncapped,14483.0,catchall_60_65,primary,2024
nationality,China,age21_events_2025_2040,Capped minus uncapped,4046.0,catchall_60_65,primary,2024
nationality,China,principal_exits_2025_2040,Capped,104329.0,catchall_60_65,primary,2024
nationality,China,principal_exits_2025_2040,Uncapped,95598.0,catchall_60_65,primary,2024
nationality,China,principal_exits_2025_2040,Capped minus uncapped,8731.0,catchall_60_65,primary,2024
nationality,China,principal_backlog_2040,Capped,342042.0,catchall_60_65,primary,2024
nationality,China,principal_backlog_2040,Uncapped,287107.0,catchall_60_65,primary,2024
nationality,China,principal_backlog_2040,Capped minus uncapped,54935.0,catchall_60_65,primary,2024
nationality,ROW,age21_events_2025_2040,Capped,53857.0,catchall_60_65,primary,2024
nationality,ROW,age21_events_2025_2040,Uncapped,111228.0,catchall_60_65,primary,2024
nationality,ROW,age21_events_2025_2040,Capped minus uncapped,-57371.0,catchall_60_65,primary,2024
nationality,ROW,principal_exits_2025_2040,Capped,654430.0,catchall_60_65,primary,2024
nationality,ROW,principal_exits_2025_2040,Uncapped,790009.0,catchall_60_65,primary,2024
nationality,ROW,principal_exits_2025_2040,Capped minus uncapped,-135579.0,catchall_60_65,primary,2024
nationality,ROW,principal_backlog_2040,Capped,1354915.0,catchall_60_65,primary,2024
nationality,ROW,principal_backlog_2040,Uncapped,1754025.0,catchall_60_65,primary,2024
nationality,ROW,principal_backlog_2040,Capped minus uncapped,-399110.0,catchall_60_65,primary,2024
category,EB-1,age21_events_2025_2040,Capped,2592.0,catchall_60_65,primary,2024
category,EB-1,age21_events_2025_2040,Uncapped,766.0,catchall_60_65,primary,2024
category,EB-1,age21_events_2025_2040,Capped minus uncapped,1826.0,catchall_60_65,primary,2024
category,EB-1,principal_exits_2025_2040,Capped,15680.0,catchall_60_65,primary,2024
category,EB-1,principal_exits_2025_2040,Uncapped,16631.0,catchall_60_65,primary,2024
category,EB-1,principal_exits_2025_2040,Capped minus uncapped,-951.0,catchall_60_65,primary,2024
category,EB-1,principal_backlog_2040,Capped,129924.0,catchall_60_65,primary,2024
category,EB-1,principal_backlog_2040,Uncapped,125877.0,catchall_60_65,primary,2024
category,EB-1,principal_backlog_2040,Capped minus uncapped,4047.0,catchall_60_65,primary,2024
category,EB-2,age21_events_2025_2040,Capped,148884.0,catchall_60_65,primary,2024
category,EB-2,age21_events_2025_2040,Uncapped,108332.0,catchall_60_65,primary,2024
category,EB-2,age21_events_2025_2040,Capped minus uncapped,40552.0,catchall_60_65,primary,2024
category,EB-2,principal_exits_2025_2040,Capped,309315.0,catchall_60_65,primary,2024
category,EB-2,principal_exits_2025_2040,Uncapped,282725.0,catchall_60_65,primary,2024
category,EB-2,principal_exits_2025_2040,Capped minus uncapped,26590.0,catchall_60_65,primary,2024
category,EB-2,principal_backlog_2040,Capped,1041309.0,catchall_60_65,primary,2024
category,EB-2,principal_backlog_2040,Uncapped,1059612.0,catchall_60_65,primary,2024
category,EB-2,principal_backlog_2040,Capped minus uncapped,-18303.0,catchall_60_65,primary,2024
category,EB-3,age21_events_2025_2040,Capped,63276.0,catchall_60_65,primary,2024
category,EB-3,age21_events_2025_2040,Uncapped,39849.0,catchall_60_65,primary,2024
category,EB-3,age21_events_2025_2040,Capped minus uncapped,23427.0,catchall_60_65,primary,2024
category,EB-3,principal_exits_2025_2040,Capped,245596.0,catchall_60_65,primary,2024
category,EB-3,principal_exits_2025_2040,Uncapped,250331.0,catchall_60_65,primary,2024
category,EB-3,principal_exits_2025_2040,Capped minus uncapped,-4735.0,catchall_60_65,primary,2024
category,EB-3,principal_backlog_2040,Capped,551932.0,catchall_60_65,primary,2024
category,EB-3,principal_backlog_2040,Uncapped,558169.0,catchall_60_65,primary,2024
category,EB-3,principal_backlog_2040,Capped minus uncapped,-6237.0,catchall_60_65,primary,2024
category,EB-4,age21_events_2025_2040,Capped,49264.0,catchall_60_65,primary,2024
category,EB-4,age21_events_2025_2040,Uncapped,49506.0,catchall_60_65,primary,2024
category,EB-4,age21_events_2025_2040,Capped minus uncapped,-242.0,catchall_60_65,primary,2024
category,EB-4,principal_exits_2025_2040,Capped,519779.0,catchall_60_65,primary,2024
category,EB-4,principal_exits_2025_2040,Uncapped,519538.0,catchall_60_65,primary,2024
category,EB-4,principal_exits_2025_2040,Capped minus uncapped,241.0,catchall_60_65,primary,2024
category,EB-4,principal_backlog_2040,Capped,1023561.0,catchall_60_65,primary,2024
category,EB-4,principal_backlog_2040,Uncapped,1021577.0,catchall_60_65,primary,2024
category,EB-4,principal_backlog_2040,Capped minus uncapped,1984.0,catchall_60_65,primary,2024
category,EB-5,age21_events_2025_2040,Capped,1077.0,catchall_60_65,primary,2024
category,EB-5,age21_events_2025_2040,Uncapped,557.0,catchall_60_65,primary,2024
category,EB-5,age21_events_2025_2040,Capped minus uncapped,520.0,catchall_60_65,primary,2024
category,EB-5,principal_exits_2025_2040,Capped,3799.0,catchall_60_65,primary,2024
category,EB-5,principal_exits_2025_2040,Uncapped,3375.0,catchall_60_65,primary,2024
category,EB-5,principal_exits_2025_2040,Capped minus uncapped,424.0,catchall_60_65,primary,2024
category,EB-5,principal_backlog_2040,Capped,26621.0,catchall_60_65,primary,2024
category,EB-5,principal_backlog_2040,Uncapped,26502.0,catchall_60_65,primary,2024
category,EB-5,principal_backlog_2040,Capped minus uncapped,119.0,catchall_60_65,primary,2024
joint,EB-1 / India,age21_events_2025_2040,Capped minus uncapped,1447.0,catchall_60_65,primary,2024
joint,EB-1 / China,age21_events_2025_2040,Capped minus uncapped,990.0,catchall_60_65,primary,2024
joint,EB-1 / ROW,age21_events_2025_2040,Capped minus uncapped,-611.0,catchall_60_65,primary,2024
joint,EB-2 / India,age21_events_2025_2040,Capped minus uncapped,74914.0,catchall_60_65,primary,2024
joint,EB-2 / China,age21_events_2025_2040,Capped minus uncapped,391.0,catchall_60_65,primary,2024
joint,EB-2 / ROW,age21_events_2025_2040,Capped minus uncapped,-34753.0,catchall_60_65,primary,2024
joint,EB-3 / India,age21_events_2025_2040,Capped minus uncapped,43635.0,catchall_60_65,primary,2024
joint,EB-3 / China,age21_events_2025_2040,Capped minus uncapped,2202.0,catchall_60_65,primary,2024
joint,EB-3 / ROW,age21_events_2025_2040,Capped minus uncapped,-22410.0,catchall_60_65,primary,2024
joint,EB-4 / India,age21_events_2025_2040,Capped minus uncapped,-767.0,catchall_60_65,primary,2024
joint,EB-4 / China,age21_events_2025_2040,Capped minus uncapped,-127.0,catchall_60_65,primary,2024
joint,EB-4 / ROW,age21_events_2025_2040,Capped minus uncapped,652.0,catchall_60_65,primary,2024
joint,EB-5 / India,age21_events_2025_2040,Capped minus uncapped,179.0,catchall_60_65,primary,2024
joint,EB-5 / China,age21_events_2025_2040,Capped minus uncapped,590.0,catchall_60_65,primary,2024
joint,EB-5 / ROW,age21_events_2025_2040,Capped minus uncapped,-249.0,catchall_60_65,primary,2024
overall,All,age21_events_2025_2040,Capped,266413.0,catchall_60_65,primary,2025
overall,All,age21_events_2025_2040,Uncapped,199670.0,catchall_60_65,primary,2025
overall,All,age21_events_2025_2040,Capped minus uncapped,66743.0,catchall_60_65,primary,2025
overall,All,principal_exits_2025_2040,Capped,1092531.0,catchall_60_65,primary,2025
overall,All,principal_exits_2025_2040,Uncapped,1070989.0,catchall_60_65,primary,2025
overall,All,principal_exits_2025_2040,Capped minus uncapped,21542.0,catchall_60_65,primary,2025
overall,All,principal_conversions_2025_2040,Capped,1263112.0,catchall_60_65,primary,2025
overall,All,principal_conversions_2025_2040,Uncapped,1267160.0,catchall_60_65,primary,2025
overall,All,principal_conversions_2025_2040,Capped minus uncapped,-4048.0,catchall_60_65,primary,2025
overall,All,principal_backlog_2040,Capped,2775295.0,catchall_60_65,primary,2025
overall,All,principal_backlog_2040,Uncapped,2792789.0,catchall_60_65,primary,2025
overall,All,principal_backlog_2040,Capped minus uncapped,-17494.0,catchall_60_65,primary,2025
nationality,India,age21_events_2025_2040,Capped,192977.0,catchall_60_65,primary,2025
nationality,India,age21_events_2025_2040,Uncapped,73662.0,catchall_60_65,primary,2025
nationality,India,age21_events_2025_2040,Capped minus uncapped,119315.0,catchall_60_65,primary,2025
nationality,India,principal_exits_2025_2040,Capped,334804.0,catchall_60_65,primary,2025
nationality,India,principal_exits_2025_2040,Uncapped,187365.0,catchall_60_65,primary,2025
nationality,India,principal_exits_2025_2040,Capped minus uncapped,147439.0,catchall_60_65,primary,2025
nationality,India,principal_backlog_2040,Capped,1079122.0,catchall_60_65,primary,2025
nationality,India,principal_backlog_2040,Uncapped,751147.0,catchall_60_65,primary,2025
nationality,India,principal_backlog_2040,Capped minus uncapped,327975.0,catchall_60_65,primary,2025
nationality,China,age21_events_2025_2040,Capped,18991.0,catchall_60_65,primary,2025
nationality,China,age21_events_2025_2040,Uncapped,14884.0,catchall_60_65,primary,2025
nationality,China,age21_events_2025_2040,Capped minus uncapped,4107.0,catchall_60_65,primary,2025
nationality,China,principal_exits_2025_2040,Capped,104737.0,catchall_60_65,primary,2025
nationality,China,principal_exits_2025_2040,Uncapped,95932.0,catchall_60_65,primary,2025
nationality,China,principal_exits_2025_2040,Capped minus uncapped,8805.0,catchall_60_65,primary,2025
nationality,China,principal_backlog_2040,Capped,342450.0,catchall_60_65,primary,2025
nationality,China,principal_backlog_2040,Uncapped,287302.0,catchall_60_65,primary,2025
nationality,China,principal_backlog_2040,Capped minus uncapped,55148.0,catchall_60_65,primary,2025
nationality,ROW,age21_events_2025_2040,Capped,54445.0,catchall_60_65,primary,2025
nationality,ROW,age21_events_2025_2040,Uncapped,111124.0,catchall_60_65,primary,2025
nationality,ROW,age21_events_2025_2040,Capped minus uncapped,-56679.0,catchall_60_65,primary,2025
nationality,ROW,principal_exits_2025_2040,Capped,652990.0,catchall_60_65,primary,2025
nationality,ROW,principal_exits_2025_2040,Uncapped,787692.0,catchall_60_65,primary,2025
nationality,ROW,principal_exits_2025_2040,Capped minus uncapped,-134702.0,catchall_60_65,primary,2025
nationality,ROW,principal_backlog_2040,Capped,1353723.0,catchall_60_65,primary,2025
nationality,ROW,principal_backlog_2040,Uncapped,1754340.0,catchall_60_65,primary,2025
nationality,ROW,principal_backlog_2040,Capped minus uncapped,-400617.0,catchall_60_65,primary,2025
category,EB-1,age21_events_2025_2040,Capped,2559.0,catchall_60_65,primary,2025
category,EB-1,age21_events_2025_2040,Uncapped,767.0,catchall_60_65,primary,2025
category,EB-1,age21_events_2025_2040,Capped minus uncapped,1792.0,catchall_60_65,primary,2025
category,EB-1,principal_exits_2025_2040,Capped,15970.0,catchall_60_65,primary,2025
category,EB-1,principal_exits_2025_2040,Uncapped,16532.0,catchall_60_65,primary,2025
category,EB-1,principal_exits_2025_2040,Capped minus uncapped,-562.0,catchall_60_65,primary,2025
category,EB-1,principal_backlog_2040,Capped,129787.0,catchall_60_65,primary,2025
category,EB-1,principal_backlog_2040,Uncapped,125979.0,catchall_60_65,primary,2025
category,EB-1,principal_backlog_2040,Capped minus uncapped,3808.0,catchall_60_65,primary,2025
category,EB-2,age21_events_2025_2040,Capped,149626.0,catchall_60_65,primary,2025
category,EB-2,age21_events_2025_2040,Uncapped,108203.0,catchall_60_65,primary,2025
category,EB-2,age21_events_2025_2040,Capped minus uncapped,41423.0,catchall_60_65,primary,2025
category,EB-2,principal_exits_2025_2040,Capped,309455.0,catchall_60_65,primary,2025
category,EB-2,principal_exits_2025_2040,Uncapped,282975.0,catchall_60_65,primary,2025
category,EB-2,principal_exits_2025_2040,Capped minus uncapped,26480.0,catchall_60_65,primary,2025
category,EB-2,principal_backlog_2040,Capped,1041549.0,catchall_60_65,primary,2025
category,EB-2,principal_backlog_2040,Uncapped,1059476.0,catchall_60_65,primary,2025
category,EB-2,principal_backlog_2040,Capped minus uncapped,-17927.0,catchall_60_65,primary,2025
category,EB-3,age21_events_2025_2040,Capped,63144.0,catchall_60_65,primary,2025
category,EB-3,age21_events_2025_2040,Uncapped,39957.0,catchall_60_65,primary,2025
category,EB-3,age21_events_2025_2040,Capped minus uncapped,23187.0,catchall_60_65,primary,2025
category,EB-3,principal_exits_2025_2040,Capped,244082.0,catchall_60_65,primary,2025
category,EB-3,principal_exits_2025_2040,Uncapped,249680.0,catchall_60_65,primary,2025
category,EB-3,principal_exits_2025_2040,Capped minus uncapped,-5598.0,catchall_60_65,primary,2025
category,EB-3,principal_backlog_2040,Capped,553167.0,catchall_60_65,primary,2025
category,EB-3,principal_backlog_2040,Uncapped,558128.0,catchall_60_65,primary,2025
category,EB-3,principal_backlog_2040,Capped minus uncapped,-4961.0,catchall_60_65,primary,2025
category,EB-4,age21_events_2025_2040,Capped,50006.0,catchall_60_65,primary,2025
category,EB-4,age21_events_2025_2040,Uncapped,50174.0,catchall_60_65,primary,2025
category,EB-4,age21_events_2025_2040,Capped minus uncapped,-168.0,catchall_60_65,primary,2025
category,EB-4,principal_exits_2025_2040,Capped,519196.0,catchall_60_65,primary,2025
category,EB-4,principal_exits_2025_2040,Uncapped,518485.0,catchall_60_65,primary,2025
category,EB-4,principal_exits_2025_2040,Capped minus uncapped,711.0,catchall_60_65,primary,2025
category,EB-4,principal_backlog_2040,Capped,1024070.0,catchall_60_65,primary,2025
category,EB-4,principal_backlog_2040,Uncapped,1022490.0,catchall_60_65,primary,2025
category,EB-4,principal_backlog_2040,Capped minus uncapped,1580.0,catchall_60_65,primary,2025
category,EB-5,age21_events_2025_2040,Capped,1078.0,catchall_60_65,primary,2025
category,EB-5,age21_events_2025_2040,Uncapped,569.0,catchall_60_65,primary,2025
category,EB-5,age21_events_2025_2040,Capped minus uncapped,509.0,catchall_60_65,primary,2025
category,EB-5,principal_exits_2025_2040,Capped,3828.0,catchall_60_65,primary,2025
category,EB-5,principal_exits_2025_2040,Uncapped,3317.0,catchall_60_65,primary,2025
category,EB-5,principal_exits_2025_2040,Capped minus uncapped,511.0,catchall_60_65,primary,2025
category,EB-5,principal_backlog_2040,Capped,26722.0,catchall_60_65,primary,2025
category,EB-5,principal_backlog_2040,Uncapped,26716.0,catchall_60_65,primary,2025
category,EB-5,principal_backlog_2040,Capped minus uncapped,6.0,catchall_60_65,primary,2025
joint,EB-1 / India,age21_events_2025_2040,Capped minus uncapped,1483.0,catchall_60_65,primary,2025
joint,EB-1 / China,age21_events_2025_2040,Capped minus uncapped,904.0,catchall_60_65,primary,2025
joint,EB-1 / ROW,age21_events_2025_2040,Capped minus uncapped,-595.0,catchall_60_65,primary,2025
joint,EB-2 / India,age21_events_2025_2040,Capped minus uncapped,74928.0,catchall_60_65,primary,2025
joint,EB-2 / China,age21_events_2025_2040,Capped minus uncapped,493.0,catchall_60_65,primary,2025
joint,EB-2 / ROW,age21_events_2025_2040,Capped minus uncapped,-33998.0,catchall_60_65,primary,2025
joint,EB-3 / India,age21_events_2025_2040,Capped minus uncapped,43536.0,catchall_60_65,primary,2025
joint,EB-3 / China,age21_events_2025_2040,Capped minus uncapped,2248.0,catchall_60_65,primary,2025
joint,EB-3 / ROW,age21_events_2025_2040,Capped minus uncapped,-22597.0,catchall_60_65,primary,2025
joint,EB-4 / India,age21_events_2025_2040,Capped minus uncapped,-790.0,catchall_60_65,primary,2025
joint,EB-4 / China,age21_events_2025_2040,Capped minus uncapped,-123.0,catchall_60_65,primary,2025
joint,EB-4 / ROW,age21_events_2025_2040,Capped minus uncapped,745.0,catchall_60_65,primary,2025
joint,EB-5 / India,age21_events_2025_2040,Capped minus uncapped,158.0,catchall_60_65,primary,2025
joint,EB-5 / China,age21_events_2025_2040,Capped minus uncapped,585.0,catchall_60_65,primary,2025
joint,EB-5 / ROW,age21_events_2025_2040,Capped minus uncapped,-234.0,catchall_60_65,primary,2025
overall,All,age21_events_2025_2040,Capped,266648.0,catchall_60_65,primary,2026
overall,All,age21_events_2025_2040,Uncapped,200664.0,catchall_60_65,primary,2026
overall,All,age21_events_2025_2040,Capped minus uncapped,65984.0,catchall_60_65,primary,2026
overall,All,principal_exits_2025_2040,Capped,1091659.0,catchall_60_65,primary,2026
overall,All,principal_exits_2025_2040,Uncapped,1070439.0,catchall_60_65,primary,2026
overall,All,principal_exits_2025_2040,Capped minus uncapped,21220.0,catchall_60_65,primary,2026
overall,All,principal_conversions_2025_2040,Capped,1262317.0,catchall_60_65,primary,2026
overall,All,principal_conversions_2025_2040,Uncapped,1266293.0,catchall_60_65,primary,2026
overall,All,principal_conversions_2025_2040,Capped minus uncapped,-3976.0,catchall_60_65,primary,2026
overall,All,principal_backlog_2040,Capped,2776342.0,catchall_60_65,primary,2026
overall,All,principal_backlog_2040,Uncapped,2793586.0,catchall_60_65,primary,2026
overall,All,principal_backlog_2040,Capped minus uncapped,-17244.0,catchall_60_65,primary,2026
nationality,India,age21_events_2025_2040,Capped,193153.0,catchall_60_65,primary,2026
nationality,India,age21_events_2025_2040,Uncapped,73112.0,catchall_60_65,primary,2026
nationality,India,age21_events_2025_2040,Capped minus uncapped,120041.0,catchall_60_65,primary,2026
nationality,India,principal_exits_2025_2040,Capped,333613.0,catchall_60_65,primary,2026
nationality,India,principal_exits_2025_2040,Uncapped,186831.0,catchall_60_65,primary,2026
nationality,India,principal_exits_2025_2040,Capped minus uncapped,146782.0,catchall_60_65,primary,2026
nationality,India,principal_backlog_2040,Capped,1077826.0,catchall_60_65,primary,2026
nationality,India,principal_backlog_2040,Uncapped,750107.0,catchall_60_65,primary,2026
nationality,India,principal_backlog_2040,Capped minus uncapped,327719.0,catchall_60_65,primary,2026
nationality,China,age21_events_2025_2040,Capped,19225.0,catchall_60_65,primary,2026
nationality,China,age21_events_2025_2040,Uncapped,14995.0,catchall_60_65,primary,2026
nationality,China,age21_events_2025_2040,Capped minus uncapped,4230.0,catchall_60_65,primary,2026
nationality,China,principal_exits_2025_2040,Capped,104346.0,catchall_60_65,primary,2026
nationality,China,principal_exits_2025_2040,Uncapped,95054.0,catchall_60_65,primary,2026
nationality,China,principal_exits_2025_2040,Capped minus uncapped,9292.0,catchall_60_65,primary,2026
nationality,China,principal_backlog_2040,Capped,341847.0,catchall_60_65,primary,2026
nationality,China,principal_backlog_2040,Uncapped,286888.0,catchall_60_65,primary,2026
nationality,China,principal_backlog_2040,Capped minus uncapped,54959.0,catchall_60_65,primary,2026
nationality,ROW,age21_events_2025_2040,Capped,54270.0,catchall_60_65,primary,2026
nationality,ROW,age21_events_2025_2040,Uncapped,112557.0,catchall_60_65,primary,2026
nationality,ROW,age21_events_2025_2040,Capped minus uncapped,-58287.0,catchall_60_65,primary,2026
nationality,ROW,principal_exits_2025_2040,Capped,653700.0,catchall_60_65,primary,2026
nationality,ROW,principal_exits_2025_2040,Uncapped,788554.0,catchall_60_65,primary,2026
nationality,ROW,principal_exits_2025_2040,Capped minus uncapped,-134854.0,catchall_60_65,primary,2026
nationality,ROW,principal_backlog_2040,Capped,1356669.0,catchall_60_65,primary,2026
nationality,ROW,principal_backlog_2040,Uncapped,1756591.0,catchall_60_65,primary,2026
nationality,ROW,principal_backlog_2040,Capped minus uncapped,-399922.0,catchall_60_65,primary,2026
category,EB-1,age21_events_2025_2040,Capped,2539.0,catchall_60_65,primary,2026
category,EB-1,age21_events_2025_2040,Uncapped,784.0,catchall_60_65,primary,2026
category,EB-1,age21_events_2025_2040,Capped minus uncapped,1755.0,catchall_60_65,primary,2026
category,EB-1,principal_exits_2025_2040,Capped,15672.0,catchall_60_65,primary,2026
category,EB-1,principal_exits_2025_2040,Uncapped,16559.0,catchall_60_65,primary,2026
category,EB-1,principal_exits_2025_2040,Capped minus uncapped,-887.0,catchall_60_65,primary,2026
category,EB-1,principal_backlog_2040,Capped,129466.0,catchall_60_65,primary,2026
category,EB-1,principal_backlog_2040,Uncapped,125502.0,catchall_60_65,primary,2026
category,EB-1,principal_backlog_2040,Capped minus uncapped,3964.0,catchall_60_65,primary,2026
category,EB-2,age21_events_2025_2040,Capped,149719.0,catchall_60_65,primary,2026
category,EB-2,age21_events_2025_2040,Uncapped,108900.0,catchall_60_65,primary,2026
category,EB-2,age21_events_2025_2040,Capped minus uncapped,40819.0,catchall_60_65,primary,2026
category,EB-2,principal_exits_2025_2040,Capped,309019.0,catchall_60_65,primary,2026
category,EB-2,principal_exits_2025_2040,Uncapped,282122.0,catchall_60_65,primary,2026
category,EB-2,principal_exits_2025_2040,Capped minus uncapped,26897.0,catchall_60_65,primary,2026
category,EB-2,principal_backlog_2040,Capped,1042889.0,catchall_60_65,primary,2026
category,EB-2,principal_backlog_2040,Uncapped,1060428.0,catchall_60_65,primary,2026
category,EB-2,principal_backlog_2040,Capped minus uncapped,-17539.0,catchall_60_65,primary,2026
category,EB-3,age21_events_2025_2040,Capped,63763.0,catchall_60_65,primary,2026
category,EB-3,age21_events_2025_2040,Uncapped,40332.0,catchall_60_65,primary,2026
category,EB-3,age21_events_2025_2040,Capped minus uncapped,23431.0,catchall_60_65,primary,2026
category,EB-3,principal_exits_2025_2040,Capped,244445.0,catchall_60_65,primary,2026
category,EB-3,principal_exits_2025_2040,Uncapped,249642.0,catchall_60_65,primary,2026
category,EB-3,principal_exits_2025_2040,Capped minus uncapped,-5197.0,catchall_60_65,primary,2026
category,EB-3,principal_backlog_2040,Capped,552227.0,catchall_60_65,primary,2026
category,EB-3,principal_backlog_2040,Uncapped,558134.0,catchall_60_65,primary,2026
category,EB-3,principal_backlog_2040,Capped minus uncapped,-5907.0,catchall_60_65,primary,2026
category,EB-4,age21_events_2025_2040,Capped,49527.0,catchall_60_65,primary,2026
category,EB-4,age21_events_2025_2040,Uncapped,50101.0,catchall_60_65,primary,2026
category,EB-4,age21_events_2025_2040,Capped minus uncapped,-574.0,catchall_60_65,primary,2026
category,EB-4,principal_exits_2025_2040,Capped,518733.0,catchall_60_65,primary,2026
category,EB-4,principal_exits_2025_2040,Uncapped,518745.0,catchall_60_65,primary,2026
category,EB-4,principal_exits_2025_2040,Capped minus uncapped,-12.0,catchall_60_65,primary,2026
category,EB-4,principal_backlog_2040,Capped,1024973.0,catchall_60_65,primary,2026
category,EB-4,principal_backlog_2040,Uncapped,1022864.0,catchall_60_65,primary,2026
category,EB-4,principal_backlog_2040,Capped minus uncapped,2109.0,catchall_60_65,primary,2026
category,EB-5,age21_events_2025_2040,Capped,1100.0,catchall_60_65,primary,2026
category,EB-5,age21_events_2025_2040,Uncapped,547.0,catchall_60_65,primary,2026
category,EB-5,age21_events_2025_2040,Capped minus uncapped,553.0,catchall_60_65,primary,2026
category,EB-5,principal_exits_2025_2040,Capped,3790.0,catchall_60_65,primary,2026
category,EB-5,principal_exits_2025_2040,Uncapped,3371.0,catchall_60_65,primary,2026
category,EB-5,principal_exits_2025_2040,Capped minus uncapped,419.0,catchall_60_65,primary,2026
category,EB-5,principal_backlog_2040,Capped,26787.0,catchall_60_65,primary,2026
category,EB-5,principal_backlog_2040,Uncapped,26658.0,catchall_60_65,primary,2026
category,EB-5,principal_backlog_2040,Capped minus uncapped,129.0,catchall_60_65,primary,2026
joint,EB-1 / India,age21_events_2025_2040,Capped minus uncapped,1430.0,catchall_60_65,primary,2026
joint,EB-1 / China,age21_events_2025_2040,Capped minus uncapped,936.0,catchall_60_65,primary,2026
joint,EB-1 / ROW,age21_events_2025_2040,Capped minus uncapped,-611.0,catchall_60_65,primary,2026
joint,EB-2 / India,age21_events_2025_2040,Capped minus uncapped,75392.0,catchall_60_65,primary,2026
joint,EB-2 / China,age21_events_2025_2040,Capped minus uncapped,447.0,catchall_60_65,primary,2026
joint,EB-2 / ROW,age21_events_2025_2040,Capped minus uncapped,-35020.0,catchall_60_65,primary,2026
joint,EB-3 / India,age21_events_2025_2040,Capped minus uncapped,43787.0,catchall_60_65,primary,2026
joint,EB-3 / China,age21_events_2025_2040,Capped minus uncapped,2353.0,catchall_60_65,primary,2026
joint,EB-3 / ROW,age21_events_2025_2040,Capped minus uncapped,-22709.0,catchall_60_65,primary,2026
joint,EB-4 / India,age21_events_2025_2040,Capped minus uncapped,-748.0,catchall_60_65,primary,2026
joint,EB-4 / China,age21_events_2025_2040,Capped minus uncapped,-124.0,catchall_60_65,primary,2026
joint,EB-4 / ROW,age21_events_2025_2040,Capped minus uncapped,298.0,catchall_60_65,primary,2026
joint,EB-5 / India,age21_events_2025_2040,Capped minus uncapped,180.0,catchall_60_65,primary,2026
joint,EB-5 / China,age21_events_2025_2040,Capped minus uncapped,618.0,catchall_60_65,primary,2026
joint,EB-5 / ROW,age21_events_2025_2040,Capped minus uncapped,-245.0,catchall_60_65,primary,2026
overall,All,age21_events_2025_2040,Capped,266447.0,catchall_60_65,primary,2027
overall,All,age21_events_2025_2040,Uncapped,199671.0,catchall_60_65,primary,2027
overall,All,age21_events_2025_2040,Capped minus uncapped,66776.0,catchall_60_65,primary,2027
overall,All,principal_exits_2025_2040,Capped,1093159.0,catchall_60_65,primary,2027
overall,All,principal_exits_2025_2040,Uncapped,1071449.0,catchall_60_65,primary,2027
overall,All,principal_exits_2025_2040,Capped minus uncapped,21710.0,catchall_60_65,primary,2027
overall,All,principal_conversions_2025_2040,Capped,1263591.0,catchall_60_65,primary,2027
overall,All,principal_conversions_2025_2040,Uncapped,1267312.0,catchall_60_65,primary,2027
overall,All,principal_conversions_2025_2040,Capped minus uncapped,-3721.0,catchall_60_65,primary,2027
overall,All,principal_backlog_2040,Capped,2772622.0,catchall_60_65,primary,2027
overall,All,principal_backlog_2040,Uncapped,2790611.0,catchall_60_65,primary,2027
overall,All,principal_backlog_2040,Capped minus uncapped,-17989.0,catchall_60_65,primary,2027
nationality,India,age21_events_2025_2040,Capped,193612.0,catchall_60_65,primary,2027
nationality,India,age21_events_2025_2040,Uncapped,73698.0,catchall_60_65,primary,2027
nationality,India,age21_events_2025_2040,Capped minus uncapped,119914.0,catchall_60_65,primary,2027
nationality,India,principal_exits_2025_2040,Capped,334356.0,catchall_60_65,primary,2027
nationality,India,principal_exits_2025_2040,Uncapped,187169.0,catchall_60_65,primary,2027
nationality,India,principal_exits_2025_2040,Capped minus uncapped,147187.0,catchall_60_65,primary,2027
nationality,India,principal_backlog_2040,Capped,1077788.0,catchall_60_65,primary,2027
nationality,India,principal_backlog_2040,Uncapped,750228.0,catchall_60_65,primary,2027
nationality,India,principal_backlog_2040,Capped minus uncapped,327560.0,catchall_60_65,primary,2027
nationality,China,age21_events_2025_2040,Capped,18520.0,catchall_60_65,primary,2027
nationality,China,age21_events_2025_2040,Uncapped,14641.0,catchall_60_65,primary,2027
nationality,China,age21_events_2025_2040,Capped minus uncapped,3879.0,catchall_60_65,primary,2027
nationality,China,principal_exits_2025_2040,Capped,104497.0,catchall_60_65,primary,2027
nationality,China,principal_exits_2025_2040,Uncapped,95187.0,catchall_60_65,primary,2027
nationality,China,principal_exits_2025_2040,Capped minus uncapped,9310.0,catchall_60_65,primary,2027
nationality,China,principal_backlog_2040,Capped,341479.0,catchall_60_65,primary,2027
nationality,China,principal_backlog_2040,Uncapped,286811.0,catchall_60_65,primary,2027
nationality,China,principal_backlog_2040,Capped minus uncapped,54668.0,catchall_60_65,primary,2027
nationality,ROW,age21_events_2025_2040,Capped,54315.0,catchall_60_65,primary,2027
nationality,ROW,age21_events_2025_2040,Uncapped,111332.0,catchall_60_65,primary,2027
nationality,ROW,age21_events_2025_2040,Capped minus uncapped,-57017.0,catchall_60_65,primary,2027
nationality,ROW,principal_exits_2025_2040,Capped,654306.0,catchall_60_65,primary,2027
nationality,ROW,principal_exits_2025_2040,Uncapped,789093.0,catchall_60_65,primary,2027
nationality,ROW,principal_exits_2025_2040,Capped minus uncapped,-134787.0,catchall_60_65,primary,2027
nationality,ROW,principal_backlog_2040,Capped,1353355.0,catchall_60_65,primary,2027
nationality,ROW,principal_backlog_2040,Uncapped,1753572.0,catchall_60_65,primary,2027
nationality,ROW,principal_backlog_2040,Capped minus uncapped,-400217.0,catchall_60_65,primary,2027
category,EB-1,age21_events_2025_2040,Capped,2488.0,catchall_60_65,primary,2027
category,EB-1,age21_events_2025_2040,Uncapped,720.0,catchall_60_65,primary,2027
category,EB-1,age21_events_2025_2040,Capped minus uncapped,1768.0,catchall_60_65,primary,2027
category,EB-1,principal_exits_2025_2040,Capped,15523.0,catchall_60_65,primary,2027
category,EB-1,principal_exits_2025_2040,Uncapped,16231.0,catchall_60_65,primary,2027
category,EB-1,principal_exits_2025_2040,Capped minus uncapped,-708.0,catchall_60_65,primary,2027
category,EB-1,principal_backlog_2040,Capped,129064.0,catchall_60_65,primary,2027
category,EB-1,principal_backlog_2040,Uncapped,125159.0,catchall_60_65,primary,2027
category,EB-1,principal_backlog_2040,Capped minus uncapped,3905.0,catchall_60_65,primary,2027
category,EB-2,age21_events_2025_2040,Capped,149677.0,catchall_60_65,primary,2027
category,EB-2,age21_events_2025_2040,Uncapped,108441.0,catchall_60_65,primary,2027
category,EB-2,age21_events_2025_2040,Capped minus uncapped,41236.0,catchall_60_65,primary,2027
category,EB-2,principal_exits_2025_2040,Capped,309180.0,catchall_60_65,primary,2027
category,EB-2,principal_exits_2025_2040,Uncapped,282579.0,catchall_60_65,primary,2027
category,EB-2,principal_exits_2025_2040,Capped minus uncapped,26601.0,catchall_60_65,primary,2027
category,EB-2,principal_backlog_2040,Capped,1041498.0,catchall_60_65,primary,2027
category,EB-2,principal_backlog_2040,Uncapped,1059585.0,catchall_60_65,primary,2027
category,EB-2,principal_backlog_2040,Capped minus uncapped,-18087.0,catchall_60_65,primary,2027
category,EB-3,age21_events_2025_2040,Capped,63529.0,catchall_60_65,primary,2027
category,EB-3,age21_events_2025_2040,Uncapped,40154.0,catchall_60_65,primary,2027
category,EB-3,age21_events_2025_2040,Capped minus uncapped,23375.0,catchall_60_65,primary,2027
category,EB-3,principal_exits_2025_2040,Capped,244368.0,catchall_60_65,primary,2027
category,EB-3,principal_exits_2025_2040,Uncapped,249612.0,catchall_60_65,primary,2027
category,EB-3,principal_exits_2025_2040,Capped minus uncapped,-5244.0,catchall_60_65,primary,2027
category,EB-3,principal_backlog_2040,Capped,552237.0,catchall_60_65,primary,2027
category,EB-3,principal_backlog_2040,Uncapped,557849.0,catchall_60_65,primary,2027
category,EB-3,principal_backlog_2040,Capped minus uncapped,-5612.0,catchall_60_65,primary,2027
category,EB-4,age21_events_2025_2040,Capped,49656.0,catchall_60_65,primary,2027
category,EB-4,age21_events_2025_2040,Uncapped,49804.0,catchall_60_65,primary,2027
category,EB-4,age21_events_2025_2040,Capped minus uncapped,-148.0,catchall_60_65,primary,2027
category,EB-4,principal_exits_2025_2040,Capped,520294.0,catchall_60_65,primary,2027
category,EB-4,principal_exits_2025_2040,Uncapped,519731.0,catchall_60_65,primary,2027
category,EB-4,principal_exits_2025_2040,Capped minus uncapped,563.0,catchall_60_65,primary,2027
category,EB-4,principal_backlog_2040,Capped,1023215.0,catchall_60_65,primary,2027
category,EB-4,principal_backlog_2040,Uncapped,1021371.0,catchall_60_65,primary,2027
category,EB-4,principal_backlog_2040,Capped minus uncapped,1844.0,catchall_60_65,primary,2027
category,EB-5,age21_events_2025_2040,Capped,1097.0,catchall_60_65,primary,2027
category,EB-5,age21_events_2025_2040,Uncapped,552.0,catchall_60_65,primary,2027
category,EB-5,age21_events_2025_2040,Capped minus uncapped,545.0,catchall_60_65,primary,2027
category,EB-5,principal_exits_2025_2040,Capped,3794.0,catchall_60_65,primary,2027
category,EB-5,principal_exits_2025_2040,Uncapped,3296.0,catchall_60_65,primary,2027
category,EB-5,principal_exits_2025_2040,Capped minus uncapped,498.0,catchall_60_65,primary,2027
category,EB-5,principal_backlog_2040,Capped,26608.0,catchall_60_65,primary,2027
category,EB-5,principal_backlog_2040,Uncapped,26647.0,catchall_60_65,primary,2027
category,EB-5,principal_backlog_2040,Capped minus uncapped,-39.0,catchall_60_65,primary,2027
joint,EB-1 / India,age21_events_2025_2040,Capped minus uncapped,1420.0,catchall_60_65,primary,2027
joint,EB-1 / China,age21_events_2025_2040,Capped minus uncapped,916.0,catchall_60_65,primary,2027
joint,EB-1 / ROW,age21_events_2025_2040,Capped minus uncapped,-568.0,catchall_60_65,primary,2027
joint,EB-2 / India,age21_events_2025_2040,Capped minus uncapped,75300.0,catchall_60_65,primary,2027
joint,EB-2 / China,age21_events_2025_2040,Capped minus uncapped,333.0,catchall_60_65,primary,2027
joint,EB-2 / ROW,age21_events_2025_2040,Capped minus uncapped,-34397.0,catchall_60_65,primary,2027
joint,EB-3 / India,age21_events_2025_2040,Capped minus uncapped,43718.0,catchall_60_65,primary,2027
joint,EB-3 / China,age21_events_2025_2040,Capped minus uncapped,2180.0,catchall_60_65,primary,2027
joint,EB-3 / ROW,age21_events_2025_2040,Capped minus uncapped,-22523.0,catchall_60_65,primary,2027
joint,EB-4 / India,age21_events_2025_2040,Capped minus uncapped,-707.0,catchall_60_65,primary,2027
joint,EB-4 / China,age21_events_2025_2040,Capped minus uncapped,-140.0,catchall_60_65,primary,2027
joint,EB-4 / ROW,age21_events_2025_2040,Capped minus uncapped,699.0,catchall_60_65,primary,2027
joint,EB-5 / India,age21_events_2025_2040,Capped minus uncapped,183.0,catchall_60_65,primary,2027
joint,EB-5 / China,age21_events_2025_2040,Capped minus uncapped,590.0,catchall_60_65,primary,2027
joint,EB-5 / ROW,age21_events_2025_2040,Capped minus uncapped,-228.0,catchall_60_65,primary,2027
overall,All,age21_events_2025_2040,Capped,266468.0,catchall_60_65,primary,2028
overall,All,age21_events_2025_2040,Uncapped,199220.0,catchall_60_65,primary,2028
overall,All,age21_events_2025_2040,Capped minus uncapped,67248.0,catchall_60_65,primary,2028
overall,All,principal_exits_2025_2040,Capped,1094153.0,catchall_60_65,primary,2028
overall,All,principal_exits_2025_2040,Uncapped,1072369.0,catchall_60_65,primary,2028
overall,All,principal_exits_2025_2040,Capped minus uncapped,21784.0,catchall_60_65,primary,2028
overall,All,principal_conversions_2025_2040,Capped,1263926.0,catchall_60_65,primary,2028
overall,All,principal_conversions_2025_2040,Uncapped,1267942.0,catchall_60_65,primary,2028
overall,All,principal_conversions_2025_2040,Capped minus uncapped,-4016.0,catchall_60_65,primary,2028
overall,All,principal_backlog_2040,Capped,2772663.0,catchall_60_65,primary,2028
overall,All,principal_backlog_2040,Uncapped,2790431.0,catchall_60_65,primary,2028
overall,All,principal_backlog_2040,Capped minus uncapped,-17768.0,catchall_60_65,primary,2028
nationality,India,age21_events_2025_2040,Capped,192980.0,catchall_60_65,primary,2028
nationality,India,age21_events_2025_2040,Uncapped,73204.0,catchall_60_65,primary,2028
nationality,India,age21_events_2025_2040,Capped minus uncapped,119776.0,catchall_60_65,primary,2028
nationality,India,principal_exits_2025_2040,Capped,334977.0,catchall_60_65,primary,2028
nationality,India,principal_exits_2025_2040,Uncapped,187266.0,catchall_60_65,primary,2028
nationality,India,principal_exits_2025_2040,Capped minus uncapped,147711.0,catchall_60_65,primary,2028
nationality,India,principal_backlog_2040,Capped,1077958.0,catchall_60_65,primary,2028
nationality,India,principal_backlog_2040,Uncapped,750347.0,catchall_60_65,primary,2028
nationality,India,principal_backlog_2040,Capped minus uncapped,327611.0,catchall_60_65,primary,2028
nationality,China,age21_events_2025_2040,Capped,18579.0,catchall_60_65,primary,2028
nationality,China,age21_events_2025_2040,Uncapped,14699.0,catchall_60_65,primary,2028
nationality,China,age21_events_2025_2040,Capped minus uncapped,3880.0,catchall_60_65,primary,2028
nationality,China,principal_exits_2025_2040,Capped,104814.0,catchall_60_65,primary,2028
nationality,China,principal_exits_2025_2040,Uncapped,95520.0,catchall_60_65,primary,2028
nationality,China,principal_exits_2025_2040,Capped minus uncapped,9294.0,catchall_60_65,primary,2028
nationality,China,principal_backlog_2040,Capped,341490.0,catchall_60_65,primary,2028
nationality,China,principal_backlog_2040,Uncapped,286300.0,catchall_60_65,primary,2028
nationality,China,principal_backlog_2040,Capped minus uncapped,55190.0,catchall_60_65,primary,2028
nationality,ROW,age21_events_2025_2040,Capped,54909.0,catchall_60_65,primary,2028
nationality,ROW,age21_events_2025_2040,Uncapped,111317.0,catchall_60_65,primary,2028
nationality,ROW,age21_events_2025_2040,Capped minus uncapped,-56408.0,catchall_60_65,primary,2028
nationality,ROW,principal_exits_2025_2040,Capped,654362.0,catchall_60_65,primary,2028
nationality,ROW,principal_exits_2025_2040,Uncapped,789583.0,catchall_60_65,primary,2028
nationality,ROW,principal_exits_2025_2040,Capped minus uncapped,-135221.0,catchall_60_65,primary,2028
nationality,ROW,principal_backlog_2040,Capped,1353215.0,catchall_60_65,primary,2028
nationality,ROW,principal_backlog_2040,Uncapped,1753784.0,catchall_60_65,primary,2028
nationality,ROW,principal_backlog_2040,Capped minus uncapped,-400569.0,catchall_60_65,primary,2028
category,EB-1,age21_events_2025_2040,Capped,2384.0,catchall_60_65,primary,2028
category,EB-1,age21_events_2025_2040,Uncapped,690.0,catchall_60_65,primary,2028
category,EB-1,age21_events_2025_2040,Capped minus uncapped,1694.0,catchall_60_65,primary,2028
category,EB-1,principal_exits_2025_2040,Capped,15717.0,catchall_60_65,primary,2028
category,EB-1,principal_exits_2025_2040,Uncapped,16612.0,catchall_60_65,primary,2028
category,EB-1,principal_exits_2025_2040,Capped minus uncapped,-895.0,catchall_60_65,primary,2028
category,EB-1,principal_backlog_2040,Capped,129039.0,catchall_60_65,primary,2028
category,EB-1,principal_backlog_2040,Uncapped,124780.0,catchall_60_65,primary,2028
category,EB-1,principal_backlog_2040,Capped minus uncapped,4259.0,catchall_60_65,primary,2028
category,EB-2,age21_events_2025_2040,Capped,149432.0,catchall_60_65,primary,2028
category,EB-2,age21_events_2025_2040,Uncapped,107977.0,catchall_60_65,primary,2028
category,EB-2,age21_events_2025_2040,Capped minus uncapped,41455.0,catchall_60_65,primary,2028
category,EB-2,principal_exits_2025_2040,Capped,309196.0,catchall_60_65,primary,2028
category,EB-2,principal_exits_2025_2040,Uncapped,282691.0,catchall_60_65,primary,2028
category,EB-2,principal_exits_2025_2040,Capped minus uncapped,26505.0,catchall_60_65,primary,2028
category,EB-2,principal_backlog_2040,Capped,1041801.0,catchall_60_65,primary,2028
category,EB-2,principal_backlog_2040,Uncapped,1059723.0,catchall_60_65,primary,2028
category,EB-2,principal_backlog_2040,Capped minus uncapped,-17922.0,catchall_60_65,primary,2028
category,EB-3,age21_events_2025_2040,Capped,63529.0,catchall_60_65,primary,2028
category,EB-3,age21_events_2025_2040,Uncapped,40053.0,catchall_60_65,primary,2028
category,EB-3,age21_events_2025_2040,Capped minus uncapped,23476.0,catchall_60_65,primary,2028
category,EB-3,principal_exits_2025_2040,Capped,245257.0,catchall_60_65,primary,2028
category,EB-3,principal_exits_2025_2040,Uncapped,249480.0,catchall_60_65,primary,2028
category,EB-3,principal_exits_2025_2040,Capped minus uncapped,-4223.0,catchall_60_65,primary,2028
category,EB-3,principal_backlog_2040,Capped,552181.0,catchall_60_65,primary,2028
category,EB-3,principal_backlog_2040,Uncapped,558606.0,catchall_60_65,primary,2028
category,EB-3,principal_backlog_2040,Capped minus uncapped,-6425.0,catchall_60_65,primary,2028
category,EB-4,age21_events_2025_2040,Capped,50042.0,catchall_60_65,primary,2028
category,EB-4,age21_events_2025_2040,Uncapped,49907.0,catchall_60_65,primary,2028
category,EB-4,age21_events_2025_2040,Capped minus uncapped,135.0,catchall_60_65,primary,2028
category,EB-4,principal_exits_2025_2040,Capped,520138.0,catchall_60_65,primary,2028
category,EB-4,principal_exits_2025_2040,Uncapped,520219.0,catchall_60_65,primary,2028
category,EB-4,principal_exits_2025_2040,Capped minus uncapped,-81.0,catchall_60_65,primary,2028
category,EB-4,principal_backlog_2040,Capped,1023118.0,catchall_60_65,primary,2028
category,EB-4,principal_backlog_2040,Uncapped,1020867.0,catchall_60_65,primary,2028
category,EB-4,principal_backlog_2040,Capped minus uncapped,2251.0,catchall_60_65,primary,2028
category,EB-5,age21_events_2025_2040,Capped,1081.0,catchall_60_65,primary,2028
category,EB-5,age21_events_2025_2040,Uncapped,593.0,catchall_60_65,primary,2028
category,EB-5,age21_events_2025_2040,Capped minus uncapped,488.0,catchall_60_65,primary,2028
category,EB-5,principal_exits_2025_2040,Capped,3845.0,catchall_60_65,primary,2028
category,EB-5,principal_exits_2025_2040,Uncapped,3367.0,catchall_60_65,primary,2028
category,EB-5,principal_exits_2025_2040,Capped minus uncapped,478.0,catchall_60_65,primary,2028
category,EB-5,principal_backlog_2040,Capped,26524.0,catchall_60_65,primary,2028
category,EB-5,principal_backlog_2040,Uncapped,26455.0,catchall_60_65,primary,2028
category,EB-5,principal_backlog_2040,Capped minus uncapped,69.0,catchall_60_65,primary,2028
joint,EB-1 / India,age21_events_2025_2040,Capped minus uncapped,1336.0,catchall_60_65,primary,2028
joint,EB-1 / China,age21_events_2025_2040,Capped minus uncapped,891.0,catchall_60_65,primary,2028
joint,EB-1 / ROW,age21_events_2025_2040,Capped minus uncapped,-533.0,catchall_60_65,primary,2028
joint,EB-2 / India,age21_events_2025_2040,Capped minus uncapped,75250.0,catchall_60_65,primary,2028
joint,EB-2 / China,age21_events_2025_2040,Capped minus uncapped,364.0,catchall_60_65,primary,2028
joint,EB-2 / ROW,age21_events_2025_2040,Capped minus uncapped,-34159.0,catchall_60_65,primary,2028
joint,EB-3 / India,age21_events_2025_2040,Capped minus uncapped,43865.0,catchall_60_65,primary,2028
joint,EB-3 / China,age21_events_2025_2040,Capped minus uncapped,2189.0,catchall_60_65,primary,2028
joint,EB-3 / ROW,age21_events_2025_2040,Capped minus uncapped,-22578.0,catchall_60_65,primary,2028
joint,EB-4 / India,age21_events_2025_2040,Capped minus uncapped,-840.0,catchall_60_65,primary,2028
joint,EB-4 / China,age21_events_2025_2040,Capped minus uncapped,-134.0,catchall_60_65,primary,2028
joint,EB-4 / ROW,age21_events_2025_2040,Capped minus uncapped,1109.0,catchall_60_65,primary,2028
joint,EB-5 / India,age21_events_2025_2040,Capped minus uncapped,165.0,catchall_60_65,primary,2028
joint,EB-5 / China,age21_events_2025_2040,Capped minus uncapped,570.0,catchall_60_65,primary,2028
joint,EB-5 / ROW,age21_events_2025_2040,Capped minus uncapped,-247.0,catchall_60_65,primary,2028
overall,All,age21_events_2025_2040,Capped,267124.0,catchall_60_65,primary,2029
overall,All,age21_events_2025_2040,Uncapped,199738.0,catchall_60_65,primary,2029
overall,All,age21_events_2025_2040,Capped minus uncapped,67386.0,catchall_60_65,primary,2029
overall,All,principal_exits_2025_2040,Capped,1093010.0,catchall_60_65,primary,2029
overall,All,principal_exits_2025_2040,Uncapped,1072100.0,catchall_60_65,primary,2029
overall,All,principal_exits_2025_2040,Capped minus uncapped,20910.0,catchall_60_65,primary,2029
overall,All,principal_conversions_2025_2040,Capped,1262838.0,catchall_60_65,primary,2029
overall,All,principal_conversions_2025_2040,Uncapped,1267127.0,catchall_60_65,primary,2029
overall,All,principal_conversions_2025_2040,Capped minus uncapped,-4289.0,catchall_60_65,primary,2029
overall,All,principal_backlog_2040,Capped,2774133.0,catchall_60_65,primary,2029
overall,All,principal_backlog_2040,Uncapped,2790754.0,catchall_60_65,primary,2029
overall,All,principal_backlog_2040,Capped minus uncapped,-16621.0,catchall_60_65,primary,2029
nationality,India,age21_events_2025_2040,Capped,193243.0,catchall_60_65,primary,2029
nationality,India,age21_events_2025_2040,Uncapped,72911.0,catchall_60_65,primary,2029
nationality,India,age21_events_2025_2040,Capped minus uncapped,120332.0,catchall_60_65,primary,2029
nationality,India,principal_exits_2025_2040,Capped,335238.0,catchall_60_65,primary,2029
nationality,India,principal_exits_2025_2040,Uncapped,187592.0,catchall_60_65,primary,2029
nationality,India,principal_exits_2025_2040,Capped minus uncapped,147646.0,catchall_60_65,primary,2029
nationality,India,principal_backlog_2040,Capped,1076825.0,catchall_60_65,primary,2029
nationality,India,principal_backlog_2040,Uncapped,749483.0,catchall_60_65,primary,2029
nationality,India,principal_backlog_2040,Capped minus uncapped,327342.0,catchall_60_65,primary,2029
nationality,China,age21_events_2025_2040,Capped,18712.0,catchall_60_65,primary,2029
nationality,China,age21_events_2025_2040,Uncapped,14619.0,catchall_60_65,primary,2029
nationality,China,age21_events_2025_2040,Capped minus uncapped,4093.0,catchall_60_65,primary,2029
nationality,China,principal_exits_2025_2040,Capped,104199.0,catchall_60_65,primary,2029
nationality,China,principal_exits_2025_2040,Uncapped,94665.0,catchall_60_65,primary,2029
nationality,China,principal_exits_2025_2040,Capped minus uncapped,9534.0,catchall_60_65,primary,2029
nationality,China,principal_backlog_2040,Capped,341149.0,catchall_60_65,primary,2029
nationality,China,principal_backlog_2040,Uncapped,286613.0,catchall_60_65,primary,2029
nationality,China,principal_backlog_2040,Capped minus uncapped,54536.0,catchall_60_65,primary,2029
nationality,ROW,age21_events_2025_2040,Capped,55169.0,catchall_60_65,primary,2029
nationality,ROW,age21_events_2025_2040,Uncapped,112208.0,catchall_60_65,primary,2029
nationality,ROW,age21_events_2025_2040,Capped minus uncapped,-57039.0,catchall_60_65,primary,2029
nationality,ROW,principal_exits_2025_2040,Capped,653573.0,catchall_60_65,primary,2029
nationality,ROW,principal_exits_2025_2040,Uncapped,789843.0,catchall_60_65,primary,2029
nationality,ROW,principal_exits_2025_2040,Capped minus uncapped,-136270.0,catchall_60_65,primary,2029
nationality,ROW,principal_backlog_2040,Capped,1356159.0,catchall_60_65,primary,2029
nationality,ROW,principal_backlog_2040,Uncapped,1754658.0,catchall_60_65,primary,2029
nationality,ROW,principal_backlog_2040,Capped minus uncapped,-398499.0,catchall_60_65,primary,2029
category,EB-1,age21_events_2025_2040,Capped,2552.0,catchall_60_65,primary,2029
category,EB-1,age21_events_2025_2040,Uncapped,758.0,catchall_60_65,primary,2029
category,EB-1,age21_events_2025_2040,Capped minus uncapped,1794.0,catchall_60_65,primary,2029
category,EB-1,principal_exits_2025_2040,Capped,15942.0,catchall_60_65,primary,2029
category,EB-1,principal_exits_2025_2040,Uncapped,16559.0,catchall_60_65,primary,2029
category,EB-1,principal_exits_2025_2040,Capped minus uncapped,-617.0,catchall_60_65,primary,2029
category,EB-1,principal_backlog_2040,Capped,129238.0,catchall_60_65,primary,2029
category,EB-1,principal_backlog_2040,Uncapped,125425.0,catchall_60_65,primary,2029
category,EB-1,principal_backlog_2040,Capped minus uncapped,3813.0,catchall_60_65,primary,2029
category,EB-2,age21_events_2025_2040,Capped,149278.0,catchall_60_65,primary,2029
category,EB-2,age21_events_2025_2040,Uncapped,108145.0,catchall_60_65,primary,2029
category,EB-2,age21_events_2025_2040,Capped minus uncapped,41133.0,catchall_60_65,primary,2029
category,EB-2,principal_exits_2025_2040,Capped,309288.0,catchall_60_65,primary,2029
category,EB-2,principal_exits_2025_2040,Uncapped,282513.0,catchall_60_65,primary,2029
category,EB-2,principal_exits_2025_2040,Capped minus uncapped,26775.0,catchall_60_65,primary,2029
category,EB-2,principal_backlog_2040,Capped,1041691.0,catchall_60_65,primary,2029
category,EB-2,principal_backlog_2040,Uncapped,1059673.0,catchall_60_65,primary,2029
category,EB-2,principal_backlog_2040,Capped minus uncapped,-17982.0,catchall_60_65,primary,2029
category,EB-3,age21_events_2025_2040,Capped,63815.0,catchall_60_65,primary,2029
category,EB-3,age21_events_2025_2040,Uncapped,40052.0,catchall_60_65,primary,2029
category,EB-3,age21_events_2025_2040,Capped minus uncapped,23763.0,catchall_60_65,primary,2029
category,EB-3,principal_exits_2025_2040,Capped,245016.0,catchall_60_65,primary,2029
category,EB-3,principal_exits_2025_2040,Uncapped,250517.0,catchall_60_65,primary,2029
category,EB-3,principal_exits_2025_2040,Capped minus uncapped,-5501.0,catchall_60_65,primary,2029
category,EB-3,principal_backlog_2040,Capped,552238.0,catchall_60_65,primary,2029
category,EB-3,principal_backlog_2040,Uncapped,557318.0,catchall_60_65,primary,2029
category,EB-3,principal_backlog_2040,Capped minus uncapped,-5080.0,catchall_60_65,primary,2029
category,EB-4,age21_events_2025_2040,Capped,50314.0,catchall_60_65,primary,2029
category,EB-4,age21_events_2025_2040,Uncapped,50174.0,catchall_60_65,primary,2029
category,EB-4,age21_events_2025_2040,Capped minus uncapped,140.0,catchall_60_65,primary,2029
category,EB-4,principal_exits_2025_2040,Capped,518926.0,catchall_60_65,primary,2029
category,EB-4,principal_exits_2025_2040,Uncapped,519120.0,catchall_60_65,primary,2029
category,EB-4,principal_exits_2025_2040,Capped minus uncapped,-194.0,catchall_60_65,primary,2029
category,EB-4,principal_backlog_2040,Capped,1024438.0,catchall_60_65,primary,2029
category,EB-4,principal_backlog_2040,Uncapped,1021838.0,catchall_60_65,primary,2029
category,EB-4,principal_backlog_2040,Capped minus uncapped,2600.0,catchall_60_65,primary,2029
category,EB-5,age21_events_2025_2040,Capped,1165.0,catchall_60_65,primary,2029
category,EB-5,age21_events_2025_2040,Uncapped,609.0,catchall_60_65,primary,2029
category,EB-5,age21_events_2025_2040,Capped minus uncapped,556.0,catchall_60_65,primary,2029
category,EB-5,principal_exits_2025_2040,Capped,3838.0,catchall_60_65,primary,2029
category,EB-5,principal_exits_2025_2040,Uncapped,3391.0,catchall_60_65,primary,2029
category,EB-5,principal_exits_2025_2040,Capped minus uncapped,447.0,catchall_60_65,primary,2029
category,EB-5,principal_backlog_2040,Capped,26528.0,catchall_60_65,primary,2029
category,EB-5,principal_backlog_2040,Uncapped,26500.0,catchall_60_65,primary,2029
category,EB-5,principal_backlog_2040,Capped minus uncapped,28.0,catchall_60_65,primary,2029
joint,EB-1 / India,age21_events_2025_2040,Capped minus uncapped,1489.0,catchall_60_65,primary,2029
joint,EB-1 / China,age21_events_2025_2040,Capped minus uncapped,900.0,catchall_60_65,primary,2029
joint,EB-1 / ROW,age21_events_2025_2040,Capped minus uncapped,-595.0,catchall_60_65,primary,2029
joint,EB-2 / India,age21_events_2025_2040,Capped minus uncapped,75610.0,catchall_60_65,primary,2029
joint,EB-2 / China,age21_events_2025_2040,Capped minus uncapped,363.0,catchall_60_65,primary,2029
joint,EB-2 / ROW,age21_events_2025_2040,Capped minus uncapped,-34840.0,catchall_60_65,primary,2029
joint,EB-3 / India,age21_events_2025_2040,Capped minus uncapped,43908.0,catchall_60_65,primary,2029
joint,EB-3 / China,age21_events_2025_2040,Capped minus uncapped,2306.0,catchall_60_65,primary,2029
joint,EB-3 / ROW,age21_events_2025_2040,Capped minus uncapped,-22451.0,catchall_60_65,primary,2029
joint,EB-4 / India,age21_events_2025_2040,Capped minus uncapped,-853.0,catchall_60_65,primary,2029
joint,EB-4 / China,age21_events_2025_2040,Capped minus uncapped,-105.0,catchall_60_65,primary,2029
joint,EB-4 / ROW,age21_events_2025_2040,Capped minus uncapped,1098.0,catchall_60_65,primary,2029
joint,EB-5 / India,age21_events_2025_2040,Capped minus uncapped,178.0,catchall_60_65,primary,2029
joint,EB-5 / China,age21_events_2025_2040,Capped minus uncapped,629.0,catchall_60_65,primary,2029
joint,EB-5 / ROW,age21_events_2025_2040,Capped minus uncapped,-251.0,catchall_60_65,primary,2029
overall,All,age21_events_2025_2040,Capped,266286.0,catchall_60_65,primary,2030
overall,All,age21_events_2025_2040,Uncapped,199607.0,catchall_60_65,primary,2030
overall,All,age21_events_2025_2040,Capped minus uncapped,66679.0,catchall_60_65,primary,2030
overall,All,principal_exits_2025_2040,Capped,1092680.0,catchall_60_65,primary,2030
overall,All,principal_exits_2025_2040,Uncapped,1072481.0,catchall_60_65,primary,2030
overall,All,principal_exits_2025_2040,Capped minus uncapped,20199.0,catchall_60_65,primary,2030
overall,All,principal_conversions_2025_2040,Capped,1264116.0,catchall_60_65,primary,2030
overall,All,principal_conversions_2025_2040,Uncapped,1267782.0,catchall_60_65,primary,2030
overall,All,principal_conversions_2025_2040,Capped minus uncapped,-3666.0,catchall_60_65,primary,2030
overall,All,principal_backlog_2040,Capped,2773767.0,catchall_60_65,primary,2030
overall,All,principal_backlog_2040,Uncapped,2790300.0,catchall_60_65,primary,2030
overall,All,principal_backlog_2040,Capped minus uncapped,-16533.0,catchall_60_65,primary,2030
nationality,India,age21_events_2025_2040,Capped,193117.0,catchall_60_65,primary,2030
nationality,India,age21_events_2025_2040,Uncapped,73374.0,catchall_60_65,primary,2030
nationality,India,age21_events_2025_2040,Capped minus uncapped,119743.0,catchall_60_65,primary,2030
nationality,India,principal_exits_2025_2040,Capped,335062.0,catchall_60_65,primary,2030
nationality,India,principal_exits_2025_2040,Uncapped,188108.0,catchall_60_65,primary,2030
nationality,India,principal_exits_2025_2040,Capped minus uncapped,146954.0,catchall_60_65,primary,2030
nationality,India,principal_backlog_2040,Capped,1077948.0,catchall_60_65,primary,2030
nationality,India,principal_backlog_2040,Uncapped,749988.0,catchall_60_65,primary,2030
nationality,India,principal_backlog_2040,Capped minus uncapped,327960.0,catchall_60_65,primary,2030
nationality,China,age21_events_2025_2040,Capped,18620.0,catchall_60_65,primary,2030
nationality,China,age21_events_2025_2040,Uncapped,14683.0,catchall_60_65,primary,2030
nationality,China,age21_events_2025_2040,Capped minus uncapped,3937.0,catchall_60_65,primary,2030
nationality,China,principal_exits_2025_2040,Capped,104626.0,catchall_60_65,primary,2030
nationality,China,principal_exits_2025_2040,Uncapped,95013.0,catchall_60_65,primary,2030
nationality,China,principal_exits_2025_2040,Capped minus uncapped,9613.0,catchall_60_65,primary,2030
nationality,China,principal_backlog_2040,Capped,340241.0,catchall_60_65,primary,2030
nationality,China,principal_backlog_2040,Uncapped,286677.0,catchall_60_65,primary,2030
nationality,China,principal_backlog_2040,Capped minus uncapped,53564.0,catchall_60_65,primary,2030
nationality,ROW,age21_events_2025_2040,Capped,54549.0,catchall_60_65,primary,2030
nationality,ROW,age21_events_2025_2040,Uncapped,111550.0,catchall_60_65,primary,2030
nationality,ROW,age21_events_2025_2040,Capped minus uncapped,-57001.0,catchall_60_65,primary,2030
nationality,ROW,principal_exits_2025_2040,Capped,652992.0,catchall_60_65,primary,2030
nationality,ROW,principal_exits_2025_2040,Uncapped,789360.0,catchall_60_65,primary,2030
nationality,ROW,principal_exits_2025_2040,Capped minus uncapped,-136368.0,catchall_60_65,primary,2030
nationality,ROW,principal_backlog_2040,Capped,1355578.0,catchall_60_65,primary,2030
nationality,ROW,principal_backlog_2040,Uncapped,1753635.0,catchall_60_65,primary,2030
nationality,ROW,principal_backlog_2040,Capped minus uncapped,-398057.0,catchall_60_65,primary,2030
category,EB-1,age21_events_2025_2040,Capped,2428.0,catchall_60_65,primary,2030
category,EB-1,age21_events_2025_2040,Uncapped,790.0,catchall_60_65,primary,2030
category,EB-1,age21_events_2025_2040,Capped minus uncapped,1638.0,catchall_60_65,primary,2030
category,EB-1,principal_exits_2025_2040,Capped,15557.0,catchall_60_65,primary,2030
category,EB-1,principal_exits_2025_2040,Uncapped,16212.0,catchall_60_65,primary,2030
category,EB-1,principal_exits_2025_2040,Capped minus uncapped,-655.0,catchall_60_65,primary,2030
category,EB-1,principal_backlog_2040,Capped,128734.0,catchall_60_65,primary,2030
category,EB-1,principal_backlog_2040,Uncapped,124966.0,catchall_60_65,primary,2030
category,EB-1,principal_backlog_2040,Capped minus uncapped,3768.0,catchall_60_65,primary,2030
category,EB-2,age21_events_2025_2040,Capped,149685.0,catchall_60_65,primary,2030
category,EB-2,age21_events_2025_2040,Uncapped,108557.0,catchall_60_65,primary,2030
category,EB-2,age21_events_2025_2040,Capped minus uncapped,41128.0,catchall_60_65,primary,2030
category,EB-2,principal_exits_2025_2040,Capped,309388.0,catchall_60_65,primary,2030
category,EB-2,principal_exits_2025_2040,Uncapped,283565.0,catchall_60_65,primary,2030
category,EB-2,principal_exits_2025_2040,Capped minus uncapped,25823.0,catchall_60_65,primary,2030
category,EB-2,principal_backlog_2040,Capped,1041705.0,catchall_60_65,primary,2030
category,EB-2,principal_backlog_2040,Uncapped,1058851.0,catchall_60_65,primary,2030
category,EB-2,principal_backlog_2040,Capped minus uncapped,-17146.0,catchall_60_65,primary,2030
category,EB-3,age21_events_2025_2040,Capped,63395.0,catchall_60_65,primary,2030
category,EB-3,age21_events_2025_2040,Uncapped,39957.0,catchall_60_65,primary,2030
category,EB-3,age21_events_2025_2040,Capped minus uncapped,23438.0,catchall_60_65,primary,2030
category,EB-3,principal_exits_2025_2040,Capped,245397.0,catchall_60_65,primary,2030
category,EB-3,principal_exits_2025_2040,Uncapped,250464.0,catchall_60_65,primary,2030
category,EB-3,principal_exits_2025_2040,Capped minus uncapped,-5067.0,catchall_60_65,primary,2030
category,EB-3,principal_backlog_2040,Capped,551951.0,catchall_60_65,primary,2030
category,EB-3,principal_backlog_2040,Uncapped,557661.0,catchall_60_65,primary,2030
category,EB-3,principal_backlog_2040,Capped minus uncapped,-5710.0,catchall_60_65,primary,2030
category,EB-4,age21_events_2025_2040,Capped,49694.0,catchall_60_65,primary,2030
category,EB-4,age21_events_2025_2040,Uncapped,49779.0,catchall_60_65,primary,2030
category,EB-4,age21_events_2025_2040,Capped minus uncapped,-85.0,catchall_60_65,primary,2030
category,EB-4,principal_exits_2025_2040,Capped,518532.0,catchall_60_65,primary,2030
category,EB-4,principal_exits_2025_2040,Uncapped,518927.0,catchall_60_65,primary,2030
category,EB-4,principal_exits_2025_2040,Capped minus uncapped,-395.0,catchall_60_65,primary,2030
category,EB-4,principal_backlog_2040,Capped,1024595.0,catchall_60_65,primary,2030
category,EB-4,principal_backlog_2040,Uncapped,1022063.0,catchall_60_65,primary,2030
category,EB-4,principal_backlog_2040,Capped minus uncapped,2532.0,catchall_60_65,primary,2030
category,EB-5,age21_events_2025_2040,Capped,1084.0,catchall_60_65,primary,2030
category,EB-5,age21_events_2025_2040,Uncapped,524.0,catchall_60_65,primary,2030
category,EB-5,age21_events_2025_2040,Capped minus uncapped,560.0,catchall_60_65,primary,2030
category,EB-5,principal_exits_2025_2040,Capped,3806.0,catchall_60_65,primary,2030
category,EB-5,principal_exits_2025_2040,Uncapped,3313.0,catchall_60_65,primary,2030
category,EB-5,principal_exits_2025_2040,Capped minus uncapped,493.0,catchall_60_65,primary,2030
category,EB-5,principal_backlog_2040,Capped,26782.0,catchall_60_65,primary,2030
category,EB-5,principal_backlog_2040,Uncapped,26759.0,catchall_60_65,primary,2030
category,EB-5,principal_backlog_2040,Capped minus uncapped,23.0,catchall_60_65,primary,2030
joint,EB-1 / India,age21_events_2025_2040,Capped minus uncapped,1371.0,catchall_60_65,primary,2030
joint,EB-1 / China,age21_events_2025_2040,Capped minus uncapped,882.0,catchall_60_65,primary,2030
joint,EB-1 / ROW,age21_events_2025_2040,Capped minus uncapped,-615.0,catchall_60_65,primary,2030
joint,EB-2 / India,age21_events_2025_2040,Capped minus uncapped,75280.0,catchall_60_65,primary,2030
joint,EB-2 / China,age21_events_2025_2040,Capped minus uncapped,465.0,catchall_60_65,primary,2030
joint,EB-2 / ROW,age21_events_2025_2040,Capped minus uncapped,-34617.0,catchall_60_65,primary,2030
joint,EB-3 / India,age21_events_2025_2040,Capped minus uncapped,43705.0,catchall_60_65,primary,2030
joint,EB-3 / China,age21_events_2025_2040,Capped minus uncapped,2114.0,catchall_60_65,primary,2030
joint,EB-3 / ROW,age21_events_2025_2040,Capped minus uncapped,-22381.0,catchall_60_65,primary,2030
joint,EB-4 / India,age21_events_2025_2040,Capped minus uncapped,-784.0,catchall_60_65,primary,2030
joint,EB-4 / China,age21_events_2025_2040,Capped minus uncapped,-135.0,catchall_60_65,primary,2030
joint,EB-4 / ROW,age21_events_2025_2040,Capped minus uncapped,834.0,catchall_60_65,primary,2030
joint,EB-5 / India,age21_events_2025_2040,Capped minus uncapped,171.0,catchall_60_65,primary,2030
joint,EB-5 / China,age21_events_2025_2040,Capped minus uncapped,611.0,catchall_60_65,primary,2030
joint,EB-5 / ROW,age21_events_2025_2040,Capped minus uncapped,-222.0,catchall_60_65,primary,2030
overall,All,age21_events_2025_2040,Capped,266586.0,catchall_60_65,primary,2031
overall,All,age21_events_2025_2040,Uncapped,200087.0,catchall_60_65,primary,2031
overall,All,age21_events_2025_2040,Capped minus uncapped,66499.0,catchall_60_65,primary,2031
overall,All,principal_exits_2025_2040,Capped,1093507.0,catchall_60_65,primary,2031
overall,All,principal_exits_2025_2040,Uncapped,1072264.0,catchall_60_65,primary,2031
overall,All,principal_exits_2025_2040,Capped minus uncapped,21243.0,catchall_60_65,primary,2031
overall,All,principal_conversions_2025_2040,Capped,1263311.0,catchall_60_65,primary,2031
overall,All,principal_conversions_2025_2040,Uncapped,1266567.0,catchall_60_65,primary,2031
overall,All,principal_conversions_2025_2040,Capped minus uncapped,-3256.0,catchall_60_65,primary,2031
overall,All,principal_backlog_2040,Capped,2773289.0,catchall_60_65,primary,2031
overall,All,principal_backlog_2040,Uncapped,2791276.0,catchall_60_65,primary,2031
overall,All,principal_backlog_2040,Capped minus uncapped,-17987.0,catchall_60_65,primary,2031
nationality,India,age21_events_2025_2040,Capped,193692.0,catchall_60_65,primary,2031
nationality,India,age21_events_2025_2040,Uncapped,73666.0,catchall_60_65,primary,2031
nationality,India,age21_events_2025_2040,Capped minus uncapped,120026.0,catchall_60_65,primary,2031
nationality,India,principal_exits_2025_2040,Capped,334618.0,catchall_60_65,primary,2031
nationality,India,principal_exits_2025_2040,Uncapped,186719.0,catchall_60_65,primary,2031
nationality,India,principal_exits_2025_2040,Capped minus uncapped,147899.0,catchall_60_65,primary,2031
nationality,India,principal_backlog_2040,Capped,1076610.0,catchall_60_65,primary,2031
nationality,India,principal_backlog_2040,Uncapped,749512.0,catchall_60_65,primary,2031
nationality,India,principal_backlog_2040,Capped minus uncapped,327098.0,catchall_60_65,primary,2031
nationality,China,age21_events_2025_2040,Capped,18774.0,catchall_60_65,primary,2031
nationality,China,age21_events_2025_2040,Uncapped,14900.0,catchall_60_65,primary,2031
nationality,China,age21_events_2025_2040,Capped minus uncapped,3874.0,catchall_60_65,primary,2031
nationality,China,principal_exits_2025_2040,Capped,104900.0,catchall_60_65,primary,2031
nationality,China,principal_exits_2025_2040,Uncapped,95235.0,catchall_60_65,primary,2031
nationality,China,principal_exits_2025_2040,Capped minus uncapped,9665.0,catchall_60_65,primary,2031
nationality,China,principal_backlog_2040,Capped,340933.0,catchall_60_65,primary,2031
nationality,China,principal_backlog_2040,Uncapped,286800.0,catchall_60_65,primary,2031
nationality,China,principal_backlog_2040,Capped minus uncapped,54133.0,catchall_60_65,primary,2031
nationality,ROW,age21_events_2025_2040,Capped,54120.0,catchall_60_65,primary,2031
nationality,ROW,age21_events_2025_2040,Uncapped,111521.0,catchall_60_65,primary,2031
nationality,ROW,age21_events_2025_2040,Capped minus uncapped,-57401.0,catchall_60_65,primary,2031
nationality,ROW,principal_exits_2025_2040,Capped,653989.0,catchall_60_65,primary,2031
nationality,ROW,principal_exits_2025_2040,Uncapped,790310.0,catchall_60_65,primary,2031
nationality,ROW,principal_exits_2025_2040,Capped minus uncapped,-136321.0,catchall_60_65,primary,2031
nationality,ROW,principal_backlog_2040,Capped,1355746.0,catchall_60_65,primary,2031
nationality,ROW,principal_backlog_2040,Uncapped,1754964.0,catchall_60_65,primary,2031
nationality,ROW,principal_backlog_2040,Capped minus uncapped,-399218.0,catchall_60_65,primary,2031
category,EB-1,age21_events_2025_2040,Capped,2461.0,catchall_60_65,primary,2031
category,EB-1,age21_events_2025_2040,Uncapped,789.0,catchall_60_65,primary,2031
category,EB-1,age21_events_2025_2040,Capped minus uncapped,1672.0,catchall_60_65,primary,2031
category,EB-1,principal_exits_2025_2040,Capped,15846.0,catchall_60_65,primary,2031
category,EB-1,principal_exits_2025_2040,Uncapped,16487.0,catchall_60_65,primary,2031
category,EB-1,principal_exits_2025_2040,Capped minus uncapped,-641.0,catchall_60_65,primary,2031
category,EB-1,principal_backlog_2040,Capped,129268.0,catchall_60_65,primary,2031
category,EB-1,principal_backlog_2040,Uncapped,125348.0,catchall_60_65,primary,2031
category,EB-1,principal_backlog_2040,Capped minus uncapped,3920.0,catchall_60_65,primary,2031
category,EB-2,age21_events_2025_2040,Capped,149973.0,catchall_60_65,primary,2031
category,EB-2,age21_events_2025_2040,Uncapped,108733.0,catchall_60_65,primary,2031
category,EB-2,age21_events_2025_2040,Capped minus uncapped,41240.0,catchall_60_65,primary,2031
category,EB-2,principal_exits_2025_2040,Capped,309725.0,catchall_60_65,primary,2031
category,EB-2,principal_exits_2025_2040,Uncapped,282356.0,catchall_60_65,primary,2031
category,EB-2,principal_exits_2025_2040,Capped minus uncapped,27369.0,catchall_60_65,primary,2031
category,EB-2,principal_backlog_2040,Capped,1041074.0,catchall_60_65,primary,2031
category,EB-2,principal_backlog_2040,Uncapped,1060201.0,catchall_60_65,primary,2031
category,EB-2,principal_backlog_2040,Capped minus uncapped,-19127.0,catchall_60_65,primary,2031
category,EB-3,age21_events_2025_2040,Capped,63715.0,catchall_60_65,primary,2031
category,EB-3,age21_events_2025_2040,Uncapped,40353.0,catchall_60_65,primary,2031
category,EB-3,age21_events_2025_2040,Capped minus uncapped,23362.0,catchall_60_65,primary,2031
category,EB-3,principal_exits_2025_2040,Capped,244966.0,catchall_60_65,primary,2031
category,EB-3,principal_exits_2025_2040,Uncapped,250374.0,catchall_60_65,primary,2031
category,EB-3,principal_exits_2025_2040,Capped minus uncapped,-5408.0,catchall_60_65,primary,2031
category,EB-3,principal_backlog_2040,Capped,552313.0,catchall_60_65,primary,2031
category,EB-3,principal_backlog_2040,Uncapped,558052.0,catchall_60_65,primary,2031
category,EB-3,principal_backlog_2040,Capped minus uncapped,-5739.0,catchall_60_65,primary,2031
category,EB-4,age21_events_2025_2040,Capped,49373.0,catchall_60_65,primary,2031
category,EB-4,age21_events_2025_2040,Uncapped,49626.0,catchall_60_65,primary,2031
category,EB-4,age21_events_2025_2040,Capped minus uncapped,-253.0,catchall_60_65,primary,2031
category,EB-4,principal_exits_2025_2040,Capped,519251.0,catchall_60_65,primary,2031
category,EB-4,principal_exits_2025_2040,Uncapped,519693.0,catchall_60_65,primary,2031
category,EB-4,principal_exits_2025_2040,Capped minus uncapped,-442.0,catchall_60_65,primary,2031
category,EB-4,principal_backlog_2040,Capped,1024045.0,catchall_60_65,primary,2031
category,EB-4,principal_backlog_2040,Uncapped,1021247.0,catchall_60_65,primary,2031
category,EB-4,principal_backlog_2040,Capped minus uncapped,2798.0,catchall_60_65,primary,2031
category,EB-5,age21_events_2025_2040,Capped,1064.0,catchall_60_65,primary,2031
category,EB-5,age21_events_2025_2040,Uncapped,586.0,catchall_60_65,primary,2031
category,EB-5,age21_events_2025_2040,Capped minus uncapped,478.0,catchall_60_65,primary,2031
category,EB-5,principal_exits_2025_2040,Capped,3719.0,catchall_60_65,primary,2031
category,EB-5,principal_exits_2025_2040,Uncapped,3354.0,catchall_60_65,primary,2031
category,EB-5,principal_exits_2025_2040,Capped minus uncapped,365.0,catchall_60_65,primary,2031
category,EB-5,principal_backlog_2040,Capped,26589.0,catchall_60_65,primary,2031
category,EB-5,principal_backlog_2040,Uncapped,26428.0,catchall_60_65,primary,2031
category,EB-5,principal_backlog_2040,Capped minus uncapped,161.0,catchall_60_65,primary,2031
joint,EB-1 / India,age21_events_2025_2040,Capped minus uncapped,1407.0,catchall_60_65,primary,2031
joint,EB-1 / China,age21_events_2025_2040,Capped minus uncapped,899.0,catchall_60_65,primary,2031
joint,EB-1 / ROW,age21_events_2025_2040,Capped minus uncapped,-634.0,catchall_60_65,primary,2031
joint,EB-2 / India,age21_events_2025_2040,Capped minus uncapped,75580.0,catchall_60_65,primary,2031
joint,EB-2 / China,age21_events_2025_2040,Capped minus uncapped,368.0,catchall_60_65,primary,2031
joint,EB-2 / ROW,age21_events_2025_2040,Capped minus uncapped,-34708.0,catchall_60_65,primary,2031
joint,EB-3 / India,age21_events_2025_2040,Capped minus uncapped,43701.0,catchall_60_65,primary,2031
joint,EB-3 / China,age21_events_2025_2040,Capped minus uncapped,2165.0,catchall_60_65,primary,2031
joint,EB-3 / ROW,age21_events_2025_2040,Capped minus uncapped,-22504.0,catchall_60_65,primary,2031
joint,EB-4 / India,age21_events_2025_2040,Capped minus uncapped,-837.0,catchall_60_65,primary,2031
joint,EB-4 / China,age21_events_2025_2040,Capped minus uncapped,-138.0,catchall_60_65,primary,2031
joint,EB-4 / ROW,age21_events_2025_2040,Capped minus uncapped,722.0,catchall_60_65,primary,2031
joint,EB-5 / India,age21_events_2025_2040,Capped minus uncapped,175.0,catchall_60_65,primary,2031
joint,EB-5 / China,age21_events_2025_2040,Capped minus uncapped,580.0,catchall_60_65,primary,2031
joint,EB-5 / ROW,age21_events_2025_2040,Capped minus uncapped,-277.0,catchall_60_65,primary,2031
overall,All,age21_events_2025_2040,Capped,266849.0,catchall_60_65,primary,2032
overall,All,age21_events_2025_2040,Uncapped,199267.0,catchall_60_65,primary,2032
overall,All,age21_events_2025_2040,Capped minus uncapped,67582.0,catchall_60_65,primary,2032
overall,All,principal_exits_2025_2040,Capped,1093215.0,catchall_60_65,primary,2032
overall,All,principal_exits_2025_2040,Uncapped,1071595.0,catchall_60_65,primary,2032
overall,All,principal_exits_2025_2040,Capped minus uncapped,21620.0,catchall_60_65,primary,2032
overall,All,principal_conversions_2025_2040,Capped,1263828.0,catchall_60_65,primary,2032
overall,All,principal_conversions_2025_2040,Uncapped,1267462.0,catchall_60_65,primary,2032
overall,All,principal_conversions_2025_2040,Capped minus uncapped,-3634.0,catchall_60_65,primary,2032
overall,All,principal_backlog_2040,Capped,2773055.0,catchall_60_65,primary,2032
overall,All,principal_backlog_2040,Uncapped,2791041.0,catchall_60_65,primary,2032
overall,All,principal_backlog_2040,Capped minus uncapped,-17986.0,catchall_60_65,primary,2032
nationality,India,age21_events_2025_2040,Capped,193842.0,catchall_60_65,primary,2032
nationality,India,age21_events_2025_2040,Uncapped,73597.0,catchall_60_65,primary,2032
nationality,India,age21_events_2025_2040,Capped minus uncapped,120245.0,catchall_60_65,primary,2032
nationality,India,principal_exits_2025_2040,Capped,334942.0,catchall_60_65,primary,2032
nationality,India,principal_exits_2025_2040,Uncapped,186770.0,catchall_60_65,primary,2032
nationality,India,principal_exits_2025_2040,Capped minus uncapped,148172.0,catchall_60_65,primary,2032
nationality,India,principal_backlog_2040,Capped,1076541.0,catchall_60_65,primary,2032
nationality,India,principal_backlog_2040,Uncapped,749280.0,catchall_60_65,primary,2032
nationality,India,principal_backlog_2040,Capped minus uncapped,327261.0,catchall_60_65,primary,2032
nationality,China,age21_events_2025_2040,Capped,18704.0,catchall_60_65,primary,2032
nationality,China,age21_events_2025_2040,Uncapped,14687.0,catchall_60_65,primary,2032
nationality,China,age21_events_2025_2040,Capped minus uncapped,4017.0,catchall_60_65,primary,2032
nationality,China,principal_exits_2025_2040,Capped,105182.0,catchall_60_65,primary,2032
nationality,China,principal_exits_2025_2040,Uncapped,95627.0,catchall_60_65,primary,2032
nationality,China,principal_exits_2025_2040,Capped minus uncapped,9555.0,catchall_60_65,primary,2032
nationality,China,principal_backlog_2040,Capped,341428.0,catchall_60_65,primary,2032
nationality,China,principal_backlog_2040,Uncapped,286520.0,catchall_60_65,primary,2032
nationality,China,principal_backlog_2040,Capped minus uncapped,54908.0,catchall_60_65,primary,2032
nationality,ROW,age21_events_2025_2040,Capped,54303.0,catchall_60_65,primary,2032
nationality,ROW,age21_events_2025_2040,Uncapped,110983.0,catchall_60_65,primary,2032
nationality,ROW,age21_events_2025_2040,Capped minus uncapped,-56680.0,catchall_60_65,primary,2032
nationality,ROW,principal_exits_2025_2040,Capped,653091.0,catchall_60_65,primary,2032
nationality,ROW,principal_exits_2025_2040,Uncapped,789198.0,catchall_60_65,primary,2032
nationality,ROW,principal_exits_2025_2040,Capped minus uncapped,-136107.0,catchall_60_65,primary,2032
nationality,ROW,principal_backlog_2040,Capped,1355086.0,catchall_60_65,primary,2032
nationality,ROW,principal_backlog_2040,Uncapped,1755241.0,catchall_60_65,primary,2032
nationality,ROW,principal_backlog_2040,Capped minus uncapped,-400155.0,catchall_60_65,primary,2032
category,EB-1,age21_events_2025_2040,Capped,2463.0,catchall_60_65,primary,2032
category,EB-1,age21_events_2025_2040,Uncapped,728.0,catchall_60_65,primary,2032
category,EB-1,age21_events_2025_2040,Capped minus uncapped,1735.0,catchall_60_65,primary,2032
category,EB-1,principal_exits_2025_2040,Capped,15717.0,catchall_60_65,primary,2032
category,EB-1,principal_exits_2025_2040,Uncapped,16477.0,catchall_60_65,primary,2032
category,EB-1,principal_exits_2025_2040,Capped minus uncapped,-760.0,catchall_60_65,primary,2032
category,EB-1,principal_backlog_2040,Capped,129026.0,catchall_60_65,primary,2032
category,EB-1,principal_backlog_2040,Uncapped,125017.0,catchall_60_65,primary,2032
category,EB-1,principal_backlog_2040,Capped minus uncapped,4009.0,catchall_60_65,primary,2032
category,EB-2,age21_events_2025_2040,Capped,150085.0,catchall_60_65,primary,2032
category,EB-2,age21_events_2025_2040,Uncapped,108670.0,catchall_60_65,primary,2032
category,EB-2,age21_events_2025_2040,Capped minus uncapped,41415.0,catchall_60_65,primary,2032
category,EB-2,principal_exits_2025_2040,Capped,309835.0,catchall_60_65,primary,2032
category,EB-2,principal_exits_2025_2040,Uncapped,282722.0,catchall_60_65,primary,2032
category,EB-2,principal_exits_2025_2040,Capped minus uncapped,27113.0,catchall_60_65,primary,2032
category,EB-2,principal_backlog_2040,Capped,1041030.0,catchall_60_65,primary,2032
category,EB-2,principal_backlog_2040,Uncapped,1059380.0,catchall_60_65,primary,2032
category,EB-2,principal_backlog_2040,Capped minus uncapped,-18350.0,catchall_60_65,primary,2032
category,EB-3,age21_events_2025_2040,Capped,63681.0,catchall_60_65,primary,2032
category,EB-3,age21_events_2025_2040,Uncapped,39763.0,catchall_60_65,primary,2032
category,EB-3,age21_events_2025_2040,Capped minus uncapped,23918.0,catchall_60_65,primary,2032
category,EB-3,principal_exits_2025_2040,Capped,244720.0,catchall_60_65,primary,2032
category,EB-3,principal_exits_2025_2040,Uncapped,249900.0,catchall_60_65,primary,2032
category,EB-3,principal_exits_2025_2040,Capped minus uncapped,-5180.0,catchall_60_65,primary,2032
category,EB-3,principal_backlog_2040,Capped,552522.0,catchall_60_65,primary,2032
category,EB-3,principal_backlog_2040,Uncapped,558322.0,catchall_60_65,primary,2032
category,EB-3,principal_backlog_2040,Capped minus uncapped,-5800.0,catchall_60_65,primary,2032
category,EB-4,age21_events_2025_2040,Capped,49601.0,catchall_60_65,primary,2032
category,EB-4,age21_events_2025_2040,Uncapped,49600.0,catchall_60_65,primary,2032
category,EB-4,age21_events_2025_2040,Capped minus uncapped,1.0,catchall_60_65,primary,2032
category,EB-4,principal_exits_2025_2040,Capped,519141.0,catchall_60_65,primary,2032
category,EB-4,principal_exits_2025_2040,Uncapped,519055.0,catchall_60_65,primary,2032
category,EB-4,principal_exits_2025_2040,Capped minus uncapped,86.0,catchall_60_65,primary,2032
category,EB-4,principal_backlog_2040,Capped,1023921.0,catchall_60_65,primary,2032
category,EB-4,principal_backlog_2040,Uncapped,1021841.0,catchall_60_65,primary,2032
category,EB-4,principal_backlog_2040,Capped minus uncapped,2080.0,catchall_60_65,primary,2032
category,EB-5,age21_events_2025_2040,Capped,1019.0,catchall_60_65,primary,2032
category,EB-5,age21_events_2025_2040,Uncapped,506.0,catchall_60_65,primary,2032
category,EB-5,age21_events_2025_2040,Capped minus uncapped,513.0,catchall_60_65,primary,2032
category,EB-5,principal_exits_2025_2040,Capped,3802.0,catchall_60_65,primary,2032
category,EB-5,principal_exits_2025_2040,Uncapped,3441.0,catchall_60_65,primary,2032
category,EB-5,principal_exits_2025_2040,Capped minus uncapped,361.0,catchall_60_65,primary,2032
category,EB-5,principal_backlog_2040,Capped,26556.0,catchall_60_65,primary,2032
category,EB-5,principal_backlog_2040,Uncapped,26481.0,catchall_60_65,primary,2032
category,EB-5,principal_backlog_2040,Capped minus uncapped,75.0,catchall_60_65,primary,2032
joint,EB-1 / India,age21_events_2025_2040,Capped minus uncapped,1422.0,catchall_60_65,primary,2032
joint,EB-1 / China,age21_events_2025_2040,Capped minus uncapped,904.0,catchall_60_65,primary,2032
joint,EB-1 / ROW,age21_events_2025_2040,Capped minus uncapped,-591.0,catchall_60_65,primary,2032
joint,EB-2 / India,age21_events_2025_2040,Capped minus uncapped,75627.0,catchall_60_65,primary,2032
joint,EB-2 / China,age21_events_2025_2040,Capped minus uncapped,418.0,catchall_60_65,primary,2032
joint,EB-2 / ROW,age21_events_2025_2040,Capped minus uncapped,-34630.0,catchall_60_65,primary,2032
joint,EB-3 / India,age21_events_2025_2040,Capped minus uncapped,43678.0,catchall_60_65,primary,2032
joint,EB-3 / China,age21_events_2025_2040,Capped minus uncapped,2270.0,catchall_60_65,primary,2032
joint,EB-3 / ROW,age21_events_2025_2040,Capped minus uncapped,-22030.0,catchall_60_65,primary,2032
joint,EB-4 / India,age21_events_2025_2040,Capped minus uncapped,-673.0,catchall_60_65,primary,2032
joint,EB-4 / China,age21_events_2025_2040,Capped minus uncapped,-129.0,catchall_60_65,primary,2032
joint,EB-4 / ROW,age21_events_2025_2040,Capped minus uncapped,803.0,catchall_60_65,primary,2032
joint,EB-5 / India,age21_events_2025_2040,Capped minus uncapped,191.0,catchall_60_65,primary,2032
joint,EB-5 / China,age21_events_2025_2040,Capped minus uncapped,554.0,catchall_60_65,primary,2032
joint,EB-5 / ROW,age21_events_2025_2040,Capped minus uncapped,-232.0,catchall_60_65,primary,2032
overall,All,age21_events_2025_2040,Capped,267062.0,catchall_60_65,primary,2033
overall,All,age21_events_2025_2040,Uncapped,199679.0,catchall_60_65,primary,2033
overall,All,age21_events_2025_2040,Capped minus uncapped,67383.0,catchall_60_65,primary,2033
overall,All,principal_exits_2025_2040,Capped,1092054.0,catchall_60_65,primary,2033
overall,All,principal_exits_2025_2040,Uncapped,1072591.0,catchall_60_65,primary,2033
overall,All,principal_exits_2025_2040,Capped minus uncapped,19463.0,catchall_60_65,primary,2033
overall,All,principal_conversions_2025_2040,Capped,1262596.0,catchall_60_65,primary,2033
overall,All,principal_conversions_2025_2040,Uncapped,1266540.0,catchall_60_65,primary,2033
overall,All,principal_conversions_2025_2040,Capped minus uncapped,-3944.0,catchall_60_65,primary,2033
overall,All,principal_backlog_2040,Capped,2775403.0,catchall_60_65,primary,2033
overall,All,principal_backlog_2040,Uncapped,2790922.0,catchall_60_65,primary,2033
overall,All,principal_backlog_2040,Capped minus uncapped,-15519.0,catchall_60_65,primary,2033
nationality,India,age21_events_2025_2040,Capped,194414.0,catchall_60_65,primary,2033
nationality,India,age21_events_2025_2040,Uncapped,73526.0,catchall_60_65,primary,2033
nationality,India,age21_events_2025_2040,Capped minus uncapped,120888.0,catchall_60_65,primary,2033
nationality,India,principal_exits_2025_2040,Capped,333935.0,catchall_60_65,primary,2033
nationality,India,principal_exits_2025_2040,Uncapped,187147.0,catchall_60_65,primary,2033
nationality,India,principal_exits_2025_2040,Capped minus uncapped,146788.0,catchall_60_65,primary,2033
nationality,India,principal_backlog_2040,Capped,1079195.0,catchall_60_65,primary,2033
nationality,India,principal_backlog_2040,Uncapped,750692.0,catchall_60_65,primary,2033
nationality,India,principal_backlog_2040,Capped minus uncapped,328503.0,catchall_60_65,primary,2033
nationality,China,age21_events_2025_2040,Capped,18509.0,catchall_60_65,primary,2033
nationality,China,age21_events_2025_2040,Uncapped,14415.0,catchall_60_65,primary,2033
nationality,China,age21_events_2025_2040,Capped minus uncapped,4094.0,catchall_60_65,primary,2033
nationality,China,principal_exits_2025_2040,Capped,104853.0,catchall_60_65,primary,2033
nationality,China,principal_exits_2025_2040,Uncapped,96084.0,catchall_60_65,primary,2033
nationality,China,principal_exits_2025_2040,Capped minus uncapped,8769.0,catchall_60_65,primary,2033
nationality,China,principal_backlog_2040,Capped,341358.0,catchall_60_65,primary,2033
nationality,China,principal_backlog_2040,Uncapped,286650.0,catchall_60_65,primary,2033
nationality,China,principal_backlog_2040,Capped minus uncapped,54708.0,catchall_60_65,primary,2033
nationality,ROW,age21_events_2025_2040,Capped,54139.0,catchall_60_65,primary,2033
nationality,ROW,age21_events_2025_2040,Uncapped,111738.0,catchall_60_65,primary,2033
nationality,ROW,age21_events_2025_2040,Capped minus uncapped,-57599.0,catchall_60_65,primary,2033
nationality,ROW,principal_exits_2025_2040,Capped,653266.0,catchall_60_65,primary,2033
nationality,ROW,principal_exits_2025_2040,Uncapped,789360.0,catchall_60_65,primary,2033
nationality,ROW,principal_exits_2025_2040,Capped minus uncapped,-136094.0,catchall_60_65,primary,2033
nationality,ROW,principal_backlog_2040,Capped,1354850.0,catchall_60_65,primary,2033
nationality,ROW,principal_backlog_2040,Uncapped,1753580.0,catchall_60_65,primary,2033
nationality,ROW,principal_backlog_2040,Capped minus uncapped,-398730.0,catchall_60_65,primary,2033
category,EB-1,age21_events_2025_2040,Capped,2495.0,catchall_60_65,primary,2033
category,EB-1,age21_events_2025_2040,Uncapped,741.0,catchall_60_65,primary,2033
category,EB-1,age21_events_2025_2040,Capped minus uncapped,1754.0,catchall_60_65,primary,2033
category,EB-1,principal_exits_2025_2040,Capped,15964.0,catchall_60_65,primary,2033
category,EB-1,principal_exits_2025_2040,Uncapped,16479.0,catchall_60_65,primary,2033
category,EB-1,principal_exits_2025_2040,Capped minus uncapped,-515.0,catchall_60_65,primary,2033
category,EB-1,principal_backlog_2040,Capped,129179.0,catchall_60_65,primary,2033
category,EB-1,principal_backlog_2040,Uncapped,125531.0,catchall_60_65,primary,2033
category,EB-1,principal_backlog_2040,Capped minus uncapped,3648.0,catchall_60_65,primary,2033
category,EB-2,age21_events_2025_2040,Capped,150133.0,catchall_60_65,primary,2033
category,EB-2,age21_events_2025_2040,Uncapped,108798.0,catchall_60_65,primary,2033
category,EB-2,age21_events_2025_2040,Capped minus uncapped,41335.0,catchall_60_65,primary,2033
category,EB-2,principal_exits_2025_2040,Capped,308916.0,catchall_60_65,primary,2033
category,EB-2,principal_exits_2025_2040,Uncapped,283318.0,catchall_60_65,primary,2033
category,EB-2,principal_exits_2025_2040,Capped minus uncapped,25598.0,catchall_60_65,primary,2033
category,EB-2,principal_backlog_2040,Capped,1042564.0,catchall_60_65,primary,2033
category,EB-2,principal_backlog_2040,Uncapped,1059412.0,catchall_60_65,primary,2033
category,EB-2,principal_backlog_2040,Capped minus uncapped,-16848.0,catchall_60_65,primary,2033
category,EB-3,age21_events_2025_2040,Capped,63978.0,catchall_60_65,primary,2033
category,EB-3,age21_events_2025_2040,Uncapped,40013.0,catchall_60_65,primary,2033
category,EB-3,age21_events_2025_2040,Capped minus uncapped,23965.0,catchall_60_65,primary,2033
category,EB-3,principal_exits_2025_2040,Capped,244581.0,catchall_60_65,primary,2033
category,EB-3,principal_exits_2025_2040,Uncapped,249929.0,catchall_60_65,primary,2033
category,EB-3,principal_exits_2025_2040,Capped minus uncapped,-5348.0,catchall_60_65,primary,2033
category,EB-3,principal_backlog_2040,Capped,553127.0,catchall_60_65,primary,2033
category,EB-3,principal_backlog_2040,Uncapped,558409.0,catchall_60_65,primary,2033
category,EB-3,principal_backlog_2040,Capped minus uncapped,-5282.0,catchall_60_65,primary,2033
category,EB-4,age21_events_2025_2040,Capped,49345.0,catchall_60_65,primary,2033
category,EB-4,age21_events_2025_2040,Uncapped,49517.0,catchall_60_65,primary,2033
category,EB-4,age21_events_2025_2040,Capped minus uncapped,-172.0,catchall_60_65,primary,2033
category,EB-4,principal_exits_2025_2040,Capped,518767.0,catchall_60_65,primary,2033
category,EB-4,principal_exits_2025_2040,Uncapped,519534.0,catchall_60_65,primary,2033
category,EB-4,principal_exits_2025_2040,Capped minus uncapped,-767.0,catchall_60_65,primary,2033
category,EB-4,principal_backlog_2040,Capped,1023987.0,catchall_60_65,primary,2033
category,EB-4,principal_backlog_2040,Uncapped,1020942.0,catchall_60_65,primary,2033
category,EB-4,principal_backlog_2040,Capped minus uncapped,3045.0,catchall_60_65,primary,2033
category,EB-5,age21_events_2025_2040,Capped,1111.0,catchall_60_65,primary,2033
category,EB-5,age21_events_2025_2040,Uncapped,610.0,catchall_60_65,primary,2033
category,EB-5,age21_events_2025_2040,Capped minus uncapped,501.0,catchall_60_65,primary,2033
category,EB-5,principal_exits_2025_2040,Capped,3826.0,catchall_60_65,primary,2033
category,EB-5,principal_exits_2025_2040,Uncapped,3331.0,catchall_60_65,primary,2033
category,EB-5,principal_exits_2025_2040,Capped minus uncapped,495.0,catchall_60_65,primary,2033
category,EB-5,principal_backlog_2040,Capped,26546.0,catchall_60_65,primary,2033
category,EB-5,principal_backlog_2040,Uncapped,26628.0,catchall_60_65,primary,2033
category,EB-5,principal_backlog_2040,Capped minus uncapped,-82.0,catchall_60_65,primary,2033
joint,EB-1 / India,age21_events_2025_2040,Capped minus uncapped,1463.0,catchall_60_65,primary,2033
joint,EB-1 / China,age21_events_2025_2040,Capped minus uncapped,868.0,catchall_60_65,primary,2033
joint,EB-1 / ROW,age21_events_2025_2040,Capped minus uncapped,-577.0,catchall_60_65,primary,2033
joint,EB-2 / India,age21_events_2025_2040,Capped minus uncapped,75917.0,catchall_60_65,primary,2033
joint,EB-2 / China,age21_events_2025_2040,Capped minus uncapped,470.0,catchall_60_65,primary,2033
joint,EB-2 / ROW,age21_events_2025_2040,Capped minus uncapped,-35052.0,catchall_60_65,primary,2033
joint,EB-3 / India,age21_events_2025_2040,Capped minus uncapped,44089.0,catchall_60_65,primary,2033
joint,EB-3 / China,age21_events_2025_2040,Capped minus uncapped,2292.0,catchall_60_65,primary,2033
joint,EB-3 / ROW,age21_events_2025_2040,Capped minus uncapped,-22416.0,catchall_60_65,primary,2033
joint,EB-4 / India,age21_events_2025_2040,Capped minus uncapped,-757.0,catchall_60_65,primary,2033
joint,EB-4 / China,age21_events_2025_2040,Capped minus uncapped,-124.0,catchall_60_65,primary,2033
joint,EB-4 / ROW,age21_events_2025_2040,Capped minus uncapped,709.0,catchall_60_65,primary,2033
joint,EB-5 / India,age21_events_2025_2040,Capped minus uncapped,176.0,catchall_60_65,primary,2033
joint,EB-5 / China,age21_events_2025_2040,Capped minus uncapped,588.0,catchall_60_65,primary,2033
joint,EB-5 / ROW,age21_events_2025_2040,Capped minus uncapped,-263.0,catchall_60_65,primary,2033
overall,All,age21_events_2025_2040,Capped,267239.0,catchall_60_65,primary,2034
overall,All,age21_events_2025_2040,Uncapped,200883.0,catchall_60_65,primary,2034
overall,All,age21_events_2025_2040,Capped minus uncapped,66356.0,catchall_60_65,primary,2034
overall,All,principal_exits_2025_2040,Capped,1092923.0,catchall_60_65,primary,2034
overall,All,principal_exits_2025_2040,Uncapped,1071692.0,catchall_60_65,primary,2034
overall,All,principal_exits_2025_2040,Capped minus uncapped,21231.0,catchall_60_65,primary,2034
overall,All,principal_conversions_2025_2040,Capped,1262754.0,catchall_60_65,primary,2034
overall,All,principal_conversions_2025_2040,Uncapped,1266799.0,catchall_60_65,primary,2034
overall,All,principal_conversions_2025_2040,Capped minus uncapped,-4045.0,catchall_60_65,primary,2034
overall,All,principal_backlog_2040,Capped,2775907.0,catchall_60_65,primary,2034
overall,All,principal_backlog_2040,Uncapped,2793093.0,catchall_60_65,primary,2034
overall,All,principal_backlog_2040,Capped minus uncapped,-17186.0,catchall_60_65,primary,2034
nationality,India,age21_events_2025_2040,Capped,193714.0,catchall_60_65,primary,2034
nationality,India,age21_events_2025_2040,Uncapped,73785.0,catchall_60_65,primary,2034
nationality,India,age21_events_2025_2040,Capped minus uncapped,119929.0,catchall_60_65,primary,2034
nationality,India,principal_exits_2025_2040,Capped,334946.0,catchall_60_65,primary,2034
nationality,India,principal_exits_2025_2040,Uncapped,186621.0,catchall_60_65,primary,2034
nationality,India,principal_exits_2025_2040,Capped minus uncapped,148325.0,catchall_60_65,primary,2034
nationality,India,principal_backlog_2040,Capped,1077564.0,catchall_60_65,primary,2034
nationality,India,principal_backlog_2040,Uncapped,749870.0,catchall_60_65,primary,2034
nationality,India,principal_backlog_2040,Capped minus uncapped,327694.0,catchall_60_65,primary,2034
nationality,China,age21_events_2025_2040,Capped,18924.0,catchall_60_65,primary,2034
nationality,China,age21_events_2025_2040,Uncapped,14848.0,catchall_60_65,primary,2034
nationality,China,age21_events_2025_2040,Capped minus uncapped,4076.0,catchall_60_65,primary,2034
nationality,China,principal_exits_2025_2040,Capped,104190.0,catchall_60_65,primary,2034
nationality,China,principal_exits_2025_2040,Uncapped,94991.0,catchall_60_65,primary,2034
nationality,China,principal_exits_2025_2040,Capped minus uncapped,9199.0,catchall_60_65,primary,2034
nationality,China,principal_backlog_2040,Capped,341744.0,catchall_60_65,primary,2034
nationality,China,principal_backlog_2040,Uncapped,287538.0,catchall_60_65,primary,2034
nationality,China,principal_backlog_2040,Capped minus uncapped,54206.0,catchall_60_65,primary,2034
nationality,ROW,age21_events_2025_2040,Capped,54601.0,catchall_60_65,primary,2034
nationality,ROW,age21_events_2025_2040,Uncapped,112250.0,catchall_60_65,primary,2034
nationality,ROW,age21_events_2025_2040,Capped minus uncapped,-57649.0,catchall_60_65,primary,2034
nationality,ROW,principal_exits_2025_2040,Capped,653787.0,catchall_60_65,primary,2034
nationality,ROW,principal_exits_2025_2040,Uncapped,790080.0,catchall_60_65,primary,2034
nationality,ROW,principal_exits_2025_2040,Capped minus uncapped,-136293.0,catchall_60_65,primary,2034
nationality,ROW,principal_backlog_2040,Capped,1356599.0,catchall_60_65,primary,2034
nationality,ROW,principal_backlog_2040,Uncapped,1755685.0,catchall_60_65,primary,2034
nationality,ROW,principal_backlog_2040,Capped minus uncapped,-399086.0,catchall_60_65,primary,2034
category,EB-1,age21_events_2025_2040,Capped,2489.0,catchall_60_65,primary,2034
category,EB-1,age21_events_2025_2040,Uncapped,766.0,catchall_60_65,primary,2034
category,EB-1,age21_events_2025_2040,Capped minus uncapped,1723.0,catchall_60_65,primary,2034
category,EB-1,principal_exits_2025_2040,Capped,15905.0,catchall_60_65,primary,2034
category,EB-1,principal_exits_2025_2040,Uncapped,16665.0,catchall_60_65,primary,2034
category,EB-1,principal_exits_2025_2040,Capped minus uncapped,-760.0,catchall_60_65,primary,2034
category,EB-1,principal_backlog_2040,Capped,129544.0,catchall_60_65,primary,2034
category,EB-1,principal_backlog_2040,Uncapped,125377.0,catchall_60_65,primary,2034
category,EB-1,principal_backlog_2040,Capped minus uncapped,4167.0,catchall_60_65,primary,2034
category,EB-2,age21_events_2025_2040,Capped,149887.0,catchall_60_65,primary,2034
category,EB-2,age21_events_2025_2040,Uncapped,108777.0,catchall_60_65,primary,2034
category,EB-2,age21_events_2025_2040,Capped minus uncapped,41110.0,catchall_60_65,primary,2034
category,EB-2,principal_exits_2025_2040,Capped,308558.0,catchall_60_65,primary,2034
category,EB-2,principal_exits_2025_2040,Uncapped,281862.0,catchall_60_65,primary,2034
category,EB-2,principal_exits_2025_2040,Capped minus uncapped,26696.0,catchall_60_65,primary,2034
category,EB-2,principal_backlog_2040,Capped,1042727.0,catchall_60_65,primary,2034
category,EB-2,principal_backlog_2040,Uncapped,1060914.0,catchall_60_65,primary,2034
category,EB-2,principal_backlog_2040,Capped minus uncapped,-18187.0,catchall_60_65,primary,2034
category,EB-3,age21_events_2025_2040,Capped,64056.0,catchall_60_65,primary,2034
category,EB-3,age21_events_2025_2040,Uncapped,40598.0,catchall_60_65,primary,2034
category,EB-3,age21_events_2025_2040,Capped minus uncapped,23458.0,catchall_60_65,primary,2034
category,EB-3,principal_exits_2025_2040,Capped,245007.0,catchall_60_65,primary,2034
category,EB-3,principal_exits_2025_2040,Uncapped,249336.0,catchall_60_65,primary,2034
category,EB-3,principal_exits_2025_2040,Capped minus uncapped,-4329.0,catchall_60_65,primary,2034
category,EB-3,principal_backlog_2040,Capped,553198.0,catchall_60_65,primary,2034
category,EB-3,principal_backlog_2040,Uncapped,559324.0,catchall_60_65,primary,2034
category,EB-3,principal_backlog_2040,Capped minus uncapped,-6126.0,catchall_60_65,primary,2034
category,EB-4,age21_events_2025_2040,Capped,49689.0,catchall_60_65,primary,2034
category,EB-4,age21_events_2025_2040,Uncapped,50186.0,catchall_60_65,primary,2034
category,EB-4,age21_events_2025_2040,Capped minus uncapped,-497.0,catchall_60_65,primary,2034
category,EB-4,principal_exits_2025_2040,Capped,519736.0,catchall_60_65,primary,2034
category,EB-4,principal_exits_2025_2040,Uncapped,520526.0,catchall_60_65,primary,2034
category,EB-4,principal_exits_2025_2040,Capped minus uncapped,-790.0,catchall_60_65,primary,2034
category,EB-4,principal_backlog_2040,Capped,1024043.0,catchall_60_65,primary,2034
category,EB-4,principal_backlog_2040,Uncapped,1021023.0,catchall_60_65,primary,2034
category,EB-4,principal_backlog_2040,Capped minus uncapped,3020.0,catchall_60_65,primary,2034
category,EB-5,age21_events_2025_2040,Capped,1118.0,catchall_60_65,primary,2034
category,EB-5,age21_events_2025_2040,Uncapped,556.0,catchall_60_65,primary,2034
category,EB-5,age21_events_2025_2040,Capped minus uncapped,562.0,catchall_60_65,primary,2034
category,EB-5,principal_exits_2025_2040,Capped,3717.0,catchall_60_65,primary,2034
category,EB-5,principal_exits_2025_2040,Uncapped,3303.0,catchall_60_65,primary,2034
category,EB-5,principal_exits_2025_2040,Capped minus uncapped,414.0,catchall_60_65,primary,2034
category,EB-5,principal_backlog_2040,Capped,26395.0,catchall_60_65,primary,2034
category,EB-5,principal_backlog_2040,Uncapped,26455.0,catchall_60_65,primary,2034
category,EB-5,principal_backlog_2040,Capped minus uncapped,-60.0,catchall_60_65,primary,2034
joint,EB-1 / India,age21_events_2025_2040,Capped minus uncapped,1415.0,catchall_60_65,primary,2034
joint,EB-1 / China,age21_events_2025_2040,Capped minus uncapped,906.0,catchall_60_65,primary,2034
joint,EB-1 / ROW,age21_events_2025_2040,Capped minus uncapped,-598.0,catchall_60_65,primary,2034
joint,EB-2 / India,age21_events_2025_2040,Capped minus uncapped,75122.0,catchall_60_65,primary,2034
joint,EB-2 / China,age21_events_2025_2040,Capped minus uncapped,483.0,catchall_60_65,primary,2034
joint,EB-2 / ROW,age21_events_2025_2040,Capped minus uncapped,-34495.0,catchall_60_65,primary,2034
joint,EB-3 / India,age21_events_2025_2040,Capped minus uncapped,44037.0,catchall_60_65,primary,2034
joint,EB-3 / China,age21_events_2025_2040,Capped minus uncapped,2227.0,catchall_60_65,primary,2034
joint,EB-3 / ROW,age21_events_2025_2040,Capped minus uncapped,-22806.0,catchall_60_65,primary,2034
joint,EB-4 / India,age21_events_2025_2040,Capped minus uncapped,-830.0,catchall_60_65,primary,2034
joint,EB-4 / China,age21_events_2025_2040,Capped minus uncapped,-151.0,catchall_60_65,primary,2034
joint,EB-4 / ROW,age21_events_2025_2040,Capped minus uncapped,484.0,catchall_60_65,primary,2034
joint,EB-5 / India,age21_events_2025_2040,Capped minus uncapped,185.0,catchall_60_65,primary,2034
joint,EB-5 / China,age21_events_2025_2040,Capped minus uncapped,611.0,catchall_60_65,primary,2034
joint,EB-5 / ROW,age21_events_2025_2040,Capped minus uncapped,-234.0,catchall_60_65,primary,2034
overall,All,age21_events_2025_2040,Capped,267246.0,catchall_60_65,primary,2035
overall,All,age21_events_2025_2040,Uncapped,199748.0,catchall_60_65,primary,2035
overall,All,age21_events_2025_2040,Capped minus uncapped,67498.0,catchall_60_65,primary,2035
overall,All,principal_exits_2025_2040,Capped,1091820.0,catchall_60_65,primary,2035
overall,All,principal_exits_2025_2040,Uncapped,1070076.0,catchall_60_65,primary,2035
overall,All,principal_exits_2025_2040,Capped minus uncapped,21744.0,catchall_60_65,primary,2035
overall,All,principal_conversions_2025_2040,Capped,1263768.0,catchall_60_65,primary,2035
overall,All,principal_conversions_2025_2040,Uncapped,1266979.0,catchall_60_65,primary,2035
overall,All,principal_conversions_2025_2040,Capped minus uncapped,-3211.0,catchall_60_65,primary,2035
overall,All,principal_backlog_2040,Capped,2774709.0,catchall_60_65,primary,2035
overall,All,principal_backlog_2040,Uncapped,2793242.0,catchall_60_65,primary,2035
overall,All,principal_backlog_2040,Capped minus uncapped,-18533.0,catchall_60_65,primary,2035
nationality,India,age21_events_2025_2040,Capped,194037.0,catchall_60_65,primary,2035
nationality,India,age21_events_2025_2040,Uncapped,73743.0,catchall_60_65,primary,2035
nationality,India,age21_events_2025_2040,Capped minus uncapped,120294.0,catchall_60_65,primary,2035
nationality,India,principal_exits_2025_2040,Capped,334713.0,catchall_60_65,primary,2035
nationality,India,principal_exits_2025_2040,Uncapped,187072.0,catchall_60_65,primary,2035
nationality,India,principal_exits_2025_2040,Capped minus uncapped,147641.0,catchall_60_65,primary,2035
nationality,India,principal_backlog_2040,Capped,1078726.0,catchall_60_65,primary,2035
nationality,India,principal_backlog_2040,Uncapped,751203.0,catchall_60_65,primary,2035
nationality,India,principal_backlog_2040,Capped minus uncapped,327523.0,catchall_60_65,primary,2035
nationality,China,age21_events_2025_2040,Capped,18671.0,catchall_60_65,primary,2035
nationality,China,age21_events_2025_2040,Uncapped,14640.0,catchall_60_65,primary,2035
nationality,China,age21_events_2025_2040,Capped minus uncapped,4031.0,catchall_60_65,primary,2035
nationality,China,principal_exits_2025_2040,Capped,104290.0,catchall_60_65,primary,2035
nationality,China,principal_exits_2025_2040,Uncapped,95319.0,catchall_60_65,primary,2035
nationality,China,principal_exits_2025_2040,Capped minus uncapped,8971.0,catchall_60_65,primary,2035
nationality,China,principal_backlog_2040,Capped,341321.0,catchall_60_65,primary,2035
nationality,China,principal_backlog_2040,Uncapped,286442.0,catchall_60_65,primary,2035
nationality,China,principal_backlog_2040,Capped minus uncapped,54879.0,catchall_60_65,primary,2035
nationality,ROW,age21_events_2025_2040,Capped,54538.0,catchall_60_65,primary,2035
nationality,ROW,age21_events_2025_2040,Uncapped,111365.0,catchall_60_65,primary,2035
nationality,ROW,age21_events_2025_2040,Capped minus uncapped,-56827.0,catchall_60_65,primary,2035
nationality,ROW,principal_exits_2025_2040,Capped,652817.0,catchall_60_65,primary,2035
nationality,ROW,principal_exits_2025_2040,Uncapped,787685.0,catchall_60_65,primary,2035
nationality,ROW,principal_exits_2025_2040,Capped minus uncapped,-134868.0,catchall_60_65,primary,2035
nationality,ROW,principal_backlog_2040,Capped,1354662.0,catchall_60_65,primary,2035
nationality,ROW,principal_backlog_2040,Uncapped,1755597.0,catchall_60_65,primary,2035
nationality,ROW,principal_backlog_2040,Capped minus uncapped,-400935.0,catchall_60_65,primary,2035
category,EB-1,age21_events_2025_2040,Capped,2570.0,catchall_60_65,primary,2035
category,EB-1,age21_events_2025_2040,Uncapped,791.0,catchall_60_65,primary,2035
category,EB-1,age21_events_2025_2040,Capped minus uncapped,1779.0,catchall_60_65,primary,2035
category,EB-1,principal_exits_2025_2040,Capped,15599.0,catchall_60_65,primary,2035
category,EB-1,principal_exits_2025_2040,Uncapped,16487.0,catchall_60_65,primary,2035
category,EB-1,principal_exits_2025_2040,Capped minus uncapped,-888.0,catchall_60_65,primary,2035
category,EB-1,principal_backlog_2040,Capped,129286.0,catchall_60_65,primary,2035
category,EB-1,principal_backlog_2040,Uncapped,125115.0,catchall_60_65,primary,2035
category,EB-1,principal_backlog_2040,Capped minus uncapped,4171.0,catchall_60_65,primary,2035
category,EB-2,age21_events_2025_2040,Capped,149873.0,catchall_60_65,primary,2035
category,EB-2,age21_events_2025_2040,Uncapped,108295.0,catchall_60_65,primary,2035
category,EB-2,age21_events_2025_2040,Capped minus uncapped,41578.0,catchall_60_65,primary,2035
category,EB-2,principal_exits_2025_2040,Capped,309817.0,catchall_60_65,primary,2035
category,EB-2,principal_exits_2025_2040,Uncapped,282443.0,catchall_60_65,primary,2035
category,EB-2,principal_exits_2025_2040,Capped minus uncapped,27374.0,catchall_60_65,primary,2035
category,EB-2,principal_backlog_2040,Capped,1041552.0,catchall_60_65,primary,2035
category,EB-2,principal_backlog_2040,Uncapped,1060389.0,catchall_60_65,primary,2035
category,EB-2,principal_backlog_2040,Capped minus uncapped,-18837.0,catchall_60_65,primary,2035
category,EB-3,age21_events_2025_2040,Capped,63630.0,catchall_60_65,primary,2035
category,EB-3,age21_events_2025_2040,Uncapped,39941.0,catchall_60_65,primary,2035
category,EB-3,age21_events_2025_2040,Capped minus uncapped,23689.0,catchall_60_65,primary,2035
category,EB-3,principal_exits_2025_2040,Capped,243669.0,catchall_60_65,primary,2035
category,EB-3,principal_exits_2025_2040,Uncapped,249194.0,catchall_60_65,primary,2035
category,EB-3,principal_exits_2025_2040,Capped minus uncapped,-5525.0,catchall_60_65,primary,2035
category,EB-3,principal_backlog_2040,Capped,552406.0,catchall_60_65,primary,2035
category,EB-3,principal_backlog_2040,Uncapped,558436.0,catchall_60_65,primary,2035
category,EB-3,principal_backlog_2040,Capped minus uncapped,-6030.0,catchall_60_65,primary,2035
category,EB-4,age21_events_2025_2040,Capped,50033.0,catchall_60_65,primary,2035
category,EB-4,age21_events_2025_2040,Uncapped,50112.0,catchall_60_65,primary,2035
category,EB-4,age21_events_2025_2040,Capped minus uncapped,-79.0,catchall_60_65,primary,2035
category,EB-4,principal_exits_2025_2040,Capped,518905.0,catchall_60_65,primary,2035
category,EB-4,principal_exits_2025_2040,Uncapped,518589.0,catchall_60_65,primary,2035
category,EB-4,principal_exits_2025_2040,Capped minus uncapped,316.0,catchall_60_65,primary,2035
category,EB-4,principal_backlog_2040,Capped,1024725.0,catchall_60_65,primary,2035
category,EB-4,principal_backlog_2040,Uncapped,1022593.0,catchall_60_65,primary,2035
category,EB-4,principal_backlog_2040,Capped minus uncapped,2132.0,catchall_60_65,primary,2035
category,EB-5,age21_events_2025_2040,Capped,1140.0,catchall_60_65,primary,2035
category,EB-5,age21_events_2025_2040,Uncapped,609.0,catchall_60_65,primary,2035
category,EB-5,age21_events_2025_2040,Capped minus uncapped,531.0,catchall_60_65,primary,2035
category,EB-5,principal_exits_2025_2040,Capped,3830.0,catchall_60_65,primary,2035
category,EB-5,principal_exits_2025_2040,Uncapped,3363.0,catchall_60_65,primary,2035
category,EB-5,principal_exits_2025_2040,Capped minus uncapped,467.0,catchall_60_65,primary,2035
category,EB-5,principal_backlog_2040,Capped,26740.0,catchall_60_65,primary,2035
category,EB-5,principal_backlog_2040,Uncapped,26709.0,catchall_60_65,primary,2035
category,EB-5,principal_backlog_2040,Capped minus uncapped,31.0,catchall_60_65,primary,2035
joint,EB-1 / India,age21_events_2025_2040,Capped minus uncapped,1498.0,catchall_60_65,primary,2035
joint,EB-1 / China,age21_events_2025_2040,Capped minus uncapped,902.0,catchall_60_65,primary,2035
joint,EB-1 / ROW,age21_events_2025_2040,Capped minus uncapped,-621.0,catchall_60_65,primary,2035
joint,EB-2 / India,age21_events_2025_2040,Capped minus uncapped,75379.0,catchall_60_65,primary,2035
joint,EB-2 / China,age21_events_2025_2040,Capped minus uncapped,428.0,catchall_60_65,primary,2035
joint,EB-2 / ROW,age21_events_2025_2040,Capped minus uncapped,-34229.0,catchall_60_65,primary,2035
joint,EB-3 / India,age21_events_2025_2040,Capped minus uncapped,43996.0,catchall_60_65,primary,2035
joint,EB-3 / China,age21_events_2025_2040,Capped minus uncapped,2246.0,catchall_60_65,primary,2035
joint,EB-3 / ROW,age21_events_2025_2040,Capped minus uncapped,-22553.0,catchall_60_65,primary,2035
joint,EB-4 / India,age21_events_2025_2040,Capped minus uncapped,-754.0,catchall_60_65,primary,2035
joint,EB-4 / China,age21_events_2025_2040,Capped minus uncapped,-146.0,catchall_60_65,primary,2035
joint,EB-4 / ROW,age21_events_2025_2040,Capped minus uncapped,821.0,catchall_60_65,primary,2035
joint,EB-5 / India,age21_events_2025_2040,Capped minus uncapped,175.0,catchall_60_65,primary,2035
joint,EB-5 / China,age21_events_2025_2040,Capped minus uncapped,601.0,catchall_60_65,primary,2035
joint,EB-5 / ROW,age21_events_2025_2040,Capped minus uncapped,-245.0,catchall_60_65,primary,2035
overall,All,age21_events_2025_2040,Capped,266209.0,catchall_60_65,primary,2036
overall,All,age21_events_2025_2040,Uncapped,199808.0,catchall_60_65,primary,2036
overall,All,age21_events_2025_2040,Capped minus uncapped,66401.0,catchall_60_65,primary,2036
overall,All,principal_exits_2025_2040,Capped,1092779.0,catchall_60_65,primary,2036
overall,All,principal_exits_2025_2040,Uncapped,1071606.0,catchall_60_65,primary,2036
overall,All,principal_exits_2025_2040,Capped minus uncapped,21173.0,catchall_60_65,primary,2036
overall,All,principal_conversions_2025_2040,Capped,1262884.0,catchall_60_65,primary,2036
overall,All,principal_conversions_2025_2040,Uncapped,1267300.0,catchall_60_65,primary,2036
overall,All,principal_conversions_2025_2040,Capped minus uncapped,-4416.0,catchall_60_65,primary,2036
overall,All,principal_backlog_2040,Capped,2774991.0,catchall_60_65,primary,2036
overall,All,principal_backlog_2040,Uncapped,2791748.0,catchall_60_65,primary,2036
overall,All,principal_backlog_2040,Capped minus uncapped,-16757.0,catchall_60_65,primary,2036
nationality,India,age21_events_2025_2040,Capped,193011.0,catchall_60_65,primary,2036
nationality,India,age21_events_2025_2040,Uncapped,73237.0,catchall_60_65,primary,2036
nationality,India,age21_events_2025_2040,Capped minus uncapped,119774.0,catchall_60_65,primary,2036
nationality,India,principal_exits_2025_2040,Capped,335520.0,catchall_60_65,primary,2036
nationality,India,principal_exits_2025_2040,Uncapped,187467.0,catchall_60_65,primary,2036
nationality,India,principal_exits_2025_2040,Capped minus uncapped,148053.0,catchall_60_65,primary,2036
nationality,India,principal_backlog_2040,Capped,1078747.0,catchall_60_65,primary,2036
nationality,India,principal_backlog_2040,Uncapped,750287.0,catchall_60_65,primary,2036
nationality,India,principal_backlog_2040,Capped minus uncapped,328460.0,catchall_60_65,primary,2036
nationality,China,age21_events_2025_2040,Capped,18746.0,catchall_60_65,primary,2036
nationality,China,age21_events_2025_2040,Uncapped,14647.0,catchall_60_65,primary,2036
nationality,China,age21_events_2025_2040,Capped minus uncapped,4099.0,catchall_60_65,primary,2036
nationality,China,principal_exits_2025_2040,Capped,104108.0,catchall_60_65,primary,2036
nationality,China,principal_exits_2025_2040,Uncapped,95191.0,catchall_60_65,primary,2036
nationality,China,principal_exits_2025_2040,Capped minus uncapped,8917.0,catchall_60_65,primary,2036
nationality,China,principal_backlog_2040,Capped,341385.0,catchall_60_65,primary,2036
nationality,China,principal_backlog_2040,Uncapped,286134.0,catchall_60_65,primary,2036
nationality,China,principal_backlog_2040,Capped minus uncapped,55251.0,catchall_60_65,primary,2036
nationality,ROW,age21_events_2025_2040,Capped,54452.0,catchall_60_65,primary,2036
nationality,ROW,age21_events_2025_2040,Uncapped,111924.0,catchall_60_65,primary,2036
nationality,ROW,age21_events_2025_2040,Capped minus uncapped,-57472.0,catchall_60_65,primary,2036
nationality,ROW,principal_exits_2025_2040,Capped,653151.0,catchall_60_65,primary,2036
nationality,ROW,principal_exits_2025_2040,Uncapped,788948.0,catchall_60_65,primary,2036
nationality,ROW,principal_exits_2025_2040,Capped minus uncapped,-135797.0,catchall_60_65,primary,2036
nationality,ROW,principal_backlog_2040,Capped,1354859.0,catchall_60_65,primary,2036
nationality,ROW,principal_backlog_2040,Uncapped,1755327.0,catchall_60_65,primary,2036
nationality,ROW,principal_backlog_2040,Capped minus uncapped,-400468.0,catchall_60_65,primary,2036
category,EB-1,age21_events_2025_2040,Capped,2578.0,catchall_60_65,primary,2036
category,EB-1,age21_events_2025_2040,Uncapped,803.0,catchall_60_65,primary,2036
category,EB-1,age21_events_2025_2040,Capped minus uncapped,1775.0,catchall_60_65,primary,2036
category,EB-1,principal_exits_2025_2040,Capped,15794.0,catchall_60_65,primary,2036
category,EB-1,principal_exits_2025_2040,Uncapped,16556.0,catchall_60_65,primary,2036
category,EB-1,principal_exits_2025_2040,Capped minus uncapped,-762.0,catchall_60_65,primary,2036
category,EB-1,principal_backlog_2040,Capped,129557.0,catchall_60_65,primary,2036
category,EB-1,principal_backlog_2040,Uncapped,125575.0,catchall_60_65,primary,2036
category,EB-1,principal_backlog_2040,Capped minus uncapped,3982.0,catchall_60_65,primary,2036
category,EB-2,age21_events_2025_2040,Capped,149504.0,catchall_60_65,primary,2036
category,EB-2,age21_events_2025_2040,Uncapped,108005.0,catchall_60_65,primary,2036
category,EB-2,age21_events_2025_2040,Capped minus uncapped,41499.0,catchall_60_65,primary,2036
category,EB-2,principal_exits_2025_2040,Capped,309135.0,catchall_60_65,primary,2036
category,EB-2,principal_exits_2025_2040,Uncapped,282836.0,catchall_60_65,primary,2036
category,EB-2,principal_exits_2025_2040,Capped minus uncapped,26299.0,catchall_60_65,primary,2036
category,EB-2,principal_backlog_2040,Capped,1042051.0,catchall_60_65,primary,2036
category,EB-2,principal_backlog_2040,Uncapped,1059279.0,catchall_60_65,primary,2036
category,EB-2,principal_backlog_2040,Capped minus uncapped,-17228.0,catchall_60_65,primary,2036
category,EB-3,age21_events_2025_2040,Capped,63413.0,catchall_60_65,primary,2036
category,EB-3,age21_events_2025_2040,Uncapped,40315.0,catchall_60_65,primary,2036
category,EB-3,age21_events_2025_2040,Capped minus uncapped,23098.0,catchall_60_65,primary,2036
category,EB-3,principal_exits_2025_2040,Capped,245057.0,catchall_60_65,primary,2036
category,EB-3,principal_exits_2025_2040,Uncapped,249973.0,catchall_60_65,primary,2036
category,EB-3,principal_exits_2025_2040,Capped minus uncapped,-4916.0,catchall_60_65,primary,2036
category,EB-3,principal_backlog_2040,Capped,552748.0,catchall_60_65,primary,2036
category,EB-3,principal_backlog_2040,Uncapped,558532.0,catchall_60_65,primary,2036
category,EB-3,principal_backlog_2040,Capped minus uncapped,-5784.0,catchall_60_65,primary,2036
category,EB-4,age21_events_2025_2040,Capped,49578.0,catchall_60_65,primary,2036
category,EB-4,age21_events_2025_2040,Uncapped,50130.0,catchall_60_65,primary,2036
category,EB-4,age21_events_2025_2040,Capped minus uncapped,-552.0,catchall_60_65,primary,2036
category,EB-4,principal_exits_2025_2040,Capped,518936.0,catchall_60_65,primary,2036
category,EB-4,principal_exits_2025_2040,Uncapped,518823.0,catchall_60_65,primary,2036
category,EB-4,principal_exits_2025_2040,Capped minus uncapped,113.0,catchall_60_65,primary,2036
category,EB-4,principal_backlog_2040,Capped,1023895.0,catchall_60_65,primary,2036
category,EB-4,principal_backlog_2040,Uncapped,1021720.0,catchall_60_65,primary,2036
category,EB-4,principal_backlog_2040,Capped minus uncapped,2175.0,catchall_60_65,primary,2036
category,EB-5,age21_events_2025_2040,Capped,1136.0,catchall_60_65,primary,2036
category,EB-5,age21_events_2025_2040,Uncapped,555.0,catchall_60_65,primary,2036
category,EB-5,age21_events_2025_2040,Capped minus uncapped,581.0,catchall_60_65,primary,2036
category,EB-5,principal_exits_2025_2040,Capped,3857.0,catchall_60_65,primary,2036
category,EB-5,principal_exits_2025_2040,Uncapped,3418.0,catchall_60_65,primary,2036
category,EB-5,principal_exits_2025_2040,Capped minus uncapped,439.0,catchall_60_65,primary,2036
category,EB-5,principal_backlog_2040,Capped,26740.0,catchall_60_65,primary,2036
category,EB-5,principal_backlog_2040,Uncapped,26642.0,catchall_60_65,primary,2036
category,EB-5,principal_backlog_2040,Capped minus uncapped,98.0,catchall_60_65,primary,2036
joint,EB-1 / India,age21_events_2025_2040,Capped minus uncapped,1447.0,catchall_60_65,primary,2036
joint,EB-1 / China,age21_events_2025_2040,Capped minus uncapped,927.0,catchall_60_65,primary,2036
joint,EB-1 / ROW,age21_events_2025_2040,Capped minus uncapped,-599.0,catchall_60_65,primary,2036
joint,EB-2 / India,age21_events_2025_2040,Capped minus uncapped,75486.0,catchall_60_65,primary,2036
joint,EB-2 / China,age21_events_2025_2040,Capped minus uncapped,503.0,catchall_60_65,primary,2036
joint,EB-2 / ROW,age21_events_2025_2040,Capped minus uncapped,-34490.0,catchall_60_65,primary,2036
joint,EB-3 / India,age21_events_2025_2040,Capped minus uncapped,43515.0,catchall_60_65,primary,2036
joint,EB-3 / China,age21_events_2025_2040,Capped minus uncapped,2163.0,catchall_60_65,primary,2036
joint,EB-3 / ROW,age21_events_2025_2040,Capped minus uncapped,-22580.0,catchall_60_65,primary,2036
joint,EB-4 / India,age21_events_2025_2040,Capped minus uncapped,-857.0,catchall_60_65,primary,2036
joint,EB-4 / China,age21_events_2025_2040,Capped minus uncapped,-119.0,catchall_60_65,primary,2036
joint,EB-4 / ROW,age21_events_2025_2040,Capped minus uncapped,424.0,catchall_60_65,primary,2036
joint,EB-5 / India,age21_events_2025_2040,Capped minus uncapped,183.0,catchall_60_65,primary,2036
joint,EB-5 / China,age21_events_2025_2040,Capped minus uncapped,625.0,catchall_60_65,primary,2036
joint,EB-5 / ROW,age21_events_2025_2040,Capped minus uncapped,-227.0,catchall_60_65,primary,2036
overall,All,age21_events_2025_2040,Capped,266212.0,catchall_60_65,primary,2037
overall,All,age21_events_2025_2040,Uncapped,199877.0,catchall_60_65,primary,2037
overall,All,age21_events_2025_2040,Capped minus uncapped,66335.0,catchall_60_65,primary,2037
overall,All,principal_exits_2025_2040,Capped,1092621.0,catchall_60_65,primary,2037
overall,All,principal_exits_2025_2040,Uncapped,1071027.0,catchall_60_65,primary,2037
overall,All,principal_exits_2025_2040,Capped minus uncapped,21594.0,catchall_60_65,primary,2037
overall,All,principal_conversions_2025_2040,Capped,1263819.0,catchall_60_65,primary,2037
overall,All,principal_conversions_2025_2040,Uncapped,1267280.0,catchall_60_65,primary,2037
overall,All,principal_conversions_2025_2040,Capped minus uncapped,-3461.0,catchall_60_65,primary,2037
overall,All,principal_backlog_2040,Capped,2774037.0,catchall_60_65,primary,2037
overall,All,principal_backlog_2040,Uncapped,2792170.0,catchall_60_65,primary,2037
overall,All,principal_backlog_2040,Capped minus uncapped,-18133.0,catchall_60_65,primary,2037
nationality,India,age21_events_2025_2040,Capped,192971.0,catchall_60_65,primary,2037
nationality,India,age21_events_2025_2040,Uncapped,73451.0,catchall_60_65,primary,2037
nationality,India,age21_events_2025_2040,Capped minus uncapped,119520.0,catchall_60_65,primary,2037
nationality,India,principal_exits_2025_2040,Capped,334015.0,catchall_60_65,primary,2037
nationality,India,principal_exits_2025_2040,Uncapped,186864.0,catchall_60_65,primary,2037
nationality,India,principal_exits_2025_2040,Capped minus uncapped,147151.0,catchall_60_65,primary,2037
nationality,India,principal_backlog_2040,Capped,1077910.0,catchall_60_65,primary,2037
nationality,India,principal_backlog_2040,Uncapped,749789.0,catchall_60_65,primary,2037
nationality,India,principal_backlog_2040,Capped minus uncapped,328121.0,catchall_60_65,primary,2037
nationality,China,age21_events_2025_2040,Capped,19107.0,catchall_60_65,primary,2037
nationality,China,age21_events_2025_2040,Uncapped,14863.0,catchall_60_65,primary,2037
nationality,China,age21_events_2025_2040,Capped minus uncapped,4244.0,catchall_60_65,primary,2037
nationality,China,principal_exits_2025_2040,Capped,104751.0,catchall_60_65,primary,2037
nationality,China,principal_exits_2025_2040,Uncapped,95514.0,catchall_60_65,primary,2037
nationality,China,principal_exits_2025_2040,Capped minus uncapped,9237.0,catchall_60_65,primary,2037
nationality,China,principal_backlog_2040,Capped,342784.0,catchall_60_65,primary,2037
nationality,China,principal_backlog_2040,Uncapped,287427.0,catchall_60_65,primary,2037
nationality,China,principal_backlog_2040,Capped minus uncapped,55357.0,catchall_60_65,primary,2037
nationality,ROW,age21_events_2025_2040,Capped,54134.0,catchall_60_65,primary,2037
nationality,ROW,age21_events_2025_2040,Uncapped,111563.0,catchall_60_65,primary,2037
nationality,ROW,age21_events_2025_2040,Capped minus uncapped,-57429.0,catchall_60_65,primary,2037
nationality,ROW,principal_exits_2025_2040,Capped,653855.0,catchall_60_65,primary,2037
nationality,ROW,principal_exits_2025_2040,Uncapped,788649.0,catchall_60_65,primary,2037
nationality,ROW,principal_exits_2025_2040,Capped minus uncapped,-134794.0,catchall_60_65,primary,2037
nationality,ROW,principal_backlog_2040,Capped,1353343.0,catchall_60_65,primary,2037
nationality,ROW,principal_backlog_2040,Uncapped,1754954.0,catchall_60_65,primary,2037
nationality,ROW,principal_backlog_2040,Capped minus uncapped,-401611.0,catchall_60_65,primary,2037
category,EB-1,age21_events_2025_2040,Capped,2511.0,catchall_60_65,primary,2037
category,EB-1,age21_events_2025_2040,Uncapped,719.0,catchall_60_65,primary,2037
category,EB-1,age21_events_2025_2040,Capped minus uncapped,1792.0,catchall_60_65,primary,2037
category,EB-1,principal_exits_2025_2040,Capped,15756.0,catchall_60_65,primary,2037
category,EB-1,principal_exits_2025_2040,Uncapped,16552.0,catchall_60_65,primary,2037
category,EB-1,principal_exits_2025_2040,Capped minus uncapped,-796.0,catchall_60_65,primary,2037
category,EB-1,principal_backlog_2040,Capped,129194.0,catchall_60_65,primary,2037
category,EB-1,principal_backlog_2040,Uncapped,125116.0,catchall_60_65,primary,2037
category,EB-1,principal_backlog_2040,Capped minus uncapped,4078.0,catchall_60_65,primary,2037
category,EB-2,age21_events_2025_2040,Capped,149829.0,catchall_60_65,primary,2037
category,EB-2,age21_events_2025_2040,Uncapped,108472.0,catchall_60_65,primary,2037
category,EB-2,age21_events_2025_2040,Capped minus uncapped,41357.0,catchall_60_65,primary,2037
category,EB-2,principal_exits_2025_2040,Capped,308100.0,catchall_60_65,primary,2037
category,EB-2,principal_exits_2025_2040,Uncapped,282519.0,catchall_60_65,primary,2037
category,EB-2,principal_exits_2025_2040,Capped minus uncapped,25581.0,catchall_60_65,primary,2037
category,EB-2,principal_backlog_2040,Capped,1042407.0,catchall_60_65,primary,2037
category,EB-2,principal_backlog_2040,Uncapped,1059501.0,catchall_60_65,primary,2037
category,EB-2,principal_backlog_2040,Capped minus uncapped,-17094.0,catchall_60_65,primary,2037
category,EB-3,age21_events_2025_2040,Capped,63456.0,catchall_60_65,primary,2037
category,EB-3,age21_events_2025_2040,Uncapped,40485.0,catchall_60_65,primary,2037
category,EB-3,age21_events_2025_2040,Capped minus uncapped,22971.0,catchall_60_65,primary,2037
category,EB-3,principal_exits_2025_2040,Capped,244952.0,catchall_60_65,primary,2037
category,EB-3,principal_exits_2025_2040,Uncapped,249302.0,catchall_60_65,primary,2037
category,EB-3,principal_exits_2025_2040,Capped minus uncapped,-4350.0,catchall_60_65,primary,2037
category,EB-3,principal_backlog_2040,Capped,552422.0,catchall_60_65,primary,2037
category,EB-3,principal_backlog_2040,Uncapped,559300.0,catchall_60_65,primary,2037
category,EB-3,principal_backlog_2040,Capped minus uncapped,-6878.0,catchall_60_65,primary,2037
category,EB-4,age21_events_2025_2040,Capped,49246.0,catchall_60_65,primary,2037
category,EB-4,age21_events_2025_2040,Uncapped,49603.0,catchall_60_65,primary,2037
category,EB-4,age21_events_2025_2040,Capped minus uncapped,-357.0,catchall_60_65,primary,2037
category,EB-4,principal_exits_2025_2040,Capped,520040.0,catchall_60_65,primary,2037
category,EB-4,principal_exits_2025_2040,Uncapped,519224.0,catchall_60_65,primary,2037
category,EB-4,principal_exits_2025_2040,Capped minus uncapped,816.0,catchall_60_65,primary,2037
category,EB-4,principal_backlog_2040,Capped,1023168.0,catchall_60_65,primary,2037
category,EB-4,principal_backlog_2040,Uncapped,1021541.0,catchall_60_65,primary,2037
category,EB-4,principal_backlog_2040,Capped minus uncapped,1627.0,catchall_60_65,primary,2037
category,EB-5,age21_events_2025_2040,Capped,1170.0,catchall_60_65,primary,2037
category,EB-5,age21_events_2025_2040,Uncapped,598.0,catchall_60_65,primary,2037
category,EB-5,age21_events_2025_2040,Capped minus uncapped,572.0,catchall_60_65,primary,2037
category,EB-5,principal_exits_2025_2040,Capped,3773.0,catchall_60_65,primary,2037
category,EB-5,principal_exits_2025_2040,Uncapped,3430.0,catchall_60_65,primary,2037
category,EB-5,principal_exits_2025_2040,Capped minus uncapped,343.0,catchall_60_65,primary,2037
category,EB-5,principal_backlog_2040,Capped,26846.0,catchall_60_65,primary,2037
category,EB-5,principal_backlog_2040,Uncapped,26712.0,catchall_60_65,primary,2037
category,EB-5,principal_backlog_2040,Capped minus uncapped,134.0,catchall_60_65,primary,2037
joint,EB-1 / India,age21_events_2025_2040,Capped minus uncapped,1403.0,catchall_60_65,primary,2037
joint,EB-1 / China,age21_events_2025_2040,Capped minus uncapped,969.0,catchall_60_65,primary,2037
joint,EB-1 / ROW,age21_events_2025_2040,Capped minus uncapped,-580.0,catchall_60_65,primary,2037
joint,EB-2 / India,age21_events_2025_2040,Capped minus uncapped,75389.0,catchall_60_65,primary,2037
joint,EB-2 / China,age21_events_2025_2040,Capped minus uncapped,446.0,catchall_60_65,primary,2037
joint,EB-2 / ROW,age21_events_2025_2040,Capped minus uncapped,-34478.0,catchall_60_65,primary,2037
joint,EB-3 / India,age21_events_2025_2040,Capped minus uncapped,43437.0,catchall_60_65,primary,2037
joint,EB-3 / China,age21_events_2025_2040,Capped minus uncapped,2261.0,catchall_60_65,primary,2037
joint,EB-3 / ROW,age21_events_2025_2040,Capped minus uncapped,-22727.0,catchall_60_65,primary,2037
joint,EB-4 / India,age21_events_2025_2040,Capped minus uncapped,-868.0,catchall_60_65,primary,2037
joint,EB-4 / China,age21_events_2025_2040,Capped minus uncapped,-108.0,catchall_60_65,primary,2037
joint,EB-4 / ROW,age21_events_2025_2040,Capped minus uncapped,619.0,catchall_60_65,primary,2037
joint,EB-5 / India,age21_events_2025_2040,Capped minus uncapped,159.0,catchall_60_65,primary,2037
joint,EB-5 / China,age21_events_2025_2040,Capped minus uncapped,676.0,catchall_60_65,primary,2037
joint,EB-5 / ROW,age21_events_2025_2040,Capped minus uncapped,-263.0,catchall_60_65,primary,2037
overall,All,age21_events_2025_2040,Capped,267001.0,catchall_60_65,primary,2038
overall,All,age21_events_2025_2040,Uncapped,199710.0,catchall_60_65,primary,2038
overall,All,age21_events_2025_2040,Capped minus uncapped,67291.0,catchall_60_65,primary,2038
overall,All,principal_exits_2025_2040,Capped,1091023.0,catchall_60_65,primary,2038
overall,All,principal_exits_2025_2040,Uncapped,1069953.0,catchall_60_65,primary,2038
overall,All,principal_exits_2025_2040,Capped minus uncapped,21070.0,catchall_60_65,primary,2038
overall,All,principal_conversions_2025_2040,Capped,1263019.0,catchall_60_65,primary,2038
overall,All,principal_conversions_2025_2040,Uncapped,1267558.0,catchall_60_65,primary,2038
overall,All,principal_conversions_2025_2040,Capped minus uncapped,-4539.0,catchall_60_65,primary,2038
overall,All,principal_backlog_2040,Capped,2775392.0,catchall_60_65,primary,2038
overall,All,principal_backlog_2040,Uncapped,2791923.0,catchall_60_65,primary,2038
overall,All,principal_backlog_2040,Capped minus uncapped,-16531.0,catchall_60_65,primary,2038
nationality,India,age21_events_2025_2040,Capped,193287.0,catchall_60_65,primary,2038
nationality,India,age21_events_2025_2040,Uncapped,73264.0,catchall_60_65,primary,2038
nationality,India,age21_events_2025_2040,Capped minus uncapped,120023.0,catchall_60_65,primary,2038
nationality,India,principal_exits_2025_2040,Capped,334217.0,catchall_60_65,primary,2038
nationality,India,principal_exits_2025_2040,Uncapped,186523.0,catchall_60_65,primary,2038
nationality,India,principal_exits_2025_2040,Capped minus uncapped,147694.0,catchall_60_65,primary,2038
nationality,India,principal_backlog_2040,Capped,1078698.0,catchall_60_65,primary,2038
nationality,India,principal_backlog_2040,Uncapped,751023.0,catchall_60_65,primary,2038
nationality,India,principal_backlog_2040,Capped minus uncapped,327675.0,catchall_60_65,primary,2038
nationality,China,age21_events_2025_2040,Capped,19000.0,catchall_60_65,primary,2038
nationality,China,age21_events_2025_2040,Uncapped,14906.0,catchall_60_65,primary,2038
nationality,China,age21_events_2025_2040,Capped minus uncapped,4094.0,catchall_60_65,primary,2038
nationality,China,principal_exits_2025_2040,Capped,104212.0,catchall_60_65,primary,2038
nationality,China,principal_exits_2025_2040,Uncapped,95122.0,catchall_60_65,primary,2038
nationality,China,principal_exits_2025_2040,Capped minus uncapped,9090.0,catchall_60_65,primary,2038
nationality,China,principal_backlog_2040,Capped,341872.0,catchall_60_65,primary,2038
nationality,China,principal_backlog_2040,Uncapped,286732.0,catchall_60_65,primary,2038
nationality,China,principal_backlog_2040,Capped minus uncapped,55140.0,catchall_60_65,primary,2038
nationality,ROW,age21_events_2025_2040,Capped,54714.0,catchall_60_65,primary,2038
nationality,ROW,age21_events_2025_2040,Uncapped,111540.0,catchall_60_65,primary,2038
nationality,ROW,age21_events_2025_2040,Capped minus uncapped,-56826.0,catchall_60_65,primary,2038
nationality,ROW,principal_exits_2025_2040,Capped,652594.0,catchall_60_65,primary,2038
nationality,ROW,principal_exits_2025_2040,Uncapped,788308.0,catchall_60_65,primary,2038
nationality,ROW,principal_exits_2025_2040,Capped minus uncapped,-135714.0,catchall_60_65,primary,2038
nationality,ROW,principal_backlog_2040,Capped,1354822.0,catchall_60_65,primary,2038
nationality,ROW,principal_backlog_2040,Uncapped,1754168.0,catchall_60_65,primary,2038
nationality,ROW,principal_backlog_2040,Capped minus uncapped,-399346.0,catchall_60_65,primary,2038
category,EB-1,age21_events_2025_2040,Capped,2476.0,catchall_60_65,primary,2038
category,EB-1,age21_events_2025_2040,Uncapped,732.0,catchall_60_65,primary,2038
category,EB-1,age21_events_2025_2040,Capped minus uncapped,1744.0,catchall_60_65,primary,2038
category,EB-1,principal_exits_2025_2040,Capped,15558.0,catchall_60_65,primary,2038
category,EB-1,principal_exits_2025_2040,Uncapped,16390.0,catchall_60_65,primary,2038
category,EB-1,principal_exits_2025_2040,Capped minus uncapped,-832.0,catchall_60_65,primary,2038
category,EB-1,principal_backlog_2040,Capped,129249.0,catchall_60_65,primary,2038
category,EB-1,principal_backlog_2040,Uncapped,124910.0,catchall_60_65,primary,2038
category,EB-1,principal_backlog_2040,Capped minus uncapped,4339.0,catchall_60_65,primary,2038
category,EB-2,age21_events_2025_2040,Capped,149762.0,catchall_60_65,primary,2038
category,EB-2,age21_events_2025_2040,Uncapped,108180.0,catchall_60_65,primary,2038
category,EB-2,age21_events_2025_2040,Capped minus uncapped,41582.0,catchall_60_65,primary,2038
category,EB-2,principal_exits_2025_2040,Capped,307895.0,catchall_60_65,primary,2038
category,EB-2,principal_exits_2025_2040,Uncapped,281708.0,catchall_60_65,primary,2038
category,EB-2,principal_exits_2025_2040,Capped minus uncapped,26187.0,catchall_60_65,primary,2038
category,EB-2,principal_backlog_2040,Capped,1042712.0,catchall_60_65,primary,2038
category,EB-2,principal_backlog_2040,Uncapped,1060034.0,catchall_60_65,primary,2038
category,EB-2,principal_backlog_2040,Capped minus uncapped,-17322.0,catchall_60_65,primary,2038
category,EB-3,age21_events_2025_2040,Capped,63622.0,catchall_60_65,primary,2038
category,EB-3,age21_events_2025_2040,Uncapped,40385.0,catchall_60_65,primary,2038
category,EB-3,age21_events_2025_2040,Capped minus uncapped,23237.0,catchall_60_65,primary,2038
category,EB-3,principal_exits_2025_2040,Capped,244894.0,catchall_60_65,primary,2038
category,EB-3,principal_exits_2025_2040,Uncapped,249257.0,catchall_60_65,primary,2038
category,EB-3,principal_exits_2025_2040,Capped minus uncapped,-4363.0,catchall_60_65,primary,2038
category,EB-3,principal_backlog_2040,Capped,552048.0,catchall_60_65,primary,2038
category,EB-3,principal_backlog_2040,Uncapped,558255.0,catchall_60_65,primary,2038
category,EB-3,principal_backlog_2040,Capped minus uncapped,-6207.0,catchall_60_65,primary,2038
category,EB-4,age21_events_2025_2040,Capped,49913.0,catchall_60_65,primary,2038
category,EB-4,age21_events_2025_2040,Uncapped,49833.0,catchall_60_65,primary,2038
category,EB-4,age21_events_2025_2040,Capped minus uncapped,80.0,catchall_60_65,primary,2038
category,EB-4,principal_exits_2025_2040,Capped,518870.0,catchall_60_65,primary,2038
category,EB-4,principal_exits_2025_2040,Uncapped,519187.0,catchall_60_65,primary,2038
category,EB-4,principal_exits_2025_2040,Capped minus uncapped,-317.0,catchall_60_65,primary,2038
category,EB-4,principal_backlog_2040,Capped,1024620.0,catchall_60_65,primary,2038
category,EB-4,principal_backlog_2040,Uncapped,1022039.0,catchall_60_65,primary,2038
category,EB-4,principal_backlog_2040,Capped minus uncapped,2581.0,catchall_60_65,primary,2038
category,EB-5,age21_events_2025_2040,Capped,1228.0,catchall_60_65,primary,2038
category,EB-5,age21_events_2025_2040,Uncapped,580.0,catchall_60_65,primary,2038
category,EB-5,age21_events_2025_2040,Capped minus uncapped,648.0,catchall_60_65,primary,2038
category,EB-5,principal_exits_2025_2040,Capped,3806.0,catchall_60_65,primary,2038
category,EB-5,principal_exits_2025_2040,Uncapped,3411.0,catchall_60_65,primary,2038
category,EB-5,principal_exits_2025_2040,Capped minus uncapped,395.0,catchall_60_65,primary,2038
category,EB-5,principal_backlog_2040,Capped,26763.0,catchall_60_65,primary,2038
category,EB-5,principal_backlog_2040,Uncapped,26685.0,catchall_60_65,primary,2038
category,EB-5,principal_backlog_2040,Capped minus uncapped,78.0,catchall_60_65,primary,2038
joint,EB-1 / India,age21_events_2025_2040,Capped minus uncapped,1409.0,catchall_60_65,primary,2038
joint,EB-1 / China,age21_events_2025_2040,Capped minus uncapped,903.0,catchall_60_65,primary,2038
joint,EB-1 / ROW,age21_events_2025_2040,Capped minus uncapped,-568.0,catchall_60_65,primary,2038
joint,EB-2 / India,age21_events_2025_2040,Capped minus uncapped,75629.0,catchall_60_65,primary,2038
joint,EB-2 / China,age21_events_2025_2040,Capped minus uncapped,540.0,catchall_60_65,primary,2038
joint,EB-2 / ROW,age21_events_2025_2040,Capped minus uncapped,-34587.0,catchall_60_65,primary,2038
joint,EB-3 / India,age21_events_2025_2040,Capped minus uncapped,43581.0,catchall_60_65,primary,2038
joint,EB-3 / China,age21_events_2025_2040,Capped minus uncapped,2091.0,catchall_60_65,primary,2038
joint,EB-3 / ROW,age21_events_2025_2040,Capped minus uncapped,-22435.0,catchall_60_65,primary,2038
joint,EB-4 / India,age21_events_2025_2040,Capped minus uncapped,-764.0,catchall_60_65,primary,2038
joint,EB-4 / China,age21_events_2025_2040,Capped minus uncapped,-147.0,catchall_60_65,primary,2038
joint,EB-4 / ROW,age21_events_2025_2040,Capped minus uncapped,991.0,catchall_60_65,primary,2038
joint,EB-5 / India,age21_events_2025_2040,Capped minus uncapped,168.0,catchall_60_65,primary,2038
joint,EB-5 / China,age21_events_2025_2040,Capped minus uncapped,707.0,catchall_60_65,primary,2038
joint,EB-5 / ROW,age21_events_2025_2040,Capped minus uncapped,-227.0,catchall_60_65,primary,2038
overall,All,age21_events_2025_2040,Capped,266517.0,catchall_60_65,primary,2039
overall,All,age21_events_2025_2040,Uncapped,199450.0,catchall_60_65,primary,2039
overall,All,age21_events_2025_2040,Capped minus uncapped,67067.0,catchall_60_65,primary,2039
overall,All,principal_exits_2025_2040,Capped,1093010.0,catchall_60_65,primary,2039
overall,All,principal_exits_2025_2040,Uncapped,1073688.0,catchall_60_65,primary,2039
overall,All,principal_exits_2025_2040,Capped minus uncapped,19322.0,catchall_60_65,primary,2039
overall,All,principal_conversions_2025_2040,Capped,1263543.0,catchall_60_65,primary,2039
overall,All,principal_conversions_2025_2040,Uncapped,1266837.0,catchall_60_65,primary,2039
overall,All,principal_conversions_2025_2040,Capped minus uncapped,-3294.0,catchall_60_65,primary,2039
overall,All,principal_backlog_2040,Capped,2773095.0,catchall_60_65,primary,2039
overall,All,principal_backlog_2040,Uncapped,2789123.0,catchall_60_65,primary,2039
overall,All,principal_backlog_2040,Capped minus uncapped,-16028.0,catchall_60_65,primary,2039
nationality,India,age21_events_2025_2040,Capped,193463.0,catchall_60_65,primary,2039
nationality,India,age21_events_2025_2040,Uncapped,73372.0,catchall_60_65,primary,2039
nationality,India,age21_events_2025_2040,Capped minus uncapped,120091.0,catchall_60_65,primary,2039
nationality,India,principal_exits_2025_2040,Capped,333359.0,catchall_60_65,primary,2039
nationality,India,principal_exits_2025_2040,Uncapped,187150.0,catchall_60_65,primary,2039
nationality,India,principal_exits_2025_2040,Capped minus uncapped,146209.0,catchall_60_65,primary,2039
nationality,India,principal_backlog_2040,Capped,1076752.0,catchall_60_65,primary,2039
nationality,India,principal_backlog_2040,Uncapped,749024.0,catchall_60_65,primary,2039
nationality,India,principal_backlog_2040,Capped minus uncapped,327728.0,catchall_60_65,primary,2039
nationality,China,age21_events_2025_2040,Capped,18480.0,catchall_60_65,primary,2039
nationality,China,age21_events_2025_2040,Uncapped,14542.0,catchall_60_65,primary,2039
nationality,China,age21_events_2025_2040,Capped minus uncapped,3938.0,catchall_60_65,primary,2039
nationality,China,principal_exits_2025_2040,Capped,104669.0,catchall_60_65,primary,2039
nationality,China,principal_exits_2025_2040,Uncapped,95808.0,catchall_60_65,primary,2039
nationality,China,principal_exits_2025_2040,Capped minus uncapped,8861.0,catchall_60_65,primary,2039
nationality,China,principal_backlog_2040,Capped,341783.0,catchall_60_65,primary,2039
nationality,China,principal_backlog_2040,Uncapped,286647.0,catchall_60_65,primary,2039
nationality,China,principal_backlog_2040,Capped minus uncapped,55136.0,catchall_60_65,primary,2039
nationality,ROW,age21_events_2025_2040,Capped,54574.0,catchall_60_65,primary,2039
nationality,ROW,age21_events_2025_2040,Uncapped,111536.0,catchall_60_65,primary,2039
nationality,ROW,age21_events_2025_2040,Capped minus uncapped,-56962.0,catchall_60_65,primary,2039
nationality,ROW,principal_exits_2025_2040,Capped,654982.0,catchall_60_65,primary,2039
nationality,ROW,principal_exits_2025_2040,Uncapped,790730.0,catchall_60_65,primary,2039
nationality,ROW,principal_exits_2025_2040,Capped minus uncapped,-135748.0,catchall_60_65,primary,2039
nationality,ROW,principal_backlog_2040,Capped,1354560.0,catchall_60_65,primary,2039
nationality,ROW,principal_backlog_2040,Uncapped,1753452.0,catchall_60_65,primary,2039
nationality,ROW,principal_backlog_2040,Capped minus uncapped,-398892.0,catchall_60_65,primary,2039
category,EB-1,age21_events_2025_2040,Capped,2381.0,catchall_60_65,primary,2039
category,EB-1,age21_events_2025_2040,Uncapped,745.0,catchall_60_65,primary,2039
category,EB-1,age21_events_2025_2040,Capped minus uncapped,1636.0,catchall_60_65,primary,2039
category,EB-1,principal_exits_2025_2040,Capped,15678.0,catchall_60_65,primary,2039
category,EB-1,principal_exits_2025_2040,Uncapped,16513.0,catchall_60_65,primary,2039
category,EB-1,principal_exits_2025_2040,Capped minus uncapped,-835.0,catchall_60_65,primary,2039
category,EB-1,principal_backlog_2040,Capped,129247.0,catchall_60_65,primary,2039
category,EB-1,principal_backlog_2040,Uncapped,125202.0,catchall_60_65,primary,2039
category,EB-1,principal_backlog_2040,Capped minus uncapped,4045.0,catchall_60_65,primary,2039
category,EB-2,age21_events_2025_2040,Capped,150097.0,catchall_60_65,primary,2039
category,EB-2,age21_events_2025_2040,Uncapped,108237.0,catchall_60_65,primary,2039
category,EB-2,age21_events_2025_2040,Capped minus uncapped,41860.0,catchall_60_65,primary,2039
category,EB-2,principal_exits_2025_2040,Capped,308612.0,catchall_60_65,primary,2039
category,EB-2,principal_exits_2025_2040,Uncapped,283536.0,catchall_60_65,primary,2039
category,EB-2,principal_exits_2025_2040,Capped minus uncapped,25076.0,catchall_60_65,primary,2039
category,EB-2,principal_backlog_2040,Capped,1042020.0,catchall_60_65,primary,2039
category,EB-2,principal_backlog_2040,Uncapped,1058635.0,catchall_60_65,primary,2039
category,EB-2,principal_backlog_2040,Capped minus uncapped,-16615.0,catchall_60_65,primary,2039
category,EB-3,age21_events_2025_2040,Capped,63181.0,catchall_60_65,primary,2039
category,EB-3,age21_events_2025_2040,Uncapped,39976.0,catchall_60_65,primary,2039
category,EB-3,age21_events_2025_2040,Capped minus uncapped,23205.0,catchall_60_65,primary,2039
category,EB-3,principal_exits_2025_2040,Capped,244730.0,catchall_60_65,primary,2039
category,EB-3,principal_exits_2025_2040,Uncapped,250092.0,catchall_60_65,primary,2039
category,EB-3,principal_exits_2025_2040,Capped minus uncapped,-5362.0,catchall_60_65,primary,2039
category,EB-3,principal_backlog_2040,Capped,551937.0,catchall_60_65,primary,2039
category,EB-3,principal_backlog_2040,Uncapped,557876.0,catchall_60_65,primary,2039
category,EB-3,principal_backlog_2040,Capped minus uncapped,-5939.0,catchall_60_65,primary,2039
category,EB-4,age21_events_2025_2040,Capped,49778.0,catchall_60_65,primary,2039
category,EB-4,age21_events_2025_2040,Uncapped,49911.0,catchall_60_65,primary,2039
category,EB-4,age21_events_2025_2040,Capped minus uncapped,-133.0,catchall_60_65,primary,2039
category,EB-4,principal_exits_2025_2040,Capped,520164.0,catchall_60_65,primary,2039
category,EB-4,principal_exits_2025_2040,Uncapped,520131.0,catchall_60_65,primary,2039
category,EB-4,principal_exits_2025_2040,Capped minus uncapped,33.0,catchall_60_65,primary,2039
category,EB-4,principal_backlog_2040,Capped,1023189.0,catchall_60_65,primary,2039
category,EB-4,principal_backlog_2040,Uncapped,1020875.0,catchall_60_65,primary,2039
category,EB-4,principal_backlog_2040,Capped minus uncapped,2314.0,catchall_60_65,primary,2039
category,EB-5,age21_events_2025_2040,Capped,1080.0,catchall_60_65,primary,2039
category,EB-5,age21_events_2025_2040,Uncapped,581.0,catchall_60_65,primary,2039
category,EB-5,age21_events_2025_2040,Capped minus uncapped,499.0,catchall_60_65,primary,2039
category,EB-5,principal_exits_2025_2040,Capped,3826.0,catchall_60_65,primary,2039
category,EB-5,principal_exits_2025_2040,Uncapped,3416.0,catchall_60_65,primary,2039
category,EB-5,principal_exits_2025_2040,Capped minus uncapped,410.0,catchall_60_65,primary,2039
category,EB-5,principal_backlog_2040,Capped,26702.0,catchall_60_65,primary,2039
category,EB-5,principal_backlog_2040,Uncapped,26535.0,catchall_60_65,primary,2039
category,EB-5,principal_backlog_2040,Capped minus uncapped,167.0,catchall_60_65,primary,2039
joint,EB-1 / India,age21_events_2025_2040,Capped minus uncapped,1326.0,catchall_60_65,primary,2039
joint,EB-1 / China,age21_events_2025_2040,Capped minus uncapped,913.0,catchall_60_65,primary,2039
joint,EB-1 / ROW,age21_events_2025_2040,Capped minus uncapped,-603.0,catchall_60_65,primary,2039
joint,EB-2 / India,age21_events_2025_2040,Capped minus uncapped,75941.0,catchall_60_65,primary,2039
joint,EB-2 / China,age21_events_2025_2040,Capped minus uncapped,449.0,catchall_60_65,primary,2039
joint,EB-2 / ROW,age21_events_2025_2040,Capped minus uncapped,-34530.0,catchall_60_65,primary,2039
joint,EB-3 / India,age21_events_2025_2040,Capped minus uncapped,43431.0,catchall_60_65,primary,2039
joint,EB-3 / China,age21_events_2025_2040,Capped minus uncapped,2126.0,catchall_60_65,primary,2039
joint,EB-3 / ROW,age21_events_2025_2040,Capped minus uncapped,-22352.0,catchall_60_65,primary,2039
joint,EB-4 / India,age21_events_2025_2040,Capped minus uncapped,-785.0,catchall_60_65,primary,2039
joint,EB-4 / China,age21_events_2025_2040,Capped minus uncapped,-124.0,catchall_60_65,primary,2039
joint,EB-4 / ROW,age21_events_2025_2040,Capped minus uncapped,776.0,catchall_60_65,primary,2039
joint,EB-5 / India,age21_events_2025_2040,Capped minus uncapped,178.0,catchall_60_65,primary,2039
joint,EB-5 / China,age21_events_2025_2040,Capped minus uncapped,574.0,catchall_60_65,primary,2039
joint,EB-5 / ROW,age21_events_2025_2040,Capped minus uncapped,-253.0,catchall_60_65,primary,2039
overall,All,age21_events_2025_2040,Capped,267267.0,catchall_60_65,primary,2040
overall,All,age21_events_2025_2040,Uncapped,199718.0,catchall_60_65,primary,2040
overall,All,age21_events_2025_2040,Capped minus uncapped,67549.0,catchall_60_65,primary,2040
overall,All,principal_exits_2025_2040,Capped,1094147.0,catchall_60_65,primary,2040
overall,All,principal_exits_2025_2040,Uncapped,1073165.0,catchall_60_65,primary,2040
overall,All,principal_exits_2025_2040,Capped minus uncapped,20982.0,catchall_60_65,primary,2040
overall,All,principal_conversions_2025_2040,Capped,1262941.0,catchall_60_65,primary,2040
overall,All,principal_conversions_2025_2040,Uncapped,1266301.0,catchall_60_65,primary,2040
overall,All,principal_conversions_2025_2040,Capped minus uncapped,-3360.0,catchall_60_65,primary,2040
overall,All,principal_backlog_2040,Capped,2773516.0,catchall_60_65,primary,2040
overall,All,principal_backlog_2040,Uncapped,2791138.0,catchall_60_65,primary,2040
overall,All,principal_backlog_2040,Capped minus uncapped,-17622.0,catchall_60_65,primary,2040
nationality,India,age21_events_2025_2040,Capped,193751.0,catchall_60_65,primary,2040
nationality,India,age21_events_2025_2040,Uncapped,73772.0,catchall_60_65,primary,2040
nationality,India,age21_events_2025_2040,Capped minus uncapped,119979.0,catchall_60_65,primary,2040
nationality,India,principal_exits_2025_2040,Capped,334867.0,catchall_60_65,primary,2040
nationality,India,principal_exits_2025_2040,Uncapped,187708.0,catchall_60_65,primary,2040
nationality,India,principal_exits_2025_2040,Capped minus uncapped,147159.0,catchall_60_65,primary,2040
nationality,India,principal_backlog_2040,Capped,1077745.0,catchall_60_65,primary,2040
nationality,India,principal_backlog_2040,Uncapped,749764.0,catchall_60_65,primary,2040
nationality,India,principal_backlog_2040,Capped minus uncapped,327981.0,catchall_60_65,primary,2040
nationality,China,age21_events_2025_2040,Capped,18986.0,catchall_60_65,primary,2040
nationality,China,age21_events_2025_2040,Uncapped,14791.0,catchall_60_65,primary,2040
nationality,China,age21_events_2025_2040,Capped minus uncapped,4195.0,catchall_60_65,primary,2040
nationality,China,principal_exits_2025_2040,Capped,104524.0,catchall_60_65,primary,2040
nationality,China,principal_exits_2025_2040,Uncapped,95856.0,catchall_60_65,primary,2040
nationality,China,principal_exits_2025_2040,Capped minus uncapped,8668.0,catchall_60_65,primary,2040
nationality,China,principal_backlog_2040,Capped,342418.0,catchall_60_65,primary,2040
nationality,China,principal_backlog_2040,Uncapped,287650.0,catchall_60_65,primary,2040
nationality,China,principal_backlog_2040,Capped minus uncapped,54768.0,catchall_60_65,primary,2040
nationality,ROW,age21_events_2025_2040,Capped,54530.0,catchall_60_65,primary,2040
nationality,ROW,age21_events_2025_2040,Uncapped,111155.0,catchall_60_65,primary,2040
nationality,ROW,age21_events_2025_2040,Capped minus uncapped,-56625.0,catchall_60_65,primary,2040
nationality,ROW,principal_exits_2025_2040,Capped,654756.0,catchall_60_65,primary,2040
nationality,ROW,principal_exits_2025_2040,Uncapped,789601.0,catchall_60_65,primary,2040
nationality,ROW,principal_exits_2025_2040,Capped minus uncapped,-134845.0,catchall_60_65,primary,2040
nationality,ROW,principal_backlog_2040,Capped,1353353.0,catchall_60_65,primary,2040
nationality,ROW,principal_backlog_2040,Uncapped,1753724.0,catchall_60_65,primary,2040
nationality,ROW,principal_backlog_2040,Capped minus uncapped,-400371.0,catchall_60_65,primary,2040
category,EB-1,age21_events_2025_2040,Capped,2558.0,catchall_60_65,primary,2040
category,EB-1,age21_events_2025_2040,Uncapped,798.0,catchall_60_65,primary,2040
category,EB-1,age21_events_2025_2040,Capped minus uncapped,1760.0,catchall_60_65,primary,2040
category,EB-1,principal_exits_2025_2040,Capped,15880.0,catchall_60_65,primary,2040
category,EB-1,principal_exits_2025_2040,Uncapped,16664.0,catchall_60_65,primary,2040
category,EB-1,principal_exits_2025_2040,Capped minus uncapped,-784.0,catchall_60_65,primary,2040
category,EB-1,principal_backlog_2040,Capped,129505.0,catchall_60_65,primary,2040
category,EB-1,principal_backlog_2040,Uncapped,125566.0,catchall_60_65,primary,2040
category,EB-1,principal_backlog_2040,Capped minus uncapped,3939.0,catchall_60_65,primary,2040
category,EB-2,age21_events_2025_2040,Capped,150521.0,catchall_60_65,primary,2040
category,EB-2,age21_events_2025_2040,Uncapped,108589.0,catchall_60_65,primary,2040
category,EB-2,age21_events_2025_2040,Capped minus uncapped,41932.0,catchall_60_65,primary,2040
category,EB-2,principal_exits_2025_2040,Capped,308915.0,catchall_60_65,primary,2040
category,EB-2,principal_exits_2025_2040,Uncapped,283460.0,catchall_60_65,primary,2040
category,EB-2,principal_exits_2025_2040,Capped minus uncapped,25455.0,catchall_60_65,primary,2040
category,EB-2,principal_backlog_2040,Capped,1042160.0,catchall_60_65,primary,2040
category,EB-2,principal_backlog_2040,Uncapped,1059949.0,catchall_60_65,primary,2040
category,EB-2,principal_backlog_2040,Capped minus uncapped,-17789.0,catchall_60_65,primary,2040
category,EB-3,age21_events_2025_2040,Capped,63356.0,catchall_60_65,primary,2040
category,EB-3,age21_events_2025_2040,Uncapped,40226.0,catchall_60_65,primary,2040
category,EB-3,age21_events_2025_2040,Capped minus uncapped,23130.0,catchall_60_65,primary,2040
category,EB-3,principal_exits_2025_2040,Capped,245115.0,catchall_60_65,primary,2040
category,EB-3,principal_exits_2025_2040,Uncapped,250148.0,catchall_60_65,primary,2040
category,EB-3,principal_exits_2025_2040,Capped minus uncapped,-5033.0,catchall_60_65,primary,2040
category,EB-3,principal_backlog_2040,Capped,552569.0,catchall_60_65,primary,2040
category,EB-3,principal_backlog_2040,Uncapped,557777.0,catchall_60_65,primary,2040
category,EB-3,principal_backlog_2040,Capped minus uncapped,-5208.0,catchall_60_65,primary,2040
category,EB-4,age21_events_2025_2040,Capped,49690.0,catchall_60_65,primary,2040
category,EB-4,age21_events_2025_2040,Uncapped,49504.0,catchall_60_65,primary,2040
category,EB-4,age21_events_2025_2040,Capped minus uncapped,186.0,catchall_60_65,primary,2040
category,EB-4,principal_exits_2025_2040,Capped,520412.0,catchall_60_65,primary,2040
category,EB-4,principal_exits_2025_2040,Uncapped,519480.0,catchall_60_65,primary,2040
category,EB-4,principal_exits_2025_2040,Capped minus uncapped,932.0,catchall_60_65,primary,2040
category,EB-4,principal_backlog_2040,Capped,1022626.0,catchall_60_65,primary,2040
category,EB-4,principal_backlog_2040,Uncapped,1021355.0,catchall_60_65,primary,2040
category,EB-4,principal_backlog_2040,Capped minus uncapped,1271.0,catchall_60_65,primary,2040
category,EB-5,age21_events_2025_2040,Capped,1142.0,catchall_60_65,primary,2040
category,EB-5,age21_events_2025_2040,Uncapped,601.0,catchall_60_65,primary,2040
category,EB-5,age21_events_2025_2040,Capped minus uncapped,541.0,catchall_60_65,primary,2040
category,EB-5,principal_exits_2025_2040,Capped,3825.0,catchall_60_65,primary,2040
category,EB-5,principal_exits_2025_2040,Uncapped,3413.0,catchall_60_65,primary,2040
category,EB-5,principal_exits_2025_2040,Capped minus uncapped,412.0,catchall_60_65,primary,2040
category,EB-5,principal_backlog_2040,Capped,26656.0,catchall_60_65,primary,2040
category,EB-5,principal_backlog_2040,Uncapped,26491.0,catchall_60_65,primary,2040
category,EB-5,principal_backlog_2040,Capped minus uncapped,165.0,catchall_60_65,primary,2040
joint,EB-1 / India,age21_events_2025_2040,Capped minus uncapped,1451.0,catchall_60_65,primary,2040
joint,EB-1 / China,age21_events_2025_2040,Capped minus uncapped,950.0,catchall_60_65,primary,2040
joint,EB-1 / ROW,age21_events_2025_2040,Capped minus uncapped,-641.0,catchall_60_65,primary,2040
joint,EB-2 / India,age21_events_2025_2040,Capped minus uncapped,75817.0,catchall_60_65,primary,2040
joint,EB-2 / China,age21_events_2025_2040,Capped minus uncapped,557.0,catchall_60_65,primary,2040
joint,EB-2 / ROW,age21_events_2025_2040,Capped minus uncapped,-34442.0,catchall_60_65,primary,2040
joint,EB-3 / India,age21_events_2025_2040,Capped minus uncapped,43390.0,catchall_60_65,primary,2040
joint,EB-3 / China,age21_events_2025_2040,Capped minus uncapped,2195.0,catchall_60_65,primary,2040
joint,EB-3 / ROW,age21_events_2025_2040,Capped minus uncapped,-22455.0,catchall_60_65,primary,2040
joint,EB-4 / India,age21_events_2025_2040,Capped minus uncapped,-851.0,catchall_60_65,primary,2040
joint,EB-4 / China,age21_events_2025_2040,Capped minus uncapped,-123.0,catchall_60_65,primary,2040
joint,EB-4 / ROW,age21_events_2025_2040,Capped minus uncapped,1160.0,catchall_60_65,primary,2040
joint,EB-5 / India,age21_events_2025_2040,Capped minus uncapped,172.0,catchall_60_65,primary,2040
joint,EB-5 / China,age21_events_2025_2040,Capped minus uncapped,616.0,catchall_60_65,primary,2040
joint,EB-5 / ROW,age21_events_2025_2040,Capped minus uncapped,-247.0,catchall_60_65,primary,2040
overall,All,age21_events_2025_2040,Capped,266465.0,catchall_60_65,primary,2041
overall,All,age21_events_2025_2040,Uncapped,199642.0,catchall_60_65,primary,2041
overall,All,age21_events_2025_2040,Capped minus uncapped,66823.0,catchall_60_65,primary,2041
overall,All,principal_exits_2025_2040,Capped,1093896.0,catchall_60_65,primary,2041
overall,All,principal_exits_2025_2040,Uncapped,1072742.0,catchall_60_65,primary,2041
overall,All,principal_exits_2025_2040,Capped minus uncapped,21154.0,catchall_60_65,primary,2041
overall,All,principal_conversions_2025_2040,Capped,1263661.0,catchall_60_65,primary,2041
overall,All,principal_conversions_2025_2040,Uncapped,1266824.0,catchall_60_65,primary,2041
overall,All,principal_conversions_2025_2040,Capped minus uncapped,-3163.0,catchall_60_65,primary,2041
overall,All,principal_backlog_2040,Capped,2772897.0,catchall_60_65,primary,2041
overall,All,principal_backlog_2040,Uncapped,2790888.0,catchall_60_65,primary,2041
overall,All,principal_backlog_2040,Capped minus uncapped,-17991.0,catchall_60_65,primary,2041
nationality,India,age21_events_2025_2040,Capped,193416.0,catchall_60_65,primary,2041
nationality,India,age21_events_2025_2040,Uncapped,73701.0,catchall_60_65,primary,2041
nationality,India,age21_events_2025_2040,Capped minus uncapped,119715.0,catchall_60_65,primary,2041
nationality,India,principal_exits_2025_2040,Capped,334737.0,catchall_60_65,primary,2041
nationality,India,principal_exits_2025_2040,Uncapped,186779.0,catchall_60_65,primary,2041
nationality,India,principal_exits_2025_2040,Capped minus uncapped,147958.0,catchall_60_65,primary,2041
nationality,India,principal_backlog_2040,Capped,1076576.0,catchall_60_65,primary,2041
nationality,India,principal_backlog_2040,Uncapped,749362.0,catchall_60_65,primary,2041
nationality,India,principal_backlog_2040,Capped minus uncapped,327214.0,catchall_60_65,primary,2041
nationality,China,age21_events_2025_2040,Capped,18777.0,catchall_60_65,primary,2041
nationality,China,age21_events_2025_2040,Uncapped,14623.0,catchall_60_65,primary,2041
nationality,China,age21_events_2025_2040,Capped minus uncapped,4154.0,catchall_60_65,primary,2041
nationality,China,principal_exits_2025_2040,Capped,104784.0,catchall_60_65,primary,2041
nationality,China,principal_exits_2025_2040,Uncapped,95406.0,catchall_60_65,primary,2041
nationality,China,principal_exits_2025_2040,Capped minus uncapped,9378.0,catchall_60_65,primary,2041
nationality,China,principal_backlog_2040,Capped,341342.0,catchall_60_65,primary,2041
nationality,China,principal_backlog_2040,Uncapped,287063.0,catchall_60_65,primary,2041
nationality,China,principal_backlog_2040,Capped minus uncapped,54279.0,catchall_60_65,primary,2041
nationality,ROW,age21_events_2025_2040,Capped,54272.0,catchall_60_65,primary,2041
nationality,ROW,age21_events_2025_2040,Uncapped,111318.0,catchall_60_65,primary,2041
nationality,ROW,age21_events_2025_2040,Capped minus uncapped,-57046.0,catchall_60_65,primary,2041
nationality,ROW,principal_exits_2025_2040,Capped,654375.0,catchall_60_65,primary,2041
nationality,ROW,principal_exits_2025_2040,Uncapped,790557.0,catchall_60_65,primary,2041
nationality,ROW,principal_exits_2025_2040,Capped minus uncapped,-136182.0,catchall_60_65,primary,2041
nationality,ROW,principal_backlog_2040,Capped,1354979.0,catchall_60_65,primary,2041
nationality,ROW,principal_backlog_2040,Uncapped,1754463.0,catchall_60_65,primary,2041
nationality,ROW,principal_backlog_2040,Capped minus uncapped,-399484.0,catchall_60_65,primary,2041
category,EB-1,age21_events_2025_2040,Capped,2470.0,catchall_60_65,primary,2041
category,EB-1,age21_events_2025_2040,Uncapped,691.0,catchall_60_65,primary,2041
category,EB-1,age21_events_2025_2040,Capped minus uncapped,1779.0,catchall_60_65,primary,2041
category,EB-1,principal_exits_2025_2040,Capped,15899.0,catchall_60_65,primary,2041
category,EB-1,principal_exits_2025_2040,Uncapped,16556.0,catchall_60_65,primary,2041
category,EB-1,principal_exits_2025_2040,Capped minus uncapped,-657.0,catchall_60_65,primary,2041
category,EB-1,principal_backlog_2040,Capped,129266.0,catchall_60_65,primary,2041
category,EB-1,principal_backlog_2040,Uncapped,125111.0,catchall_60_65,primary,2041
category,EB-1,principal_backlog_2040,Capped minus uncapped,4155.0,catchall_60_65,primary,2041
category,EB-2,age21_events_2025_2040,Capped,149882.0,catchall_60_65,primary,2041
category,EB-2,age21_events_2025_2040,Uncapped,108709.0,catchall_60_65,primary,2041
category,EB-2,age21_events_2025_2040,Capped minus uncapped,41173.0,catchall_60_65,primary,2041
category,EB-2,principal_exits_2025_2040,Capped,309403.0,catchall_60_65,primary,2041
category,EB-2,principal_exits_2025_2040,Uncapped,282816.0,catchall_60_65,primary,2041
category,EB-2,principal_exits_2025_2040,Capped minus uncapped,26587.0,catchall_60_65,primary,2041
category,EB-2,principal_backlog_2040,Capped,1040886.0,catchall_60_65,primary,2041
category,EB-2,principal_backlog_2040,Uncapped,1059333.0,catchall_60_65,primary,2041
category,EB-2,principal_backlog_2040,Capped minus uncapped,-18447.0,catchall_60_65,primary,2041
category,EB-3,age21_events_2025_2040,Capped,63482.0,catchall_60_65,primary,2041
category,EB-3,age21_events_2025_2040,Uncapped,39905.0,catchall_60_65,primary,2041
category,EB-3,age21_events_2025_2040,Capped minus uncapped,23577.0,catchall_60_65,primary,2041
category,EB-3,principal_exits_2025_2040,Capped,245548.0,catchall_60_65,primary,2041
category,EB-3,principal_exits_2025_2040,Uncapped,250669.0,catchall_60_65,primary,2041
category,EB-3,principal_exits_2025_2040,Capped minus uncapped,-5121.0,catchall_60_65,primary,2041
category,EB-3,principal_backlog_2040,Capped,551788.0,catchall_60_65,primary,2041
category,EB-3,principal_backlog_2040,Uncapped,557934.0,catchall_60_65,primary,2041
category,EB-3,principal_backlog_2040,Capped minus uncapped,-6146.0,catchall_60_65,primary,2041
category,EB-4,age21_events_2025_2040,Capped,49572.0,catchall_60_65,primary,2041
category,EB-4,age21_events_2025_2040,Uncapped,49746.0,catchall_60_65,primary,2041
category,EB-4,age21_events_2025_2040,Capped minus uncapped,-174.0,catchall_60_65,primary,2041
category,EB-4,principal_exits_2025_2040,Capped,519259.0,catchall_60_65,primary,2041
category,EB-4,principal_exits_2025_2040,Uncapped,519352.0,catchall_60_65,primary,2041
category,EB-4,principal_exits_2025_2040,Capped minus uncapped,-93.0,catchall_60_65,primary,2041
category,EB-4,principal_backlog_2040,Capped,1024016.0,catchall_60_65,primary,2041
category,EB-4,principal_backlog_2040,Uncapped,1021645.0,catchall_60_65,primary,2041
category,EB-4,principal_backlog_2040,Capped minus uncapped,2371.0,catchall_60_65,primary,2041
category,EB-5,age21_events_2025_2040,Capped,1059.0,catchall_60_65,primary,2041
category,EB-5,age21_events_2025_2040,Uncapped,591.0,catchall_60_65,primary,2041
category,EB-5,age21_events_2025_2040,Capped minus uncapped,468.0,catchall_60_65,primary,2041
category,EB-5,principal_exits_2025_2040,Capped,3787.0,catchall_60_65,primary,2041
category,EB-5,principal_exits_2025_2040,Uncapped,3349.0,catchall_60_65,primary,2041
category,EB-5,principal_exits_2025_2040,Capped minus uncapped,438.0,catchall_60_65,primary,2041
category,EB-5,principal_backlog_2040,Capped,26941.0,catchall_60_65,primary,2041
category,EB-5,principal_backlog_2040,Uncapped,26865.0,catchall_60_65,primary,2041
category,EB-5,principal_backlog_2040,Capped minus uncapped,76.0,catchall_60_65,primary,2041
joint,EB-1 / India,age21_events_2025_2040,Capped minus uncapped,1422.0,catchall_60_65,primary,2041
joint,EB-1 / China,age21_events_2025_2040,Capped minus uncapped,908.0,catchall_60_65,primary,2041
joint,EB-1 / ROW,age21_events_2025_2040,Capped minus uncapped,-551.0,catchall_60_65,primary,2041
joint,EB-2 / India,age21_events_2025_2040,Capped minus uncapped,75218.0,catchall_60_65,primary,2041
joint,EB-2 / China,age21_events_2025_2040,Capped minus uncapped,593.0,catchall_60_65,primary,2041
joint,EB-2 / ROW,age21_events_2025_2040,Capped minus uncapped,-34638.0,catchall_60_65,primary,2041
joint,EB-3 / India,age21_events_2025_2040,Capped minus uncapped,43695.0,catchall_60_65,primary,2041
joint,EB-3 / China,age21_events_2025_2040,Capped minus uncapped,2219.0,catchall_60_65,primary,2041
joint,EB-3 / ROW,age21_events_2025_2040,Capped minus uncapped,-22337.0,catchall_60_65,primary,2041
joint,EB-4 / India,age21_events_2025_2040,Capped minus uncapped,-791.0,catchall_60_65,primary,2041
joint,EB-4 / China,age21_events_2025_2040,Capped minus uncapped,-125.0,catchall_60_65,primary,2041
joint,EB-4 / ROW,age21_events_2025_2040,Capped minus uncapped,742.0,catchall_60_65,primary,2041
joint,EB-5 / India,age21_events_2025_2040,Capped minus uncapped,171.0,catchall_60_65,primary,2041
joint,EB-5 / China,age21_events_2025_2040,Capped minus uncapped,559.0,catchall_60_65,primary,2041
joint,EB-5 / ROW,age21_events_2025_2040,Capped minus uncapped,-262.0,catchall_60_65,primary,2041
overall,All,age21_events_2025_2040,Capped,265900.0,catchall_60_65,primary,2042
overall,All,age21_events_2025_2040,Uncapped,200433.0,catchall_60_65,primary,2042
overall,All,age21_events_2025_2040,Capped minus uncapped,65467.0,catchall_60_65,primary,2042
overall,All,principal_exits_2025_2040,Capped,1093325.0,catchall_60_65,primary,2042
overall,All,principal_exits_2025_2040,Uncapped,1073305.0,catchall_60_65,primary,2042
overall,All,principal_exits_2025_2040,Capped minus uncapped,20020.0,catchall_60_65,primary,2042
overall,All,principal_conversions_2025_2040,Capped,1262744.0,catchall_60_65,primary,2042
overall,All,principal_conversions_2025_2040,Uncapped,1266814.0,catchall_60_65,primary,2042
overall,All,principal_conversions_2025_2040,Capped minus uncapped,-4070.0,catchall_60_65,primary,2042
overall,All,principal_backlog_2040,Capped,2773354.0,catchall_60_65,primary,2042
overall,All,principal_backlog_2040,Uncapped,2789304.0,catchall_60_65,primary,2042
overall,All,principal_backlog_2040,Capped minus uncapped,-15950.0,catchall_60_65,primary,2042
nationality,India,age21_events_2025_2040,Capped,193063.0,catchall_60_65,primary,2042
nationality,India,age21_events_2025_2040,Uncapped,73647.0,catchall_60_65,primary,2042
nationality,India,age21_events_2025_2040,Capped minus uncapped,119416.0,catchall_60_65,primary,2042
nationality,India,principal_exits_2025_2040,Capped,334484.0,catchall_60_65,primary,2042
nationality,India,principal_exits_2025_2040,Uncapped,187532.0,catchall_60_65,primary,2042
nationality,India,principal_exits_2025_2040,Capped minus uncapped,146952.0,catchall_60_65,primary,2042
nationality,India,principal_backlog_2040,Capped,1075873.0,catchall_60_65,primary,2042
nationality,India,principal_backlog_2040,Uncapped,748287.0,catchall_60_65,primary,2042
nationality,India,principal_backlog_2040,Capped minus uncapped,327586.0,catchall_60_65,primary,2042
nationality,China,age21_events_2025_2040,Capped,18525.0,catchall_60_65,primary,2042
nationality,China,age21_events_2025_2040,Uncapped,14672.0,catchall_60_65,primary,2042
nationality,China,age21_events_2025_2040,Capped minus uncapped,3853.0,catchall_60_65,primary,2042
nationality,China,principal_exits_2025_2040,Capped,104499.0,catchall_60_65,primary,2042
nationality,China,principal_exits_2025_2040,Uncapped,95589.0,catchall_60_65,primary,2042
nationality,China,principal_exits_2025_2040,Capped minus uncapped,8910.0,catchall_60_65,primary,2042
nationality,China,principal_backlog_2040,Capped,341778.0,catchall_60_65,primary,2042
nationality,China,principal_backlog_2040,Uncapped,286559.0,catchall_60_65,primary,2042
nationality,China,principal_backlog_2040,Capped minus uncapped,55219.0,catchall_60_65,primary,2042
nationality,ROW,age21_events_2025_2040,Capped,54312.0,catchall_60_65,primary,2042
nationality,ROW,age21_events_2025_2040,Uncapped,112114.0,catchall_60_65,primary,2042
nationality,ROW,age21_events_2025_2040,Capped minus uncapped,-57802.0,catchall_60_65,primary,2042
nationality,ROW,principal_exits_2025_2040,Capped,654342.0,catchall_60_65,primary,2042
nationality,ROW,principal_exits_2025_2040,Uncapped,790184.0,catchall_60_65,primary,2042
nationality,ROW,principal_exits_2025_2040,Capped minus uncapped,-135842.0,catchall_60_65,primary,2042
nationality,ROW,principal_backlog_2040,Capped,1355703.0,catchall_60_65,primary,2042
nationality,ROW,principal_backlog_2040,Uncapped,1754458.0,catchall_60_65,primary,2042
nationality,ROW,principal_backlog_2040,Capped minus uncapped,-398755.0,catchall_60_65,primary,2042
category,EB-1,age21_events_2025_2040,Capped,2423.0,catchall_60_65,primary,2042
category,EB-1,age21_events_2025_2040,Uncapped,770.0,catchall_60_65,primary,2042
category,EB-1,age21_events_2025_2040,Capped minus uncapped,1653.0,catchall_60_65,primary,2042
category,EB-1,principal_exits_2025_2040,Capped,15914.0,catchall_60_65,primary,2042
category,EB-1,principal_exits_2025_2040,Uncapped,16597.0,catchall_60_65,primary,2042
category,EB-1,principal_exits_2025_2040,Capped minus uncapped,-683.0,catchall_60_65,primary,2042
category,EB-1,principal_backlog_2040,Capped,128847.0,catchall_60_65,primary,2042
category,EB-1,principal_backlog_2040,Uncapped,124654.0,catchall_60_65,primary,2042
category,EB-1,principal_backlog_2040,Capped minus uncapped,4193.0,catchall_60_65,primary,2042
category,EB-2,age21_events_2025_2040,Capped,149107.0,catchall_60_65,primary,2042
category,EB-2,age21_events_2025_2040,Uncapped,108718.0,catchall_60_65,primary,2042
category,EB-2,age21_events_2025_2040,Capped minus uncapped,40389.0,catchall_60_65,primary,2042
category,EB-2,principal_exits_2025_2040,Capped,309430.0,catchall_60_65,primary,2042
category,EB-2,principal_exits_2025_2040,Uncapped,283518.0,catchall_60_65,primary,2042
category,EB-2,principal_exits_2025_2040,Capped minus uncapped,25912.0,catchall_60_65,primary,2042
category,EB-2,principal_backlog_2040,Capped,1041319.0,catchall_60_65,primary,2042
category,EB-2,principal_backlog_2040,Uncapped,1058361.0,catchall_60_65,primary,2042
category,EB-2,principal_backlog_2040,Capped minus uncapped,-17042.0,catchall_60_65,primary,2042
category,EB-3,age21_events_2025_2040,Capped,63729.0,catchall_60_65,primary,2042
category,EB-3,age21_events_2025_2040,Uncapped,40522.0,catchall_60_65,primary,2042
category,EB-3,age21_events_2025_2040,Capped minus uncapped,23207.0,catchall_60_65,primary,2042
category,EB-3,principal_exits_2025_2040,Capped,244517.0,catchall_60_65,primary,2042
category,EB-3,principal_exits_2025_2040,Uncapped,249629.0,catchall_60_65,primary,2042
category,EB-3,principal_exits_2025_2040,Capped minus uncapped,-5112.0,catchall_60_65,primary,2042
category,EB-3,principal_backlog_2040,Capped,552878.0,catchall_60_65,primary,2042
category,EB-3,principal_backlog_2040,Uncapped,558855.0,catchall_60_65,primary,2042
category,EB-3,principal_backlog_2040,Capped minus uncapped,-5977.0,catchall_60_65,primary,2042
category,EB-4,age21_events_2025_2040,Capped,49560.0,catchall_60_65,primary,2042
category,EB-4,age21_events_2025_2040,Uncapped,49865.0,catchall_60_65,primary,2042
category,EB-4,age21_events_2025_2040,Capped minus uncapped,-305.0,catchall_60_65,primary,2042
category,EB-4,principal_exits_2025_2040,Capped,519693.0,catchall_60_65,primary,2042
category,EB-4,principal_exits_2025_2040,Uncapped,520216.0,catchall_60_65,primary,2042
category,EB-4,principal_exits_2025_2040,Capped minus uncapped,-523.0,catchall_60_65,primary,2042
category,EB-4,principal_backlog_2040,Capped,1023528.0,catchall_60_65,primary,2042
category,EB-4,principal_backlog_2040,Uncapped,1020818.0,catchall_60_65,primary,2042
category,EB-4,principal_backlog_2040,Capped minus uncapped,2710.0,catchall_60_65,primary,2042
category,EB-5,age21_events_2025_2040,Capped,1081.0,catchall_60_65,primary,2042
category,EB-5,age21_events_2025_2040,Uncapped,558.0,catchall_60_65,primary,2042
category,EB-5,age21_events_2025_2040,Capped minus uncapped,523.0,catchall_60_65,primary,2042
category,EB-5,principal_exits_2025_2040,Capped,3771.0,catchall_60_65,primary,2042
category,EB-5,principal_exits_2025_2040,Uncapped,3345.0,catchall_60_65,primary,2042
category,EB-5,principal_exits_2025_2040,Capped minus uncapped,426.0,catchall_60_65,primary,2042
category,EB-5,principal_backlog_2040,Capped,26782.0,catchall_60_65,primary,2042
category,EB-5,principal_backlog_2040,Uncapped,26616.0,catchall_60_65,primary,2042
category,EB-5,principal_backlog_2040,Capped minus uncapped,166.0,catchall_60_65,primary,2042
joint,EB-1 / India,age21_events_2025_2040,Capped minus uncapped,1327.0,catchall_60_65,primary,2042
joint,EB-1 / China,age21_events_2025_2040,Capped minus uncapped,914.0,catchall_60_65,primary,2042
joint,EB-1 / ROW,age21_events_2025_2040,Capped minus uncapped,-588.0,catchall_60_65,primary,2042
joint,EB-2 / India,age21_events_2025_2040,Capped minus uncapped,74904.0,catchall_60_65,primary,2042
joint,EB-2 / China,age21_events_2025_2040,Capped minus uncapped,404.0,catchall_60_65,primary,2042
joint,EB-2 / ROW,age21_events_2025_2040,Capped minus uncapped,-34919.0,catchall_60_65,primary,2042
joint,EB-3 / India,age21_events_2025_2040,Capped minus uncapped,43729.0,catchall_60_65,primary,2042
joint,EB-3 / China,age21_events_2025_2040,Capped minus uncapped,2103.0,catchall_60_65,primary,2042
joint,EB-3 / ROW,age21_events_2025_2040,Capped minus uncapped,-22625.0,catchall_60_65,primary,2042
joint,EB-4 / India,age21_events_2025_2040,Capped minus uncapped,-742.0,catchall_60_65,primary,2042
joint,EB-4 / China,age21_events_2025_2040,Capped minus uncapped,-139.0,catchall_60_65,primary,2042
joint,EB-4 / ROW,age21_events_2025_2040,Capped minus uncapped,576.0,catchall_60_65,primary,2042
joint,EB-5 / India,age21_events_2025_2040,Capped minus uncapped,198.0,catchall_60_65,primary,2042
joint,EB-5 / China,age21_events_2025_2040,Capped minus uncapped,571.0,catchall_60_65,primary,2042
joint,EB-5 / ROW,age21_events_2025_2040,Capped minus uncapped,-246.0,catchall_60_65,primary,2042
overall,All,age21_events_2025_2040,Capped,267503.0,catchall_60_65,primary,2043
overall,All,age21_events_2025_2040,Uncapped,200283.0,catchall_60_65,primary,2043
overall,All,age21_events_2025_2040,Capped minus uncapped,67220.0,catchall_60_65,primary,2043
overall,All,principal_exits_2025_2040,Capped,1093613.0,catchall_60_65,primary,2043
overall,All,principal_exits_2025_2040,Uncapped,1071351.0,catchall_60_65,primary,2043
overall,All,principal_exits_2025_2040,Capped minus uncapped,22262.0,catchall_60_65,primary,2043
overall,All,principal_conversions_2025_2040,Capped,1262789.0,catchall_60_65,primary,2043
overall,All,principal_conversions_2025_2040,Uncapped,1266584.0,catchall_60_65,primary,2043
overall,All,principal_conversions_2025_2040,Capped minus uncapped,-3795.0,catchall_60_65,primary,2043
overall,All,principal_backlog_2040,Capped,2774620.0,catchall_60_65,primary,2043
overall,All,principal_backlog_2040,Uncapped,2793087.0,catchall_60_65,primary,2043
overall,All,principal_backlog_2040,Capped minus uncapped,-18467.0,catchall_60_65,primary,2043
nationality,India,age21_events_2025_2040,Capped,193909.0,catchall_60_65,primary,2043
nationality,India,age21_events_2025_2040,Uncapped,73441.0,catchall_60_65,primary,2043
nationality,India,age21_events_2025_2040,Capped minus uncapped,120468.0,catchall_60_65,primary,2043
nationality,India,principal_exits_2025_2040,Capped,334566.0,catchall_60_65,primary,2043
nationality,India,principal_exits_2025_2040,Uncapped,186860.0,catchall_60_65,primary,2043
nationality,India,principal_exits_2025_2040,Capped minus uncapped,147706.0,catchall_60_65,primary,2043
nationality,India,principal_backlog_2040,Capped,1077539.0,catchall_60_65,primary,2043
nationality,India,principal_backlog_2040,Uncapped,750526.0,catchall_60_65,primary,2043
nationality,India,principal_backlog_2040,Capped minus uncapped,327013.0,catchall_60_65,primary,2043
nationality,China,age21_events_2025_2040,Capped,18893.0,catchall_60_65,primary,2043
nationality,China,age21_events_2025_2040,Uncapped,14836.0,catchall_60_65,primary,2043
nationality,China,age21_events_2025_2040,Capped minus uncapped,4057.0,catchall_60_65,primary,2043
nationality,China,principal_exits_2025_2040,Capped,104487.0,catchall_60_65,primary,2043
nationality,China,principal_exits_2025_2040,Uncapped,95167.0,catchall_60_65,primary,2043
nationality,China,principal_exits_2025_2040,Capped minus uncapped,9320.0,catchall_60_65,primary,2043
nationality,China,principal_backlog_2040,Capped,342005.0,catchall_60_65,primary,2043
nationality,China,principal_backlog_2040,Uncapped,287160.0,catchall_60_65,primary,2043
nationality,China,principal_backlog_2040,Capped minus uncapped,54845.0,catchall_60_65,primary,2043
nationality,ROW,age21_events_2025_2040,Capped,54701.0,catchall_60_65,primary,2043
nationality,ROW,age21_events_2025_2040,Uncapped,112006.0,catchall_60_65,primary,2043
nationality,ROW,age21_events_2025_2040,Capped minus uncapped,-57305.0,catchall_60_65,primary,2043
nationality,ROW,principal_exits_2025_2040,Capped,654560.0,catchall_60_65,primary,2043
nationality,ROW,principal_exits_2025_2040,Uncapped,789324.0,catchall_60_65,primary,2043
nationality,ROW,principal_exits_2025_2040,Capped minus uncapped,-134764.0,catchall_60_65,primary,2043
nationality,ROW,principal_backlog_2040,Capped,1355076.0,catchall_60_65,primary,2043
nationality,ROW,principal_backlog_2040,Uncapped,1755401.0,catchall_60_65,primary,2043
nationality,ROW,principal_backlog_2040,Capped minus uncapped,-400325.0,catchall_60_65,primary,2043
category,EB-1,age21_events_2025_2040,Capped,2538.0,catchall_60_65,primary,2043
category,EB-1,age21_events_2025_2040,Uncapped,738.0,catchall_60_65,primary,2043
category,EB-1,age21_events_2025_2040,Capped minus uncapped,1800.0,catchall_60_65,primary,2043
category,EB-1,principal_exits_2025_2040,Capped,15739.0,catchall_60_65,primary,2043
category,EB-1,principal_exits_2025_2040,Uncapped,16636.0,catchall_60_65,primary,2043
category,EB-1,principal_exits_2025_2040,Capped minus uncapped,-897.0,catchall_60_65,primary,2043
category,EB-1,principal_backlog_2040,Capped,128948.0,catchall_60_65,primary,2043
category,EB-1,principal_backlog_2040,Uncapped,124904.0,catchall_60_65,primary,2043
category,EB-1,principal_backlog_2040,Capped minus uncapped,4044.0,catchall_60_65,primary,2043
category,EB-2,age21_events_2025_2040,Capped,150149.0,catchall_60_65,primary,2043
category,EB-2,age21_events_2025_2040,Uncapped,108679.0,catchall_60_65,primary,2043
category,EB-2,age21_events_2025_2040,Capped minus uncapped,41470.0,catchall_60_65,primary,2043
category,EB-2,principal_exits_2025_2040,Capped,309467.0,catchall_60_65,primary,2043
category,EB-2,principal_exits_2025_2040,Uncapped,282152.0,catchall_60_65,primary,2043
category,EB-2,principal_exits_2025_2040,Capped minus uncapped,27315.0,catchall_60_65,primary,2043
category,EB-2,principal_backlog_2040,Capped,1042233.0,catchall_60_65,primary,2043
category,EB-2,principal_backlog_2040,Uncapped,1060846.0,catchall_60_65,primary,2043
category,EB-2,principal_backlog_2040,Capped minus uncapped,-18613.0,catchall_60_65,primary,2043
category,EB-3,age21_events_2025_2040,Capped,63934.0,catchall_60_65,primary,2043
category,EB-3,age21_events_2025_2040,Uncapped,40509.0,catchall_60_65,primary,2043
category,EB-3,age21_events_2025_2040,Capped minus uncapped,23425.0,catchall_60_65,primary,2043
category,EB-3,principal_exits_2025_2040,Capped,244959.0,catchall_60_65,primary,2043
category,EB-3,principal_exits_2025_2040,Uncapped,249851.0,catchall_60_65,primary,2043
category,EB-3,principal_exits_2025_2040,Capped minus uncapped,-4892.0,catchall_60_65,primary,2043
category,EB-3,principal_backlog_2040,Capped,552688.0,catchall_60_65,primary,2043
category,EB-3,principal_backlog_2040,Uncapped,558655.0,catchall_60_65,primary,2043
category,EB-3,principal_backlog_2040,Capped minus uncapped,-5967.0,catchall_60_65,primary,2043
category,EB-4,age21_events_2025_2040,Capped,49741.0,catchall_60_65,primary,2043
category,EB-4,age21_events_2025_2040,Uncapped,49764.0,catchall_60_65,primary,2043
category,EB-4,age21_events_2025_2040,Capped minus uncapped,-23.0,catchall_60_65,primary,2043
category,EB-4,principal_exits_2025_2040,Capped,519525.0,catchall_60_65,primary,2043
category,EB-4,principal_exits_2025_2040,Uncapped,519273.0,catchall_60_65,primary,2043
category,EB-4,principal_exits_2025_2040,Capped minus uncapped,252.0,catchall_60_65,primary,2043
category,EB-4,principal_backlog_2040,Capped,1024088.0,catchall_60_65,primary,2043
category,EB-4,principal_backlog_2040,Uncapped,1022043.0,catchall_60_65,primary,2043
category,EB-4,principal_backlog_2040,Capped minus uncapped,2045.0,catchall_60_65,primary,2043
category,EB-5,age21_events_2025_2040,Capped,1141.0,catchall_60_65,primary,2043
category,EB-5,age21_events_2025_2040,Uncapped,593.0,catchall_60_65,primary,2043
category,EB-5,age21_events_2025_2040,Capped minus uncapped,548.0,catchall_60_65,primary,2043
category,EB-5,principal_exits_2025_2040,Capped,3923.0,catchall_60_65,primary,2043
category,EB-5,principal_exits_2025_2040,Uncapped,3439.0,catchall_60_65,primary,2043
category,EB-5,principal_exits_2025_2040,Capped minus uncapped,484.0,catchall_60_65,primary,2043
category,EB-5,principal_backlog_2040,Capped,26663.0,catchall_60_65,primary,2043
category,EB-5,principal_backlog_2040,Uncapped,26639.0,catchall_60_65,primary,2043
category,EB-5,principal_backlog_2040,Capped minus uncapped,24.0,catchall_60_65,primary,2043
joint,EB-1 / India,age21_events_2025_2040,Capped minus uncapped,1414.0,catchall_60_65,primary,2043
joint,EB-1 / China,age21_events_2025_2040,Capped minus uncapped,963.0,catchall_60_65,primary,2043
joint,EB-1 / ROW,age21_events_2025_2040,Capped minus uncapped,-577.0,catchall_60_65,primary,2043
joint,EB-2 / India,age21_events_2025_2040,Capped minus uncapped,75675.0,catchall_60_65,primary,2043
joint,EB-2 / China,age21_events_2025_2040,Capped minus uncapped,491.0,catchall_60_65,primary,2043
joint,EB-2 / ROW,age21_events_2025_2040,Capped minus uncapped,-34696.0,catchall_60_65,primary,2043
joint,EB-3 / India,age21_events_2025_2040,Capped minus uncapped,43971.0,catchall_60_65,primary,2043
joint,EB-3 / China,age21_events_2025_2040,Capped minus uncapped,2095.0,catchall_60_65,primary,2043
joint,EB-3 / ROW,age21_events_2025_2040,Capped minus uncapped,-22641.0,catchall_60_65,primary,2043
joint,EB-4 / India,age21_events_2025_2040,Capped minus uncapped,-762.0,catchall_60_65,primary,2043
joint,EB-4 / China,age21_events_2025_2040,Capped minus uncapped,-124.0,catchall_60_65,primary,2043
joint,EB-4 / ROW,age21_events_2025_2040,Capped minus uncapped,863.0,catchall_60_65,primary,2043
joint,EB-5 / India,age21_events_2025_2040,Capped minus uncapped,170.0,catchall_60_65,primary,2043
joint,EB-5 / China,age21_events_2025_2040,Capped minus uncapped,632.0,catchall_60_65,primary,2043
joint,EB-5 / ROW,age21_events_2025_2040,Capped minus uncapped,-254.0,catchall_60_65,primary,2043
overall,All,age21_events_2025_2040,Capped,267102.0,catchall_60_65,primary,2044
overall,All,age21_events_2025_2040,Uncapped,200140.0,catchall_60_65,primary,2044
overall,All,age21_events_2025_2040,Capped minus uncapped,66962.0,catchall_60_65,primary,2044
overall,All,principal_exits_2025_2040,Capped,1095474.0,catchall_60_65,primary,2044
overall,All,principal_exits_2025_2040,Uncapped,1074604.0,catchall_60_65,primary,2044
overall,All,principal_exits_2025_2040,Capped minus uncapped,20870.0,catchall_60_65,primary,2044
overall,All,principal_conversions_2025_2040,Capped,1262530.0,catchall_60_65,primary,2044
overall,All,principal_conversions_2025_2040,Uncapped,1266506.0,catchall_60_65,primary,2044
overall,All,principal_conversions_2025_2040,Capped minus uncapped,-3976.0,catchall_60_65,primary,2044
overall,All,principal_backlog_2040,Capped,2773455.0,catchall_60_65,primary,2044
overall,All,principal_backlog_2040,Uncapped,2790349.0,catchall_60_65,primary,2044
overall,All,principal_backlog_2040,Capped minus uncapped,-16894.0,catchall_60_65,primary,2044
nationality,India,age21_events_2025_2040,Capped,193914.0,catchall_60_65,primary,2044
nationality,India,age21_events_2025_2040,Uncapped,73361.0,catchall_60_65,primary,2044
nationality,India,age21_events_2025_2040,Capped minus uncapped,120553.0,catchall_60_65,primary,2044
nationality,India,principal_exits_2025_2040,Capped,334812.0,catchall_60_65,primary,2044
nationality,India,principal_exits_2025_2040,Uncapped,187473.0,catchall_60_65,primary,2044
nationality,India,principal_exits_2025_2040,Capped minus uncapped,147339.0,catchall_60_65,primary,2044
nationality,India,principal_backlog_2040,Capped,1078677.0,catchall_60_65,primary,2044
nationality,India,principal_backlog_2040,Uncapped,750836.0,catchall_60_65,primary,2044
nationality,India,principal_backlog_2040,Capped minus uncapped,327841.0,catchall_60_65,primary,2044
nationality,China,age21_events_2025_2040,Capped,18766.0,catchall_60_65,primary,2044
nationality,China,age21_events_2025_2040,Uncapped,14771.0,catchall_60_65,primary,2044
nationality,China,age21_events_2025_2040,Capped minus uncapped,3995.0,catchall_60_65,primary,2044
nationality,China,principal_exits_2025_2040,Capped,104308.0,catchall_60_65,primary,2044
nationality,China,principal_exits_2025_2040,Uncapped,95280.0,catchall_60_65,primary,2044
nationality,China,principal_exits_2025_2040,Capped minus uncapped,9028.0,catchall_60_65,primary,2044
nationality,China,principal_backlog_2040,Capped,341878.0,catchall_60_65,primary,2044
nationality,China,principal_backlog_2040,Uncapped,286526.0,catchall_60_65,primary,2044
nationality,China,principal_backlog_2040,Capped minus uncapped,55352.0,catchall_60_65,primary,2044
nationality,ROW,age21_events_2025_2040,Capped,54422.0,catchall_60_65,primary,2044
nationality,ROW,age21_events_2025_2040,Uncapped,112008.0,catchall_60_65,primary,2044
nationality,ROW,age21_events_2025_2040,Capped minus uncapped,-57586.0,catchall_60_65,primary,2044
nationality,ROW,principal_exits_2025_2040,Capped,656354.0,catchall_60_65,primary,2044
nationality,ROW,principal_exits_2025_2040,Uncapped,791851.0,catchall_60_65,primary,2044
nationality,ROW,principal_exits_2025_2040,Capped minus uncapped,-135497.0,catchall_60_65,primary,2044
nationality,ROW,principal_backlog_2040,Capped,1352900.0,catchall_60_65,primary,2044
nationality,ROW,principal_backlog_2040,Uncapped,1752987.0,catchall_60_65,primary,2044
nationality,ROW,principal_backlog_2040,Capped minus uncapped,-400087.0,catchall_60_65,primary,2044
category,EB-1,age21_events_2025_2040,Capped,2510.0,catchall_60_65,primary,2044
category,EB-1,age21_events_2025_2040,Uncapped,744.0,catchall_60_65,primary,2044
category,EB-1,age21_events_2025_2040,Capped minus uncapped,1766.0,catchall_60_65,primary,2044
category,EB-1,principal_exits_2025_2040,Capped,15882.0,catchall_60_65,primary,2044
category,EB-1,principal_exits_2025_2040,Uncapped,16792.0,catchall_60_65,primary,2044
category,EB-1,principal_exits_2025_2040,Capped minus uncapped,-910.0,catchall_60_65,primary,2044
category,EB-1,principal_backlog_2040,Capped,129710.0,catchall_60_65,primary,2044
category,EB-1,principal_backlog_2040,Uncapped,125443.0,catchall_60_65,primary,2044
category,EB-1,principal_backlog_2040,Capped minus uncapped,4267.0,catchall_60_65,primary,2044
category,EB-2,age21_events_2025_2040,Capped,149886.0,catchall_60_65,primary,2044
category,EB-2,age21_events_2025_2040,Uncapped,108906.0,catchall_60_65,primary,2044
category,EB-2,age21_events_2025_2040,Capped minus uncapped,40980.0,catchall_60_65,primary,2044
category,EB-2,principal_exits_2025_2040,Capped,309412.0,catchall_60_65,primary,2044
category,EB-2,principal_exits_2025_2040,Uncapped,283104.0,catchall_60_65,primary,2044
category,EB-2,principal_exits_2025_2040,Capped minus uncapped,26308.0,catchall_60_65,primary,2044
category,EB-2,principal_backlog_2040,Capped,1042120.0,catchall_60_65,primary,2044
category,EB-2,principal_backlog_2040,Uncapped,1059410.0,catchall_60_65,primary,2044
category,EB-2,principal_backlog_2040,Capped minus uncapped,-17290.0,catchall_60_65,primary,2044
category,EB-3,age21_events_2025_2040,Capped,64015.0,catchall_60_65,primary,2044
category,EB-3,age21_events_2025_2040,Uncapped,40139.0,catchall_60_65,primary,2044
category,EB-3,age21_events_2025_2040,Capped minus uncapped,23876.0,catchall_60_65,primary,2044
category,EB-3,principal_exits_2025_2040,Capped,244875.0,catchall_60_65,primary,2044
category,EB-3,principal_exits_2025_2040,Uncapped,250302.0,catchall_60_65,primary,2044
category,EB-3,principal_exits_2025_2040,Capped minus uncapped,-5427.0,catchall_60_65,primary,2044
category,EB-3,principal_backlog_2040,Capped,552879.0,catchall_60_65,primary,2044
category,EB-3,principal_backlog_2040,Uncapped,558619.0,catchall_60_65,primary,2044
category,EB-3,principal_backlog_2040,Capped minus uncapped,-5740.0,catchall_60_65,primary,2044
category,EB-4,age21_events_2025_2040,Capped,49541.0,catchall_60_65,primary,2044
category,EB-4,age21_events_2025_2040,Uncapped,49740.0,catchall_60_65,primary,2044
category,EB-4,age21_events_2025_2040,Capped minus uncapped,-199.0,catchall_60_65,primary,2044
category,EB-4,principal_exits_2025_2040,Capped,521564.0,catchall_60_65,primary,2044
category,EB-4,principal_exits_2025_2040,Uncapped,521027.0,catchall_60_65,primary,2044
category,EB-4,principal_exits_2025_2040,Capped minus uncapped,537.0,catchall_60_65,primary,2044
category,EB-4,principal_backlog_2040,Capped,1021950.0,catchall_60_65,primary,2044
category,EB-4,principal_backlog_2040,Uncapped,1020289.0,catchall_60_65,primary,2044
category,EB-4,principal_backlog_2040,Capped minus uncapped,1661.0,catchall_60_65,primary,2044
category,EB-5,age21_events_2025_2040,Capped,1150.0,catchall_60_65,primary,2044
category,EB-5,age21_events_2025_2040,Uncapped,611.0,catchall_60_65,primary,2044
category,EB-5,age21_events_2025_2040,Capped minus uncapped,539.0,catchall_60_65,primary,2044
category,EB-5,principal_exits_2025_2040,Capped,3741.0,catchall_60_65,primary,2044
category,EB-5,principal_exits_2025_2040,Uncapped,3379.0,catchall_60_65,primary,2044
category,EB-5,principal_exits_2025_2040,Capped minus uncapped,362.0,catchall_60_65,primary,2044
category,EB-5,principal_backlog_2040,Capped,26796.0,catchall_60_65,primary,2044
category,EB-5,principal_backlog_2040,Uncapped,26588.0,catchall_60_65,primary,2044
category,EB-5,principal_backlog_2040,Capped minus uncapped,208.0,catchall_60_65,primary,2044
joint,EB-1 / India,age21_events_2025_2040,Capped minus uncapped,1407.0,catchall_60_65,primary,2044
joint,EB-1 / China,age21_events_2025_2040,Capped minus uncapped,942.0,catchall_60_65,primary,2044
joint,EB-1 / ROW,age21_events_2025_2040,Capped minus uncapped,-583.0,catchall_60_65,primary,2044
joint,EB-2 / India,age21_events_2025_2040,Capped minus uncapped,75566.0,catchall_60_65,primary,2044
joint,EB-2 / China,age21_events_2025_2040,Capped minus uncapped,415.0,catchall_60_65,primary,2044
joint,EB-2 / ROW,age21_events_2025_2040,Capped minus uncapped,-35001.0,catchall_60_65,primary,2044
joint,EB-3 / India,age21_events_2025_2040,Capped minus uncapped,44247.0,catchall_60_65,primary,2044
joint,EB-3 / China,age21_events_2025_2040,Capped minus uncapped,2135.0,catchall_60_65,primary,2044
joint,EB-3 / ROW,age21_events_2025_2040,Capped minus uncapped,-22506.0,catchall_60_65,primary,2044
joint,EB-4 / India,age21_events_2025_2040,Capped minus uncapped,-847.0,catchall_60_65,primary,2044
joint,EB-4 / China,age21_events_2025_2040,Capped minus uncapped,-146.0,catchall_60_65,primary,2044
joint,EB-4 / ROW,age21_events_2025_2040,Capped minus uncapped,794.0,catchall_60_65,primary,2044
joint,EB-5 / India,age21_events_2025_2040,Capped minus uncapped,180.0,catchall_60_65,primary,2044
joint,EB-5 / China,age21_events_2025_2040,Capped minus uncapped,649.0,catchall_60_65,primary,2044
joint,EB-5 / ROW,age21_events_2025_2040,Capped minus uncapped,-290.0,catchall_60_65,primary,2044
overall,All,age21_events_2025_2040,Capped,267431.0,catchall_60_65,primary,2045
overall,All,age21_events_2025_2040,Uncapped,200697.0,catchall_60_65,primary,2045
overall,All,age21_events_2025_2040,Capped minus uncapped,66734.0,catchall_60_65,primary,2045
overall,All,principal_exits_2025_2040,Capped,1092413.0,catchall_60_65,primary,2045
overall,All,principal_exits_2025_2040,Uncapped,1071793.0,catchall_60_65,primary,2045
overall,All,principal_exits_2025_2040,Capped minus uncapped,20620.0,catchall_60_65,primary,2045
overall,All,principal_conversions_2025_2040,Capped,1262908.0,catchall_60_65,primary,2045
overall,All,principal_conversions_2025_2040,Uncapped,1266200.0,catchall_60_65,primary,2045
overall,All,principal_conversions_2025_2040,Capped minus uncapped,-3292.0,catchall_60_65,primary,2045
overall,All,principal_backlog_2040,Capped,2775527.0,catchall_60_65,primary,2045
overall,All,principal_backlog_2040,Uncapped,2792855.0,catchall_60_65,primary,2045
overall,All,principal_backlog_2040,Capped minus uncapped,-17328.0,catchall_60_65,primary,2045
nationality,India,age21_events_2025_2040,Capped,194682.0,catchall_60_65,primary,2045
nationality,India,age21_events_2025_2040,Uncapped,74228.0,catchall_60_65,primary,2045
nationality,India,age21_events_2025_2040,Capped minus uncapped,120454.0,catchall_60_65,primary,2045
nationality,India,principal_exits_2025_2040,Capped,334632.0,catchall_60_65,primary,2045
nationality,India,principal_exits_2025_2040,Uncapped,187270.0,catchall_60_65,primary,2045
nationality,India,principal_exits_2025_2040,Capped minus uncapped,147362.0,catchall_60_65,primary,2045
nationality,India,principal_backlog_2040,Capped,1079672.0,catchall_60_65,primary,2045
nationality,India,principal_backlog_2040,Uncapped,750761.0,catchall_60_65,primary,2045
nationality,India,principal_backlog_2040,Capped minus uncapped,328911.0,catchall_60_65,primary,2045
nationality,China,age21_events_2025_2040,Capped,18761.0,catchall_60_65,primary,2045
nationality,China,age21_events_2025_2040,Uncapped,14848.0,catchall_60_65,primary,2045
nationality,China,age21_events_2025_2040,Capped minus uncapped,3913.0,catchall_60_65,primary,2045
nationality,China,principal_exits_2025_2040,Capped,104767.0,catchall_60_65,primary,2045
nationality,China,principal_exits_2025_2040,Uncapped,95670.0,catchall_60_65,primary,2045
nationality,China,principal_exits_2025_2040,Capped minus uncapped,9097.0,catchall_60_65,primary,2045
nationality,China,principal_backlog_2040,Capped,341361.0,catchall_60_65,primary,2045
nationality,China,principal_backlog_2040,Uncapped,286520.0,catchall_60_65,primary,2045
nationality,China,principal_backlog_2040,Capped minus uncapped,54841.0,catchall_60_65,primary,2045
nationality,ROW,age21_events_2025_2040,Capped,53988.0,catchall_60_65,primary,2045
nationality,ROW,age21_events_2025_2040,Uncapped,111621.0,catchall_60_65,primary,2045
nationality,ROW,age21_events_2025_2040,Capped minus uncapped,-57633.0,catchall_60_65,primary,2045
nationality,ROW,principal_exits_2025_2040,Capped,653014.0,catchall_60_65,primary,2045
nationality,ROW,principal_exits_2025_2040,Uncapped,788853.0,catchall_60_65,primary,2045
nationality,ROW,principal_exits_2025_2040,Capped minus uncapped,-135839.0,catchall_60_65,primary,2045
nationality,ROW,principal_backlog_2040,Capped,1354494.0,catchall_60_65,primary,2045
nationality,ROW,principal_backlog_2040,Uncapped,1755574.0,catchall_60_65,primary,2045
nationality,ROW,principal_backlog_2040,Capped minus uncapped,-401080.0,catchall_60_65,primary,2045
category,EB-1,age21_events_2025_2040,Capped,2518.0,catchall_60_65,primary,2045
category,EB-1,age21_events_2025_2040,Uncapped,747.0,catchall_60_65,primary,2045
category,EB-1,age21_events_2025_2040,Capped minus uncapped,1771.0,catchall_60_65,primary,2045
category,EB-1,principal_exits_2025_2040,Capped,16016.0,catchall_60_65,primary,2045
category,EB-1,principal_exits_2025_2040,Uncapped,16739.0,catchall_60_65,primary,2045
category,EB-1,principal_exits_2025_2040,Capped minus uncapped,-723.0,catchall_60_65,primary,2045
category,EB-1,principal_backlog_2040,Capped,129169.0,catchall_60_65,primary,2045
category,EB-1,principal_backlog_2040,Uncapped,125416.0,catchall_60_65,primary,2045
category,EB-1,principal_backlog_2040,Capped minus uncapped,3753.0,catchall_60_65,primary,2045
category,EB-2,age21_events_2025_2040,Capped,150611.0,catchall_60_65,primary,2045
category,EB-2,age21_events_2025_2040,Uncapped,109539.0,catchall_60_65,primary,2045
category,EB-2,age21_events_2025_2040,Capped minus uncapped,41072.0,catchall_60_65,primary,2045
category,EB-2,principal_exits_2025_2040,Capped,308411.0,catchall_60_65,primary,2045
category,EB-2,principal_exits_2025_2040,Uncapped,282615.0,catchall_60_65,primary,2045
category,EB-2,principal_exits_2025_2040,Capped minus uncapped,25796.0,catchall_60_65,primary,2045
category,EB-2,principal_backlog_2040,Capped,1043053.0,catchall_60_65,primary,2045
category,EB-2,principal_backlog_2040,Uncapped,1059898.0,catchall_60_65,primary,2045
category,EB-2,principal_backlog_2040,Capped minus uncapped,-16845.0,catchall_60_65,primary,2045
category,EB-3,age21_events_2025_2040,Capped,63853.0,catchall_60_65,primary,2045
category,EB-3,age21_events_2025_2040,Uncapped,40406.0,catchall_60_65,primary,2045
category,EB-3,age21_events_2025_2040,Capped minus uncapped,23447.0,catchall_60_65,primary,2045
category,EB-3,principal_exits_2025_2040,Capped,244974.0,catchall_60_65,primary,2045
category,EB-3,principal_exits_2025_2040,Uncapped,249830.0,catchall_60_65,primary,2045
category,EB-3,principal_exits_2025_2040,Capped minus uncapped,-4856.0,catchall_60_65,primary,2045
category,EB-3,principal_backlog_2040,Capped,552660.0,catchall_60_65,primary,2045
category,EB-3,principal_backlog_2040,Uncapped,559271.0,catchall_60_65,primary,2045
category,EB-3,principal_backlog_2040,Capped minus uncapped,-6611.0,catchall_60_65,primary,2045
category,EB-4,age21_events_2025_2040,Capped,49335.0,catchall_60_65,primary,2045
category,EB-4,age21_events_2025_2040,Uncapped,49457.0,catchall_60_65,primary,2045
category,EB-4,age21_events_2025_2040,Capped minus uncapped,-122.0,catchall_60_65,primary,2045
category,EB-4,principal_exits_2025_2040,Capped,519102.0,catchall_60_65,primary,2045
category,EB-4,principal_exits_2025_2040,Uncapped,519232.0,catchall_60_65,primary,2045
category,EB-4,principal_exits_2025_2040,Capped minus uncapped,-130.0,catchall_60_65,primary,2045
category,EB-4,principal_backlog_2040,Capped,1023992.0,catchall_60_65,primary,2045
category,EB-4,principal_backlog_2040,Uncapped,1021568.0,catchall_60_65,primary,2045
category,EB-4,principal_backlog_2040,Capped minus uncapped,2424.0,catchall_60_65,primary,2045
category,EB-5,age21_events_2025_2040,Capped,1114.0,catchall_60_65,primary,2045
category,EB-5,age21_events_2025_2040,Uncapped,548.0,catchall_60_65,primary,2045
category,EB-5,age21_events_2025_2040,Capped minus uncapped,566.0,catchall_60_65,primary,2045
category,EB-5,principal_exits_2025_2040,Capped,3910.0,catchall_60_65,primary,2045
category,EB-5,principal_exits_2025_2040,Uncapped,3377.0,catchall_60_65,primary,2045
category,EB-5,principal_exits_2025_2040,Capped minus uncapped,533.0,catchall_60_65,primary,2045
category,EB-5,principal_backlog_2040,Capped,26653.0,catchall_60_65,primary,2045
category,EB-5,principal_backlog_2040,Uncapped,26702.0,catchall_60_65,primary,2045
category,EB-5,principal_backlog_2040,Capped minus uncapped,-49.0,catchall_60_65,primary,2045
joint,EB-1 / India,age21_events_2025_2040,Capped minus uncapped,1426.0,catchall_60_65,primary,2045
joint,EB-1 / China,age21_events_2025_2040,Capped minus uncapped,927.0,catchall_60_65,primary,2045
joint,EB-1 / ROW,age21_events_2025_2040,Capped minus uncapped,-582.0,catchall_60_65,primary,2045
joint,EB-2 / India,age21_events_2025_2040,Capped minus uncapped,75689.0,catchall_60_65,primary,2045
joint,EB-2 / China,age21_events_2025_2040,Capped minus uncapped,336.0,catchall_60_65,primary,2045
joint,EB-2 / ROW,age21_events_2025_2040,Capped minus uncapped,-34953.0,catchall_60_65,primary,2045
joint,EB-3 / India,age21_events_2025_2040,Capped minus uncapped,44070.0,catchall_60_65,primary,2045
joint,EB-3 / China,age21_events_2025_2040,Capped minus uncapped,2131.0,catchall_60_65,primary,2045
joint,EB-3 / ROW,age21_events_2025_2040,Capped minus uncapped,-22754.0,catchall_60_65,primary,2045
joint,EB-4 / India,age21_events_2025_2040,Capped minus uncapped,-899.0,catchall_60_65,primary,2045
joint,EB-4 / China,age21_events_2025_2040,Capped minus uncapped,-107.0,catchall_60_65,primary,2045
joint,EB-4 / ROW,age21_events_2025_2040,Capped minus uncapped,884.0,catchall_60_65,primary,2045
joint,EB-5 / India,age21_events_2025_2040,Capped minus uncapped,168.0,catchall_60_65,primary,2045
joint,EB-5 / China,age21_events_2025_2040,Capped minus uncapped,626.0,catchall_60_65,primary,2045
joint,EB-5 / ROW,age21_events_2025_2040,Capped minus uncapped,-228.0,catchall_60_65,primary,2045
overall,All,age21_events_2025_2040,Capped,266780.0,catchall_60_65,primary,2046
overall,All,age21_events_2025_2040,Uncapped,199936.0,catchall_60_65,primary,2046
overall,All,age21_events_2025_2040,Capped minus uncapped,66844.0,catchall_60_65,primary,2046
overall,All,principal_exits_2025_2040,Capped,1093531.0,catchall_60_65,primary,2046
overall,All,principal_exits_2025_2040,Uncapped,1072106.0,catchall_60_65,primary,2046
overall,All,principal_exits_2025_2040,Capped minus uncapped,21425.0,catchall_60_65,primary,2046
overall,All,principal_conversions_2025_2040,Capped,1262331.0,catchall_60_65,primary,2046
overall,All,principal_conversions_2025_2040,Uncapped,1267164.0,catchall_60_65,primary,2046
overall,All,principal_conversions_2025_2040,Capped minus uncapped,-4833.0,catchall_60_65,primary,2046
overall,All,principal_backlog_2040,Capped,2774314.0,catchall_60_65,primary,2046
overall,All,principal_backlog_2040,Uncapped,2790906.0,catchall_60_65,primary,2046
overall,All,principal_backlog_2040,Capped minus uncapped,-16592.0,catchall_60_65,primary,2046
nationality,India,age21_events_2025_2040,Capped,193525.0,catchall_60_65,primary,2046
nationality,India,age21_events_2025_2040,Uncapped,73510.0,catchall_60_65,primary,2046
nationality,India,age21_events_2025_2040,Capped minus uncapped,120015.0,catchall_60_65,primary,2046
nationality,India,principal_exits_2025_2040,Capped,334938.0,catchall_60_65,primary,2046
nationality,India,principal_exits_2025_2040,Uncapped,187579.0,catchall_60_65,primary,2046
nationality,India,principal_exits_2025_2040,Capped minus uncapped,147359.0,catchall_60_65,primary,2046
nationality,India,principal_backlog_2040,Capped,1078305.0,catchall_60_65,primary,2046
nationality,India,principal_backlog_2040,Uncapped,751065.0,catchall_60_65,primary,2046
nationality,India,principal_backlog_2040,Capped minus uncapped,327240.0,catchall_60_65,primary,2046
nationality,China,age21_events_2025_2040,Capped,18953.0,catchall_60_65,primary,2046
nationality,China,age21_events_2025_2040,Uncapped,14753.0,catchall_60_65,primary,2046
nationality,China,age21_events_2025_2040,Capped minus uncapped,4200.0,catchall_60_65,primary,2046
nationality,China,principal_exits_2025_2040,Capped,104754.0,catchall_60_65,primary,2046
nationality,China,principal_exits_2025_2040,Uncapped,95146.0,catchall_60_65,primary,2046
nationality,China,principal_exits_2025_2040,Capped minus uncapped,9608.0,catchall_60_65,primary,2046
nationality,China,principal_backlog_2040,Capped,341592.0,catchall_60_65,primary,2046
nationality,China,principal_backlog_2040,Uncapped,287092.0,catchall_60_65,primary,2046
nationality,China,principal_backlog_2040,Capped minus uncapped,54500.0,catchall_60_65,primary,2046
nationality,ROW,age21_events_2025_2040,Capped,54302.0,catchall_60_65,primary,2046
nationality,ROW,age21_events_2025_2040,Uncapped,111673.0,catchall_60_65,primary,2046
nationality,ROW,age21_events_2025_2040,Capped minus uncapped,-57371.0,catchall_60_65,primary,2046
nationality,ROW,principal_exits_2025_2040,Capped,653839.0,catchall_60_65,primary,2046
nationality,ROW,principal_exits_2025_2040,Uncapped,789381.0,catchall_60_65,primary,2046
nationality,ROW,principal_exits_2025_2040,Capped minus uncapped,-135542.0,catchall_60_65,primary,2046
nationality,ROW,principal_backlog_2040,Capped,1354417.0,catchall_60_65,primary,2046
nationality,ROW,principal_backlog_2040,Uncapped,1752749.0,catchall_60_65,primary,2046
nationality,ROW,principal_backlog_2040,Capped minus uncapped,-398332.0,catchall_60_65,primary,2046
category,EB-1,age21_events_2025_2040,Capped,2605.0,catchall_60_65,primary,2046
category,EB-1,age21_events_2025_2040,Uncapped,752.0,catchall_60_65,primary,2046
category,EB-1,age21_events_2025_2040,Capped minus uncapped,1853.0,catchall_60_65,primary,2046
category,EB-1,principal_exits_2025_2040,Capped,15801.0,catchall_60_65,primary,2046
category,EB-1,principal_exits_2025_2040,Uncapped,16770.0,catchall_60_65,primary,2046
category,EB-1,principal_exits_2025_2040,Capped minus uncapped,-969.0,catchall_60_65,primary,2046
category,EB-1,principal_backlog_2040,Capped,129564.0,catchall_60_65,primary,2046
category,EB-1,principal_backlog_2040,Uncapped,125137.0,catchall_60_65,primary,2046
category,EB-1,principal_backlog_2040,Capped minus uncapped,4427.0,catchall_60_65,primary,2046
category,EB-2,age21_events_2025_2040,Capped,149840.0,catchall_60_65,primary,2046
category,EB-2,age21_events_2025_2040,Uncapped,108739.0,catchall_60_65,primary,2046
category,EB-2,age21_events_2025_2040,Capped minus uncapped,41101.0,catchall_60_65,primary,2046
category,EB-2,principal_exits_2025_2040,Capped,309678.0,catchall_60_65,primary,2046
category,EB-2,principal_exits_2025_2040,Uncapped,282761.0,catchall_60_65,primary,2046
category,EB-2,principal_exits_2025_2040,Capped minus uncapped,26917.0,catchall_60_65,primary,2046
category,EB-2,principal_backlog_2040,Capped,1041371.0,catchall_60_65,primary,2046
category,EB-2,principal_backlog_2040,Uncapped,1059456.0,catchall_60_65,primary,2046
category,EB-2,principal_backlog_2040,Capped minus uncapped,-18085.0,catchall_60_65,primary,2046
category,EB-3,age21_events_2025_2040,Capped,63859.0,catchall_60_65,primary,2046
category,EB-3,age21_events_2025_2040,Uncapped,40326.0,catchall_60_65,primary,2046
category,EB-3,age21_events_2025_2040,Capped minus uncapped,23533.0,catchall_60_65,primary,2046
category,EB-3,principal_exits_2025_2040,Capped,244570.0,catchall_60_65,primary,2046
category,EB-3,principal_exits_2025_2040,Uncapped,249831.0,catchall_60_65,primary,2046
category,EB-3,principal_exits_2025_2040,Capped minus uncapped,-5261.0,catchall_60_65,primary,2046
category,EB-3,principal_backlog_2040,Capped,553245.0,catchall_60_65,primary,2046
category,EB-3,principal_backlog_2040,Uncapped,558415.0,catchall_60_65,primary,2046
category,EB-3,principal_backlog_2040,Capped minus uncapped,-5170.0,catchall_60_65,primary,2046
category,EB-4,age21_events_2025_2040,Capped,49383.0,catchall_60_65,primary,2046
category,EB-4,age21_events_2025_2040,Uncapped,49575.0,catchall_60_65,primary,2046
category,EB-4,age21_events_2025_2040,Capped minus uncapped,-192.0,catchall_60_65,primary,2046
category,EB-4,principal_exits_2025_2040,Capped,519651.0,catchall_60_65,primary,2046
category,EB-4,principal_exits_2025_2040,Uncapped,519351.0,catchall_60_65,primary,2046
category,EB-4,principal_exits_2025_2040,Capped minus uncapped,300.0,catchall_60_65,primary,2046
category,EB-4,principal_backlog_2040,Capped,1023440.0,catchall_60_65,primary,2046
category,EB-4,principal_backlog_2040,Uncapped,1021235.0,catchall_60_65,primary,2046
category,EB-4,principal_backlog_2040,Capped minus uncapped,2205.0,catchall_60_65,primary,2046
category,EB-5,age21_events_2025_2040,Capped,1093.0,catchall_60_65,primary,2046
category,EB-5,age21_events_2025_2040,Uncapped,544.0,catchall_60_65,primary,2046
category,EB-5,age21_events_2025_2040,Capped minus uncapped,549.0,catchall_60_65,primary,2046
category,EB-5,principal_exits_2025_2040,Capped,3831.0,catchall_60_65,primary,2046
category,EB-5,principal_exits_2025_2040,Uncapped,3393.0,catchall_60_65,primary,2046
category,EB-5,principal_exits_2025_2040,Capped minus uncapped,438.0,catchall_60_65,primary,2046
category,EB-5,principal_backlog_2040,Capped,26694.0,catchall_60_65,primary,2046
category,EB-5,principal_backlog_2040,Uncapped,26663.0,catchall_60_65,primary,2046
category,EB-5,principal_backlog_2040,Capped minus uncapped,31.0,catchall_60_65,primary,2046
joint,EB-1 / India,age21_events_2025_2040,Capped minus uncapped,1492.0,catchall_60_65,primary,2046
joint,EB-1 / China,age21_events_2025_2040,Capped minus uncapped,946.0,catchall_60_65,primary,2046
joint,EB-1 / ROW,age21_events_2025_2040,Capped minus uncapped,-585.0,catchall_60_65,primary,2046
joint,EB-2 / India,age21_events_2025_2040,Capped minus uncapped,75468.0,catchall_60_65,primary,2046
joint,EB-2 / China,age21_events_2025_2040,Capped minus uncapped,530.0,catchall_60_65,primary,2046
joint,EB-2 / ROW,age21_events_2025_2040,Capped minus uncapped,-34897.0,catchall_60_65,primary,2046
joint,EB-3 / India,age21_events_2025_2040,Capped minus uncapped,43642.0,catchall_60_65,primary,2046
joint,EB-3 / China,age21_events_2025_2040,Capped minus uncapped,2264.0,catchall_60_65,primary,2046
joint,EB-3 / ROW,age21_events_2025_2040,Capped minus uncapped,-22373.0,catchall_60_65,primary,2046
joint,EB-4 / India,age21_events_2025_2040,Capped minus uncapped,-764.0,catchall_60_65,primary,2046
joint,EB-4 / China,age21_events_2025_2040,Capped minus uncapped,-140.0,catchall_60_65,primary,2046
joint,EB-4 / ROW,age21_events_2025_2040,Capped minus uncapped,712.0,catchall_60_65,primary,2046
joint,EB-5 / India,age21_events_2025_2040,Capped minus uncapped,177.0,catchall_60_65,primary,2046
joint,EB-5 / China,age21_events_2025_2040,Capped minus uncapped,600.0,catchall_60_65,primary,2046
joint,EB-5 / ROW,age21_events_2025_2040,Capped minus uncapped,-228.0,catchall_60_65,primary,2046
overall,All,age21_events_2025_2040,Capped,267287.0,catchall_60_65,primary,2047
overall,All,age21_events_2025_2040,Uncapped,200627.0,catchall_60_65,primary,2047
overall,All,age21_events_2025_2040,Capped minus uncapped,66660.0,catchall_60_65,primary,2047
overall,All,principal_exits_2025_2040,Capped,1093910.0,catchall_60_65,primary,2047
overall,All,principal_exits_2025_2040,Uncapped,1071980.0,catchall_60_65,primary,2047
overall,All,principal_exits_2025_2040,Capped minus uncapped,21930.0,catchall_60_65,primary,2047
overall,All,principal_conversions_2025_2040,Capped,1262027.0,catchall_60_65,primary,2047
overall,All,principal_conversions_2025_2040,Uncapped,1266052.0,catchall_60_65,primary,2047
overall,All,principal_conversions_2025_2040,Capped minus uncapped,-4025.0,catchall_60_65,primary,2047
overall,All,principal_backlog_2040,Capped,2775525.0,catchall_60_65,primary,2047
overall,All,principal_backlog_2040,Uncapped,2793430.0,catchall_60_65,primary,2047
overall,All,principal_backlog_2040,Capped minus uncapped,-17905.0,catchall_60_65,primary,2047
nationality,India,age21_events_2025_2040,Capped,193490.0,catchall_60_65,primary,2047
nationality,India,age21_events_2025_2040,Uncapped,73285.0,catchall_60_65,primary,2047
nationality,India,age21_events_2025_2040,Capped minus uncapped,120205.0,catchall_60_65,primary,2047
nationality,India,principal_exits_2025_2040,Capped,335900.0,catchall_60_65,primary,2047
nationality,India,principal_exits_2025_2040,Uncapped,186826.0,catchall_60_65,primary,2047
nationality,India,principal_exits_2025_2040,Capped minus uncapped,149074.0,catchall_60_65,primary,2047
nationality,India,principal_backlog_2040,Capped,1078192.0,catchall_60_65,primary,2047
nationality,India,principal_backlog_2040,Uncapped,751243.0,catchall_60_65,primary,2047
nationality,India,principal_backlog_2040,Capped minus uncapped,326949.0,catchall_60_65,primary,2047
nationality,China,age21_events_2025_2040,Capped,18604.0,catchall_60_65,primary,2047
nationality,China,age21_events_2025_2040,Uncapped,14652.0,catchall_60_65,primary,2047
nationality,China,age21_events_2025_2040,Capped minus uncapped,3952.0,catchall_60_65,primary,2047
nationality,China,principal_exits_2025_2040,Capped,104184.0,catchall_60_65,primary,2047
nationality,China,principal_exits_2025_2040,Uncapped,95479.0,catchall_60_65,primary,2047
nationality,China,principal_exits_2025_2040,Capped minus uncapped,8705.0,catchall_60_65,primary,2047
nationality,China,principal_backlog_2040,Capped,341915.0,catchall_60_65,primary,2047
nationality,China,principal_backlog_2040,Uncapped,287285.0,catchall_60_65,primary,2047
nationality,China,principal_backlog_2040,Capped minus uncapped,54630.0,catchall_60_65,primary,2047
nationality,ROW,age21_events_2025_2040,Capped,55193.0,catchall_60_65,primary,2047
nationality,ROW,age21_events_2025_2040,Uncapped,112690.0,catchall_60_65,primary,2047
nationality,ROW,age21_events_2025_2040,Capped minus uncapped,-57497.0,catchall_60_65,primary,2047
nationality,ROW,principal_exits_2025_2040,Capped,653826.0,catchall_60_65,primary,2047
nationality,ROW,principal_exits_2025_2040,Uncapped,789675.0,catchall_60_65,primary,2047
nationality,ROW,principal_exits_2025_2040,Capped minus uncapped,-135849.0,catchall_60_65,primary,2047
nationality,ROW,principal_backlog_2040,Capped,1355418.0,catchall_60_65,primary,2047
nationality,ROW,principal_backlog_2040,Uncapped,1754902.0,catchall_60_65,primary,2047
nationality,ROW,principal_backlog_2040,Capped minus uncapped,-399484.0,catchall_60_65,primary,2047
category,EB-1,age21_events_2025_2040,Capped,2567.0,catchall_60_65,primary,2047
category,EB-1,age21_events_2025_2040,Uncapped,796.0,catchall_60_65,primary,2047
category,EB-1,age21_events_2025_2040,Capped minus uncapped,1771.0,catchall_60_65,primary,2047
category,EB-1,principal_exits_2025_2040,Capped,15823.0,catchall_60_65,primary,2047
category,EB-1,principal_exits_2025_2040,Uncapped,16595.0,catchall_60_65,primary,2047
category,EB-1,principal_exits_2025_2040,Capped minus uncapped,-772.0,catchall_60_65,primary,2047
category,EB-1,principal_backlog_2040,Capped,129931.0,catchall_60_65,primary,2047
category,EB-1,principal_backlog_2040,Uncapped,125948.0,catchall_60_65,primary,2047
category,EB-1,principal_backlog_2040,Capped minus uncapped,3983.0,catchall_60_65,primary,2047
category,EB-2,age21_events_2025_2040,Capped,149625.0,catchall_60_65,primary,2047
category,EB-2,age21_events_2025_2040,Uncapped,108369.0,catchall_60_65,primary,2047
category,EB-2,age21_events_2025_2040,Capped minus uncapped,41256.0,catchall_60_65,primary,2047
category,EB-2,principal_exits_2025_2040,Capped,309924.0,catchall_60_65,primary,2047
category,EB-2,principal_exits_2025_2040,Uncapped,282761.0,catchall_60_65,primary,2047
category,EB-2,principal_exits_2025_2040,Capped minus uncapped,27163.0,catchall_60_65,primary,2047
category,EB-2,principal_backlog_2040,Capped,1041704.0,catchall_60_65,primary,2047
category,EB-2,principal_backlog_2040,Uncapped,1060107.0,catchall_60_65,primary,2047
category,EB-2,principal_backlog_2040,Capped minus uncapped,-18403.0,catchall_60_65,primary,2047
category,EB-3,age21_events_2025_2040,Capped,63649.0,catchall_60_65,primary,2047
category,EB-3,age21_events_2025_2040,Uncapped,40530.0,catchall_60_65,primary,2047
category,EB-3,age21_events_2025_2040,Capped minus uncapped,23119.0,catchall_60_65,primary,2047
category,EB-3,principal_exits_2025_2040,Capped,244646.0,catchall_60_65,primary,2047
category,EB-3,principal_exits_2025_2040,Uncapped,249216.0,catchall_60_65,primary,2047
category,EB-3,principal_exits_2025_2040,Capped minus uncapped,-4570.0,catchall_60_65,primary,2047
category,EB-3,principal_backlog_2040,Capped,552891.0,catchall_60_65,primary,2047
category,EB-3,principal_backlog_2040,Uncapped,559126.0,catchall_60_65,primary,2047
category,EB-3,principal_backlog_2040,Capped minus uncapped,-6235.0,catchall_60_65,primary,2047
category,EB-4,age21_events_2025_2040,Capped,50278.0,catchall_60_65,primary,2047
category,EB-4,age21_events_2025_2040,Uncapped,50301.0,catchall_60_65,primary,2047
category,EB-4,age21_events_2025_2040,Capped minus uncapped,-23.0,catchall_60_65,primary,2047
category,EB-4,principal_exits_2025_2040,Capped,519644.0,catchall_60_65,primary,2047
category,EB-4,principal_exits_2025_2040,Uncapped,519914.0,catchall_60_65,primary,2047
category,EB-4,principal_exits_2025_2040,Capped minus uncapped,-270.0,catchall_60_65,primary,2047
category,EB-4,principal_backlog_2040,Capped,1024199.0,catchall_60_65,primary,2047
category,EB-4,principal_backlog_2040,Uncapped,1021566.0,catchall_60_65,primary,2047
category,EB-4,principal_backlog_2040,Capped minus uncapped,2633.0,catchall_60_65,primary,2047
category,EB-5,age21_events_2025_2040,Capped,1168.0,catchall_60_65,primary,2047
category,EB-5,age21_events_2025_2040,Uncapped,631.0,catchall_60_65,primary,2047
category,EB-5,age21_events_2025_2040,Capped minus uncapped,537.0,catchall_60_65,primary,2047
category,EB-5,principal_exits_2025_2040,Capped,3873.0,catchall_60_65,primary,2047
category,EB-5,principal_exits_2025_2040,Uncapped,3494.0,catchall_60_65,primary,2047
category,EB-5,principal_exits_2025_2040,Capped minus uncapped,379.0,catchall_60_65,primary,2047
category,EB-5,principal_backlog_2040,Capped,26800.0,catchall_60_65,primary,2047
category,EB-5,principal_backlog_2040,Uncapped,26683.0,catchall_60_65,primary,2047
category,EB-5,principal_backlog_2040,Capped minus uncapped,117.0,catchall_60_65,primary,2047
joint,EB-1 / India,age21_events_2025_2040,Capped minus uncapped,1489.0,catchall_60_65,primary,2047
joint,EB-1 / China,age21_events_2025_2040,Capped minus uncapped,923.0,catchall_60_65,primary,2047
joint,EB-1 / ROW,age21_events_2025_2040,Capped minus uncapped,-641.0,catchall_60_65,primary,2047
joint,EB-2 / India,age21_events_2025_2040,Capped minus uncapped,75675.0,catchall_60_65,primary,2047
joint,EB-2 / China,age21_events_2025_2040,Capped minus uncapped,426.0,catchall_60_65,primary,2047
joint,EB-2 / ROW,age21_events_2025_2040,Capped minus uncapped,-34845.0,catchall_60_65,primary,2047
joint,EB-3 / India,age21_events_2025_2040,Capped minus uncapped,43767.0,catchall_60_65,primary,2047
joint,EB-3 / China,age21_events_2025_2040,Capped minus uncapped,2082.0,catchall_60_65,primary,2047
joint,EB-3 / ROW,age21_events_2025_2040,Capped minus uncapped,-22730.0,catchall_60_65,primary,2047
joint,EB-4 / India,age21_events_2025_2040,Capped minus uncapped,-896.0,catchall_60_65,primary,2047
joint,EB-4 / China,age21_events_2025_2040,Capped minus uncapped,-128.0,catchall_60_65,primary,2047
joint,EB-4 / ROW,age21_events_2025_2040,Capped minus uncapped,1001.0,catchall_60_65,primary,2047
joint,EB-5 / India,age21_events_2025_2040,Capped minus uncapped,170.0,catchall_60_65,primary,2047
joint,EB-5 / China,age21_events_2025_2040,Capped minus uncapped,649.0,catchall_60_65,primary,2047
joint,EB-5 / ROW,age21_events_2025_2040,Capped minus uncapped,-282.0,catchall_60_65,primary,2047
overall,All,age21_events_2025_2040,Capped,265624.0,catchall_60_65,primary,2048
overall,All,age21_events_2025_2040,Uncapped,198608.0,catchall_60_65,primary,2048
overall,All,age21_events_2025_2040,Capped minus uncapped,67016.0,catchall_60_65,primary,2048
overall,All,principal_exits_2025_2040,Capped,1092062.0,catchall_60_65,primary,2048
overall,All,principal_exits_2025_2040,Uncapped,1071529.0,catchall_60_65,primary,2048
overall,All,principal_exits_2025_2040,Capped minus uncapped,20533.0,catchall_60_65,primary,2048
overall,All,principal_conversions_2025_2040,Capped,1263418.0,catchall_60_65,primary,2048
overall,All,principal_conversions_2025_2040,Uncapped,1266573.0,catchall_60_65,primary,2048
overall,All,principal_conversions_2025_2040,Capped minus uncapped,-3155.0,catchall_60_65,primary,2048
overall,All,principal_backlog_2040,Capped,2773459.0,catchall_60_65,primary,2048
overall,All,principal_backlog_2040,Uncapped,2790837.0,catchall_60_65,primary,2048
overall,All,principal_backlog_2040,Capped minus uncapped,-17378.0,catchall_60_65,primary,2048
nationality,India,age21_events_2025_2040,Capped,192554.0,catchall_60_65,primary,2048
nationality,India,age21_events_2025_2040,Uncapped,72762.0,catchall_60_65,primary,2048
nationality,India,age21_events_2025_2040,Capped minus uncapped,119792.0,catchall_60_65,primary,2048
nationality,India,principal_exits_2025_2040,Capped,334270.0,catchall_60_65,primary,2048
nationality,India,principal_exits_2025_2040,Uncapped,186381.0,catchall_60_65,primary,2048
nationality,India,principal_exits_2025_2040,Capped minus uncapped,147889.0,catchall_60_65,primary,2048
nationality,India,principal_backlog_2040,Capped,1076157.0,catchall_60_65,primary,2048
nationality,India,principal_backlog_2040,Uncapped,749539.0,catchall_60_65,primary,2048
nationality,India,principal_backlog_2040,Capped minus uncapped,326618.0,catchall_60_65,primary,2048
nationality,China,age21_events_2025_2040,Capped,18536.0,catchall_60_65,primary,2048
nationality,China,age21_events_2025_2040,Uncapped,14512.0,catchall_60_65,primary,2048
nationality,China,age21_events_2025_2040,Capped minus uncapped,4024.0,catchall_60_65,primary,2048
nationality,China,principal_exits_2025_2040,Capped,103831.0,catchall_60_65,primary,2048
nationality,China,principal_exits_2025_2040,Uncapped,95016.0,catchall_60_65,primary,2048
nationality,China,principal_exits_2025_2040,Capped minus uncapped,8815.0,catchall_60_65,primary,2048
nationality,China,principal_backlog_2040,Capped,341813.0,catchall_60_65,primary,2048
nationality,China,principal_backlog_2040,Uncapped,286137.0,catchall_60_65,primary,2048
nationality,China,principal_backlog_2040,Capped minus uncapped,55676.0,catchall_60_65,primary,2048
nationality,ROW,age21_events_2025_2040,Capped,54534.0,catchall_60_65,primary,2048
nationality,ROW,age21_events_2025_2040,Uncapped,111334.0,catchall_60_65,primary,2048
nationality,ROW,age21_events_2025_2040,Capped minus uncapped,-56800.0,catchall_60_65,primary,2048
nationality,ROW,principal_exits_2025_2040,Capped,653961.0,catchall_60_65,primary,2048
nationality,ROW,principal_exits_2025_2040,Uncapped,790132.0,catchall_60_65,primary,2048
nationality,ROW,principal_exits_2025_2040,Capped minus uncapped,-136171.0,catchall_60_65,primary,2048
nationality,ROW,principal_backlog_2040,Capped,1355489.0,catchall_60_65,primary,2048
nationality,ROW,principal_backlog_2040,Uncapped,1755161.0,catchall_60_65,primary,2048
nationality,ROW,principal_backlog_2040,Capped minus uncapped,-399672.0,catchall_60_65,primary,2048
category,EB-1,age21_events_2025_2040,Capped,2463.0,catchall_60_65,primary,2048
category,EB-1,age21_events_2025_2040,Uncapped,716.0,catchall_60_65,primary,2048
category,EB-1,age21_events_2025_2040,Capped minus uncapped,1747.0,catchall_60_65,primary,2048
category,EB-1,principal_exits_2025_2040,Capped,15834.0,catchall_60_65,primary,2048
category,EB-1,principal_exits_2025_2040,Uncapped,16510.0,catchall_60_65,primary,2048
category,EB-1,principal_exits_2025_2040,Capped minus uncapped,-676.0,catchall_60_65,primary,2048
category,EB-1,principal_backlog_2040,Capped,129465.0,catchall_60_65,primary,2048
category,EB-1,principal_backlog_2040,Uncapped,125552.0,catchall_60_65,primary,2048
category,EB-1,principal_backlog_2040,Capped minus uncapped,3913.0,catchall_60_65,primary,2048
category,EB-2,age21_events_2025_2040,Capped,149036.0,catchall_60_65,primary,2048
category,EB-2,age21_events_2025_2040,Uncapped,107357.0,catchall_60_65,primary,2048
category,EB-2,age21_events_2025_2040,Capped minus uncapped,41679.0,catchall_60_65,primary,2048
category,EB-2,principal_exits_2025_2040,Capped,307981.0,catchall_60_65,primary,2048
category,EB-2,principal_exits_2025_2040,Uncapped,282102.0,catchall_60_65,primary,2048
category,EB-2,principal_exits_2025_2040,Capped minus uncapped,25879.0,catchall_60_65,primary,2048
category,EB-2,principal_backlog_2040,Capped,1041234.0,catchall_60_65,primary,2048
category,EB-2,principal_backlog_2040,Uncapped,1058768.0,catchall_60_65,primary,2048
category,EB-2,principal_backlog_2040,Capped minus uncapped,-17534.0,catchall_60_65,primary,2048
category,EB-3,age21_events_2025_2040,Capped,63251.0,catchall_60_65,primary,2048
category,EB-3,age21_events_2025_2040,Uncapped,40107.0,catchall_60_65,primary,2048
category,EB-3,age21_events_2025_2040,Capped minus uncapped,23144.0,catchall_60_65,primary,2048
category,EB-3,principal_exits_2025_2040,Capped,245054.0,catchall_60_65,primary,2048
category,EB-3,principal_exits_2025_2040,Uncapped,249832.0,catchall_60_65,primary,2048
category,EB-3,principal_exits_2025_2040,Capped minus uncapped,-4778.0,catchall_60_65,primary,2048
category,EB-3,principal_backlog_2040,Capped,551853.0,catchall_60_65,primary,2048
category,EB-3,principal_backlog_2040,Uncapped,558332.0,catchall_60_65,primary,2048
category,EB-3,principal_backlog_2040,Capped minus uncapped,-6479.0,catchall_60_65,primary,2048
category,EB-4,age21_events_2025_2040,Capped,49667.0,catchall_60_65,primary,2048
category,EB-4,age21_events_2025_2040,Uncapped,49848.0,catchall_60_65,primary,2048
category,EB-4,age21_events_2025_2040,Capped minus uncapped,-181.0,catchall_60_65,primary,2048
category,EB-4,principal_exits_2025_2040,Capped,519341.0,catchall_60_65,primary,2048
category,EB-4,principal_exits_2025_2040,Uncapped,519599.0,catchall_60_65,primary,2048
category,EB-4,principal_exits_2025_2040,Capped minus uncapped,-258.0,catchall_60_65,primary,2048
category,EB-4,principal_backlog_2040,Capped,1024169.0,catchall_60_65,primary,2048
category,EB-4,principal_backlog_2040,Uncapped,1021531.0,catchall_60_65,primary,2048
category,EB-4,principal_backlog_2040,Capped minus uncapped,2638.0,catchall_60_65,primary,2048
category,EB-5,age21_events_2025_2040,Capped,1207.0,catchall_60_65,primary,2048
category,EB-5,age21_events_2025_2040,Uncapped,580.0,catchall_60_65,primary,2048
category,EB-5,age21_events_2025_2040,Capped minus uncapped,627.0,catchall_60_65,primary,2048
category,EB-5,principal_exits_2025_2040,Capped,3852.0,catchall_60_65,primary,2048
category,EB-5,principal_exits_2025_2040,Uncapped,3486.0,catchall_60_65,primary,2048
category,EB-5,principal_exits_2025_2040,Capped minus uncapped,366.0,catchall_60_65,primary,2048
category,EB-5,principal_backlog_2040,Capped,26738.0,catchall_60_65,primary,2048
category,EB-5,principal_backlog_2040,Uncapped,26654.0,catchall_60_65,primary,2048
category,EB-5,principal_backlog_2040,Capped minus uncapped,84.0,catchall_60_65,primary,2048
joint,EB-1 / India,age21_events_2025_2040,Capped minus uncapped,1418.0,catchall_60_65,primary,2048
joint,EB-1 / China,age21_events_2025_2040,Capped minus uncapped,889.0,catchall_60_65,primary,2048
joint,EB-1 / ROW,age21_events_2025_2040,Capped minus uncapped,-560.0,catchall_60_65,primary,2048
joint,EB-2 / India,age21_events_2025_2040,Capped minus uncapped,75531.0,catchall_60_65,primary,2048
joint,EB-2 / China,age21_events_2025_2040,Capped minus uncapped,519.0,catchall_60_65,primary,2048
joint,EB-2 / ROW,age21_events_2025_2040,Capped minus uncapped,-34371.0,catchall_60_65,primary,2048
joint,EB-3 / India,age21_events_2025_2040,Capped minus uncapped,43438.0,catchall_60_65,primary,2048
joint,EB-3 / China,age21_events_2025_2040,Capped minus uncapped,2073.0,catchall_60_65,primary,2048
joint,EB-3 / ROW,age21_events_2025_2040,Capped minus uncapped,-22367.0,catchall_60_65,primary,2048
joint,EB-4 / India,age21_events_2025_2040,Capped minus uncapped,-775.0,catchall_60_65,primary,2048
joint,EB-4 / China,age21_events_2025_2040,Capped minus uncapped,-129.0,catchall_60_65,primary,2048
joint,EB-4 / ROW,age21_events_2025_2040,Capped minus uncapped,723.0,catchall_60_65,primary,2048
joint,EB-5 / India,age21_events_2025_2040,Capped minus uncapped,180.0,catchall_60_65,primary,2048
joint,EB-5 / China,age21_events_2025_2040,Capped minus uncapped,672.0,catchall_60_65,primary,2048
joint,EB-5 / ROW,age21_events_2025_2040,Capped minus uncapped,-225.0,catchall_60_65,primary,2048
overall,All,age21_events_2025_2040,Capped,266431.0,catchall_60_65,primary,2049
overall,All,age21_events_2025_2040,Uncapped,199595.0,catchall_60_65,primary,2049
overall,All,age21_events_2025_2040,Capped minus uncapped,66836.0,catchall_60_65,primary,2049
overall,All,principal_exits_2025_2040,Capped,1092897.0,catchall_60_65,primary,2049
overall,All,principal_exits_2025_2040,Uncapped,1072140.0,catchall_60_65,primary,2049
overall,All,principal_exits_2025_2040,Capped minus uncapped,20757.0,catchall_60_65,primary,2049
overall,All,principal_conversions_2025_2040,Capped,1263744.0,catchall_60_65,primary,2049
overall,All,principal_conversions_2025_2040,Uncapped,1266961.0,catchall_60_65,primary,2049
overall,All,principal_conversions_2025_2040,Capped minus uncapped,-3217.0,catchall_60_65,primary,2049
overall,All,principal_backlog_2040,Capped,2774271.0,catchall_60_65,primary,2049
overall,All,principal_backlog_2040,Uncapped,2791811.0,catchall_60_65,primary,2049
overall,All,principal_backlog_2040,Capped minus uncapped,-17540.0,catchall_60_65,primary,2049
nationality,India,age21_events_2025_2040,Capped,193353.0,catchall_60_65,primary,2049
nationality,India,age21_events_2025_2040,Uncapped,73324.0,catchall_60_65,primary,2049
nationality,India,age21_events_2025_2040,Capped minus uncapped,120029.0,catchall_60_65,primary,2049
nationality,India,principal_exits_2025_2040,Capped,334948.0,catchall_60_65,primary,2049
nationality,India,principal_exits_2025_2040,Uncapped,187235.0,catchall_60_65,primary,2049
nationality,India,principal_exits_2025_2040,Capped minus uncapped,147713.0,catchall_60_65,primary,2049
nationality,India,principal_backlog_2040,Capped,1076997.0,catchall_60_65,primary,2049
nationality,India,principal_backlog_2040,Uncapped,749996.0,catchall_60_65,primary,2049
nationality,India,principal_backlog_2040,Capped minus uncapped,327001.0,catchall_60_65,primary,2049
nationality,China,age21_events_2025_2040,Capped,18838.0,catchall_60_65,primary,2049
nationality,China,age21_events_2025_2040,Uncapped,14761.0,catchall_60_65,primary,2049
nationality,China,age21_events_2025_2040,Capped minus uncapped,4077.0,catchall_60_65,primary,2049
nationality,China,principal_exits_2025_2040,Capped,105162.0,catchall_60_65,primary,2049
nationality,China,principal_exits_2025_2040,Uncapped,95239.0,catchall_60_65,primary,2049
nationality,China,principal_exits_2025_2040,Capped minus uncapped,9923.0,catchall_60_65,primary,2049
nationality,China,principal_backlog_2040,Capped,341380.0,catchall_60_65,primary,2049
nationality,China,principal_backlog_2040,Uncapped,286947.0,catchall_60_65,primary,2049
nationality,China,principal_backlog_2040,Capped minus uncapped,54433.0,catchall_60_65,primary,2049
nationality,ROW,age21_events_2025_2040,Capped,54240.0,catchall_60_65,primary,2049
nationality,ROW,age21_events_2025_2040,Uncapped,111510.0,catchall_60_65,primary,2049
nationality,ROW,age21_events_2025_2040,Capped minus uncapped,-57270.0,catchall_60_65,primary,2049
nationality,ROW,principal_exits_2025_2040,Capped,652787.0,catchall_60_65,primary,2049
nationality,ROW,principal_exits_2025_2040,Uncapped,789666.0,catchall_60_65,primary,2049
nationality,ROW,principal_exits_2025_2040,Capped minus uncapped,-136879.0,catchall_60_65,primary,2049
nationality,ROW,principal_backlog_2040,Capped,1355894.0,catchall_60_65,primary,2049
nationality,ROW,principal_backlog_2040,Uncapped,1754868.0,catchall_60_65,primary,2049
nationality,ROW,principal_backlog_2040,Capped minus uncapped,-398974.0,catchall_60_65,primary,2049
category,EB-1,age21_events_2025_2040,Capped,2560.0,catchall_60_65,primary,2049
category,EB-1,age21_events_2025_2040,Uncapped,764.0,catchall_60_65,primary,2049
category,EB-1,age21_events_2025_2040,Capped minus uncapped,1796.0,catchall_60_65,primary,2049
category,EB-1,principal_exits_2025_2040,Capped,15820.0,catchall_60_65,primary,2049
category,EB-1,principal_exits_2025_2040,Uncapped,16648.0,catchall_60_65,primary,2049
category,EB-1,principal_exits_2025_2040,Capped minus uncapped,-828.0,catchall_60_65,primary,2049
category,EB-1,principal_backlog_2040,Capped,128930.0,catchall_60_65,primary,2049
category,EB-1,principal_backlog_2040,Uncapped,124762.0,catchall_60_65,primary,2049
category,EB-1,principal_backlog_2040,Capped minus uncapped,4168.0,catchall_60_65,primary,2049
category,EB-2,age21_events_2025_2040,Capped,149786.0,catchall_60_65,primary,2049
category,EB-2,age21_events_2025_2040,Uncapped,108228.0,catchall_60_65,primary,2049
category,EB-2,age21_events_2025_2040,Capped minus uncapped,41558.0,catchall_60_65,primary,2049
category,EB-2,principal_exits_2025_2040,Capped,309781.0,catchall_60_65,primary,2049
category,EB-2,principal_exits_2025_2040,Uncapped,283092.0,catchall_60_65,primary,2049
category,EB-2,principal_exits_2025_2040,Capped minus uncapped,26689.0,catchall_60_65,primary,2049
category,EB-2,principal_backlog_2040,Capped,1041657.0,catchall_60_65,primary,2049
category,EB-2,principal_backlog_2040,Uncapped,1060298.0,catchall_60_65,primary,2049
category,EB-2,principal_backlog_2040,Capped minus uncapped,-18641.0,catchall_60_65,primary,2049
category,EB-3,age21_events_2025_2040,Capped,63553.0,catchall_60_65,primary,2049
category,EB-3,age21_events_2025_2040,Uncapped,40281.0,catchall_60_65,primary,2049
category,EB-3,age21_events_2025_2040,Capped minus uncapped,23272.0,catchall_60_65,primary,2049
category,EB-3,principal_exits_2025_2040,Capped,244617.0,catchall_60_65,primary,2049
category,EB-3,principal_exits_2025_2040,Uncapped,249979.0,catchall_60_65,primary,2049
category,EB-3,principal_exits_2025_2040,Capped minus uncapped,-5362.0,catchall_60_65,primary,2049
category,EB-3,principal_backlog_2040,Capped,552561.0,catchall_60_65,primary,2049
category,EB-3,principal_backlog_2040,Uncapped,558266.0,catchall_60_65,primary,2049
category,EB-3,principal_backlog_2040,Capped minus uncapped,-5705.0,catchall_60_65,primary,2049
category,EB-4,age21_events_2025_2040,Capped,49353.0,catchall_60_65,primary,2049
category,EB-4,age21_events_2025_2040,Uncapped,49712.0,catchall_60_65,primary,2049
category,EB-4,age21_events_2025_2040,Capped minus uncapped,-359.0,catchall_60_65,primary,2049
category,EB-4,principal_exits_2025_2040,Capped,518830.0,catchall_60_65,primary,2049
category,EB-4,principal_exits_2025_2040,Uncapped,519137.0,catchall_60_65,primary,2049
category,EB-4,principal_exits_2025_2040,Capped minus uncapped,-307.0,catchall_60_65,primary,2049
category,EB-4,principal_backlog_2040,Capped,1024391.0,catchall_60_65,primary,2049
category,EB-4,principal_backlog_2040,Uncapped,1021726.0,catchall_60_65,primary,2049
category,EB-4,principal_backlog_2040,Capped minus uncapped,2665.0,catchall_60_65,primary,2049
category,EB-5,age21_events_2025_2040,Capped,1179.0,catchall_60_65,primary,2049
category,EB-5,age21_events_2025_2040,Uncapped,610.0,catchall_60_65,primary,2049
category,EB-5,age21_events_2025_2040,Capped minus uncapped,569.0,catchall_60_65,primary,2049
category,EB-5,principal_exits_2025_2040,Capped,3849.0,catchall_60_65,primary,2049
category,EB-5,principal_exits_2025_2040,Uncapped,3284.0,catchall_60_65,primary,2049
category,EB-5,principal_exits_2025_2040,Capped minus uncapped,565.0,catchall_60_65,primary,2049
category,EB-5,principal_backlog_2040,Capped,26732.0,catchall_60_65,primary,2049
category,EB-5,principal_backlog_2040,Uncapped,26759.0,catchall_60_65,primary,2049
category,EB-5,principal_backlog_2040,Capped minus uncapped,-27.0,catchall_60_65,primary,2049
joint,EB-1 / India,age21_events_2025_2040,Capped minus uncapped,1464.0,catchall_60_65,primary,2049
joint,EB-1 / China,age21_events_2025_2040,Capped minus uncapped,948.0,catchall_60_65,primary,2049
joint,EB-1 / ROW,age21_events_2025_2040,Capped minus uncapped,-616.0,catchall_60_65,primary,2049
joint,EB-2 / India,age21_events_2025_2040,Capped minus uncapped,75719.0,catchall_60_65,primary,2049
joint,EB-2 / China,age21_events_2025_2040,Capped minus uncapped,366.0,catchall_60_65,primary,2049
joint,EB-2 / ROW,age21_events_2025_2040,Capped minus uncapped,-34527.0,catchall_60_65,primary,2049
joint,EB-3 / India,age21_events_2025_2040,Capped minus uncapped,43566.0,catchall_60_65,primary,2049
joint,EB-3 / China,age21_events_2025_2040,Capped minus uncapped,2254.0,catchall_60_65,primary,2049
joint,EB-3 / ROW,age21_events_2025_2040,Capped minus uncapped,-22548.0,catchall_60_65,primary,2049
joint,EB-4 / India,age21_events_2025_2040,Capped minus uncapped,-908.0,catchall_60_65,primary,2049
joint,EB-4 / China,age21_events_2025_2040,Capped minus uncapped,-138.0,catchall_60_65,primary,2049
joint,EB-4 / ROW,age21_events_2025_2040,Capped minus uncapped,687.0,catchall_60_65,primary,2049
joint,EB-5 / India,age21_events_2025_2040,Capped minus uncapped,188.0,catchall_60_65,primary,2049
joint,EB-5 / China,age21_events_2025_2040,Capped minus uncapped,647.0,catchall_60_65,primary,2049
joint,EB-5 / ROW,age21_events_2025_2040,Capped minus uncapped,-266.0,catchall_60_65,primary,2049
overall,All,age21_events_2025_2040,Capped,266407.0,catchall_60_65,primary,2050
overall,All,age21_events_2025_2040,Uncapped,199909.0,catchall_60_65,primary,2050
overall,All,age21_events_2025_2040,Capped minus uncapped,66498.0,catchall_60_65,primary,2050
overall,All,principal_exits_2025_2040,Capped,1093215.0,catchall_60_65,primary,2050
overall,All,principal_exits_2025_2040,Uncapped,1071104.0,catchall_60_65,primary,2050
overall,All,principal_exits_2025_2040,Capped minus uncapped,22111.0,catchall_60_65,primary,2050
overall,All,principal_conversions_2025_2040,Capped,1263236.0,catchall_60_65,primary,2050
overall,All,principal_conversions_2025_2040,Uncapped,1266745.0,catchall_60_65,primary,2050
overall,All,principal_conversions_2025_2040,Capped minus uncapped,-3509.0,catchall_60_65,primary,2050
overall,All,principal_backlog_2040,Capped,2775697.0,catchall_60_65,primary,2050
overall,All,principal_backlog_2040,Uncapped,2794299.0,catchall_60_65,primary,2050
overall,All,principal_backlog_2040,Capped minus uncapped,-18602.0,catchall_60_65,primary,2050
nationality,India,age21_events_2025_2040,Capped,193058.0,catchall_60_65,primary,2050
nationality,India,age21_events_2025_2040,Uncapped,73053.0,catchall_60_65,primary,2050
nationality,India,age21_events_2025_2040,Capped minus uncapped,120005.0,catchall_60_65,primary,2050
nationality,India,principal_exits_2025_2040,Capped,335022.0,catchall_60_65,primary,2050
nationality,India,principal_exits_2025_2040,Uncapped,186637.0,catchall_60_65,primary,2050
nationality,India,principal_exits_2025_2040,Capped minus uncapped,148385.0,catchall_60_65,primary,2050
nationality,India,principal_backlog_2040,Capped,1077155.0,catchall_60_65,primary,2050
nationality,India,principal_backlog_2040,Uncapped,751174.0,catchall_60_65,primary,2050
nationality,India,principal_backlog_2040,Capped minus uncapped,325981.0,catchall_60_65,primary,2050
nationality,China,age21_events_2025_2040,Capped,18889.0,catchall_60_65,primary,2050
nationality,China,age21_events_2025_2040,Uncapped,14733.0,catchall_60_65,primary,2050
nationality,China,age21_events_2025_2040,Capped minus uncapped,4156.0,catchall_60_65,primary,2050
nationality,China,principal_exits_2025_2040,Capped,104823.0,catchall_60_65,primary,2050
nationality,China,principal_exits_2025_2040,Uncapped,95153.0,catchall_60_65,primary,2050
nationality,China,principal_exits_2025_2040,Capped minus uncapped,9670.0,catchall_60_65,primary,2050
nationality,China,principal_backlog_2040,Capped,341738.0,catchall_60_65,primary,2050
nationality,China,principal_backlog_2040,Uncapped,286853.0,catchall_60_65,primary,2050
nationality,China,principal_backlog_2040,Capped minus uncapped,54885.0,catchall_60_65,primary,2050
nationality,ROW,age21_events_2025_2040,Capped,54460.0,catchall_60_65,primary,2050
nationality,ROW,age21_events_2025_2040,Uncapped,112123.0,catchall_60_65,primary,2050
nationality,ROW,age21_events_2025_2040,Capped minus uncapped,-57663.0,catchall_60_65,primary,2050
nationality,ROW,principal_exits_2025_2040,Capped,653370.0,catchall_60_65,primary,2050
nationality,ROW,principal_exits_2025_2040,Uncapped,789314.0,catchall_60_65,primary,2050
nationality,ROW,principal_exits_2025_2040,Capped minus uncapped,-135944.0,catchall_60_65,primary,2050
nationality,ROW,principal_backlog_2040,Capped,1356804.0,catchall_60_65,primary,2050
nationality,ROW,principal_backlog_2040,Uncapped,1756272.0,catchall_60_65,primary,2050
nationality,ROW,principal_backlog_2040,Capped minus uncapped,-399468.0,catchall_60_65,primary,2050
category,EB-1,age21_events_2025_2040,Capped,2430.0,catchall_60_65,primary,2050
category,EB-1,age21_events_2025_2040,Uncapped,715.0,catchall_60_65,primary,2050
category,EB-1,age21_events_2025_2040,Capped minus uncapped,1715.0,catchall_60_65,primary,2050
category,EB-1,principal_exits_2025_2040,Capped,15593.0,catchall_60_65,primary,2050
category,EB-1,principal_exits_2025_2040,Uncapped,16478.0,catchall_60_65,primary,2050
category,EB-1,principal_exits_2025_2040,Capped minus uncapped,-885.0,catchall_60_65,primary,2050
category,EB-1,principal_backlog_2040,Capped,129464.0,catchall_60_65,primary,2050
category,EB-1,principal_backlog_2040,Uncapped,125284.0,catchall_60_65,primary,2050
category,EB-1,principal_backlog_2040,Capped minus uncapped,4180.0,catchall_60_65,primary,2050
category,EB-2,age21_events_2025_2040,Capped,149873.0,catchall_60_65,primary,2050
category,EB-2,age21_events_2025_2040,Uncapped,108178.0,catchall_60_65,primary,2050
category,EB-2,age21_events_2025_2040,Capped minus uncapped,41695.0,catchall_60_65,primary,2050
category,EB-2,principal_exits_2025_2040,Capped,309678.0,catchall_60_65,primary,2050
category,EB-2,principal_exits_2025_2040,Uncapped,282230.0,catchall_60_65,primary,2050
category,EB-2,principal_exits_2025_2040,Capped minus uncapped,27448.0,catchall_60_65,primary,2050
category,EB-2,principal_backlog_2040,Capped,1042012.0,catchall_60_65,primary,2050
category,EB-2,principal_backlog_2040,Uncapped,1061157.0,catchall_60_65,primary,2050
category,EB-2,principal_backlog_2040,Capped minus uncapped,-19145.0,catchall_60_65,primary,2050
category,EB-3,age21_events_2025_2040,Capped,63267.0,catchall_60_65,primary,2050
category,EB-3,age21_events_2025_2040,Uncapped,40413.0,catchall_60_65,primary,2050
category,EB-3,age21_events_2025_2040,Capped minus uncapped,22854.0,catchall_60_65,primary,2050
category,EB-3,principal_exits_2025_2040,Capped,245220.0,catchall_60_65,primary,2050
category,EB-3,principal_exits_2025_2040,Uncapped,249462.0,catchall_60_65,primary,2050
category,EB-3,principal_exits_2025_2040,Capped minus uncapped,-4242.0,catchall_60_65,primary,2050
category,EB-3,principal_backlog_2040,Capped,552715.0,catchall_60_65,primary,2050
category,EB-3,principal_backlog_2040,Uncapped,559041.0,catchall_60_65,primary,2050
category,EB-3,principal_backlog_2040,Capped minus uncapped,-6326.0,catchall_60_65,primary,2050
category,EB-4,age21_events_2025_2040,Capped,49724.0,catchall_60_65,primary,2050
category,EB-4,age21_events_2025_2040,Uncapped,50005.0,catchall_60_65,primary,2050
category,EB-4,age21_events_2025_2040,Capped minus uncapped,-281.0,catchall_60_65,primary,2050
category,EB-4,principal_exits_2025_2040,Capped,518877.0,catchall_60_65,primary,2050
category,EB-4,principal_exits_2025_2040,Uncapped,519518.0,catchall_60_65,primary,2050
category,EB-4,principal_exits_2025_2040,Capped minus uncapped,-641.0,catchall_60_65,primary,2050
category,EB-4,principal_backlog_2040,Capped,1024640.0,catchall_60_65,primary,2050
category,EB-4,principal_backlog_2040,Uncapped,1021988.0,catchall_60_65,primary,2050
category,EB-4,principal_backlog_2040,Capped minus uncapped,2652.0,catchall_60_65,primary,2050
category,EB-5,age21_events_2025_2040,Capped,1113.0,catchall_60_65,primary,2050
category,EB-5,age21_events_2025_2040,Uncapped,598.0,catchall_60_65,primary,2050
category,EB-5,age21_events_2025_2040,Capped minus uncapped,515.0,catchall_60_65,primary,2050
category,EB-5,principal_exits_2025_2040,Capped,3847.0,catchall_60_65,primary,2050
category,EB-5,principal_exits_2025_2040,Uncapped,3416.0,catchall_60_65,primary,2050
category,EB-5,principal_exits_2025_2040,Capped minus uncapped,431.0,catchall_60_65,primary,2050
category,EB-5,principal_backlog_2040,Capped,26866.0,catchall_60_65,primary,2050
category,EB-5,principal_backlog_2040,Uncapped,26829.0,catchall_60_65,primary,2050
category,EB-5,principal_backlog_2040,Capped minus uncapped,37.0,catchall_60_65,primary,2050
joint,EB-1 / India,age21_events_2025_2040,Capped minus uncapped,1385.0,catchall_60_65,primary,2050
joint,EB-1 / China,age21_events_2025_2040,Capped minus uncapped,890.0,catchall_60_65,primary,2050
joint,EB-1 / ROW,age21_events_2025_2040,Capped minus uncapped,-560.0,catchall_60_65,primary,2050
joint,EB-2 / India,age21_events_2025_2040,Capped minus uncapped,75899.0,catchall_60_65,primary,2050
joint,EB-2 / China,age21_events_2025_2040,Capped minus uncapped,500.0,catchall_60_65,primary,2050
joint,EB-2 / ROW,age21_events_2025_2040,Capped minus uncapped,-34704.0,catchall_60_65,primary,2050
joint,EB-3 / India,age21_events_2025_2040,Capped minus uncapped,43371.0,catchall_60_65,primary,2050
joint,EB-3 / China,age21_events_2025_2040,Capped minus uncapped,2271.0,catchall_60_65,primary,2050
joint,EB-3 / ROW,age21_events_2025_2040,Capped minus uncapped,-22788.0,catchall_60_65,primary,2050
joint,EB-4 / India,age21_events_2025_2040,Capped minus uncapped,-809.0,catchall_60_65,primary,2050
joint,EB-4 / China,age21_events_2025_2040,Capped minus uncapped,-117.0,catchall_60_65,primary,2050
joint,EB-4 / ROW,age21_events_2025_2040,Capped minus uncapped,645.0,catchall_60_65,primary,2050
joint,EB-5 / India,age21_events_2025_2040,Capped minus uncapped,159.0,catchall_60_65,primary,2050
joint,EB-5 / China,age21_events_2025_2040,Capped minus uncapped,612.0,catchall_60_65,primary,2050
joint,EB-5 / ROW,age21_events_2025_2040,Capped minus uncapped,-256.0,catchall_60_65,primary,2050
overall,All,age21_events_2025_2040,Capped,267438.0,catchall_60_65,primary,2051
overall,All,age21_events_2025_2040,Uncapped,200520.0,catchall_60_65,primary,2051
overall,All,age21_events_2025_2040,Capped minus uncapped,66918.0,catchall_60_65,primary,2051
overall,All,principal_exits_2025_2040,Capped,1093471.0,catchall_60_65,primary,2051
overall,All,principal_exits_2025_2040,Uncapped,1071930.0,catchall_60_65,primary,2051
overall,All,principal_exits_2025_2040,Capped minus uncapped,21541.0,catchall_60_65,primary,2051
overall,All,principal_conversions_2025_2040,Capped,1262857.0,catchall_60_65,primary,2051
overall,All,principal_conversions_2025_2040,Uncapped,1266273.0,catchall_60_65,primary,2051
overall,All,principal_conversions_2025_2040,Capped minus uncapped,-3416.0,catchall_60_65,primary,2051
overall,All,principal_backlog_2040,Capped,2775453.0,catchall_60_65,primary,2051
overall,All,principal_backlog_2040,Uncapped,2793578.0,catchall_60_65,primary,2051
overall,All,principal_backlog_2040,Capped minus uncapped,-18125.0,catchall_60_65,primary,2051
nationality,India,age21_events_2025_2040,Capped,193893.0,catchall_60_65,primary,2051
nationality,India,age21_events_2025_2040,Uncapped,73713.0,catchall_60_65,primary,2051
nationality,India,age21_events_2025_2040,Capped minus uncapped,120180.0,catchall_60_65,primary,2051
nationality,India,principal_exits_2025_2040,Capped,335392.0,catchall_60_65,primary,2051
nationality,India,principal_exits_2025_2040,Uncapped,187120.0,catchall_60_65,primary,2051
nationality,India,principal_exits_2025_2040,Capped minus uncapped,148272.0,catchall_60_65,primary,2051
nationality,India,principal_backlog_2040,Capped,1078150.0,catchall_60_65,primary,2051
nationality,India,principal_backlog_2040,Uncapped,750610.0,catchall_60_65,primary,2051
nationality,India,principal_backlog_2040,Capped minus uncapped,327540.0,catchall_60_65,primary,2051
nationality,China,age21_events_2025_2040,Capped,18851.0,catchall_60_65,primary,2051
nationality,China,age21_events_2025_2040,Uncapped,14685.0,catchall_60_65,primary,2051
nationality,China,age21_events_2025_2040,Capped minus uncapped,4166.0,catchall_60_65,primary,2051
nationality,China,principal_exits_2025_2040,Capped,104658.0,catchall_60_65,primary,2051
nationality,China,principal_exits_2025_2040,Uncapped,95540.0,catchall_60_65,primary,2051
nationality,China,principal_exits_2025_2040,Capped minus uncapped,9118.0,catchall_60_65,primary,2051
nationality,China,principal_backlog_2040,Capped,341844.0,catchall_60_65,primary,2051
nationality,China,principal_backlog_2040,Uncapped,286852.0,catchall_60_65,primary,2051
nationality,China,principal_backlog_2040,Capped minus uncapped,54992.0,catchall_60_65,primary,2051
nationality,ROW,age21_events_2025_2040,Capped,54694.0,catchall_60_65,primary,2051
nationality,ROW,age21_events_2025_2040,Uncapped,112122.0,catchall_60_65,primary,2051
nationality,ROW,age21_events_2025_2040,Capped minus uncapped,-57428.0,catchall_60_65,primary,2051
nationality,ROW,principal_exits_2025_2040,Capped,653421.0,catchall_60_65,primary,2051
nationality,ROW,principal_exits_2025_2040,Uncapped,789270.0,catchall_60_65,primary,2051
nationality,ROW,principal_exits_2025_2040,Capped minus uncapped,-135849.0,catchall_60_65,primary,2051
nationality,ROW,principal_backlog_2040,Capped,1355459.0,catchall_60_65,primary,2051
nationality,ROW,principal_backlog_2040,Uncapped,1756116.0,catchall_60_65,primary,2051
nationality,ROW,principal_backlog_2040,Capped minus uncapped,-400657.0,catchall_60_65,primary,2051
category,EB-1,age21_events_2025_2040,Capped,2561.0,catchall_60_65,primary,2051
category,EB-1,age21_events_2025_2040,Uncapped,818.0,catchall_60_65,primary,2051
category,EB-1,age21_events_2025_2040,Capped minus uncapped,1743.0,catchall_60_65,primary,2051
category,EB-1,principal_exits_2025_2040,Capped,15979.0,catchall_60_65,primary,2051
category,EB-1,principal_exits_2025_2040,Uncapped,16688.0,catchall_60_65,primary,2051
category,EB-1,principal_exits_2025_2040,Capped minus uncapped,-709.0,catchall_60_65,primary,2051
category,EB-1,principal_backlog_2040,Capped,129782.0,catchall_60_65,primary,2051
category,EB-1,principal_backlog_2040,Uncapped,125773.0,catchall_60_65,primary,2051
category,EB-1,principal_backlog_2040,Capped minus uncapped,4009.0,catchall_60_65,primary,2051
category,EB-2,age21_events_2025_2040,Capped,150477.0,catchall_60_65,primary,2051
category,EB-2,age21_events_2025_2040,Uncapped,108673.0,catchall_60_65,primary,2051
category,EB-2,age21_events_2025_2040,Capped minus uncapped,41804.0,catchall_60_65,primary,2051
category,EB-2,principal_exits_2025_2040,Capped,309659.0,catchall_60_65,primary,2051
category,EB-2,principal_exits_2025_2040,Uncapped,282903.0,catchall_60_65,primary,2051
category,EB-2,principal_exits_2025_2040,Capped minus uncapped,26756.0,catchall_60_65,primary,2051
category,EB-2,principal_backlog_2040,Capped,1041797.0,catchall_60_65,primary,2051
category,EB-2,principal_backlog_2040,Uncapped,1059935.0,catchall_60_65,primary,2051
category,EB-2,principal_backlog_2040,Capped minus uncapped,-18138.0,catchall_60_65,primary,2051
category,EB-3,age21_events_2025_2040,Capped,63438.0,catchall_60_65,primary,2051
category,EB-3,age21_events_2025_2040,Uncapped,40217.0,catchall_60_65,primary,2051
category,EB-3,age21_events_2025_2040,Capped minus uncapped,23221.0,catchall_60_65,primary,2051
category,EB-3,principal_exits_2025_2040,Capped,244255.0,catchall_60_65,primary,2051
category,EB-3,principal_exits_2025_2040,Uncapped,249833.0,catchall_60_65,primary,2051
category,EB-3,principal_exits_2025_2040,Capped minus uncapped,-5578.0,catchall_60_65,primary,2051
category,EB-3,principal_backlog_2040,Capped,553379.0,catchall_60_65,primary,2051
category,EB-3,principal_backlog_2040,Uncapped,558878.0,catchall_60_65,primary,2051
category,EB-3,principal_backlog_2040,Capped minus uncapped,-5499.0,catchall_60_65,primary,2051
category,EB-4,age21_events_2025_2040,Capped,49881.0,catchall_60_65,primary,2051
category,EB-4,age21_events_2025_2040,Uncapped,50238.0,catchall_60_65,primary,2051
category,EB-4,age21_events_2025_2040,Capped minus uncapped,-357.0,catchall_60_65,primary,2051
category,EB-4,principal_exits_2025_2040,Capped,519820.0,catchall_60_65,primary,2051
category,EB-4,principal_exits_2025_2040,Uncapped,519156.0,catchall_60_65,primary,2051
category,EB-4,principal_exits_2025_2040,Capped minus uncapped,664.0,catchall_60_65,primary,2051
category,EB-4,principal_backlog_2040,Capped,1023895.0,catchall_60_65,primary,2051
category,EB-4,principal_backlog_2040,Uncapped,1022456.0,catchall_60_65,primary,2051
category,EB-4,principal_backlog_2040,Capped minus uncapped,1439.0,catchall_60_65,primary,2051
category,EB-5,age21_events_2025_2040,Capped,1081.0,catchall_60_65,primary,2051
category,EB-5,age21_events_2025_2040,Uncapped,574.0,catchall_60_65,primary,2051
category,EB-5,age21_events_2025_2040,Capped minus uncapped,507.0,catchall_60_65,primary,2051
category,EB-5,principal_exits_2025_2040,Capped,3758.0,catchall_60_65,primary,2051
category,EB-5,principal_exits_2025_2040,Uncapped,3350.0,catchall_60_65,primary,2051
category,EB-5,principal_exits_2025_2040,Capped minus uncapped,408.0,catchall_60_65,primary,2051
category,EB-5,principal_backlog_2040,Capped,26600.0,catchall_60_65,primary,2051
category,EB-5,principal_backlog_2040,Uncapped,26536.0,catchall_60_65,primary,2051
category,EB-5,principal_backlog_2040,Capped minus uncapped,64.0,catchall_60_65,primary,2051
joint,EB-1 / India,age21_events_2025_2040,Capped minus uncapped,1404.0,catchall_60_65,primary,2051
joint,EB-1 / China,age21_events_2025_2040,Capped minus uncapped,979.0,catchall_60_65,primary,2051
joint,EB-1 / ROW,age21_events_2025_2040,Capped minus uncapped,-640.0,catchall_60_65,primary,2051
joint,EB-2 / India,age21_events_2025_2040,Capped minus uncapped,75843.0,catchall_60_65,primary,2051
joint,EB-2 / China,age21_events_2025_2040,Capped minus uncapped,486.0,catchall_60_65,primary,2051
joint,EB-2 / ROW,age21_events_2025_2040,Capped minus uncapped,-34525.0,catchall_60_65,primary,2051
joint,EB-3 / India,age21_events_2025_2040,Capped minus uncapped,43516.0,catchall_60_65,primary,2051
joint,EB-3 / China,age21_events_2025_2040,Capped minus uncapped,2215.0,catchall_60_65,primary,2051
joint,EB-3 / ROW,age21_events_2025_2040,Capped minus uncapped,-22510.0,catchall_60_65,primary,2051
joint,EB-4 / India,age21_events_2025_2040,Capped minus uncapped,-746.0,catchall_60_65,primary,2051
joint,EB-4 / China,age21_events_2025_2040,Capped minus uncapped,-115.0,catchall_60_65,primary,2051
joint,EB-4 / ROW,age21_events_2025_2040,Capped minus uncapped,504.0,catchall_60_65,primary,2051
joint,EB-5 / India,age21_events_2025_2040,Capped minus uncapped,163.0,catchall_60_65,primary,2051
joint,EB-5 / China,age21_events_2025_2040,Capped minus uncapped,601.0,catchall_60_65,primary,2051
joint,EB-5 / ROW,age21_events_2025_2040,Capped minus uncapped,-257.0,catchall_60_65,primary,2051
overall,All,age21_events_2025_2040,Capped,266514.0,catchall_60_65,primary,2052
overall,All,age21_events_2025_2040,Uncapped,199938.0,catchall_60_65,primary,2052
overall,All,age21_events_2025_2040,Capped minus uncapped,66576.0,catchall_60_65,primary,2052
overall,All,principal_exits_2025_2040,Capped,1093430.0,catchall_60_65,primary,2052
overall,All,principal_exits_2025_2040,Uncapped,1072834.0,catchall_60_65,primary,2052
overall,All,principal_exits_2025_2040,Capped minus uncapped,20596.0,catchall_60_65,primary,2052
overall,All,principal_conversions_2025_2040,Capped,1262218.0,catchall_60_65,primary,2052
overall,All,principal_conversions_2025_2040,Uncapped,1266382.0,catchall_60_65,primary,2052
overall,All,principal_conversions_2025_2040,Capped minus uncapped,-4164.0,catchall_60_65,primary,2052
overall,All,principal_backlog_2040,Capped,2774902.0,catchall_60_65,primary,2052
overall,All,principal_backlog_2040,Uncapped,2791334.0,catchall_60_65,primary,2052
overall,All,principal_backlog_2040,Capped minus uncapped,-16432.0,catchall_60_65,primary,2052
nationality,India,age21_events_2025_2040,Capped,193412.0,catchall_60_65,primary,2052
nationality,India,age21_events_2025_2040,Uncapped,73287.0,catchall_60_65,primary,2052
nationality,India,age21_events_2025_2040,Capped minus uncapped,120125.0,catchall_60_65,primary,2052
nationality,India,principal_exits_2025_2040,Capped,335009.0,catchall_60_65,primary,2052
nationality,India,principal_exits_2025_2040,Uncapped,187128.0,catchall_60_65,primary,2052
nationality,India,principal_exits_2025_2040,Capped minus uncapped,147881.0,catchall_60_65,primary,2052
nationality,India,principal_backlog_2040,Capped,1076900.0,catchall_60_65,primary,2052
nationality,India,principal_backlog_2040,Uncapped,750235.0,catchall_60_65,primary,2052
nationality,India,principal_backlog_2040,Capped minus uncapped,326665.0,catchall_60_65,primary,2052
nationality,China,age21_events_2025_2040,Capped,18862.0,catchall_60_65,primary,2052
nationality,China,age21_events_2025_2040,Uncapped,14760.0,catchall_60_65,primary,2052
nationality,China,age21_events_2025_2040,Capped minus uncapped,4102.0,catchall_60_65,primary,2052
nationality,China,principal_exits_2025_2040,Capped,104522.0,catchall_60_65,primary,2052
nationality,China,principal_exits_2025_2040,Uncapped,95277.0,catchall_60_65,primary,2052
nationality,China,principal_exits_2025_2040,Capped minus uncapped,9245.0,catchall_60_65,primary,2052
nationality,China,principal_backlog_2040,Capped,341615.0,catchall_60_65,primary,2052
nationality,China,principal_backlog_2040,Uncapped,287062.0,catchall_60_65,primary,2052
nationality,China,principal_backlog_2040,Capped minus uncapped,54553.0,catchall_60_65,primary,2052
nationality,ROW,age21_events_2025_2040,Capped,54240.0,catchall_60_65,primary,2052
nationality,ROW,age21_events_2025_2040,Uncapped,111891.0,catchall_60_65,primary,2052
nationality,ROW,age21_events_2025_2040,Capped minus uncapped,-57651.0,catchall_60_65,primary,2052
nationality,ROW,principal_exits_2025_2040,Capped,653899.0,catchall_60_65,primary,2052
nationality,ROW,principal_exits_2025_2040,Uncapped,790429.0,catchall_60_65,primary,2052
nationality,ROW,principal_exits_2025_2040,Capped minus uncapped,-136530.0,catchall_60_65,primary,2052
nationality,ROW,principal_backlog_2040,Capped,1356387.0,catchall_60_65,primary,2052
nationality,ROW,principal_backlog_2040,Uncapped,1754037.0,catchall_60_65,primary,2052
nationality,ROW,principal_backlog_2040,Capped minus uncapped,-397650.0,catchall_60_65,primary,2052
category,EB-1,age21_events_2025_2040,Capped,2518.0,catchall_60_65,primary,2052
category,EB-1,age21_events_2025_2040,Uncapped,780.0,catchall_60_65,primary,2052
category,EB-1,age21_events_2025_2040,Capped minus uncapped,1738.0,catchall_60_65,primary,2052
category,EB-1,principal_exits_2025_2040,Capped,15801.0,catchall_60_65,primary,2052
category,EB-1,principal_exits_2025_2040,Uncapped,16682.0,catchall_60_65,primary,2052
category,EB-1,principal_exits_2025_2040,Capped minus uncapped,-881.0,catchall_60_65,primary,2052
category,EB-1,principal_backlog_2040,Capped,129373.0,catchall_60_65,primary,2052
category,EB-1,principal_backlog_2040,Uncapped,125458.0,catchall_60_65,primary,2052
category,EB-1,principal_backlog_2040,Capped minus uncapped,3915.0,catchall_60_65,primary,2052
category,EB-2,age21_events_2025_2040,Capped,149970.0,catchall_60_65,primary,2052
category,EB-2,age21_events_2025_2040,Uncapped,108772.0,catchall_60_65,primary,2052
category,EB-2,age21_events_2025_2040,Capped minus uncapped,41198.0,catchall_60_65,primary,2052
category,EB-2,principal_exits_2025_2040,Capped,309477.0,catchall_60_65,primary,2052
category,EB-2,principal_exits_2025_2040,Uncapped,282255.0,catchall_60_65,primary,2052
category,EB-2,principal_exits_2025_2040,Capped minus uncapped,27222.0,catchall_60_65,primary,2052
category,EB-2,principal_backlog_2040,Capped,1041859.0,catchall_60_65,primary,2052
category,EB-2,principal_backlog_2040,Uncapped,1060138.0,catchall_60_65,primary,2052
category,EB-2,principal_backlog_2040,Capped minus uncapped,-18279.0,catchall_60_65,primary,2052
category,EB-3,age21_events_2025_2040,Capped,63367.0,catchall_60_65,primary,2052
category,EB-3,age21_events_2025_2040,Uncapped,40214.0,catchall_60_65,primary,2052
category,EB-3,age21_events_2025_2040,Capped minus uncapped,23153.0,catchall_60_65,primary,2052
category,EB-3,principal_exits_2025_2040,Capped,245417.0,catchall_60_65,primary,2052
category,EB-3,principal_exits_2025_2040,Uncapped,250305.0,catchall_60_65,primary,2052
category,EB-3,principal_exits_2025_2040,Capped minus uncapped,-4888.0,catchall_60_65,primary,2052
category,EB-3,principal_backlog_2040,Capped,551865.0,catchall_60_65,primary,2052
category,EB-3,principal_backlog_2040,Uncapped,558018.0,catchall_60_65,primary,2052
category,EB-3,principal_backlog_2040,Capped minus uncapped,-6153.0,catchall_60_65,primary,2052
category,EB-4,age21_events_2025_2040,Capped,49464.0,catchall_60_65,primary,2052
category,EB-4,age21_events_2025_2040,Uncapped,49562.0,catchall_60_65,primary,2052
category,EB-4,age21_events_2025_2040,Capped minus uncapped,-98.0,catchall_60_65,primary,2052
category,EB-4,principal_exits_2025_2040,Capped,518869.0,catchall_60_65,primary,2052
category,EB-4,principal_exits_2025_2040,Uncapped,520105.0,catchall_60_65,primary,2052
category,EB-4,principal_exits_2025_2040,Capped minus uncapped,-1236.0,catchall_60_65,primary,2052
category,EB-4,principal_backlog_2040,Capped,1025037.0,catchall_60_65,primary,2052
category,EB-4,principal_backlog_2040,Uncapped,1021143.0,catchall_60_65,primary,2052
category,EB-4,principal_backlog_2040,Capped minus uncapped,3894.0,catchall_60_65,primary,2052
category,EB-5,age21_events_2025_2040,Capped,1195.0,catchall_60_65,primary,2052
category,EB-5,age21_events_2025_2040,Uncapped,610.0,catchall_60_65,primary,2052
category,EB-5,age21_events_2025_2040,Capped minus uncapped,585.0,catchall_60_65,primary,2052
category,EB-5,principal_exits_2025_2040,Capped,3866.0,catchall_60_65,primary,2052
category,EB-5,principal_exits_2025_2040,Uncapped,3487.0,catchall_60_65,primary,2052
category,EB-5,principal_exits_2025_2040,Capped minus uncapped,379.0,catchall_60_65,primary,2052
category,EB-5,principal_backlog_2040,Capped,26768.0,catchall_60_65,primary,2052
category,EB-5,principal_backlog_2040,Uncapped,26577.0,catchall_60_65,primary,2052
category,EB-5,principal_backlog_2040,Capped minus uncapped,191.0,catchall_60_65,primary,2052
joint,EB-1 / India,age21_events_2025_2040,Capped minus uncapped,1407.0,catchall_60_65,primary,2052
joint,EB-1 / China,age21_events_2025_2040,Capped minus uncapped,948.0,catchall_60_65,primary,2052
joint,EB-1 / ROW,age21_events_2025_2040,Capped minus uncapped,-617.0,catchall_60_65,primary,2052
joint,EB-2 / India,age21_events_2025_2040,Capped minus uncapped,75603.0,catchall_60_65,primary,2052
joint,EB-2 / China,age21_events_2025_2040,Capped minus uncapped,434.0,catchall_60_65,primary,2052
joint,EB-2 / ROW,age21_events_2025_2040,Capped minus uncapped,-34839.0,catchall_60_65,primary,2052
joint,EB-3 / India,age21_events_2025_2040,Capped minus uncapped,43747.0,catchall_60_65,primary,2052
joint,EB-3 / China,age21_events_2025_2040,Capped minus uncapped,2199.0,catchall_60_65,primary,2052
joint,EB-3 / ROW,age21_events_2025_2040,Capped minus uncapped,-22793.0,catchall_60_65,primary,2052
joint,EB-4 / India,age21_events_2025_2040,Capped minus uncapped,-807.0,catchall_60_65,primary,2052
joint,EB-4 / China,age21_events_2025_2040,Capped minus uncapped,-137.0,catchall_60_65,primary,2052
joint,EB-4 / ROW,age21_events_2025_2040,Capped minus uncapped,846.0,catchall_60_65,primary,2052
joint,EB-5 / India,age21_events_2025_2040,Capped minus uncapped,175.0,catchall_60_65,primary,2052
joint,EB-5 / China,age21_events_2025_2040,Capped minus uncapped,658.0,catchall_60_65,primary,2052
joint,EB-5 / ROW,age21_events_2025_2040,Capped minus uncapped,-248.0,catchall_60_65,primary,2052
overall,All,age21_events_2025_2040,Capped,266909.0,catchall_60_65,primary,2053
overall,All,age21_events_2025_2040,Uncapped,200654.0,catchall_60_65,primary,2053
overall,All,age21_events_2025_2040,Capped minus uncapped,66255.0,catchall_60_65,primary,2053
overall,All,principal_exits_2025_2040,Capped,1092860.0,catchall_60_65,primary,2053
overall,All,principal_exits_2025_2040,Uncapped,1071349.0,catchall_60_65,primary,2053
overall,All,principal_exits_2025_2040,Capped minus uncapped,21511.0,catchall_60_65,primary,2053
overall,All,principal_conversions_2025_2040,Capped,1262576.0,catchall_60_65,primary,2053
overall,All,principal_conversions_2025_2040,Uncapped,1266441.0,catchall_60_65,primary,2053
overall,All,principal_conversions_2025_2040,Capped minus uncapped,-3865.0,catchall_60_65,primary,2053
overall,All,principal_backlog_2040,Capped,2775636.0,catchall_60_65,primary,2053
overall,All,principal_backlog_2040,Uncapped,2793282.0,catchall_60_65,primary,2053
overall,All,principal_backlog_2040,Capped minus uncapped,-17646.0,catchall_60_65,primary,2053
nationality,India,age21_events_2025_2040,Capped,193446.0,catchall_60_65,primary,2053
nationality,India,age21_events_2025_2040,Uncapped,73564.0,catchall_60_65,primary,2053
nationality,India,age21_events_2025_2040,Capped minus uncapped,119882.0,catchall_60_65,primary,2053
nationality,India,principal_exits_2025_2040,Capped,333870.0,catchall_60_65,primary,2053
nationality,India,principal_exits_2025_2040,Uncapped,187324.0,catchall_60_65,primary,2053
nationality,India,principal_exits_2025_2040,Capped minus uncapped,146546.0,catchall_60_65,primary,2053
nationality,India,principal_backlog_2040,Capped,1078027.0,catchall_60_65,primary,2053
nationality,India,principal_backlog_2040,Uncapped,750379.0,catchall_60_65,primary,2053
nationality,India,principal_backlog_2040,Capped minus uncapped,327648.0,catchall_60_65,primary,2053
nationality,China,age21_events_2025_2040,Capped,18664.0,catchall_60_65,primary,2053
nationality,China,age21_events_2025_2040,Uncapped,14557.0,catchall_60_65,primary,2053
nationality,China,age21_events_2025_2040,Capped minus uncapped,4107.0,catchall_60_65,primary,2053
nationality,China,principal_exits_2025_2040,Capped,104522.0,catchall_60_65,primary,2053
nationality,China,principal_exits_2025_2040,Uncapped,95088.0,catchall_60_65,primary,2053
nationality,China,principal_exits_2025_2040,Capped minus uncapped,9434.0,catchall_60_65,primary,2053
nationality,China,principal_backlog_2040,Capped,341693.0,catchall_60_65,primary,2053
nationality,China,principal_backlog_2040,Uncapped,286390.0,catchall_60_65,primary,2053
nationality,China,principal_backlog_2040,Capped minus uncapped,55303.0,catchall_60_65,primary,2053
nationality,ROW,age21_events_2025_2040,Capped,54799.0,catchall_60_65,primary,2053
nationality,ROW,age21_events_2025_2040,Uncapped,112533.0,catchall_60_65,primary,2053
nationality,ROW,age21_events_2025_2040,Capped minus uncapped,-57734.0,catchall_60_65,primary,2053
nationality,ROW,principal_exits_2025_2040,Capped,654468.0,catchall_60_65,primary,2053
nationality,ROW,principal_exits_2025_2040,Uncapped,788937.0,catchall_60_65,primary,2053
nationality,ROW,principal_exits_2025_2040,Capped minus uncapped,-134469.0,catchall_60_65,primary,2053
nationality,ROW,principal_backlog_2040,Capped,1355916.0,catchall_60_65,primary,2053
nationality,ROW,principal_backlog_2040,Uncapped,1756513.0,catchall_60_65,primary,2053
nationality,ROW,principal_backlog_2040,Capped minus uncapped,-400597.0,catchall_60_65,primary,2053
category,EB-1,age21_events_2025_2040,Capped,2551.0,catchall_60_65,primary,2053
category,EB-1,age21_events_2025_2040,Uncapped,741.0,catchall_60_65,primary,2053
category,EB-1,age21_events_2025_2040,Capped minus uncapped,1810.0,catchall_60_65,primary,2053
category,EB-1,principal_exits_2025_2040,Capped,15884.0,catchall_60_65,primary,2053
category,EB-1,principal_exits_2025_2040,Uncapped,16735.0,catchall_60_65,primary,2053
category,EB-1,principal_exits_2025_2040,Capped minus uncapped,-851.0,catchall_60_65,primary,2053
category,EB-1,principal_backlog_2040,Capped,129841.0,catchall_60_65,primary,2053
category,EB-1,principal_backlog_2040,Uncapped,125540.0,catchall_60_65,primary,2053
category,EB-1,principal_backlog_2040,Capped minus uncapped,4301.0,catchall_60_65,primary,2053
category,EB-2,age21_events_2025_2040,Capped,150064.0,catchall_60_65,primary,2053
category,EB-2,age21_events_2025_2040,Uncapped,108879.0,catchall_60_65,primary,2053
category,EB-2,age21_events_2025_2040,Capped minus uncapped,41185.0,catchall_60_65,primary,2053
category,EB-2,principal_exits_2025_2040,Capped,308219.0,catchall_60_65,primary,2053
category,EB-2,principal_exits_2025_2040,Uncapped,282793.0,catchall_60_65,primary,2053
category,EB-2,principal_exits_2025_2040,Capped minus uncapped,25426.0,catchall_60_65,primary,2053
category,EB-2,principal_backlog_2040,Capped,1043279.0,catchall_60_65,primary,2053
category,EB-2,principal_backlog_2040,Uncapped,1059762.0,catchall_60_65,primary,2053
category,EB-2,principal_backlog_2040,Capped minus uncapped,-16483.0,catchall_60_65,primary,2053
category,EB-3,age21_events_2025_2040,Capped,63336.0,catchall_60_65,primary,2053
category,EB-3,age21_events_2025_2040,Uncapped,40497.0,catchall_60_65,primary,2053
category,EB-3,age21_events_2025_2040,Capped minus uncapped,22839.0,catchall_60_65,primary,2053
category,EB-3,principal_exits_2025_2040,Capped,245691.0,catchall_60_65,primary,2053
category,EB-3,principal_exits_2025_2040,Uncapped,250090.0,catchall_60_65,primary,2053
category,EB-3,principal_exits_2025_2040,Capped minus uncapped,-4399.0,catchall_60_65,primary,2053
category,EB-3,principal_backlog_2040,Capped,551666.0,catchall_60_65,primary,2053
category,EB-3,principal_backlog_2040,Uncapped,558766.0,catchall_60_65,primary,2053
category,EB-3,principal_backlog_2040,Capped minus uncapped,-7100.0,catchall_60_65,primary,2053
category,EB-4,age21_events_2025_2040,Capped,49838.0,catchall_60_65,primary,2053
category,EB-4,age21_events_2025_2040,Uncapped,49949.0,catchall_60_65,primary,2053
category,EB-4,age21_events_2025_2040,Capped minus uncapped,-111.0,catchall_60_65,primary,2053
category,EB-4,principal_exits_2025_2040,Capped,519331.0,catchall_60_65,primary,2053
category,EB-4,principal_exits_2025_2040,Uncapped,518398.0,catchall_60_65,primary,2053
category,EB-4,principal_exits_2025_2040,Capped minus uncapped,933.0,catchall_60_65,primary,2053
category,EB-4,principal_backlog_2040,Capped,1024157.0,catchall_60_65,primary,2053
category,EB-4,principal_backlog_2040,Uncapped,1022741.0,catchall_60_65,primary,2053
category,EB-4,principal_backlog_2040,Capped minus uncapped,1416.0,catchall_60_65,primary,2053
category,EB-5,age21_events_2025_2040,Capped,1120.0,catchall_60_65,primary,2053
category,EB-5,age21_events_2025_2040,Uncapped,588.0,catchall_60_65,primary,2053
category,EB-5,age21_events_2025_2040,Capped minus uncapped,532.0,catchall_60_65,primary,2053
category,EB-5,principal_exits_2025_2040,Capped,3735.0,catchall_60_65,primary,2053
category,EB-5,principal_exits_2025_2040,Uncapped,3333.0,catchall_60_65,primary,2053
category,EB-5,principal_exits_2025_2040,Capped minus uncapped,402.0,catchall_60_65,primary,2053
category,EB-5,principal_backlog_2040,Capped,26693.0,catchall_60_65,primary,2053
category,EB-5,principal_backlog_2040,Uncapped,26473.0,catchall_60_65,primary,2053
category,EB-5,principal_backlog_2040,Capped minus uncapped,220.0,catchall_60_65,primary,2053
joint,EB-1 / India,age21_events_2025_2040,Capped minus uncapped,1465.0,catchall_60_65,primary,2053
joint,EB-1 / China,age21_events_2025_2040,Capped minus uncapped,953.0,catchall_60_65,primary,2053
joint,EB-1 / ROW,age21_events_2025_2040,Capped minus uncapped,-608.0,catchall_60_65,primary,2053
joint,EB-2 / India,age21_events_2025_2040,Capped minus uncapped,75554.0,catchall_60_65,primary,2053
joint,EB-2 / China,age21_events_2025_2040,Capped minus uncapped,492.0,catchall_60_65,primary,2053
joint,EB-2 / ROW,age21_events_2025_2040,Capped minus uncapped,-34861.0,catchall_60_65,primary,2053
joint,EB-3 / India,age21_events_2025_2040,Capped minus uncapped,43471.0,catchall_60_65,primary,2053
joint,EB-3 / China,age21_events_2025_2040,Capped minus uncapped,2217.0,catchall_60_65,primary,2053
joint,EB-3 / ROW,age21_events_2025_2040,Capped minus uncapped,-22849.0,catchall_60_65,primary,2053
joint,EB-4 / India,age21_events_2025_2040,Capped minus uncapped,-801.0,catchall_60_65,primary,2053
joint,EB-4 / China,age21_events_2025_2040,Capped minus uncapped,-145.0,catchall_60_65,primary,2053
joint,EB-4 / ROW,age21_events_2025_2040,Capped minus uncapped,835.0,catchall_60_65,primary,2053
joint,EB-5 / India,age21_events_2025_2040,Capped minus uncapped,193.0,catchall_60_65,primary,2053
joint,EB-5 / China,age21_events_2025_2040,Capped minus uncapped,590.0,catchall_60_65,primary,2053
joint,EB-5 / ROW,age21_events_2025_2040,Capped minus uncapped,-251.0,catchall_60_65,primary,2053
overall,All,age21_events_2025_2040,Capped,265910.0,catchall_60_65,primary,2054
overall,All,age21_events_2025_2040,Uncapped,199696.0,catchall_60_65,primary,2054
overall,All,age21_events_2025_2040,Capped minus uncapped,66214.0,catchall_60_65,primary,2054
overall,All,principal_exits_2025_2040,Capped,1092201.0,catchall_60_65,primary,2054
overall,All,principal_exits_2025_2040,Uncapped,1071915.0,catchall_60_65,primary,2054
overall,All,principal_exits_2025_2040,Capped minus uncapped,20286.0,catchall_60_65,primary,2054
overall,All,principal_conversions_2025_2040,Capped,1262881.0,catchall_60_65,primary,2054
overall,All,principal_conversions_2025_2040,Uncapped,1267552.0,catchall_60_65,primary,2054
overall,All,principal_conversions_2025_2040,Capped minus uncapped,-4671.0,catchall_60_65,primary,2054
overall,All,principal_backlog_2040,Capped,2775080.0,catchall_60_65,primary,2054
overall,All,principal_backlog_2040,Uncapped,2790695.0,catchall_60_65,primary,2054
overall,All,principal_backlog_2040,Capped minus uncapped,-15615.0,catchall_60_65,primary,2054
nationality,India,age21_events_2025_2040,Capped,193335.0,catchall_60_65,primary,2054
nationality,India,age21_events_2025_2040,Uncapped,73646.0,catchall_60_65,primary,2054
nationality,India,age21_events_2025_2040,Capped minus uncapped,119689.0,catchall_60_65,primary,2054
nationality,India,principal_exits_2025_2040,Capped,334406.0,catchall_60_65,primary,2054
nationality,India,principal_exits_2025_2040,Uncapped,187021.0,catchall_60_65,primary,2054
nationality,India,principal_exits_2025_2040,Capped minus uncapped,147385.0,catchall_60_65,primary,2054
nationality,India,principal_backlog_2040,Capped,1077051.0,catchall_60_65,primary,2054
nationality,India,principal_backlog_2040,Uncapped,749771.0,catchall_60_65,primary,2054
nationality,India,principal_backlog_2040,Capped minus uncapped,327280.0,catchall_60_65,primary,2054
nationality,China,age21_events_2025_2040,Capped,18635.0,catchall_60_65,primary,2054
nationality,China,age21_events_2025_2040,Uncapped,14548.0,catchall_60_65,primary,2054
nationality,China,age21_events_2025_2040,Capped minus uncapped,4087.0,catchall_60_65,primary,2054
nationality,China,principal_exits_2025_2040,Capped,104780.0,catchall_60_65,primary,2054
nationality,China,principal_exits_2025_2040,Uncapped,95724.0,catchall_60_65,primary,2054
nationality,China,principal_exits_2025_2040,Capped minus uncapped,9056.0,catchall_60_65,primary,2054
nationality,China,principal_backlog_2040,Capped,342232.0,catchall_60_65,primary,2054
nationality,China,principal_backlog_2040,Uncapped,286993.0,catchall_60_65,primary,2054
nationality,China,principal_backlog_2040,Capped minus uncapped,55239.0,catchall_60_65,primary,2054
nationality,ROW,age21_events_2025_2040,Capped,53940.0,catchall_60_65,primary,2054
nationality,ROW,age21_events_2025_2040,Uncapped,111502.0,catchall_60_65,primary,2054
nationality,ROW,age21_events_2025_2040,Capped minus uncapped,-57562.0,catchall_60_65,primary,2054
nationality,ROW,principal_exits_2025_2040,Capped,653015.0,catchall_60_65,primary,2054
nationality,ROW,principal_exits_2025_2040,Uncapped,789170.0,catchall_60_65,primary,2054
nationality,ROW,principal_exits_2025_2040,Capped minus uncapped,-136155.0,catchall_60_65,primary,2054
nationality,ROW,principal_backlog_2040,Capped,1355797.0,catchall_60_65,primary,2054
nationality,ROW,principal_backlog_2040,Uncapped,1753931.0,catchall_60_65,primary,2054
nationality,ROW,principal_backlog_2040,Capped minus uncapped,-398134.0,catchall_60_65,primary,2054
category,EB-1,age21_events_2025_2040,Capped,2462.0,catchall_60_65,primary,2054
category,EB-1,age21_events_2025_2040,Uncapped,741.0,catchall_60_65,primary,2054
category,EB-1,age21_events_2025_2040,Capped minus uncapped,1721.0,catchall_60_65,primary,2054
category,EB-1,principal_exits_2025_2040,Capped,15699.0,catchall_60_65,primary,2054
category,EB-1,principal_exits_2025_2040,Uncapped,16621.0,catchall_60_65,primary,2054
category,EB-1,principal_exits_2025_2040,Capped minus uncapped,-922.0,catchall_60_65,primary,2054
category,EB-1,principal_backlog_2040,Capped,129258.0,catchall_60_65,primary,2054
category,EB-1,principal_backlog_2040,Uncapped,125041.0,catchall_60_65,primary,2054
category,EB-1,principal_backlog_2040,Capped minus uncapped,4217.0,catchall_60_65,primary,2054
category,EB-2,age21_events_2025_2040,Capped,149741.0,catchall_60_65,primary,2054
category,EB-2,age21_events_2025_2040,Uncapped,108632.0,catchall_60_65,primary,2054
category,EB-2,age21_events_2025_2040,Capped minus uncapped,41109.0,catchall_60_65,primary,2054
category,EB-2,principal_exits_2025_2040,Capped,309028.0,catchall_60_65,primary,2054
category,EB-2,principal_exits_2025_2040,Uncapped,282887.0,catchall_60_65,primary,2054
category,EB-2,principal_exits_2025_2040,Capped minus uncapped,26141.0,catchall_60_65,primary,2054
category,EB-2,principal_backlog_2040,Capped,1042340.0,catchall_60_65,primary,2054
category,EB-2,principal_backlog_2040,Uncapped,1059393.0,catchall_60_65,primary,2054
category,EB-2,principal_backlog_2040,Capped minus uncapped,-17053.0,catchall_60_65,primary,2054
category,EB-3,age21_events_2025_2040,Capped,63343.0,catchall_60_65,primary,2054
category,EB-3,age21_events_2025_2040,Uncapped,40012.0,catchall_60_65,primary,2054
category,EB-3,age21_events_2025_2040,Capped minus uncapped,23331.0,catchall_60_65,primary,2054
category,EB-3,principal_exits_2025_2040,Capped,244463.0,catchall_60_65,primary,2054
category,EB-3,principal_exits_2025_2040,Uncapped,249914.0,catchall_60_65,primary,2054
category,EB-3,principal_exits_2025_2040,Capped minus uncapped,-5451.0,catchall_60_65,primary,2054
category,EB-3,principal_backlog_2040,Capped,552853.0,catchall_60_65,primary,2054
category,EB-3,principal_backlog_2040,Uncapped,557847.0,catchall_60_65,primary,2054
category,EB-3,principal_backlog_2040,Capped minus uncapped,-4994.0,catchall_60_65,primary,2054
category,EB-4,age21_events_2025_2040,Capped,49192.0,catchall_60_65,primary,2054
category,EB-4,age21_events_2025_2040,Uncapped,49713.0,catchall_60_65,primary,2054
category,EB-4,age21_events_2025_2040,Capped minus uncapped,-521.0,catchall_60_65,primary,2054
category,EB-4,principal_exits_2025_2040,Capped,519168.0,catchall_60_65,primary,2054
category,EB-4,principal_exits_2025_2040,Uncapped,519080.0,catchall_60_65,primary,2054
category,EB-4,principal_exits_2025_2040,Capped minus uncapped,88.0,catchall_60_65,primary,2054
category,EB-4,principal_backlog_2040,Capped,1023907.0,catchall_60_65,primary,2054
category,EB-4,principal_backlog_2040,Uncapped,1021756.0,catchall_60_65,primary,2054
category,EB-4,principal_backlog_2040,Capped minus uncapped,2151.0,catchall_60_65,primary,2054
category,EB-5,age21_events_2025_2040,Capped,1172.0,catchall_60_65,primary,2054
category,EB-5,age21_events_2025_2040,Uncapped,598.0,catchall_60_65,primary,2054
category,EB-5,age21_events_2025_2040,Capped minus uncapped,574.0,catchall_60_65,primary,2054
category,EB-5,principal_exits_2025_2040,Capped,3843.0,catchall_60_65,primary,2054
category,EB-5,principal_exits_2025_2040,Uncapped,3413.0,catchall_60_65,primary,2054
category,EB-5,principal_exits_2025_2040,Capped minus uncapped,430.0,catchall_60_65,primary,2054
category,EB-5,principal_backlog_2040,Capped,26722.0,catchall_60_65,primary,2054
category,EB-5,principal_backlog_2040,Uncapped,26658.0,catchall_60_65,primary,2054
category,EB-5,principal_backlog_2040,Capped minus uncapped,64.0,catchall_60_65,primary,2054
joint,EB-1 / India,age21_events_2025_2040,Capped minus uncapped,1405.0,catchall_60_65,primary,2054
joint,EB-1 / China,age21_events_2025_2040,Capped minus uncapped,873.0,catchall_60_65,primary,2054
joint,EB-1 / ROW,age21_events_2025_2040,Capped minus uncapped,-557.0,catchall_60_65,primary,2054
joint,EB-2 / India,age21_events_2025_2040,Capped minus uncapped,75319.0,catchall_60_65,primary,2054
joint,EB-2 / China,age21_events_2025_2040,Capped minus uncapped,529.0,catchall_60_65,primary,2054
joint,EB-2 / ROW,age21_events_2025_2040,Capped minus uncapped,-34739.0,catchall_60_65,primary,2054
joint,EB-3 / India,age21_events_2025_2040,Capped minus uncapped,43569.0,catchall_60_65,primary,2054
joint,EB-3 / China,age21_events_2025_2040,Capped minus uncapped,2211.0,catchall_60_65,primary,2054
joint,EB-3 / ROW,age21_events_2025_2040,Capped minus uncapped,-22449.0,catchall_60_65,primary,2054
joint,EB-4 / India,age21_events_2025_2040,Capped minus uncapped,-809.0,catchall_60_65,primary,2054
joint,EB-4 / China,age21_events_2025_2040,Capped minus uncapped,-148.0,catchall_60_65,primary,2054
joint,EB-4 / ROW,age21_events_2025_2040,Capped minus uncapped,436.0,catchall_60_65,primary,2054
joint,EB-5 / India,age21_events_2025_2040,Capped minus uncapped,205.0,catchall_60_65,primary,2054
joint,EB-5 / China,age21_events_2025_2040,Capped minus uncapped,622.0,catchall_60_65,primary,2054
joint,EB-5 / ROW,age21_events_2025_2040,Capped minus uncapped,-253.0,catchall_60_65,primary,2054
overall,All,age21_events_2025_2040,Capped,266663.0,catchall_60_65,primary,2055
overall,All,age21_events_2025_2040,Uncapped,199780.0,catchall_60_65,primary,2055
overall,All,age21_events_2025_2040,Capped minus uncapped,66883.0,catchall_60_65,primary,2055
overall,All,principal_exits_2025_2040,Capped,1091526.0,catchall_60_65,primary,2055
overall,All,principal_exits_2025_2040,Uncapped,1071089.0,catchall_60_65,primary,2055
overall,All,principal_exits_2025_2040,Capped minus uncapped,20437.0,catchall_60_65,primary,2055
overall,All,principal_conversions_2025_2040,Capped,1262357.0,catchall_60_65,primary,2055
overall,All,principal_conversions_2025_2040,Uncapped,1266382.0,catchall_60_65,primary,2055
overall,All,principal_conversions_2025_2040,Capped minus uncapped,-4025.0,catchall_60_65,primary,2055
overall,All,principal_backlog_2040,Capped,2775672.0,catchall_60_65,primary,2055
overall,All,principal_backlog_2040,Uncapped,2792084.0,catchall_60_65,primary,2055
overall,All,principal_backlog_2040,Capped minus uncapped,-16412.0,catchall_60_65,primary,2055
nationality,India,age21_events_2025_2040,Capped,193095.0,catchall_60_65,primary,2055
nationality,India,age21_events_2025_2040,Uncapped,73224.0,catchall_60_65,primary,2055
nationality,India,age21_events_2025_2040,Capped minus uncapped,119871.0,catchall_60_65,primary,2055
nationality,India,principal_exits_2025_2040,Capped,334409.0,catchall_60_65,primary,2055
nationality,India,principal_exits_2025_2040,Uncapped,187401.0,catchall_60_65,primary,2055
nationality,India,principal_exits_2025_2040,Capped minus uncapped,147008.0,catchall_60_65,primary,2055
nationality,India,principal_backlog_2040,Capped,1078227.0,catchall_60_65,primary,2055
nationality,India,principal_backlog_2040,Uncapped,750183.0,catchall_60_65,primary,2055
nationality,India,principal_backlog_2040,Capped minus uncapped,328044.0,catchall_60_65,primary,2055
nationality,China,age21_events_2025_2040,Capped,18631.0,catchall_60_65,primary,2055
nationality,China,age21_events_2025_2040,Uncapped,14395.0,catchall_60_65,primary,2055
nationality,China,age21_events_2025_2040,Capped minus uncapped,4236.0,catchall_60_65,primary,2055
nationality,China,principal_exits_2025_2040,Capped,103518.0,catchall_60_65,primary,2055
nationality,China,principal_exits_2025_2040,Uncapped,94654.0,catchall_60_65,primary,2055
nationality,China,principal_exits_2025_2040,Capped minus uncapped,8864.0,catchall_60_65,primary,2055
nationality,China,principal_backlog_2040,Capped,341539.0,catchall_60_65,primary,2055
nationality,China,principal_backlog_2040,Uncapped,286485.0,catchall_60_65,primary,2055
nationality,China,principal_backlog_2040,Capped minus uncapped,55054.0,catchall_60_65,primary,2055
nationality,ROW,age21_events_2025_2040,Capped,54937.0,catchall_60_65,primary,2055
nationality,ROW,age21_events_2025_2040,Uncapped,112161.0,catchall_60_65,primary,2055
nationality,ROW,age21_events_2025_2040,Capped minus uncapped,-57224.0,catchall_60_65,primary,2055
nationality,ROW,principal_exits_2025_2040,Capped,653599.0,catchall_60_65,primary,2055
nationality,ROW,principal_exits_2025_2040,Uncapped,789034.0,catchall_60_65,primary,2055
nationality,ROW,principal_exits_2025_2040,Capped minus uncapped,-135435.0,catchall_60_65,primary,2055
nationality,ROW,principal_backlog_2040,Capped,1355906.0,catchall_60_65,primary,2055
nationality,ROW,principal_backlog_2040,Uncapped,1755416.0,catchall_60_65,primary,2055
nationality,ROW,principal_backlog_2040,Capped minus uncapped,-399510.0,catchall_60_65,primary,2055
category,EB-1,age21_events_2025_2040,Capped,2675.0,catchall_60_65,primary,2055
category,EB-1,age21_events_2025_2040,Uncapped,710.0,catchall_60_65,primary,2055
category,EB-1,age21_events_2025_2040,Capped minus uncapped,1965.0,catchall_60_65,primary,2055
category,EB-1,principal_exits_2025_2040,Capped,15726.0,catchall_60_65,primary,2055
category,EB-1,principal_exits_2025_2040,Uncapped,16582.0,catchall_60_65,primary,2055
category,EB-1,principal_exits_2025_2040,Capped minus uncapped,-856.0,catchall_60_65,primary,2055
category,EB-1,principal_backlog_2040,Capped,129440.0,catchall_60_65,primary,2055
category,EB-1,principal_backlog_2040,Uncapped,125498.0,catchall_60_65,primary,2055
category,EB-1,principal_backlog_2040,Capped minus uncapped,3942.0,catchall_60_65,primary,2055
category,EB-2,age21_events_2025_2040,Capped,149454.0,catchall_60_65,primary,2055
category,EB-2,age21_events_2025_2040,Uncapped,108316.0,catchall_60_65,primary,2055
category,EB-2,age21_events_2025_2040,Capped minus uncapped,41138.0,catchall_60_65,primary,2055
category,EB-2,principal_exits_2025_2040,Capped,309207.0,catchall_60_65,primary,2055
category,EB-2,principal_exits_2025_2040,Uncapped,282377.0,catchall_60_65,primary,2055
category,EB-2,principal_exits_2025_2040,Capped minus uncapped,26830.0,catchall_60_65,primary,2055
category,EB-2,principal_backlog_2040,Capped,1042338.0,catchall_60_65,primary,2055
category,EB-2,principal_backlog_2040,Uncapped,1060562.0,catchall_60_65,primary,2055
category,EB-2,principal_backlog_2040,Capped minus uncapped,-18224.0,catchall_60_65,primary,2055
category,EB-3,age21_events_2025_2040,Capped,63428.0,catchall_60_65,primary,2055
category,EB-3,age21_events_2025_2040,Uncapped,40039.0,catchall_60_65,primary,2055
category,EB-3,age21_events_2025_2040,Capped minus uncapped,23389.0,catchall_60_65,primary,2055
category,EB-3,principal_exits_2025_2040,Capped,244198.0,catchall_60_65,primary,2055
category,EB-3,principal_exits_2025_2040,Uncapped,249705.0,catchall_60_65,primary,2055
category,EB-3,principal_exits_2025_2040,Capped minus uncapped,-5507.0,catchall_60_65,primary,2055
category,EB-3,principal_backlog_2040,Capped,552512.0,catchall_60_65,primary,2055
category,EB-3,principal_backlog_2040,Uncapped,557377.0,catchall_60_65,primary,2055
category,EB-3,principal_backlog_2040,Capped minus uncapped,-4865.0,catchall_60_65,primary,2055
category,EB-4,age21_events_2025_2040,Capped,50077.0,catchall_60_65,primary,2055
category,EB-4,age21_events_2025_2040,Uncapped,50186.0,catchall_60_65,primary,2055
category,EB-4,age21_events_2025_2040,Capped minus uncapped,-109.0,catchall_60_65,primary,2055
category,EB-4,principal_exits_2025_2040,Capped,518724.0,catchall_60_65,primary,2055
category,EB-4,principal_exits_2025_2040,Uncapped,519070.0,catchall_60_65,primary,2055
category,EB-4,principal_exits_2025_2040,Capped minus uncapped,-346.0,catchall_60_65,primary,2055
category,EB-4,principal_backlog_2040,Capped,1024816.0,catchall_60_65,primary,2055
category,EB-4,principal_backlog_2040,Uncapped,1022198.0,catchall_60_65,primary,2055
category,EB-4,principal_backlog_2040,Capped minus uncapped,2618.0,catchall_60_65,primary,2055
category,EB-5,age21_events_2025_2040,Capped,1029.0,catchall_60_65,primary,2055
category,EB-5,age21_events_2025_2040,Uncapped,529.0,catchall_60_65,primary,2055
category,EB-5,age21_events_2025_2040,Capped minus uncapped,500.0,catchall_60_65,primary,2055
category,EB-5,principal_exits_2025_2040,Capped,3671.0,catchall_60_65,primary,2055
category,EB-5,principal_exits_2025_2040,Uncapped,3355.0,catchall_60_65,primary,2055
category,EB-5,principal_exits_2025_2040,Capped minus uncapped,316.0,catchall_60_65,primary,2055
category,EB-5,principal_backlog_2040,Capped,26566.0,catchall_60_65,primary,2055
category,EB-5,principal_backlog_2040,Uncapped,26449.0,catchall_60_65,primary,2055
category,EB-5,principal_backlog_2040,Capped minus uncapped,117.0,catchall_60_65,primary,2055
joint,EB-1 / India,age21_events_2025_2040,Capped minus uncapped,1483.0,catchall_60_65,primary,2055
joint,EB-1 / China,age21_events_2025_2040,Capped minus uncapped,1015.0,catchall_60_65,primary,2055
joint,EB-1 / ROW,age21_events_2025_2040,Capped minus uncapped,-533.0,catchall_60_65,primary,2055
joint,EB-2 / India,age21_events_2025_2040,Capped minus uncapped,75492.0,catchall_60_65,primary,2055
joint,EB-2 / China,age21_events_2025_2040,Capped minus uncapped,499.0,catchall_60_65,primary,2055
joint,EB-2 / ROW,age21_events_2025_2040,Capped minus uncapped,-34853.0,catchall_60_65,primary,2055
joint,EB-3 / India,age21_events_2025_2040,Capped minus uncapped,43466.0,catchall_60_65,primary,2055
joint,EB-3 / China,age21_events_2025_2040,Capped minus uncapped,2309.0,catchall_60_65,primary,2055
joint,EB-3 / ROW,age21_events_2025_2040,Capped minus uncapped,-22386.0,catchall_60_65,primary,2055
joint,EB-4 / India,age21_events_2025_2040,Capped minus uncapped,-735.0,catchall_60_65,primary,2055
joint,EB-4 / China,age21_events_2025_2040,Capped minus uncapped,-150.0,catchall_60_65,primary,2055
joint,EB-4 / ROW,age21_events_2025_2040,Capped minus uncapped,776.0,catchall_60_65,primary,2055
joint,EB-5 / India,age21_events_2025_2040,Capped minus uncapped,165.0,catchall_60_65,primary,2055
joint,EB-5 / China,age21_events_2025_2040,Capped minus uncapped,563.0,catchall_60_65,primary,2055
joint,EB-5 / ROW,age21_events_2025_2040,Capped minus uncapped,-228.0,catchall_60_65,primary,2055
overall,All,age21_events_2025_2040,Capped,266126.0,catchall_60_65,primary,2056
overall,All,age21_events_2025_2040,Uncapped,199336.0,catchall_60_65,primary,2056
overall,All,age21_events_2025_2040,Capped minus uncapped,66790.0,catchall_60_65,primary,2056
overall,All,principal_exits_2025_2040,Capped,1092640.0,catchall_60_65,primary,2056
overall,All,principal_exits_2025_2040,Uncapped,1071882.0,catchall_60_65,primary,2056
overall,All,principal_exits_2025_2040,Capped minus uncapped,20758.0,catchall_60_65,primary,2056
overall,All,principal_conversions_2025_2040,Capped,1262926.0,catchall_60_65,primary,2056
overall,All,principal_conversions_2025_2040,Uncapped,1266171.0,catchall_60_65,primary,2056
overall,All,principal_conversions_2025_2040,Capped minus uncapped,-3245.0,catchall_60_65,primary,2056
overall,All,principal_backlog_2040,Capped,2774086.0,catchall_60_65,primary,2056
overall,All,principal_backlog_2040,Uncapped,2791599.0,catchall_60_65,primary,2056
overall,All,principal_backlog_2040,Capped minus uncapped,-17513.0,catchall_60_65,primary,2056
nationality,India,age21_events_2025_2040,Capped,192990.0,catchall_60_65,primary,2056
nationality,India,age21_events_2025_2040,Uncapped,73399.0,catchall_60_65,primary,2056
nationality,India,age21_events_2025_2040,Capped minus uncapped,119591.0,catchall_60_65,primary,2056
nationality,India,principal_exits_2025_2040,Capped,335174.0,catchall_60_65,primary,2056
nationality,India,principal_exits_2025_2040,Uncapped,187272.0,catchall_60_65,primary,2056
nationality,India,principal_exits_2025_2040,Capped minus uncapped,147902.0,catchall_60_65,primary,2056
nationality,India,principal_backlog_2040,Capped,1079488.0,catchall_60_65,primary,2056
nationality,India,principal_backlog_2040,Uncapped,752060.0,catchall_60_65,primary,2056
nationality,India,principal_backlog_2040,Capped minus uncapped,327428.0,catchall_60_65,primary,2056
nationality,China,age21_events_2025_2040,Capped,18712.0,catchall_60_65,primary,2056
nationality,China,age21_events_2025_2040,Uncapped,14621.0,catchall_60_65,primary,2056
nationality,China,age21_events_2025_2040,Capped minus uncapped,4091.0,catchall_60_65,primary,2056
nationality,China,principal_exits_2025_2040,Capped,104521.0,catchall_60_65,primary,2056
nationality,China,principal_exits_2025_2040,Uncapped,95287.0,catchall_60_65,primary,2056
nationality,China,principal_exits_2025_2040,Capped minus uncapped,9234.0,catchall_60_65,primary,2056
nationality,China,principal_backlog_2040,Capped,341734.0,catchall_60_65,primary,2056
nationality,China,principal_backlog_2040,Uncapped,286649.0,catchall_60_65,primary,2056
nationality,China,principal_backlog_2040,Capped minus uncapped,55085.0,catchall_60_65,primary,2056
nationality,ROW,age21_events_2025_2040,Capped,54424.0,catchall_60_65,primary,2056
nationality,ROW,age21_events_2025_2040,Uncapped,111316.0,catchall_60_65,primary,2056
nationality,ROW,age21_events_2025_2040,Capped minus uncapped,-56892.0,catchall_60_65,primary,2056
nationality,ROW,principal_exits_2025_2040,Capped,652945.0,catchall_60_65,primary,2056
nationality,ROW,principal_exits_2025_2040,Uncapped,789323.0,catchall_60_65,primary,2056
nationality,ROW,principal_exits_2025_2040,Capped minus uncapped,-136378.0,catchall_60_65,primary,2056
nationality,ROW,principal_backlog_2040,Capped,1352864.0,catchall_60_65,primary,2056
nationality,ROW,principal_backlog_2040,Uncapped,1752890.0,catchall_60_65,primary,2056
nationality,ROW,principal_backlog_2040,Capped minus uncapped,-400026.0,catchall_60_65,primary,2056
category,EB-1,age21_events_2025_2040,Capped,2604.0,catchall_60_65,primary,2056
category,EB-1,age21_events_2025_2040,Uncapped,806.0,catchall_60_65,primary,2056
category,EB-1,age21_events_2025_2040,Capped minus uncapped,1798.0,catchall_60_65,primary,2056
category,EB-1,principal_exits_2025_2040,Capped,15634.0,catchall_60_65,primary,2056
category,EB-1,principal_exits_2025_2040,Uncapped,16400.0,catchall_60_65,primary,2056
category,EB-1,principal_exits_2025_2040,Capped minus uncapped,-766.0,catchall_60_65,primary,2056
category,EB-1,principal_backlog_2040,Capped,129369.0,catchall_60_65,primary,2056
category,EB-1,principal_backlog_2040,Uncapped,125607.0,catchall_60_65,primary,2056
category,EB-1,principal_backlog_2040,Capped minus uncapped,3762.0,catchall_60_65,primary,2056
category,EB-2,age21_events_2025_2040,Capped,149503.0,catchall_60_65,primary,2056
category,EB-2,age21_events_2025_2040,Uncapped,108188.0,catchall_60_65,primary,2056
category,EB-2,age21_events_2025_2040,Capped minus uncapped,41315.0,catchall_60_65,primary,2056
category,EB-2,principal_exits_2025_2040,Capped,309881.0,catchall_60_65,primary,2056
category,EB-2,principal_exits_2025_2040,Uncapped,282436.0,catchall_60_65,primary,2056
category,EB-2,principal_exits_2025_2040,Capped minus uncapped,27445.0,catchall_60_65,primary,2056
category,EB-2,principal_backlog_2040,Capped,1041553.0,catchall_60_65,primary,2056
category,EB-2,principal_backlog_2040,Uncapped,1060635.0,catchall_60_65,primary,2056
category,EB-2,principal_backlog_2040,Capped minus uncapped,-19082.0,catchall_60_65,primary,2056
category,EB-3,age21_events_2025_2040,Capped,63423.0,catchall_60_65,primary,2056
category,EB-3,age21_events_2025_2040,Uncapped,39941.0,catchall_60_65,primary,2056
category,EB-3,age21_events_2025_2040,Capped minus uncapped,23482.0,catchall_60_65,primary,2056
category,EB-3,principal_exits_2025_2040,Capped,244599.0,catchall_60_65,primary,2056
category,EB-3,principal_exits_2025_2040,Uncapped,249855.0,catchall_60_65,primary,2056
category,EB-3,principal_exits_2025_2040,Capped minus uncapped,-5256.0,catchall_60_65,primary,2056
category,EB-3,principal_backlog_2040,Capped,552007.0,catchall_60_65,primary,2056
category,EB-3,principal_backlog_2040,Uncapped,557523.0,catchall_60_65,primary,2056
category,EB-3,principal_backlog_2040,Capped minus uncapped,-5516.0,catchall_60_65,primary,2056
category,EB-4,age21_events_2025_2040,Capped,49522.0,catchall_60_65,primary,2056
category,EB-4,age21_events_2025_2040,Uncapped,49839.0,catchall_60_65,primary,2056
category,EB-4,age21_events_2025_2040,Capped minus uncapped,-317.0,catchall_60_65,primary,2056
category,EB-4,principal_exits_2025_2040,Capped,518614.0,catchall_60_65,primary,2056
category,EB-4,principal_exits_2025_2040,Uncapped,519776.0,catchall_60_65,primary,2056
category,EB-4,principal_exits_2025_2040,Capped minus uncapped,-1162.0,catchall_60_65,primary,2056
category,EB-4,principal_backlog_2040,Capped,1024358.0,catchall_60_65,primary,2056
category,EB-4,principal_backlog_2040,Uncapped,1021073.0,catchall_60_65,primary,2056
category,EB-4,principal_backlog_2040,Capped minus uncapped,3285.0,catchall_60_65,primary,2056
category,EB-5,age21_events_2025_2040,Capped,1074.0,catchall_60_65,primary,2056
category,EB-5,age21_events_2025_2040,Uncapped,562.0,catchall_60_65,primary,2056
category,EB-5,age21_events_2025_2040,Capped minus uncapped,512.0,catchall_60_65,primary,2056
category,EB-5,principal_exits_2025_2040,Capped,3912.0,catchall_60_65,primary,2056
category,EB-5,principal_exits_2025_2040,Uncapped,3415.0,catchall_60_65,primary,2056
category,EB-5,principal_exits_2025_2040,Capped minus uncapped,497.0,catchall_60_65,primary,2056
category,EB-5,principal_backlog_2040,Capped,26799.0,catchall_60_65,primary,2056
category,EB-5,principal_backlog_2040,Uncapped,26761.0,catchall_60_65,primary,2056
category,EB-5,principal_backlog_2040,Capped minus uncapped,38.0,catchall_60_65,primary,2056
joint,EB-1 / India,age21_events_2025_2040,Capped minus uncapped,1472.0,catchall_60_65,primary,2056
joint,EB-1 / China,age21_events_2025_2040,Capped minus uncapped,973.0,catchall_60_65,primary,2056
joint,EB-1 / ROW,age21_events_2025_2040,Capped minus uncapped,-647.0,catchall_60_65,primary,2056
joint,EB-2 / India,age21_events_2025_2040,Capped minus uncapped,75268.0,catchall_60_65,primary,2056
joint,EB-2 / China,age21_events_2025_2040,Capped minus uncapped,414.0,catchall_60_65,primary,2056
joint,EB-2 / ROW,age21_events_2025_2040,Capped minus uncapped,-34367.0,catchall_60_65,primary,2056
joint,EB-3 / India,age21_events_2025_2040,Capped minus uncapped,43594.0,catchall_60_65,primary,2056
joint,EB-3 / China,age21_events_2025_2040,Capped minus uncapped,2259.0,catchall_60_65,primary,2056
joint,EB-3 / ROW,age21_events_2025_2040,Capped minus uncapped,-22371.0,catchall_60_65,primary,2056
joint,EB-4 / India,age21_events_2025_2040,Capped minus uncapped,-913.0,catchall_60_65,primary,2056
joint,EB-4 / China,age21_events_2025_2040,Capped minus uncapped,-154.0,catchall_60_65,primary,2056
joint,EB-4 / ROW,age21_events_2025_2040,Capped minus uncapped,750.0,catchall_60_65,primary,2056
joint,EB-5 / India,age21_events_2025_2040,Capped minus uncapped,170.0,catchall_60_65,primary,2056
joint,EB-5 / China,age21_events_2025_2040,Capped minus uncapped,599.0,catchall_60_65,primary,2056
joint,EB-5 / ROW,age21_events_2025_2040,Capped minus uncapped,-257.0,catchall_60_65,primary,2056
overall,All,age21_events_2025_2040,Capped,267057.0,catchall_60_65,primary,2057
overall,All,age21_events_2025_2040,Uncapped,200220.0,catchall_60_65,primary,2057
overall,All,age21_events_2025_2040,Capped minus uncapped,66837.0,catchall_60_65,primary,2057
overall,All,principal_exits_2025_2040,Capped,1093018.0,catchall_60_65,primary,2057
overall,All,principal_exits_2025_2040,Uncapped,1071979.0,catchall_60_65,primary,2057
overall,All,principal_exits_2025_2040,Capped minus uncapped,21039.0,catchall_60_65,primary,2057
overall,All,principal_conversions_2025_2040,Capped,1263725.0,catchall_60_65,primary,2057
overall,All,principal_conversions_2025_2040,Uncapped,1267741.0,catchall_60_65,primary,2057
overall,All,principal_conversions_2025_2040,Capped minus uncapped,-4016.0,catchall_60_65,primary,2057
overall,All,principal_backlog_2040,Capped,2774085.0,catchall_60_65,primary,2057
overall,All,principal_backlog_2040,Uncapped,2791108.0,catchall_60_65,primary,2057
overall,All,principal_backlog_2040,Capped minus uncapped,-17023.0,catchall_60_65,primary,2057
nationality,India,age21_events_2025_2040,Capped,193752.0,catchall_60_65,primary,2057
nationality,India,age21_events_2025_2040,Uncapped,73635.0,catchall_60_65,primary,2057
nationality,India,age21_events_2025_2040,Capped minus uncapped,120117.0,catchall_60_65,primary,2057
nationality,India,principal_exits_2025_2040,Capped,335330.0,catchall_60_65,primary,2057
nationality,India,principal_exits_2025_2040,Uncapped,187482.0,catchall_60_65,primary,2057
nationality,India,principal_exits_2025_2040,Capped minus uncapped,147848.0,catchall_60_65,primary,2057
nationality,India,principal_backlog_2040,Capped,1078397.0,catchall_60_65,primary,2057
nationality,India,principal_backlog_2040,Uncapped,750393.0,catchall_60_65,primary,2057
nationality,India,principal_backlog_2040,Capped minus uncapped,328004.0,catchall_60_65,primary,2057
nationality,China,age21_events_2025_2040,Capped,18708.0,catchall_60_65,primary,2057
nationality,China,age21_events_2025_2040,Uncapped,14796.0,catchall_60_65,primary,2057
nationality,China,age21_events_2025_2040,Capped minus uncapped,3912.0,catchall_60_65,primary,2057
nationality,China,principal_exits_2025_2040,Capped,105012.0,catchall_60_65,primary,2057
nationality,China,principal_exits_2025_2040,Uncapped,95391.0,catchall_60_65,primary,2057
nationality,China,principal_exits_2025_2040,Capped minus uncapped,9621.0,catchall_60_65,primary,2057
nationality,China,principal_backlog_2040,Capped,341221.0,catchall_60_65,primary,2057
nationality,China,principal_backlog_2040,Uncapped,286986.0,catchall_60_65,primary,2057
nationality,China,principal_backlog_2040,Capped minus uncapped,54235.0,catchall_60_65,primary,2057
nationality,ROW,age21_events_2025_2040,Capped,54597.0,catchall_60_65,primary,2057
nationality,ROW,age21_events_2025_2040,Uncapped,111789.0,catchall_60_65,primary,2057
nationality,ROW,age21_events_2025_2040,Capped minus uncapped,-57192.0,catchall_60_65,primary,2057
nationality,ROW,principal_exits_2025_2040,Capped,652676.0,catchall_60_65,primary,2057
nationality,ROW,principal_exits_2025_2040,Uncapped,789106.0,catchall_60_65,primary,2057
nationality,ROW,principal_exits_2025_2040,Capped minus uncapped,-136430.0,catchall_60_65,primary,2057
nationality,ROW,principal_backlog_2040,Capped,1354467.0,catchall_60_65,primary,2057
nationality,ROW,principal_backlog_2040,Uncapped,1753729.0,catchall_60_65,primary,2057
nationality,ROW,principal_backlog_2040,Capped minus uncapped,-399262.0,catchall_60_65,primary,2057
category,EB-1,age21_events_2025_2040,Capped,2479.0,catchall_60_65,primary,2057
category,EB-1,age21_events_2025_2040,Uncapped,771.0,catchall_60_65,primary,2057
category,EB-1,age21_events_2025_2040,Capped minus uncapped,1708.0,catchall_60_65,primary,2057
category,EB-1,principal_exits_2025_2040,Capped,15807.0,catchall_60_65,primary,2057
category,EB-1,principal_exits_2025_2040,Uncapped,16628.0,catchall_60_65,primary,2057
category,EB-1,principal_exits_2025_2040,Capped minus uncapped,-821.0,catchall_60_65,primary,2057
category,EB-1,principal_backlog_2040,Capped,128794.0,catchall_60_65,primary,2057
category,EB-1,principal_backlog_2040,Uncapped,124752.0,catchall_60_65,primary,2057
category,EB-1,principal_backlog_2040,Capped minus uncapped,4042.0,catchall_60_65,primary,2057
category,EB-2,age21_events_2025_2040,Capped,150111.0,catchall_60_65,primary,2057
category,EB-2,age21_events_2025_2040,Uncapped,108166.0,catchall_60_65,primary,2057
category,EB-2,age21_events_2025_2040,Capped minus uncapped,41945.0,catchall_60_65,primary,2057
category,EB-2,principal_exits_2025_2040,Capped,309141.0,catchall_60_65,primary,2057
category,EB-2,principal_exits_2025_2040,Uncapped,283020.0,catchall_60_65,primary,2057
category,EB-2,principal_exits_2025_2040,Capped minus uncapped,26121.0,catchall_60_65,primary,2057
category,EB-2,principal_backlog_2040,Capped,1041592.0,catchall_60_65,primary,2057
category,EB-2,principal_backlog_2040,Uncapped,1059569.0,catchall_60_65,primary,2057
category,EB-2,principal_backlog_2040,Capped minus uncapped,-17977.0,catchall_60_65,primary,2057
category,EB-3,age21_events_2025_2040,Capped,63476.0,catchall_60_65,primary,2057
category,EB-3,age21_events_2025_2040,Uncapped,40721.0,catchall_60_65,primary,2057
category,EB-3,age21_events_2025_2040,Capped minus uncapped,22755.0,catchall_60_65,primary,2057
category,EB-3,principal_exits_2025_2040,Capped,245272.0,catchall_60_65,primary,2057
category,EB-3,principal_exits_2025_2040,Uncapped,249312.0,catchall_60_65,primary,2057
category,EB-3,principal_exits_2025_2040,Capped minus uncapped,-4040.0,catchall_60_65,primary,2057
category,EB-3,principal_backlog_2040,Capped,552442.0,catchall_60_65,primary,2057
category,EB-3,principal_backlog_2040,Uncapped,558870.0,catchall_60_65,primary,2057
category,EB-3,principal_backlog_2040,Capped minus uncapped,-6428.0,catchall_60_65,primary,2057
category,EB-4,age21_events_2025_2040,Capped,49753.0,catchall_60_65,primary,2057
category,EB-4,age21_events_2025_2040,Uncapped,49966.0,catchall_60_65,primary,2057
category,EB-4,age21_events_2025_2040,Capped minus uncapped,-213.0,catchall_60_65,primary,2057
category,EB-4,principal_exits_2025_2040,Capped,519012.0,catchall_60_65,primary,2057
category,EB-4,principal_exits_2025_2040,Uncapped,519627.0,catchall_60_65,primary,2057
category,EB-4,principal_exits_2025_2040,Capped minus uncapped,-615.0,catchall_60_65,primary,2057
category,EB-4,principal_backlog_2040,Capped,1024391.0,catchall_60_65,primary,2057
category,EB-4,principal_backlog_2040,Uncapped,1021134.0,catchall_60_65,primary,2057
category,EB-4,principal_backlog_2040,Capped minus uncapped,3257.0,catchall_60_65,primary,2057
category,EB-5,age21_events_2025_2040,Capped,1238.0,catchall_60_65,primary,2057
category,EB-5,age21_events_2025_2040,Uncapped,596.0,catchall_60_65,primary,2057
category,EB-5,age21_events_2025_2040,Capped minus uncapped,642.0,catchall_60_65,primary,2057
category,EB-5,principal_exits_2025_2040,Capped,3786.0,catchall_60_65,primary,2057
category,EB-5,principal_exits_2025_2040,Uncapped,3392.0,catchall_60_65,primary,2057
category,EB-5,principal_exits_2025_2040,Capped minus uncapped,394.0,catchall_60_65,primary,2057
category,EB-5,principal_backlog_2040,Capped,26866.0,catchall_60_65,primary,2057
category,EB-5,principal_backlog_2040,Uncapped,26783.0,catchall_60_65,primary,2057
category,EB-5,principal_backlog_2040,Capped minus uncapped,83.0,catchall_60_65,primary,2057
joint,EB-1 / India,age21_events_2025_2040,Capped minus uncapped,1369.0,catchall_60_65,primary,2057
joint,EB-1 / China,age21_events_2025_2040,Capped minus uncapped,941.0,catchall_60_65,primary,2057
joint,EB-1 / ROW,age21_events_2025_2040,Capped minus uncapped,-602.0,catchall_60_65,primary,2057
joint,EB-2 / India,age21_events_2025_2040,Capped minus uncapped,75907.0,catchall_60_65,primary,2057
joint,EB-2 / China,age21_events_2025_2040,Capped minus uncapped,306.0,catchall_60_65,primary,2057
joint,EB-2 / ROW,age21_events_2025_2040,Capped minus uncapped,-34268.0,catchall_60_65,primary,2057
joint,EB-3 / India,age21_events_2025_2040,Capped minus uncapped,43560.0,catchall_60_65,primary,2057
joint,EB-3 / China,age21_events_2025_2040,Capped minus uncapped,2054.0,catchall_60_65,primary,2057
joint,EB-3 / ROW,age21_events_2025_2040,Capped minus uncapped,-22859.0,catchall_60_65,primary,2057
joint,EB-4 / India,age21_events_2025_2040,Capped minus uncapped,-891.0,catchall_60_65,primary,2057
joint,EB-4 / China,age21_events_2025_2040,Capped minus uncapped,-116.0,catchall_60_65,primary,2057
joint,EB-4 / ROW,age21_events_2025_2040,Capped minus uncapped,794.0,catchall_60_65,primary,2057
joint,EB-5 / India,age21_events_2025_2040,Capped minus uncapped,172.0,catchall_60_65,primary,2057
joint,EB-5 / China,age21_events_2025_2040,Capped minus uncapped,727.0,catchall_60_65,primary,2057
joint,EB-5 / ROW,age21_events_2025_2040,Capped minus uncapped,-257.0,catchall_60_65,primary,2057
overall,All,age21_events_2025_2040,Capped,266965.0,catchall_60_65,primary,2058
overall,All,age21_events_2025_2040,Uncapped,200194.0,catchall_60_65,primary,2058
overall,All,age21_events_2025_2040,Capped minus uncapped,66771.0,catchall_60_65,primary,2058
overall,All,principal_exits_2025_2040,Capped,1091992.0,catchall_60_65,primary,2058
overall,All,principal_exits_2025_2040,Uncapped,1071409.0,catchall_60_65,primary,2058
overall,All,principal_exits_2025_2040,Capped minus uncapped,20583.0,catchall_60_65,primary,2058
overall,All,principal_conversions_2025_2040,Capped,1264109.0,catchall_60_65,primary,2058
overall,All,principal_conversions_2025_2040,Uncapped,1267882.0,catchall_60_65,primary,2058
overall,All,principal_conversions_2025_2040,Capped minus uncapped,-3773.0,catchall_60_65,primary,2058
overall,All,principal_backlog_2040,Capped,2775359.0,catchall_60_65,primary,2058
overall,All,principal_backlog_2040,Uncapped,2792169.0,catchall_60_65,primary,2058
overall,All,principal_backlog_2040,Capped minus uncapped,-16810.0,catchall_60_65,primary,2058
nationality,India,age21_events_2025_2040,Capped,194267.0,catchall_60_65,primary,2058
nationality,India,age21_events_2025_2040,Uncapped,74155.0,catchall_60_65,primary,2058
nationality,India,age21_events_2025_2040,Capped minus uncapped,120112.0,catchall_60_65,primary,2058
nationality,India,principal_exits_2025_2040,Capped,334431.0,catchall_60_65,primary,2058
nationality,India,principal_exits_2025_2040,Uncapped,186771.0,catchall_60_65,primary,2058
nationality,India,principal_exits_2025_2040,Capped minus uncapped,147660.0,catchall_60_65,primary,2058
nationality,India,principal_backlog_2040,Capped,1078228.0,catchall_60_65,primary,2058
nationality,India,principal_backlog_2040,Uncapped,750612.0,catchall_60_65,primary,2058
nationality,India,principal_backlog_2040,Capped minus uncapped,327616.0,catchall_60_65,primary,2058
nationality,China,age21_events_2025_2040,Capped,18692.0,catchall_60_65,primary,2058
nationality,China,age21_events_2025_2040,Uncapped,14604.0,catchall_60_65,primary,2058
nationality,China,age21_events_2025_2040,Capped minus uncapped,4088.0,catchall_60_65,primary,2058
nationality,China,principal_exits_2025_2040,Capped,104503.0,catchall_60_65,primary,2058
nationality,China,principal_exits_2025_2040,Uncapped,95748.0,catchall_60_65,primary,2058
nationality,China,principal_exits_2025_2040,Capped minus uncapped,8755.0,catchall_60_65,primary,2058
nationality,China,principal_backlog_2040,Capped,341949.0,catchall_60_65,primary,2058
nationality,China,principal_backlog_2040,Uncapped,287000.0,catchall_60_65,primary,2058
nationality,China,principal_backlog_2040,Capped minus uncapped,54949.0,catchall_60_65,primary,2058
nationality,ROW,age21_events_2025_2040,Capped,54006.0,catchall_60_65,primary,2058
nationality,ROW,age21_events_2025_2040,Uncapped,111435.0,catchall_60_65,primary,2058
nationality,ROW,age21_events_2025_2040,Capped minus uncapped,-57429.0,catchall_60_65,primary,2058
nationality,ROW,principal_exits_2025_2040,Capped,653058.0,catchall_60_65,primary,2058
nationality,ROW,principal_exits_2025_2040,Uncapped,788890.0,catchall_60_65,primary,2058
nationality,ROW,principal_exits_2025_2040,Capped minus uncapped,-135832.0,catchall_60_65,primary,2058
nationality,ROW,principal_backlog_2040,Capped,1355182.0,catchall_60_65,primary,2058
nationality,ROW,principal_backlog_2040,Uncapped,1754557.0,catchall_60_65,primary,2058
nationality,ROW,principal_backlog_2040,Capped minus uncapped,-399375.0,catchall_60_65,primary,2058
category,EB-1,age21_events_2025_2040,Capped,2437.0,catchall_60_65,primary,2058
category,EB-1,age21_events_2025_2040,Uncapped,728.0,catchall_60_65,primary,2058
category,EB-1,age21_events_2025_2040,Capped minus uncapped,1709.0,catchall_60_65,primary,2058
category,EB-1,principal_exits_2025_2040,Capped,15831.0,catchall_60_65,primary,2058
category,EB-1,principal_exits_2025_2040,Uncapped,16577.0,catchall_60_65,primary,2058
category,EB-1,principal_exits_2025_2040,Capped minus uncapped,-746.0,catchall_60_65,primary,2058
category,EB-1,principal_backlog_2040,Capped,129169.0,catchall_60_65,primary,2058
category,EB-1,principal_backlog_2040,Uncapped,125206.0,catchall_60_65,primary,2058
category,EB-1,principal_backlog_2040,Capped minus uncapped,3963.0,catchall_60_65,primary,2058
category,EB-2,age21_events_2025_2040,Capped,150777.0,catchall_60_65,primary,2058
category,EB-2,age21_events_2025_2040,Uncapped,108793.0,catchall_60_65,primary,2058
category,EB-2,age21_events_2025_2040,Capped minus uncapped,41984.0,catchall_60_65,primary,2058
category,EB-2,principal_exits_2025_2040,Capped,308664.0,catchall_60_65,primary,2058
category,EB-2,principal_exits_2025_2040,Uncapped,282317.0,catchall_60_65,primary,2058
category,EB-2,principal_exits_2025_2040,Capped minus uncapped,26347.0,catchall_60_65,primary,2058
category,EB-2,principal_backlog_2040,Capped,1042298.0,catchall_60_65,primary,2058
category,EB-2,principal_backlog_2040,Uncapped,1060160.0,catchall_60_65,primary,2058
category,EB-2,principal_backlog_2040,Capped minus uncapped,-17862.0,catchall_60_65,primary,2058
category,EB-3,age21_events_2025_2040,Capped,63280.0,catchall_60_65,primary,2058
category,EB-3,age21_events_2025_2040,Uncapped,40443.0,catchall_60_65,primary,2058
category,EB-3,age21_events_2025_2040,Capped minus uncapped,22837.0,catchall_60_65,primary,2058
category,EB-3,principal_exits_2025_2040,Capped,244159.0,catchall_60_65,primary,2058
category,EB-3,principal_exits_2025_2040,Uncapped,249765.0,catchall_60_65,primary,2058
category,EB-3,principal_exits_2025_2040,Capped minus uncapped,-5606.0,catchall_60_65,primary,2058
category,EB-3,principal_backlog_2040,Capped,553285.0,catchall_60_65,primary,2058
category,EB-3,principal_backlog_2040,Uncapped,558470.0,catchall_60_65,primary,2058
category,EB-3,principal_backlog_2040,Capped minus uncapped,-5185.0,catchall_60_65,primary,2058
category,EB-4,age21_events_2025_2040,Capped,49314.0,catchall_60_65,primary,2058
category,EB-4,age21_events_2025_2040,Uncapped,49628.0,catchall_60_65,primary,2058
category,EB-4,age21_events_2025_2040,Capped minus uncapped,-314.0,catchall_60_65,primary,2058
category,EB-4,principal_exits_2025_2040,Capped,519423.0,catchall_60_65,primary,2058
category,EB-4,principal_exits_2025_2040,Uncapped,519321.0,catchall_60_65,primary,2058
category,EB-4,principal_exits_2025_2040,Capped minus uncapped,102.0,catchall_60_65,primary,2058
category,EB-4,principal_backlog_2040,Capped,1024031.0,catchall_60_65,primary,2058
category,EB-4,principal_backlog_2040,Uncapped,1021737.0,catchall_60_65,primary,2058
category,EB-4,principal_backlog_2040,Capped minus uncapped,2294.0,catchall_60_65,primary,2058
category,EB-5,age21_events_2025_2040,Capped,1157.0,catchall_60_65,primary,2058
category,EB-5,age21_events_2025_2040,Uncapped,602.0,catchall_60_65,primary,2058
category,EB-5,age21_events_2025_2040,Capped minus uncapped,555.0,catchall_60_65,primary,2058
category,EB-5,principal_exits_2025_2040,Capped,3915.0,catchall_60_65,primary,2058
category,EB-5,principal_exits_2025_2040,Uncapped,3429.0,catchall_60_65,primary,2058
category,EB-5,principal_exits_2025_2040,Capped minus uncapped,486.0,catchall_60_65,primary,2058
category,EB-5,principal_backlog_2040,Capped,26576.0,catchall_60_65,primary,2058
category,EB-5,principal_backlog_2040,Uncapped,26596.0,catchall_60_65,primary,2058
category,EB-5,principal_backlog_2040,Capped minus uncapped,-20.0,catchall_60_65,primary,2058
joint,EB-1 / India,age21_events_2025_2040,Capped minus uncapped,1405.0,catchall_60_65,primary,2058
joint,EB-1 / China,age21_events_2025_2040,Capped minus uncapped,881.0,catchall_60_65,primary,2058
joint,EB-1 / ROW,age21_events_2025_2040,Capped minus uncapped,-577.0,catchall_60_65,primary,2058
joint,EB-2 / India,age21_events_2025_2040,Capped minus uncapped,75784.0,catchall_60_65,primary,2058
joint,EB-2 / China,age21_events_2025_2040,Capped minus uncapped,543.0,catchall_60_65,primary,2058
joint,EB-2 / ROW,age21_events_2025_2040,Capped minus uncapped,-34343.0,catchall_60_65,primary,2058
joint,EB-3 / India,age21_events_2025_2040,Capped minus uncapped,43527.0,catchall_60_65,primary,2058
joint,EB-3 / China,age21_events_2025_2040,Capped minus uncapped,2150.0,catchall_60_65,primary,2058
joint,EB-3 / ROW,age21_events_2025_2040,Capped minus uncapped,-22840.0,catchall_60_65,primary,2058
joint,EB-4 / India,age21_events_2025_2040,Capped minus uncapped,-778.0,catchall_60_65,primary,2058
joint,EB-4 / China,age21_events_2025_2040,Capped minus uncapped,-136.0,catchall_60_65,primary,2058
joint,EB-4 / ROW,age21_events_2025_2040,Capped minus uncapped,600.0,catchall_60_65,primary,2058
joint,EB-5 / India,age21_events_2025_2040,Capped minus uncapped,174.0,catchall_60_65,primary,2058
joint,EB-5 / China,age21_events_2025_2040,Capped minus uncapped,650.0,catchall_60_65,primary,2058
joint,EB-5 / ROW,age21_events_2025_2040,Capped minus uncapped,-269.0,catchall_60_65,primary,2058
overall,All,age21_events_2025_2040,Capped,267298.0,catchall_60_65,primary,2059
overall,All,age21_events_2025_2040,Uncapped,200390.0,catchall_60_65,primary,2059
overall,All,age21_events_2025_2040,Capped minus uncapped,66908.0,catchall_60_65,primary,2059
overall,All,principal_exits_2025_2040,Capped,1092686.0,catchall_60_65,primary,2059
overall,All,principal_exits_2025_2040,Uncapped,1070950.0,catchall_60_65,primary,2059
overall,All,principal_exits_2025_2040,Capped minus uncapped,21736.0,catchall_60_65,primary,2059
overall,All,principal_conversions_2025_2040,Capped,1263338.0,catchall_60_65,primary,2059
overall,All,principal_conversions_2025_2040,Uncapped,1266706.0,catchall_60_65,primary,2059
overall,All,principal_conversions_2025_2040,Capped minus uncapped,-3368.0,catchall_60_65,primary,2059
overall,All,principal_backlog_2040,Capped,2775560.0,catchall_60_65,primary,2059
overall,All,principal_backlog_2040,Uncapped,2793928.0,catchall_60_65,primary,2059
overall,All,principal_backlog_2040,Capped minus uncapped,-18368.0,catchall_60_65,primary,2059
nationality,India,age21_events_2025_2040,Capped,194152.0,catchall_60_65,primary,2059
nationality,India,age21_events_2025_2040,Uncapped,73805.0,catchall_60_65,primary,2059
nationality,India,age21_events_2025_2040,Capped minus uncapped,120347.0,catchall_60_65,primary,2059
nationality,India,principal_exits_2025_2040,Capped,334086.0,catchall_60_65,primary,2059
nationality,India,principal_exits_2025_2040,Uncapped,186968.0,catchall_60_65,primary,2059
nationality,India,principal_exits_2025_2040,Capped minus uncapped,147118.0,catchall_60_65,primary,2059
nationality,India,principal_backlog_2040,Capped,1079616.0,catchall_60_65,primary,2059
nationality,India,principal_backlog_2040,Uncapped,751289.0,catchall_60_65,primary,2059
nationality,India,principal_backlog_2040,Capped minus uncapped,328327.0,catchall_60_65,primary,2059
nationality,China,age21_events_2025_2040,Capped,18748.0,catchall_60_65,primary,2059
nationality,China,age21_events_2025_2040,Uncapped,14811.0,catchall_60_65,primary,2059
nationality,China,age21_events_2025_2040,Capped minus uncapped,3937.0,catchall_60_65,primary,2059
nationality,China,principal_exits_2025_2040,Capped,104639.0,catchall_60_65,primary,2059
nationality,China,principal_exits_2025_2040,Uncapped,95421.0,catchall_60_65,primary,2059
nationality,China,principal_exits_2025_2040,Capped minus uncapped,9218.0,catchall_60_65,primary,2059
nationality,China,principal_backlog_2040,Capped,342050.0,catchall_60_65,primary,2059
nationality,China,principal_backlog_2040,Uncapped,287139.0,catchall_60_65,primary,2059
nationality,China,principal_backlog_2040,Capped minus uncapped,54911.0,catchall_60_65,primary,2059
nationality,ROW,age21_events_2025_2040,Capped,54398.0,catchall_60_65,primary,2059
nationality,ROW,age21_events_2025_2040,Uncapped,111774.0,catchall_60_65,primary,2059
nationality,ROW,age21_events_2025_2040,Capped minus uncapped,-57376.0,catchall_60_65,primary,2059
nationality,ROW,principal_exits_2025_2040,Capped,653961.0,catchall_60_65,primary,2059
nationality,ROW,principal_exits_2025_2040,Uncapped,788561.0,catchall_60_65,primary,2059
nationality,ROW,principal_exits_2025_2040,Capped minus uncapped,-134600.0,catchall_60_65,primary,2059
nationality,ROW,principal_backlog_2040,Capped,1353894.0,catchall_60_65,primary,2059
nationality,ROW,principal_backlog_2040,Uncapped,1755500.0,catchall_60_65,primary,2059
nationality,ROW,principal_backlog_2040,Capped minus uncapped,-401606.0,catchall_60_65,primary,2059
category,EB-1,age21_events_2025_2040,Capped,2547.0,catchall_60_65,primary,2059
category,EB-1,age21_events_2025_2040,Uncapped,733.0,catchall_60_65,primary,2059
category,EB-1,age21_events_2025_2040,Capped minus uncapped,1814.0,catchall_60_65,primary,2059
category,EB-1,principal_exits_2025_2040,Capped,15887.0,catchall_60_65,primary,2059
category,EB-1,principal_exits_2025_2040,Uncapped,16663.0,catchall_60_65,primary,2059
category,EB-1,principal_exits_2025_2040,Capped minus uncapped,-776.0,catchall_60_65,primary,2059
category,EB-1,principal_backlog_2040,Capped,129910.0,catchall_60_65,primary,2059
category,EB-1,principal_backlog_2040,Uncapped,125715.0,catchall_60_65,primary,2059
category,EB-1,principal_backlog_2040,Capped minus uncapped,4195.0,catchall_60_65,primary,2059
category,EB-2,age21_events_2025_2040,Capped,150228.0,catchall_60_65,primary,2059
category,EB-2,age21_events_2025_2040,Uncapped,108899.0,catchall_60_65,primary,2059
category,EB-2,age21_events_2025_2040,Capped minus uncapped,41329.0,catchall_60_65,primary,2059
category,EB-2,principal_exits_2025_2040,Capped,308959.0,catchall_60_65,primary,2059
category,EB-2,principal_exits_2025_2040,Uncapped,282573.0,catchall_60_65,primary,2059
category,EB-2,principal_exits_2025_2040,Capped minus uncapped,26386.0,catchall_60_65,primary,2059
category,EB-2,principal_backlog_2040,Capped,1042616.0,catchall_60_65,primary,2059
category,EB-2,principal_backlog_2040,Uncapped,1060624.0,catchall_60_65,primary,2059
category,EB-2,principal_backlog_2040,Capped minus uncapped,-18008.0,catchall_60_65,primary,2059
category,EB-3,age21_events_2025_2040,Capped,63757.0,catchall_60_65,primary,2059
category,EB-3,age21_events_2025_2040,Uncapped,40345.0,catchall_60_65,primary,2059
category,EB-3,age21_events_2025_2040,Capped minus uncapped,23412.0,catchall_60_65,primary,2059
category,EB-3,principal_exits_2025_2040,Capped,244379.0,catchall_60_65,primary,2059
category,EB-3,principal_exits_2025_2040,Uncapped,249063.0,catchall_60_65,primary,2059
category,EB-3,principal_exits_2025_2040,Capped minus uncapped,-4684.0,catchall_60_65,primary,2059
category,EB-3,principal_backlog_2040,Capped,552836.0,catchall_60_65,primary,2059
category,EB-3,principal_backlog_2040,Uncapped,559306.0,catchall_60_65,primary,2059
category,EB-3,principal_backlog_2040,Capped minus uncapped,-6470.0,catchall_60_65,primary,2059
category,EB-4,age21_events_2025_2040,Capped,49613.0,catchall_60_65,primary,2059
category,EB-4,age21_events_2025_2040,Uncapped,49862.0,catchall_60_65,primary,2059
category,EB-4,age21_events_2025_2040,Capped minus uncapped,-249.0,catchall_60_65,primary,2059
category,EB-4,principal_exits_2025_2040,Capped,519731.0,catchall_60_65,primary,2059
category,EB-4,principal_exits_2025_2040,Uncapped,519279.0,catchall_60_65,primary,2059
category,EB-4,principal_exits_2025_2040,Capped minus uncapped,452.0,catchall_60_65,primary,2059
category,EB-4,principal_backlog_2040,Capped,1023330.0,catchall_60_65,primary,2059
category,EB-4,principal_backlog_2040,Uncapped,1021564.0,catchall_60_65,primary,2059
category,EB-4,principal_backlog_2040,Capped minus uncapped,1766.0,catchall_60_65,primary,2059
category,EB-5,age21_events_2025_2040,Capped,1153.0,catchall_60_65,primary,2059
category,EB-5,age21_events_2025_2040,Uncapped,551.0,catchall_60_65,primary,2059
category,EB-5,age21_events_2025_2040,Capped minus uncapped,602.0,catchall_60_65,primary,2059
category,EB-5,principal_exits_2025_2040,Capped,3730.0,catchall_60_65,primary,2059
category,EB-5,principal_exits_2025_2040,Uncapped,3372.0,catchall_60_65,primary,2059
category,EB-5,principal_exits_2025_2040,Capped minus uncapped,358.0,catchall_60_65,primary,2059
category,EB-5,principal_backlog_2040,Capped,26868.0,catchall_60_65,primary,2059
category,EB-5,principal_backlog_2040,Uncapped,26719.0,catchall_60_65,primary,2059
category,EB-5,principal_backlog_2040,Capped minus uncapped,149.0,catchall_60_65,primary,2059
joint,EB-1 / India,age21_events_2025_2040,Capped minus uncapped,1424.0,catchall_60_65,primary,2059
joint,EB-1 / China,age21_events_2025_2040,Capped minus uncapped,951.0,catchall_60_65,primary,2059
joint,EB-1 / ROW,age21_events_2025_2040,Capped minus uncapped,-561.0,catchall_60_65,primary,2059
joint,EB-2 / India,age21_events_2025_2040,Capped minus uncapped,75549.0,catchall_60_65,primary,2059
joint,EB-2 / China,age21_events_2025_2040,Capped minus uncapped,351.0,catchall_60_65,primary,2059
joint,EB-2 / ROW,age21_events_2025_2040,Capped minus uncapped,-34571.0,catchall_60_65,primary,2059
joint,EB-3 / India,age21_events_2025_2040,Capped minus uncapped,44068.0,catchall_60_65,primary,2059
joint,EB-3 / China,age21_events_2025_2040,Capped minus uncapped,2127.0,catchall_60_65,primary,2059
joint,EB-3 / ROW,age21_events_2025_2040,Capped minus uncapped,-22783.0,catchall_60_65,primary,2059
joint,EB-4 / India,age21_events_2025_2040,Capped minus uncapped,-882.0,catchall_60_65,primary,2059
joint,EB-4 / China,age21_events_2025_2040,Capped minus uncapped,-137.0,catchall_60_65,primary,2059
joint,EB-4 / ROW,age21_events_2025_2040,Capped minus uncapped,770.0,catchall_60_65,primary,2059
joint,EB-5 / India,age21_events_2025_2040,Capped minus uncapped,188.0,catchall_60_65,primary,2059
joint,EB-5 / China,age21_events_2025_2040,Capped minus uncapped,645.0,catchall_60_65,primary,2059
joint,EB-5 / ROW,age21_events_2025_2040,Capped minus uncapped,-231.0,catchall_60_65,primary,2059
overall,All,age21_events_2025_2040,Capped,266794.0,catchall_60_65,primary,2060
overall,All,age21_events_2025_2040,Uncapped,199586.0,catchall_60_65,primary,2060
overall,All,age21_events_2025_2040,Capped minus uncapped,67208.0,catchall_60_65,primary,2060
overall,All,principal_exits_2025_2040,Capped,1092218.0,catchall_60_65,primary,2060
overall,All,principal_exits_2025_2040,Uncapped,1070883.0,catchall_60_65,primary,2060
overall,All,principal_exits_2025_2040,Capped minus uncapped,21335.0,catchall_60_65,primary,2060
overall,All,principal_conversions_2025_2040,Capped,1263524.0,catchall_60_65,primary,2060
overall,All,principal_conversions_2025_2040,Uncapped,1267079.0,catchall_60_65,primary,2060
overall,All,principal_conversions_2025_2040,Capped minus uncapped,-3555.0,catchall_60_65,primary,2060
overall,All,principal_backlog_2040,Capped,2774266.0,catchall_60_65,primary,2060
overall,All,principal_backlog_2040,Uncapped,2792046.0,catchall_60_65,primary,2060
overall,All,principal_backlog_2040,Capped minus uncapped,-17780.0,catchall_60_65,primary,2060
nationality,India,age21_events_2025_2040,Capped,193973.0,catchall_60_65,primary,2060
nationality,India,age21_events_2025_2040,Uncapped,73570.0,catchall_60_65,primary,2060
nationality,India,age21_events_2025_2040,Capped minus uncapped,120403.0,catchall_60_65,primary,2060
nationality,India,principal_exits_2025_2040,Capped,334114.0,catchall_60_65,primary,2060
nationality,India,principal_exits_2025_2040,Uncapped,187247.0,catchall_60_65,primary,2060
nationality,India,principal_exits_2025_2040,Capped minus uncapped,146867.0,catchall_60_65,primary,2060
nationality,India,principal_backlog_2040,Capped,1078111.0,catchall_60_65,primary,2060
nationality,India,principal_backlog_2040,Uncapped,750208.0,catchall_60_65,primary,2060
nationality,India,principal_backlog_2040,Capped minus uncapped,327903.0,catchall_60_65,primary,2060
nationality,China,age21_events_2025_2040,Capped,18583.0,catchall_60_65,primary,2060
nationality,China,age21_events_2025_2040,Uncapped,14491.0,catchall_60_65,primary,2060
nationality,China,age21_events_2025_2040,Capped minus uncapped,4092.0,catchall_60_65,primary,2060
nationality,China,principal_exits_2025_2040,Capped,104222.0,catchall_60_65,primary,2060
nationality,China,principal_exits_2025_2040,Uncapped,95329.0,catchall_60_65,primary,2060
nationality,China,principal_exits_2025_2040,Capped minus uncapped,8893.0,catchall_60_65,primary,2060
nationality,China,principal_backlog_2040,Capped,341176.0,catchall_60_65,primary,2060
nationality,China,principal_backlog_2040,Uncapped,285845.0,catchall_60_65,primary,2060
nationality,China,principal_backlog_2040,Capped minus uncapped,55331.0,catchall_60_65,primary,2060
nationality,ROW,age21_events_2025_2040,Capped,54238.0,catchall_60_65,primary,2060
nationality,ROW,age21_events_2025_2040,Uncapped,111525.0,catchall_60_65,primary,2060
nationality,ROW,age21_events_2025_2040,Capped minus uncapped,-57287.0,catchall_60_65,primary,2060
nationality,ROW,principal_exits_2025_2040,Capped,653882.0,catchall_60_65,primary,2060
nationality,ROW,principal_exits_2025_2040,Uncapped,788307.0,catchall_60_65,primary,2060
nationality,ROW,principal_exits_2025_2040,Capped minus uncapped,-134425.0,catchall_60_65,primary,2060
nationality,ROW,principal_backlog_2040,Capped,1354979.0,catchall_60_65,primary,2060
nationality,ROW,principal_backlog_2040,Uncapped,1755993.0,catchall_60_65,primary,2060
nationality,ROW,principal_backlog_2040,Capped minus uncapped,-401014.0,catchall_60_65,primary,2060
category,EB-1,age21_events_2025_2040,Capped,2509.0,catchall_60_65,primary,2060
category,EB-1,age21_events_2025_2040,Uncapped,702.0,catchall_60_65,primary,2060
category,EB-1,age21_events_2025_2040,Capped minus uncapped,1807.0,catchall_60_65,primary,2060
category,EB-1,principal_exits_2025_2040,Capped,15726.0,catchall_60_65,primary,2060
category,EB-1,principal_exits_2025_2040,Uncapped,16400.0,catchall_60_65,primary,2060
category,EB-1,principal_exits_2025_2040,Capped minus uncapped,-674.0,catchall_60_65,primary,2060
category,EB-1,principal_backlog_2040,Capped,128353.0,catchall_60_65,primary,2060
category,EB-1,principal_backlog_2040,Uncapped,124841.0,catchall_60_65,primary,2060
category,EB-1,principal_backlog_2040,Capped minus uncapped,3512.0,catchall_60_65,primary,2060
category,EB-2,age21_events_2025_2040,Capped,149980.0,catchall_60_65,primary,2060
category,EB-2,age21_events_2025_2040,Uncapped,108371.0,catchall_60_65,primary,2060
category,EB-2,age21_events_2025_2040,Capped minus uncapped,41609.0,catchall_60_65,primary,2060
category,EB-2,principal_exits_2025_2040,Capped,308799.0,catchall_60_65,primary,2060
category,EB-2,principal_exits_2025_2040,Uncapped,282333.0,catchall_60_65,primary,2060
category,EB-2,principal_exits_2025_2040,Capped minus uncapped,26466.0,catchall_60_65,primary,2060
category,EB-2,principal_backlog_2040,Capped,1042201.0,catchall_60_65,primary,2060
category,EB-2,principal_backlog_2040,Uncapped,1059902.0,catchall_60_65,primary,2060
category,EB-2,principal_backlog_2040,Capped minus uncapped,-17701.0,catchall_60_65,primary,2060
category,EB-3,age21_events_2025_2040,Capped,64093.0,catchall_60_65,primary,2060
category,EB-3,age21_events_2025_2040,Uncapped,40269.0,catchall_60_65,primary,2060
category,EB-3,age21_events_2025_2040,Capped minus uncapped,23824.0,catchall_60_65,primary,2060
category,EB-3,principal_exits_2025_2040,Capped,244231.0,catchall_60_65,primary,2060
category,EB-3,principal_exits_2025_2040,Uncapped,249802.0,catchall_60_65,primary,2060
category,EB-3,principal_exits_2025_2040,Capped minus uncapped,-5571.0,catchall_60_65,primary,2060
category,EB-3,principal_backlog_2040,Capped,553608.0,catchall_60_65,primary,2060
category,EB-3,principal_backlog_2040,Uncapped,558775.0,catchall_60_65,primary,2060
category,EB-3,principal_backlog_2040,Capped minus uncapped,-5167.0,catchall_60_65,primary,2060
category,EB-4,age21_events_2025_2040,Capped,49094.0,catchall_60_65,primary,2060
category,EB-4,age21_events_2025_2040,Uncapped,49648.0,catchall_60_65,primary,2060
category,EB-4,age21_events_2025_2040,Capped minus uncapped,-554.0,catchall_60_65,primary,2060
category,EB-4,principal_exits_2025_2040,Capped,519614.0,catchall_60_65,primary,2060
category,EB-4,principal_exits_2025_2040,Uncapped,518890.0,catchall_60_65,primary,2060
category,EB-4,principal_exits_2025_2040,Capped minus uncapped,724.0,catchall_60_65,primary,2060
category,EB-4,principal_backlog_2040,Capped,1023305.0,catchall_60_65,primary,2060
category,EB-4,principal_backlog_2040,Uncapped,1021957.0,catchall_60_65,primary,2060
category,EB-4,principal_backlog_2040,Capped minus uncapped,1348.0,catchall_60_65,primary,2060
category,EB-5,age21_events_2025_2040,Capped,1118.0,catchall_60_65,primary,2060
category,EB-5,age21_events_2025_2040,Uncapped,596.0,catchall_60_65,primary,2060
category,EB-5,age21_events_2025_2040,Capped minus uncapped,522.0,catchall_60_65,primary,2060
category,EB-5,principal_exits_2025_2040,Capped,3848.0,catchall_60_65,primary,2060
category,EB-5,principal_exits_2025_2040,Uncapped,3458.0,catchall_60_65,primary,2060
category,EB-5,principal_exits_2025_2040,Capped minus uncapped,390.0,catchall_60_65,primary,2060
category,EB-5,principal_backlog_2040,Capped,26799.0,catchall_60_65,primary,2060
category,EB-5,principal_backlog_2040,Uncapped,26571.0,catchall_60_65,primary,2060
category,EB-5,principal_backlog_2040,Capped minus uncapped,228.0,catchall_60_65,primary,2060
joint,EB-1 / India,age21_events_2025_2040,Capped minus uncapped,1471.0,catchall_60_65,primary,2060
joint,EB-1 / China,age21_events_2025_2040,Capped minus uncapped,891.0,catchall_60_65,primary,2060
joint,EB-1 / ROW,age21_events_2025_2040,Capped minus uncapped,-555.0,catchall_60_65,primary,2060
joint,EB-2 / India,age21_events_2025_2040,Capped minus uncapped,75484.0,catchall_60_65,primary,2060
joint,EB-2 / China,age21_events_2025_2040,Capped minus uncapped,512.0,catchall_60_65,primary,2060
joint,EB-2 / ROW,age21_events_2025_2040,Capped minus uncapped,-34387.0,catchall_60_65,primary,2060
joint,EB-3 / India,age21_events_2025_2040,Capped minus uncapped,44088.0,catchall_60_65,primary,2060
joint,EB-3 / China,age21_events_2025_2040,Capped minus uncapped,2196.0,catchall_60_65,primary,2060
joint,EB-3 / ROW,age21_events_2025_2040,Capped minus uncapped,-22460.0,catchall_60_65,primary,2060
joint,EB-4 / India,age21_events_2025_2040,Capped minus uncapped,-791.0,catchall_60_65,primary,2060
joint,EB-4 / China,age21_events_2025_2040,Capped minus uncapped,-135.0,catchall_60_65,primary,2060
joint,EB-4 / ROW,age21_events_2025_2040,Capped minus uncapped,372.0,catchall_60_65,primary,2060
joint,EB-5 / India,age21_events_2025_2040,Capped minus uncapped,151.0,catchall_60_65,primary,2060
joint,EB-5 / China,age21_events_2025_2040,Capped minus uncapped,628.0,catchall_60_65,primary,2060
joint,EB-5 / ROW,age21_events_2025_2040,Capped minus uncapped,-257.0,catchall_60_65,primary,2060
overall,All,age21_events_2025_2040,Capped,267708.0,catchall_60_65,primary,2061
overall,All,age21_events_2025_2040,Uncapped,199678.0,catchall_60_65,primary,2061
overall,All,age21_events_2025_2040,Capped minus uncapped,68030.0,catchall_60_65,primary,2061
overall,All,principal_exits_2025_2040,Capped,1091693.0,catchall_60_65,primary,2061
overall,All,principal_exits_2025_2040,Uncapped,1070829.0,catchall_60_65,primary,2061
overall,All,principal_exits_2025_2040,Capped minus uncapped,20864.0,catchall_60_65,primary,2061
overall,All,principal_conversions_2025_2040,Capped,1262143.0,catchall_60_65,primary,2061
overall,All,principal_conversions_2025_2040,Uncapped,1266087.0,catchall_60_65,primary,2061
overall,All,principal_conversions_2025_2040,Capped minus uncapped,-3944.0,catchall_60_65,primary,2061
overall,All,principal_backlog_2040,Capped,2776477.0,catchall_60_65,primary,2061
overall,All,principal_backlog_2040,Uncapped,2793397.0,catchall_60_65,primary,2061
overall,All,principal_backlog_2040,Capped minus uncapped,-16920.0,catchall_60_65,primary,2061
nationality,India,age21_events_2025_2040,Capped,193803.0,catchall_60_65,primary,2061
nationality,India,age21_events_2025_2040,Uncapped,73307.0,catchall_60_65,primary,2061
nationality,India,age21_events_2025_2040,Capped minus uncapped,120496.0,catchall_60_65,primary,2061
nationality,India,principal_exits_2025_2040,Capped,333972.0,catchall_60_65,primary,2061
nationality,India,principal_exits_2025_2040,Uncapped,186394.0,catchall_60_65,primary,2061
nationality,India,principal_exits_2025_2040,Capped minus uncapped,147578.0,catchall_60_65,primary,2061
nationality,India,principal_backlog_2040,Capped,1077470.0,catchall_60_65,primary,2061
nationality,India,principal_backlog_2040,Uncapped,750437.0,catchall_60_65,primary,2061
nationality,India,principal_backlog_2040,Capped minus uncapped,327033.0,catchall_60_65,primary,2061
nationality,China,age21_events_2025_2040,Capped,19015.0,catchall_60_65,primary,2061
nationality,China,age21_events_2025_2040,Uncapped,14735.0,catchall_60_65,primary,2061
nationality,China,age21_events_2025_2040,Capped minus uncapped,4280.0,catchall_60_65,primary,2061
nationality,China,principal_exits_2025_2040,Capped,104635.0,catchall_60_65,primary,2061
nationality,China,principal_exits_2025_2040,Uncapped,96108.0,catchall_60_65,primary,2061
nationality,China,principal_exits_2025_2040,Capped minus uncapped,8527.0,catchall_60_65,primary,2061
nationality,China,principal_backlog_2040,Capped,342620.0,catchall_60_65,primary,2061
nationality,China,principal_backlog_2040,Uncapped,286917.0,catchall_60_65,primary,2061
nationality,China,principal_backlog_2040,Capped minus uncapped,55703.0,catchall_60_65,primary,2061
nationality,ROW,age21_events_2025_2040,Capped,54890.0,catchall_60_65,primary,2061
nationality,ROW,age21_events_2025_2040,Uncapped,111636.0,catchall_60_65,primary,2061
nationality,ROW,age21_events_2025_2040,Capped minus uncapped,-56746.0,catchall_60_65,primary,2061
nationality,ROW,principal_exits_2025_2040,Capped,653086.0,catchall_60_65,primary,2061
nationality,ROW,principal_exits_2025_2040,Uncapped,788327.0,catchall_60_65,primary,2061
nationality,ROW,principal_exits_2025_2040,Capped minus uncapped,-135241.0,catchall_60_65,primary,2061
nationality,ROW,principal_backlog_2040,Capped,1356387.0,catchall_60_65,primary,2061
nationality,ROW,principal_backlog_2040,Uncapped,1756043.0,catchall_60_65,primary,2061
nationality,ROW,principal_backlog_2040,Capped minus uncapped,-399656.0,catchall_60_65,primary,2061
category,EB-1,age21_events_2025_2040,Capped,2486.0,catchall_60_65,primary,2061
category,EB-1,age21_events_2025_2040,Uncapped,712.0,catchall_60_65,primary,2061
category,EB-1,age21_events_2025_2040,Capped minus uncapped,1774.0,catchall_60_65,primary,2061
category,EB-1,principal_exits_2025_2040,Capped,15805.0,catchall_60_65,primary,2061
category,EB-1,principal_exits_2025_2040,Uncapped,16332.0,catchall_60_65,primary,2061
category,EB-1,principal_exits_2025_2040,Capped minus uncapped,-527.0,catchall_60_65,primary,2061
category,EB-1,principal_backlog_2040,Capped,129428.0,catchall_60_65,primary,2061
category,EB-1,principal_backlog_2040,Uncapped,125550.0,catchall_60_65,primary,2061
category,EB-1,principal_backlog_2040,Capped minus uncapped,3878.0,catchall_60_65,primary,2061
category,EB-2,age21_events_2025_2040,Capped,150247.0,catchall_60_65,primary,2061
category,EB-2,age21_events_2025_2040,Uncapped,108278.0,catchall_60_65,primary,2061
category,EB-2,age21_events_2025_2040,Capped minus uncapped,41969.0,catchall_60_65,primary,2061
category,EB-2,principal_exits_2025_2040,Capped,308643.0,catchall_60_65,primary,2061
category,EB-2,principal_exits_2025_2040,Uncapped,282749.0,catchall_60_65,primary,2061
category,EB-2,principal_exits_2025_2040,Capped minus uncapped,25894.0,catchall_60_65,primary,2061
category,EB-2,principal_backlog_2040,Capped,1042573.0,catchall_60_65,primary,2061
category,EB-2,principal_backlog_2040,Uncapped,1059961.0,catchall_60_65,primary,2061
category,EB-2,principal_backlog_2040,Capped minus uncapped,-17388.0,catchall_60_65,primary,2061
category,EB-3,age21_events_2025_2040,Capped,63997.0,catchall_60_65,primary,2061
category,EB-3,age21_events_2025_2040,Uncapped,40310.0,catchall_60_65,primary,2061
category,EB-3,age21_events_2025_2040,Capped minus uncapped,23687.0,catchall_60_65,primary,2061
category,EB-3,principal_exits_2025_2040,Capped,244558.0,catchall_60_65,primary,2061
category,EB-3,principal_exits_2025_2040,Uncapped,249836.0,catchall_60_65,primary,2061
category,EB-3,principal_exits_2025_2040,Capped minus uncapped,-5278.0,catchall_60_65,primary,2061
category,EB-3,principal_backlog_2040,Capped,553551.0,catchall_60_65,primary,2061
category,EB-3,principal_backlog_2040,Uncapped,559016.0,catchall_60_65,primary,2061
category,EB-3,principal_backlog_2040,Capped minus uncapped,-5465.0,catchall_60_65,primary,2061
category,EB-4,age21_events_2025_2040,Capped,49861.0,catchall_60_65,primary,2061
category,EB-4,age21_events_2025_2040,Uncapped,49777.0,catchall_60_65,primary,2061
category,EB-4,age21_events_2025_2040,Capped minus uncapped,84.0,catchall_60_65,primary,2061
category,EB-4,principal_exits_2025_2040,Capped,518864.0,catchall_60_65,primary,2061
category,EB-4,principal_exits_2025_2040,Uncapped,518515.0,catchall_60_65,primary,2061
category,EB-4,principal_exits_2025_2040,Capped minus uncapped,349.0,catchall_60_65,primary,2061
category,EB-4,principal_backlog_2040,Capped,1024200.0,catchall_60_65,primary,2061
category,EB-4,principal_backlog_2040,Uncapped,1022261.0,catchall_60_65,primary,2061
category,EB-4,principal_backlog_2040,Capped minus uncapped,1939.0,catchall_60_65,primary,2061
category,EB-5,age21_events_2025_2040,Capped,1117.0,catchall_60_65,primary,2061
category,EB-5,age21_events_2025_2040,Uncapped,601.0,catchall_60_65,primary,2061
category,EB-5,age21_events_2025_2040,Capped minus uncapped,516.0,catchall_60_65,primary,2061
category,EB-5,principal_exits_2025_2040,Capped,3823.0,catchall_60_65,primary,2061
category,EB-5,principal_exits_2025_2040,Uncapped,3397.0,catchall_60_65,primary,2061
category,EB-5,principal_exits_2025_2040,Capped minus uncapped,426.0,catchall_60_65,primary,2061
category,EB-5,principal_backlog_2040,Capped,26725.0,catchall_60_65,primary,2061
category,EB-5,principal_backlog_2040,Uncapped,26609.0,catchall_60_65,primary,2061
category,EB-5,principal_backlog_2040,Capped minus uncapped,116.0,catchall_60_65,primary,2061
joint,EB-1 / India,age21_events_2025_2040,Capped minus uncapped,1412.0,catchall_60_65,primary,2061
joint,EB-1 / China,age21_events_2025_2040,Capped minus uncapped,926.0,catchall_60_65,primary,2061
joint,EB-1 / ROW,age21_events_2025_2040,Capped minus uncapped,-564.0,catchall_60_65,primary,2061
joint,EB-2 / India,age21_events_2025_2040,Capped minus uncapped,75919.0,catchall_60_65,primary,2061
joint,EB-2 / China,age21_events_2025_2040,Capped minus uncapped,615.0,catchall_60_65,primary,2061
joint,EB-2 / ROW,age21_events_2025_2040,Capped minus uncapped,-34565.0,catchall_60_65,primary,2061
joint,EB-3 / India,age21_events_2025_2040,Capped minus uncapped,43820.0,catchall_60_65,primary,2061
joint,EB-3 / China,age21_events_2025_2040,Capped minus uncapped,2250.0,catchall_60_65,primary,2061
joint,EB-3 / ROW,age21_events_2025_2040,Capped minus uncapped,-22383.0,catchall_60_65,primary,2061
joint,EB-4 / India,age21_events_2025_2040,Capped minus uncapped,-833.0,catchall_60_65,primary,2061
joint,EB-4 / China,age21_events_2025_2040,Capped minus uncapped,-129.0,catchall_60_65,primary,2061
joint,EB-4 / ROW,age21_events_2025_2040,Capped minus uncapped,1046.0,catchall_60_65,primary,2061
joint,EB-5 / India,age21_events_2025_2040,Capped minus uncapped,178.0,catchall_60_65,primary,2061
joint,EB-5 / China,age21_events_2025_2040,Capped minus uncapped,618.0,catchall_60_65,primary,2061
joint,EB-5 / ROW,age21_events_2025_2040,Capped minus uncapped,-280.0,catchall_60_65,primary,2061
overall,All,age21_events_2025_2040,Capped,268057.0,catchall_60_65,primary,2062
overall,All,age21_events_2025_2040,Uncapped,200140.0,catchall_60_65,primary,2062
overall,All,age21_events_2025_2040,Capped minus uncapped,67917.0,catchall_60_65,primary,2062
overall,All,principal_exits_2025_2040,Capped,1092450.0,catchall_60_65,primary,2062
overall,All,principal_exits_2025_2040,Uncapped,1071469.0,catchall_60_65,primary,2062
overall,All,principal_exits_2025_2040,Capped minus uncapped,20981.0,catchall_60_65,primary,2062
overall,All,principal_conversions_2025_2040,Capped,1263709.0,catchall_60_65,primary,2062
overall,All,principal_conversions_2025_2040,Uncapped,1266404.0,catchall_60_65,primary,2062
overall,All,principal_conversions_2025_2040,Capped minus uncapped,-2695.0,catchall_60_65,primary,2062
overall,All,principal_backlog_2040,Capped,2774555.0,catchall_60_65,primary,2062
overall,All,principal_backlog_2040,Uncapped,2792841.0,catchall_60_65,primary,2062
overall,All,principal_backlog_2040,Capped minus uncapped,-18286.0,catchall_60_65,primary,2062
nationality,India,age21_events_2025_2040,Capped,194234.0,catchall_60_65,primary,2062
nationality,India,age21_events_2025_2040,Uncapped,73964.0,catchall_60_65,primary,2062
nationality,India,age21_events_2025_2040,Capped minus uncapped,120270.0,catchall_60_65,primary,2062
nationality,India,principal_exits_2025_2040,Capped,334503.0,catchall_60_65,primary,2062
nationality,India,principal_exits_2025_2040,Uncapped,186735.0,catchall_60_65,primary,2062
nationality,India,principal_exits_2025_2040,Capped minus uncapped,147768.0,catchall_60_65,primary,2062
nationality,India,principal_backlog_2040,Capped,1079340.0,catchall_60_65,primary,2062
nationality,India,principal_backlog_2040,Uncapped,752062.0,catchall_60_65,primary,2062
nationality,India,principal_backlog_2040,Capped minus uncapped,327278.0,catchall_60_65,primary,2062
nationality,China,age21_events_2025_2040,Capped,18896.0,catchall_60_65,primary,2062
nationality,China,age21_events_2025_2040,Uncapped,14804.0,catchall_60_65,primary,2062
nationality,China,age21_events_2025_2040,Capped minus uncapped,4092.0,catchall_60_65,primary,2062
nationality,China,principal_exits_2025_2040,Capped,104681.0,catchall_60_65,primary,2062
nationality,China,principal_exits_2025_2040,Uncapped,95328.0,catchall_60_65,primary,2062
nationality,China,principal_exits_2025_2040,Capped minus uncapped,9353.0,catchall_60_65,primary,2062
nationality,China,principal_backlog_2040,Capped,341074.0,catchall_60_65,primary,2062
nationality,China,principal_backlog_2040,Uncapped,286121.0,catchall_60_65,primary,2062
nationality,China,principal_backlog_2040,Capped minus uncapped,54953.0,catchall_60_65,primary,2062
nationality,ROW,age21_events_2025_2040,Capped,54927.0,catchall_60_65,primary,2062
nationality,ROW,age21_events_2025_2040,Uncapped,111372.0,catchall_60_65,primary,2062
nationality,ROW,age21_events_2025_2040,Capped minus uncapped,-56445.0,catchall_60_65,primary,2062
nationality,ROW,principal_exits_2025_2040,Capped,653266.0,catchall_60_65,primary,2062
nationality,ROW,principal_exits_2025_2040,Uncapped,789406.0,catchall_60_65,primary,2062
nationality,ROW,principal_exits_2025_2040,Capped minus uncapped,-136140.0,catchall_60_65,primary,2062
nationality,ROW,principal_backlog_2040,Capped,1354141.0,catchall_60_65,primary,2062
nationality,ROW,principal_backlog_2040,Uncapped,1754658.0,catchall_60_65,primary,2062
nationality,ROW,principal_backlog_2040,Capped minus uncapped,-400517.0,catchall_60_65,primary,2062
category,EB-1,age21_events_2025_2040,Capped,2389.0,catchall_60_65,primary,2062
category,EB-1,age21_events_2025_2040,Uncapped,723.0,catchall_60_65,primary,2062
category,EB-1,age21_events_2025_2040,Capped minus uncapped,1666.0,catchall_60_65,primary,2062
category,EB-1,principal_exits_2025_2040,Capped,15979.0,catchall_60_65,primary,2062
category,EB-1,principal_exits_2025_2040,Uncapped,16389.0,catchall_60_65,primary,2062
category,EB-1,principal_exits_2025_2040,Capped minus uncapped,-410.0,catchall_60_65,primary,2062
category,EB-1,principal_backlog_2040,Capped,129171.0,catchall_60_65,primary,2062
category,EB-1,principal_backlog_2040,Uncapped,125296.0,catchall_60_65,primary,2062
category,EB-1,principal_backlog_2040,Capped minus uncapped,3875.0,catchall_60_65,primary,2062
category,EB-2,age21_events_2025_2040,Capped,150378.0,catchall_60_65,primary,2062
category,EB-2,age21_events_2025_2040,Uncapped,108822.0,catchall_60_65,primary,2062
category,EB-2,age21_events_2025_2040,Capped minus uncapped,41556.0,catchall_60_65,primary,2062
category,EB-2,principal_exits_2025_2040,Capped,308804.0,catchall_60_65,primary,2062
category,EB-2,principal_exits_2025_2040,Uncapped,282340.0,catchall_60_65,primary,2062
category,EB-2,principal_exits_2025_2040,Capped minus uncapped,26464.0,catchall_60_65,primary,2062
category,EB-2,principal_backlog_2040,Capped,1042000.0,catchall_60_65,primary,2062
category,EB-2,principal_backlog_2040,Uncapped,1060731.0,catchall_60_65,primary,2062
category,EB-2,principal_backlog_2040,Capped minus uncapped,-18731.0,catchall_60_65,primary,2062
category,EB-3,age21_events_2025_2040,Capped,63964.0,catchall_60_65,primary,2062
category,EB-3,age21_events_2025_2040,Uncapped,40092.0,catchall_60_65,primary,2062
category,EB-3,age21_events_2025_2040,Capped minus uncapped,23872.0,catchall_60_65,primary,2062
category,EB-3,principal_exits_2025_2040,Capped,244582.0,catchall_60_65,primary,2062
category,EB-3,principal_exits_2025_2040,Uncapped,249794.0,catchall_60_65,primary,2062
category,EB-3,principal_exits_2025_2040,Capped minus uncapped,-5212.0,catchall_60_65,primary,2062
category,EB-3,principal_backlog_2040,Capped,552909.0,catchall_60_65,primary,2062
category,EB-3,principal_backlog_2040,Uncapped,558953.0,catchall_60_65,primary,2062
category,EB-3,principal_backlog_2040,Capped minus uncapped,-6044.0,catchall_60_65,primary,2062
category,EB-4,age21_events_2025_2040,Capped,50137.0,catchall_60_65,primary,2062
category,EB-4,age21_events_2025_2040,Uncapped,49933.0,catchall_60_65,primary,2062
category,EB-4,age21_events_2025_2040,Capped minus uncapped,204.0,catchall_60_65,primary,2062
category,EB-4,principal_exits_2025_2040,Capped,519287.0,catchall_60_65,primary,2062
category,EB-4,principal_exits_2025_2040,Uncapped,519517.0,catchall_60_65,primary,2062
category,EB-4,principal_exits_2025_2040,Capped minus uncapped,-230.0,catchall_60_65,primary,2062
category,EB-4,principal_backlog_2040,Capped,1023816.0,catchall_60_65,primary,2062
category,EB-4,principal_backlog_2040,Uncapped,1021327.0,catchall_60_65,primary,2062
category,EB-4,principal_backlog_2040,Capped minus uncapped,2489.0,catchall_60_65,primary,2062
category,EB-5,age21_events_2025_2040,Capped,1189.0,catchall_60_65,primary,2062
category,EB-5,age21_events_2025_2040,Uncapped,570.0,catchall_60_65,primary,2062
category,EB-5,age21_events_2025_2040,Capped minus uncapped,619.0,catchall_60_65,primary,2062
category,EB-5,principal_exits_2025_2040,Capped,3798.0,catchall_60_65,primary,2062
category,EB-5,principal_exits_2025_2040,Uncapped,3429.0,catchall_60_65,primary,2062
category,EB-5,principal_exits_2025_2040,Capped minus uncapped,369.0,catchall_60_65,primary,2062
category,EB-5,principal_backlog_2040,Capped,26659.0,catchall_60_65,primary,2062
category,EB-5,principal_backlog_2040,Uncapped,26534.0,catchall_60_65,primary,2062
category,EB-5,principal_backlog_2040,Capped minus uncapped,125.0,catchall_60_65,primary,2062
joint,EB-1 / India,age21_events_2025_2040,Capped minus uncapped,1404.0,catchall_60_65,primary,2062
joint,EB-1 / China,age21_events_2025_2040,Capped minus uncapped,835.0,catchall_60_65,primary,2062
joint,EB-1 / ROW,age21_events_2025_2040,Capped minus uncapped,-573.0,catchall_60_65,primary,2062
joint,EB-2 / India,age21_events_2025_2040,Capped minus uncapped,75307.0,catchall_60_65,primary,2062
joint,EB-2 / China,age21_events_2025_2040,Capped minus uncapped,513.0,catchall_60_65,primary,2062
joint,EB-2 / ROW,age21_events_2025_2040,Capped minus uncapped,-34264.0,catchall_60_65,primary,2062
joint,EB-3 / India,age21_events_2025_2040,Capped minus uncapped,44110.0,catchall_60_65,primary,2062
joint,EB-3 / China,age21_events_2025_2040,Capped minus uncapped,2197.0,catchall_60_65,primary,2062
joint,EB-3 / ROW,age21_events_2025_2040,Capped minus uncapped,-22435.0,catchall_60_65,primary,2062
joint,EB-4 / India,age21_events_2025_2040,Capped minus uncapped,-746.0,catchall_60_65,primary,2062
joint,EB-4 / China,age21_events_2025_2040,Capped minus uncapped,-124.0,catchall_60_65,primary,2062
joint,EB-4 / ROW,age21_events_2025_2040,Capped minus uncapped,1074.0,catchall_60_65,primary,2062
joint,EB-5 / India,age21_events_2025_2040,Capped minus uncapped,195.0,catchall_60_65,primary,2062
joint,EB-5 / China,age21_events_2025_2040,Capped minus uncapped,671.0,catchall_60_65,primary,2062
joint,EB-5 / ROW,age21_events_2025_2040,Capped minus uncapped,-247.0,catchall_60_65,primary,2062
overall,All,age21_events_2025_2040,Capped,266925.0,catchall_60_65,primary,2063
overall,All,age21_events_2025_2040,Uncapped,200238.0,catchall_60_65,primary,2063
overall,All,age21_events_2025_2040,Capped minus uncapped,66687.0,catchall_60_65,primary,2063
overall,All,principal_exits_2025_2040,Capped,1093585.0,catchall_60_65,primary,2063
overall,All,principal_exits_2025_2040,Uncapped,1072371.0,catchall_60_65,primary,2063
overall,All,principal_exits_2025_2040,Capped minus uncapped,21214.0,catchall_60_65,primary,2063
overall,All,principal_conversions_2025_2040,Capped,1263649.0,catchall_60_65,primary,2063
overall,All,principal_conversions_2025_2040,Uncapped,1267295.0,catchall_60_65,primary,2063
overall,All,principal_conversions_2025_2040,Capped minus uncapped,-3646.0,catchall_60_65,primary,2063
overall,All,principal_backlog_2040,Capped,2773453.0,catchall_60_65,primary,2063
overall,All,principal_backlog_2040,Uncapped,2791021.0,catchall_60_65,primary,2063
overall,All,principal_backlog_2040,Capped minus uncapped,-17568.0,catchall_60_65,primary,2063
nationality,India,age21_events_2025_2040,Capped,193255.0,catchall_60_65,primary,2063
nationality,India,age21_events_2025_2040,Uncapped,73355.0,catchall_60_65,primary,2063
nationality,India,age21_events_2025_2040,Capped minus uncapped,119900.0,catchall_60_65,primary,2063
nationality,India,principal_exits_2025_2040,Capped,335810.0,catchall_60_65,primary,2063
nationality,India,principal_exits_2025_2040,Uncapped,187127.0,catchall_60_65,primary,2063
nationality,India,principal_exits_2025_2040,Capped minus uncapped,148683.0,catchall_60_65,primary,2063
nationality,India,principal_backlog_2040,Capped,1075731.0,catchall_60_65,primary,2063
nationality,India,principal_backlog_2040,Uncapped,749163.0,catchall_60_65,primary,2063
nationality,India,principal_backlog_2040,Capped minus uncapped,326568.0,catchall_60_65,primary,2063
nationality,China,age21_events_2025_2040,Capped,18790.0,catchall_60_65,primary,2063
nationality,China,age21_events_2025_2040,Uncapped,14847.0,catchall_60_65,primary,2063
nationality,China,age21_events_2025_2040,Capped minus uncapped,3943.0,catchall_60_65,primary,2063
nationality,China,principal_exits_2025_2040,Capped,104672.0,catchall_60_65,primary,2063
nationality,China,principal_exits_2025_2040,Uncapped,95486.0,catchall_60_65,primary,2063
nationality,China,principal_exits_2025_2040,Capped minus uncapped,9186.0,catchall_60_65,primary,2063
nationality,China,principal_backlog_2040,Capped,341862.0,catchall_60_65,primary,2063
nationality,China,principal_backlog_2040,Uncapped,286620.0,catchall_60_65,primary,2063
nationality,China,principal_backlog_2040,Capped minus uncapped,55242.0,catchall_60_65,primary,2063
nationality,ROW,age21_events_2025_2040,Capped,54880.0,catchall_60_65,primary,2063
nationality,ROW,age21_events_2025_2040,Uncapped,112036.0,catchall_60_65,primary,2063
nationality,ROW,age21_events_2025_2040,Capped minus uncapped,-57156.0,catchall_60_65,primary,2063
nationality,ROW,principal_exits_2025_2040,Capped,653103.0,catchall_60_65,primary,2063
nationality,ROW,principal_exits_2025_2040,Uncapped,789758.0,catchall_60_65,primary,2063
nationality,ROW,principal_exits_2025_2040,Capped minus uncapped,-136655.0,catchall_60_65,primary,2063
nationality,ROW,principal_backlog_2040,Capped,1355860.0,catchall_60_65,primary,2063
nationality,ROW,principal_backlog_2040,Uncapped,1755238.0,catchall_60_65,primary,2063
nationality,ROW,principal_backlog_2040,Capped minus uncapped,-399378.0,catchall_60_65,primary,2063
category,EB-1,age21_events_2025_2040,Capped,2480.0,catchall_60_65,primary,2063
category,EB-1,age21_events_2025_2040,Uncapped,781.0,catchall_60_65,primary,2063
category,EB-1,age21_events_2025_2040,Capped minus uncapped,1699.0,catchall_60_65,primary,2063
category,EB-1,principal_exits_2025_2040,Capped,15567.0,catchall_60_65,primary,2063
category,EB-1,principal_exits_2025_2040,Uncapped,16356.0,catchall_60_65,primary,2063
category,EB-1,principal_exits_2025_2040,Capped minus uncapped,-789.0,catchall_60_65,primary,2063
category,EB-1,principal_backlog_2040,Capped,129196.0,catchall_60_65,primary,2063
category,EB-1,principal_backlog_2040,Uncapped,125252.0,catchall_60_65,primary,2063
category,EB-1,principal_backlog_2040,Capped minus uncapped,3944.0,catchall_60_65,primary,2063
category,EB-2,age21_events_2025_2040,Capped,149705.0,catchall_60_65,primary,2063
category,EB-2,age21_events_2025_2040,Uncapped,108621.0,catchall_60_65,primary,2063
category,EB-2,age21_events_2025_2040,Capped minus uncapped,41084.0,catchall_60_65,primary,2063
category,EB-2,principal_exits_2025_2040,Capped,310086.0,catchall_60_65,primary,2063
category,EB-2,principal_exits_2025_2040,Uncapped,282753.0,catchall_60_65,primary,2063
category,EB-2,principal_exits_2025_2040,Capped minus uncapped,27333.0,catchall_60_65,primary,2063
category,EB-2,principal_backlog_2040,Capped,1040401.0,catchall_60_65,primary,2063
category,EB-2,principal_backlog_2040,Uncapped,1059333.0,catchall_60_65,primary,2063
category,EB-2,principal_backlog_2040,Capped minus uncapped,-18932.0,catchall_60_65,primary,2063
category,EB-3,age21_events_2025_2040,Capped,63535.0,catchall_60_65,primary,2063
category,EB-3,age21_events_2025_2040,Uncapped,40250.0,catchall_60_65,primary,2063
category,EB-3,age21_events_2025_2040,Capped minus uncapped,23285.0,catchall_60_65,primary,2063
category,EB-3,principal_exits_2025_2040,Capped,245344.0,catchall_60_65,primary,2063
category,EB-3,principal_exits_2025_2040,Uncapped,250436.0,catchall_60_65,primary,2063
category,EB-3,principal_exits_2025_2040,Capped minus uncapped,-5092.0,catchall_60_65,primary,2063
category,EB-3,principal_backlog_2040,Capped,552700.0,catchall_60_65,primary,2063
category,EB-3,principal_backlog_2040,Uncapped,558281.0,catchall_60_65,primary,2063
category,EB-3,principal_backlog_2040,Capped minus uncapped,-5581.0,catchall_60_65,primary,2063
category,EB-4,age21_events_2025_2040,Capped,50065.0,catchall_60_65,primary,2063
category,EB-4,age21_events_2025_2040,Uncapped,50014.0,catchall_60_65,primary,2063
category,EB-4,age21_events_2025_2040,Capped minus uncapped,51.0,catchall_60_65,primary,2063
category,EB-4,principal_exits_2025_2040,Capped,518763.0,catchall_60_65,primary,2063
category,EB-4,principal_exits_2025_2040,Uncapped,519407.0,catchall_60_65,primary,2063
category,EB-4,principal_exits_2025_2040,Capped minus uncapped,-644.0,catchall_60_65,primary,2063
category,EB-4,principal_backlog_2040,Capped,1024349.0,catchall_60_65,primary,2063
category,EB-4,principal_backlog_2040,Uncapped,1021484.0,catchall_60_65,primary,2063
category,EB-4,principal_backlog_2040,Capped minus uncapped,2865.0,catchall_60_65,primary,2063
category,EB-5,age21_events_2025_2040,Capped,1140.0,catchall_60_65,primary,2063
category,EB-5,age21_events_2025_2040,Uncapped,572.0,catchall_60_65,primary,2063
category,EB-5,age21_events_2025_2040,Capped minus uncapped,568.0,catchall_60_65,primary,2063
category,EB-5,principal_exits_2025_2040,Capped,3825.0,catchall_60_65,primary,2063
category,EB-5,principal_exits_2025_2040,Uncapped,3419.0,catchall_60_65,primary,2063
category,EB-5,principal_exits_2025_2040,Capped minus uncapped,406.0,catchall_60_65,primary,2063
category,EB-5,principal_backlog_2040,Capped,26807.0,catchall_60_65,primary,2063
category,EB-5,principal_backlog_2040,Uncapped,26671.0,catchall_60_65,primary,2063
category,EB-5,principal_backlog_2040,Capped minus uncapped,136.0,catchall_60_65,primary,2063
joint,EB-1 / India,age21_events_2025_2040,Capped minus uncapped,1392.0,catchall_60_65,primary,2063
joint,EB-1 / China,age21_events_2025_2040,Capped minus uncapped,922.0,catchall_60_65,primary,2063
joint,EB-1 / ROW,age21_events_2025_2040,Capped minus uncapped,-615.0,catchall_60_65,primary,2063
joint,EB-2 / India,age21_events_2025_2040,Capped minus uncapped,75363.0,catchall_60_65,primary,2063
joint,EB-2 / China,age21_events_2025_2040,Capped minus uncapped,409.0,catchall_60_65,primary,2063
joint,EB-2 / ROW,age21_events_2025_2040,Capped minus uncapped,-34688.0,catchall_60_65,primary,2063
joint,EB-3 / India,age21_events_2025_2040,Capped minus uncapped,43801.0,catchall_60_65,primary,2063
joint,EB-3 / China,age21_events_2025_2040,Capped minus uncapped,2120.0,catchall_60_65,primary,2063
joint,EB-3 / ROW,age21_events_2025_2040,Capped minus uncapped,-22636.0,catchall_60_65,primary,2063
joint,EB-4 / India,age21_events_2025_2040,Capped minus uncapped,-849.0,catchall_60_65,primary,2063
joint,EB-4 / China,age21_events_2025_2040,Capped minus uncapped,-123.0,catchall_60_65,primary,2063
joint,EB-4 / ROW,age21_events_2025_2040,Capped minus uncapped,1023.0,catchall_60_65,primary,2063
joint,EB-5 / India,age21_events_2025_2040,Capped minus uncapped,193.0,catchall_60_65,primary,2063
joint,EB-5 / China,age21_events_2025_2040,Capped minus uncapped,615.0,catchall_60_65,primary,2063
joint,EB-5 / ROW,age21_events_2025_2040,Capped minus uncapped,-240.0,catchall_60_65,primary,2063
overall,All,age21_events_2025_2040,Capped,213441.0,catchall_55_60,sensitivity,2014
overall,All,age21_events_2025_2040,Uncapped,163257.0,catchall_55_60,sensitivity,2014
overall,All,age21_events_2025_2040,Capped minus uncapped,50184.0,catchall_55_60,sensitivity,2014
overall,All,principal_exits_2025_2040,Capped,1300623.0,catchall_55_60,sensitivity,2014
overall,All,principal_exits_2025_2040,Uncapped,1240691.0,catchall_55_60,sensitivity,2014
overall,All,principal_exits_2025_2040,Capped minus uncapped,59932.0,catchall_55_60,sensitivity,2014
overall,All,principal_conversions_2025_2040,Capped,1269312.0,catchall_55_60,sensitivity,2014
overall,All,principal_conversions_2025_2040,Uncapped,1272090.0,catchall_55_60,sensitivity,2014
overall,All,principal_conversions_2025_2040,Capped minus uncapped,-2778.0,catchall_55_60,sensitivity,2014
overall,All,principal_backlog_2040,Capped,2515665.0,catchall_55_60,sensitivity,2014
overall,All,principal_backlog_2040,Uncapped,2572819.0,catchall_55_60,sensitivity,2014
overall,All,principal_backlog_2040,Capped minus uncapped,-57154.0,catchall_55_60,sensitivity,2014
nationality,India,age21_events_2025_2040,Capped,155073.0,catchall_55_60,sensitivity,2014
nationality,India,age21_events_2025_2040,Uncapped,59910.0,catchall_55_60,sensitivity,2014
nationality,India,age21_events_2025_2040,Capped minus uncapped,95163.0,catchall_55_60,sensitivity,2014
nationality,India,principal_exits_2025_2040,Capped,473198.0,catchall_55_60,sensitivity,2014
nationality,India,principal_exits_2025_2040,Uncapped,247127.0,catchall_55_60,sensitivity,2014
nationality,India,principal_exits_2025_2040,Capped minus uncapped,226071.0,catchall_55_60,sensitivity,2014
nationality,India,principal_backlog_2040,Capped,917335.0,catchall_55_60,sensitivity,2014
nationality,India,principal_backlog_2040,Uncapped,683420.0,catchall_55_60,sensitivity,2014
nationality,India,principal_backlog_2040,Capped minus uncapped,233915.0,catchall_55_60,sensitivity,2014
nationality,China,age21_events_2025_2040,Capped,16042.0,catchall_55_60,sensitivity,2014
nationality,China,age21_events_2025_2040,Uncapped,12673.0,catchall_55_60,sensitivity,2014
nationality,China,age21_events_2025_2040,Capped minus uncapped,3369.0,catchall_55_60,sensitivity,2014
nationality,China,principal_exits_2025_2040,Capped,128967.0,catchall_55_60,sensitivity,2014
nationality,China,principal_exits_2025_2040,Uncapped,114325.0,catchall_55_60,sensitivity,2014
nationality,China,principal_exits_2025_2040,Capped minus uncapped,14642.0,catchall_55_60,sensitivity,2014
nationality,China,principal_backlog_2040,Capped,311425.0,catchall_55_60,sensitivity,2014
nationality,China,principal_backlog_2040,Uncapped,259657.0,catchall_55_60,sensitivity,2014
nationality,China,principal_backlog_2040,Capped minus uncapped,51768.0,catchall_55_60,sensitivity,2014
nationality,ROW,age21_events_2025_2040,Capped,42326.0,catchall_55_60,sensitivity,2014
nationality,ROW,age21_events_2025_2040,Uncapped,90674.0,catchall_55_60,sensitivity,2014
nationality,ROW,age21_events_2025_2040,Capped minus uncapped,-48348.0,catchall_55_60,sensitivity,2014
nationality,ROW,principal_exits_2025_2040,Capped,698458.0,catchall_55_60,sensitivity,2014
nationality,ROW,principal_exits_2025_2040,Uncapped,879239.0,catchall_55_60,sensitivity,2014
nationality,ROW,principal_exits_2025_2040,Capped minus uncapped,-180781.0,catchall_55_60,sensitivity,2014
nationality,ROW,principal_backlog_2040,Capped,1286905.0,catchall_55_60,sensitivity,2014
nationality,ROW,principal_backlog_2040,Uncapped,1629742.0,catchall_55_60,sensitivity,2014
nationality,ROW,principal_backlog_2040,Capped minus uncapped,-342837.0,catchall_55_60,sensitivity,2014
category,EB-1,age21_events_2025_2040,Capped,2102.0,catchall_55_60,sensitivity,2014
category,EB-1,age21_events_2025_2040,Uncapped,544.0,catchall_55_60,sensitivity,2014
category,EB-1,age21_events_2025_2040,Capped minus uncapped,1558.0,catchall_55_60,sensitivity,2014
category,EB-1,principal_exits_2025_2040,Capped,23315.0,catchall_55_60,sensitivity,2014
category,EB-1,principal_exits_2025_2040,Uncapped,26396.0,catchall_55_60,sensitivity,2014
category,EB-1,principal_exits_2025_2040,Capped minus uncapped,-3081.0,catchall_55_60,sensitivity,2014
category,EB-1,principal_backlog_2040,Capped,120821.0,catchall_55_60,sensitivity,2014
category,EB-1,principal_backlog_2040,Uncapped,114165.0,catchall_55_60,sensitivity,2014
category,EB-1,principal_backlog_2040,Capped minus uncapped,6656.0,catchall_55_60,sensitivity,2014
category,EB-2,age21_events_2025_2040,Capped,121748.0,catchall_55_60,sensitivity,2014
category,EB-2,age21_events_2025_2040,Uncapped,90568.0,catchall_55_60,sensitivity,2014
category,EB-2,age21_events_2025_2040,Capped minus uncapped,31180.0,catchall_55_60,sensitivity,2014
category,EB-2,principal_exits_2025_2040,Capped,434785.0,catchall_55_60,sensitivity,2014
category,EB-2,principal_exits_2025_2040,Uncapped,378558.0,catchall_55_60,sensitivity,2014
category,EB-2,principal_exits_2025_2040,Capped minus uncapped,56227.0,catchall_55_60,sensitivity,2014
category,EB-2,principal_backlog_2040,Capped,903154.0,catchall_55_60,sensitivity,2014
category,EB-2,principal_backlog_2040,Uncapped,952063.0,catchall_55_60,sensitivity,2014
category,EB-2,principal_backlog_2040,Capped minus uncapped,-48909.0,catchall_55_60,sensitivity,2014
category,EB-3,age21_events_2025_2040,Capped,50820.0,catchall_55_60,sensitivity,2014
category,EB-3,age21_events_2025_2040,Uncapped,33266.0,catchall_55_60,sensitivity,2014
category,EB-3,age21_events_2025_2040,Capped minus uncapped,17554.0,catchall_55_60,sensitivity,2014
category,EB-3,principal_exits_2025_2040,Capped,295725.0,catchall_55_60,sensitivity,2014
category,EB-3,principal_exits_2025_2040,Uncapped,288107.0,catchall_55_60,sensitivity,2014
category,EB-3,principal_exits_2025_2040,Capped minus uncapped,7618.0,catchall_55_60,sensitivity,2014
category,EB-3,principal_backlog_2040,Capped,488259.0,catchall_55_60,sensitivity,2014
category,EB-3,principal_backlog_2040,Uncapped,507457.0,catchall_55_60,sensitivity,2014
category,EB-3,principal_backlog_2040,Capped minus uncapped,-19198.0,catchall_55_60,sensitivity,2014
category,EB-4,age21_events_2025_2040,Capped,38340.0,catchall_55_60,sensitivity,2014
category,EB-4,age21_events_2025_2040,Uncapped,38713.0,catchall_55_60,sensitivity,2014
category,EB-4,age21_events_2025_2040,Capped minus uncapped,-373.0,catchall_55_60,sensitivity,2014
category,EB-4,principal_exits_2025_2040,Capped,539535.0,catchall_55_60,sensitivity,2014
category,EB-4,principal_exits_2025_2040,Uncapped,540199.0,catchall_55_60,sensitivity,2014
category,EB-4,principal_exits_2025_2040,Capped minus uncapped,-664.0,catchall_55_60,sensitivity,2014
category,EB-4,principal_backlog_2040,Capped,983090.0,catchall_55_60,sensitivity,2014
category,EB-4,principal_backlog_2040,Uncapped,979534.0,catchall_55_60,sensitivity,2014
category,EB-4,principal_backlog_2040,Capped minus uncapped,3556.0,catchall_55_60,sensitivity,2014
category,EB-5,age21_events_2025_2040,Capped,431.0,catchall_55_60,sensitivity,2014
category,EB-5,age21_events_2025_2040,Uncapped,166.0,catchall_55_60,sensitivity,2014
category,EB-5,age21_events_2025_2040,Capped minus uncapped,265.0,catchall_55_60,sensitivity,2014
category,EB-5,principal_exits_2025_2040,Capped,7263.0,catchall_55_60,sensitivity,2014
category,EB-5,principal_exits_2025_2040,Uncapped,7431.0,catchall_55_60,sensitivity,2014
category,EB-5,principal_exits_2025_2040,Capped minus uncapped,-168.0,catchall_55_60,sensitivity,2014
category,EB-5,principal_backlog_2040,Capped,20341.0,catchall_55_60,sensitivity,2014
category,EB-5,principal_backlog_2040,Uncapped,19600.0,catchall_55_60,sensitivity,2014
category,EB-5,principal_backlog_2040,Capped minus uncapped,741.0,catchall_55_60,sensitivity,2014
joint,EB-1 / India,age21_events_2025_2040,Capped minus uncapped,1233.0,catchall_55_60,sensitivity,2014
joint,EB-1 / China,age21_events_2025_2040,Capped minus uncapped,742.0,catchall_55_60,sensitivity,2014
joint,EB-1 / ROW,age21_events_2025_2040,Capped minus uncapped,-417.0,catchall_55_60,sensitivity,2014
joint,EB-2 / India,age21_events_2025_2040,Capped minus uncapped,59706.0,catchall_55_60,sensitivity,2014
joint,EB-2 / China,age21_events_2025_2040,Capped minus uncapped,738.0,catchall_55_60,sensitivity,2014
joint,EB-2 / ROW,age21_events_2025_2040,Capped minus uncapped,-29264.0,catchall_55_60,sensitivity,2014
joint,EB-3 / India,age21_events_2025_2040,Capped minus uncapped,34824.0,catchall_55_60,sensitivity,2014
joint,EB-3 / China,age21_events_2025_2040,Capped minus uncapped,1821.0,catchall_55_60,sensitivity,2014
joint,EB-3 / ROW,age21_events_2025_2040,Capped minus uncapped,-19091.0,catchall_55_60,sensitivity,2014
joint,EB-4 / India,age21_events_2025_2040,Capped minus uncapped,-806.0,catchall_55_60,sensitivity,2014
joint,EB-4 / China,age21_events_2025_2040,Capped minus uncapped,-95.0,catchall_55_60,sensitivity,2014
joint,EB-4 / ROW,age21_events_2025_2040,Capped minus uncapped,528.0,catchall_55_60,sensitivity,2014
joint,EB-5 / India,age21_events_2025_2040,Capped minus uncapped,206.0,catchall_55_60,sensitivity,2014
joint,EB-5 / China,age21_events_2025_2040,Capped minus uncapped,163.0,catchall_55_60,sensitivity,2014
joint,EB-5 / ROW,age21_events_2025_2040,Capped minus uncapped,-104.0,catchall_55_60,sensitivity,2014
overall,All,age21_events_2025_2040,Capped,292179.0,catchall_65_70,sensitivity,2014
overall,All,age21_events_2025_2040,Uncapped,217247.0,catchall_65_70,sensitivity,2014
overall,All,age21_events_2025_2040,Capped minus uncapped,74932.0,catchall_65_70,sensitivity,2014
overall,All,principal_exits_2025_2040,Capped,969763.0,catchall_65_70,sensitivity,2014
overall,All,principal_exits_2025_2040,Uncapped,984733.0,catchall_65_70,sensitivity,2014
overall,All,principal_exits_2025_2040,Capped minus uncapped,-14970.0,catchall_65_70,sensitivity,2014
overall,All,principal_conversions_2025_2040,Capped,1258886.0,catchall_65_70,sensitivity,2014
overall,All,principal_conversions_2025_2040,Uncapped,1262995.0,catchall_65_70,sensitivity,2014
overall,All,principal_conversions_2025_2040,Capped minus uncapped,-4109.0,catchall_65_70,sensitivity,2014
overall,All,principal_backlog_2040,Capped,2911756.0,catchall_65_70,sensitivity,2014
overall,All,principal_backlog_2040,Uncapped,2892677.0,catchall_65_70,sensitivity,2014
overall,All,principal_backlog_2040,Capped minus uncapped,19079.0,catchall_65_70,sensitivity,2014
nationality,India,age21_events_2025_2040,Capped,210635.0,catchall_65_70,sensitivity,2014
nationality,India,age21_events_2025_2040,Uncapped,78805.0,catchall_65_70,sensitivity,2014
nationality,India,age21_events_2025_2040,Capped minus uncapped,131830.0,catchall_65_70,sensitivity,2014
nationality,India,principal_exits_2025_2040,Capped,246890.0,catchall_65_70,sensitivity,2014
nationality,India,principal_exits_2025_2040,Uncapped,163205.0,catchall_65_70,sensitivity,2014
nationality,India,principal_exits_2025_2040,Capped minus uncapped,83685.0,catchall_65_70,sensitivity,2014
nationality,India,principal_backlog_2040,Capped,1168949.0,catchall_65_70,sensitivity,2014
nationality,India,principal_backlog_2040,Uncapped,775176.0,catchall_65_70,sensitivity,2014
nationality,India,principal_backlog_2040,Capped minus uncapped,393773.0,catchall_65_70,sensitivity,2014
nationality,China,age21_events_2025_2040,Capped,20723.0,catchall_65_70,sensitivity,2014
nationality,China,age21_events_2025_2040,Uncapped,15806.0,catchall_65_70,sensitivity,2014
nationality,China,age21_events_2025_2040,Capped minus uncapped,4917.0,catchall_65_70,sensitivity,2014
nationality,China,principal_exits_2025_2040,Capped,91554.0,catchall_65_70,sensitivity,2014
nationality,China,principal_exits_2025_2040,Uncapped,84597.0,catchall_65_70,sensitivity,2014
nationality,China,principal_exits_2025_2040,Capped minus uncapped,6957.0,catchall_65_70,sensitivity,2014
nationality,China,principal_backlog_2040,Capped,356575.0,catchall_65_70,sensitivity,2014
nationality,China,principal_backlog_2040,Uncapped,297876.0,catchall_65_70,sensitivity,2014
nationality,China,principal_backlog_2040,Capped minus uncapped,58699.0,catchall_65_70,sensitivity,2014
nationality,ROW,age21_events_2025_2040,Capped,60821.0,catchall_65_70,sensitivity,2014
nationality,ROW,age21_events_2025_2040,Uncapped,122636.0,catchall_65_70,sensitivity,2014
nationality,ROW,age21_events_2025_2040,Capped minus uncapped,-61815.0,catchall_65_70,sensitivity,2014
nationality,ROW,principal_exits_2025_2040,Capped,631319.0,catchall_65_70,sensitivity,2014
nationality,ROW,principal_exits_2025_2040,Uncapped,736931.0,catchall_65_70,sensitivity,2014
nationality,ROW,principal_exits_2025_2040,Capped minus uncapped,-105612.0,catchall_65_70,sensitivity,2014
nationality,ROW,principal_backlog_2040,Capped,1386232.0,catchall_65_70,sensitivity,2014
nationality,ROW,principal_backlog_2040,Uncapped,1819625.0,catchall_65_70,sensitivity,2014
nationality,ROW,principal_backlog_2040,Capped minus uncapped,-433393.0,catchall_65_70,sensitivity,2014
category,EB-1,age21_events_2025_2040,Capped,2613.0,catchall_65_70,sensitivity,2014
category,EB-1,age21_events_2025_2040,Uncapped,735.0,catchall_65_70,sensitivity,2014
category,EB-1,age21_events_2025_2040,Capped minus uncapped,1878.0,catchall_65_70,sensitivity,2014
category,EB-1,principal_exits_2025_2040,Capped,13646.0,catchall_65_70,sensitivity,2014
category,EB-1,principal_exits_2025_2040,Uncapped,15186.0,catchall_65_70,sensitivity,2014
category,EB-1,principal_exits_2025_2040,Capped minus uncapped,-1540.0,catchall_65_70,sensitivity,2014
category,EB-1,principal_backlog_2040,Capped,131381.0,catchall_65_70,sensitivity,2014
category,EB-1,principal_backlog_2040,Uncapped,126374.0,catchall_65_70,sensitivity,2014
category,EB-1,principal_backlog_2040,Capped minus uncapped,5007.0,catchall_65_70,sensitivity,2014
category,EB-2,age21_events_2025_2040,Capped,163133.0,catchall_65_70,sensitivity,2014
category,EB-2,age21_events_2025_2040,Uncapped,116188.0,catchall_65_70,sensitivity,2014
category,EB-2,age21_events_2025_2040,Capped minus uncapped,46945.0,catchall_65_70,sensitivity,2014
category,EB-2,principal_exits_2025_2040,Capped,236706.0,catchall_65_70,sensitivity,2014
category,EB-2,principal_exits_2025_2040,Uncapped,237085.0,catchall_65_70,sensitivity,2014
category,EB-2,principal_exits_2025_2040,Capped minus uncapped,-379.0,catchall_65_70,sensitivity,2014
category,EB-2,principal_backlog_2040,Capped,1116915.0,catchall_65_70,sensitivity,2014
category,EB-2,principal_backlog_2040,Uncapped,1107968.0,catchall_65_70,sensitivity,2014
category,EB-2,principal_backlog_2040,Capped minus uncapped,8947.0,catchall_65_70,sensitivity,2014
category,EB-3,age21_events_2025_2040,Capped,68507.0,catchall_65_70,sensitivity,2014
category,EB-3,age21_events_2025_2040,Uncapped,43083.0,catchall_65_70,sensitivity,2014
category,EB-3,age21_events_2025_2040,Capped minus uncapped,25424.0,catchall_65_70,sensitivity,2014
category,EB-3,principal_exits_2025_2040,Capped,216218.0,catchall_65_70,sensitivity,2014
category,EB-3,principal_exits_2025_2040,Uncapped,229259.0,catchall_65_70,sensitivity,2014
category,EB-3,principal_exits_2025_2040,Capped minus uncapped,-13041.0,catchall_65_70,sensitivity,2014
category,EB-3,principal_backlog_2040,Capped,584510.0,catchall_65_70,sensitivity,2014
category,EB-3,principal_backlog_2040,Uncapped,581868.0,catchall_65_70,sensitivity,2014
category,EB-3,principal_backlog_2040,Capped minus uncapped,2642.0,catchall_65_70,sensitivity,2014
category,EB-4,age21_events_2025_2040,Capped,56405.0,catchall_65_70,sensitivity,2014
category,EB-4,age21_events_2025_2040,Uncapped,56537.0,catchall_65_70,sensitivity,2014
category,EB-4,age21_events_2025_2040,Capped minus uncapped,-132.0,catchall_65_70,sensitivity,2014
category,EB-4,principal_exits_2025_2040,Capped,500955.0,catchall_65_70,sensitivity,2014
category,EB-4,principal_exits_2025_2040,Uncapped,500796.0,catchall_65_70,sensitivity,2014
category,EB-4,principal_exits_2025_2040,Capped minus uncapped,159.0,catchall_65_70,sensitivity,2014
category,EB-4,principal_backlog_2040,Capped,1050336.0,catchall_65_70,sensitivity,2014
category,EB-4,principal_backlog_2040,Uncapped,1048444.0,catchall_65_70,sensitivity,2014
category,EB-4,principal_backlog_2040,Capped minus uncapped,1892.0,catchall_65_70,sensitivity,2014
category,EB-5,age21_events_2025_2040,Capped,1521.0,catchall_65_70,sensitivity,2014
category,EB-5,age21_events_2025_2040,Uncapped,704.0,catchall_65_70,sensitivity,2014
category,EB-5,age21_events_2025_2040,Capped minus uncapped,817.0,catchall_65_70,sensitivity,2014
category,EB-5,principal_exits_2025_2040,Capped,2238.0,catchall_65_70,sensitivity,2014
category,EB-5,principal_exits_2025_2040,Uncapped,2407.0,catchall_65_70,sensitivity,2014
category,EB-5,principal_exits_2025_2040,Capped minus uncapped,-169.0,catchall_65_70,sensitivity,2014
category,EB-5,principal_backlog_2040,Capped,28614.0,catchall_65_70,sensitivity,2014
category,EB-5,principal_backlog_2040,Uncapped,28023.0,catchall_65_70,sensitivity,2014
category,EB-5,principal_backlog_2040,Capped minus uncapped,591.0,catchall_65_70,sensitivity,2014
joint,EB-1 / India,age21_events_2025_2040,Capped minus uncapped,1490.0,catchall_65_70,sensitivity,2014
joint,EB-1 / China,age21_events_2025_2040,Capped minus uncapped,958.0,catchall_65_70,sensitivity,2014
joint,EB-1 / ROW,age21_events_2025_2040,Capped minus uncapped,-570.0,catchall_65_70,sensitivity,2014
joint,EB-2 / India,age21_events_2025_2040,Capped minus uncapped,83698.0,catchall_65_70,sensitivity,2014
joint,EB-2 / China,age21_events_2025_2040,Capped minus uncapped,482.0,catchall_65_70,sensitivity,2014
joint,EB-2 / ROW,age21_events_2025_2040,Capped minus uncapped,-37235.0,catchall_65_70,sensitivity,2014
joint,EB-3 / India,age21_events_2025_2040,Capped minus uncapped,47252.0,catchall_65_70,sensitivity,2014
joint,EB-3 / China,age21_events_2025_2040,Capped minus uncapped,2682.0,catchall_65_70,sensitivity,2014
joint,EB-3 / ROW,age21_events_2025_2040,Capped minus uncapped,-24510.0,catchall_65_70,sensitivity,2014
joint,EB-4 / India,age21_events_2025_2040,Capped minus uncapped,-799.0,catchall_65_70,sensitivity,2014
joint,EB-4 / China,age21_events_2025_2040,Capped minus uncapped,-119.0,catchall_65_70,sensitivity,2014
joint,EB-4 / ROW,age21_events_2025_2040,Capped minus uncapped,786.0,catchall_65_70,sensitivity,2014
joint,EB-5 / India,age21_events_2025_2040,Capped minus uncapped,189.0,catchall_65_70,sensitivity,2014
joint,EB-5 / China,age21_events_2025_2040,Capped minus uncapped,914.0,catchall_65_70,sensitivity,2014
joint,EB-5 / ROW,age21_events_2025_2040,Capped minus uncapped,-286.0,catchall_65_70,sensitivity,2014
overall,All,age21_events_2025_2040,Capped,258599.0,historical_replay,replay,2014
overall,All,age21_events_2025_2040,Uncapped,196803.0,historical_replay,replay,2014
overall,All,age21_events_2025_2040,Capped minus uncapped,61796.0,historical_replay,replay,2014
overall,All,principal_exits_2025_2040,Capped,1087149.0,historical_replay,replay,2014
overall,All,principal_exits_2025_2040,Uncapped,1074777.0,historical_replay,replay,2014
overall,All,principal_exits_2025_2040,Capped minus uncapped,12372.0,historical_replay,replay,2014
overall,All,principal_conversions_2025_2040,Capped,1263595.0,historical_replay,replay,2014
overall,All,principal_conversions_2025_2040,Uncapped,1265115.0,historical_replay,replay,2014
overall,All,principal_conversions_2025_2040,Capped minus uncapped,-1520.0,historical_replay,replay,2014
overall,All,principal_backlog_2040,Capped,2776957.0,historical_replay,replay,2014
overall,All,principal_backlog_2040,Uncapped,2787809.0,historical_replay,replay,2014
overall,All,principal_backlog_2040,Capped minus uncapped,-10852.0,historical_replay,replay,2014
nationality,India,age21_events_2025_2040,Capped,184869.0,historical_replay,replay,2014
nationality,India,age21_events_2025_2040,Uncapped,67278.0,historical_replay,replay,2014
nationality,India,age21_events_2025_2040,Capped minus uncapped,117591.0,historical_replay,replay,2014
nationality,India,principal_exits_2025_2040,Capped,319167.0,historical_replay,replay,2014
nationality,India,principal_exits_2025_2040,Uncapped,181518.0,historical_replay,replay,2014
nationality,India,principal_exits_2025_2040,Capped minus uncapped,137649.0,historical_replay,replay,2014
nationality,India,principal_backlog_2040,Capped,1067420.0,historical_replay,replay,2014
nationality,India,principal_backlog_2040,Uncapped,746278.0,historical_replay,replay,2014
nationality,India,principal_backlog_2040,Capped minus uncapped,321142.0,historical_replay,replay,2014
nationality,China,age21_events_2025_2040,Capped,17990.0,historical_replay,replay,2014
nationality,China,age21_events_2025_2040,Uncapped,14024.0,historical_replay,replay,2014
nationality,China,age21_events_2025_2040,Capped minus uncapped,3966.0,historical_replay,replay,2014
nationality,China,principal_exits_2025_2040,Capped,101881.0,historical_replay,replay,2014
nationality,China,principal_exits_2025_2040,Uncapped,94005.0,historical_replay,replay,2014
nationality,China,principal_exits_2025_2040,Capped minus uncapped,7876.0,historical_replay,replay,2014
nationality,China,principal_backlog_2040,Capped,338028.0,historical_replay,replay,2014
nationality,China,principal_backlog_2040,Uncapped,287299.0,historical_replay,replay,2014
nationality,China,principal_backlog_2040,Capped minus uncapped,50729.0,historical_replay,replay,2014
nationality,ROW,age21_events_2025_2040,Capped,55740.0,historical_replay,replay,2014
nationality,ROW,age21_events_2025_2040,Uncapped,115501.0,historical_replay,replay,2014
nationality,ROW,age21_events_2025_2040,Capped minus uncapped,-59761.0,historical_replay,replay,2014
nationality,ROW,principal_exits_2025_2040,Capped,666101.0,historical_replay,replay,2014
nationality,ROW,principal_exits_2025_2040,Uncapped,799254.0,historical_replay,replay,2014
nationality,ROW,principal_exits_2025_2040,Capped minus uncapped,-133153.0,historical_replay,replay,2014
nationality,ROW,principal_backlog_2040,Capped,1371509.0,historical_replay,replay,2014
nationality,ROW,principal_backlog_2040,Uncapped,1754232.0,historical_replay,replay,2014
nationality,ROW,principal_backlog_2040,Capped minus uncapped,-382723.0,historical_replay,replay,2014
category,EB-1,age21_events_2025_2040,Capped,2590.0,historical_replay,replay,2014
category,EB-1,age21_events_2025_2040,Uncapped,743.0,historical_replay,replay,2014
category,EB-1,age21_events_2025_2040,Capped minus uncapped,1847.0,historical_replay,replay,2014
category,EB-1,principal_exits_2025_2040,Capped,15920.0,historical_replay,replay,2014
category,EB-1,principal_exits_2025_2040,Uncapped,16668.0,historical_replay,replay,2014
category,EB-1,principal_exits_2025_2040,Capped minus uncapped,-748.0,historical_replay,replay,2014
category,EB-1,principal_backlog_2040,Capped,129775.0,historical_replay,replay,2014
category,EB-1,principal_backlog_2040,Uncapped,125594.0,historical_replay,replay,2014
category,EB-1,principal_backlog_2040,Capped minus uncapped,4181.0,historical_replay,replay,2014
category,EB-2,age21_events_2025_2040,Capped,142494.0,historical_replay,replay,2014
category,EB-2,age21_events_2025_2040,Uncapped,104851.0,historical_replay,replay,2014
category,EB-2,age21_events_2025_2040,Capped minus uncapped,37643.0,historical_replay,replay,2014
category,EB-2,principal_exits_2025_2040,Capped,301907.0,historical_replay,replay,2014
category,EB-2,principal_exits_2025_2040,Uncapped,281725.0,historical_replay,replay,2014
category,EB-2,principal_exits_2025_2040,Capped minus uncapped,20182.0,historical_replay,replay,2014
category,EB-2,principal_backlog_2040,Capped,1039246.0,historical_replay,replay,2014
category,EB-2,principal_backlog_2040,Uncapped,1052373.0,historical_replay,replay,2014
category,EB-2,principal_backlog_2040,Capped minus uncapped,-13127.0,historical_replay,replay,2014
category,EB-3,age21_events_2025_2040,Capped,62517.0,historical_replay,replay,2014
category,EB-3,age21_events_2025_2040,Uncapped,41027.0,historical_replay,replay,2014
category,EB-3,age21_events_2025_2040,Capped minus uncapped,21490.0,historical_replay,replay,2014
category,EB-3,principal_exits_2025_2040,Capped,245352.0,historical_replay,replay,2014
category,EB-3,principal_exits_2025_2040,Uncapped,252845.0,historical_replay,replay,2014
category,EB-3,principal_exits_2025_2040,Capped minus uncapped,-7493.0,historical_replay,replay,2014
category,EB-3,principal_backlog_2040,Capped,557431.0,historical_replay,replay,2014
category,EB-3,principal_backlog_2040,Uncapped,561432.0,historical_replay,replay,2014
category,EB-3,principal_backlog_2040,Capped minus uncapped,-4001.0,historical_replay,replay,2014
category,EB-4,age21_events_2025_2040,Capped,49401.0,historical_replay,replay,2014
category,EB-4,age21_events_2025_2040,Uncapped,49504.0,historical_replay,replay,2014
category,EB-4,age21_events_2025_2040,Capped minus uncapped,-103.0,historical_replay,replay,2014
category,EB-4,principal_exits_2025_2040,Capped,519699.0,historical_replay,replay,2014
category,EB-4,principal_exits_2025_2040,Uncapped,519813.0,historical_replay,replay,2014
category,EB-4,principal_exits_2025_2040,Capped minus uncapped,-114.0,historical_replay,replay,2014
category,EB-4,principal_backlog_2040,Capped,1022443.0,historical_replay,replay,2014
category,EB-4,principal_backlog_2040,Uncapped,1020228.0,historical_replay,replay,2014
category,EB-4,principal_backlog_2040,Capped minus uncapped,2215.0,historical_replay,replay,2014
category,EB-5,age21_events_2025_2040,Capped,1597.0,historical_replay,replay,2014
category,EB-5,age21_events_2025_2040,Uncapped,678.0,historical_replay,replay,2014
category,EB-5,age21_events_2025_2040,Capped minus uncapped,919.0,historical_replay,replay,2014
category,EB-5,principal_exits_2025_2040,Capped,4271.0,historical_replay,replay,2014
category,EB-5,principal_exits_2025_2040,Uncapped,3726.0,historical_replay,replay,2014
category,EB-5,principal_exits_2025_2040,Capped minus uncapped,545.0,historical_replay,replay,2014
category,EB-5,principal_backlog_2040,Capped,28062.0,historical_replay,replay,2014
category,EB-5,principal_backlog_2040,Uncapped,28182.0,historical_replay,replay,2014
category,EB-5,principal_backlog_2040,Capped minus uncapped,-120.0,historical_replay,replay,2014
joint,EB-1 / India,age21_events_2025_2040,Capped minus uncapped,1475.0,historical_replay,replay,2014
joint,EB-1 / China,age21_events_2025_2040,Capped minus uncapped,940.0,historical_replay,replay,2014
joint,EB-1 / ROW,age21_events_2025_2040,Capped minus uncapped,-568.0,historical_replay,replay,2014
joint,EB-2 / India,age21_events_2025_2040,Capped minus uncapped,73989.0,historical_replay,replay,2014
joint,EB-2 / China,age21_events_2025_2040,Capped minus uncapped,466.0,historical_replay,replay,2014
joint,EB-2 / ROW,age21_events_2025_2040,Capped minus uncapped,-36812.0,historical_replay,replay,2014
joint,EB-3 / India,age21_events_2025_2040,Capped minus uncapped,42738.0,historical_replay,replay,2014
joint,EB-3 / China,age21_events_2025_2040,Capped minus uncapped,1584.0,historical_replay,replay,2014
joint,EB-3 / ROW,age21_events_2025_2040,Capped minus uncapped,-22832.0,historical_replay,replay,2014
joint,EB-4 / India,age21_events_2025_2040,Capped minus uncapped,-816.0,historical_replay,replay,2014
joint,EB-4 / China,age21_events_2025_2040,Capped minus uncapped,-122.0,historical_replay,replay,2014
joint,EB-4 / ROW,age21_events_2025_2040,Capped minus uncapped,835.0,historical_replay,replay,2014
joint,EB-5 / India,age21_events_2025_2040,Capped minus uncapped,205.0,historical_replay,replay,2014
joint,EB-5 / China,age21_events_2025_2040,Capped minus uncapped,1098.0,historical_replay,replay,2014
joint,EB-5 / ROW,age21_events_2025_2040,Capped minus uncapped,-384.0,historical_replay,replay,2014
