scenario,entry_year,nationality,eb_category,observation_end_year,quantity,n,mean,sd_across_runs,mcse_mean,mean_ci95_low,mean_ci95_high,positive_runs,zero_runs,negative_runs
Uncapped,2009,India,EB-1,2061,total_created,2,1219.0,22.627416997969522,16.0,,,2,0,0
Uncapped,2009,India,EB-2,2061,total_created,2,7628.0,165.46298679765212,116.99999999999999,,,2,0,0
Uncapped,2009,India,EB-3,2061,total_created,2,39062.0,48.08326112068523,33.99999999999999,,,2,0,0
Uncapped,2009,India,EB-4,2061,total_created,2,165.0,4.242640687119285,2.9999999999999996,,,2,0,0
Uncapped,2009,India,EB-5,2061,total_created,2,17.0,2.8284271247461903,2.0,,,2,0,0
Uncapped,2009,China,EB-1,2061,total_created,2,639.0,22.627416997969522,16.0,,,2,0,0
Uncapped,2009,China,EB-2,2061,total_created,2,2580.0,45.254833995939045,32.0,,,2,0,0
Uncapped,2009,China,EB-3,2061,total_created,2,10156.5,156.27059864222701,110.5,,,2,0,0
Uncapped,2009,China,EB-4,2061,total_created,2,9.0,2.8284271247461903,2.0,,,2,0,0
Uncapped,2009,China,EB-5,2061,total_created,2,325.0,1.4142135623730951,1.0,,,2,0,0
Uncapped,2009,ROW,EB-1,2061,total_created,2,7914.5,150.61374439273462,106.49999999999999,,,2,0,0
Uncapped,2009,ROW,EB-2,2061,total_created,2,8036.0,45.254833995939045,32.0,,,2,0,0
Uncapped,2009,ROW,EB-3,2061,total_created,2,43309.0,178.19090885900997,125.99999999999999,,,2,0,0
Uncapped,2009,ROW,EB-4,2061,total_created,2,2691.5,19.091883092036785,13.5,,,2,0,0
Uncapped,2009,ROW,EB-5,2061,total_created,2,581.5,27.577164466275352,19.499999999999996,,,2,0,0
Uncapped,2010,India,EB-1,2061,total_created,2,1453.5,33.23401871576773,23.499999999999996,,,2,0,0
Uncapped,2010,India,EB-2,2061,total_created,2,7238.5,168.99852070358486,119.49999999999999,,,2,0,0
Uncapped,2010,India,EB-3,2061,total_created,2,3044.0,11.313708498984761,8.0,,,2,0,0
Uncapped,2010,India,EB-4,2061,total_created,2,179.5,26.16295090390226,18.5,,,2,0,0
Uncapped,2010,India,EB-5,2061,total_created,2,27.0,1.4142135623730951,1.0,,,2,0,0
Uncapped,2010,China,EB-1,2061,total_created,2,786.0,21.213203435596427,15.0,,,2,0,0
Uncapped,2010,China,EB-2,2061,total_created,2,761.0,11.313708498984761,8.0,,,2,0,0
Uncapped,2010,China,EB-3,2061,total_created,2,218.0,31.11269837220809,21.999999999999996,,,2,0,0
Uncapped,2010,China,EB-4,2061,total_created,2,6.0,8.48528137423857,5.999999999999999,,,1,1,0
Uncapped,2010,China,EB-5,2061,total_created,2,297.0,5.656854249492381,4.0,,,2,0,0
Uncapped,2010,ROW,EB-1,2061,total_created,2,7647.0,196.5756851698602,139.0,,,2,0,0
Uncapped,2010,ROW,EB-2,2061,total_created,2,9258.0,36.76955262170047,25.999999999999996,,,2,0,0
Uncapped,2010,ROW,EB-3,2061,total_created,2,5790.0,97.58073580374356,69.0,,,2,0,0
Uncapped,2010,ROW,EB-4,2061,total_created,2,3470.5,68.58935777509511,48.5,,,2,0,0
Uncapped,2010,ROW,EB-5,2061,total_created,2,613.0,45.254833995939045,32.0,,,2,0,0
Uncapped,2011,India,EB-1,2061,total_created,2,1655.5,37.476659402887016,26.499999999999996,,,2,0,0
Uncapped,2011,India,EB-2,2061,total_created,2,10548.5,96.87362902255701,68.5,,,2,0,0
Uncapped,2011,India,EB-3,2061,total_created,2,3180.0,121.62236636408618,86.0,,,2,0,0
Uncapped,2011,India,EB-4,2061,total_created,2,205.5,10.606601717798213,7.5,,,2,0,0
Uncapped,2011,India,EB-5,2061,total_created,2,11.0,2.8284271247461903,2.0,,,2,0,0
Uncapped,2011,China,EB-1,2061,total_created,2,743.0,7.0710678118654755,5.0,,,2,0,0
Uncapped,2011,China,EB-2,2061,total_created,2,774.0,15.556349186104045,10.999999999999998,,,2,0,0
Uncapped,2011,China,EB-3,2061,total_created,2,160.5,14.849242404917497,10.499999999999998,,,2,0,0
Uncapped,2011,China,EB-4,2061,total_created,2,9.0,2.8284271247461903,2.0,,,2,0,0
Uncapped,2011,China,EB-5,2061,total_created,2,593.0,16.97056274847714,11.999999999999998,,,2,0,0
Uncapped,2011,ROW,EB-1,2061,total_created,2,5452.0,12.727922061357855,9.0,,,2,0,0
Uncapped,2011,ROW,EB-2,2061,total_created,2,9815.5,54.44722215136416,38.5,,,2,0,0
Uncapped,2011,ROW,EB-3,2061,total_created,2,4379.5,13.435028842544403,9.5,,,2,0,0
Uncapped,2011,ROW,EB-4,2061,total_created,2,4056.5,7.7781745930520225,5.499999999999999,,,2,0,0
Uncapped,2011,ROW,EB-5,2061,total_created,2,398.5,31.81980515339464,22.5,,,2,0,0
Uncapped,2012,India,EB-1,2061,total_created,2,1865.5,71.4177848998413,50.49999999999999,,,2,0,0
Uncapped,2012,India,EB-2,2061,total_created,2,10532.0,50.91168824543142,36.0,,,2,0,0
Uncapped,2012,India,EB-3,2061,total_created,2,1901.0,43.840620433565945,30.999999999999996,,,2,0,0
Uncapped,2012,India,EB-4,2061,total_created,2,355.5,57.27564927611035,40.5,,,2,0,0
Uncapped,2012,India,EB-5,2061,total_created,2,25.5,3.5355339059327378,2.5,,,2,0,0
Uncapped,2012,China,EB-1,2061,total_created,2,815.0,62.22539674441618,43.99999999999999,,,2,0,0
Uncapped,2012,China,EB-2,2061,total_created,2,777.5,23.33452377915607,16.5,,,2,0,0
Uncapped,2012,China,EB-3,2061,total_created,2,128.0,16.97056274847714,11.999999999999998,,,2,0,0
Uncapped,2012,China,EB-4,2061,total_created,2,10.5,4.949747468305833,3.4999999999999996,,,2,0,0
Uncapped,2012,China,EB-5,2061,total_created,2,1532.0,2.8284271247461903,2.0,,,2,0,0
Uncapped,2012,ROW,EB-1,2061,total_created,2,5731.5,31.81980515339464,22.5,,,2,0,0
Uncapped,2012,ROW,EB-2,2061,total_created,2,8946.5,40.30508652763321,28.499999999999996,,,2,0,0
Uncapped,2012,ROW,EB-3,2061,total_created,2,2463.0,57.982756057296896,41.0,,,2,0,0
Uncapped,2012,ROW,EB-4,2061,total_created,2,5886.0,114.5512985522207,81.0,,,2,0,0
Uncapped,2012,ROW,EB-5,2061,total_created,2,608.5,81.31727983645297,57.5,,,2,0,0
Uncapped,2013,India,EB-1,2061,total_created,2,2522.5,17.67766952966369,12.5,,,2,0,0
Uncapped,2013,India,EB-2,2061,total_created,2,10081.0,9.899494936611665,6.999999999999999,,,2,0,0
Uncapped,2013,India,EB-3,2061,total_created,2,1589.0,25.45584412271571,18.0,,,2,0,0
Uncapped,2013,India,EB-4,2061,total_created,2,734.5,43.1335136523794,30.499999999999996,,,2,0,0
Uncapped,2013,India,EB-5,2061,total_created,2,29.5,3.5355339059327378,2.5,,,2,0,0
Uncapped,2013,China,EB-1,2061,total_created,2,947.5,20.506096654409877,14.499999999999998,,,2,0,0
Uncapped,2013,China,EB-2,2061,total_created,2,686.0,4.242640687119285,2.9999999999999996,,,2,0,0
Uncapped,2013,China,EB-3,2061,total_created,2,110.0,5.656854249492381,4.0,,,2,0,0
Uncapped,2013,China,EB-4,2061,total_created,2,43.5,16.263455967290593,11.5,,,2,0,0
Uncapped,2013,China,EB-5,2061,total_created,2,1586.0,16.97056274847714,11.999999999999998,,,2,0,0
Uncapped,2013,ROW,EB-1,2061,total_created,2,6232.5,139.30003589374985,98.49999999999999,,,2,0,0
Uncapped,2013,ROW,EB-2,2061,total_created,2,7675.5,28.991378028648448,20.5,,,2,0,0
Uncapped,2013,ROW,EB-3,2061,total_created,2,2237.5,91.21677477306463,64.5,,,2,0,0
Uncapped,2013,ROW,EB-4,2061,total_created,2,11073.0,5.656854249492381,4.0,,,2,0,0
Uncapped,2013,ROW,EB-5,2061,total_created,2,601.0,9.899494936611665,6.999999999999999,,,2,0,0
Uncapped,2014,India,EB-1,2061,total_created,2,3398.5,28.991378028648448,20.5,,,2,0,0
Uncapped,2014,India,EB-2,2061,total_created,2,11859.5,71.4177848998413,50.49999999999999,,,2,0,0
Uncapped,2014,India,EB-3,2061,total_created,2,1823.5,50.204581464244875,35.5,,,2,0,0
Uncapped,2014,India,EB-4,2061,total_created,2,546.5,33.23401871576773,23.499999999999996,,,2,0,0
Uncapped,2014,India,EB-5,2061,total_created,2,90.0,9.899494936611665,6.999999999999999,,,2,0,0
Uncapped,2014,China,EB-1,2061,total_created,2,1128.5,7.7781745930520225,5.499999999999999,,,2,0,0
Uncapped,2014,China,EB-2,2061,total_created,2,828.5,27.577164466275352,19.499999999999996,,,2,0,0
Uncapped,2014,China,EB-3,2061,total_created,2,1266.0,104.65180361560904,74.0,,,2,0,0
Uncapped,2014,China,EB-4,2061,total_created,2,31.0,0.0,0.0,,,2,0,0
Uncapped,2014,China,EB-5,2061,total_created,2,2144.0,103.23759005323593,72.99999999999999,,,2,0,0
Uncapped,2014,ROW,EB-1,2061,total_created,2,6222.0,50.91168824543142,36.0,,,2,0,0
Uncapped,2014,ROW,EB-2,2061,total_created,2,9162.0,14.142135623730951,10.0,,,2,0,0
Uncapped,2014,ROW,EB-3,2061,total_created,2,2768.5,58.68986283848344,41.49999999999999,,,2,0,0
Uncapped,2014,ROW,EB-4,2061,total_created,2,9209.5,180.31222920256963,127.5,,,2,0,0
Uncapped,2014,ROW,EB-5,2061,total_created,2,801.0,69.29646455628166,49.0,,,2,0,0
Uncapped,2015,India,EB-1,2061,total_created,2,3209.0,36.76955262170047,25.999999999999996,,,2,0,0
Uncapped,2015,India,EB-2,2061,total_created,2,14826.0,18.384776310850235,12.999999999999998,,,2,0,0
Uncapped,2015,India,EB-3,2061,total_created,2,2859.0,70.71067811865476,50.0,,,2,0,0
Uncapped,2015,India,EB-4,2061,total_created,2,1026.5,78.48885271170677,55.49999999999999,,,2,0,0
Uncapped,2015,India,EB-5,2061,total_created,2,245.5,10.606601717798213,7.5,,,2,0,0
Uncapped,2015,China,EB-1,2061,total_created,2,1312.5,20.506096654409877,14.499999999999998,,,2,0,0
Uncapped,2015,China,EB-2,2061,total_created,2,1092.0,114.5512985522207,81.0,,,2,0,0
Uncapped,2015,China,EB-3,2061,total_created,2,443.5,9.192388155425117,6.499999999999999,,,2,0,0
Uncapped,2015,China,EB-4,2061,total_created,2,56.5,6.363961030678928,4.5,,,2,0,0
Uncapped,2015,China,EB-5,2061,total_created,2,3488.0,4.242640687119285,2.9999999999999996,,,2,0,0
Uncapped,2015,ROW,EB-1,2061,total_created,2,7308.0,186.67619023324855,132.0,,,2,0,0
Uncapped,2015,ROW,EB-2,2061,total_created,2,9974.5,118.08683245815344,83.5,,,2,0,0
Uncapped,2015,ROW,EB-3,2061,total_created,2,4417.5,36.062445840513924,25.499999999999996,,,2,0,0
Uncapped,2015,ROW,EB-4,2061,total_created,2,12959.0,156.97770542341354,110.99999999999999,,,2,0,0
Uncapped,2015,ROW,EB-5,2061,total_created,2,1506.5,16.263455967290593,11.5,,,2,0,0
Uncapped,2016,India,EB-1,2061,total_created,2,4086.5,33.23401871576773,23.499999999999996,,,2,0,0
Uncapped,2016,India,EB-2,2061,total_created,2,22224.0,16.97056274847714,11.999999999999998,,,2,0,0
Uncapped,2016,India,EB-3,2061,total_created,2,4674.5,60.10407640085654,42.5,,,2,0,0
Uncapped,2016,India,EB-4,2061,total_created,2,746.5,70.0035713374682,49.49999999999999,,,2,0,0
Uncapped,2016,India,EB-5,2061,total_created,2,298.0,5.656854249492381,4.0,,,2,0,0
Uncapped,2016,China,EB-1,2061,total_created,2,1391.0,100.40916292848975,71.0,,,2,0,0
Uncapped,2016,China,EB-2,2061,total_created,2,1573.5,50.204581464244875,35.5,,,2,0,0
Uncapped,2016,China,EB-3,2061,total_created,2,1102.0,22.627416997969522,16.0,,,2,0,0
Uncapped,2016,China,EB-4,2061,total_created,2,59.0,14.142135623730951,10.0,,,2,0,0
Uncapped,2016,China,EB-5,2061,total_created,2,2913.5,6.363961030678928,4.5,,,2,0,0
Uncapped,2016,ROW,EB-1,2061,total_created,2,8267.0,165.46298679765212,116.99999999999999,,,2,0,0
Uncapped,2016,ROW,EB-2,2061,total_created,2,12347.0,91.92388155425118,65.0,,,2,0,0
Uncapped,2016,ROW,EB-3,2061,total_created,2,8413.5,211.4249275747777,149.5,,,2,0,0
Uncapped,2016,ROW,EB-4,2061,total_created,2,12053.5,200.11121907579295,141.5,,,2,0,0
Uncapped,2016,ROW,EB-5,2061,total_created,2,1398.5,43.1335136523794,30.499999999999996,,,2,0,0
Uncapped,2017,India,EB-1,2061,total_created,2,4464.5,37.476659402887016,26.499999999999996,,,2,0,0
Uncapped,2017,India,EB-2,2061,total_created,2,19417.0,149.90663761154806,105.99999999999999,,,2,0,0
Uncapped,2017,India,EB-3,2061,total_created,2,4035.5,139.30003589374985,98.49999999999999,,,2,0,0
Uncapped,2017,India,EB-4,2061,total_created,2,456.5,51.61879502661797,36.49999999999999,,,2,0,0
Uncapped,2017,India,EB-5,2061,total_created,2,593.0,49.49747468305833,35.0,,,2,0,0
Uncapped,2017,China,EB-1,2061,total_created,2,1551.0,24.041630560342615,16.999999999999996,,,2,0,0
Uncapped,2017,China,EB-2,2061,total_created,2,1298.0,48.08326112068523,33.99999999999999,,,2,0,0
Uncapped,2017,China,EB-3,2061,total_created,2,1480.5,54.44722215136416,38.5,,,2,0,0
Uncapped,2017,China,EB-4,2061,total_created,2,37.5,16.263455967290593,11.5,,,2,0,0
Uncapped,2017,China,EB-5,2061,total_created,2,4226.5,163.3416664540925,115.5,,,2,0,0
Uncapped,2017,ROW,EB-1,2061,total_created,2,8747.5,6.363961030678928,4.5,,,2,0,0
Uncapped,2017,ROW,EB-2,2061,total_created,2,10251.5,21.920310216782973,15.499999999999998,,,2,0,0
Uncapped,2017,ROW,EB-3,2061,total_created,2,8771.5,98.2878425849301,69.5,,,2,0,0
Uncapped,2017,ROW,EB-4,2061,total_created,2,8087.5,40.30508652763321,28.499999999999996,,,2,0,0
Uncapped,2017,ROW,EB-5,2061,total_created,2,2112.0,43.840620433565945,30.999999999999996,,,2,0,0
Uncapped,2018,India,EB-1,2061,total_created,2,3995.0,35.35533905932738,25.0,,,2,0,0
Uncapped,2018,India,EB-2,2061,total_created,2,18348.0,155.56349186104046,110.0,,,2,0,0
Uncapped,2018,India,EB-3,2061,total_created,2,3737.0,42.42640687119285,30.0,,,2,0,0
Uncapped,2018,India,EB-4,2061,total_created,2,383.0,7.0710678118654755,5.0,,,2,0,0
Uncapped,2018,India,EB-5,2061,total_created,2,829.5,65.76093065034893,46.5,,,2,0,0
Uncapped,2018,China,EB-1,2061,total_created,2,1319.0,33.94112549695428,23.999999999999996,,,2,0,0
Uncapped,2018,China,EB-2,2061,total_created,2,1596.0,29.698484809834994,20.999999999999996,,,2,0,0
Uncapped,2018,China,EB-3,2061,total_created,2,1374.5,50.204581464244875,35.5,,,2,0,0
Uncapped,2018,China,EB-4,2061,total_created,2,38.0,5.656854249492381,4.0,,,2,0,0
Uncapped,2018,China,EB-5,2061,total_created,2,4894.0,46.66904755831214,33.0,,,2,0,0
Uncapped,2018,ROW,EB-1,2061,total_created,2,7281.0,38.18376618407357,27.0,,,2,0,0
Uncapped,2018,ROW,EB-2,2061,total_created,2,10528.0,57.982756057296896,41.0,,,2,0,0
Uncapped,2018,ROW,EB-3,2061,total_created,2,10252.0,104.65180361560904,74.0,,,2,0,0
Uncapped,2018,ROW,EB-4,2061,total_created,2,6292.0,69.29646455628166,49.0,,,2,0,0
Uncapped,2018,ROW,EB-5,2061,total_created,2,2629.0,24.041630560342615,16.999999999999996,,,2,0,0
Uncapped,2019,India,EB-1,2061,total_created,2,3692.0,60.81118318204309,43.0,,,2,0,0
Uncapped,2019,India,EB-2,2061,total_created,2,20302.0,38.18376618407357,27.0,,,2,0,0
Uncapped,2019,India,EB-3,2061,total_created,2,5166.0,121.62236636408618,86.0,,,2,0,0
Uncapped,2019,India,EB-4,2061,total_created,2,510.0,7.0710678118654755,5.0,,,2,0,0
Uncapped,2019,India,EB-5,2061,total_created,2,297.0,28.284271247461902,20.0,,,2,0,0
Uncapped,2019,China,EB-1,2061,total_created,2,1108.0,45.254833995939045,32.0,,,2,0,0
Uncapped,2019,China,EB-2,2061,total_created,2,2161.0,120.20815280171308,85.0,,,2,0,0
Uncapped,2019,China,EB-3,2061,total_created,2,1198.0,11.313708498984761,8.0,,,2,0,0
Uncapped,2019,China,EB-4,2061,total_created,2,47.0,0.0,0.0,,,2,0,0
Uncapped,2019,China,EB-5,2061,total_created,2,1274.5,13.435028842544403,9.5,,,2,0,0
Uncapped,2019,ROW,EB-1,2061,total_created,2,5731.0,21.213203435596427,15.0,,,2,0,0
Uncapped,2019,ROW,EB-2,2061,total_created,2,10881.0,7.0710678118654755,5.0,,,2,0,0
Uncapped,2019,ROW,EB-3,2061,total_created,2,12294.0,2.8284271247461903,2.0,,,2,0,0
Uncapped,2019,ROW,EB-4,2061,total_created,2,8636.0,19.79898987322333,13.999999999999998,,,2,0,0
Uncapped,2019,ROW,EB-5,2061,total_created,2,781.0,9.899494936611665,6.999999999999999,,,2,0,0
Uncapped,2020,India,EB-1,2061,total_created,2,3240.0,77.78174593052023,55.0,,,2,0,0
Uncapped,2020,India,EB-2,2061,total_created,2,16531.0,98.99494936611666,70.0,,,2,0,0
Uncapped,2020,India,EB-3,2061,total_created,2,4084.5,70.0035713374682,49.49999999999999,,,2,0,0
Uncapped,2020,India,EB-4,2061,total_created,2,567.5,28.991378028648448,20.5,,,2,0,0
Uncapped,2020,India,EB-5,2061,total_created,2,205.5,6.363961030678928,4.5,,,2,0,0
Uncapped,2020,China,EB-1,2061,total_created,2,921.0,24.041630560342615,16.999999999999996,,,2,0,0
Uncapped,2020,China,EB-2,2061,total_created,2,2206.5,26.16295090390226,18.5,,,2,0,0
Uncapped,2020,China,EB-3,2061,total_created,2,1480.0,50.91168824543142,36.0,,,2,0,0
Uncapped,2020,China,EB-4,2061,total_created,2,31.5,12.020815280171307,8.499999999999998,,,2,0,0
Uncapped,2020,China,EB-5,2061,total_created,2,875.5,21.920310216782973,15.499999999999998,,,2,0,0
Uncapped,2020,ROW,EB-1,2061,total_created,2,5371.0,79.19595949289332,55.99999999999999,,,2,0,0
Uncapped,2020,ROW,EB-2,2061,total_created,2,9799.0,83.43860018001261,59.0,,,2,0,0
Uncapped,2020,ROW,EB-3,2061,total_created,2,11220.5,218.4959953866432,154.5,,,2,0,0
Uncapped,2020,ROW,EB-4,2061,total_created,2,8386.0,97.58073580374356,69.0,,,2,0,0
Uncapped,2020,ROW,EB-5,2061,total_created,2,540.0,69.29646455628166,49.0,,,2,0,0
Uncapped,2021,India,EB-1,2061,total_created,2,3797.5,38.890872965260115,27.5,,,2,0,0
Uncapped,2021,India,EB-2,2061,total_created,2,17791.0,130.10764773832474,92.0,,,2,0,0
Uncapped,2021,India,EB-3,2061,total_created,2,22275.5,286.37824638055173,202.49999999999997,,,2,0,0
Uncapped,2021,India,EB-4,2061,total_created,2,413.0,46.66904755831214,33.0,,,2,0,0
Uncapped,2021,India,EB-5,2061,total_created,2,221.0,1.4142135623730951,1.0,,,2,0,0
Uncapped,2021,China,EB-1,2061,total_created,2,1013.5,2.1213203435596424,1.4999999999999998,,,2,0,0
Uncapped,2021,China,EB-2,2061,total_created,2,2030.0,57.982756057296896,41.0,,,2,0,0
Uncapped,2021,China,EB-3,2061,total_created,2,3285.5,31.81980515339464,22.5,,,2,0,0
Uncapped,2021,China,EB-4,2061,total_created,2,10.5,2.1213203435596424,1.4999999999999998,,,2,0,0
Uncapped,2021,China,EB-5,2061,total_created,2,805.5,3.5355339059327378,2.5,,,2,0,0
Uncapped,2021,ROW,EB-1,2061,total_created,2,5125.5,36.062445840513924,25.499999999999996,,,2,0,0
Uncapped,2021,ROW,EB-2,2061,total_created,2,10407.5,86.97413408594535,61.5,,,2,0,0
Uncapped,2021,ROW,EB-3,2061,total_created,2,11593.5,102.5304832720494,72.5,,,2,0,0
Uncapped,2021,ROW,EB-4,2061,total_created,2,9945.0,14.142135623730951,10.0,,,2,0,0
Uncapped,2021,ROW,EB-5,2061,total_created,2,558.0,29.698484809834994,20.999999999999996,,,2,0,0
Uncapped,2022,India,EB-1,2061,total_created,2,4353.0,0.0,0.0,,,2,0,0
Uncapped,2022,India,EB-2,2061,total_created,2,21232.0,200.8183258569795,142.0,,,2,0,0
Uncapped,2022,India,EB-3,2061,total_created,2,7722.5,28.991378028648448,20.5,,,2,0,0
Uncapped,2022,India,EB-4,2061,total_created,2,1092.5,20.506096654409877,14.499999999999998,,,2,0,0
Uncapped,2022,India,EB-5,2061,total_created,2,55.5,4.949747468305833,3.4999999999999996,,,2,0,0
Uncapped,2022,China,EB-1,2061,total_created,2,1334.5,17.67766952966369,12.5,,,2,0,0
Uncapped,2022,China,EB-2,2061,total_created,2,2126.0,73.53910524340094,51.99999999999999,,,2,0,0
Uncapped,2022,China,EB-3,2061,total_created,2,1277.5,31.81980515339464,22.5,,,2,0,0
Uncapped,2022,China,EB-4,2061,total_created,2,37.0,8.48528137423857,5.999999999999999,,,2,0,0
Uncapped,2022,China,EB-5,2061,total_created,2,171.5,19.091883092036785,13.5,,,2,0,0
Uncapped,2022,ROW,EB-1,2061,total_created,2,6190.5,105.35891039679558,74.5,,,2,0,0
Uncapped,2022,ROW,EB-2,2061,total_created,2,12799.0,86.2670273047588,60.99999999999999,,,2,0,0
Uncapped,2022,ROW,EB-3,2061,total_created,2,14687.5,17.67766952966369,12.5,,,2,0,0
Uncapped,2022,ROW,EB-4,2061,total_created,2,15972.0,142.8355697996826,100.99999999999999,,,2,0,0
Uncapped,2022,ROW,EB-5,2061,total_created,2,146.5,0.7071067811865476,0.5,,,2,0,0
Uncapped,2023,India,EB-1,2061,total_created,2,5880.0,41.012193308819754,28.999999999999996,,,2,0,0
Uncapped,2023,India,EB-2,2061,total_created,2,18438.5,58.68986283848344,41.49999999999999,,,2,0,0
Uncapped,2023,India,EB-3,2061,total_created,2,5968.5,64.34671708797582,45.49999999999999,,,2,0,0
Uncapped,2023,India,EB-4,2061,total_created,2,1100.0,73.53910524340094,51.99999999999999,,,2,0,0
Uncapped,2023,India,EB-5,2061,total_created,2,271.5,2.1213203435596424,1.4999999999999998,,,2,0,0
Uncapped,2023,China,EB-1,2061,total_created,2,2117.0,96.16652224137046,67.99999999999999,,,2,0,0
Uncapped,2023,China,EB-2,2061,total_created,2,2682.0,22.627416997969522,16.0,,,2,0,0
Uncapped,2023,China,EB-3,2061,total_created,2,1071.5,9.192388155425117,6.499999999999999,,,2,0,0
Uncapped,2023,China,EB-4,2061,total_created,2,18.0,5.656854249492381,4.0,,,2,0,0
Uncapped,2023,China,EB-5,2061,total_created,2,657.5,70.0035713374682,49.49999999999999,,,2,0,0
Uncapped,2023,ROW,EB-1,2061,total_created,2,8309.5,86.97413408594535,61.5,,,2,0,0
Uncapped,2023,ROW,EB-2,2061,total_created,2,16260.5,24.748737341529164,17.5,,,2,0,0
Uncapped,2023,ROW,EB-3,2061,total_created,2,18694.0,5.656854249492381,4.0,,,2,0,0
Uncapped,2023,ROW,EB-4,2061,total_created,2,10699.5,48.79036790187178,34.5,,,2,0,0
Uncapped,2023,ROW,EB-5,2061,total_created,2,469.5,16.263455967290593,11.5,,,2,0,0
Uncapped,2024,India,EB-1,2061,total_created,2,4694.0,65.05382386916237,46.0,,,2,0,0
Uncapped,2024,India,EB-2,2061,total_created,2,18177.0,15.556349186104045,10.999999999999998,,,2,0,0
Uncapped,2024,India,EB-3,2061,total_created,2,4687.5,3.5355339059327378,2.5,,,2,0,0
Uncapped,2024,India,EB-4,2061,total_created,2,944.0,18.384776310850235,12.999999999999998,,,2,0,0
Uncapped,2024,India,EB-5,2061,total_created,2,725.0,4.242640687119285,2.9999999999999996,,,2,0,0
Uncapped,2024,China,EB-1,2061,total_created,2,1856.5,74.24621202458749,52.5,,,2,0,0
Uncapped,2024,China,EB-2,2061,total_created,2,2472.5,88.38834764831844,62.5,,,2,0,0
Uncapped,2024,China,EB-3,2061,total_created,2,2311.5,2.1213203435596424,1.4999999999999998,,,2,0,0
Uncapped,2024,China,EB-4,2061,total_created,2,48.0,15.556349186104045,10.999999999999998,,,2,0,0
Uncapped,2024,China,EB-5,2061,total_created,2,1562.0,26.870057685088806,19.0,,,2,0,0
Uncapped,2024,ROW,EB-1,2061,total_created,2,8158.0,48.08326112068523,33.99999999999999,,,2,0,0
Uncapped,2024,ROW,EB-2,2061,total_created,2,12979.5,84.14570696119915,59.49999999999999,,,2,0,0
Uncapped,2024,ROW,EB-3,2061,total_created,2,17203.5,60.10407640085654,42.5,,,2,0,0
Uncapped,2024,ROW,EB-4,2061,total_created,2,11100.5,75.66042558696059,53.49999999999999,,,2,0,0
Uncapped,2024,ROW,EB-5,2061,total_created,2,1262.5,47.37615433949868,33.5,,,2,0,0
Uncapped,2025,India,EB-1,2061,total_created,2,4681.0,154.14927829866735,108.99999999999999,,,2,0,0
Uncapped,2025,India,EB-2,2061,total_created,2,18296.0,84.8528137423857,60.0,,,2,0,0
Uncapped,2025,India,EB-3,2061,total_created,2,4596.0,62.22539674441618,43.99999999999999,,,2,0,0
Uncapped,2025,India,EB-4,2061,total_created,2,933.0,36.76955262170047,25.999999999999996,,,2,0,0
Uncapped,2025,India,EB-5,2061,total_created,2,664.0,7.0710678118654755,5.0,,,2,0,0
Uncapped,2025,China,EB-1,2061,total_created,2,1953.5,41.71930009000631,29.5,,,2,0,0
Uncapped,2025,China,EB-2,2061,total_created,2,2582.0,38.18376618407357,27.0,,,2,0,0
Uncapped,2025,China,EB-3,2061,total_created,2,2284.5,19.091883092036785,13.5,,,2,0,0
Uncapped,2025,China,EB-4,2061,total_created,2,46.0,9.899494936611665,6.999999999999999,,,2,0,0
Uncapped,2025,China,EB-5,2061,total_created,2,1607.5,17.67766952966369,12.5,,,2,0,0
Uncapped,2025,ROW,EB-1,2061,total_created,2,8019.5,101.1162697096763,71.5,,,2,0,0
Uncapped,2025,ROW,EB-2,2061,total_created,2,12859.0,5.656854249492381,4.0,,,2,0,0
Uncapped,2025,ROW,EB-3,2061,total_created,2,17321.0,45.254833995939045,32.0,,,2,0,0
Uncapped,2025,ROW,EB-4,2061,total_created,2,11047.0,32.526911934581186,23.0,,,2,0,0
Uncapped,2025,ROW,EB-5,2061,total_created,2,1242.0,45.254833995939045,32.0,,,2,0,0
Uncapped,2026,India,EB-1,2061,total_created,2,4713.0,93.33809511662427,66.0,,,2,0,0
Uncapped,2026,India,EB-2,2061,total_created,2,18401.0,53.74011537017761,38.0,,,2,0,0
Uncapped,2026,India,EB-3,2061,total_created,2,4655.5,112.42997820866105,79.5,,,2,0,0
Uncapped,2026,India,EB-4,2061,total_created,2,936.0,87.68124086713189,61.99999999999999,,,2,0,0
Uncapped,2026,India,EB-5,2061,total_created,2,705.0,45.254833995939045,32.0,,,2,0,0
Uncapped,2026,China,EB-1,2061,total_created,2,1803.5,12.020815280171307,8.499999999999998,,,2,0,0
Uncapped,2026,China,EB-2,2061,total_created,2,2613.5,116.67261889578035,82.5,,,2,0,0
Uncapped,2026,China,EB-3,2061,total_created,2,2329.5,79.90306627407988,56.5,,,2,0,0
Uncapped,2026,China,EB-4,2061,total_created,2,52.0,7.0710678118654755,5.0,,,2,0,0
Uncapped,2026,China,EB-5,2061,total_created,2,1534.5,10.606601717798213,7.5,,,2,0,0
Uncapped,2026,ROW,EB-1,2061,total_created,2,8208.5,3.5355339059327378,2.5,,,2,0,0
Uncapped,2026,ROW,EB-2,2061,total_created,2,13000.5,60.10407640085654,42.5,,,2,0,0
Uncapped,2026,ROW,EB-3,2061,total_created,2,17158.0,5.656854249492381,4.0,,,2,0,0
Uncapped,2026,ROW,EB-4,2061,total_created,2,11033.5,96.87362902255701,68.5,,,2,0,0
Uncapped,2026,ROW,EB-5,2061,total_created,2,1312.0,5.656854249492381,4.0,,,2,0,0
Uncapped,2027,India,EB-1,2061,total_created,2,4688.0,66.46803743153546,46.99999999999999,,,2,0,0
Uncapped,2027,India,EB-2,2061,total_created,2,18523.0,25.45584412271571,18.0,,,2,0,0
Uncapped,2027,India,EB-3,2061,total_created,2,4746.5,60.10407640085654,42.5,,,2,0,0
Uncapped,2027,India,EB-4,2061,total_created,2,960.0,8.48528137423857,5.999999999999999,,,2,0,0
Uncapped,2027,India,EB-5,2061,total_created,2,708.5,17.67766952966369,12.5,,,2,0,0
Uncapped,2027,China,EB-1,2061,total_created,2,1903.5,38.890872965260115,27.5,,,2,0,0
Uncapped,2027,China,EB-2,2061,total_created,2,2585.0,141.4213562373095,100.0,,,2,0,0
Uncapped,2027,China,EB-3,2061,total_created,2,2343.0,69.29646455628166,49.0,,,2,0,0
Uncapped,2027,China,EB-4,2061,total_created,2,63.5,3.5355339059327378,2.5,,,2,0,0
Uncapped,2027,China,EB-5,2061,total_created,2,1550.0,67.88225099390856,47.99999999999999,,,2,0,0
Uncapped,2027,ROW,EB-1,2061,total_created,2,8155.0,66.46803743153546,46.99999999999999,,,2,0,0
Uncapped,2027,ROW,EB-2,2061,total_created,2,12906.5,60.10407640085654,42.5,,,2,0,0
Uncapped,2027,ROW,EB-3,2061,total_created,2,17078.0,229.1025971044414,162.0,,,2,0,0
Uncapped,2027,ROW,EB-4,2061,total_created,2,10975.0,84.8528137423857,60.0,,,2,0,0
Uncapped,2027,ROW,EB-5,2061,total_created,2,1285.5,40.30508652763321,28.499999999999996,,,2,0,0
Uncapped,2028,India,EB-1,2061,total_created,2,4700.5,37.476659402887016,26.499999999999996,,,2,0,0
Uncapped,2028,India,EB-2,2061,total_created,2,18116.0,97.58073580374356,69.0,,,2,0,0
Uncapped,2028,India,EB-3,2061,total_created,2,4644.0,5.656854249492381,4.0,,,2,0,0
Uncapped,2028,India,EB-4,2061,total_created,2,949.5,13.435028842544403,9.5,,,2,0,0
Uncapped,2028,India,EB-5,2061,total_created,2,682.5,67.17514421272202,47.5,,,2,0,0
Uncapped,2028,China,EB-1,2061,total_created,2,1895.0,35.35533905932738,25.0,,,2,0,0
Uncapped,2028,China,EB-2,2061,total_created,2,2446.5,55.86143571373726,39.5,,,2,0,0
Uncapped,2028,China,EB-3,2061,total_created,2,2409.5,20.506096654409877,14.499999999999998,,,2,0,0
Uncapped,2028,China,EB-4,2061,total_created,2,65.5,23.33452377915607,16.5,,,2,0,0
Uncapped,2028,China,EB-5,2061,total_created,2,1565.5,28.991378028648448,20.5,,,2,0,0
Uncapped,2028,ROW,EB-1,2061,total_created,2,8107.5,111.01576464628796,78.5,,,2,0,0
Uncapped,2028,ROW,EB-2,2061,total_created,2,12691.0,106.06601717798213,75.0,,,2,0,0
Uncapped,2028,ROW,EB-3,2061,total_created,2,17053.0,66.46803743153546,46.99999999999999,,,2,0,0
Uncapped,2028,ROW,EB-4,2061,total_created,2,11150.0,73.53910524340094,51.99999999999999,,,2,0,0
Uncapped,2028,ROW,EB-5,2061,total_created,2,1289.5,21.920310216782973,15.499999999999998,,,2,0,0
Uncapped,2029,India,EB-1,2061,total_created,2,4568.5,0.7071067811865476,0.5,,,2,0,0
Uncapped,2029,India,EB-2,2061,total_created,2,18360.5,137.88582233137677,97.5,,,2,0,0
Uncapped,2029,India,EB-3,2061,total_created,2,4668.5,6.363961030678928,4.5,,,2,0,0
Uncapped,2029,India,EB-4,2061,total_created,2,925.0,66.46803743153546,46.99999999999999,,,2,0,0
Uncapped,2029,India,EB-5,2061,total_created,2,692.5,61.518289963229634,43.5,,,2,0,0
Uncapped,2029,China,EB-1,2061,total_created,2,1910.5,88.38834764831844,62.5,,,2,0,0
Uncapped,2029,China,EB-2,2061,total_created,2,2490.5,7.7781745930520225,5.499999999999999,,,2,0,0
Uncapped,2029,China,EB-3,2061,total_created,2,2330.0,114.5512985522207,81.0,,,2,0,0
Uncapped,2029,China,EB-4,2061,total_created,2,62.0,9.899494936611665,6.999999999999999,,,2,0,0
Uncapped,2029,China,EB-5,2061,total_created,2,1529.5,3.5355339059327378,2.5,,,2,0,0
Uncapped,2029,ROW,EB-1,2061,total_created,2,8207.5,101.1162697096763,71.5,,,2,0,0
Uncapped,2029,ROW,EB-2,2061,total_created,2,12892.0,36.76955262170047,25.999999999999996,,,2,0,0
Uncapped,2029,ROW,EB-3,2061,total_created,2,17354.5,108.18733752154178,76.5,,,2,0,0
Uncapped,2029,ROW,EB-4,2061,total_created,2,11005.5,72.8319984622144,51.5,,,2,0,0
Uncapped,2029,ROW,EB-5,2061,total_created,2,1308.5,53.033008588991066,37.5,,,2,0,0
Uncapped,2030,India,EB-1,2061,total_created,2,4722.5,6.363961030678928,4.5,,,2,0,0
Uncapped,2030,India,EB-2,2061,total_created,2,18326.0,97.58073580374356,69.0,,,2,0,0
Uncapped,2030,India,EB-3,2061,total_created,2,4730.5,14.849242404917497,10.499999999999998,,,2,0,0
Uncapped,2030,India,EB-4,2061,total_created,2,918.5,26.16295090390226,18.5,,,2,0,0
Uncapped,2030,India,EB-5,2061,total_created,2,686.5,20.506096654409877,14.499999999999998,,,2,0,0
Uncapped,2030,China,EB-1,2061,total_created,2,1895.5,72.8319984622144,51.5,,,2,0,0
Uncapped,2030,China,EB-2,2061,total_created,2,2550.5,95.45941546018392,67.5,,,2,0,0
Uncapped,2030,China,EB-3,2061,total_created,2,2321.5,102.5304832720494,72.5,,,2,0,0
Uncapped,2030,China,EB-4,2061,total_created,2,64.5,13.435028842544403,9.5,,,2,0,0
Uncapped,2030,China,EB-5,2061,total_created,2,1533.5,36.062445840513924,25.499999999999996,,,2,0,0
Uncapped,2030,ROW,EB-1,2061,total_created,2,8046.0,33.94112549695428,23.999999999999996,,,2,0,0
Uncapped,2030,ROW,EB-2,2061,total_created,2,12911.5,242.5376259469858,171.5,,,2,0,0
Uncapped,2030,ROW,EB-3,2061,total_created,2,17254.5,239.7091988222396,169.5,,,2,0,0
Uncapped,2030,ROW,EB-4,2061,total_created,2,11064.5,82.73149339882606,58.49999999999999,,,2,0,0
Uncapped,2030,ROW,EB-5,2061,total_created,2,1267.0,36.76955262170047,25.999999999999996,,,2,0,0
Uncapped,2031,India,EB-1,2061,total_created,2,4659.5,47.37615433949868,33.5,,,2,0,0
Uncapped,2031,India,EB-2,2061,total_created,2,18336.5,31.81980515339464,22.5,,,2,0,0
Uncapped,2031,India,EB-3,2061,total_created,2,4658.0,25.45584412271571,18.0,,,2,0,0
Uncapped,2031,India,EB-4,2061,total_created,2,954.0,101.82337649086284,72.0,,,2,0,0
Uncapped,2031,India,EB-5,2061,total_created,2,708.5,3.5355339059327378,2.5,,,2,0,0
Uncapped,2031,China,EB-1,2061,total_created,2,1886.0,39.59797974644666,27.999999999999996,,,2,0,0
Uncapped,2031,China,EB-2,2061,total_created,2,2593.0,87.68124086713189,61.99999999999999,,,2,0,0
Uncapped,2031,China,EB-3,2061,total_created,2,2316.5,2.1213203435596424,1.4999999999999998,,,2,0,0
Uncapped,2031,China,EB-4,2061,total_created,2,46.0,1.4142135623730951,1.0,,,2,0,0
Uncapped,2031,China,EB-5,2061,total_created,2,1594.5,38.890872965260115,27.5,,,2,0,0
Uncapped,2031,ROW,EB-1,2061,total_created,2,8239.0,33.94112549695428,23.999999999999996,,,2,0,0
Uncapped,2031,ROW,EB-2,2061,total_created,2,12867.5,218.4959953866432,154.5,,,2,0,0
Uncapped,2031,ROW,EB-3,2061,total_created,2,17274.0,41.012193308819754,28.999999999999996,,,2,0,0
Uncapped,2031,ROW,EB-4,2061,total_created,2,11085.5,215.667568261897,152.5,,,2,0,0
Uncapped,2031,ROW,EB-5,2061,total_created,2,1286.5,31.81980515339464,22.5,,,2,0,0
Uncapped,2032,India,EB-1,2061,total_created,2,4609.5,81.31727983645297,57.5,,,2,0,0
Uncapped,2032,India,EB-2,2061,total_created,2,18202.5,50.204581464244875,35.5,,,2,0,0
Uncapped,2032,India,EB-3,2061,total_created,2,4656.0,18.384776310850235,12.999999999999998,,,2,0,0
Uncapped,2032,India,EB-4,2061,total_created,2,881.5,34.64823227814083,24.5,,,2,0,0
Uncapped,2032,India,EB-5,2061,total_created,2,716.5,2.1213203435596424,1.4999999999999998,,,2,0,0
Uncapped,2032,China,EB-1,2061,total_created,2,1866.0,16.97056274847714,11.999999999999998,,,2,0,0
Uncapped,2032,China,EB-2,2061,total_created,2,2564.0,33.94112549695428,23.999999999999996,,,2,0,0
Uncapped,2032,China,EB-3,2061,total_created,2,2265.5,65.76093065034893,46.5,,,2,0,0
Uncapped,2032,China,EB-4,2061,total_created,2,50.5,0.7071067811865476,0.5,,,2,0,0
Uncapped,2032,China,EB-5,2061,total_created,2,1539.5,16.263455967290593,11.5,,,2,0,0
Uncapped,2032,ROW,EB-1,2061,total_created,2,8151.5,82.73149339882606,58.49999999999999,,,2,0,0
Uncapped,2032,ROW,EB-2,2061,total_created,2,13037.0,237.58787847867995,167.99999999999997,,,2,0,0
Uncapped,2032,ROW,EB-3,2061,total_created,2,17160.0,12.727922061357855,9.0,,,2,0,0
Uncapped,2032,ROW,EB-4,2061,total_created,2,11067.0,142.8355697996826,100.99999999999999,,,2,0,0
Uncapped,2032,ROW,EB-5,2061,total_created,2,1343.5,27.577164466275352,19.499999999999996,,,2,0,0
Uncapped,2033,India,EB-1,2061,total_created,2,4705.5,72.8319984622144,51.5,,,2,0,0
Uncapped,2033,India,EB-2,2061,total_created,2,18195.5,31.81980515339464,22.5,,,2,0,0
Uncapped,2033,India,EB-3,2061,total_created,2,4734.5,67.17514421272202,47.5,,,2,0,0
Uncapped,2033,India,EB-4,2061,total_created,2,889.0,57.982756057296896,41.0,,,2,0,0
Uncapped,2033,India,EB-5,2061,total_created,2,695.5,4.949747468305833,3.4999999999999996,,,2,0,0
Uncapped,2033,China,EB-1,2061,total_created,2,1900.5,47.37615433949868,33.5,,,2,0,0
Uncapped,2033,China,EB-2,2061,total_created,2,2646.5,44.54772721475249,31.499999999999996,,,2,0,0
Uncapped,2033,China,EB-3,2061,total_created,2,2277.5,27.577164466275352,19.499999999999996,,,2,0,0
Uncapped,2033,China,EB-4,2061,total_created,2,42.5,10.606601717798213,7.5,,,2,0,0
Uncapped,2033,China,EB-5,2061,total_created,2,1541.5,14.849242404917497,10.499999999999998,,,2,0,0
Uncapped,2033,ROW,EB-1,2061,total_created,2,8077.5,201.52543263816605,142.5,,,2,0,0
Uncapped,2033,ROW,EB-2,2061,total_created,2,13042.0,125.86500705120545,88.99999999999999,,,2,0,0
Uncapped,2033,ROW,EB-3,2061,total_created,2,17232.0,172.5340546095176,121.99999999999999,,,2,0,0
Uncapped,2033,ROW,EB-4,2061,total_created,2,10958.5,89.80256121069154,63.49999999999999,,,2,0,0
Uncapped,2033,ROW,EB-5,2061,total_created,2,1327.0,59.39696961966999,41.99999999999999,,,2,0,0
Uncapped,2034,India,EB-1,2061,total_created,2,4763.5,4.949747468305833,3.4999999999999996,,,2,0,0
Uncapped,2034,India,EB-2,2061,total_created,2,18265.5,249.60869375885127,176.5,,,2,0,0
Uncapped,2034,India,EB-3,2061,total_created,2,4601.0,36.76955262170047,25.999999999999996,,,2,0,0
Uncapped,2034,India,EB-4,2061,total_created,2,957.0,18.384776310850235,12.999999999999998,,,2,0,0
Uncapped,2034,India,EB-5,2061,total_created,2,703.5,26.16295090390226,18.5,,,2,0,0
Uncapped,2034,China,EB-1,2061,total_created,2,1891.5,2.1213203435596424,1.4999999999999998,,,2,0,0
Uncapped,2034,China,EB-2,2061,total_created,2,2540.5,57.27564927611035,40.5,,,2,0,0
Uncapped,2034,China,EB-3,2061,total_created,2,2378.5,133.64318164425748,94.5,,,2,0,0
Uncapped,2034,China,EB-4,2061,total_created,2,55.5,0.7071067811865476,0.5,,,2,0,0
Uncapped,2034,China,EB-5,2061,total_created,2,1563.5,9.192388155425117,6.499999999999999,,,2,0,0
Uncapped,2034,ROW,EB-1,2061,total_created,2,8067.5,16.263455967290593,11.5,,,2,0,0
Uncapped,2034,ROW,EB-2,2061,total_created,2,13066.0,80.61017305526642,56.99999999999999,,,2,0,0
Uncapped,2034,ROW,EB-3,2061,total_created,2,17189.5,21.920310216782973,15.499999999999998,,,2,0,0
Uncapped,2034,ROW,EB-4,2061,total_created,2,11064.0,0.0,0.0,,,2,0,0
Uncapped,2034,ROW,EB-5,2061,total_created,2,1276.0,62.22539674441618,43.99999999999999,,,2,0,0
Uncapped,2035,India,EB-1,2061,total_created,2,4665.5,118.08683245815344,83.5,,,2,0,0
Uncapped,2035,India,EB-2,2061,total_created,2,18346.0,234.75945135393377,165.99999999999997,,,2,0,0
Uncapped,2035,India,EB-3,2061,total_created,2,4624.0,103.23759005323593,72.99999999999999,,,2,0,0
Uncapped,2035,India,EB-4,2061,total_created,2,907.0,9.899494936611665,6.999999999999999,,,2,0,0
Uncapped,2035,India,EB-5,2061,total_created,2,679.0,28.284271247461902,20.0,,,2,0,0
Uncapped,2035,China,EB-1,2061,total_created,2,1907.5,2.1213203435596424,1.4999999999999998,,,2,0,0
Uncapped,2035,China,EB-2,2061,total_created,2,2573.0,16.97056274847714,11.999999999999998,,,2,0,0
Uncapped,2035,China,EB-3,2061,total_created,2,2345.0,2.8284271247461903,2.0,,,2,0,0
Uncapped,2035,China,EB-4,2061,total_created,2,46.0,16.97056274847714,11.999999999999998,,,2,0,0
Uncapped,2035,China,EB-5,2061,total_created,2,1550.0,21.213203435596427,15.0,,,2,0,0
Uncapped,2035,ROW,EB-1,2061,total_created,2,8064.0,86.2670273047588,60.99999999999999,,,2,0,0
Uncapped,2035,ROW,EB-2,2061,total_created,2,12771.0,70.71067811865476,50.0,,,2,0,0
Uncapped,2035,ROW,EB-3,2061,total_created,2,17145.0,210.71782079359116,149.0,,,2,0,0
Uncapped,2035,ROW,EB-4,2061,total_created,2,11159.0,158.39191898578665,111.99999999999999,,,2,0,0
Uncapped,2035,ROW,EB-5,2061,total_created,2,1302.5,31.81980515339464,22.5,,,2,0,0
Uncapped,2036,India,EB-1,2061,total_created,2,4645.0,41.012193308819754,28.999999999999996,,,2,0,0
Uncapped,2036,India,EB-2,2061,total_created,2,18362.5,21.920310216782973,15.499999999999998,,,2,0,0
Uncapped,2036,India,EB-3,2061,total_created,2,4690.5,74.24621202458749,52.5,,,2,0,0
Uncapped,2036,India,EB-4,2061,total_created,2,945.5,0.7071067811865476,0.5,,,2,0,0
Uncapped,2036,India,EB-5,2061,total_created,2,710.5,4.949747468305833,3.4999999999999996,,,2,0,0
Uncapped,2036,China,EB-1,2061,total_created,2,1905.0,50.91168824543142,36.0,,,2,0,0
Uncapped,2036,China,EB-2,2061,total_created,2,2594.5,27.577164466275352,19.499999999999996,,,2,0,0
Uncapped,2036,China,EB-3,2061,total_created,2,2279.5,118.08683245815344,83.5,,,2,0,0
Uncapped,2036,China,EB-4,2061,total_created,2,47.5,4.949747468305833,3.4999999999999996,,,2,0,0
Uncapped,2036,China,EB-5,2061,total_created,2,1507.0,72.12489168102785,50.99999999999999,,,2,0,0
Uncapped,2036,ROW,EB-1,2061,total_created,2,8203.5,180.31222920256963,127.5,,,2,0,0
Uncapped,2036,ROW,EB-2,2061,total_created,2,13156.5,198.69700551341987,140.5,,,2,0,0
Uncapped,2036,ROW,EB-3,2061,total_created,2,17091.5,127.9863273947651,90.49999999999999,,,2,0,0
Uncapped,2036,ROW,EB-4,2061,total_created,2,11087.0,21.213203435596427,15.0,,,2,0,0
Uncapped,2036,ROW,EB-5,2061,total_created,2,1264.0,59.39696961966999,41.99999999999999,,,2,0,0
Uncapped,2037,India,EB-1,2061,total_created,2,4671.0,16.97056274847714,11.999999999999998,,,2,0,0
Uncapped,2037,India,EB-2,2061,total_created,2,18201.5,16.263455967290593,11.5,,,2,0,0
Uncapped,2037,India,EB-3,2061,total_created,2,4599.0,11.313708498984761,8.0,,,2,0,0
Uncapped,2037,India,EB-4,2061,total_created,2,931.0,39.59797974644666,27.999999999999996,,,2,0,0
Uncapped,2037,India,EB-5,2061,total_created,2,711.5,2.1213203435596424,1.4999999999999998,,,2,0,0
Uncapped,2037,China,EB-1,2061,total_created,2,1812.0,5.656854249492381,4.0,,,2,0,0
Uncapped,2037,China,EB-2,2061,total_created,2,2497.5,31.81980515339464,22.5,,,2,0,0
Uncapped,2037,China,EB-3,2061,total_created,2,2319.5,68.58935777509511,48.5,,,2,0,0
Uncapped,2037,China,EB-4,2061,total_created,2,60.0,22.627416997969522,16.0,,,2,0,0
Uncapped,2037,China,EB-5,2061,total_created,2,1527.0,46.66904755831214,33.0,,,2,0,0
Uncapped,2037,ROW,EB-1,2061,total_created,2,8187.5,64.34671708797582,45.49999999999999,,,2,0,0
Uncapped,2037,ROW,EB-2,2061,total_created,2,12764.5,81.31727983645297,57.5,,,2,0,0
Uncapped,2037,ROW,EB-3,2061,total_created,2,16930.0,63.63961030678928,45.0,,,2,0,0
Uncapped,2037,ROW,EB-4,2061,total_created,2,11014.0,137.17871555019022,97.0,,,2,0,0
Uncapped,2037,ROW,EB-5,2061,total_created,2,1261.0,66.46803743153546,46.99999999999999,,,2,0,0
Uncapped,2038,India,EB-1,2061,total_created,2,4694.5,86.97413408594535,61.5,,,2,0,0
Uncapped,2038,India,EB-2,2061,total_created,2,18287.5,200.11121907579295,141.5,,,2,0,0
Uncapped,2038,India,EB-3,2061,total_created,2,4624.5,21.920310216782973,15.499999999999998,,,2,0,0
Uncapped,2038,India,EB-4,2061,total_created,2,954.0,8.48528137423857,5.999999999999999,,,2,0,0
Uncapped,2038,India,EB-5,2061,total_created,2,682.0,35.35533905932738,25.0,,,2,0,0
Uncapped,2038,China,EB-1,2061,total_created,2,1891.5,77.07463914933368,54.49999999999999,,,2,0,0
Uncapped,2038,China,EB-2,2061,total_created,2,2635.0,82.02438661763951,57.99999999999999,,,2,0,0
Uncapped,2038,China,EB-3,2061,total_created,2,2299.5,24.748737341529164,17.5,,,2,0,0
Uncapped,2038,China,EB-4,2061,total_created,2,46.0,15.556349186104045,10.999999999999998,,,2,0,0
Uncapped,2038,China,EB-5,2061,total_created,2,1547.5,10.606601717798213,7.5,,,2,0,0
Uncapped,2038,ROW,EB-1,2061,total_created,2,8098.0,114.5512985522207,81.0,,,2,0,0
Uncapped,2038,ROW,EB-2,2061,total_created,2,13178.0,101.82337649086284,72.0,,,2,0,0
Uncapped,2038,ROW,EB-3,2061,total_created,2,17169.0,16.97056274847714,11.999999999999998,,,2,0,0
Uncapped,2038,ROW,EB-4,2061,total_created,2,11101.5,36.062445840513924,25.499999999999996,,,2,0,0
Uncapped,2038,ROW,EB-5,2061,total_created,2,1304.5,16.263455967290593,11.5,,,2,0,0
Uncapped,2039,India,EB-1,2061,total_created,2,4723.5,71.4177848998413,50.49999999999999,,,2,0,0
Uncapped,2039,India,EB-2,2061,total_created,2,18298.0,237.58787847867995,167.99999999999997,,,2,0,0
Uncapped,2039,India,EB-3,2061,total_created,2,4698.0,168.2914139223983,118.99999999999999,,,2,0,0
Uncapped,2039,India,EB-4,2061,total_created,2,973.0,57.982756057296896,41.0,,,2,0,0
Uncapped,2039,India,EB-5,2061,total_created,2,692.5,60.10407640085654,42.5,,,2,0,0
Uncapped,2039,China,EB-1,2061,total_created,2,1849.5,16.263455967290593,11.5,,,2,0,0
Uncapped,2039,China,EB-2,2061,total_created,2,2548.5,89.80256121069154,63.49999999999999,,,2,0,0
Uncapped,2039,China,EB-3,2061,total_created,2,2340.0,28.284271247461902,20.0,,,2,0,0
Uncapped,2039,China,EB-4,2061,total_created,2,67.5,7.7781745930520225,5.499999999999999,,,2,0,0
Uncapped,2039,China,EB-5,2061,total_created,2,1531.0,63.63961030678928,45.0,,,2,0,0
Uncapped,2039,ROW,EB-1,2061,total_created,2,8057.5,161.92745289171938,114.49999999999999,,,2,0,0
Uncapped,2039,ROW,EB-2,2061,total_created,2,13242.0,132.93607486307093,93.99999999999999,,,2,0,0
Uncapped,2039,ROW,EB-3,2061,total_created,2,17102.0,59.39696961966999,41.99999999999999,,,2,0,0
Uncapped,2039,ROW,EB-4,2061,total_created,2,10959.0,123.03657992645927,87.0,,,2,0,0
Uncapped,2039,ROW,EB-5,2061,total_created,2,1211.5,28.991378028648448,20.5,,,2,0,0
Uncapped,2040,India,EB-1,2061,total_created,2,4666.0,148.49242404917499,105.0,,,2,0,0
Uncapped,2040,India,EB-2,2061,total_created,2,18200.0,72.12489168102785,50.99999999999999,,,2,0,0
Uncapped,2040,India,EB-3,2061,total_created,2,4630.5,58.68986283848344,41.49999999999999,,,2,0,0
Uncapped,2040,India,EB-4,2061,total_created,2,929.5,44.54772721475249,31.499999999999996,,,2,0,0
Uncapped,2040,India,EB-5,2061,total_created,2,710.0,11.313708498984761,8.0,,,2,0,0
Uncapped,2040,China,EB-1,2061,total_created,2,1929.0,5.656854249492381,4.0,,,2,0,0
Uncapped,2040,China,EB-2,2061,total_created,2,2598.0,53.74011537017761,38.0,,,2,0,0
Uncapped,2040,China,EB-3,2061,total_created,2,2316.0,19.79898987322333,13.999999999999998,,,2,0,0
Uncapped,2040,China,EB-4,2061,total_created,2,50.5,12.020815280171307,8.499999999999998,,,2,0,0
Uncapped,2040,China,EB-5,2061,total_created,2,1528.5,9.192388155425117,6.499999999999999,,,2,0,0
Uncapped,2040,ROW,EB-1,2061,total_created,2,8077.5,130.8147545195113,92.5,,,2,0,0
Uncapped,2040,ROW,EB-2,2061,total_created,2,13092.5,193.04015126392747,136.5,,,2,0,0
Uncapped,2040,ROW,EB-3,2061,total_created,2,17190.5,108.18733752154178,76.5,,,2,0,0
Uncapped,2040,ROW,EB-4,2061,total_created,2,11043.0,77.78174593052023,55.0,,,2,0,0
Uncapped,2040,ROW,EB-5,2061,total_created,2,1273.0,22.627416997969522,16.0,,,2,0,0
Capped,2009,India,EB-1,2061,total_created,2,1219.0,22.627416997969522,16.0,,,2,0,0
Capped,2009,India,EB-2,2061,total_created,2,7628.0,165.46298679765212,116.99999999999999,,,2,0,0
Capped,2009,India,EB-3,2061,total_created,2,39062.0,48.08326112068523,33.99999999999999,,,2,0,0
Capped,2009,India,EB-4,2061,total_created,2,165.0,4.242640687119285,2.9999999999999996,,,2,0,0
Capped,2009,India,EB-5,2061,total_created,2,17.0,2.8284271247461903,2.0,,,2,0,0
Capped,2009,China,EB-1,2061,total_created,2,639.0,22.627416997969522,16.0,,,2,0,0
Capped,2009,China,EB-2,2061,total_created,2,2580.0,45.254833995939045,32.0,,,2,0,0
Capped,2009,China,EB-3,2061,total_created,2,10156.5,156.27059864222701,110.5,,,2,0,0
Capped,2009,China,EB-4,2061,total_created,2,9.0,2.8284271247461903,2.0,,,2,0,0
Capped,2009,China,EB-5,2061,total_created,2,325.0,1.4142135623730951,1.0,,,2,0,0
Capped,2009,ROW,EB-1,2061,total_created,2,7914.5,150.61374439273462,106.49999999999999,,,2,0,0
Capped,2009,ROW,EB-2,2061,total_created,2,8036.0,45.254833995939045,32.0,,,2,0,0
Capped,2009,ROW,EB-3,2061,total_created,2,43309.0,178.19090885900997,125.99999999999999,,,2,0,0
Capped,2009,ROW,EB-4,2061,total_created,2,2691.5,19.091883092036785,13.5,,,2,0,0
Capped,2009,ROW,EB-5,2061,total_created,2,581.5,27.577164466275352,19.499999999999996,,,2,0,0
Capped,2010,India,EB-1,2061,total_created,2,1453.5,33.23401871576773,23.499999999999996,,,2,0,0
Capped,2010,India,EB-2,2061,total_created,2,7238.5,168.99852070358486,119.49999999999999,,,2,0,0
Capped,2010,India,EB-3,2061,total_created,2,3044.0,11.313708498984761,8.0,,,2,0,0
Capped,2010,India,EB-4,2061,total_created,2,179.5,26.16295090390226,18.5,,,2,0,0
Capped,2010,India,EB-5,2061,total_created,2,27.0,1.4142135623730951,1.0,,,2,0,0
Capped,2010,China,EB-1,2061,total_created,2,786.0,21.213203435596427,15.0,,,2,0,0
Capped,2010,China,EB-2,2061,total_created,2,761.0,11.313708498984761,8.0,,,2,0,0
Capped,2010,China,EB-3,2061,total_created,2,218.0,31.11269837220809,21.999999999999996,,,2,0,0
Capped,2010,China,EB-4,2061,total_created,2,6.0,8.48528137423857,5.999999999999999,,,1,1,0
Capped,2010,China,EB-5,2061,total_created,2,297.0,5.656854249492381,4.0,,,2,0,0
Capped,2010,ROW,EB-1,2061,total_created,2,7647.0,196.5756851698602,139.0,,,2,0,0
Capped,2010,ROW,EB-2,2061,total_created,2,9258.0,36.76955262170047,25.999999999999996,,,2,0,0
Capped,2010,ROW,EB-3,2061,total_created,2,5790.0,97.58073580374356,69.0,,,2,0,0
Capped,2010,ROW,EB-4,2061,total_created,2,3470.5,68.58935777509511,48.5,,,2,0,0
Capped,2010,ROW,EB-5,2061,total_created,2,613.0,45.254833995939045,32.0,,,2,0,0
Capped,2011,India,EB-1,2061,total_created,2,1655.5,37.476659402887016,26.499999999999996,,,2,0,0
Capped,2011,India,EB-2,2061,total_created,2,10548.5,96.87362902255701,68.5,,,2,0,0
Capped,2011,India,EB-3,2061,total_created,2,3180.0,121.62236636408618,86.0,,,2,0,0
Capped,2011,India,EB-4,2061,total_created,2,205.5,10.606601717798213,7.5,,,2,0,0
Capped,2011,India,EB-5,2061,total_created,2,11.0,2.8284271247461903,2.0,,,2,0,0
Capped,2011,China,EB-1,2061,total_created,2,743.0,7.0710678118654755,5.0,,,2,0,0
Capped,2011,China,EB-2,2061,total_created,2,774.0,15.556349186104045,10.999999999999998,,,2,0,0
Capped,2011,China,EB-3,2061,total_created,2,160.5,14.849242404917497,10.499999999999998,,,2,0,0
Capped,2011,China,EB-4,2061,total_created,2,9.0,2.8284271247461903,2.0,,,2,0,0
Capped,2011,China,EB-5,2061,total_created,2,593.0,16.97056274847714,11.999999999999998,,,2,0,0
Capped,2011,ROW,EB-1,2061,total_created,2,5452.0,12.727922061357855,9.0,,,2,0,0
Capped,2011,ROW,EB-2,2061,total_created,2,9815.5,54.44722215136416,38.5,,,2,0,0
Capped,2011,ROW,EB-3,2061,total_created,2,4379.5,13.435028842544403,9.5,,,2,0,0
Capped,2011,ROW,EB-4,2061,total_created,2,4056.5,7.7781745930520225,5.499999999999999,,,2,0,0
Capped,2011,ROW,EB-5,2061,total_created,2,398.5,31.81980515339464,22.5,,,2,0,0
Capped,2012,India,EB-1,2061,total_created,2,1865.5,71.4177848998413,50.49999999999999,,,2,0,0
Capped,2012,India,EB-2,2061,total_created,2,10532.0,50.91168824543142,36.0,,,2,0,0
Capped,2012,India,EB-3,2061,total_created,2,1901.0,43.840620433565945,30.999999999999996,,,2,0,0
Capped,2012,India,EB-4,2061,total_created,2,355.5,57.27564927611035,40.5,,,2,0,0
Capped,2012,India,EB-5,2061,total_created,2,25.5,3.5355339059327378,2.5,,,2,0,0
Capped,2012,China,EB-1,2061,total_created,2,815.0,62.22539674441618,43.99999999999999,,,2,0,0
Capped,2012,China,EB-2,2061,total_created,2,777.5,23.33452377915607,16.5,,,2,0,0
Capped,2012,China,EB-3,2061,total_created,2,128.0,16.97056274847714,11.999999999999998,,,2,0,0
Capped,2012,China,EB-4,2061,total_created,2,10.5,4.949747468305833,3.4999999999999996,,,2,0,0
Capped,2012,China,EB-5,2061,total_created,2,1532.0,2.8284271247461903,2.0,,,2,0,0
Capped,2012,ROW,EB-1,2061,total_created,2,5731.5,31.81980515339464,22.5,,,2,0,0
Capped,2012,ROW,EB-2,2061,total_created,2,8946.5,40.30508652763321,28.499999999999996,,,2,0,0
Capped,2012,ROW,EB-3,2061,total_created,2,2463.0,57.982756057296896,41.0,,,2,0,0
Capped,2012,ROW,EB-4,2061,total_created,2,5886.0,114.5512985522207,81.0,,,2,0,0
Capped,2012,ROW,EB-5,2061,total_created,2,608.5,81.31727983645297,57.5,,,2,0,0
Capped,2013,India,EB-1,2061,total_created,2,2522.5,17.67766952966369,12.5,,,2,0,0
Capped,2013,India,EB-2,2061,total_created,2,10081.0,9.899494936611665,6.999999999999999,,,2,0,0
Capped,2013,India,EB-3,2061,total_created,2,1589.0,25.45584412271571,18.0,,,2,0,0
Capped,2013,India,EB-4,2061,total_created,2,734.5,43.1335136523794,30.499999999999996,,,2,0,0
Capped,2013,India,EB-5,2061,total_created,2,29.5,3.5355339059327378,2.5,,,2,0,0
Capped,2013,China,EB-1,2061,total_created,2,947.5,20.506096654409877,14.499999999999998,,,2,0,0
Capped,2013,China,EB-2,2061,total_created,2,686.0,4.242640687119285,2.9999999999999996,,,2,0,0
Capped,2013,China,EB-3,2061,total_created,2,110.0,5.656854249492381,4.0,,,2,0,0
Capped,2013,China,EB-4,2061,total_created,2,43.5,16.263455967290593,11.5,,,2,0,0
Capped,2013,China,EB-5,2061,total_created,2,1586.0,16.97056274847714,11.999999999999998,,,2,0,0
Capped,2013,ROW,EB-1,2061,total_created,2,6232.5,139.30003589374985,98.49999999999999,,,2,0,0
Capped,2013,ROW,EB-2,2061,total_created,2,7675.5,28.991378028648448,20.5,,,2,0,0
Capped,2013,ROW,EB-3,2061,total_created,2,2237.5,91.21677477306463,64.5,,,2,0,0
Capped,2013,ROW,EB-4,2061,total_created,2,11073.0,5.656854249492381,4.0,,,2,0,0
Capped,2013,ROW,EB-5,2061,total_created,2,601.0,9.899494936611665,6.999999999999999,,,2,0,0
Capped,2014,India,EB-1,2061,total_created,2,3398.5,28.991378028648448,20.5,,,2,0,0
Capped,2014,India,EB-2,2061,total_created,2,11859.5,71.4177848998413,50.49999999999999,,,2,0,0
Capped,2014,India,EB-3,2061,total_created,2,1823.5,50.204581464244875,35.5,,,2,0,0
Capped,2014,India,EB-4,2061,total_created,2,546.5,33.23401871576773,23.499999999999996,,,2,0,0
Capped,2014,India,EB-5,2061,total_created,2,90.0,9.899494936611665,6.999999999999999,,,2,0,0
Capped,2014,China,EB-1,2061,total_created,2,1128.5,7.7781745930520225,5.499999999999999,,,2,0,0
Capped,2014,China,EB-2,2061,total_created,2,828.5,27.577164466275352,19.499999999999996,,,2,0,0
Capped,2014,China,EB-3,2061,total_created,2,1266.0,104.65180361560904,74.0,,,2,0,0
Capped,2014,China,EB-4,2061,total_created,2,31.0,0.0,0.0,,,2,0,0
Capped,2014,China,EB-5,2061,total_created,2,2144.0,103.23759005323593,72.99999999999999,,,2,0,0
Capped,2014,ROW,EB-1,2061,total_created,2,6222.0,50.91168824543142,36.0,,,2,0,0
Capped,2014,ROW,EB-2,2061,total_created,2,9162.0,14.142135623730951,10.0,,,2,0,0
Capped,2014,ROW,EB-3,2061,total_created,2,2768.5,58.68986283848344,41.49999999999999,,,2,0,0
Capped,2014,ROW,EB-4,2061,total_created,2,9209.5,180.31222920256963,127.5,,,2,0,0
Capped,2014,ROW,EB-5,2061,total_created,2,801.0,69.29646455628166,49.0,,,2,0,0
Capped,2015,India,EB-1,2061,total_created,2,3209.0,36.76955262170047,25.999999999999996,,,2,0,0
Capped,2015,India,EB-2,2061,total_created,2,14826.0,18.384776310850235,12.999999999999998,,,2,0,0
Capped,2015,India,EB-3,2061,total_created,2,2859.0,70.71067811865476,50.0,,,2,0,0
Capped,2015,India,EB-4,2061,total_created,2,1026.5,78.48885271170677,55.49999999999999,,,2,0,0
Capped,2015,India,EB-5,2061,total_created,2,245.5,10.606601717798213,7.5,,,2,0,0
Capped,2015,China,EB-1,2061,total_created,2,1312.5,20.506096654409877,14.499999999999998,,,2,0,0
Capped,2015,China,EB-2,2061,total_created,2,1092.0,114.5512985522207,81.0,,,2,0,0
Capped,2015,China,EB-3,2061,total_created,2,443.5,9.192388155425117,6.499999999999999,,,2,0,0
Capped,2015,China,EB-4,2061,total_created,2,56.5,6.363961030678928,4.5,,,2,0,0
Capped,2015,China,EB-5,2061,total_created,2,3488.0,4.242640687119285,2.9999999999999996,,,2,0,0
Capped,2015,ROW,EB-1,2061,total_created,2,7308.0,186.67619023324855,132.0,,,2,0,0
Capped,2015,ROW,EB-2,2061,total_created,2,9974.5,118.08683245815344,83.5,,,2,0,0
Capped,2015,ROW,EB-3,2061,total_created,2,4417.5,36.062445840513924,25.499999999999996,,,2,0,0
Capped,2015,ROW,EB-4,2061,total_created,2,12959.0,156.97770542341354,110.99999999999999,,,2,0,0
Capped,2015,ROW,EB-5,2061,total_created,2,1506.5,16.263455967290593,11.5,,,2,0,0
Capped,2016,India,EB-1,2061,total_created,2,4086.5,33.23401871576773,23.499999999999996,,,2,0,0
Capped,2016,India,EB-2,2061,total_created,2,22224.0,16.97056274847714,11.999999999999998,,,2,0,0
Capped,2016,India,EB-3,2061,total_created,2,4674.5,60.10407640085654,42.5,,,2,0,0
Capped,2016,India,EB-4,2061,total_created,2,746.5,70.0035713374682,49.49999999999999,,,2,0,0
Capped,2016,India,EB-5,2061,total_created,2,298.0,5.656854249492381,4.0,,,2,0,0
Capped,2016,China,EB-1,2061,total_created,2,1391.0,100.40916292848975,71.0,,,2,0,0
Capped,2016,China,EB-2,2061,total_created,2,1573.5,50.204581464244875,35.5,,,2,0,0
Capped,2016,China,EB-3,2061,total_created,2,1102.0,22.627416997969522,16.0,,,2,0,0
Capped,2016,China,EB-4,2061,total_created,2,59.0,14.142135623730951,10.0,,,2,0,0
Capped,2016,China,EB-5,2061,total_created,2,2913.5,6.363961030678928,4.5,,,2,0,0
Capped,2016,ROW,EB-1,2061,total_created,2,8267.0,165.46298679765212,116.99999999999999,,,2,0,0
Capped,2016,ROW,EB-2,2061,total_created,2,12347.0,91.92388155425118,65.0,,,2,0,0
Capped,2016,ROW,EB-3,2061,total_created,2,8413.5,211.4249275747777,149.5,,,2,0,0
Capped,2016,ROW,EB-4,2061,total_created,2,12053.5,200.11121907579295,141.5,,,2,0,0
Capped,2016,ROW,EB-5,2061,total_created,2,1398.5,43.1335136523794,30.499999999999996,,,2,0,0
Capped,2017,India,EB-1,2061,total_created,2,4464.5,37.476659402887016,26.499999999999996,,,2,0,0
Capped,2017,India,EB-2,2061,total_created,2,19417.0,149.90663761154806,105.99999999999999,,,2,0,0
Capped,2017,India,EB-3,2061,total_created,2,4035.5,139.30003589374985,98.49999999999999,,,2,0,0
Capped,2017,India,EB-4,2061,total_created,2,456.5,51.61879502661797,36.49999999999999,,,2,0,0
Capped,2017,India,EB-5,2061,total_created,2,593.0,49.49747468305833,35.0,,,2,0,0
Capped,2017,China,EB-1,2061,total_created,2,1551.0,24.041630560342615,16.999999999999996,,,2,0,0
Capped,2017,China,EB-2,2061,total_created,2,1298.0,48.08326112068523,33.99999999999999,,,2,0,0
Capped,2017,China,EB-3,2061,total_created,2,1480.5,54.44722215136416,38.5,,,2,0,0
Capped,2017,China,EB-4,2061,total_created,2,37.5,16.263455967290593,11.5,,,2,0,0
Capped,2017,China,EB-5,2061,total_created,2,4226.5,163.3416664540925,115.5,,,2,0,0
Capped,2017,ROW,EB-1,2061,total_created,2,8747.5,6.363961030678928,4.5,,,2,0,0
Capped,2017,ROW,EB-2,2061,total_created,2,10251.5,21.920310216782973,15.499999999999998,,,2,0,0
Capped,2017,ROW,EB-3,2061,total_created,2,8771.5,98.2878425849301,69.5,,,2,0,0
Capped,2017,ROW,EB-4,2061,total_created,2,8087.5,40.30508652763321,28.499999999999996,,,2,0,0
Capped,2017,ROW,EB-5,2061,total_created,2,2112.0,43.840620433565945,30.999999999999996,,,2,0,0
Capped,2018,India,EB-1,2061,total_created,2,3995.0,35.35533905932738,25.0,,,2,0,0
Capped,2018,India,EB-2,2061,total_created,2,18348.0,155.56349186104046,110.0,,,2,0,0
Capped,2018,India,EB-3,2061,total_created,2,3737.0,42.42640687119285,30.0,,,2,0,0
Capped,2018,India,EB-4,2061,total_created,2,383.0,7.0710678118654755,5.0,,,2,0,0
Capped,2018,India,EB-5,2061,total_created,2,829.5,65.76093065034893,46.5,,,2,0,0
Capped,2018,China,EB-1,2061,total_created,2,1319.0,33.94112549695428,23.999999999999996,,,2,0,0
Capped,2018,China,EB-2,2061,total_created,2,1596.0,29.698484809834994,20.999999999999996,,,2,0,0
Capped,2018,China,EB-3,2061,total_created,2,1374.5,50.204581464244875,35.5,,,2,0,0
Capped,2018,China,EB-4,2061,total_created,2,38.0,5.656854249492381,4.0,,,2,0,0
Capped,2018,China,EB-5,2061,total_created,2,4894.0,46.66904755831214,33.0,,,2,0,0
Capped,2018,ROW,EB-1,2061,total_created,2,7281.0,38.18376618407357,27.0,,,2,0,0
Capped,2018,ROW,EB-2,2061,total_created,2,10528.0,57.982756057296896,41.0,,,2,0,0
Capped,2018,ROW,EB-3,2061,total_created,2,10252.0,104.65180361560904,74.0,,,2,0,0
Capped,2018,ROW,EB-4,2061,total_created,2,6292.0,69.29646455628166,49.0,,,2,0,0
Capped,2018,ROW,EB-5,2061,total_created,2,2629.0,24.041630560342615,16.999999999999996,,,2,0,0
Capped,2019,India,EB-1,2061,total_created,2,3692.0,60.81118318204309,43.0,,,2,0,0
Capped,2019,India,EB-2,2061,total_created,2,20302.0,38.18376618407357,27.0,,,2,0,0
Capped,2019,India,EB-3,2061,total_created,2,5166.0,121.62236636408618,86.0,,,2,0,0
Capped,2019,India,EB-4,2061,total_created,2,510.0,7.0710678118654755,5.0,,,2,0,0
Capped,2019,India,EB-5,2061,total_created,2,297.0,28.284271247461902,20.0,,,2,0,0
Capped,2019,China,EB-1,2061,total_created,2,1108.0,45.254833995939045,32.0,,,2,0,0
Capped,2019,China,EB-2,2061,total_created,2,2161.0,120.20815280171308,85.0,,,2,0,0
Capped,2019,China,EB-3,2061,total_created,2,1198.0,11.313708498984761,8.0,,,2,0,0
Capped,2019,China,EB-4,2061,total_created,2,47.0,0.0,0.0,,,2,0,0
Capped,2019,China,EB-5,2061,total_created,2,1274.5,13.435028842544403,9.5,,,2,0,0
Capped,2019,ROW,EB-1,2061,total_created,2,5731.0,21.213203435596427,15.0,,,2,0,0
Capped,2019,ROW,EB-2,2061,total_created,2,10881.0,7.0710678118654755,5.0,,,2,0,0
Capped,2019,ROW,EB-3,2061,total_created,2,12294.0,2.8284271247461903,2.0,,,2,0,0
Capped,2019,ROW,EB-4,2061,total_created,2,8636.0,19.79898987322333,13.999999999999998,,,2,0,0
Capped,2019,ROW,EB-5,2061,total_created,2,781.0,9.899494936611665,6.999999999999999,,,2,0,0
Capped,2020,India,EB-1,2061,total_created,2,3240.0,77.78174593052023,55.0,,,2,0,0
Capped,2020,India,EB-2,2061,total_created,2,16531.0,98.99494936611666,70.0,,,2,0,0
Capped,2020,India,EB-3,2061,total_created,2,4084.5,70.0035713374682,49.49999999999999,,,2,0,0
Capped,2020,India,EB-4,2061,total_created,2,567.5,28.991378028648448,20.5,,,2,0,0
Capped,2020,India,EB-5,2061,total_created,2,205.5,6.363961030678928,4.5,,,2,0,0
Capped,2020,China,EB-1,2061,total_created,2,921.0,24.041630560342615,16.999999999999996,,,2,0,0
Capped,2020,China,EB-2,2061,total_created,2,2206.5,26.16295090390226,18.5,,,2,0,0
Capped,2020,China,EB-3,2061,total_created,2,1480.0,50.91168824543142,36.0,,,2,0,0
Capped,2020,China,EB-4,2061,total_created,2,31.5,12.020815280171307,8.499999999999998,,,2,0,0
Capped,2020,China,EB-5,2061,total_created,2,875.5,21.920310216782973,15.499999999999998,,,2,0,0
Capped,2020,ROW,EB-1,2061,total_created,2,5371.0,79.19595949289332,55.99999999999999,,,2,0,0
Capped,2020,ROW,EB-2,2061,total_created,2,9799.0,83.43860018001261,59.0,,,2,0,0
Capped,2020,ROW,EB-3,2061,total_created,2,11220.5,218.4959953866432,154.5,,,2,0,0
Capped,2020,ROW,EB-4,2061,total_created,2,8386.0,97.58073580374356,69.0,,,2,0,0
Capped,2020,ROW,EB-5,2061,total_created,2,540.0,69.29646455628166,49.0,,,2,0,0
Capped,2021,India,EB-1,2061,total_created,2,3797.5,38.890872965260115,27.5,,,2,0,0
Capped,2021,India,EB-2,2061,total_created,2,17791.0,130.10764773832474,92.0,,,2,0,0
Capped,2021,India,EB-3,2061,total_created,2,22275.5,286.37824638055173,202.49999999999997,,,2,0,0
Capped,2021,India,EB-4,2061,total_created,2,413.0,46.66904755831214,33.0,,,2,0,0
Capped,2021,India,EB-5,2061,total_created,2,221.0,1.4142135623730951,1.0,,,2,0,0
Capped,2021,China,EB-1,2061,total_created,2,1013.5,2.1213203435596424,1.4999999999999998,,,2,0,0
Capped,2021,China,EB-2,2061,total_created,2,2030.0,57.982756057296896,41.0,,,2,0,0
Capped,2021,China,EB-3,2061,total_created,2,3285.5,31.81980515339464,22.5,,,2,0,0
Capped,2021,China,EB-4,2061,total_created,2,10.5,2.1213203435596424,1.4999999999999998,,,2,0,0
Capped,2021,China,EB-5,2061,total_created,2,805.5,3.5355339059327378,2.5,,,2,0,0
Capped,2021,ROW,EB-1,2061,total_created,2,5125.5,36.062445840513924,25.499999999999996,,,2,0,0
Capped,2021,ROW,EB-2,2061,total_created,2,10407.5,86.97413408594535,61.5,,,2,0,0
Capped,2021,ROW,EB-3,2061,total_created,2,11593.5,102.5304832720494,72.5,,,2,0,0
Capped,2021,ROW,EB-4,2061,total_created,2,9945.0,14.142135623730951,10.0,,,2,0,0
Capped,2021,ROW,EB-5,2061,total_created,2,558.0,29.698484809834994,20.999999999999996,,,2,0,0
Capped,2022,India,EB-1,2061,total_created,2,4353.0,0.0,0.0,,,2,0,0
Capped,2022,India,EB-2,2061,total_created,2,21232.0,200.8183258569795,142.0,,,2,0,0
Capped,2022,India,EB-3,2061,total_created,2,7722.5,28.991378028648448,20.5,,,2,0,0
Capped,2022,India,EB-4,2061,total_created,2,1092.5,20.506096654409877,14.499999999999998,,,2,0,0
Capped,2022,India,EB-5,2061,total_created,2,55.5,4.949747468305833,3.4999999999999996,,,2,0,0
Capped,2022,China,EB-1,2061,total_created,2,1334.5,17.67766952966369,12.5,,,2,0,0
Capped,2022,China,EB-2,2061,total_created,2,2126.0,73.53910524340094,51.99999999999999,,,2,0,0
Capped,2022,China,EB-3,2061,total_created,2,1277.5,31.81980515339464,22.5,,,2,0,0
Capped,2022,China,EB-4,2061,total_created,2,37.0,8.48528137423857,5.999999999999999,,,2,0,0
Capped,2022,China,EB-5,2061,total_created,2,171.5,19.091883092036785,13.5,,,2,0,0
Capped,2022,ROW,EB-1,2061,total_created,2,6190.5,105.35891039679558,74.5,,,2,0,0
Capped,2022,ROW,EB-2,2061,total_created,2,12799.0,86.2670273047588,60.99999999999999,,,2,0,0
Capped,2022,ROW,EB-3,2061,total_created,2,14687.5,17.67766952966369,12.5,,,2,0,0
Capped,2022,ROW,EB-4,2061,total_created,2,15972.0,142.8355697996826,100.99999999999999,,,2,0,0
Capped,2022,ROW,EB-5,2061,total_created,2,146.5,0.7071067811865476,0.5,,,2,0,0
Capped,2023,India,EB-1,2061,total_created,2,5880.0,41.012193308819754,28.999999999999996,,,2,0,0
Capped,2023,India,EB-2,2061,total_created,2,18438.5,58.68986283848344,41.49999999999999,,,2,0,0
Capped,2023,India,EB-3,2061,total_created,2,5968.5,64.34671708797582,45.49999999999999,,,2,0,0
Capped,2023,India,EB-4,2061,total_created,2,1100.0,73.53910524340094,51.99999999999999,,,2,0,0
Capped,2023,India,EB-5,2061,total_created,2,271.5,2.1213203435596424,1.4999999999999998,,,2,0,0
Capped,2023,China,EB-1,2061,total_created,2,2117.0,96.16652224137046,67.99999999999999,,,2,0,0
Capped,2023,China,EB-2,2061,total_created,2,2682.0,22.627416997969522,16.0,,,2,0,0
Capped,2023,China,EB-3,2061,total_created,2,1071.5,9.192388155425117,6.499999999999999,,,2,0,0
Capped,2023,China,EB-4,2061,total_created,2,18.0,5.656854249492381,4.0,,,2,0,0
Capped,2023,China,EB-5,2061,total_created,2,657.5,70.0035713374682,49.49999999999999,,,2,0,0
Capped,2023,ROW,EB-1,2061,total_created,2,8309.5,86.97413408594535,61.5,,,2,0,0
Capped,2023,ROW,EB-2,2061,total_created,2,16260.5,24.748737341529164,17.5,,,2,0,0
Capped,2023,ROW,EB-3,2061,total_created,2,18694.0,5.656854249492381,4.0,,,2,0,0
Capped,2023,ROW,EB-4,2061,total_created,2,10699.5,48.79036790187178,34.5,,,2,0,0
Capped,2023,ROW,EB-5,2061,total_created,2,469.5,16.263455967290593,11.5,,,2,0,0
Capped,2024,India,EB-1,2061,total_created,2,4694.0,65.05382386916237,46.0,,,2,0,0
Capped,2024,India,EB-2,2061,total_created,2,18177.0,15.556349186104045,10.999999999999998,,,2,0,0
Capped,2024,India,EB-3,2061,total_created,2,4687.5,3.5355339059327378,2.5,,,2,0,0
Capped,2024,India,EB-4,2061,total_created,2,944.0,18.384776310850235,12.999999999999998,,,2,0,0
Capped,2024,India,EB-5,2061,total_created,2,725.0,4.242640687119285,2.9999999999999996,,,2,0,0
Capped,2024,China,EB-1,2061,total_created,2,1856.5,74.24621202458749,52.5,,,2,0,0
Capped,2024,China,EB-2,2061,total_created,2,2472.5,88.38834764831844,62.5,,,2,0,0
Capped,2024,China,EB-3,2061,total_created,2,2311.5,2.1213203435596424,1.4999999999999998,,,2,0,0
Capped,2024,China,EB-4,2061,total_created,2,48.0,15.556349186104045,10.999999999999998,,,2,0,0
Capped,2024,China,EB-5,2061,total_created,2,1562.0,26.870057685088806,19.0,,,2,0,0
Capped,2024,ROW,EB-1,2061,total_created,2,8158.0,48.08326112068523,33.99999999999999,,,2,0,0
Capped,2024,ROW,EB-2,2061,total_created,2,12979.5,84.14570696119915,59.49999999999999,,,2,0,0
Capped,2024,ROW,EB-3,2061,total_created,2,17203.5,60.10407640085654,42.5,,,2,0,0
Capped,2024,ROW,EB-4,2061,total_created,2,11100.5,75.66042558696059,53.49999999999999,,,2,0,0
Capped,2024,ROW,EB-5,2061,total_created,2,1262.5,47.37615433949868,33.5,,,2,0,0
Capped,2025,India,EB-1,2061,total_created,2,4681.0,154.14927829866735,108.99999999999999,,,2,0,0
Capped,2025,India,EB-2,2061,total_created,2,18296.0,84.8528137423857,60.0,,,2,0,0
Capped,2025,India,EB-3,2061,total_created,2,4596.0,62.22539674441618,43.99999999999999,,,2,0,0
Capped,2025,India,EB-4,2061,total_created,2,933.0,36.76955262170047,25.999999999999996,,,2,0,0
Capped,2025,India,EB-5,2061,total_created,2,664.0,7.0710678118654755,5.0,,,2,0,0
Capped,2025,China,EB-1,2061,total_created,2,1953.5,41.71930009000631,29.5,,,2,0,0
Capped,2025,China,EB-2,2061,total_created,2,2582.0,38.18376618407357,27.0,,,2,0,0
Capped,2025,China,EB-3,2061,total_created,2,2284.5,19.091883092036785,13.5,,,2,0,0
Capped,2025,China,EB-4,2061,total_created,2,46.0,9.899494936611665,6.999999999999999,,,2,0,0
Capped,2025,China,EB-5,2061,total_created,2,1607.5,17.67766952966369,12.5,,,2,0,0
Capped,2025,ROW,EB-1,2061,total_created,2,8019.5,101.1162697096763,71.5,,,2,0,0
Capped,2025,ROW,EB-2,2061,total_created,2,12859.0,5.656854249492381,4.0,,,2,0,0
Capped,2025,ROW,EB-3,2061,total_created,2,17321.0,45.254833995939045,32.0,,,2,0,0
Capped,2025,ROW,EB-4,2061,total_created,2,11047.0,32.526911934581186,23.0,,,2,0,0
Capped,2025,ROW,EB-5,2061,total_created,2,1242.0,45.254833995939045,32.0,,,2,0,0
Capped,2026,India,EB-1,2061,total_created,2,4713.0,93.33809511662427,66.0,,,2,0,0
Capped,2026,India,EB-2,2061,total_created,2,18401.0,53.74011537017761,38.0,,,2,0,0
Capped,2026,India,EB-3,2061,total_created,2,4655.5,112.42997820866105,79.5,,,2,0,0
Capped,2026,India,EB-4,2061,total_created,2,936.0,87.68124086713189,61.99999999999999,,,2,0,0
Capped,2026,India,EB-5,2061,total_created,2,705.0,45.254833995939045,32.0,,,2,0,0
Capped,2026,China,EB-1,2061,total_created,2,1803.5,12.020815280171307,8.499999999999998,,,2,0,0
Capped,2026,China,EB-2,2061,total_created,2,2613.5,116.67261889578035,82.5,,,2,0,0
Capped,2026,China,EB-3,2061,total_created,2,2329.5,79.90306627407988,56.5,,,2,0,0
Capped,2026,China,EB-4,2061,total_created,2,52.0,7.0710678118654755,5.0,,,2,0,0
Capped,2026,China,EB-5,2061,total_created,2,1534.5,10.606601717798213,7.5,,,2,0,0
Capped,2026,ROW,EB-1,2061,total_created,2,8208.5,3.5355339059327378,2.5,,,2,0,0
Capped,2026,ROW,EB-2,2061,total_created,2,13000.5,60.10407640085654,42.5,,,2,0,0
Capped,2026,ROW,EB-3,2061,total_created,2,17158.0,5.656854249492381,4.0,,,2,0,0
Capped,2026,ROW,EB-4,2061,total_created,2,11033.5,96.87362902255701,68.5,,,2,0,0
Capped,2026,ROW,EB-5,2061,total_created,2,1312.0,5.656854249492381,4.0,,,2,0,0
Capped,2027,India,EB-1,2061,total_created,2,4688.0,66.46803743153546,46.99999999999999,,,2,0,0
Capped,2027,India,EB-2,2061,total_created,2,18523.0,25.45584412271571,18.0,,,2,0,0
Capped,2027,India,EB-3,2061,total_created,2,4746.5,60.10407640085654,42.5,,,2,0,0
Capped,2027,India,EB-4,2061,total_created,2,960.0,8.48528137423857,5.999999999999999,,,2,0,0
Capped,2027,India,EB-5,2061,total_created,2,708.5,17.67766952966369,12.5,,,2,0,0
Capped,2027,China,EB-1,2061,total_created,2,1903.5,38.890872965260115,27.5,,,2,0,0
Capped,2027,China,EB-2,2061,total_created,2,2585.0,141.4213562373095,100.0,,,2,0,0
Capped,2027,China,EB-3,2061,total_created,2,2343.0,69.29646455628166,49.0,,,2,0,0
Capped,2027,China,EB-4,2061,total_created,2,63.5,3.5355339059327378,2.5,,,2,0,0
Capped,2027,China,EB-5,2061,total_created,2,1550.0,67.88225099390856,47.99999999999999,,,2,0,0
Capped,2027,ROW,EB-1,2061,total_created,2,8155.0,66.46803743153546,46.99999999999999,,,2,0,0
Capped,2027,ROW,EB-2,2061,total_created,2,12906.5,60.10407640085654,42.5,,,2,0,0
Capped,2027,ROW,EB-3,2061,total_created,2,17078.0,229.1025971044414,162.0,,,2,0,0
Capped,2027,ROW,EB-4,2061,total_created,2,10975.0,84.8528137423857,60.0,,,2,0,0
Capped,2027,ROW,EB-5,2061,total_created,2,1285.5,40.30508652763321,28.499999999999996,,,2,0,0
Capped,2028,India,EB-1,2061,total_created,2,4700.5,37.476659402887016,26.499999999999996,,,2,0,0
Capped,2028,India,EB-2,2061,total_created,2,18116.0,97.58073580374356,69.0,,,2,0,0
Capped,2028,India,EB-3,2061,total_created,2,4644.0,5.656854249492381,4.0,,,2,0,0
Capped,2028,India,EB-4,2061,total_created,2,949.5,13.435028842544403,9.5,,,2,0,0
Capped,2028,India,EB-5,2061,total_created,2,682.5,67.17514421272202,47.5,,,2,0,0
Capped,2028,China,EB-1,2061,total_created,2,1895.0,35.35533905932738,25.0,,,2,0,0
Capped,2028,China,EB-2,2061,total_created,2,2446.5,55.86143571373726,39.5,,,2,0,0
Capped,2028,China,EB-3,2061,total_created,2,2409.5,20.506096654409877,14.499999999999998,,,2,0,0
Capped,2028,China,EB-4,2061,total_created,2,65.5,23.33452377915607,16.5,,,2,0,0
Capped,2028,China,EB-5,2061,total_created,2,1565.5,28.991378028648448,20.5,,,2,0,0
Capped,2028,ROW,EB-1,2061,total_created,2,8107.5,111.01576464628796,78.5,,,2,0,0
Capped,2028,ROW,EB-2,2061,total_created,2,12691.0,106.06601717798213,75.0,,,2,0,0
Capped,2028,ROW,EB-3,2061,total_created,2,17053.0,66.46803743153546,46.99999999999999,,,2,0,0
Capped,2028,ROW,EB-4,2061,total_created,2,11150.0,73.53910524340094,51.99999999999999,,,2,0,0
Capped,2028,ROW,EB-5,2061,total_created,2,1289.5,21.920310216782973,15.499999999999998,,,2,0,0
Capped,2029,India,EB-1,2061,total_created,2,4568.5,0.7071067811865476,0.5,,,2,0,0
Capped,2029,India,EB-2,2061,total_created,2,18360.5,137.88582233137677,97.5,,,2,0,0
Capped,2029,India,EB-3,2061,total_created,2,4668.5,6.363961030678928,4.5,,,2,0,0
Capped,2029,India,EB-4,2061,total_created,2,925.0,66.46803743153546,46.99999999999999,,,2,0,0
Capped,2029,India,EB-5,2061,total_created,2,692.5,61.518289963229634,43.5,,,2,0,0
Capped,2029,China,EB-1,2061,total_created,2,1910.5,88.38834764831844,62.5,,,2,0,0
Capped,2029,China,EB-2,2061,total_created,2,2490.5,7.7781745930520225,5.499999999999999,,,2,0,0
Capped,2029,China,EB-3,2061,total_created,2,2330.0,114.5512985522207,81.0,,,2,0,0
Capped,2029,China,EB-4,2061,total_created,2,62.0,9.899494936611665,6.999999999999999,,,2,0,0
Capped,2029,China,EB-5,2061,total_created,2,1529.5,3.5355339059327378,2.5,,,2,0,0
Capped,2029,ROW,EB-1,2061,total_created,2,8207.5,101.1162697096763,71.5,,,2,0,0
Capped,2029,ROW,EB-2,2061,total_created,2,12892.0,36.76955262170047,25.999999999999996,,,2,0,0
Capped,2029,ROW,EB-3,2061,total_created,2,17354.5,108.18733752154178,76.5,,,2,0,0
Capped,2029,ROW,EB-4,2061,total_created,2,11005.5,72.8319984622144,51.5,,,2,0,0
Capped,2029,ROW,EB-5,2061,total_created,2,1308.5,53.033008588991066,37.5,,,2,0,0
Capped,2030,India,EB-1,2061,total_created,2,4722.5,6.363961030678928,4.5,,,2,0,0
Capped,2030,India,EB-2,2061,total_created,2,18326.0,97.58073580374356,69.0,,,2,0,0
Capped,2030,India,EB-3,2061,total_created,2,4730.5,14.849242404917497,10.499999999999998,,,2,0,0
Capped,2030,India,EB-4,2061,total_created,2,918.5,26.16295090390226,18.5,,,2,0,0
Capped,2030,India,EB-5,2061,total_created,2,686.5,20.506096654409877,14.499999999999998,,,2,0,0
Capped,2030,China,EB-1,2061,total_created,2,1895.5,72.8319984622144,51.5,,,2,0,0
Capped,2030,China,EB-2,2061,total_created,2,2550.5,95.45941546018392,67.5,,,2,0,0
Capped,2030,China,EB-3,2061,total_created,2,2321.5,102.5304832720494,72.5,,,2,0,0
Capped,2030,China,EB-4,2061,total_created,2,64.5,13.435028842544403,9.5,,,2,0,0
Capped,2030,China,EB-5,2061,total_created,2,1533.5,36.062445840513924,25.499999999999996,,,2,0,0
Capped,2030,ROW,EB-1,2061,total_created,2,8046.0,33.94112549695428,23.999999999999996,,,2,0,0
Capped,2030,ROW,EB-2,2061,total_created,2,12911.5,242.5376259469858,171.5,,,2,0,0
Capped,2030,ROW,EB-3,2061,total_created,2,17254.5,239.7091988222396,169.5,,,2,0,0
Capped,2030,ROW,EB-4,2061,total_created,2,11064.5,82.73149339882606,58.49999999999999,,,2,0,0
Capped,2030,ROW,EB-5,2061,total_created,2,1267.0,36.76955262170047,25.999999999999996,,,2,0,0
Capped,2031,India,EB-1,2061,total_created,2,4659.5,47.37615433949868,33.5,,,2,0,0
Capped,2031,India,EB-2,2061,total_created,2,18336.5,31.81980515339464,22.5,,,2,0,0
Capped,2031,India,EB-3,2061,total_created,2,4658.0,25.45584412271571,18.0,,,2,0,0
Capped,2031,India,EB-4,2061,total_created,2,954.0,101.82337649086284,72.0,,,2,0,0
Capped,2031,India,EB-5,2061,total_created,2,708.5,3.5355339059327378,2.5,,,2,0,0
Capped,2031,China,EB-1,2061,total_created,2,1886.0,39.59797974644666,27.999999999999996,,,2,0,0
Capped,2031,China,EB-2,2061,total_created,2,2593.0,87.68124086713189,61.99999999999999,,,2,0,0
Capped,2031,China,EB-3,2061,total_created,2,2316.5,2.1213203435596424,1.4999999999999998,,,2,0,0
Capped,2031,China,EB-4,2061,total_created,2,46.0,1.4142135623730951,1.0,,,2,0,0
Capped,2031,China,EB-5,2061,total_created,2,1594.5,38.890872965260115,27.5,,,2,0,0
Capped,2031,ROW,EB-1,2061,total_created,2,8239.0,33.94112549695428,23.999999999999996,,,2,0,0
Capped,2031,ROW,EB-2,2061,total_created,2,12867.5,218.4959953866432,154.5,,,2,0,0
Capped,2031,ROW,EB-3,2061,total_created,2,17274.0,41.012193308819754,28.999999999999996,,,2,0,0
Capped,2031,ROW,EB-4,2061,total_created,2,11085.5,215.667568261897,152.5,,,2,0,0
Capped,2031,ROW,EB-5,2061,total_created,2,1286.5,31.81980515339464,22.5,,,2,0,0
Capped,2032,India,EB-1,2061,total_created,2,4609.5,81.31727983645297,57.5,,,2,0,0
Capped,2032,India,EB-2,2061,total_created,2,18202.5,50.204581464244875,35.5,,,2,0,0
Capped,2032,India,EB-3,2061,total_created,2,4656.0,18.384776310850235,12.999999999999998,,,2,0,0
Capped,2032,India,EB-4,2061,total_created,2,881.5,34.64823227814083,24.5,,,2,0,0
Capped,2032,India,EB-5,2061,total_created,2,716.5,2.1213203435596424,1.4999999999999998,,,2,0,0
Capped,2032,China,EB-1,2061,total_created,2,1866.0,16.97056274847714,11.999999999999998,,,2,0,0
Capped,2032,China,EB-2,2061,total_created,2,2564.0,33.94112549695428,23.999999999999996,,,2,0,0
Capped,2032,China,EB-3,2061,total_created,2,2265.5,65.76093065034893,46.5,,,2,0,0
Capped,2032,China,EB-4,2061,total_created,2,50.5,0.7071067811865476,0.5,,,2,0,0
Capped,2032,China,EB-5,2061,total_created,2,1539.5,16.263455967290593,11.5,,,2,0,0
Capped,2032,ROW,EB-1,2061,total_created,2,8151.5,82.73149339882606,58.49999999999999,,,2,0,0
Capped,2032,ROW,EB-2,2061,total_created,2,13037.0,237.58787847867995,167.99999999999997,,,2,0,0
Capped,2032,ROW,EB-3,2061,total_created,2,17160.0,12.727922061357855,9.0,,,2,0,0
Capped,2032,ROW,EB-4,2061,total_created,2,11067.0,142.8355697996826,100.99999999999999,,,2,0,0
Capped,2032,ROW,EB-5,2061,total_created,2,1343.5,27.577164466275352,19.499999999999996,,,2,0,0
Capped,2033,India,EB-1,2061,total_created,2,4705.5,72.8319984622144,51.5,,,2,0,0
Capped,2033,India,EB-2,2061,total_created,2,18195.5,31.81980515339464,22.5,,,2,0,0
Capped,2033,India,EB-3,2061,total_created,2,4734.5,67.17514421272202,47.5,,,2,0,0
Capped,2033,India,EB-4,2061,total_created,2,889.0,57.982756057296896,41.0,,,2,0,0
Capped,2033,India,EB-5,2061,total_created,2,695.5,4.949747468305833,3.4999999999999996,,,2,0,0
Capped,2033,China,EB-1,2061,total_created,2,1900.5,47.37615433949868,33.5,,,2,0,0
Capped,2033,China,EB-2,2061,total_created,2,2646.5,44.54772721475249,31.499999999999996,,,2,0,0
Capped,2033,China,EB-3,2061,total_created,2,2277.5,27.577164466275352,19.499999999999996,,,2,0,0
Capped,2033,China,EB-4,2061,total_created,2,42.5,10.606601717798213,7.5,,,2,0,0
Capped,2033,China,EB-5,2061,total_created,2,1541.5,14.849242404917497,10.499999999999998,,,2,0,0
Capped,2033,ROW,EB-1,2061,total_created,2,8077.5,201.52543263816605,142.5,,,2,0,0
Capped,2033,ROW,EB-2,2061,total_created,2,13042.0,125.86500705120545,88.99999999999999,,,2,0,0
Capped,2033,ROW,EB-3,2061,total_created,2,17232.0,172.5340546095176,121.99999999999999,,,2,0,0
Capped,2033,ROW,EB-4,2061,total_created,2,10958.5,89.80256121069154,63.49999999999999,,,2,0,0
Capped,2033,ROW,EB-5,2061,total_created,2,1327.0,59.39696961966999,41.99999999999999,,,2,0,0
Capped,2034,India,EB-1,2061,total_created,2,4763.5,4.949747468305833,3.4999999999999996,,,2,0,0
Capped,2034,India,EB-2,2061,total_created,2,18265.5,249.60869375885127,176.5,,,2,0,0
Capped,2034,India,EB-3,2061,total_created,2,4601.0,36.76955262170047,25.999999999999996,,,2,0,0
Capped,2034,India,EB-4,2061,total_created,2,957.0,18.384776310850235,12.999999999999998,,,2,0,0
Capped,2034,India,EB-5,2061,total_created,2,703.5,26.16295090390226,18.5,,,2,0,0
Capped,2034,China,EB-1,2061,total_created,2,1891.5,2.1213203435596424,1.4999999999999998,,,2,0,0
Capped,2034,China,EB-2,2061,total_created,2,2540.5,57.27564927611035,40.5,,,2,0,0
Capped,2034,China,EB-3,2061,total_created,2,2378.5,133.64318164425748,94.5,,,2,0,0
Capped,2034,China,EB-4,2061,total_created,2,55.5,0.7071067811865476,0.5,,,2,0,0
Capped,2034,China,EB-5,2061,total_created,2,1563.5,9.192388155425117,6.499999999999999,,,2,0,0
Capped,2034,ROW,EB-1,2061,total_created,2,8067.5,16.263455967290593,11.5,,,2,0,0
Capped,2034,ROW,EB-2,2061,total_created,2,13066.0,80.61017305526642,56.99999999999999,,,2,0,0
Capped,2034,ROW,EB-3,2061,total_created,2,17189.5,21.920310216782973,15.499999999999998,,,2,0,0
Capped,2034,ROW,EB-4,2061,total_created,2,11064.0,0.0,0.0,,,2,0,0
Capped,2034,ROW,EB-5,2061,total_created,2,1276.0,62.22539674441618,43.99999999999999,,,2,0,0
Capped,2035,India,EB-1,2061,total_created,2,4665.5,118.08683245815344,83.5,,,2,0,0
Capped,2035,India,EB-2,2061,total_created,2,18346.0,234.75945135393377,165.99999999999997,,,2,0,0
Capped,2035,India,EB-3,2061,total_created,2,4624.0,103.23759005323593,72.99999999999999,,,2,0,0
Capped,2035,India,EB-4,2061,total_created,2,907.0,9.899494936611665,6.999999999999999,,,2,0,0
Capped,2035,India,EB-5,2061,total_created,2,679.0,28.284271247461902,20.0,,,2,0,0
Capped,2035,China,EB-1,2061,total_created,2,1907.5,2.1213203435596424,1.4999999999999998,,,2,0,0
Capped,2035,China,EB-2,2061,total_created,2,2573.0,16.97056274847714,11.999999999999998,,,2,0,0
Capped,2035,China,EB-3,2061,total_created,2,2345.0,2.8284271247461903,2.0,,,2,0,0
Capped,2035,China,EB-4,2061,total_created,2,46.0,16.97056274847714,11.999999999999998,,,2,0,0
Capped,2035,China,EB-5,2061,total_created,2,1550.0,21.213203435596427,15.0,,,2,0,0
Capped,2035,ROW,EB-1,2061,total_created,2,8064.0,86.2670273047588,60.99999999999999,,,2,0,0
Capped,2035,ROW,EB-2,2061,total_created,2,12771.0,70.71067811865476,50.0,,,2,0,0
Capped,2035,ROW,EB-3,2061,total_created,2,17145.0,210.71782079359116,149.0,,,2,0,0
Capped,2035,ROW,EB-4,2061,total_created,2,11159.0,158.39191898578665,111.99999999999999,,,2,0,0
Capped,2035,ROW,EB-5,2061,total_created,2,1302.5,31.81980515339464,22.5,,,2,0,0
Capped,2036,India,EB-1,2061,total_created,2,4645.0,41.012193308819754,28.999999999999996,,,2,0,0
Capped,2036,India,EB-2,2061,total_created,2,18362.5,21.920310216782973,15.499999999999998,,,2,0,0
Capped,2036,India,EB-3,2061,total_created,2,4690.5,74.24621202458749,52.5,,,2,0,0
Capped,2036,India,EB-4,2061,total_created,2,945.5,0.7071067811865476,0.5,,,2,0,0
Capped,2036,India,EB-5,2061,total_created,2,710.5,4.949747468305833,3.4999999999999996,,,2,0,0
Capped,2036,China,EB-1,2061,total_created,2,1905.0,50.91168824543142,36.0,,,2,0,0
Capped,2036,China,EB-2,2061,total_created,2,2594.5,27.577164466275352,19.499999999999996,,,2,0,0
Capped,2036,China,EB-3,2061,total_created,2,2279.5,118.08683245815344,83.5,,,2,0,0
Capped,2036,China,EB-4,2061,total_created,2,47.5,4.949747468305833,3.4999999999999996,,,2,0,0
Capped,2036,China,EB-5,2061,total_created,2,1507.0,72.12489168102785,50.99999999999999,,,2,0,0
Capped,2036,ROW,EB-1,2061,total_created,2,8203.5,180.31222920256963,127.5,,,2,0,0
Capped,2036,ROW,EB-2,2061,total_created,2,13156.5,198.69700551341987,140.5,,,2,0,0
Capped,2036,ROW,EB-3,2061,total_created,2,17091.5,127.9863273947651,90.49999999999999,,,2,0,0
Capped,2036,ROW,EB-4,2061,total_created,2,11087.0,21.213203435596427,15.0,,,2,0,0
Capped,2036,ROW,EB-5,2061,total_created,2,1264.0,59.39696961966999,41.99999999999999,,,2,0,0
Capped,2037,India,EB-1,2061,total_created,2,4671.0,16.97056274847714,11.999999999999998,,,2,0,0
Capped,2037,India,EB-2,2061,total_created,2,18201.5,16.263455967290593,11.5,,,2,0,0
Capped,2037,India,EB-3,2061,total_created,2,4599.0,11.313708498984761,8.0,,,2,0,0
Capped,2037,India,EB-4,2061,total_created,2,931.0,39.59797974644666,27.999999999999996,,,2,0,0
Capped,2037,India,EB-5,2061,total_created,2,711.5,2.1213203435596424,1.4999999999999998,,,2,0,0
Capped,2037,China,EB-1,2061,total_created,2,1812.0,5.656854249492381,4.0,,,2,0,0
Capped,2037,China,EB-2,2061,total_created,2,2497.5,31.81980515339464,22.5,,,2,0,0
Capped,2037,China,EB-3,2061,total_created,2,2319.5,68.58935777509511,48.5,,,2,0,0
Capped,2037,China,EB-4,2061,total_created,2,60.0,22.627416997969522,16.0,,,2,0,0
Capped,2037,China,EB-5,2061,total_created,2,1527.0,46.66904755831214,33.0,,,2,0,0
Capped,2037,ROW,EB-1,2061,total_created,2,8187.5,64.34671708797582,45.49999999999999,,,2,0,0
Capped,2037,ROW,EB-2,2061,total_created,2,12764.5,81.31727983645297,57.5,,,2,0,0
Capped,2037,ROW,EB-3,2061,total_created,2,16930.0,63.63961030678928,45.0,,,2,0,0
Capped,2037,ROW,EB-4,2061,total_created,2,11014.0,137.17871555019022,97.0,,,2,0,0
Capped,2037,ROW,EB-5,2061,total_created,2,1261.0,66.46803743153546,46.99999999999999,,,2,0,0
Capped,2038,India,EB-1,2061,total_created,2,4694.5,86.97413408594535,61.5,,,2,0,0
Capped,2038,India,EB-2,2061,total_created,2,18287.5,200.11121907579295,141.5,,,2,0,0
Capped,2038,India,EB-3,2061,total_created,2,4624.5,21.920310216782973,15.499999999999998,,,2,0,0
Capped,2038,India,EB-4,2061,total_created,2,954.0,8.48528137423857,5.999999999999999,,,2,0,0
Capped,2038,India,EB-5,2061,total_created,2,682.0,35.35533905932738,25.0,,,2,0,0
Capped,2038,China,EB-1,2061,total_created,2,1891.5,77.07463914933368,54.49999999999999,,,2,0,0
Capped,2038,China,EB-2,2061,total_created,2,2635.0,82.02438661763951,57.99999999999999,,,2,0,0
Capped,2038,China,EB-3,2061,total_created,2,2299.5,24.748737341529164,17.5,,,2,0,0
Capped,2038,China,EB-4,2061,total_created,2,46.0,15.556349186104045,10.999999999999998,,,2,0,0
Capped,2038,China,EB-5,2061,total_created,2,1547.5,10.606601717798213,7.5,,,2,0,0
Capped,2038,ROW,EB-1,2061,total_created,2,8098.0,114.5512985522207,81.0,,,2,0,0
Capped,2038,ROW,EB-2,2061,total_created,2,13178.0,101.82337649086284,72.0,,,2,0,0
Capped,2038,ROW,EB-3,2061,total_created,2,17169.0,16.97056274847714,11.999999999999998,,,2,0,0
Capped,2038,ROW,EB-4,2061,total_created,2,11101.5,36.062445840513924,25.499999999999996,,,2,0,0
Capped,2038,ROW,EB-5,2061,total_created,2,1304.5,16.263455967290593,11.5,,,2,0,0
Capped,2039,India,EB-1,2061,total_created,2,4723.5,71.4177848998413,50.49999999999999,,,2,0,0
Capped,2039,India,EB-2,2061,total_created,2,18298.0,237.58787847867995,167.99999999999997,,,2,0,0
Capped,2039,India,EB-3,2061,total_created,2,4698.0,168.2914139223983,118.99999999999999,,,2,0,0
Capped,2039,India,EB-4,2061,total_created,2,973.0,57.982756057296896,41.0,,,2,0,0
Capped,2039,India,EB-5,2061,total_created,2,692.5,60.10407640085654,42.5,,,2,0,0
Capped,2039,China,EB-1,2061,total_created,2,1849.5,16.263455967290593,11.5,,,2,0,0
Capped,2039,China,EB-2,2061,total_created,2,2548.5,89.80256121069154,63.49999999999999,,,2,0,0
Capped,2039,China,EB-3,2061,total_created,2,2340.0,28.284271247461902,20.0,,,2,0,0
Capped,2039,China,EB-4,2061,total_created,2,67.5,7.7781745930520225,5.499999999999999,,,2,0,0
Capped,2039,China,EB-5,2061,total_created,2,1531.0,63.63961030678928,45.0,,,2,0,0
Capped,2039,ROW,EB-1,2061,total_created,2,8057.5,161.92745289171938,114.49999999999999,,,2,0,0
Capped,2039,ROW,EB-2,2061,total_created,2,13242.0,132.93607486307093,93.99999999999999,,,2,0,0
Capped,2039,ROW,EB-3,2061,total_created,2,17102.0,59.39696961966999,41.99999999999999,,,2,0,0
Capped,2039,ROW,EB-4,2061,total_created,2,10959.0,123.03657992645927,87.0,,,2,0,0
Capped,2039,ROW,EB-5,2061,total_created,2,1211.5,28.991378028648448,20.5,,,2,0,0
Capped,2040,India,EB-1,2061,total_created,2,4666.0,148.49242404917499,105.0,,,2,0,0
Capped,2040,India,EB-2,2061,total_created,2,18200.0,72.12489168102785,50.99999999999999,,,2,0,0
Capped,2040,India,EB-3,2061,total_created,2,4630.5,58.68986283848344,41.49999999999999,,,2,0,0
Capped,2040,India,EB-4,2061,total_created,2,929.5,44.54772721475249,31.499999999999996,,,2,0,0
Capped,2040,India,EB-5,2061,total_created,2,710.0,11.313708498984761,8.0,,,2,0,0
Capped,2040,China,EB-1,2061,total_created,2,1929.0,5.656854249492381,4.0,,,2,0,0
Capped,2040,China,EB-2,2061,total_created,2,2598.0,53.74011537017761,38.0,,,2,0,0
Capped,2040,China,EB-3,2061,total_created,2,2316.0,19.79898987322333,13.999999999999998,,,2,0,0
Capped,2040,China,EB-4,2061,total_created,2,50.5,12.020815280171307,8.499999999999998,,,2,0,0
Capped,2040,China,EB-5,2061,total_created,2,1528.5,9.192388155425117,6.499999999999999,,,2,0,0
Capped,2040,ROW,EB-1,2061,total_created,2,8077.5,130.8147545195113,92.5,,,2,0,0
Capped,2040,ROW,EB-2,2061,total_created,2,13092.5,193.04015126392747,136.5,,,2,0,0
Capped,2040,ROW,EB-3,2061,total_created,2,17190.5,108.18733752154178,76.5,,,2,0,0
Capped,2040,ROW,EB-4,2061,total_created,2,11043.0,77.78174593052023,55.0,,,2,0,0
Capped,2040,ROW,EB-5,2061,total_created,2,1273.0,22.627416997969522,16.0,,,2,0,0
Uncapped,2009,India,EB-1,2061,saved,2,1219.0,22.627416997969522,16.0,,,2,0,0
Uncapped,2009,India,EB-2,2061,saved,2,7467.0,189.50461735799473,134.0,,,2,0,0
Uncapped,2009,India,EB-3,2061,saved,2,23385.0,15.556349186104045,10.999999999999998,,,2,0,0
Uncapped,2009,India,EB-4,2061,saved,2,165.0,4.242640687119285,2.9999999999999996,,,2,0,0
Uncapped,2009,India,EB-5,2061,saved,2,17.0,2.8284271247461903,2.0,,,2,0,0
Uncapped,2009,China,EB-1,2061,saved,2,639.0,22.627416997969522,16.0,,,2,0,0
Uncapped,2009,China,EB-2,2061,saved,2,2504.0,41.012193308819754,28.999999999999996,,,2,0,0
Uncapped,2009,China,EB-3,2061,saved,2,6709.5,41.71930009000631,29.5,,,2,0,0
Uncapped,2009,China,EB-4,2061,saved,2,9.0,2.8284271247461903,2.0,,,2,0,0
Uncapped,2009,China,EB-5,2061,saved,2,325.0,1.4142135623730951,1.0,,,2,0,0
Uncapped,2009,ROW,EB-1,2061,saved,2,7914.5,150.61374439273462,106.49999999999999,,,2,0,0
Uncapped,2009,ROW,EB-2,2061,saved,2,8036.0,45.254833995939045,32.0,,,2,0,0
Uncapped,2009,ROW,EB-3,2061,saved,2,39920.0,111.72287142747452,79.0,,,2,0,0
Uncapped,2009,ROW,EB-4,2061,saved,2,2690.0,21.213203435596427,15.0,,,2,0,0
Uncapped,2009,ROW,EB-5,2061,saved,2,581.5,27.577164466275352,19.499999999999996,,,2,0,0
Uncapped,2010,India,EB-1,2061,saved,2,1453.5,33.23401871576773,23.499999999999996,,,2,0,0
Uncapped,2010,India,EB-2,2061,saved,2,6848.5,161.92745289171938,114.49999999999999,,,2,0,0
Uncapped,2010,India,EB-3,2061,saved,2,1527.0,16.97056274847714,11.999999999999998,,,2,0,0
Uncapped,2010,India,EB-4,2061,saved,2,179.5,26.16295090390226,18.5,,,2,0,0
Uncapped,2010,India,EB-5,2061,saved,2,27.0,1.4142135623730951,1.0,,,2,0,0
Uncapped,2010,China,EB-1,2061,saved,2,786.0,21.213203435596427,15.0,,,2,0,0
Uncapped,2010,China,EB-2,2061,saved,2,713.0,12.727922061357855,9.0,,,2,0,0
Uncapped,2010,China,EB-3,2061,saved,2,99.5,0.7071067811865476,0.5,,,2,0,0
Uncapped,2010,China,EB-4,2061,saved,2,6.0,8.48528137423857,5.999999999999999,,,1,1,0
Uncapped,2010,China,EB-5,2061,saved,2,297.0,5.656854249492381,4.0,,,2,0,0
Uncapped,2010,ROW,EB-1,2061,saved,2,7647.0,196.5756851698602,139.0,,,2,0,0
Uncapped,2010,ROW,EB-2,2061,saved,2,9255.5,36.062445840513924,25.499999999999996,,,2,0,0
Uncapped,2010,ROW,EB-3,2061,saved,2,4962.5,119.50104602052653,84.5,,,2,0,0
Uncapped,2010,ROW,EB-4,2061,saved,2,3432.5,75.66042558696059,53.49999999999999,,,2,0,0
Uncapped,2010,ROW,EB-5,2061,saved,2,613.0,45.254833995939045,32.0,,,2,0,0
Uncapped,2011,India,EB-1,2061,saved,2,1655.5,37.476659402887016,26.499999999999996,,,2,0,0
Uncapped,2011,India,EB-2,2061,saved,2,8561.0,121.62236636408618,86.0,,,2,0,0
Uncapped,2011,India,EB-3,2061,saved,2,1749.0,82.02438661763951,57.99999999999999,,,2,0,0
Uncapped,2011,India,EB-4,2061,saved,2,200.5,4.949747468305833,3.4999999999999996,,,2,0,0
Uncapped,2011,India,EB-5,2061,saved,2,11.0,2.8284271247461903,2.0,,,2,0,0
Uncapped,2011,China,EB-1,2061,saved,2,743.0,7.0710678118654755,5.0,,,2,0,0
Uncapped,2011,China,EB-2,2061,saved,2,689.5,34.64823227814083,24.5,,,2,0,0
Uncapped,2011,China,EB-3,2061,saved,2,81.0,4.242640687119285,2.9999999999999996,,,2,0,0
Uncapped,2011,China,EB-4,2061,saved,2,8.5,3.5355339059327378,2.5,,,2,0,0
Uncapped,2011,China,EB-5,2061,saved,2,593.0,16.97056274847714,11.999999999999998,,,2,0,0
Uncapped,2011,ROW,EB-1,2061,saved,2,5452.0,12.727922061357855,9.0,,,2,0,0
Uncapped,2011,ROW,EB-2,2061,saved,2,9771.0,39.59797974644666,27.999999999999996,,,2,0,0
Uncapped,2011,ROW,EB-3,2061,saved,2,3819.5,40.30508652763321,28.499999999999996,,,2,0,0
Uncapped,2011,ROW,EB-4,2061,saved,2,3864.0,8.48528137423857,5.999999999999999,,,2,0,0
Uncapped,2011,ROW,EB-5,2061,saved,2,398.5,31.81980515339464,22.5,,,2,0,0
Uncapped,2012,India,EB-1,2061,saved,2,1865.5,71.4177848998413,50.49999999999999,,,2,0,0
Uncapped,2012,India,EB-2,2061,saved,2,8268.0,63.63961030678928,45.0,,,2,0,0
Uncapped,2012,India,EB-3,2061,saved,2,1158.5,9.192388155425117,6.499999999999999,,,2,0,0
Uncapped,2012,India,EB-4,2061,saved,2,331.0,59.39696961966999,41.99999999999999,,,2,0,0
Uncapped,2012,India,EB-5,2061,saved,2,25.5,3.5355339059327378,2.5,,,2,0,0
Uncapped,2012,China,EB-1,2061,saved,2,815.0,62.22539674441618,43.99999999999999,,,2,0,0
Uncapped,2012,China,EB-2,2061,saved,2,668.0,24.041630560342615,16.999999999999996,,,2,0,0
Uncapped,2012,China,EB-3,2061,saved,2,65.0,9.899494936611665,6.999999999999999,,,2,0,0
Uncapped,2012,China,EB-4,2061,saved,2,9.5,3.5355339059327378,2.5,,,2,0,0
Uncapped,2012,China,EB-5,2061,saved,2,1532.0,2.8284271247461903,2.0,,,2,0,0
Uncapped,2012,ROW,EB-1,2061,saved,2,5731.5,31.81980515339464,22.5,,,2,0,0
Uncapped,2012,ROW,EB-2,2061,saved,2,8902.5,54.44722215136416,38.5,,,2,0,0
Uncapped,2012,ROW,EB-3,2061,saved,2,2207.5,70.0035713374682,49.49999999999999,,,2,0,0
Uncapped,2012,ROW,EB-4,2061,saved,2,5199.5,74.24621202458749,52.5,,,2,0,0
Uncapped,2012,ROW,EB-5,2061,saved,2,608.5,81.31727983645297,57.5,,,2,0,0
Uncapped,2013,India,EB-1,2061,saved,2,2522.5,17.67766952966369,12.5,,,2,0,0
Uncapped,2013,India,EB-2,2061,saved,2,7683.0,53.74011537017761,38.0,,,2,0,0
Uncapped,2013,India,EB-3,2061,saved,2,966.0,7.0710678118654755,5.0,,,2,0,0
Uncapped,2013,India,EB-4,2061,saved,2,630.5,27.577164466275352,19.499999999999996,,,2,0,0
Uncapped,2013,India,EB-5,2061,saved,2,29.5,3.5355339059327378,2.5,,,2,0,0
Uncapped,2013,China,EB-1,2061,saved,2,947.5,20.506096654409877,14.499999999999998,,,2,0,0
Uncapped,2013,China,EB-2,2061,saved,2,595.0,7.0710678118654755,5.0,,,2,0,0
Uncapped,2013,China,EB-3,2061,saved,2,52.5,4.949747468305833,3.4999999999999996,,,2,0,0
Uncapped,2013,China,EB-4,2061,saved,2,40.5,16.263455967290593,11.5,,,2,0,0
Uncapped,2013,China,EB-5,2061,saved,2,1586.0,16.97056274847714,11.999999999999998,,,2,0,0
Uncapped,2013,ROW,EB-1,2061,saved,2,6232.5,139.30003589374985,98.49999999999999,,,2,0,0
Uncapped,2013,ROW,EB-2,2061,saved,2,7675.5,28.991378028648448,20.5,,,2,0,0
Uncapped,2013,ROW,EB-3,2061,saved,2,2076.0,97.58073580374356,69.0,,,2,0,0
Uncapped,2013,ROW,EB-4,2061,saved,2,8533.0,31.11269837220809,21.999999999999996,,,2,0,0
Uncapped,2013,ROW,EB-5,2061,saved,2,601.0,9.899494936611665,6.999999999999999,,,2,0,0
Uncapped,2014,India,EB-1,2061,saved,2,3398.0,28.284271247461902,20.0,,,2,0,0
Uncapped,2014,India,EB-2,2061,saved,2,8717.0,80.61017305526642,56.99999999999999,,,2,0,0
Uncapped,2014,India,EB-3,2061,saved,2,1190.5,30.405591591021544,21.5,,,2,0,0
Uncapped,2014,India,EB-4,2061,saved,2,432.0,15.556349186104045,10.999999999999998,,,2,0,0
Uncapped,2014,India,EB-5,2061,saved,2,90.0,9.899494936611665,6.999999999999999,,,2,0,0
Uncapped,2014,China,EB-1,2061,saved,2,1128.0,7.0710678118654755,5.0,,,2,0,0
Uncapped,2014,China,EB-2,2061,saved,2,694.5,34.64823227814083,24.5,,,2,0,0
Uncapped,2014,China,EB-3,2061,saved,2,668.5,50.204581464244875,35.5,,,2,0,0
Uncapped,2014,China,EB-4,2061,saved,2,28.5,2.1213203435596424,1.4999999999999998,,,2,0,0
Uncapped,2014,China,EB-5,2061,saved,2,2139.0,107.48023074035522,76.0,,,2,0,0
Uncapped,2014,ROW,EB-1,2061,saved,2,6222.0,50.91168824543142,36.0,,,2,0,0
Uncapped,2014,ROW,EB-2,2061,saved,2,9154.5,13.435028842544403,9.5,,,2,0,0
Uncapped,2014,ROW,EB-3,2061,saved,2,2662.0,46.66904755831214,33.0,,,2,0,0
Uncapped,2014,ROW,EB-4,2061,saved,2,5970.0,165.46298679765212,116.99999999999999,,,2,0,0
Uncapped,2014,ROW,EB-5,2061,saved,2,801.0,69.29646455628166,49.0,,,2,0,0
Uncapped,2015,India,EB-1,2061,saved,2,3191.5,33.23401871576773,23.499999999999996,,,2,0,0
Uncapped,2015,India,EB-2,2061,saved,2,10868.0,94.75230867899737,67.0,,,2,0,0
Uncapped,2015,India,EB-3,2061,saved,2,1961.5,19.091883092036785,13.5,,,2,0,0
Uncapped,2015,India,EB-4,2061,saved,2,716.5,68.58935777509511,48.5,,,2,0,0
Uncapped,2015,India,EB-5,2061,saved,2,245.5,10.606601717798213,7.5,,,2,0,0
Uncapped,2015,China,EB-1,2061,saved,2,1308.0,19.79898987322333,13.999999999999998,,,2,0,0
Uncapped,2015,China,EB-2,2061,saved,2,897.5,108.18733752154178,76.5,,,2,0,0
Uncapped,2015,China,EB-3,2061,saved,2,230.0,5.656854249492381,4.0,,,2,0,0
Uncapped,2015,China,EB-4,2061,saved,2,56.5,6.363961030678928,4.5,,,2,0,0
Uncapped,2015,China,EB-5,2061,saved,2,3440.0,4.242640687119285,2.9999999999999996,,,2,0,0
Uncapped,2015,ROW,EB-1,2061,saved,2,7308.0,186.67619023324855,132.0,,,2,0,0
Uncapped,2015,ROW,EB-2,2061,saved,2,9934.0,114.5512985522207,81.0,,,2,0,0
Uncapped,2015,ROW,EB-3,2061,saved,2,4263.5,33.23401871576773,23.499999999999996,,,2,0,0
Uncapped,2015,ROW,EB-4,2061,saved,2,7610.5,167.58430714121175,118.49999999999999,,,2,0,0
Uncapped,2015,ROW,EB-5,2061,saved,2,1506.5,16.263455967290593,11.5,,,2,0,0
Uncapped,2016,India,EB-1,2061,saved,2,4055.0,21.213203435596427,15.0,,,2,0,0
Uncapped,2016,India,EB-2,2061,saved,2,15712.0,24.041630560342615,16.999999999999996,,,2,0,0
Uncapped,2016,India,EB-3,2061,saved,2,3320.5,7.7781745930520225,5.499999999999999,,,2,0,0
Uncapped,2016,India,EB-4,2061,saved,2,505.5,36.062445840513924,25.499999999999996,,,2,0,0
Uncapped,2016,India,EB-5,2061,saved,2,296.5,3.5355339059327378,2.5,,,2,0,0
Uncapped,2016,China,EB-1,2061,saved,2,1371.5,98.2878425849301,69.5,,,2,0,0
Uncapped,2016,China,EB-2,2061,saved,2,1270.5,55.86143571373726,39.5,,,2,0,0
Uncapped,2016,China,EB-3,2061,saved,2,597.0,39.59797974644666,27.999999999999996,,,2,0,0
Uncapped,2016,China,EB-4,2061,saved,2,59.0,14.142135623730951,10.0,,,2,0,0
Uncapped,2016,China,EB-5,2061,saved,2,2777.0,22.627416997969522,16.0,,,2,0,0
Uncapped,2016,ROW,EB-1,2061,saved,2,8251.0,168.2914139223983,118.99999999999999,,,2,0,0
Uncapped,2016,ROW,EB-2,2061,saved,2,12226.5,116.67261889578035,82.5,,,2,0,0
Uncapped,2016,ROW,EB-3,2061,saved,2,8219.0,220.61731573020282,155.99999999999997,,,2,0,0
Uncapped,2016,ROW,EB-4,2061,saved,2,5986.5,249.60869375885127,176.5,,,2,0,0
Uncapped,2016,ROW,EB-5,2061,saved,2,1398.5,43.1335136523794,30.499999999999996,,,2,0,0
Uncapped,2017,India,EB-1,2061,saved,2,4387.0,46.66904755831214,33.0,,,2,0,0
Uncapped,2017,India,EB-2,2061,saved,2,13079.0,241.83051916579925,170.99999999999997,,,2,0,0
Uncapped,2017,India,EB-3,2061,saved,2,2893.5,116.67261889578035,82.5,,,2,0,0
Uncapped,2017,India,EB-4,2061,saved,2,223.5,20.506096654409877,14.499999999999998,,,2,0,0
Uncapped,2017,India,EB-5,2061,saved,2,585.5,50.204581464244875,35.5,,,2,0,0
Uncapped,2017,China,EB-1,2061,saved,2,1517.0,18.384776310850235,12.999999999999998,,,2,0,0
Uncapped,2017,China,EB-2,2061,saved,2,682.5,34.64823227814083,24.5,,,2,0,0
Uncapped,2017,China,EB-3,2061,saved,2,806.0,25.45584412271571,18.0,,,2,0,0
Uncapped,2017,China,EB-4,2061,saved,2,37.5,16.263455967290593,11.5,,,2,0,0
Uncapped,2017,China,EB-5,2061,saved,2,3925.0,124.45079348883236,87.99999999999999,,,2,0,0
Uncapped,2017,ROW,EB-1,2061,saved,2,8698.5,13.435028842544403,9.5,,,2,0,0
Uncapped,2017,ROW,EB-2,2061,saved,2,10091.5,24.748737341529164,17.5,,,2,0,0
Uncapped,2017,ROW,EB-3,2061,saved,2,8523.5,120.91525958289962,85.49999999999999,,,2,0,0
Uncapped,2017,ROW,EB-4,2061,saved,2,3402.0,32.526911934581186,23.0,,,2,0,0
Uncapped,2017,ROW,EB-5,2061,saved,2,2112.0,43.840620433565945,30.999999999999996,,,2,0,0
Uncapped,2018,India,EB-1,2061,saved,2,3905.5,37.476659402887016,26.499999999999996,,,2,0,0
Uncapped,2018,India,EB-2,2061,saved,2,11713.5,91.21677477306463,64.5,,,2,0,0
Uncapped,2018,India,EB-3,2061,saved,2,2780.5,43.1335136523794,30.499999999999996,,,2,0,0
Uncapped,2018,India,EB-4,2061,saved,2,179.5,17.67766952966369,12.5,,,2,0,0
Uncapped,2018,India,EB-5,2061,saved,2,805.0,52.32590180780452,37.0,,,2,0,0
Uncapped,2018,China,EB-1,2061,saved,2,1280.0,33.94112549695428,23.999999999999996,,,2,0,0
Uncapped,2018,China,EB-2,2061,saved,2,791.5,6.363961030678928,4.5,,,2,0,0
Uncapped,2018,China,EB-3,2061,saved,2,810.5,44.54772721475249,31.499999999999996,,,2,0,0
Uncapped,2018,China,EB-4,2061,saved,2,38.0,5.656854249492381,4.0,,,2,0,0
Uncapped,2018,China,EB-5,2061,saved,2,4229.5,54.44722215136416,38.5,,,2,0,0
Uncapped,2018,ROW,EB-1,2061,saved,2,7215.5,30.405591591021544,21.5,,,2,0,0
Uncapped,2018,ROW,EB-2,2061,saved,2,10329.0,77.78174593052023,55.0,,,2,0,0
Uncapped,2018,ROW,EB-3,2061,saved,2,9889.5,108.18733752154178,76.5,,,2,0,0
Uncapped,2018,ROW,EB-4,2061,saved,2,2444.0,32.526911934581186,23.0,,,2,0,0
Uncapped,2018,ROW,EB-5,2061,saved,2,2629.0,24.041630560342615,16.999999999999996,,,2,0,0
Uncapped,2019,India,EB-1,2061,saved,2,3624.5,75.66042558696059,53.49999999999999,,,2,0,0
Uncapped,2019,India,EB-2,2061,saved,2,11996.5,37.476659402887016,26.499999999999996,,,2,0,0
Uncapped,2019,India,EB-3,2061,saved,2,3916.5,30.405591591021544,21.5,,,2,0,0
Uncapped,2019,India,EB-4,2061,saved,2,205.5,3.5355339059327378,2.5,,,2,0,0
Uncapped,2019,India,EB-5,2061,saved,2,281.5,37.476659402887016,26.499999999999996,,,2,0,0
Uncapped,2019,China,EB-1,2061,saved,2,1077.0,45.254833995939045,32.0,,,2,0,0
Uncapped,2019,China,EB-2,2061,saved,2,997.0,57.982756057296896,41.0,,,2,0,0
Uncapped,2019,China,EB-3,2061,saved,2,704.5,10.606601717798213,7.5,,,2,0,0
Uncapped,2019,China,EB-4,2061,saved,2,47.0,0.0,0.0,,,2,0,0
Uncapped,2019,China,EB-5,2061,saved,2,1114.0,25.45584412271571,18.0,,,2,0,0
Uncapped,2019,ROW,EB-1,2061,saved,2,5690.5,28.991378028648448,20.5,,,2,0,0
Uncapped,2019,ROW,EB-2,2061,saved,2,10519.5,47.37615433949868,33.5,,,2,0,0
Uncapped,2019,ROW,EB-3,2061,saved,2,11626.0,41.012193308819754,28.999999999999996,,,2,0,0
Uncapped,2019,ROW,EB-4,2061,saved,2,3002.0,21.213203435596427,15.0,,,2,0,0
Uncapped,2019,ROW,EB-5,2061,saved,2,781.0,9.899494936611665,6.999999999999999,,,2,0,0
Uncapped,2020,India,EB-1,2061,saved,2,3190.5,70.0035713374682,49.49999999999999,,,2,0,0
Uncapped,2020,India,EB-2,2061,saved,2,9339.5,6.363961030678928,4.5,,,2,0,0
Uncapped,2020,India,EB-3,2061,saved,2,3172.0,93.33809511662427,66.0,,,2,0,0
Uncapped,2020,India,EB-4,2061,saved,2,170.0,2.8284271247461903,2.0,,,2,0,0
Uncapped,2020,India,EB-5,2061,saved,2,188.5,6.363961030678928,4.5,,,2,0,0
Uncapped,2020,China,EB-1,2061,saved,2,901.5,21.920310216782973,15.499999999999998,,,2,0,0
Uncapped,2020,China,EB-2,2061,saved,2,930.5,43.1335136523794,30.499999999999996,,,2,0,0
Uncapped,2020,China,EB-3,2061,saved,2,893.0,11.313708498984761,8.0,,,2,0,0
Uncapped,2020,China,EB-4,2061,saved,2,31.5,12.020815280171307,8.499999999999998,,,2,0,0
Uncapped,2020,China,EB-5,2061,saved,2,782.0,28.284271247461902,20.0,,,2,0,0
Uncapped,2020,ROW,EB-1,2061,saved,2,5371.0,79.19595949289332,55.99999999999999,,,2,0,0
Uncapped,2020,ROW,EB-2,2061,saved,2,9400.0,72.12489168102785,50.99999999999999,,,2,0,0
Uncapped,2020,ROW,EB-3,2061,saved,2,10496.0,227.6883835420683,160.99999999999997,,,2,0,0
Uncapped,2020,ROW,EB-4,2061,saved,2,2251.0,11.313708498984761,8.0,,,2,0,0
Uncapped,2020,ROW,EB-5,2061,saved,2,540.0,69.29646455628166,49.0,,,2,0,0
Uncapped,2021,India,EB-1,2061,saved,2,3752.0,33.94112549695428,23.999999999999996,,,2,0,0
Uncapped,2021,India,EB-2,2061,saved,2,9210.5,4.949747468305833,3.4999999999999996,,,2,0,0
Uncapped,2021,India,EB-3,2061,saved,2,17091.0,203.64675298172568,144.0,,,2,0,0
Uncapped,2021,India,EB-4,2061,saved,2,92.5,7.7781745930520225,5.499999999999999,,,2,0,0
Uncapped,2021,India,EB-5,2061,saved,2,205.0,0.0,0.0,,,2,0,0
Uncapped,2021,China,EB-1,2061,saved,2,986.5,2.1213203435596424,1.4999999999999998,,,2,0,0
Uncapped,2021,China,EB-2,2061,saved,2,782.0,48.08326112068523,33.99999999999999,,,2,0,0
Uncapped,2021,China,EB-3,2061,saved,2,1948.0,15.556349186104045,10.999999999999998,,,2,0,0
Uncapped,2021,China,EB-4,2061,saved,2,10.5,2.1213203435596424,1.4999999999999998,,,2,0,0
Uncapped,2021,China,EB-5,2061,saved,2,757.5,6.363961030678928,4.5,,,2,0,0
Uncapped,2021,ROW,EB-1,2061,saved,2,5125.5,36.062445840513924,25.499999999999996,,,2,0,0
Uncapped,2021,ROW,EB-2,2061,saved,2,10029.0,128.69343417595164,90.99999999999999,,,2,0,0
Uncapped,2021,ROW,EB-3,2061,saved,2,10957.0,89.09545442950498,62.99999999999999,,,2,0,0
Uncapped,2021,ROW,EB-4,2061,saved,2,2006.5,20.506096654409877,14.499999999999998,,,2,0,0
Uncapped,2021,ROW,EB-5,2061,saved,2,555.5,28.991378028648448,20.5,,,2,0,0
Uncapped,2022,India,EB-1,2061,saved,2,4287.5,9.192388155425117,6.499999999999999,,,2,0,0
Uncapped,2022,India,EB-2,2061,saved,2,10050.0,185.26197667087544,130.99999999999997,,,2,0,0
Uncapped,2022,India,EB-3,2061,saved,2,5775.0,94.75230867899737,67.0,,,2,0,0
Uncapped,2022,India,EB-4,2061,saved,2,212.5,16.263455967290593,11.5,,,2,0,0
Uncapped,2022,India,EB-5,2061,saved,2,49.5,7.7781745930520225,5.499999999999999,,,2,0,0
Uncapped,2022,China,EB-1,2061,saved,2,1302.5,19.091883092036785,13.5,,,2,0,0
Uncapped,2022,China,EB-2,2061,saved,2,750.5,36.062445840513924,25.499999999999996,,,2,0,0
Uncapped,2022,China,EB-3,2061,saved,2,779.5,26.16295090390226,18.5,,,2,0,0
Uncapped,2022,China,EB-4,2061,saved,2,37.0,8.48528137423857,5.999999999999999,,,2,0,0
Uncapped,2022,China,EB-5,2061,saved,2,158.0,5.656854249492381,4.0,,,2,0,0
Uncapped,2022,ROW,EB-1,2061,saved,2,6190.5,105.35891039679558,74.5,,,2,0,0
Uncapped,2022,ROW,EB-2,2061,saved,2,12326.0,100.40916292848975,71.0,,,2,0,0
Uncapped,2022,ROW,EB-3,2061,saved,2,13803.5,53.033008588991066,37.5,,,2,0,0
Uncapped,2022,ROW,EB-4,2061,saved,2,2542.0,5.656854249492381,4.0,,,2,0,0
Uncapped,2022,ROW,EB-5,2061,saved,2,146.5,0.7071067811865476,0.5,,,2,0,0
Uncapped,2023,India,EB-1,2061,saved,2,5783.5,37.476659402887016,26.499999999999996,,,2,0,0
Uncapped,2023,India,EB-2,2061,saved,2,7476.0,98.99494936611666,70.0,,,2,0,0
Uncapped,2023,India,EB-3,2061,saved,2,4445.5,9.192388155425117,6.499999999999999,,,2,0,0
Uncapped,2023,India,EB-4,2061,saved,2,127.0,9.899494936611665,6.999999999999999,,,2,0,0
Uncapped,2023,India,EB-5,2061,saved,2,258.5,3.5355339059327378,2.5,,,2,0,0
Uncapped,2023,China,EB-1,2061,saved,2,2071.5,89.80256121069154,63.49999999999999,,,2,0,0
Uncapped,2023,China,EB-2,2061,saved,2,827.0,4.242640687119285,2.9999999999999996,,,2,0,0
Uncapped,2023,China,EB-3,2061,saved,2,628.0,7.0710678118654755,5.0,,,2,0,0
Uncapped,2023,China,EB-4,2061,saved,2,18.0,5.656854249492381,4.0,,,2,0,0
Uncapped,2023,China,EB-5,2061,saved,2,634.5,70.0035713374682,49.49999999999999,,,2,0,0
Uncapped,2023,ROW,EB-1,2061,saved,2,8309.5,86.97413408594535,61.5,,,2,0,0
Uncapped,2023,ROW,EB-2,2061,saved,2,7071.0,164.04877323527901,115.99999999999999,,,2,0,0
Uncapped,2023,ROW,EB-3,2061,saved,2,10551.5,0.7071067811865476,0.5,,,2,0,0
Uncapped,2023,ROW,EB-4,2061,saved,2,1140.0,7.0710678118654755,5.0,,,2,0,0
Uncapped,2023,ROW,EB-5,2061,saved,2,469.5,16.263455967290593,11.5,,,2,0,0
Uncapped,2024,India,EB-1,2061,saved,2,4621.5,60.10407640085654,42.5,,,2,0,0
Uncapped,2024,India,EB-2,2061,saved,2,5979.5,2.1213203435596424,1.4999999999999998,,,2,0,0
Uncapped,2024,India,EB-3,2061,saved,2,3427.0,69.29646455628166,49.0,,,2,0,0
Uncapped,2024,India,EB-4,2061,saved,2,52.5,2.1213203435596424,1.4999999999999998,,,2,0,0
Uncapped,2024,India,EB-5,2061,saved,2,708.0,5.656854249492381,4.0,,,2,0,0
Uncapped,2024,China,EB-1,2061,saved,2,1814.5,79.90306627407988,56.5,,,2,0,0
Uncapped,2024,China,EB-2,2061,saved,2,592.0,21.213203435596427,15.0,,,2,0,0
Uncapped,2024,China,EB-3,2061,saved,2,1298.0,41.012193308819754,28.999999999999996,,,2,0,0
Uncapped,2024,China,EB-4,2061,saved,2,48.0,15.556349186104045,10.999999999999998,,,2,0,0
Uncapped,2024,China,EB-5,2061,saved,2,1521.5,31.81980515339464,22.5,,,2,0,0
Uncapped,2024,ROW,EB-1,2061,saved,2,8158.0,48.08326112068523,33.99999999999999,,,2,0,0
Uncapped,2024,ROW,EB-2,2061,saved,2,2358.5,10.606601717798213,7.5,,,2,0,0
Uncapped,2024,ROW,EB-3,2061,saved,2,9219.5,38.890872965260115,27.5,,,2,0,0
Uncapped,2024,ROW,EB-4,2061,saved,2,469.0,4.242640687119285,2.9999999999999996,,,2,0,0
Uncapped,2024,ROW,EB-5,2061,saved,2,1262.5,47.37615433949868,33.5,,,2,0,0
Uncapped,2025,India,EB-1,2061,saved,2,4616.0,159.80613254815975,113.0,,,2,0,0
Uncapped,2025,India,EB-2,2061,saved,2,4761.5,109.60155108391487,77.5,,,2,0,0
Uncapped,2025,India,EB-3,2061,saved,2,3199.5,70.0035713374682,49.49999999999999,,,2,0,0
Uncapped,2025,India,EB-4,2061,saved,2,6.0,1.4142135623730951,1.0,,,2,0,0
Uncapped,2025,India,EB-5,2061,saved,2,636.5,9.192388155425117,6.499999999999999,,,2,0,0
Uncapped,2025,China,EB-1,2061,saved,2,1911.0,50.91168824543142,36.0,,,2,0,0
Uncapped,2025,China,EB-2,2061,saved,2,498.5,12.020815280171307,8.499999999999998,,,2,0,0
Uncapped,2025,China,EB-3,2061,saved,2,1233.0,18.384776310850235,12.999999999999998,,,2,0,0
Uncapped,2025,China,EB-4,2061,saved,2,0.0,0.0,0.0,,,0,2,0
Uncapped,2025,China,EB-5,2061,saved,2,1557.0,42.42640687119285,30.0,,,2,0,0
Uncapped,2025,ROW,EB-1,2061,saved,2,7861.5,106.77312395916867,75.49999999999999,,,2,0,0
Uncapped,2025,ROW,EB-2,2061,saved,2,1819.5,6.363961030678928,4.5,,,2,0,0
Uncapped,2025,ROW,EB-3,2061,saved,2,8663.0,33.94112549695428,23.999999999999996,,,2,0,0
Uncapped,2025,ROW,EB-4,2061,saved,2,34.0,0.0,0.0,,,2,0,0
Uncapped,2025,ROW,EB-5,2061,saved,2,1195.5,38.890872965260115,27.5,,,2,0,0
Uncapped,2026,India,EB-1,2061,saved,2,4620.0,94.75230867899737,67.0,,,2,0,0
Uncapped,2026,India,EB-2,2061,saved,2,3567.5,48.79036790187178,34.5,,,2,0,0
Uncapped,2026,India,EB-3,2061,saved,2,3185.0,33.94112549695428,23.999999999999996,,,2,0,0
Uncapped,2026,India,EB-4,2061,saved,2,0.0,0.0,0.0,,,0,2,0
Uncapped,2026,India,EB-5,2061,saved,2,683.5,40.30508652763321,28.499999999999996,,,2,0,0
Uncapped,2026,China,EB-1,2061,saved,2,1763.5,14.849242404917497,10.499999999999998,,,2,0,0
Uncapped,2026,China,EB-2,2061,saved,2,396.0,5.656854249492381,4.0,,,2,0,0
Uncapped,2026,China,EB-3,2061,saved,2,1171.5,36.062445840513924,25.499999999999996,,,2,0,0
Uncapped,2026,China,EB-4,2061,saved,2,0.0,0.0,0.0,,,0,2,0
Uncapped,2026,China,EB-5,2061,saved,2,1486.5,3.5355339059327378,2.5,,,2,0,0
Uncapped,2026,ROW,EB-1,2061,saved,2,7997.5,0.7071067811865476,0.5,,,2,0,0
Uncapped,2026,ROW,EB-2,2061,saved,2,1304.5,19.091883092036785,13.5,,,2,0,0
Uncapped,2026,ROW,EB-3,2061,saved,2,8233.5,9.192388155425117,6.499999999999999,,,2,0,0
Uncapped,2026,ROW,EB-4,2061,saved,2,0.0,0.0,0.0,,,0,2,0
Uncapped,2026,ROW,EB-5,2061,saved,2,1230.5,26.16295090390226,18.5,,,2,0,0
Uncapped,2027,India,EB-1,2061,saved,2,4573.5,74.24621202458749,52.5,,,2,0,0
Uncapped,2027,India,EB-2,2061,saved,2,2538.5,27.577164466275352,19.499999999999996,,,2,0,0
Uncapped,2027,India,EB-3,2061,saved,2,3179.5,12.020815280171307,8.499999999999998,,,2,0,0
Uncapped,2027,India,EB-4,2061,saved,2,0.0,0.0,0.0,,,0,2,0
Uncapped,2027,India,EB-5,2061,saved,2,680.5,23.33452377915607,16.5,,,2,0,0
Uncapped,2027,China,EB-1,2061,saved,2,1836.0,35.35533905932738,25.0,,,2,0,0
Uncapped,2027,China,EB-2,2061,saved,2,280.0,25.45584412271571,18.0,,,2,0,0
Uncapped,2027,China,EB-3,2061,saved,2,1075.0,18.384776310850235,12.999999999999998,,,2,0,0
Uncapped,2027,China,EB-4,2061,saved,2,0.0,0.0,0.0,,,0,2,0
Uncapped,2027,China,EB-5,2061,saved,2,1490.5,70.0035713374682,49.49999999999999,,,2,0,0
Uncapped,2027,ROW,EB-1,2061,saved,2,7877.0,90.50966799187809,64.0,,,2,0,0
Uncapped,2027,ROW,EB-2,2061,saved,2,841.5,33.23401871576773,23.499999999999996,,,2,0,0
Uncapped,2027,ROW,EB-3,2061,saved,2,7669.5,96.87362902255701,68.5,,,2,0,0
Uncapped,2027,ROW,EB-4,2061,saved,2,0.0,0.0,0.0,,,0,2,0
Uncapped,2027,ROW,EB-5,2061,saved,2,1222.5,9.192388155425117,6.499999999999999,,,2,0,0
Uncapped,2028,India,EB-1,2061,saved,2,4593.5,3.5355339059327378,2.5,,,2,0,0
Uncapped,2028,India,EB-2,2061,saved,2,1735.0,8.48528137423857,5.999999999999999,,,2,0,0
Uncapped,2028,India,EB-3,2061,saved,2,3030.5,24.748737341529164,17.5,,,2,0,0
Uncapped,2028,India,EB-4,2061,saved,2,0.0,0.0,0.0,,,0,2,0
Uncapped,2028,India,EB-5,2061,saved,2,660.0,60.81118318204309,43.0,,,2,0,0
Uncapped,2028,China,EB-1,2061,saved,2,1826.5,33.23401871576773,23.499999999999996,,,2,0,0
Uncapped,2028,China,EB-2,2061,saved,2,192.5,10.606601717798213,7.5,,,2,0,0
Uncapped,2028,China,EB-3,2061,saved,2,1084.0,4.242640687119285,2.9999999999999996,,,2,0,0
Uncapped,2028,China,EB-4,2061,saved,2,0.0,0.0,0.0,,,0,2,0
Uncapped,2028,China,EB-5,2061,saved,2,1516.0,26.870057685088806,19.0,,,2,0,0
Uncapped,2028,ROW,EB-1,2061,saved,2,7811.0,87.68124086713189,61.99999999999999,,,2,0,0
Uncapped,2028,ROW,EB-2,2061,saved,2,549.0,21.213203435596427,15.0,,,2,0,0
Uncapped,2028,ROW,EB-3,2061,saved,2,7272.5,89.80256121069154,63.49999999999999,,,2,0,0
Uncapped,2028,ROW,EB-4,2061,saved,2,0.0,0.0,0.0,,,0,2,0
Uncapped,2028,ROW,EB-5,2061,saved,2,1217.0,41.012193308819754,28.999999999999996,,,2,0,0
Uncapped,2029,India,EB-1,2061,saved,2,4463.0,15.556349186104045,10.999999999999998,,,2,0,0
Uncapped,2029,India,EB-2,2061,saved,2,889.0,11.313708498984761,8.0,,,2,0,0
Uncapped,2029,India,EB-3,2061,saved,2,2914.0,60.81118318204309,43.0,,,2,0,0
Uncapped,2029,India,EB-4,2061,saved,2,0.0,0.0,0.0,,,0,2,0
Uncapped,2029,India,EB-5,2061,saved,2,661.0,63.63961030678928,45.0,,,2,0,0
Uncapped,2029,China,EB-1,2061,saved,2,1849.0,80.61017305526642,56.99999999999999,,,2,0,0
Uncapped,2029,China,EB-2,2061,saved,2,99.5,17.67766952966369,12.5,,,2,0,0
Uncapped,2029,China,EB-3,2061,saved,2,982.0,69.29646455628166,49.0,,,2,0,0
Uncapped,2029,China,EB-4,2061,saved,2,0.0,0.0,0.0,,,0,2,0
Uncapped,2029,China,EB-5,2061,saved,2,1469.5,0.7071067811865476,0.5,,,2,0,0
Uncapped,2029,ROW,EB-1,2061,saved,2,7873.5,95.45941546018392,67.5,,,2,0,0
Uncapped,2029,ROW,EB-2,2061,saved,2,271.5,0.7071067811865476,0.5,,,2,0,0
Uncapped,2029,ROW,EB-3,2061,saved,2,7049.5,36.062445840513924,25.499999999999996,,,2,0,0
Uncapped,2029,ROW,EB-4,2061,saved,2,0.0,0.0,0.0,,,0,2,0
Uncapped,2029,ROW,EB-5,2061,saved,2,1207.0,32.526911934581186,23.0,,,2,0,0
Uncapped,2030,India,EB-1,2061,saved,2,4577.5,16.263455967290593,11.5,,,2,0,0
Uncapped,2030,India,EB-2,2061,saved,2,425.5,23.33452377915607,16.5,,,2,0,0
Uncapped,2030,India,EB-3,2061,saved,2,2881.5,9.192388155425117,6.499999999999999,,,2,0,0
Uncapped,2030,India,EB-4,2061,saved,2,0.0,0.0,0.0,,,0,2,0
Uncapped,2030,India,EB-5,2061,saved,2,659.5,16.263455967290593,11.5,,,2,0,0
Uncapped,2030,China,EB-1,2061,saved,2,1819.0,76.36753236814714,54.0,,,2,0,0
Uncapped,2030,China,EB-2,2061,saved,2,45.5,12.020815280171307,8.499999999999998,,,2,0,0
Uncapped,2030,China,EB-3,2061,saved,2,899.5,72.8319984622144,51.5,,,2,0,0
Uncapped,2030,China,EB-4,2061,saved,2,0.0,0.0,0.0,,,0,2,0
Uncapped,2030,China,EB-5,2061,saved,2,1480.0,33.94112549695428,23.999999999999996,,,2,0,0
Uncapped,2030,ROW,EB-1,2061,saved,2,7675.0,4.242640687119285,2.9999999999999996,,,2,0,0
Uncapped,2030,ROW,EB-2,2061,saved,2,133.5,3.5355339059327378,2.5,,,2,0,0
Uncapped,2030,ROW,EB-3,2061,saved,2,6641.0,189.50461735799473,134.0,,,2,0,0
Uncapped,2030,ROW,EB-4,2061,saved,2,0.0,0.0,0.0,,,0,2,0
Uncapped,2030,ROW,EB-5,2061,saved,2,1182.5,34.64823227814083,24.5,,,2,0,0
Uncapped,2031,India,EB-1,2061,saved,2,4499.0,52.32590180780452,37.0,,,2,0,0
Uncapped,2031,India,EB-2,2061,saved,2,55.5,7.7781745930520225,5.499999999999999,,,2,0,0
Uncapped,2031,India,EB-3,2061,saved,2,2760.0,9.899494936611665,6.999999999999999,,,2,0,0
Uncapped,2031,India,EB-4,2061,saved,2,0.0,0.0,0.0,,,0,2,0
Uncapped,2031,India,EB-5,2061,saved,2,674.0,5.656854249492381,4.0,,,2,0,0
Uncapped,2031,China,EB-1,2061,saved,2,1786.5,40.30508652763321,28.499999999999996,,,2,0,0
Uncapped,2031,China,EB-2,2061,saved,2,4.0,0.0,0.0,,,2,0,0
Uncapped,2031,China,EB-3,2061,saved,2,855.0,49.49747468305833,35.0,,,2,0,0
Uncapped,2031,China,EB-4,2061,saved,2,0.0,0.0,0.0,,,0,2,0
Uncapped,2031,China,EB-5,2061,saved,2,1531.0,24.041630560342615,16.999999999999996,,,2,0,0
Uncapped,2031,ROW,EB-1,2061,saved,2,7801.5,31.81980515339464,22.5,,,2,0,0
Uncapped,2031,ROW,EB-2,2061,saved,2,21.0,5.656854249492381,4.0,,,2,0,0
Uncapped,2031,ROW,EB-3,2061,saved,2,6233.5,79.90306627407988,56.5,,,2,0,0
Uncapped,2031,ROW,EB-4,2061,saved,2,0.0,0.0,0.0,,,0,2,0
Uncapped,2031,ROW,EB-5,2061,saved,2,1207.0,31.11269837220809,21.999999999999996,,,2,0,0
Uncapped,2032,India,EB-1,2061,saved,2,4430.5,82.73149339882606,58.49999999999999,,,2,0,0
Uncapped,2032,India,EB-2,2061,saved,2,0.0,0.0,0.0,,,0,2,0
Uncapped,2032,India,EB-3,2061,saved,2,2633.5,54.44722215136416,38.5,,,2,0,0
Uncapped,2032,India,EB-4,2061,saved,2,0.0,0.0,0.0,,,0,2,0
Uncapped,2032,India,EB-5,2061,saved,2,671.5,3.5355339059327378,2.5,,,2,0,0
Uncapped,2032,China,EB-1,2061,saved,2,1787.5,2.1213203435596424,1.4999999999999998,,,2,0,0
Uncapped,2032,China,EB-2,2061,saved,2,0.0,0.0,0.0,,,0,2,0
Uncapped,2032,China,EB-3,2061,saved,2,807.0,66.46803743153546,46.99999999999999,,,2,0,0
Uncapped,2032,China,EB-4,2061,saved,2,0.0,0.0,0.0,,,0,2,0
Uncapped,2032,China,EB-5,2061,saved,2,1473.0,19.79898987322333,13.999999999999998,,,2,0,0
Uncapped,2032,ROW,EB-1,2061,saved,2,7704.5,27.577164466275352,19.499999999999996,,,2,0,0
Uncapped,2032,ROW,EB-2,2061,saved,2,0.0,0.0,0.0,,,0,2,0
Uncapped,2032,ROW,EB-3,2061,saved,2,5956.0,60.81118318204309,43.0,,,2,0,0
Uncapped,2032,ROW,EB-4,2061,saved,2,0.0,0.0,0.0,,,0,2,0
Uncapped,2032,ROW,EB-5,2061,saved,2,1253.0,5.656854249492381,4.0,,,2,0,0
Uncapped,2033,India,EB-1,2061,saved,2,4507.5,57.27564927611035,40.5,,,2,0,0
Uncapped,2033,India,EB-2,2061,saved,2,0.0,0.0,0.0,,,0,2,0
Uncapped,2033,India,EB-3,2061,saved,2,2532.5,37.476659402887016,26.499999999999996,,,2,0,0
Uncapped,2033,India,EB-4,2061,saved,2,0.0,0.0,0.0,,,0,2,0
Uncapped,2033,India,EB-5,2061,saved,2,655.5,2.1213203435596424,1.4999999999999998,,,2,0,0
Uncapped,2033,China,EB-1,2061,saved,2,1801.5,55.86143571373726,39.5,,,2,0,0
Uncapped,2033,China,EB-2,2061,saved,2,0.0,0.0,0.0,,,0,2,0
Uncapped,2033,China,EB-3,2061,saved,2,743.5,10.606601717798213,7.5,,,2,0,0
Uncapped,2033,China,EB-4,2061,saved,2,0.0,0.0,0.0,,,0,2,0
Uncapped,2033,China,EB-5,2061,saved,2,1476.5,0.7071067811865476,0.5,,,2,0,0
Uncapped,2033,ROW,EB-1,2061,saved,2,7619.5,207.18228688765842,146.5,,,2,0,0
Uncapped,2033,ROW,EB-2,2061,saved,2,0.0,0.0,0.0,,,0,2,0
Uncapped,2033,ROW,EB-3,2061,saved,2,5572.0,120.20815280171308,85.0,,,2,0,0
Uncapped,2033,ROW,EB-4,2061,saved,2,0.0,0.0,0.0,,,0,2,0
Uncapped,2033,ROW,EB-5,2061,saved,2,1242.0,53.74011537017761,38.0,,,2,0,0
Uncapped,2034,India,EB-1,2061,saved,2,4514.0,16.97056274847714,11.999999999999998,,,2,0,0
Uncapped,2034,India,EB-2,2061,saved,2,0.0,0.0,0.0,,,0,2,0
Uncapped,2034,India,EB-3,2061,saved,2,2390.0,1.4142135623730951,1.0,,,2,0,0
Uncapped,2034,India,EB-4,2061,saved,2,0.0,0.0,0.0,,,0,2,0
Uncapped,2034,India,EB-5,2061,saved,2,664.5,21.920310216782973,15.499999999999998,,,2,0,0
Uncapped,2034,China,EB-1,2061,saved,2,1778.5,0.7071067811865476,0.5,,,2,0,0
Uncapped,2034,China,EB-2,2061,saved,2,0.0,0.0,0.0,,,0,2,0
Uncapped,2034,China,EB-3,2061,saved,2,774.5,2.1213203435596424,1.4999999999999998,,,2,0,0
Uncapped,2034,China,EB-4,2061,saved,2,0.0,0.0,0.0,,,0,2,0
Uncapped,2034,China,EB-5,2061,saved,2,1494.0,8.48528137423857,5.999999999999999,,,2,0,0
Uncapped,2034,ROW,EB-1,2061,saved,2,7470.5,17.67766952966369,12.5,,,2,0,0
Uncapped,2034,ROW,EB-2,2061,saved,2,0.0,0.0,0.0,,,0,2,0
Uncapped,2034,ROW,EB-3,2061,saved,2,5312.0,5.656854249492381,4.0,,,2,0,0
Uncapped,2034,ROW,EB-4,2061,saved,2,0.0,0.0,0.0,,,0,2,0
Uncapped,2034,ROW,EB-5,2061,saved,2,1179.0,52.32590180780452,37.0,,,2,0,0
Uncapped,2035,India,EB-1,2061,saved,2,4436.5,156.27059864222701,110.5,,,2,0,0
Uncapped,2035,India,EB-2,2061,saved,2,0.0,0.0,0.0,,,0,2,0
Uncapped,2035,India,EB-3,2061,saved,2,2343.0,77.78174593052023,55.0,,,2,0,0
Uncapped,2035,India,EB-4,2061,saved,2,0.0,0.0,0.0,,,0,2,0
Uncapped,2035,India,EB-5,2061,saved,2,636.5,28.991378028648448,20.5,,,2,0,0
Uncapped,2035,China,EB-1,2061,saved,2,1772.5,21.920310216782973,15.499999999999998,,,2,0,0
Uncapped,2035,China,EB-2,2061,saved,2,0.0,0.0,0.0,,,0,2,0
Uncapped,2035,China,EB-3,2061,saved,2,690.5,9.192388155425117,6.499999999999999,,,2,0,0
Uncapped,2035,China,EB-4,2061,saved,2,0.0,0.0,0.0,,,0,2,0
Uncapped,2035,China,EB-5,2061,saved,2,1474.5,36.062445840513924,25.499999999999996,,,2,0,0
Uncapped,2035,ROW,EB-1,2061,saved,2,7462.0,55.154328932550705,38.99999999999999,,,2,0,0
Uncapped,2035,ROW,EB-2,2061,saved,2,0.0,0.0,0.0,,,0,2,0
Uncapped,2035,ROW,EB-3,2061,saved,2,4939.5,9.192388155425117,6.499999999999999,,,2,0,0
Uncapped,2035,ROW,EB-4,2061,saved,2,0.0,0.0,0.0,,,0,2,0
Uncapped,2035,ROW,EB-5,2061,saved,2,1187.5,43.1335136523794,30.499999999999996,,,2,0,0
Uncapped,2036,India,EB-1,2061,saved,2,4431.0,39.59797974644666,27.999999999999996,,,2,0,0
Uncapped,2036,India,EB-2,2061,saved,2,0.0,0.0,0.0,,,0,2,0
Uncapped,2036,India,EB-3,2061,saved,2,2242.5,16.263455967290593,11.5,,,2,0,0
Uncapped,2036,India,EB-4,2061,saved,2,0.0,0.0,0.0,,,0,2,0
Uncapped,2036,India,EB-5,2061,saved,2,666.0,2.8284271247461903,2.0,,,2,0,0
Uncapped,2036,China,EB-1,2061,saved,2,1760.0,42.42640687119285,30.0,,,2,0,0
Uncapped,2036,China,EB-2,2061,saved,2,0.0,0.0,0.0,,,0,2,0
Uncapped,2036,China,EB-3,2061,saved,2,655.0,60.81118318204309,43.0,,,2,0,0
Uncapped,2036,China,EB-4,2061,saved,2,0.0,0.0,0.0,,,0,2,0
Uncapped,2036,China,EB-5,2061,saved,2,1437.0,70.71067811865476,50.0,,,2,0,0
Uncapped,2036,ROW,EB-1,2061,saved,2,7520.5,198.69700551341987,140.5,,,2,0,0
Uncapped,2036,ROW,EB-2,2061,saved,2,0.0,0.0,0.0,,,0,2,0
Uncapped,2036,ROW,EB-3,2061,saved,2,4759.0,1.4142135623730951,1.0,,,2,0,0
Uncapped,2036,ROW,EB-4,2061,saved,2,0.0,0.0,0.0,,,0,2,0
Uncapped,2036,ROW,EB-5,2061,saved,2,1158.0,46.66904755831214,33.0,,,2,0,0
Uncapped,2037,India,EB-1,2061,saved,2,4417.5,62.932503525602726,44.49999999999999,,,2,0,0
Uncapped,2037,India,EB-2,2061,saved,2,0.0,0.0,0.0,,,0,2,0
Uncapped,2037,India,EB-3,2061,saved,2,2151.0,16.97056274847714,11.999999999999998,,,2,0,0
Uncapped,2037,India,EB-4,2061,saved,2,0.0,0.0,0.0,,,0,2,0
Uncapped,2037,India,EB-5,2061,saved,2,675.5,3.5355339059327378,2.5,,,2,0,0
Uncapped,2037,China,EB-1,2061,saved,2,1675.5,4.949747468305833,3.4999999999999996,,,2,0,0
Uncapped,2037,China,EB-2,2061,saved,2,0.0,0.0,0.0,,,0,2,0
Uncapped,2037,China,EB-3,2061,saved,2,632.5,27.577164466275352,19.499999999999996,,,2,0,0
Uncapped,2037,China,EB-4,2061,saved,2,0.0,0.0,0.0,,,0,2,0
Uncapped,2037,China,EB-5,2061,saved,2,1459.5,47.37615433949868,33.5,,,2,0,0
Uncapped,2037,ROW,EB-1,2061,saved,2,7467.5,41.71930009000631,29.5,,,2,0,0
Uncapped,2037,ROW,EB-2,2061,saved,2,0.0,0.0,0.0,,,0,2,0
Uncapped,2037,ROW,EB-3,2061,saved,2,4444.0,46.66904755831214,33.0,,,2,0,0
Uncapped,2037,ROW,EB-4,2061,saved,2,0.0,0.0,0.0,,,0,2,0
Uncapped,2037,ROW,EB-5,2061,saved,2,1149.5,77.07463914933368,54.49999999999999,,,2,0,0
Uncapped,2038,India,EB-1,2061,saved,2,4444.5,116.67261889578035,82.5,,,2,0,0
Uncapped,2038,India,EB-2,2061,saved,2,0.0,0.0,0.0,,,0,2,0
Uncapped,2038,India,EB-3,2061,saved,2,2112.0,28.284271247461902,20.0,,,2,0,0
Uncapped,2038,India,EB-4,2061,saved,2,0.0,0.0,0.0,,,0,2,0
Uncapped,2038,India,EB-5,2061,saved,2,649.0,35.35533905932738,25.0,,,2,0,0
Uncapped,2038,China,EB-1,2061,saved,2,1752.5,79.90306627407988,56.5,,,2,0,0
Uncapped,2038,China,EB-2,2061,saved,2,0.0,0.0,0.0,,,0,2,0
Uncapped,2038,China,EB-3,2061,saved,2,597.5,19.091883092036785,13.5,,,2,0,0
Uncapped,2038,China,EB-4,2061,saved,2,0.0,0.0,0.0,,,0,2,0
Uncapped,2038,China,EB-5,2061,saved,2,1473.0,32.526911934581186,23.0,,,2,0,0
Uncapped,2038,ROW,EB-1,2061,saved,2,7300.0,107.48023074035522,76.0,,,2,0,0
Uncapped,2038,ROW,EB-2,2061,saved,2,0.0,0.0,0.0,,,0,2,0
Uncapped,2038,ROW,EB-3,2061,saved,2,4331.5,20.506096654409877,14.499999999999998,,,2,0,0
Uncapped,2038,ROW,EB-4,2061,saved,2,0.0,0.0,0.0,,,0,2,0
Uncapped,2038,ROW,EB-5,2061,saved,2,1185.5,3.5355339059327378,2.5,,,2,0,0
Uncapped,2039,India,EB-1,2061,saved,2,4455.0,65.05382386916237,46.0,,,2,0,0
Uncapped,2039,India,EB-2,2061,saved,2,0.0,0.0,0.0,,,0,2,0
Uncapped,2039,India,EB-3,2061,saved,2,2067.5,147.78531726798843,104.49999999999999,,,2,0,0
Uncapped,2039,India,EB-4,2061,saved,2,0.0,0.0,0.0,,,0,2,0
Uncapped,2039,India,EB-5,2061,saved,2,656.5,58.68986283848344,41.49999999999999,,,2,0,0
Uncapped,2039,China,EB-1,2061,saved,2,1696.0,16.97056274847714,11.999999999999998,,,2,0,0
Uncapped,2039,China,EB-2,2061,saved,2,0.0,0.0,0.0,,,0,2,0
Uncapped,2039,China,EB-3,2061,saved,2,621.5,55.86143571373726,39.5,,,2,0,0
Uncapped,2039,China,EB-4,2061,saved,2,0.0,0.0,0.0,,,0,2,0
Uncapped,2039,China,EB-5,2061,saved,2,1449.0,36.76955262170047,25.999999999999996,,,2,0,0
Uncapped,2039,ROW,EB-1,2061,saved,2,7202.5,160.51323932934628,113.49999999999999,,,2,0,0
Uncapped,2039,ROW,EB-2,2061,saved,2,0.0,0.0,0.0,,,0,2,0
Uncapped,2039,ROW,EB-3,2061,saved,2,4096.5,140.71424945612296,99.49999999999999,,,2,0,0
Uncapped,2039,ROW,EB-4,2061,saved,2,0.0,0.0,0.0,,,0,2,0
Uncapped,2039,ROW,EB-5,2061,saved,2,1118.5,28.991378028648448,20.5,,,2,0,0
Uncapped,2040,India,EB-1,2061,saved,2,4366.0,132.93607486307093,93.99999999999999,,,2,0,0
Uncapped,2040,India,EB-2,2061,saved,2,0.0,0.0,0.0,,,0,2,0
Uncapped,2040,India,EB-3,2061,saved,2,1908.5,70.0035713374682,49.49999999999999,,,2,0,0
Uncapped,2040,India,EB-4,2061,saved,2,0.0,0.0,0.0,,,0,2,0
Uncapped,2040,India,EB-5,2061,saved,2,675.0,21.213203435596427,15.0,,,2,0,0
Uncapped,2040,China,EB-1,2061,saved,2,1781.5,6.363961030678928,4.5,,,2,0,0
Uncapped,2040,China,EB-2,2061,saved,2,0.0,0.0,0.0,,,0,2,0
Uncapped,2040,China,EB-3,2061,saved,2,554.5,27.577164466275352,19.499999999999996,,,2,0,0
Uncapped,2040,China,EB-4,2061,saved,2,0.0,0.0,0.0,,,0,2,0
Uncapped,2040,China,EB-5,2061,saved,2,1460.5,6.363961030678928,4.5,,,2,0,0
Uncapped,2040,ROW,EB-1,2061,saved,2,7170.0,213.54624791833734,150.99999999999997,,,2,0,0
Uncapped,2040,ROW,EB-2,2061,saved,2,0.0,0.0,0.0,,,0,2,0
Uncapped,2040,ROW,EB-3,2061,saved,2,3791.5,81.31727983645297,57.5,,,2,0,0
Uncapped,2040,ROW,EB-4,2061,saved,2,0.0,0.0,0.0,,,0,2,0
Uncapped,2040,ROW,EB-5,2061,saved,2,1165.5,0.7071067811865476,0.5,,,2,0,0
Capped,2009,India,EB-1,2061,saved,2,1219.0,22.627416997969522,16.0,,,2,0,0
Capped,2009,India,EB-2,2061,saved,2,7467.0,189.50461735799473,134.0,,,2,0,0
Capped,2009,India,EB-3,2061,saved,2,16078.0,79.19595949289332,55.99999999999999,,,2,0,0
Capped,2009,India,EB-4,2061,saved,2,165.0,4.242640687119285,2.9999999999999996,,,2,0,0
Capped,2009,India,EB-5,2061,saved,2,17.0,2.8284271247461903,2.0,,,2,0,0
Capped,2009,China,EB-1,2061,saved,2,639.0,22.627416997969522,16.0,,,2,0,0
Capped,2009,China,EB-2,2061,saved,2,2504.0,41.012193308819754,28.999999999999996,,,2,0,0
Capped,2009,China,EB-3,2061,saved,2,6709.5,41.71930009000631,29.5,,,2,0,0
Capped,2009,China,EB-4,2061,saved,2,9.0,2.8284271247461903,2.0,,,2,0,0
Capped,2009,China,EB-5,2061,saved,2,325.0,1.4142135623730951,1.0,,,2,0,0
Capped,2009,ROW,EB-1,2061,saved,2,7914.5,150.61374439273462,106.49999999999999,,,2,0,0
Capped,2009,ROW,EB-2,2061,saved,2,8036.0,45.254833995939045,32.0,,,2,0,0
Capped,2009,ROW,EB-3,2061,saved,2,39920.0,111.72287142747452,79.0,,,2,0,0
Capped,2009,ROW,EB-4,2061,saved,2,2690.0,21.213203435596427,15.0,,,2,0,0
Capped,2009,ROW,EB-5,2061,saved,2,581.5,27.577164466275352,19.499999999999996,,,2,0,0
Capped,2010,India,EB-1,2061,saved,2,1453.5,33.23401871576773,23.499999999999996,,,2,0,0
Capped,2010,India,EB-2,2061,saved,2,6848.5,161.92745289171938,114.49999999999999,,,2,0,0
Capped,2010,India,EB-3,2061,saved,2,0.0,0.0,0.0,,,0,2,0
Capped,2010,India,EB-4,2061,saved,2,179.5,26.16295090390226,18.5,,,2,0,0
Capped,2010,India,EB-5,2061,saved,2,27.0,1.4142135623730951,1.0,,,2,0,0
Capped,2010,China,EB-1,2061,saved,2,786.0,21.213203435596427,15.0,,,2,0,0
Capped,2010,China,EB-2,2061,saved,2,713.0,12.727922061357855,9.0,,,2,0,0
Capped,2010,China,EB-3,2061,saved,2,99.5,0.7071067811865476,0.5,,,2,0,0
Capped,2010,China,EB-4,2061,saved,2,6.0,8.48528137423857,5.999999999999999,,,1,1,0
Capped,2010,China,EB-5,2061,saved,2,297.0,5.656854249492381,4.0,,,2,0,0
Capped,2010,ROW,EB-1,2061,saved,2,7647.0,196.5756851698602,139.0,,,2,0,0
Capped,2010,ROW,EB-2,2061,saved,2,9255.5,36.062445840513924,25.499999999999996,,,2,0,0
Capped,2010,ROW,EB-3,2061,saved,2,4962.5,119.50104602052653,84.5,,,2,0,0
Capped,2010,ROW,EB-4,2061,saved,2,3432.5,75.66042558696059,53.49999999999999,,,2,0,0
Capped,2010,ROW,EB-5,2061,saved,2,613.0,45.254833995939045,32.0,,,2,0,0
Capped,2011,India,EB-1,2061,saved,2,1655.5,37.476659402887016,26.499999999999996,,,2,0,0
Capped,2011,India,EB-2,2061,saved,2,8561.0,121.62236636408618,86.0,,,2,0,0
Capped,2011,India,EB-3,2061,saved,2,0.0,0.0,0.0,,,0,2,0
Capped,2011,India,EB-4,2061,saved,2,200.5,4.949747468305833,3.4999999999999996,,,2,0,0
Capped,2011,India,EB-5,2061,saved,2,11.0,2.8284271247461903,2.0,,,2,0,0
Capped,2011,China,EB-1,2061,saved,2,743.0,7.0710678118654755,5.0,,,2,0,0
Capped,2011,China,EB-2,2061,saved,2,689.5,34.64823227814083,24.5,,,2,0,0
Capped,2011,China,EB-3,2061,saved,2,81.0,4.242640687119285,2.9999999999999996,,,2,0,0
Capped,2011,China,EB-4,2061,saved,2,8.5,3.5355339059327378,2.5,,,2,0,0
Capped,2011,China,EB-5,2061,saved,2,593.0,16.97056274847714,11.999999999999998,,,2,0,0
Capped,2011,ROW,EB-1,2061,saved,2,5452.0,12.727922061357855,9.0,,,2,0,0
Capped,2011,ROW,EB-2,2061,saved,2,9771.0,39.59797974644666,27.999999999999996,,,2,0,0
Capped,2011,ROW,EB-3,2061,saved,2,3819.5,40.30508652763321,28.499999999999996,,,2,0,0
Capped,2011,ROW,EB-4,2061,saved,2,3864.0,8.48528137423857,5.999999999999999,,,2,0,0
Capped,2011,ROW,EB-5,2061,saved,2,398.5,31.81980515339464,22.5,,,2,0,0
Capped,2012,India,EB-1,2061,saved,2,1865.5,71.4177848998413,50.49999999999999,,,2,0,0
Capped,2012,India,EB-2,2061,saved,2,8268.0,63.63961030678928,45.0,,,2,0,0
Capped,2012,India,EB-3,2061,saved,2,0.0,0.0,0.0,,,0,2,0
Capped,2012,India,EB-4,2061,saved,2,331.0,59.39696961966999,41.99999999999999,,,2,0,0
Capped,2012,India,EB-5,2061,saved,2,25.5,3.5355339059327378,2.5,,,2,0,0
Capped,2012,China,EB-1,2061,saved,2,815.0,62.22539674441618,43.99999999999999,,,2,0,0
Capped,2012,China,EB-2,2061,saved,2,668.0,24.041630560342615,16.999999999999996,,,2,0,0
Capped,2012,China,EB-3,2061,saved,2,65.0,9.899494936611665,6.999999999999999,,,2,0,0
Capped,2012,China,EB-4,2061,saved,2,9.5,3.5355339059327378,2.5,,,2,0,0
Capped,2012,China,EB-5,2061,saved,2,1532.0,2.8284271247461903,2.0,,,2,0,0
Capped,2012,ROW,EB-1,2061,saved,2,5731.5,31.81980515339464,22.5,,,2,0,0
Capped,2012,ROW,EB-2,2061,saved,2,8902.5,54.44722215136416,38.5,,,2,0,0
Capped,2012,ROW,EB-3,2061,saved,2,2207.5,70.0035713374682,49.49999999999999,,,2,0,0
Capped,2012,ROW,EB-4,2061,saved,2,5199.5,74.24621202458749,52.5,,,2,0,0
Capped,2012,ROW,EB-5,2061,saved,2,608.5,81.31727983645297,57.5,,,2,0,0
Capped,2013,India,EB-1,2061,saved,2,2522.5,17.67766952966369,12.5,,,2,0,0
Capped,2013,India,EB-2,2061,saved,2,7152.5,30.405591591021544,21.5,,,2,0,0
Capped,2013,India,EB-3,2061,saved,2,0.0,0.0,0.0,,,0,2,0
Capped,2013,India,EB-4,2061,saved,2,630.5,27.577164466275352,19.499999999999996,,,2,0,0
Capped,2013,India,EB-5,2061,saved,2,29.5,3.5355339059327378,2.5,,,2,0,0
Capped,2013,China,EB-1,2061,saved,2,947.5,20.506096654409877,14.499999999999998,,,2,0,0
Capped,2013,China,EB-2,2061,saved,2,595.0,7.0710678118654755,5.0,,,2,0,0
Capped,2013,China,EB-3,2061,saved,2,52.5,4.949747468305833,3.4999999999999996,,,2,0,0
Capped,2013,China,EB-4,2061,saved,2,40.5,16.263455967290593,11.5,,,2,0,0
Capped,2013,China,EB-5,2061,saved,2,1586.0,16.97056274847714,11.999999999999998,,,2,0,0
Capped,2013,ROW,EB-1,2061,saved,2,6232.5,139.30003589374985,98.49999999999999,,,2,0,0
Capped,2013,ROW,EB-2,2061,saved,2,7675.5,28.991378028648448,20.5,,,2,0,0
Capped,2013,ROW,EB-3,2061,saved,2,2076.0,97.58073580374356,69.0,,,2,0,0
Capped,2013,ROW,EB-4,2061,saved,2,8533.0,31.11269837220809,21.999999999999996,,,2,0,0
Capped,2013,ROW,EB-5,2061,saved,2,601.0,9.899494936611665,6.999999999999999,,,2,0,0
Capped,2014,India,EB-1,2061,saved,2,3398.0,28.284271247461902,20.0,,,2,0,0
Capped,2014,India,EB-2,2061,saved,2,1789.0,42.42640687119285,30.0,,,2,0,0
Capped,2014,India,EB-3,2061,saved,2,0.0,0.0,0.0,,,0,2,0
Capped,2014,India,EB-4,2061,saved,2,432.0,15.556349186104045,10.999999999999998,,,2,0,0
Capped,2014,India,EB-5,2061,saved,2,90.0,9.899494936611665,6.999999999999999,,,2,0,0
Capped,2014,China,EB-1,2061,saved,2,1128.0,7.0710678118654755,5.0,,,2,0,0
Capped,2014,China,EB-2,2061,saved,2,694.5,34.64823227814083,24.5,,,2,0,0
Capped,2014,China,EB-3,2061,saved,2,719.5,67.17514421272202,47.5,,,2,0,0
Capped,2014,China,EB-4,2061,saved,2,28.5,2.1213203435596424,1.4999999999999998,,,2,0,0
Capped,2014,China,EB-5,2061,saved,2,2139.0,107.48023074035522,76.0,,,2,0,0
Capped,2014,ROW,EB-1,2061,saved,2,6222.0,50.91168824543142,36.0,,,2,0,0
Capped,2014,ROW,EB-2,2061,saved,2,9154.5,13.435028842544403,9.5,,,2,0,0
Capped,2014,ROW,EB-3,2061,saved,2,2662.0,46.66904755831214,33.0,,,2,0,0
Capped,2014,ROW,EB-4,2061,saved,2,5970.0,165.46298679765212,116.99999999999999,,,2,0,0
Capped,2014,ROW,EB-5,2061,saved,2,801.0,69.29646455628166,49.0,,,2,0,0
Capped,2015,India,EB-1,2061,saved,2,3191.5,33.23401871576773,23.499999999999996,,,2,0,0
Capped,2015,India,EB-2,2061,saved,2,0.0,0.0,0.0,,,0,2,0
Capped,2015,India,EB-3,2061,saved,2,0.0,0.0,0.0,,,0,2,0
Capped,2015,India,EB-4,2061,saved,2,716.5,68.58935777509511,48.5,,,2,0,0
Capped,2015,India,EB-5,2061,saved,2,245.5,10.606601717798213,7.5,,,2,0,0
Capped,2015,China,EB-1,2061,saved,2,1308.0,19.79898987322333,13.999999999999998,,,2,0,0
Capped,2015,China,EB-2,2061,saved,2,897.5,108.18733752154178,76.5,,,2,0,0
Capped,2015,China,EB-3,2061,saved,2,273.5,9.192388155425117,6.499999999999999,,,2,0,0
Capped,2015,China,EB-4,2061,saved,2,56.5,6.363961030678928,4.5,,,2,0,0
Capped,2015,China,EB-5,2061,saved,2,3440.0,4.242640687119285,2.9999999999999996,,,2,0,0
Capped,2015,ROW,EB-1,2061,saved,2,7308.0,186.67619023324855,132.0,,,2,0,0
Capped,2015,ROW,EB-2,2061,saved,2,9934.0,114.5512985522207,81.0,,,2,0,0
Capped,2015,ROW,EB-3,2061,saved,2,4263.5,33.23401871576773,23.499999999999996,,,2,0,0
Capped,2015,ROW,EB-4,2061,saved,2,7610.5,167.58430714121175,118.49999999999999,,,2,0,0
Capped,2015,ROW,EB-5,2061,saved,2,1506.5,16.263455967290593,11.5,,,2,0,0
Capped,2016,India,EB-1,2061,saved,2,4055.0,21.213203435596427,15.0,,,2,0,0
Capped,2016,India,EB-2,2061,saved,2,0.0,0.0,0.0,,,0,2,0
Capped,2016,India,EB-3,2061,saved,2,0.0,0.0,0.0,,,0,2,0
Capped,2016,India,EB-4,2061,saved,2,505.5,36.062445840513924,25.499999999999996,,,2,0,0
Capped,2016,India,EB-5,2061,saved,2,296.5,3.5355339059327378,2.5,,,2,0,0
Capped,2016,China,EB-1,2061,saved,2,1371.5,98.2878425849301,69.5,,,2,0,0
Capped,2016,China,EB-2,2061,saved,2,1283.0,50.91168824543142,36.0,,,2,0,0
Capped,2016,China,EB-3,2061,saved,2,628.0,42.42640687119285,30.0,,,2,0,0
Capped,2016,China,EB-4,2061,saved,2,59.0,14.142135623730951,10.0,,,2,0,0
Capped,2016,China,EB-5,2061,saved,2,2777.0,22.627416997969522,16.0,,,2,0,0
Capped,2016,ROW,EB-1,2061,saved,2,8251.0,168.2914139223983,118.99999999999999,,,2,0,0
Capped,2016,ROW,EB-2,2061,saved,2,12226.5,116.67261889578035,82.5,,,2,0,0
Capped,2016,ROW,EB-3,2061,saved,2,8219.0,220.61731573020282,155.99999999999997,,,2,0,0
Capped,2016,ROW,EB-4,2061,saved,2,5972.0,223.44574285494903,158.0,,,2,0,0
Capped,2016,ROW,EB-5,2061,saved,2,1398.5,43.1335136523794,30.499999999999996,,,2,0,0
Capped,2017,India,EB-1,2061,saved,2,4387.0,46.66904755831214,33.0,,,2,0,0
Capped,2017,India,EB-2,2061,saved,2,0.0,0.0,0.0,,,0,2,0
Capped,2017,India,EB-3,2061,saved,2,0.0,0.0,0.0,,,0,2,0
Capped,2017,India,EB-4,2061,saved,2,265.5,27.577164466275352,19.499999999999996,,,2,0,0
Capped,2017,India,EB-5,2061,saved,2,585.5,50.204581464244875,35.5,,,2,0,0
Capped,2017,China,EB-1,2061,saved,2,1517.0,18.384776310850235,12.999999999999998,,,2,0,0
Capped,2017,China,EB-2,2061,saved,2,928.5,57.27564927611035,40.5,,,2,0,0
Capped,2017,China,EB-3,2061,saved,2,845.5,4.949747468305833,3.4999999999999996,,,2,0,0
Capped,2017,China,EB-4,2061,saved,2,37.5,16.263455967290593,11.5,,,2,0,0
Capped,2017,China,EB-5,2061,saved,2,3925.0,124.45079348883236,87.99999999999999,,,2,0,0
Capped,2017,ROW,EB-1,2061,saved,2,8698.5,13.435028842544403,9.5,,,2,0,0
Capped,2017,ROW,EB-2,2061,saved,2,10091.5,24.748737341529164,17.5,,,2,0,0
Capped,2017,ROW,EB-3,2061,saved,2,8523.5,120.91525958289962,85.49999999999999,,,2,0,0
Capped,2017,ROW,EB-4,2061,saved,2,3287.5,38.890872965260115,27.5,,,2,0,0
Capped,2017,ROW,EB-5,2061,saved,2,2112.0,43.840620433565945,30.999999999999996,,,2,0,0
Capped,2018,India,EB-1,2061,saved,2,3905.5,37.476659402887016,26.499999999999996,,,2,0,0
Capped,2018,India,EB-2,2061,saved,2,0.0,0.0,0.0,,,0,2,0
Capped,2018,India,EB-3,2061,saved,2,0.0,0.0,0.0,,,0,2,0
Capped,2018,India,EB-4,2061,saved,2,239.0,9.899494936611665,6.999999999999999,,,2,0,0
Capped,2018,India,EB-5,2061,saved,2,805.0,52.32590180780452,37.0,,,2,0,0
Capped,2018,China,EB-1,2061,saved,2,1280.0,33.94112549695428,23.999999999999996,,,2,0,0
Capped,2018,China,EB-2,2061,saved,2,981.5,7.7781745930520225,5.499999999999999,,,2,0,0
Capped,2018,China,EB-3,2061,saved,2,719.0,46.66904755831214,33.0,,,2,0,0
Capped,2018,China,EB-4,2061,saved,2,38.0,5.656854249492381,4.0,,,2,0,0
Capped,2018,China,EB-5,2061,saved,2,4058.0,36.76955262170047,25.999999999999996,,,2,0,0
Capped,2018,ROW,EB-1,2061,saved,2,7215.5,30.405591591021544,21.5,,,2,0,0
Capped,2018,ROW,EB-2,2061,saved,2,10329.0,77.78174593052023,55.0,,,2,0,0
Capped,2018,ROW,EB-3,2061,saved,2,9889.5,108.18733752154178,76.5,,,2,0,0
Capped,2018,ROW,EB-4,2061,saved,2,2288.0,24.041630560342615,16.999999999999996,,,2,0,0
Capped,2018,ROW,EB-5,2061,saved,2,2629.0,24.041630560342615,16.999999999999996,,,2,0,0
Capped,2019,India,EB-1,2061,saved,2,3624.5,75.66042558696059,53.49999999999999,,,2,0,0
Capped,2019,India,EB-2,2061,saved,2,0.0,0.0,0.0,,,0,2,0
Capped,2019,India,EB-3,2061,saved,2,0.0,0.0,0.0,,,0,2,0
Capped,2019,India,EB-4,2061,saved,2,297.0,15.556349186104045,10.999999999999998,,,2,0,0
Capped,2019,India,EB-5,2061,saved,2,282.0,36.76955262170047,25.999999999999996,,,2,0,0
Capped,2019,China,EB-1,2061,saved,2,1077.0,45.254833995939045,32.0,,,2,0,0
Capped,2019,China,EB-2,2061,saved,2,1084.5,105.35891039679558,74.5,,,2,0,0
Capped,2019,China,EB-3,2061,saved,2,597.5,28.991378028648448,20.5,,,2,0,0
Capped,2019,China,EB-4,2061,saved,2,47.0,0.0,0.0,,,2,0,0
Capped,2019,China,EB-5,2061,saved,2,979.5,0.7071067811865476,0.5,,,2,0,0
Capped,2019,ROW,EB-1,2061,saved,2,5690.5,28.991378028648448,20.5,,,2,0,0
Capped,2019,ROW,EB-2,2061,saved,2,10519.5,47.37615433949868,33.5,,,2,0,0
Capped,2019,ROW,EB-3,2061,saved,2,11626.0,41.012193308819754,28.999999999999996,,,2,0,0
Capped,2019,ROW,EB-4,2061,saved,2,2819.5,3.5355339059327378,2.5,,,2,0,0
Capped,2019,ROW,EB-5,2061,saved,2,781.0,9.899494936611665,6.999999999999999,,,2,0,0
Capped,2020,India,EB-1,2061,saved,2,3190.5,70.0035713374682,49.49999999999999,,,2,0,0
Capped,2020,India,EB-2,2061,saved,2,0.0,0.0,0.0,,,0,2,0
Capped,2020,India,EB-3,2061,saved,2,0.0,0.0,0.0,,,0,2,0
Capped,2020,India,EB-4,2061,saved,2,317.5,16.263455967290593,11.5,,,2,0,0
Capped,2020,India,EB-5,2061,saved,2,192.5,6.363961030678928,4.5,,,2,0,0
Capped,2020,China,EB-1,2061,saved,2,901.5,21.920310216782973,15.499999999999998,,,2,0,0
Capped,2020,China,EB-2,2061,saved,2,789.0,25.45584412271571,18.0,,,2,0,0
Capped,2020,China,EB-3,2061,saved,2,705.0,19.79898987322333,13.999999999999998,,,2,0,0
Capped,2020,China,EB-4,2061,saved,2,31.5,12.020815280171307,8.499999999999998,,,2,0,0
Capped,2020,China,EB-5,2061,saved,2,712.0,42.42640687119285,30.0,,,2,0,0
Capped,2020,ROW,EB-1,2061,saved,2,5371.0,79.19595949289332,55.99999999999999,,,2,0,0
Capped,2020,ROW,EB-2,2061,saved,2,9400.0,72.12489168102785,50.99999999999999,,,2,0,0
Capped,2020,ROW,EB-3,2061,saved,2,10496.0,227.6883835420683,160.99999999999997,,,2,0,0
Capped,2020,ROW,EB-4,2061,saved,2,2044.0,8.48528137423857,5.999999999999999,,,2,0,0
Capped,2020,ROW,EB-5,2061,saved,2,540.0,69.29646455628166,49.0,,,2,0,0
Capped,2021,India,EB-1,2061,saved,2,3752.0,33.94112549695428,23.999999999999996,,,2,0,0
Capped,2021,India,EB-2,2061,saved,2,0.0,0.0,0.0,,,0,2,0
Capped,2021,India,EB-3,2061,saved,2,0.0,0.0,0.0,,,0,2,0
Capped,2021,India,EB-4,2061,saved,2,201.0,21.213203435596427,15.0,,,2,0,0
Capped,2021,India,EB-5,2061,saved,2,210.5,0.7071067811865476,0.5,,,2,0,0
Capped,2021,China,EB-1,2061,saved,2,986.5,2.1213203435596424,1.4999999999999998,,,2,0,0
Capped,2021,China,EB-2,2061,saved,2,465.5,16.263455967290593,11.5,,,2,0,0
Capped,2021,China,EB-3,2061,saved,2,1317.5,53.033008588991066,37.5,,,2,0,0
Capped,2021,China,EB-4,2061,saved,2,10.5,2.1213203435596424,1.4999999999999998,,,2,0,0
Capped,2021,China,EB-5,2061,saved,2,676.0,7.0710678118654755,5.0,,,2,0,0
Capped,2021,ROW,EB-1,2061,saved,2,5125.5,36.062445840513924,25.499999999999996,,,2,0,0
Capped,2021,ROW,EB-2,2061,saved,2,10029.0,128.69343417595164,90.99999999999999,,,2,0,0
Capped,2021,ROW,EB-3,2061,saved,2,10957.0,89.09545442950498,62.99999999999999,,,2,0,0
Capped,2021,ROW,EB-4,2061,saved,2,1854.5,20.506096654409877,14.499999999999998,,,2,0,0
Capped,2021,ROW,EB-5,2061,saved,2,555.5,28.991378028648448,20.5,,,2,0,0
Capped,2022,India,EB-1,2061,saved,2,4287.5,9.192388155425117,6.499999999999999,,,2,0,0
Capped,2022,India,EB-2,2061,saved,2,0.0,0.0,0.0,,,0,2,0
Capped,2022,India,EB-3,2061,saved,2,0.0,0.0,0.0,,,0,2,0
Capped,2022,India,EB-4,2061,saved,2,521.0,8.48528137423857,5.999999999999999,,,2,0,0
Capped,2022,India,EB-5,2061,saved,2,50.0,8.48528137423857,5.999999999999999,,,2,0,0
Capped,2022,China,EB-1,2061,saved,2,1302.5,19.091883092036785,13.5,,,2,0,0
Capped,2022,China,EB-2,2061,saved,2,245.5,17.67766952966369,12.5,,,2,0,0
Capped,2022,China,EB-3,2061,saved,2,434.5,24.748737341529164,17.5,,,2,0,0
Capped,2022,China,EB-4,2061,saved,2,37.0,8.48528137423857,5.999999999999999,,,2,0,0
Capped,2022,China,EB-5,2061,saved,2,145.0,0.0,0.0,,,2,0,0
Capped,2022,ROW,EB-1,2061,saved,2,6190.5,105.35891039679558,74.5,,,2,0,0
Capped,2022,ROW,EB-2,2061,saved,2,12326.0,100.40916292848975,71.0,,,2,0,0
Capped,2022,ROW,EB-3,2061,saved,2,13812.5,65.76093065034893,46.5,,,2,0,0
Capped,2022,ROW,EB-4,2061,saved,2,2135.5,20.506096654409877,14.499999999999998,,,2,0,0
Capped,2022,ROW,EB-5,2061,saved,2,146.5,0.7071067811865476,0.5,,,2,0,0
Capped,2023,India,EB-1,2061,saved,2,5752.5,40.30508652763321,28.499999999999996,,,2,0,0
Capped,2023,India,EB-2,2061,saved,2,0.0,0.0,0.0,,,0,2,0
Capped,2023,India,EB-3,2061,saved,2,0.0,0.0,0.0,,,0,2,0
Capped,2023,India,EB-4,2061,saved,2,409.0,25.45584412271571,18.0,,,2,0,0
Capped,2023,India,EB-5,2061,saved,2,259.5,3.5355339059327378,2.5,,,2,0,0
Capped,2023,China,EB-1,2061,saved,2,2050.5,88.38834764831844,62.5,,,2,0,0
Capped,2023,China,EB-2,2061,saved,2,37.0,8.48528137423857,5.999999999999999,,,2,0,0
Capped,2023,China,EB-3,2061,saved,2,340.5,19.091883092036785,13.5,,,2,0,0
Capped,2023,China,EB-4,2061,saved,2,18.0,5.656854249492381,4.0,,,2,0,0
Capped,2023,China,EB-5,2061,saved,2,621.5,61.518289963229634,43.5,,,2,0,0
Capped,2023,ROW,EB-1,2061,saved,2,8309.5,86.97413408594535,61.5,,,2,0,0
Capped,2023,ROW,EB-2,2061,saved,2,15492.0,94.75230867899737,67.0,,,2,0,0
Capped,2023,ROW,EB-3,2061,saved,2,16914.0,14.142135623730951,10.0,,,2,0,0
Capped,2023,ROW,EB-4,2061,saved,2,968.0,8.48528137423857,5.999999999999999,,,2,0,0
Capped,2023,ROW,EB-5,2061,saved,2,469.5,16.263455967290593,11.5,,,2,0,0
Capped,2024,India,EB-1,2061,saved,2,4528.5,54.44722215136416,38.5,,,2,0,0
Capped,2024,India,EB-2,2061,saved,2,0.0,0.0,0.0,,,0,2,0
Capped,2024,India,EB-3,2061,saved,2,0.0,0.0,0.0,,,0,2,0
Capped,2024,India,EB-4,2061,saved,2,296.0,32.526911934581186,23.0,,,2,0,0
Capped,2024,India,EB-5,2061,saved,2,682.5,2.1213203435596424,1.4999999999999998,,,2,0,0
Capped,2024,China,EB-1,2061,saved,2,1765.5,86.97413408594535,61.5,,,2,0,0
Capped,2024,China,EB-2,2061,saved,2,0.0,0.0,0.0,,,0,2,0
Capped,2024,China,EB-3,2061,saved,2,696.5,38.890872965260115,27.5,,,2,0,0
Capped,2024,China,EB-4,2061,saved,2,48.0,15.556349186104045,10.999999999999998,,,2,0,0
Capped,2024,China,EB-5,2061,saved,2,1487.5,48.79036790187178,34.5,,,2,0,0
Capped,2024,ROW,EB-1,2061,saved,2,8158.0,48.08326112068523,33.99999999999999,,,2,0,0
Capped,2024,ROW,EB-2,2061,saved,2,12220.5,79.90306627407988,56.5,,,2,0,0
Capped,2024,ROW,EB-3,2061,saved,2,15072.5,129.4005409571382,91.49999999999999,,,2,0,0
Capped,2024,ROW,EB-4,2061,saved,2,281.0,22.627416997969522,16.0,,,2,0,0
Capped,2024,ROW,EB-5,2061,saved,2,1262.5,47.37615433949868,33.5,,,2,0,0
Capped,2025,India,EB-1,2061,saved,2,4493.5,157.6848122046001,111.49999999999999,,,2,0,0
Capped,2025,India,EB-2,2061,saved,2,0.0,0.0,0.0,,,0,2,0
Capped,2025,India,EB-3,2061,saved,2,0.0,0.0,0.0,,,0,2,0
Capped,2025,India,EB-4,2061,saved,2,242.5,20.506096654409877,14.499999999999998,,,2,0,0
Capped,2025,India,EB-5,2061,saved,2,626.0,8.48528137423857,5.999999999999999,,,2,0,0
Capped,2025,China,EB-1,2061,saved,2,1831.5,60.10407640085654,42.5,,,2,0,0
Capped,2025,China,EB-2,2061,saved,2,0.0,0.0,0.0,,,0,2,0
Capped,2025,China,EB-3,2061,saved,2,547.0,21.213203435596427,15.0,,,2,0,0
Capped,2025,China,EB-4,2061,saved,2,46.0,9.899494936611665,6.999999999999999,,,2,0,0
Capped,2025,China,EB-5,2061,saved,2,1516.5,6.363961030678928,4.5,,,2,0,0
Capped,2025,ROW,EB-1,2061,saved,2,8019.5,101.1162697096763,71.5,,,2,0,0
Capped,2025,ROW,EB-2,2061,saved,2,12008.5,23.33452377915607,16.5,,,2,0,0
Capped,2025,ROW,EB-3,2061,saved,2,14744.0,87.68124086713189,61.99999999999999,,,2,0,0
Capped,2025,ROW,EB-4,2061,saved,2,0.0,0.0,0.0,,,0,2,0
Capped,2025,ROW,EB-5,2061,saved,2,1242.0,45.254833995939045,32.0,,,2,0,0
Capped,2026,India,EB-1,2061,saved,2,4434.5,84.14570696119915,59.49999999999999,,,2,0,0
Capped,2026,India,EB-2,2061,saved,2,0.0,0.0,0.0,,,0,2,0
Capped,2026,India,EB-3,2061,saved,2,0.0,0.0,0.0,,,0,2,0
Capped,2026,India,EB-4,2061,saved,2,234.0,21.213203435596427,15.0,,,2,0,0
Capped,2026,India,EB-5,2061,saved,2,654.5,43.1335136523794,30.499999999999996,,,2,0,0
Capped,2026,China,EB-1,2061,saved,2,1655.0,15.556349186104045,10.999999999999998,,,2,0,0
Capped,2026,China,EB-2,2061,saved,2,0.0,0.0,0.0,,,0,2,0
Capped,2026,China,EB-3,2061,saved,2,484.5,26.16295090390226,18.5,,,2,0,0
Capped,2026,China,EB-4,2061,saved,2,52.0,7.0710678118654755,5.0,,,2,0,0
Capped,2026,China,EB-5,2061,saved,2,1435.0,18.384776310850235,12.999999999999998,,,2,0,0
Capped,2026,ROW,EB-1,2061,saved,2,8208.5,3.5355339059327378,2.5,,,2,0,0
Capped,2026,ROW,EB-2,2061,saved,2,12100.0,2.8284271247461903,2.0,,,2,0,0
Capped,2026,ROW,EB-3,2061,saved,2,14159.5,106.77312395916867,75.49999999999999,,,2,0,0
Capped,2026,ROW,EB-4,2061,saved,2,0.0,0.0,0.0,,,0,2,0
Capped,2026,ROW,EB-5,2061,saved,2,1312.0,5.656854249492381,4.0,,,2,0,0
Capped,2027,India,EB-1,2061,saved,2,4356.0,50.91168824543142,36.0,,,2,0,0
Capped,2027,India,EB-2,2061,saved,2,0.0,0.0,0.0,,,0,2,0
Capped,2027,India,EB-3,2061,saved,2,0.0,0.0,0.0,,,0,2,0
Capped,2027,India,EB-4,2061,saved,2,184.0,21.213203435596427,15.0,,,2,0,0
Capped,2027,India,EB-5,2061,saved,2,662.5,20.506096654409877,14.499999999999998,,,2,0,0
Capped,2027,China,EB-1,2061,saved,2,1716.0,31.11269837220809,21.999999999999996,,,2,0,0
Capped,2027,China,EB-2,2061,saved,2,0.0,0.0,0.0,,,0,2,0
Capped,2027,China,EB-3,2061,saved,2,376.5,19.091883092036785,13.5,,,2,0,0
Capped,2027,China,EB-4,2061,saved,2,63.5,3.5355339059327378,2.5,,,2,0,0
Capped,2027,China,EB-5,2061,saved,2,1432.5,61.518289963229634,43.5,,,2,0,0
Capped,2027,ROW,EB-1,2061,saved,2,8155.0,66.46803743153546,46.99999999999999,,,2,0,0
Capped,2027,ROW,EB-2,2061,saved,2,11988.0,26.870057685088806,19.0,,,2,0,0
Capped,2027,ROW,EB-3,2061,saved,2,13675.0,145.6639969244288,103.0,,,2,0,0
Capped,2027,ROW,EB-4,2061,saved,2,0.0,0.0,0.0,,,0,2,0
Capped,2027,ROW,EB-5,2061,saved,2,1285.5,40.30508652763321,28.499999999999996,,,2,0,0
Capped,2028,India,EB-1,2061,saved,2,4334.0,45.254833995939045,32.0,,,2,0,0
Capped,2028,India,EB-2,2061,saved,2,0.0,0.0,0.0,,,0,2,0
Capped,2028,India,EB-3,2061,saved,2,0.0,0.0,0.0,,,0,2,0
Capped,2028,India,EB-4,2061,saved,2,149.5,23.33452377915607,16.5,,,2,0,0
Capped,2028,India,EB-5,2061,saved,2,623.0,67.88225099390856,47.99999999999999,,,2,0,0
Capped,2028,China,EB-1,2061,saved,2,1673.0,25.45584412271571,18.0,,,2,0,0
Capped,2028,China,EB-2,2061,saved,2,0.0,0.0,0.0,,,0,2,0
Capped,2028,China,EB-3,2061,saved,2,319.5,9.192388155425117,6.499999999999999,,,2,0,0
Capped,2028,China,EB-4,2061,saved,2,65.5,23.33452377915607,16.5,,,2,0,0
Capped,2028,China,EB-5,2061,saved,2,1453.5,34.64823227814083,24.5,,,2,0,0
Capped,2028,ROW,EB-1,2061,saved,2,8107.5,111.01576464628796,78.5,,,2,0,0
Capped,2028,ROW,EB-2,2061,saved,2,11710.0,26.870057685088806,19.0,,,2,0,0
Capped,2028,ROW,EB-3,2061,saved,2,13271.5,53.033008588991066,37.5,,,2,0,0
Capped,2028,ROW,EB-4,2061,saved,2,0.0,0.0,0.0,,,0,2,0
Capped,2028,ROW,EB-5,2061,saved,2,1289.5,21.920310216782973,15.499999999999998,,,2,0,0
Capped,2029,India,EB-1,2061,saved,2,4105.5,4.949747468305833,3.4999999999999996,,,2,0,0
Capped,2029,India,EB-2,2061,saved,2,0.0,0.0,0.0,,,0,2,0
Capped,2029,India,EB-3,2061,saved,2,0.0,0.0,0.0,,,0,2,0
Capped,2029,India,EB-4,2061,saved,2,138.0,25.45584412271571,18.0,,,2,0,0
Capped,2029,India,EB-5,2061,saved,2,637.0,63.63961030678928,45.0,,,2,0,0
Capped,2029,China,EB-1,2061,saved,2,1627.0,77.78174593052023,55.0,,,2,0,0
Capped,2029,China,EB-2,2061,saved,2,0.0,0.0,0.0,,,0,2,0
Capped,2029,China,EB-3,2061,saved,2,199.5,16.263455967290593,11.5,,,2,0,0
Capped,2029,China,EB-4,2061,saved,2,62.0,9.899494936611665,6.999999999999999,,,2,0,0
Capped,2029,China,EB-5,2061,saved,2,1399.5,10.606601717798213,7.5,,,2,0,0
Capped,2029,ROW,EB-1,2061,saved,2,8207.5,101.1162697096763,71.5,,,2,0,0
Capped,2029,ROW,EB-2,2061,saved,2,11813.0,2.8284271247461903,2.0,,,2,0,0
Capped,2029,ROW,EB-3,2061,saved,2,13125.0,87.68124086713189,61.99999999999999,,,2,0,0
Capped,2029,ROW,EB-4,2061,saved,2,0.0,0.0,0.0,,,0,2,0
Capped,2029,ROW,EB-5,2061,saved,2,1308.5,53.033008588991066,37.5,,,2,0,0
Capped,2030,India,EB-1,2061,saved,2,4143.5,7.7781745930520225,5.499999999999999,,,2,0,0
Capped,2030,India,EB-2,2061,saved,2,0.0,0.0,0.0,,,0,2,0
Capped,2030,India,EB-3,2061,saved,2,0.0,0.0,0.0,,,0,2,0
Capped,2030,India,EB-4,2061,saved,2,113.0,5.656854249492381,4.0,,,2,0,0
Capped,2030,India,EB-5,2061,saved,2,622.0,16.97056274847714,11.999999999999998,,,2,0,0
Capped,2030,China,EB-1,2061,saved,2,1566.0,24.041630560342615,16.999999999999996,,,2,0,0
Capped,2030,China,EB-2,2061,saved,2,0.0,0.0,0.0,,,0,2,0
Capped,2030,China,EB-3,2061,saved,2,145.5,7.7781745930520225,5.499999999999999,,,2,0,0
Capped,2030,China,EB-4,2061,saved,2,64.5,13.435028842544403,9.5,,,2,0,0
Capped,2030,China,EB-5,2061,saved,2,1419.5,34.64823227814083,24.5,,,2,0,0
Capped,2030,ROW,EB-1,2061,saved,2,8046.0,33.94112549695428,23.999999999999996,,,2,0,0
Capped,2030,ROW,EB-2,2061,saved,2,11691.0,214.96046148071045,152.0,,,2,0,0
Capped,2030,ROW,EB-3,2061,saved,2,12773.0,376.1808075912433,266.0,,,2,0,0
Capped,2030,ROW,EB-4,2061,saved,2,0.0,0.0,0.0,,,0,2,0
Capped,2030,ROW,EB-5,2061,saved,2,1267.0,36.76955262170047,25.999999999999996,,,2,0,0
Capped,2031,India,EB-1,2061,saved,2,4015.0,55.154328932550705,38.99999999999999,,,2,0,0
Capped,2031,India,EB-2,2061,saved,2,0.0,0.0,0.0,,,0,2,0
Capped,2031,India,EB-3,2061,saved,2,0.0,0.0,0.0,,,0,2,0
Capped,2031,India,EB-4,2061,saved,2,123.0,5.656854249492381,4.0,,,2,0,0
Capped,2031,India,EB-5,2061,saved,2,644.5,19.091883092036785,13.5,,,2,0,0
Capped,2031,China,EB-1,2061,saved,2,1475.5,47.37615433949868,33.5,,,2,0,0
Capped,2031,China,EB-2,2061,saved,2,0.0,0.0,0.0,,,0,2,0
Capped,2031,China,EB-3,2061,saved,2,77.5,13.435028842544403,9.5,,,2,0,0
Capped,2031,China,EB-4,2061,saved,2,46.0,1.4142135623730951,1.0,,,2,0,0
Capped,2031,China,EB-5,2061,saved,2,1461.5,44.54772721475249,31.499999999999996,,,2,0,0
Capped,2031,ROW,EB-1,2061,saved,2,8239.0,33.94112549695428,23.999999999999996,,,2,0,0
Capped,2031,ROW,EB-2,2061,saved,2,11685.5,212.83914113715082,150.5,,,2,0,0
Capped,2031,ROW,EB-3,2061,saved,2,12244.5,27.577164466275352,19.499999999999996,,,2,0,0
Capped,2031,ROW,EB-4,2061,saved,2,0.0,0.0,0.0,,,0,2,0
Capped,2031,ROW,EB-5,2061,saved,2,1286.5,31.81980515339464,22.5,,,2,0,0
Capped,2032,India,EB-1,2061,saved,2,3878.0,66.46803743153546,46.99999999999999,,,2,0,0
Capped,2032,India,EB-2,2061,saved,2,0.0,0.0,0.0,,,0,2,0
Capped,2032,India,EB-3,2061,saved,2,0.0,0.0,0.0,,,0,2,0
Capped,2032,India,EB-4,2061,saved,2,95.0,2.8284271247461903,2.0,,,2,0,0
Capped,2032,India,EB-5,2061,saved,2,654.5,9.192388155425117,6.499999999999999,,,2,0,0
Capped,2032,China,EB-1,2061,saved,2,1411.5,20.506096654409877,14.499999999999998,,,2,0,0
Capped,2032,China,EB-2,2061,saved,2,0.0,0.0,0.0,,,0,2,0
Capped,2032,China,EB-3,2061,saved,2,39.5,7.7781745930520225,5.499999999999999,,,2,0,0
Capped,2032,China,EB-4,2061,saved,2,50.5,0.7071067811865476,0.5,,,2,0,0
Capped,2032,China,EB-5,2061,saved,2,1385.0,26.870057685088806,19.0,,,2,0,0
Capped,2032,ROW,EB-1,2061,saved,2,8151.5,82.73149339882606,58.49999999999999,,,2,0,0
Capped,2032,ROW,EB-2,2061,saved,2,11734.5,167.58430714121175,118.49999999999999,,,2,0,0
Capped,2032,ROW,EB-3,2061,saved,2,12002.0,60.81118318204309,43.0,,,2,0,0
Capped,2032,ROW,EB-4,2061,saved,2,0.0,0.0,0.0,,,0,2,0
Capped,2032,ROW,EB-5,2061,saved,2,1343.5,27.577164466275352,19.499999999999996,,,2,0,0
Capped,2033,India,EB-1,2061,saved,2,3753.5,75.66042558696059,53.49999999999999,,,2,0,0
Capped,2033,India,EB-2,2061,saved,2,0.0,0.0,0.0,,,0,2,0
Capped,2033,India,EB-3,2061,saved,2,0.0,0.0,0.0,,,0,2,0
Capped,2033,India,EB-4,2061,saved,2,83.0,7.0710678118654755,5.0,,,2,0,0
Capped,2033,India,EB-5,2061,saved,2,628.5,3.5355339059327378,2.5,,,2,0,0
Capped,2033,China,EB-1,2061,saved,2,1356.5,2.1213203435596424,1.4999999999999998,,,2,0,0
Capped,2033,China,EB-2,2061,saved,2,0.0,0.0,0.0,,,0,2,0
Capped,2033,China,EB-3,2061,saved,2,0.0,0.0,0.0,,,0,2,0
Capped,2033,China,EB-4,2061,saved,2,42.5,10.606601717798213,7.5,,,2,0,0
Capped,2033,China,EB-5,2061,saved,2,1386.5,6.363961030678928,4.5,,,2,0,0
Capped,2033,ROW,EB-1,2061,saved,2,8077.5,201.52543263816605,142.5,,,2,0,0
Capped,2033,ROW,EB-2,2061,saved,2,11760.5,92.63098833543772,65.49999999999999,,,2,0,0
Capped,2033,ROW,EB-3,2061,saved,2,11531.5,67.17514421272202,47.5,,,2,0,0
Capped,2033,ROW,EB-4,2061,saved,2,0.0,0.0,0.0,,,0,2,0
Capped,2033,ROW,EB-5,2061,saved,2,1327.0,59.39696961966999,41.99999999999999,,,2,0,0
Capped,2034,India,EB-1,2061,saved,2,3712.5,14.849242404917497,10.499999999999998,,,2,0,0
Capped,2034,India,EB-2,2061,saved,2,0.0,0.0,0.0,,,0,2,0
Capped,2034,India,EB-3,2061,saved,2,0.0,0.0,0.0,,,0,2,0
Capped,2034,India,EB-4,2061,saved,2,76.0,7.0710678118654755,5.0,,,2,0,0
Capped,2034,India,EB-5,2061,saved,2,632.5,21.920310216782973,15.499999999999998,,,2,0,0
Capped,2034,China,EB-1,2061,saved,2,1305.5,16.263455967290593,11.5,,,2,0,0
Capped,2034,China,EB-2,2061,saved,2,0.0,0.0,0.0,,,0,2,0
Capped,2034,China,EB-3,2061,saved,2,0.0,0.0,0.0,,,0,2,0
Capped,2034,China,EB-4,2061,saved,2,55.5,0.7071067811865476,0.5,,,2,0,0
Capped,2034,China,EB-5,2061,saved,2,1364.5,27.577164466275352,19.499999999999996,,,2,0,0
Capped,2034,ROW,EB-1,2061,saved,2,8067.5,16.263455967290593,11.5,,,2,0,0
Capped,2034,ROW,EB-2,2061,saved,2,11603.0,94.75230867899737,67.0,,,2,0,0
Capped,2034,ROW,EB-3,2061,saved,2,11121.0,86.2670273047588,60.99999999999999,,,2,0,0
Capped,2034,ROW,EB-4,2061,saved,2,0.0,0.0,0.0,,,0,2,0
Capped,2034,ROW,EB-5,2061,saved,2,1276.0,62.22539674441618,43.99999999999999,,,2,0,0
Capped,2035,India,EB-1,2061,saved,2,3503.0,73.53910524340094,51.99999999999999,,,2,0,0
Capped,2035,India,EB-2,2061,saved,2,0.0,0.0,0.0,,,0,2,0
Capped,2035,India,EB-3,2061,saved,2,0.0,0.0,0.0,,,0,2,0
Capped,2035,India,EB-4,2061,saved,2,68.0,2.8284271247461903,2.0,,,2,0,0
Capped,2035,India,EB-5,2061,saved,2,596.0,5.656854249492381,4.0,,,2,0,0
Capped,2035,China,EB-1,2061,saved,2,1223.0,35.35533905932738,25.0,,,2,0,0
Capped,2035,China,EB-2,2061,saved,2,0.0,0.0,0.0,,,0,2,0
Capped,2035,China,EB-3,2061,saved,2,0.0,0.0,0.0,,,0,2,0
Capped,2035,China,EB-4,2061,saved,2,46.0,16.97056274847714,11.999999999999998,,,2,0,0
Capped,2035,China,EB-5,2061,saved,2,1355.0,26.870057685088806,19.0,,,2,0,0
Capped,2035,ROW,EB-1,2061,saved,2,8064.0,86.2670273047588,60.99999999999999,,,2,0,0
Capped,2035,ROW,EB-2,2061,saved,2,11282.5,10.606601717798213,7.5,,,2,0,0
Capped,2035,ROW,EB-3,2061,saved,2,10891.5,284.9640328181787,201.5,,,2,0,0
Capped,2035,ROW,EB-4,2061,saved,2,0.0,0.0,0.0,,,0,2,0
Capped,2035,ROW,EB-5,2061,saved,2,1302.5,31.81980515339464,22.5,,,2,0,0
Capped,2036,India,EB-1,2061,saved,2,3379.0,7.0710678118654755,5.0,,,2,0,0
Capped,2036,India,EB-2,2061,saved,2,0.0,0.0,0.0,,,0,2,0
Capped,2036,India,EB-3,2061,saved,2,0.0,0.0,0.0,,,0,2,0
Capped,2036,India,EB-4,2061,saved,2,62.5,6.363961030678928,4.5,,,2,0,0
Capped,2036,India,EB-5,2061,saved,2,631.5,16.263455967290593,11.5,,,2,0,0
Capped,2036,China,EB-1,2061,saved,2,1169.0,42.42640687119285,30.0,,,2,0,0
Capped,2036,China,EB-2,2061,saved,2,0.0,0.0,0.0,,,0,2,0
Capped,2036,China,EB-3,2061,saved,2,0.0,0.0,0.0,,,0,2,0
Capped,2036,China,EB-4,2061,saved,2,47.5,4.949747468305833,3.4999999999999996,,,2,0,0
Capped,2036,China,EB-5,2061,saved,2,1305.0,43.840620433565945,30.999999999999996,,,2,0,0
Capped,2036,ROW,EB-1,2061,saved,2,8203.5,180.31222920256963,127.5,,,2,0,0
Capped,2036,ROW,EB-2,2061,saved,2,11576.5,171.82694782833104,121.49999999999999,,,2,0,0
Capped,2036,ROW,EB-3,2061,saved,2,10439.0,1.4142135623730951,1.0,,,2,0,0
Capped,2036,ROW,EB-4,2061,saved,2,0.0,0.0,0.0,,,0,2,0
Capped,2036,ROW,EB-5,2061,saved,2,1264.0,59.39696961966999,41.99999999999999,,,2,0,0
Capped,2037,India,EB-1,2061,saved,2,3254.0,73.53910524340094,51.99999999999999,,,2,0,0
Capped,2037,India,EB-2,2061,saved,2,0.0,0.0,0.0,,,0,2,0
Capped,2037,India,EB-3,2061,saved,2,0.0,0.0,0.0,,,0,2,0
Capped,2037,India,EB-4,2061,saved,2,65.0,16.97056274847714,11.999999999999998,,,2,0,0
Capped,2037,India,EB-5,2061,saved,2,635.5,10.606601717798213,7.5,,,2,0,0
Capped,2037,China,EB-1,2061,saved,2,1053.5,26.16295090390226,18.5,,,2,0,0
Capped,2037,China,EB-2,2061,saved,2,0.0,0.0,0.0,,,0,2,0
Capped,2037,China,EB-3,2061,saved,2,0.0,0.0,0.0,,,0,2,0
Capped,2037,China,EB-4,2061,saved,2,60.0,22.627416997969522,16.0,,,2,0,0
Capped,2037,China,EB-5,2061,saved,2,1305.5,17.67766952966369,12.5,,,2,0,0
Capped,2037,ROW,EB-1,2061,saved,2,8187.5,64.34671708797582,45.49999999999999,,,2,0,0
Capped,2037,ROW,EB-2,2061,saved,2,11143.5,108.18733752154178,76.5,,,2,0,0
Capped,2037,ROW,EB-3,2061,saved,2,10195.0,73.53910524340094,51.99999999999999,,,2,0,0
Capped,2037,ROW,EB-4,2061,saved,2,0.0,0.0,0.0,,,0,2,0
Capped,2037,ROW,EB-5,2061,saved,2,1261.0,66.46803743153546,46.99999999999999,,,2,0,0
Capped,2038,India,EB-1,2061,saved,2,3105.0,29.698484809834994,20.999999999999996,,,2,0,0
Capped,2038,India,EB-2,2061,saved,2,0.0,0.0,0.0,,,0,2,0
Capped,2038,India,EB-3,2061,saved,2,0.0,0.0,0.0,,,0,2,0
Capped,2038,India,EB-4,2061,saved,2,53.0,1.4142135623730951,1.0,,,2,0,0
Capped,2038,India,EB-5,2061,saved,2,602.5,28.991378028648448,20.5,,,2,0,0
Capped,2038,China,EB-1,2061,saved,2,1061.0,45.254833995939045,32.0,,,2,0,0
Capped,2038,China,EB-2,2061,saved,2,0.0,0.0,0.0,,,0,2,0
Capped,2038,China,EB-3,2061,saved,2,0.0,0.0,0.0,,,0,2,0
Capped,2038,China,EB-4,2061,saved,2,46.0,15.556349186104045,10.999999999999998,,,2,0,0
Capped,2038,China,EB-5,2061,saved,2,1320.5,3.5355339059327378,2.5,,,2,0,0
Capped,2038,ROW,EB-1,2061,saved,2,8098.0,114.5512985522207,81.0,,,2,0,0
Capped,2038,ROW,EB-2,2061,saved,2,11469.5,130.8147545195113,92.5,,,2,0,0
Capped,2038,ROW,EB-3,2061,saved,2,10058.0,128.69343417595164,90.99999999999999,,,2,0,0
Capped,2038,ROW,EB-4,2061,saved,2,0.0,0.0,0.0,,,0,2,0
Capped,2038,ROW,EB-5,2061,saved,2,1304.5,16.263455967290593,11.5,,,2,0,0
Capped,2039,India,EB-1,2061,saved,2,2989.0,83.43860018001261,59.0,,,2,0,0
Capped,2039,India,EB-2,2061,saved,2,0.0,0.0,0.0,,,0,2,0
Capped,2039,India,EB-3,2061,saved,2,0.0,0.0,0.0,,,0,2,0
Capped,2039,India,EB-4,2061,saved,2,46.5,7.7781745930520225,5.499999999999999,,,2,0,0
Capped,2039,India,EB-5,2061,saved,2,607.0,60.81118318204309,43.0,,,2,0,0
Capped,2039,China,EB-1,2061,saved,2,1005.0,45.254833995939045,32.0,,,2,0,0
Capped,2039,China,EB-2,2061,saved,2,0.0,0.0,0.0,,,0,2,0
Capped,2039,China,EB-3,2061,saved,2,0.0,0.0,0.0,,,0,2,0
Capped,2039,China,EB-4,2061,saved,2,67.5,7.7781745930520225,5.499999999999999,,,2,0,0
Capped,2039,China,EB-5,2061,saved,2,1277.5,61.518289963229634,43.5,,,2,0,0
Capped,2039,ROW,EB-1,2061,saved,2,8057.5,161.92745289171938,114.49999999999999,,,2,0,0
Capped,2039,ROW,EB-2,2061,saved,2,11438.0,125.86500705120545,88.99999999999999,,,2,0,0
Capped,2039,ROW,EB-3,2061,saved,2,9795.5,122.32947314527271,86.49999999999999,,,2,0,0
Capped,2039,ROW,EB-4,2061,saved,2,0.0,0.0,0.0,,,0,2,0
Capped,2039,ROW,EB-5,2061,saved,2,1211.5,28.991378028648448,20.5,,,2,0,0
Capped,2040,India,EB-1,2061,saved,2,2821.5,79.90306627407988,56.5,,,2,0,0
Capped,2040,India,EB-2,2061,saved,2,0.0,0.0,0.0,,,0,2,0
Capped,2040,India,EB-3,2061,saved,2,0.0,0.0,0.0,,,0,2,0
Capped,2040,India,EB-4,2061,saved,2,37.0,2.8284271247461903,2.0,,,2,0,0
Capped,2040,India,EB-5,2061,saved,2,628.0,9.899494936611665,6.999999999999999,,,2,0,0
Capped,2040,China,EB-1,2061,saved,2,1021.5,43.1335136523794,30.499999999999996,,,2,0,0
Capped,2040,China,EB-2,2061,saved,2,0.0,0.0,0.0,,,0,2,0
Capped,2040,China,EB-3,2061,saved,2,0.0,0.0,0.0,,,0,2,0
Capped,2040,China,EB-4,2061,saved,2,50.5,12.020815280171307,8.499999999999998,,,2,0,0
Capped,2040,China,EB-5,2061,saved,2,1283.0,12.727922061357855,9.0,,,2,0,0
Capped,2040,ROW,EB-1,2061,saved,2,8077.5,130.8147545195113,92.5,,,2,0,0
Capped,2040,ROW,EB-2,2061,saved,2,11313.0,141.4213562373095,100.0,,,2,0,0
Capped,2040,ROW,EB-3,2061,saved,2,9545.0,55.154328932550705,38.99999999999999,,,2,0,0
Capped,2040,ROW,EB-4,2061,saved,2,0.0,0.0,0.0,,,0,2,0
Capped,2040,ROW,EB-5,2061,saved,2,1273.0,22.627416997969522,16.0,,,2,0,0
Uncapped,2009,India,EB-1,2061,aged_out,2,0.0,0.0,0.0,,,0,2,0
Uncapped,2009,India,EB-2,2061,aged_out,2,0.0,0.0,0.0,,,0,2,0
Uncapped,2009,India,EB-3,2061,aged_out,2,6302.0,9.899494936611665,6.999999999999999,,,2,0,0
Uncapped,2009,India,EB-4,2061,aged_out,2,0.0,0.0,0.0,,,0,2,0
Uncapped,2009,India,EB-5,2061,aged_out,2,0.0,0.0,0.0,,,0,2,0
Uncapped,2009,China,EB-1,2061,aged_out,2,0.0,0.0,0.0,,,0,2,0
Uncapped,2009,China,EB-2,2061,aged_out,2,0.0,0.0,0.0,,,0,2,0
Uncapped,2009,China,EB-3,2061,aged_out,2,961.0,22.627416997969522,16.0,,,2,0,0
Uncapped,2009,China,EB-4,2061,aged_out,2,0.0,0.0,0.0,,,0,2,0
Uncapped,2009,China,EB-5,2061,aged_out,2,0.0,0.0,0.0,,,0,2,0
Uncapped,2009,ROW,EB-1,2061,aged_out,2,0.0,0.0,0.0,,,0,2,0
Uncapped,2009,ROW,EB-2,2061,aged_out,2,0.0,0.0,0.0,,,0,2,0
Uncapped,2009,ROW,EB-3,2061,aged_out,2,99.5,13.435028842544403,9.5,,,2,0,0
Uncapped,2009,ROW,EB-4,2061,aged_out,2,0.0,0.0,0.0,,,0,2,0
Uncapped,2009,ROW,EB-5,2061,aged_out,2,0.0,0.0,0.0,,,0,2,0
Uncapped,2010,India,EB-1,2061,aged_out,2,0.0,0.0,0.0,,,0,2,0
Uncapped,2010,India,EB-2,2061,aged_out,2,10.5,2.1213203435596424,1.4999999999999998,,,2,0,0
Uncapped,2010,India,EB-3,2061,aged_out,2,692.5,31.81980515339464,22.5,,,2,0,0
Uncapped,2010,India,EB-4,2061,aged_out,2,0.0,0.0,0.0,,,0,2,0
Uncapped,2010,India,EB-5,2061,aged_out,2,0.0,0.0,0.0,,,0,2,0
Uncapped,2010,China,EB-1,2061,aged_out,2,0.0,0.0,0.0,,,0,2,0
Uncapped,2010,China,EB-2,2061,aged_out,2,0.5,0.7071067811865476,0.5,,,1,1,0
Uncapped,2010,China,EB-3,2061,aged_out,2,44.5,14.849242404917497,10.499999999999998,,,2,0,0
Uncapped,2010,China,EB-4,2061,aged_out,2,0.0,0.0,0.0,,,0,2,0
Uncapped,2010,China,EB-5,2061,aged_out,2,0.0,0.0,0.0,,,0,2,0
Uncapped,2010,ROW,EB-1,2061,aged_out,2,0.0,0.0,0.0,,,0,2,0
Uncapped,2010,ROW,EB-2,2061,aged_out,2,0.0,0.0,0.0,,,0,2,0
Uncapped,2010,ROW,EB-3,2061,aged_out,2,54.0,8.48528137423857,5.999999999999999,,,2,0,0
Uncapped,2010,ROW,EB-4,2061,aged_out,2,0.0,0.0,0.0,,,0,2,0
Uncapped,2010,ROW,EB-5,2061,aged_out,2,0.0,0.0,0.0,,,0,2,0
Uncapped,2011,India,EB-1,2061,aged_out,2,0.0,0.0,0.0,,,0,2,0
Uncapped,2011,India,EB-2,2061,aged_out,2,515.0,8.48528137423857,5.999999999999999,,,2,0,0
Uncapped,2011,India,EB-3,2061,aged_out,2,575.5,12.020815280171307,8.499999999999998,,,2,0,0
Uncapped,2011,India,EB-4,2061,aged_out,2,0.5,0.7071067811865476,0.5,,,1,1,0
Uncapped,2011,India,EB-5,2061,aged_out,2,0.0,0.0,0.0,,,0,2,0
Uncapped,2011,China,EB-1,2061,aged_out,2,0.0,0.0,0.0,,,0,2,0
Uncapped,2011,China,EB-2,2061,aged_out,2,4.0,1.4142135623730951,1.0,,,2,0,0
Uncapped,2011,China,EB-3,2061,aged_out,2,23.5,4.949747468305833,3.4999999999999996,,,2,0,0
Uncapped,2011,China,EB-4,2061,aged_out,2,0.0,0.0,0.0,,,0,2,0
Uncapped,2011,China,EB-5,2061,aged_out,2,0.0,0.0,0.0,,,0,2,0
Uncapped,2011,ROW,EB-1,2061,aged_out,2,0.0,0.0,0.0,,,0,2,0
Uncapped,2011,ROW,EB-2,2061,aged_out,2,0.0,0.0,0.0,,,0,2,0
Uncapped,2011,ROW,EB-3,2061,aged_out,2,18.5,7.7781745930520225,5.499999999999999,,,2,0,0
Uncapped,2011,ROW,EB-4,2061,aged_out,2,1.0,1.4142135623730951,1.0,,,1,1,0
Uncapped,2011,ROW,EB-5,2061,aged_out,2,0.0,0.0,0.0,,,0,2,0
Uncapped,2012,India,EB-1,2061,aged_out,2,0.0,0.0,0.0,,,0,2,0
Uncapped,2012,India,EB-2,2061,aged_out,2,656.0,26.870057685088806,19.0,,,2,0,0
Uncapped,2012,India,EB-3,2061,aged_out,2,257.0,18.384776310850235,12.999999999999998,,,2,0,0
Uncapped,2012,India,EB-4,2061,aged_out,2,2.0,1.4142135623730951,1.0,,,2,0,0
Uncapped,2012,India,EB-5,2061,aged_out,2,0.0,0.0,0.0,,,0,2,0
Uncapped,2012,China,EB-1,2061,aged_out,2,0.0,0.0,0.0,,,0,2,0
Uncapped,2012,China,EB-2,2061,aged_out,2,8.0,4.242640687119285,2.9999999999999996,,,2,0,0
Uncapped,2012,China,EB-3,2061,aged_out,2,15.0,7.0710678118654755,5.0,,,2,0,0
Uncapped,2012,China,EB-4,2061,aged_out,2,0.0,0.0,0.0,,,0,2,0
Uncapped,2012,China,EB-5,2061,aged_out,2,0.0,0.0,0.0,,,0,2,0
Uncapped,2012,ROW,EB-1,2061,aged_out,2,0.0,0.0,0.0,,,0,2,0
Uncapped,2012,ROW,EB-2,2061,aged_out,2,0.0,0.0,0.0,,,0,2,0
Uncapped,2012,ROW,EB-3,2061,aged_out,2,2.5,2.1213203435596424,1.4999999999999998,,,2,0,0
Uncapped,2012,ROW,EB-4,2061,aged_out,2,28.0,4.242640687119285,2.9999999999999996,,,2,0,0
Uncapped,2012,ROW,EB-5,2061,aged_out,2,0.0,0.0,0.0,,,0,2,0
Uncapped,2013,India,EB-1,2061,aged_out,2,0.0,0.0,0.0,,,0,2,0
Uncapped,2013,India,EB-2,2061,aged_out,2,852.5,0.7071067811865476,0.5,,,2,0,0
Uncapped,2013,India,EB-3,2061,aged_out,2,204.5,16.263455967290593,11.5,,,2,0,0
Uncapped,2013,India,EB-4,2061,aged_out,2,15.0,4.242640687119285,2.9999999999999996,,,2,0,0
Uncapped,2013,India,EB-5,2061,aged_out,2,0.0,0.0,0.0,,,0,2,0
Uncapped,2013,China,EB-1,2061,aged_out,2,0.0,0.0,0.0,,,0,2,0
Uncapped,2013,China,EB-2,2061,aged_out,2,12.0,2.8284271247461903,2.0,,,2,0,0
Uncapped,2013,China,EB-3,2061,aged_out,2,17.5,3.5355339059327378,2.5,,,2,0,0
Uncapped,2013,China,EB-4,2061,aged_out,2,0.0,0.0,0.0,,,0,2,0
Uncapped,2013,China,EB-5,2061,aged_out,2,0.0,0.0,0.0,,,0,2,0
Uncapped,2013,ROW,EB-1,2061,aged_out,2,0.0,0.0,0.0,,,0,2,0
Uncapped,2013,ROW,EB-2,2061,aged_out,2,0.0,0.0,0.0,,,0,2,0
Uncapped,2013,ROW,EB-3,2061,aged_out,2,0.0,0.0,0.0,,,0,2,0
Uncapped,2013,ROW,EB-4,2061,aged_out,2,337.0,5.656854249492381,4.0,,,2,0,0
Uncapped,2013,ROW,EB-5,2061,aged_out,2,0.0,0.0,0.0,,,0,2,0
Uncapped,2014,India,EB-1,2061,aged_out,2,0.0,0.0,0.0,,,0,2,0
Uncapped,2014,India,EB-2,2061,aged_out,2,1198.5,3.5355339059327378,2.5,,,2,0,0
Uncapped,2014,India,EB-3,2061,aged_out,2,198.0,4.242640687119285,2.9999999999999996,,,2,0,0
Uncapped,2014,India,EB-4,2061,aged_out,2,26.0,1.4142135623730951,1.0,,,2,0,0
Uncapped,2014,India,EB-5,2061,aged_out,2,0.0,0.0,0.0,,,0,2,0
Uncapped,2014,China,EB-1,2061,aged_out,2,0.0,0.0,0.0,,,0,2,0
Uncapped,2014,China,EB-2,2061,aged_out,2,20.5,3.5355339059327378,2.5,,,2,0,0
Uncapped,2014,China,EB-3,2061,aged_out,2,183.0,14.142135623730951,10.0,,,2,0,0
Uncapped,2014,China,EB-4,2061,aged_out,2,0.0,0.0,0.0,,,0,2,0
Uncapped,2014,China,EB-5,2061,aged_out,2,0.0,0.0,0.0,,,0,2,0
Uncapped,2014,ROW,EB-1,2061,aged_out,2,0.0,0.0,0.0,,,0,2,0
Uncapped,2014,ROW,EB-2,2061,aged_out,2,0.0,0.0,0.0,,,0,2,0
Uncapped,2014,ROW,EB-3,2061,aged_out,2,0.0,0.0,0.0,,,0,2,0
Uncapped,2014,ROW,EB-4,2061,aged_out,2,632.5,14.849242404917497,10.499999999999998,,,2,0,0
Uncapped,2014,ROW,EB-5,2061,aged_out,2,0.0,0.0,0.0,,,0,2,0
Uncapped,2015,India,EB-1,2061,aged_out,2,0.0,0.0,0.0,,,0,2,0
Uncapped,2015,India,EB-2,2061,aged_out,2,1507.0,12.727922061357855,9.0,,,2,0,0
Uncapped,2015,India,EB-3,2061,aged_out,2,241.5,41.71930009000631,29.5,,,2,0,0
Uncapped,2015,India,EB-4,2061,aged_out,2,85.0,2.8284271247461903,2.0,,,2,0,0
Uncapped,2015,India,EB-5,2061,aged_out,2,0.0,0.0,0.0,,,0,2,0
Uncapped,2015,China,EB-1,2061,aged_out,2,0.0,0.0,0.0,,,0,2,0
Uncapped,2015,China,EB-2,2061,aged_out,2,30.5,3.5355339059327378,2.5,,,2,0,0
Uncapped,2015,China,EB-3,2061,aged_out,2,66.0,8.48528137423857,5.999999999999999,,,2,0,0
Uncapped,2015,China,EB-4,2061,aged_out,2,0.0,0.0,0.0,,,0,2,0
Uncapped,2015,China,EB-5,2061,aged_out,2,0.0,0.0,0.0,,,0,2,0
Uncapped,2015,ROW,EB-1,2061,aged_out,2,0.0,0.0,0.0,,,0,2,0
Uncapped,2015,ROW,EB-2,2061,aged_out,2,0.0,0.0,0.0,,,0,2,0
Uncapped,2015,ROW,EB-3,2061,aged_out,2,0.0,0.0,0.0,,,0,2,0
Uncapped,2015,ROW,EB-4,2061,aged_out,2,1248.0,8.48528137423857,5.999999999999999,,,2,0,0
Uncapped,2015,ROW,EB-5,2061,aged_out,2,0.0,0.0,0.0,,,0,2,0
Uncapped,2016,India,EB-1,2061,aged_out,2,0.0,0.0,0.0,,,0,2,0
Uncapped,2016,India,EB-2,2061,aged_out,2,2723.0,42.42640687119285,30.0,,,2,0,0
Uncapped,2016,India,EB-3,2061,aged_out,2,307.5,0.7071067811865476,0.5,,,2,0,0
Uncapped,2016,India,EB-4,2061,aged_out,2,72.0,11.313708498984761,8.0,,,2,0,0
Uncapped,2016,India,EB-5,2061,aged_out,2,0.0,0.0,0.0,,,0,2,0
Uncapped,2016,China,EB-1,2061,aged_out,2,0.0,0.0,0.0,,,0,2,0
Uncapped,2016,China,EB-2,2061,aged_out,2,73.0,2.8284271247461903,2.0,,,2,0,0
Uncapped,2016,China,EB-3,2061,aged_out,2,134.0,15.556349186104045,10.999999999999998,,,2,0,0
Uncapped,2016,China,EB-4,2061,aged_out,2,0.0,0.0,0.0,,,0,2,0
Uncapped,2016,China,EB-5,2061,aged_out,2,0.0,0.0,0.0,,,0,2,0
Uncapped,2016,ROW,EB-1,2061,aged_out,2,0.0,0.0,0.0,,,0,2,0
Uncapped,2016,ROW,EB-2,2061,aged_out,2,0.0,0.0,0.0,,,0,2,0
Uncapped,2016,ROW,EB-3,2061,aged_out,2,0.0,0.0,0.0,,,0,2,0
Uncapped,2016,ROW,EB-4,2061,aged_out,2,1693.0,25.45584412271571,18.0,,,2,0,0
Uncapped,2016,ROW,EB-5,2061,aged_out,2,0.0,0.0,0.0,,,0,2,0
Uncapped,2017,India,EB-1,2061,aged_out,2,0.5,0.7071067811865476,0.5,,,1,1,0
Uncapped,2017,India,EB-2,2061,aged_out,2,2822.0,76.36753236814714,54.0,,,2,0,0
Uncapped,2017,India,EB-3,2061,aged_out,2,279.0,16.97056274847714,11.999999999999998,,,2,0,0
Uncapped,2017,India,EB-4,2061,aged_out,2,69.0,1.4142135623730951,1.0,,,2,0,0
Uncapped,2017,India,EB-5,2061,aged_out,2,0.0,0.0,0.0,,,0,2,0
Uncapped,2017,China,EB-1,2061,aged_out,2,0.0,0.0,0.0,,,0,2,0
Uncapped,2017,China,EB-2,2061,aged_out,2,294.0,9.899494936611665,6.999999999999999,,,2,0,0
Uncapped,2017,China,EB-3,2061,aged_out,2,203.5,0.7071067811865476,0.5,,,2,0,0
Uncapped,2017,China,EB-4,2061,aged_out,2,0.0,0.0,0.0,,,0,2,0
Uncapped,2017,China,EB-5,2061,aged_out,2,43.0,0.0,0.0,,,2,0,0
Uncapped,2017,ROW,EB-1,2061,aged_out,2,0.0,0.0,0.0,,,0,2,0
Uncapped,2017,ROW,EB-2,2061,aged_out,2,0.0,0.0,0.0,,,0,2,0
Uncapped,2017,ROW,EB-3,2061,aged_out,2,0.0,0.0,0.0,,,0,2,0
Uncapped,2017,ROW,EB-4,2061,aged_out,2,1428.5,17.67766952966369,12.5,,,2,0,0
Uncapped,2017,ROW,EB-5,2061,aged_out,2,0.0,0.0,0.0,,,0,2,0
Uncapped,2018,India,EB-1,2061,aged_out,2,0.5,0.7071067811865476,0.5,,,1,1,0
Uncapped,2018,India,EB-2,2061,aged_out,2,3150.0,2.8284271247461903,2.0,,,2,0,0
Uncapped,2018,India,EB-3,2061,aged_out,2,154.5,3.5355339059327378,2.5,,,2,0,0
Uncapped,2018,India,EB-4,2061,aged_out,2,78.5,3.5355339059327378,2.5,,,2,0,0
Uncapped,2018,India,EB-5,2061,aged_out,2,6.5,0.7071067811865476,0.5,,,2,0,0
Uncapped,2018,China,EB-1,2061,aged_out,2,0.0,0.0,0.0,,,0,2,0
Uncapped,2018,China,EB-2,2061,aged_out,2,394.5,17.67766952966369,12.5,,,2,0,0
Uncapped,2018,China,EB-3,2061,aged_out,2,156.0,16.97056274847714,11.999999999999998,,,2,0,0
Uncapped,2018,China,EB-4,2061,aged_out,2,0.0,0.0,0.0,,,0,2,0
Uncapped,2018,China,EB-5,2061,aged_out,2,249.5,4.949747468305833,3.4999999999999996,,,2,0,0
Uncapped,2018,ROW,EB-1,2061,aged_out,2,0.0,0.0,0.0,,,0,2,0
Uncapped,2018,ROW,EB-2,2061,aged_out,2,0.0,0.0,0.0,,,0,2,0
Uncapped,2018,ROW,EB-3,2061,aged_out,2,0.0,0.0,0.0,,,0,2,0
Uncapped,2018,ROW,EB-4,2061,aged_out,2,1210.0,21.213203435596427,15.0,,,2,0,0
Uncapped,2018,ROW,EB-5,2061,aged_out,2,0.0,0.0,0.0,,,0,2,0
Uncapped,2019,India,EB-1,2061,aged_out,2,0.0,0.0,0.0,,,0,2,0
Uncapped,2019,India,EB-2,2061,aged_out,2,4298.5,14.849242404917497,10.499999999999998,,,2,0,0
Uncapped,2019,India,EB-3,2061,aged_out,2,200.0,31.11269837220809,21.999999999999996,,,2,0,0
Uncapped,2019,India,EB-4,2061,aged_out,2,109.5,13.435028842544403,9.5,,,2,0,0
Uncapped,2019,India,EB-5,2061,aged_out,2,4.0,0.0,0.0,,,2,0,0
Uncapped,2019,China,EB-1,2061,aged_out,2,0.0,0.0,0.0,,,0,2,0
Uncapped,2019,China,EB-2,2061,aged_out,2,580.0,38.18376618407357,27.0,,,2,0,0
Uncapped,2019,China,EB-3,2061,aged_out,2,115.5,10.606601717798213,7.5,,,2,0,0
Uncapped,2019,China,EB-4,2061,aged_out,2,0.0,0.0,0.0,,,0,2,0
Uncapped,2019,China,EB-5,2061,aged_out,2,55.0,14.142135623730951,10.0,,,2,0,0
Uncapped,2019,ROW,EB-1,2061,aged_out,2,0.0,0.0,0.0,,,0,2,0
Uncapped,2019,ROW,EB-2,2061,aged_out,2,3.0,4.242640687119285,2.9999999999999996,,,1,1,0
Uncapped,2019,ROW,EB-3,2061,aged_out,2,0.0,0.0,0.0,,,0,2,0
Uncapped,2019,ROW,EB-4,2061,aged_out,2,1871.0,53.74011537017761,38.0,,,2,0,0
Uncapped,2019,ROW,EB-5,2061,aged_out,2,0.0,0.0,0.0,,,0,2,0
Uncapped,2020,India,EB-1,2061,aged_out,2,0.0,0.0,0.0,,,0,2,0
Uncapped,2020,India,EB-2,2061,aged_out,2,3795.0,8.48528137423857,5.999999999999999,,,2,0,0
Uncapped,2020,India,EB-3,2061,aged_out,2,119.5,4.949747468305833,3.4999999999999996,,,2,0,0
Uncapped,2020,India,EB-4,2061,aged_out,2,170.5,2.1213203435596424,1.4999999999999998,,,2,0,0
Uncapped,2020,India,EB-5,2061,aged_out,2,7.5,0.7071067811865476,0.5,,,2,0,0
Uncapped,2020,China,EB-1,2061,aged_out,2,0.0,0.0,0.0,,,0,2,0
Uncapped,2020,China,EB-2,2061,aged_out,2,652.0,19.79898987322333,13.999999999999998,,,2,0,0
Uncapped,2020,China,EB-3,2061,aged_out,2,157.0,16.97056274847714,11.999999999999998,,,2,0,0
Uncapped,2020,China,EB-4,2061,aged_out,2,0.0,0.0,0.0,,,0,2,0
Uncapped,2020,China,EB-5,2061,aged_out,2,25.5,3.5355339059327378,2.5,,,2,0,0
Uncapped,2020,ROW,EB-1,2061,aged_out,2,0.0,0.0,0.0,,,0,2,0
Uncapped,2020,ROW,EB-2,2061,aged_out,2,5.5,3.5355339059327378,2.5,,,2,0,0
Uncapped,2020,ROW,EB-3,2061,aged_out,2,0.0,0.0,0.0,,,0,2,0
Uncapped,2020,ROW,EB-4,2061,aged_out,2,2193.0,57.982756057296896,41.0,,,2,0,0
Uncapped,2020,ROW,EB-5,2061,aged_out,2,0.0,0.0,0.0,,,0,2,0
Uncapped,2021,India,EB-1,2061,aged_out,2,0.0,0.0,0.0,,,0,2,0
Uncapped,2021,India,EB-2,2061,aged_out,2,4733.0,50.91168824543142,36.0,,,2,0,0
Uncapped,2021,India,EB-3,2061,aged_out,2,752.0,8.48528137423857,5.999999999999999,,,2,0,0
Uncapped,2021,India,EB-4,2061,aged_out,2,127.5,16.263455967290593,11.5,,,2,0,0
Uncapped,2021,India,EB-5,2061,aged_out,2,6.0,1.4142135623730951,1.0,,,2,0,0
Uncapped,2021,China,EB-1,2061,aged_out,2,0.0,0.0,0.0,,,0,2,0
Uncapped,2021,China,EB-2,2061,aged_out,2,668.5,4.949747468305833,3.4999999999999996,,,2,0,0
Uncapped,2021,China,EB-3,2061,aged_out,2,321.5,14.849242404917497,10.499999999999998,,,2,0,0
Uncapped,2021,China,EB-4,2061,aged_out,2,0.0,0.0,0.0,,,0,2,0
Uncapped,2021,China,EB-5,2061,aged_out,2,0.0,0.0,0.0,,,0,2,0
Uncapped,2021,ROW,EB-1,2061,aged_out,2,0.0,0.0,0.0,,,0,2,0
Uncapped,2021,ROW,EB-2,2061,aged_out,2,6.0,1.4142135623730951,1.0,,,2,0,0
Uncapped,2021,ROW,EB-3,2061,aged_out,2,0.0,0.0,0.0,,,0,2,0
Uncapped,2021,ROW,EB-4,2061,aged_out,2,2953.5,36.062445840513924,25.499999999999996,,,2,0,0
Uncapped,2021,ROW,EB-5,2061,aged_out,2,0.0,0.0,0.0,,,0,2,0
Uncapped,2022,India,EB-1,2061,aged_out,2,0.0,0.0,0.0,,,0,2,0
Uncapped,2022,India,EB-2,2061,aged_out,2,6424.5,61.518289963229634,43.5,,,2,0,0
Uncapped,2022,India,EB-3,2061,aged_out,2,299.5,3.5355339059327378,2.5,,,2,0,0
Uncapped,2022,India,EB-4,2061,aged_out,2,414.0,35.35533905932738,25.0,,,2,0,0
Uncapped,2022,India,EB-5,2061,aged_out,2,3.0,0.0,0.0,,,2,0,0
Uncapped,2022,China,EB-1,2061,aged_out,2,0.0,0.0,0.0,,,0,2,0
Uncapped,2022,China,EB-2,2061,aged_out,2,739.0,50.91168824543142,36.0,,,2,0,0
Uncapped,2022,China,EB-3,2061,aged_out,2,133.5,14.849242404917497,10.499999999999998,,,2,0,0
Uncapped,2022,China,EB-4,2061,aged_out,2,0.0,0.0,0.0,,,0,2,0
Uncapped,2022,China,EB-5,2061,aged_out,2,0.0,0.0,0.0,,,0,2,0
Uncapped,2022,ROW,EB-1,2061,aged_out,2,0.0,0.0,0.0,,,0,2,0
Uncapped,2022,ROW,EB-2,2061,aged_out,2,7.5,3.5355339059327378,2.5,,,2,0,0
Uncapped,2022,ROW,EB-3,2061,aged_out,2,3.5,4.949747468305833,3.4999999999999996,,,1,1,0
Uncapped,2022,ROW,EB-4,2061,aged_out,2,5049.0,48.08326112068523,33.99999999999999,,,2,0,0
Uncapped,2022,ROW,EB-5,2061,aged_out,2,0.0,0.0,0.0,,,0,2,0
Uncapped,2023,India,EB-1,2061,aged_out,2,0.0,0.0,0.0,,,0,2,0
Uncapped,2023,India,EB-2,2061,aged_out,2,6556.5,70.0035713374682,49.49999999999999,,,2,0,0
Uncapped,2023,India,EB-3,2061,aged_out,2,274.0,0.0,0.0,,,2,0,0
Uncapped,2023,India,EB-4,2061,aged_out,2,461.5,28.991378028648448,20.5,,,2,0,0
Uncapped,2023,India,EB-5,2061,aged_out,2,4.0,2.8284271247461903,2.0,,,2,0,0
Uncapped,2023,China,EB-1,2061,aged_out,2,0.0,0.0,0.0,,,0,2,0
Uncapped,2023,China,EB-2,2061,aged_out,2,1030.5,45.96194077712559,32.5,,,2,0,0
Uncapped,2023,China,EB-3,2061,aged_out,2,124.5,13.435028842544403,9.5,,,2,0,0
Uncapped,2023,China,EB-4,2061,aged_out,2,0.0,0.0,0.0,,,0,2,0
Uncapped,2023,China,EB-5,2061,aged_out,2,0.0,0.0,0.0,,,0,2,0
Uncapped,2023,ROW,EB-1,2061,aged_out,2,0.0,0.0,0.0,,,0,2,0
Uncapped,2023,ROW,EB-2,2061,aged_out,2,4762.0,98.99494936611666,70.0,,,2,0,0
Uncapped,2023,ROW,EB-3,2061,aged_out,2,2297.5,24.748737341529164,17.5,,,2,0,0
Uncapped,2023,ROW,EB-4,2061,aged_out,2,3799.5,92.63098833543772,65.49999999999999,,,2,0,0
Uncapped,2023,ROW,EB-5,2061,aged_out,2,0.0,0.0,0.0,,,0,2,0
Uncapped,2024,India,EB-1,2061,aged_out,2,0.0,0.0,0.0,,,0,2,0
Uncapped,2024,India,EB-2,2061,aged_out,2,7567.0,83.43860018001261,59.0,,,2,0,0
Uncapped,2024,India,EB-3,2061,aged_out,2,253.5,4.949747468305833,3.4999999999999996,,,2,0,0
Uncapped,2024,India,EB-4,2061,aged_out,2,452.0,57.982756057296896,41.0,,,2,0,0
Uncapped,2024,India,EB-5,2061,aged_out,2,1.0,1.4142135623730951,1.0,,,1,1,0
Uncapped,2024,China,EB-1,2061,aged_out,2,0.0,0.0,0.0,,,0,2,0
Uncapped,2024,China,EB-2,2061,aged_out,2,1093.5,44.54772721475249,31.499999999999996,,,2,0,0
Uncapped,2024,China,EB-3,2061,aged_out,2,294.0,21.213203435596427,15.0,,,2,0,0
Uncapped,2024,China,EB-4,2061,aged_out,2,0.0,0.0,0.0,,,0,2,0
Uncapped,2024,China,EB-5,2061,aged_out,2,0.0,0.0,0.0,,,0,2,0
Uncapped,2024,ROW,EB-1,2061,aged_out,2,0.0,0.0,0.0,,,0,2,0
Uncapped,2024,ROW,EB-2,2061,aged_out,2,5749.5,12.020815280171307,8.499999999999998,,,2,0,0
Uncapped,2024,ROW,EB-3,2061,aged_out,2,2449.5,61.518289963229634,43.5,,,2,0,0
Uncapped,2024,ROW,EB-4,2061,aged_out,2,4492.5,17.67766952966369,12.5,,,2,0,0
Uncapped,2024,ROW,EB-5,2061,aged_out,2,0.0,0.0,0.0,,,0,2,0
Uncapped,2025,India,EB-1,2061,aged_out,2,0.0,0.0,0.0,,,0,2,0
Uncapped,2025,India,EB-2,2061,aged_out,2,8659.5,21.920310216782973,15.499999999999998,,,2,0,0
Uncapped,2025,India,EB-3,2061,aged_out,2,354.0,5.656854249492381,4.0,,,2,0,0
Uncapped,2025,India,EB-4,2061,aged_out,2,467.5,28.991378028648448,20.5,,,2,0,0
Uncapped,2025,India,EB-5,2061,aged_out,2,0.5,0.7071067811865476,0.5,,,1,1,0
Uncapped,2025,China,EB-1,2061,aged_out,2,0.0,0.0,0.0,,,0,2,0
Uncapped,2025,China,EB-2,2061,aged_out,2,1242.5,55.86143571373726,39.5,,,2,0,0
Uncapped,2025,China,EB-3,2061,aged_out,2,321.5,20.506096654409877,14.499999999999998,,,2,0,0
Uncapped,2025,China,EB-4,2061,aged_out,2,19.0,0.0,0.0,,,2,0,0
Uncapped,2025,China,EB-5,2061,aged_out,2,0.0,0.0,0.0,,,0,2,0
Uncapped,2025,ROW,EB-1,2061,aged_out,2,10.0,1.4142135623730951,1.0,,,2,0,0
Uncapped,2025,ROW,EB-2,2061,aged_out,2,6192.0,7.0710678118654755,5.0,,,2,0,0
Uncapped,2025,ROW,EB-3,2061,aged_out,2,2748.0,108.89444430272832,77.0,,,2,0,0
Uncapped,2025,ROW,EB-4,2061,aged_out,2,4874.0,42.42640687119285,30.0,,,2,0,0
Uncapped,2025,ROW,EB-5,2061,aged_out,2,11.5,2.1213203435596424,1.4999999999999998,,,2,0,0
Uncapped,2026,India,EB-1,2061,aged_out,2,0.0,0.0,0.0,,,0,2,0
Uncapped,2026,India,EB-2,2061,aged_out,2,9784.0,131.52186130069785,93.0,,,2,0,0
Uncapped,2026,India,EB-3,2061,aged_out,2,390.0,7.0710678118654755,5.0,,,2,0,0
Uncapped,2026,India,EB-4,2061,aged_out,2,478.0,33.94112549695428,23.999999999999996,,,2,0,0
Uncapped,2026,India,EB-5,2061,aged_out,2,2.5,0.7071067811865476,0.5,,,2,0,0
Uncapped,2026,China,EB-1,2061,aged_out,2,0.0,0.0,0.0,,,0,2,0
Uncapped,2026,China,EB-2,2061,aged_out,2,1402.5,30.405591591021544,21.5,,,2,0,0
Uncapped,2026,China,EB-3,2061,aged_out,2,357.5,13.435028842544403,9.5,,,2,0,0
Uncapped,2026,China,EB-4,2061,aged_out,2,25.5,3.5355339059327378,2.5,,,2,0,0
Uncapped,2026,China,EB-5,2061,aged_out,2,0.0,0.0,0.0,,,0,2,0
Uncapped,2026,ROW,EB-1,2061,aged_out,2,11.5,2.1213203435596424,1.4999999999999998,,,2,0,0
Uncapped,2026,ROW,EB-2,2061,aged_out,2,6665.5,156.27059864222701,110.5,,,2,0,0
Uncapped,2026,ROW,EB-3,2061,aged_out,2,3115.5,84.14570696119915,59.49999999999999,,,2,0,0
Uncapped,2026,ROW,EB-4,2061,aged_out,2,4832.5,144.95689014324225,102.5,,,2,0,0
Uncapped,2026,ROW,EB-5,2061,aged_out,2,16.0,9.899494936611665,6.999999999999999,,,2,0,0
Uncapped,2027,India,EB-1,2061,aged_out,2,2.0,1.4142135623730951,1.0,,,2,0,0
Uncapped,2027,India,EB-2,2061,aged_out,2,10811.5,37.476659402887016,26.499999999999996,,,2,0,0
Uncapped,2027,India,EB-3,2061,aged_out,2,468.5,10.606601717798213,7.5,,,2,0,0
Uncapped,2027,India,EB-4,2061,aged_out,2,472.0,45.254833995939045,32.0,,,2,0,0
Uncapped,2027,India,EB-5,2061,aged_out,2,5.5,0.7071067811865476,0.5,,,2,0,0
Uncapped,2027,China,EB-1,2061,aged_out,2,0.0,0.0,0.0,,,0,2,0
Uncapped,2027,China,EB-2,2061,aged_out,2,1472.0,65.05382386916237,46.0,,,2,0,0
Uncapped,2027,China,EB-3,2061,aged_out,2,427.5,12.020815280171307,8.499999999999998,,,2,0,0
Uncapped,2027,China,EB-4,2061,aged_out,2,20.5,6.363961030678928,4.5,,,2,0,0
Uncapped,2027,China,EB-5,2061,aged_out,2,0.0,0.0,0.0,,,0,2,0
Uncapped,2027,ROW,EB-1,2061,aged_out,2,19.5,3.5355339059327378,2.5,,,2,0,0
Uncapped,2027,ROW,EB-2,2061,aged_out,2,6839.5,16.263455967290593,11.5,,,2,0,0
Uncapped,2027,ROW,EB-3,2061,aged_out,2,3313.5,28.991378028648448,20.5,,,2,0,0
Uncapped,2027,ROW,EB-4,2061,aged_out,2,4806.5,38.890872965260115,27.5,,,2,0,0
Uncapped,2027,ROW,EB-5,2061,aged_out,2,11.5,6.363961030678928,4.5,,,2,0,0
Uncapped,2028,India,EB-1,2061,aged_out,2,1.5,2.1213203435596424,1.4999999999999998,,,1,1,0
Uncapped,2028,India,EB-2,2061,aged_out,2,11172.5,77.07463914933368,54.49999999999999,,,2,0,0
Uncapped,2028,India,EB-3,2061,aged_out,2,491.0,19.79898987322333,13.999999999999998,,,2,0,0
Uncapped,2028,India,EB-4,2061,aged_out,2,489.5,16.263455967290593,11.5,,,2,0,0
Uncapped,2028,India,EB-5,2061,aged_out,2,7.0,2.8284271247461903,2.0,,,2,0,0
Uncapped,2028,China,EB-1,2061,aged_out,2,0.0,0.0,0.0,,,0,2,0
Uncapped,2028,China,EB-2,2061,aged_out,2,1474.0,22.627416997969522,16.0,,,2,0,0
Uncapped,2028,China,EB-3,2061,aged_out,2,476.0,5.656854249492381,4.0,,,2,0,0
Uncapped,2028,China,EB-4,2061,aged_out,2,39.0,7.0710678118654755,5.0,,,2,0,0
Uncapped,2028,China,EB-5,2061,aged_out,2,0.0,0.0,0.0,,,0,2,0
Uncapped,2028,ROW,EB-1,2061,aged_out,2,16.5,0.7071067811865476,0.5,,,2,0,0
Uncapped,2028,ROW,EB-2,2061,aged_out,2,7147.5,55.86143571373726,39.5,,,2,0,0
Uncapped,2028,ROW,EB-3,2061,aged_out,2,3578.0,45.254833995939045,32.0,,,2,0,0
Uncapped,2028,ROW,EB-4,2061,aged_out,2,4808.0,15.556349186104045,10.999999999999998,,,2,0,0
Uncapped,2028,ROW,EB-5,2061,aged_out,2,18.0,11.313708498984761,8.0,,,2,0,0
Uncapped,2029,India,EB-1,2061,aged_out,2,2.5,2.1213203435596424,1.4999999999999998,,,2,0,0
Uncapped,2029,India,EB-2,2061,aged_out,2,12115.5,144.95689014324225,102.5,,,2,0,0
Uncapped,2029,India,EB-3,2061,aged_out,2,578.5,13.435028842544403,9.5,,,2,0,0
Uncapped,2029,India,EB-4,2061,aged_out,2,492.5,13.435028842544403,9.5,,,2,0,0
Uncapped,2029,India,EB-5,2061,aged_out,2,10.0,2.8284271247461903,2.0,,,2,0,0
Uncapped,2029,China,EB-1,2061,aged_out,2,0.0,0.0,0.0,,,0,2,0
Uncapped,2029,China,EB-2,2061,aged_out,2,1564.5,24.748737341529164,17.5,,,2,0,0
Uncapped,2029,China,EB-3,2061,aged_out,2,487.0,41.012193308819754,28.999999999999996,,,2,0,0
Uncapped,2029,China,EB-4,2061,aged_out,2,29.5,14.849242404917497,10.499999999999998,,,2,0,0
Uncapped,2029,China,EB-5,2061,aged_out,2,0.0,0.0,0.0,,,0,2,0
Uncapped,2029,ROW,EB-1,2061,aged_out,2,23.5,0.7071067811865476,0.5,,,2,0,0
Uncapped,2029,ROW,EB-2,2061,aged_out,2,7467.5,198.69700551341987,140.5,,,2,0,0
Uncapped,2029,ROW,EB-3,2061,aged_out,2,3969.5,111.01576464628796,78.5,,,2,0,0
Uncapped,2029,ROW,EB-4,2061,aged_out,2,4792.5,13.435028842544403,9.5,,,2,0,0
Uncapped,2029,ROW,EB-5,2061,aged_out,2,22.0,9.899494936611665,6.999999999999999,,,2,0,0
Uncapped,2030,India,EB-1,2061,aged_out,2,6.0,2.8284271247461903,2.0,,,2,0,0
Uncapped,2030,India,EB-2,2061,aged_out,2,12500.0,90.50966799187809,64.0,,,2,0,0
Uncapped,2030,India,EB-3,2061,aged_out,2,683.0,24.041630560342615,16.999999999999996,,,2,0,0
Uncapped,2030,India,EB-4,2061,aged_out,2,468.0,22.627416997969522,16.0,,,2,0,0
Uncapped,2030,India,EB-5,2061,aged_out,2,7.5,2.1213203435596424,1.4999999999999998,,,2,0,0
Uncapped,2030,China,EB-1,2061,aged_out,2,0.0,0.0,0.0,,,0,2,0
Uncapped,2030,China,EB-2,2061,aged_out,2,1655.5,95.45941546018392,67.5,,,2,0,0
Uncapped,2030,China,EB-3,2061,aged_out,2,533.0,11.313708498984761,8.0,,,2,0,0
Uncapped,2030,China,EB-4,2061,aged_out,2,32.5,4.949747468305833,3.4999999999999996,,,2,0,0
Uncapped,2030,China,EB-5,2061,aged_out,2,0.0,0.0,0.0,,,0,2,0
Uncapped,2030,ROW,EB-1,2061,aged_out,2,30.0,1.4142135623730951,1.0,,,2,0,0
Uncapped,2030,ROW,EB-2,2061,aged_out,2,7553.0,222.03152929257593,157.0,,,2,0,0
Uncapped,2030,ROW,EB-3,2061,aged_out,2,4222.0,53.74011537017761,38.0,,,2,0,0
Uncapped,2030,ROW,EB-4,2061,aged_out,2,4803.5,157.6848122046001,111.49999999999999,,,2,0,0
Uncapped,2030,ROW,EB-5,2061,aged_out,2,19.0,4.242640687119285,2.9999999999999996,,,2,0,0
Uncapped,2031,India,EB-1,2061,aged_out,2,11.5,0.7071067811865476,0.5,,,2,0,0
Uncapped,2031,India,EB-2,2061,aged_out,2,12752.0,56.568542494923804,40.0,,,2,0,0
Uncapped,2031,India,EB-3,2061,aged_out,2,725.5,19.091883092036785,13.5,,,2,0,0
Uncapped,2031,India,EB-4,2061,aged_out,2,479.5,88.38834764831844,62.5,,,2,0,0
Uncapped,2031,India,EB-5,2061,aged_out,2,11.0,1.4142135623730951,1.0,,,2,0,0
Uncapped,2031,China,EB-1,2061,aged_out,2,0.0,0.0,0.0,,,0,2,0
Uncapped,2031,China,EB-2,2061,aged_out,2,1726.0,43.840620433565945,30.999999999999996,,,2,0,0
Uncapped,2031,China,EB-3,2061,aged_out,2,594.5,31.81980515339464,22.5,,,2,0,0
Uncapped,2031,China,EB-4,2061,aged_out,2,20.5,4.949747468305833,3.4999999999999996,,,2,0,0
Uncapped,2031,China,EB-5,2061,aged_out,2,0.0,0.0,0.0,,,0,2,0
Uncapped,2031,ROW,EB-1,2061,aged_out,2,33.0,8.48528137423857,5.999999999999999,,,2,0,0
Uncapped,2031,ROW,EB-2,2061,aged_out,2,7641.0,144.2497833620557,101.99999999999999,,,2,0,0
Uncapped,2031,ROW,EB-3,2061,aged_out,2,4526.0,39.59797974644666,27.999999999999996,,,2,0,0
Uncapped,2031,ROW,EB-4,2061,aged_out,2,4860.0,67.88225099390856,47.99999999999999,,,2,0,0
Uncapped,2031,ROW,EB-5,2061,aged_out,2,20.5,3.5355339059327378,2.5,,,2,0,0
Uncapped,2032,India,EB-1,2061,aged_out,2,12.0,4.242640687119285,2.9999999999999996,,,2,0,0
Uncapped,2032,India,EB-2,2061,aged_out,2,12826.0,19.79898987322333,13.999999999999998,,,2,0,0
Uncapped,2032,India,EB-3,2061,aged_out,2,795.5,7.7781745930520225,5.499999999999999,,,2,0,0
Uncapped,2032,India,EB-4,2061,aged_out,2,426.5,13.435028842544403,9.5,,,2,0,0
Uncapped,2032,India,EB-5,2061,aged_out,2,14.0,2.8284271247461903,2.0,,,2,0,0
Uncapped,2032,China,EB-1,2061,aged_out,2,0.0,0.0,0.0,,,0,2,0
Uncapped,2032,China,EB-2,2061,aged_out,2,1701.5,13.435028842544403,9.5,,,2,0,0
Uncapped,2032,China,EB-3,2061,aged_out,2,600.0,11.313708498984761,8.0,,,2,0,0
Uncapped,2032,China,EB-4,2061,aged_out,2,19.5,0.7071067811865476,0.5,,,2,0,0
Uncapped,2032,China,EB-5,2061,aged_out,2,0.0,0.0,0.0,,,0,2,0
Uncapped,2032,ROW,EB-1,2061,aged_out,2,38.0,4.242640687119285,2.9999999999999996,,,2,0,0
Uncapped,2032,ROW,EB-2,2061,aged_out,2,7749.5,126.572113832392,89.5,,,2,0,0
Uncapped,2032,ROW,EB-3,2061,aged_out,2,4631.0,33.94112549695428,23.999999999999996,,,2,0,0
Uncapped,2032,ROW,EB-4,2061,aged_out,2,4976.0,19.79898987322333,13.999999999999998,,,2,0,0
Uncapped,2032,ROW,EB-5,2061,aged_out,2,25.0,1.4142135623730951,1.0,,,2,0,0
Uncapped,2033,India,EB-1,2061,aged_out,2,22.5,2.1213203435596424,1.4999999999999998,,,2,0,0
Uncapped,2033,India,EB-2,2061,aged_out,2,12754.0,65.05382386916237,46.0,,,2,0,0
Uncapped,2033,India,EB-3,2061,aged_out,2,936.0,5.656854249492381,4.0,,,2,0,0
Uncapped,2033,India,EB-4,2061,aged_out,2,433.5,43.1335136523794,30.499999999999996,,,2,0,0
Uncapped,2033,India,EB-5,2061,aged_out,2,11.5,6.363961030678928,4.5,,,2,0,0
Uncapped,2033,China,EB-1,2061,aged_out,2,1.5,0.7071067811865476,0.5,,,2,0,0
Uncapped,2033,China,EB-2,2061,aged_out,2,1788.0,35.35533905932738,25.0,,,2,0,0
Uncapped,2033,China,EB-3,2061,aged_out,2,653.0,22.627416997969522,16.0,,,2,0,0
Uncapped,2033,China,EB-4,2061,aged_out,2,20.5,4.949747468305833,3.4999999999999996,,,2,0,0
Uncapped,2033,China,EB-5,2061,aged_out,2,0.0,0.0,0.0,,,0,2,0
Uncapped,2033,ROW,EB-1,2061,aged_out,2,50.0,2.8284271247461903,2.0,,,2,0,0
Uncapped,2033,ROW,EB-2,2061,aged_out,2,7735.0,80.61017305526642,56.99999999999999,,,2,0,0
Uncapped,2033,ROW,EB-3,2061,aged_out,2,4882.0,90.50966799187809,64.0,,,2,0,0
Uncapped,2033,ROW,EB-4,2061,aged_out,2,4749.5,57.27564927611035,40.5,,,2,0,0
Uncapped,2033,ROW,EB-5,2061,aged_out,2,20.5,4.949747468305833,3.4999999999999996,,,2,0,0
Uncapped,2034,India,EB-1,2061,aged_out,2,22.5,0.7071067811865476,0.5,,,2,0,0
Uncapped,2034,India,EB-2,2061,aged_out,2,12906.5,118.08683245815344,83.5,,,2,0,0
Uncapped,2034,India,EB-3,2061,aged_out,2,952.0,22.627416997969522,16.0,,,2,0,0
Uncapped,2034,India,EB-4,2061,aged_out,2,503.5,12.020815280171307,8.499999999999998,,,2,0,0
Uncapped,2034,India,EB-5,2061,aged_out,2,15.0,2.8284271247461903,2.0,,,2,0,0
Uncapped,2034,China,EB-1,2061,aged_out,2,2.0,1.4142135623730951,1.0,,,2,0,0
Uncapped,2034,China,EB-2,2061,aged_out,2,1698.5,74.24621202458749,52.5,,,2,0,0
Uncapped,2034,China,EB-3,2061,aged_out,2,724.0,42.42640687119285,30.0,,,2,0,0
Uncapped,2034,China,EB-4,2061,aged_out,2,18.0,2.8284271247461903,2.0,,,2,0,0
Uncapped,2034,China,EB-5,2061,aged_out,2,0.0,0.0,0.0,,,0,2,0
Uncapped,2034,ROW,EB-1,2061,aged_out,2,72.5,21.920310216782973,15.499999999999998,,,2,0,0
Uncapped,2034,ROW,EB-2,2061,aged_out,2,7749.0,1.4142135623730951,1.0,,,2,0,0
Uncapped,2034,ROW,EB-3,2061,aged_out,2,5147.5,43.1335136523794,30.499999999999996,,,2,0,0
Uncapped,2034,ROW,EB-4,2061,aged_out,2,4926.5,0.7071067811865476,0.5,,,2,0,0
Uncapped,2034,ROW,EB-5,2061,aged_out,2,22.5,4.949747468305833,3.4999999999999996,,,2,0,0
Uncapped,2035,India,EB-1,2061,aged_out,2,24.0,5.656854249492381,4.0,,,2,0,0
Uncapped,2035,India,EB-2,2061,aged_out,2,12824.0,84.8528137423857,60.0,,,2,0,0
Uncapped,2035,India,EB-3,2061,aged_out,2,1015.0,16.97056274847714,11.999999999999998,,,2,0,0
Uncapped,2035,India,EB-4,2061,aged_out,2,465.0,1.4142135623730951,1.0,,,2,0,0
Uncapped,2035,India,EB-5,2061,aged_out,2,16.5,3.5355339059327378,2.5,,,2,0,0
Uncapped,2035,China,EB-1,2061,aged_out,2,5.5,0.7071067811865476,0.5,,,2,0,0
Uncapped,2035,China,EB-2,2061,aged_out,2,1738.5,89.80256121069154,63.49999999999999,,,2,0,0
Uncapped,2035,China,EB-3,2061,aged_out,2,733.5,37.476659402887016,26.499999999999996,,,2,0,0
Uncapped,2035,China,EB-4,2061,aged_out,2,19.5,6.363961030678928,4.5,,,2,0,0
Uncapped,2035,China,EB-5,2061,aged_out,2,0.0,0.0,0.0,,,0,2,0
Uncapped,2035,ROW,EB-1,2061,aged_out,2,81.0,5.656854249492381,4.0,,,2,0,0
Uncapped,2035,ROW,EB-2,2061,aged_out,2,7605.0,93.33809511662427,66.0,,,2,0,0
Uncapped,2035,ROW,EB-3,2061,aged_out,2,5175.0,197.9898987322333,140.0,,,2,0,0
Uncapped,2035,ROW,EB-4,2061,aged_out,2,4853.5,17.67766952966369,12.5,,,2,0,0
Uncapped,2035,ROW,EB-5,2061,aged_out,2,27.5,10.606601717798213,7.5,,,2,0,0
Uncapped,2036,India,EB-1,2061,aged_out,2,31.0,4.242640687119285,2.9999999999999996,,,2,0,0
Uncapped,2036,India,EB-2,2061,aged_out,2,12916.0,106.06601717798213,75.0,,,2,0,0
Uncapped,2036,India,EB-3,2061,aged_out,2,1128.0,8.48528137423857,5.999999999999999,,,2,0,0
Uncapped,2036,India,EB-4,2061,aged_out,2,466.0,1.4142135623730951,1.0,,,2,0,0
Uncapped,2036,India,EB-5,2061,aged_out,2,20.5,0.7071067811865476,0.5,,,2,0,0
Uncapped,2036,China,EB-1,2061,aged_out,2,12.0,4.242640687119285,2.9999999999999996,,,2,0,0
Uncapped,2036,China,EB-2,2061,aged_out,2,1761.0,12.727922061357855,9.0,,,2,0,0
Uncapped,2036,China,EB-3,2061,aged_out,2,720.0,9.899494936611665,6.999999999999999,,,2,0,0
Uncapped,2036,China,EB-4,2061,aged_out,2,20.5,3.5355339059327378,2.5,,,2,0,0
Uncapped,2036,China,EB-5,2061,aged_out,2,0.0,0.0,0.0,,,0,2,0
Uncapped,2036,ROW,EB-1,2061,aged_out,2,109.5,9.192388155425117,6.499999999999999,,,2,0,0
Uncapped,2036,ROW,EB-2,2061,aged_out,2,7778.5,70.0035713374682,49.49999999999999,,,2,0,0
Uncapped,2036,ROW,EB-3,2061,aged_out,2,5347.0,8.48528137423857,5.999999999999999,,,2,0,0
Uncapped,2036,ROW,EB-4,2061,aged_out,2,4859.5,170.41273426595797,120.5,,,2,0,0
Uncapped,2036,ROW,EB-5,2061,aged_out,2,27.5,7.7781745930520225,5.499999999999999,,,2,0,0
Uncapped,2037,India,EB-1,2061,aged_out,2,36.0,0.0,0.0,,,2,0,0
Uncapped,2037,India,EB-2,2061,aged_out,2,12864.5,48.79036790187178,34.5,,,2,0,0
Uncapped,2037,India,EB-3,2061,aged_out,2,1146.0,24.041630560342615,16.999999999999996,,,2,0,0
Uncapped,2037,India,EB-4,2061,aged_out,2,440.5,43.1335136523794,30.499999999999996,,,2,0,0
Uncapped,2037,India,EB-5,2061,aged_out,2,13.5,4.949747468305833,3.4999999999999996,,,2,0,0
Uncapped,2037,China,EB-1,2061,aged_out,2,8.0,1.4142135623730951,1.0,,,2,0,0
Uncapped,2037,China,EB-2,2061,aged_out,2,1648.5,26.16295090390226,18.5,,,2,0,0
Uncapped,2037,China,EB-3,2061,aged_out,2,764.5,19.091883092036785,13.5,,,2,0,0
Uncapped,2037,China,EB-4,2061,aged_out,2,22.0,8.48528137423857,5.999999999999999,,,2,0,0
Uncapped,2037,China,EB-5,2061,aged_out,2,0.0,0.0,0.0,,,0,2,0
Uncapped,2037,ROW,EB-1,2061,aged_out,2,136.5,2.1213203435596424,1.4999999999999998,,,2,0,0
Uncapped,2037,ROW,EB-2,2061,aged_out,2,7575.5,150.61374439273462,106.49999999999999,,,2,0,0
Uncapped,2037,ROW,EB-3,2061,aged_out,2,5603.0,38.18376618407357,27.0,,,2,0,0
Uncapped,2037,ROW,EB-4,2061,aged_out,2,4847.0,108.89444430272832,77.0,,,2,0,0
Uncapped,2037,ROW,EB-5,2061,aged_out,2,33.0,4.242640687119285,2.9999999999999996,,,2,0,0
Uncapped,2038,India,EB-1,2061,aged_out,2,41.0,7.0710678118654755,5.0,,,2,0,0
Uncapped,2038,India,EB-2,2061,aged_out,2,12971.0,216.37467504308356,153.0,,,2,0,0
Uncapped,2038,India,EB-3,2061,aged_out,2,1236.5,6.363961030678928,4.5,,,2,0,0
Uncapped,2038,India,EB-4,2061,aged_out,2,489.5,13.435028842544403,9.5,,,2,0,0
Uncapped,2038,India,EB-5,2061,aged_out,2,14.5,9.192388155425117,6.499999999999999,,,2,0,0
Uncapped,2038,China,EB-1,2061,aged_out,2,16.0,1.4142135623730951,1.0,,,2,0,0
Uncapped,2038,China,EB-2,2061,aged_out,2,1804.0,25.45584412271571,18.0,,,2,0,0
Uncapped,2038,China,EB-3,2061,aged_out,2,747.5,41.71930009000631,29.5,,,2,0,0
Uncapped,2038,China,EB-4,2061,aged_out,2,24.0,18.384776310850235,12.999999999999998,,,2,0,0
Uncapped,2038,China,EB-5,2061,aged_out,2,0.0,0.0,0.0,,,0,2,0
Uncapped,2038,ROW,EB-1,2061,aged_out,2,178.0,2.8284271247461903,2.0,,,2,0,0
Uncapped,2038,ROW,EB-2,2061,aged_out,2,7786.5,167.58430714121175,118.49999999999999,,,2,0,0
Uncapped,2038,ROW,EB-3,2061,aged_out,2,5757.5,142.12846301849606,100.5,,,2,0,0
Uncapped,2038,ROW,EB-4,2061,aged_out,2,4950.0,118.79393923933998,83.99999999999999,,,2,0,0
Uncapped,2038,ROW,EB-5,2061,aged_out,2,45.0,4.242640687119285,2.9999999999999996,,,2,0,0
Uncapped,2039,India,EB-1,2061,aged_out,2,45.5,4.949747468305833,3.4999999999999996,,,2,0,0
Uncapped,2039,India,EB-2,2061,aged_out,2,12922.0,244.65894629054543,172.99999999999997,,,2,0,0
Uncapped,2039,India,EB-3,2061,aged_out,2,1311.0,21.213203435596427,15.0,,,2,0,0
Uncapped,2039,India,EB-4,2061,aged_out,2,498.0,39.59797974644666,27.999999999999996,,,2,0,0
Uncapped,2039,India,EB-5,2061,aged_out,2,14.5,0.7071067811865476,0.5,,,2,0,0
Uncapped,2039,China,EB-1,2061,aged_out,2,19.0,7.0710678118654755,5.0,,,2,0,0
Uncapped,2039,China,EB-2,2061,aged_out,2,1696.5,86.97413408594535,61.5,,,2,0,0
Uncapped,2039,China,EB-3,2061,aged_out,2,778.5,3.5355339059327378,2.5,,,2,0,0
Uncapped,2039,China,EB-4,2061,aged_out,2,26.0,4.242640687119285,2.9999999999999996,,,2,0,0
Uncapped,2039,China,EB-5,2061,aged_out,2,0.0,0.0,0.0,,,0,2,0
Uncapped,2039,ROW,EB-1,2061,aged_out,2,194.5,16.263455967290593,11.5,,,2,0,0
Uncapped,2039,ROW,EB-2,2061,aged_out,2,7774.0,100.40916292848975,71.0,,,2,0,0
Uncapped,2039,ROW,EB-3,2061,aged_out,2,5775.5,125.15790027001891,88.5,,,2,0,0
Uncapped,2039,ROW,EB-4,2061,aged_out,2,4846.5,152.02795795510772,107.5,,,2,0,0
Uncapped,2039,ROW,EB-5,2061,aged_out,2,24.5,3.5355339059327378,2.5,,,2,0,0
Uncapped,2040,India,EB-1,2061,aged_out,2,40.5,2.1213203435596424,1.4999999999999998,,,2,0,0
Uncapped,2040,India,EB-2,2061,aged_out,2,12829.0,149.90663761154806,105.99999999999999,,,2,0,0
Uncapped,2040,India,EB-3,2061,aged_out,2,1370.5,23.33452377915607,16.5,,,2,0,0
Uncapped,2040,India,EB-4,2061,aged_out,2,455.5,36.062445840513924,25.499999999999996,,,2,0,0
Uncapped,2040,India,EB-5,2061,aged_out,2,12.5,4.949747468305833,3.4999999999999996,,,2,0,0
Uncapped,2040,China,EB-1,2061,aged_out,2,21.0,8.48528137423857,5.999999999999999,,,2,0,0
Uncapped,2040,China,EB-2,2061,aged_out,2,1719.5,58.68986283848344,41.49999999999999,,,2,0,0
Uncapped,2040,China,EB-3,2061,aged_out,2,803.5,34.64823227814083,24.5,,,2,0,0
Uncapped,2040,China,EB-4,2061,aged_out,2,24.5,4.949747468305833,3.4999999999999996,,,2,0,0
Uncapped,2040,China,EB-5,2061,aged_out,2,0.0,0.0,0.0,,,0,2,0
Uncapped,2040,ROW,EB-1,2061,aged_out,2,239.5,14.849242404917497,10.499999999999998,,,2,0,0
Uncapped,2040,ROW,EB-2,2061,aged_out,2,7794.0,31.11269837220809,21.999999999999996,,,2,0,0
Uncapped,2040,ROW,EB-3,2061,aged_out,2,6075.5,143.54267658086914,101.49999999999999,,,2,0,0
Uncapped,2040,ROW,EB-4,2061,aged_out,2,4794.0,12.727922061357855,9.0,,,2,0,0
Uncapped,2040,ROW,EB-5,2061,aged_out,2,34.0,18.384776310850235,12.999999999999998,,,2,0,0
Capped,2009,India,EB-1,2061,aged_out,2,0.0,0.0,0.0,,,0,2,0
Capped,2009,India,EB-2,2061,aged_out,2,0.0,0.0,0.0,,,0,2,0
Capped,2009,India,EB-3,2061,aged_out,2,12508.0,63.63961030678928,45.0,,,2,0,0
Capped,2009,India,EB-4,2061,aged_out,2,0.0,0.0,0.0,,,0,2,0
Capped,2009,India,EB-5,2061,aged_out,2,0.0,0.0,0.0,,,0,2,0
Capped,2009,China,EB-1,2061,aged_out,2,0.0,0.0,0.0,,,0,2,0
Capped,2009,China,EB-2,2061,aged_out,2,0.0,0.0,0.0,,,0,2,0
Capped,2009,China,EB-3,2061,aged_out,2,961.0,22.627416997969522,16.0,,,2,0,0
Capped,2009,China,EB-4,2061,aged_out,2,0.0,0.0,0.0,,,0,2,0
Capped,2009,China,EB-5,2061,aged_out,2,0.0,0.0,0.0,,,0,2,0
Capped,2009,ROW,EB-1,2061,aged_out,2,0.0,0.0,0.0,,,0,2,0
Capped,2009,ROW,EB-2,2061,aged_out,2,0.0,0.0,0.0,,,0,2,0
Capped,2009,ROW,EB-3,2061,aged_out,2,99.5,13.435028842544403,9.5,,,2,0,0
Capped,2009,ROW,EB-4,2061,aged_out,2,0.0,0.0,0.0,,,0,2,0
Capped,2009,ROW,EB-5,2061,aged_out,2,0.0,0.0,0.0,,,0,2,0
Capped,2010,India,EB-1,2061,aged_out,2,0.0,0.0,0.0,,,0,2,0
Capped,2010,India,EB-2,2061,aged_out,2,10.5,2.1213203435596424,1.4999999999999998,,,2,0,0
Capped,2010,India,EB-3,2061,aged_out,2,2015.0,43.840620433565945,30.999999999999996,,,2,0,0
Capped,2010,India,EB-4,2061,aged_out,2,0.0,0.0,0.0,,,0,2,0
Capped,2010,India,EB-5,2061,aged_out,2,0.0,0.0,0.0,,,0,2,0
Capped,2010,China,EB-1,2061,aged_out,2,0.0,0.0,0.0,,,0,2,0
Capped,2010,China,EB-2,2061,aged_out,2,0.5,0.7071067811865476,0.5,,,1,1,0
Capped,2010,China,EB-3,2061,aged_out,2,44.5,14.849242404917497,10.499999999999998,,,2,0,0
Capped,2010,China,EB-4,2061,aged_out,2,0.0,0.0,0.0,,,0,2,0
Capped,2010,China,EB-5,2061,aged_out,2,0.0,0.0,0.0,,,0,2,0
Capped,2010,ROW,EB-1,2061,aged_out,2,0.0,0.0,0.0,,,0,2,0
Capped,2010,ROW,EB-2,2061,aged_out,2,0.0,0.0,0.0,,,0,2,0
Capped,2010,ROW,EB-3,2061,aged_out,2,54.0,8.48528137423857,5.999999999999999,,,2,0,0
Capped,2010,ROW,EB-4,2061,aged_out,2,0.0,0.0,0.0,,,0,2,0
Capped,2010,ROW,EB-5,2061,aged_out,2,0.0,0.0,0.0,,,0,2,0
Capped,2011,India,EB-1,2061,aged_out,2,0.0,0.0,0.0,,,0,2,0
Capped,2011,India,EB-2,2061,aged_out,2,515.0,8.48528137423857,5.999999999999999,,,2,0,0
Capped,2011,India,EB-3,2061,aged_out,2,2071.0,93.33809511662427,66.0,,,2,0,0
Capped,2011,India,EB-4,2061,aged_out,2,0.5,0.7071067811865476,0.5,,,1,1,0
Capped,2011,India,EB-5,2061,aged_out,2,0.0,0.0,0.0,,,0,2,0
Capped,2011,China,EB-1,2061,aged_out,2,0.0,0.0,0.0,,,0,2,0
Capped,2011,China,EB-2,2061,aged_out,2,4.0,1.4142135623730951,1.0,,,2,0,0
Capped,2011,China,EB-3,2061,aged_out,2,23.5,4.949747468305833,3.4999999999999996,,,2,0,0
Capped,2011,China,EB-4,2061,aged_out,2,0.0,0.0,0.0,,,0,2,0
Capped,2011,China,EB-5,2061,aged_out,2,0.0,0.0,0.0,,,0,2,0
Capped,2011,ROW,EB-1,2061,aged_out,2,0.0,0.0,0.0,,,0,2,0
Capped,2011,ROW,EB-2,2061,aged_out,2,0.0,0.0,0.0,,,0,2,0
Capped,2011,ROW,EB-3,2061,aged_out,2,18.5,7.7781745930520225,5.499999999999999,,,2,0,0
Capped,2011,ROW,EB-4,2061,aged_out,2,1.0,1.4142135623730951,1.0,,,1,1,0
Capped,2011,ROW,EB-5,2061,aged_out,2,0.0,0.0,0.0,,,0,2,0
Capped,2012,India,EB-1,2061,aged_out,2,0.0,0.0,0.0,,,0,2,0
Capped,2012,India,EB-2,2061,aged_out,2,656.0,26.870057685088806,19.0,,,2,0,0
Capped,2012,India,EB-3,2061,aged_out,2,1239.5,14.849242404917497,10.499999999999998,,,2,0,0
Capped,2012,India,EB-4,2061,aged_out,2,2.0,1.4142135623730951,1.0,,,2,0,0
Capped,2012,India,EB-5,2061,aged_out,2,0.0,0.0,0.0,,,0,2,0
Capped,2012,China,EB-1,2061,aged_out,2,0.0,0.0,0.0,,,0,2,0
Capped,2012,China,EB-2,2061,aged_out,2,8.0,4.242640687119285,2.9999999999999996,,,2,0,0
Capped,2012,China,EB-3,2061,aged_out,2,15.0,7.0710678118654755,5.0,,,2,0,0
Capped,2012,China,EB-4,2061,aged_out,2,0.0,0.0,0.0,,,0,2,0
Capped,2012,China,EB-5,2061,aged_out,2,0.0,0.0,0.0,,,0,2,0
Capped,2012,ROW,EB-1,2061,aged_out,2,0.0,0.0,0.0,,,0,2,0
Capped,2012,ROW,EB-2,2061,aged_out,2,0.0,0.0,0.0,,,0,2,0
Capped,2012,ROW,EB-3,2061,aged_out,2,2.5,2.1213203435596424,1.4999999999999998,,,2,0,0
Capped,2012,ROW,EB-4,2061,aged_out,2,28.0,4.242640687119285,2.9999999999999996,,,2,0,0
Capped,2012,ROW,EB-5,2061,aged_out,2,0.0,0.0,0.0,,,0,2,0
Capped,2013,India,EB-1,2061,aged_out,2,0.0,0.0,0.0,,,0,2,0
Capped,2013,India,EB-2,2061,aged_out,2,1259.0,22.627416997969522,16.0,,,2,0,0
Capped,2013,India,EB-3,2061,aged_out,2,1027.5,13.435028842544403,9.5,,,2,0,0
Capped,2013,India,EB-4,2061,aged_out,2,15.0,4.242640687119285,2.9999999999999996,,,2,0,0
Capped,2013,India,EB-5,2061,aged_out,2,0.0,0.0,0.0,,,0,2,0
Capped,2013,China,EB-1,2061,aged_out,2,0.0,0.0,0.0,,,0,2,0
Capped,2013,China,EB-2,2061,aged_out,2,12.0,2.8284271247461903,2.0,,,2,0,0
Capped,2013,China,EB-3,2061,aged_out,2,17.5,3.5355339059327378,2.5,,,2,0,0
Capped,2013,China,EB-4,2061,aged_out,2,0.0,0.0,0.0,,,0,2,0
Capped,2013,China,EB-5,2061,aged_out,2,0.0,0.0,0.0,,,0,2,0
Capped,2013,ROW,EB-1,2061,aged_out,2,0.0,0.0,0.0,,,0,2,0
Capped,2013,ROW,EB-2,2061,aged_out,2,0.0,0.0,0.0,,,0,2,0
Capped,2013,ROW,EB-3,2061,aged_out,2,0.0,0.0,0.0,,,0,2,0
Capped,2013,ROW,EB-4,2061,aged_out,2,337.0,5.656854249492381,4.0,,,2,0,0
Capped,2013,ROW,EB-5,2061,aged_out,2,0.0,0.0,0.0,,,0,2,0
Capped,2014,India,EB-1,2061,aged_out,2,0.0,0.0,0.0,,,0,2,0
Capped,2014,India,EB-2,2061,aged_out,2,6794.5,26.16295090390226,18.5,,,2,0,0
Capped,2014,India,EB-3,2061,aged_out,2,1195.5,12.020815280171307,8.499999999999998,,,2,0,0
Capped,2014,India,EB-4,2061,aged_out,2,26.0,1.4142135623730951,1.0,,,2,0,0
Capped,2014,India,EB-5,2061,aged_out,2,0.0,0.0,0.0,,,0,2,0
Capped,2014,China,EB-1,2061,aged_out,2,0.0,0.0,0.0,,,0,2,0
Capped,2014,China,EB-2,2061,aged_out,2,20.5,3.5355339059327378,2.5,,,2,0,0
Capped,2014,China,EB-3,2061,aged_out,2,145.0,2.8284271247461903,2.0,,,2,0,0
Capped,2014,China,EB-4,2061,aged_out,2,0.0,0.0,0.0,,,0,2,0
Capped,2014,China,EB-5,2061,aged_out,2,0.0,0.0,0.0,,,0,2,0
Capped,2014,ROW,EB-1,2061,aged_out,2,0.0,0.0,0.0,,,0,2,0
Capped,2014,ROW,EB-2,2061,aged_out,2,0.0,0.0,0.0,,,0,2,0
Capped,2014,ROW,EB-3,2061,aged_out,2,0.0,0.0,0.0,,,0,2,0
Capped,2014,ROW,EB-4,2061,aged_out,2,632.5,14.849242404917497,10.499999999999998,,,2,0,0
Capped,2014,ROW,EB-5,2061,aged_out,2,0.0,0.0,0.0,,,0,2,0
Capped,2015,India,EB-1,2061,aged_out,2,0.0,0.0,0.0,,,0,2,0
Capped,2015,India,EB-2,2061,aged_out,2,10421.0,87.68124086713189,61.99999999999999,,,2,0,0
Capped,2015,India,EB-3,2061,aged_out,2,1872.5,26.16295090390226,18.5,,,2,0,0
Capped,2015,India,EB-4,2061,aged_out,2,85.0,2.8284271247461903,2.0,,,2,0,0
Capped,2015,India,EB-5,2061,aged_out,2,0.0,0.0,0.0,,,0,2,0
Capped,2015,China,EB-1,2061,aged_out,2,0.0,0.0,0.0,,,0,2,0
Capped,2015,China,EB-2,2061,aged_out,2,30.5,3.5355339059327378,2.5,,,2,0,0
Capped,2015,China,EB-3,2061,aged_out,2,44.5,9.192388155425117,6.499999999999999,,,2,0,0
Capped,2015,China,EB-4,2061,aged_out,2,0.0,0.0,0.0,,,0,2,0
Capped,2015,China,EB-5,2061,aged_out,2,0.0,0.0,0.0,,,0,2,0
Capped,2015,ROW,EB-1,2061,aged_out,2,0.0,0.0,0.0,,,0,2,0
Capped,2015,ROW,EB-2,2061,aged_out,2,0.0,0.0,0.0,,,0,2,0
Capped,2015,ROW,EB-3,2061,aged_out,2,0.0,0.0,0.0,,,0,2,0
Capped,2015,ROW,EB-4,2061,aged_out,2,1248.0,8.48528137423857,5.999999999999999,,,2,0,0
Capped,2015,ROW,EB-5,2061,aged_out,2,0.0,0.0,0.0,,,0,2,0
Capped,2016,India,EB-1,2061,aged_out,2,0.0,0.0,0.0,,,0,2,0
Capped,2016,India,EB-2,2061,aged_out,2,15706.5,0.7071067811865476,0.5,,,2,0,0
Capped,2016,India,EB-3,2061,aged_out,2,3055.5,13.435028842544403,9.5,,,2,0,0
Capped,2016,India,EB-4,2061,aged_out,2,72.0,11.313708498984761,8.0,,,2,0,0
Capped,2016,India,EB-5,2061,aged_out,2,0.0,0.0,0.0,,,0,2,0
Capped,2016,China,EB-1,2061,aged_out,2,0.0,0.0,0.0,,,0,2,0
Capped,2016,China,EB-2,2061,aged_out,2,64.0,1.4142135623730951,1.0,,,2,0,0
Capped,2016,China,EB-3,2061,aged_out,2,117.5,17.67766952966369,12.5,,,2,0,0
Capped,2016,China,EB-4,2061,aged_out,2,0.0,0.0,0.0,,,0,2,0
Capped,2016,China,EB-5,2061,aged_out,2,0.0,0.0,0.0,,,0,2,0
Capped,2016,ROW,EB-1,2061,aged_out,2,0.0,0.0,0.0,,,0,2,0
Capped,2016,ROW,EB-2,2061,aged_out,2,0.0,0.0,0.0,,,0,2,0
Capped,2016,ROW,EB-3,2061,aged_out,2,0.0,0.0,0.0,,,0,2,0
Capped,2016,ROW,EB-4,2061,aged_out,2,1701.0,24.041630560342615,16.999999999999996,,,2,0,0
Capped,2016,ROW,EB-5,2061,aged_out,2,0.0,0.0,0.0,,,0,2,0
Capped,2017,India,EB-1,2061,aged_out,2,0.5,0.7071067811865476,0.5,,,1,1,0
Capped,2017,India,EB-2,2061,aged_out,2,13582.5,96.87362902255701,68.5,,,2,0,0
Capped,2017,India,EB-3,2061,aged_out,2,2616.0,80.61017305526642,56.99999999999999,,,2,0,0
Capped,2017,India,EB-4,2061,aged_out,2,52.5,2.1213203435596424,1.4999999999999998,,,2,0,0
Capped,2017,India,EB-5,2061,aged_out,2,0.0,0.0,0.0,,,0,2,0
Capped,2017,China,EB-1,2061,aged_out,2,0.0,0.0,0.0,,,0,2,0
Capped,2017,China,EB-2,2061,aged_out,2,135.5,10.606601717798213,7.5,,,2,0,0
Capped,2017,China,EB-3,2061,aged_out,2,186.0,11.313708498984761,8.0,,,2,0,0
Capped,2017,China,EB-4,2061,aged_out,2,0.0,0.0,0.0,,,0,2,0
Capped,2017,China,EB-5,2061,aged_out,2,43.0,0.0,0.0,,,2,0,0
Capped,2017,ROW,EB-1,2061,aged_out,2,0.0,0.0,0.0,,,0,2,0
Capped,2017,ROW,EB-2,2061,aged_out,2,0.0,0.0,0.0,,,0,2,0
Capped,2017,ROW,EB-3,2061,aged_out,2,0.0,0.0,0.0,,,0,2,0
Capped,2017,ROW,EB-4,2061,aged_out,2,1480.5,16.263455967290593,11.5,,,2,0,0
Capped,2017,ROW,EB-5,2061,aged_out,2,0.0,0.0,0.0,,,0,2,0
Capped,2018,India,EB-1,2061,aged_out,2,0.5,0.7071067811865476,0.5,,,1,1,0
Capped,2018,India,EB-2,2061,aged_out,2,12832.5,98.2878425849301,69.5,,,2,0,0
Capped,2018,India,EB-3,2061,aged_out,2,2445.5,74.24621202458749,52.5,,,2,0,0
Capped,2018,India,EB-4,2061,aged_out,2,51.0,4.242640687119285,2.9999999999999996,,,2,0,0
Capped,2018,India,EB-5,2061,aged_out,2,6.5,0.7071067811865476,0.5,,,2,0,0
Capped,2018,China,EB-1,2061,aged_out,2,0.0,0.0,0.0,,,0,2,0
Capped,2018,China,EB-2,2061,aged_out,2,236.5,28.991378028648448,20.5,,,2,0,0
Capped,2018,China,EB-3,2061,aged_out,2,207.0,25.45584412271571,18.0,,,2,0,0
Capped,2018,China,EB-4,2061,aged_out,2,0.0,0.0,0.0,,,0,2,0
Capped,2018,China,EB-5,2061,aged_out,2,369.5,13.435028842544403,9.5,,,2,0,0
Capped,2018,ROW,EB-1,2061,aged_out,2,0.0,0.0,0.0,,,0,2,0
Capped,2018,ROW,EB-2,2061,aged_out,2,0.0,0.0,0.0,,,0,2,0
Capped,2018,ROW,EB-3,2061,aged_out,2,0.0,0.0,0.0,,,0,2,0
Capped,2018,ROW,EB-4,2061,aged_out,2,1254.0,8.48528137423857,5.999999999999999,,,2,0,0
Capped,2018,ROW,EB-5,2061,aged_out,2,0.0,0.0,0.0,,,0,2,0
Capped,2019,India,EB-1,2061,aged_out,2,0.0,0.0,0.0,,,0,2,0
Capped,2019,India,EB-2,2061,aged_out,2,14305.0,80.61017305526642,56.99999999999999,,,2,0,0
Capped,2019,India,EB-3,2061,aged_out,2,3389.5,61.518289963229634,43.5,,,2,0,0
Capped,2019,India,EB-4,2061,aged_out,2,70.5,10.606601717798213,7.5,,,2,0,0
Capped,2019,India,EB-5,2061,aged_out,2,4.0,0.0,0.0,,,2,0,0
Capped,2019,China,EB-1,2061,aged_out,2,0.0,0.0,0.0,,,0,2,0
Capped,2019,China,EB-2,2061,aged_out,2,521.0,41.012193308819754,28.999999999999996,,,2,0,0
Capped,2019,China,EB-3,2061,aged_out,2,178.0,22.627416997969522,16.0,,,2,0,0
Capped,2019,China,EB-4,2061,aged_out,2,0.0,0.0,0.0,,,0,2,0
Capped,2019,China,EB-5,2061,aged_out,2,159.0,15.556349186104045,10.999999999999998,,,2,0,0
Capped,2019,ROW,EB-1,2061,aged_out,2,0.0,0.0,0.0,,,0,2,0
Capped,2019,ROW,EB-2,2061,aged_out,2,3.0,4.242640687119285,2.9999999999999996,,,1,1,0
Capped,2019,ROW,EB-3,2061,aged_out,2,0.0,0.0,0.0,,,0,2,0
Capped,2019,ROW,EB-4,2061,aged_out,2,1948.5,61.518289963229634,43.5,,,2,0,0
Capped,2019,ROW,EB-5,2061,aged_out,2,0.0,0.0,0.0,,,0,2,0
Capped,2020,India,EB-1,2061,aged_out,2,0.0,0.0,0.0,,,0,2,0
Capped,2020,India,EB-2,2061,aged_out,2,11615.0,53.74011537017761,38.0,,,2,0,0
Capped,2020,India,EB-3,2061,aged_out,2,2692.0,53.74011537017761,38.0,,,2,0,0
Capped,2020,India,EB-4,2061,aged_out,2,100.5,4.949747468305833,3.4999999999999996,,,2,0,0
Capped,2020,India,EB-5,2061,aged_out,2,5.5,0.7071067811865476,0.5,,,2,0,0
Capped,2020,China,EB-1,2061,aged_out,2,0.0,0.0,0.0,,,0,2,0
Capped,2020,China,EB-2,2061,aged_out,2,770.0,1.4142135623730951,1.0,,,2,0,0
Capped,2020,China,EB-3,2061,aged_out,2,261.5,30.405591591021544,21.5,,,2,0,0
Capped,2020,China,EB-4,2061,aged_out,2,0.0,0.0,0.0,,,0,2,0
Capped,2020,China,EB-5,2061,aged_out,2,83.5,0.7071067811865476,0.5,,,2,0,0
Capped,2020,ROW,EB-1,2061,aged_out,2,0.0,0.0,0.0,,,0,2,0
Capped,2020,ROW,EB-2,2061,aged_out,2,5.5,3.5355339059327378,2.5,,,2,0,0
Capped,2020,ROW,EB-3,2061,aged_out,2,0.0,0.0,0.0,,,0,2,0
Capped,2020,ROW,EB-4,2061,aged_out,2,2290.0,67.88225099390856,47.99999999999999,,,2,0,0
Capped,2020,ROW,EB-5,2061,aged_out,2,0.0,0.0,0.0,,,0,2,0
Capped,2021,India,EB-1,2061,aged_out,2,0.0,0.0,0.0,,,0,2,0
Capped,2021,India,EB-2,2061,aged_out,2,12529.0,123.03657992645927,87.0,,,2,0,0
Capped,2021,India,EB-3,2061,aged_out,2,14580.5,275.064537881567,194.5,,,2,0,0
Capped,2021,India,EB-4,2061,aged_out,2,66.0,8.48528137423857,5.999999999999999,,,2,0,0
Capped,2021,India,EB-5,2061,aged_out,2,5.0,2.8284271247461903,2.0,,,2,0,0
Capped,2021,China,EB-1,2061,aged_out,2,0.0,0.0,0.0,,,0,2,0
Capped,2021,China,EB-2,2061,aged_out,2,936.5,9.192388155425117,6.499999999999999,,,2,0,0
Capped,2021,China,EB-3,2061,aged_out,2,728.5,3.5355339059327378,2.5,,,2,0,0
Capped,2021,China,EB-4,2061,aged_out,2,0.0,0.0,0.0,,,0,2,0
Capped,2021,China,EB-5,2061,aged_out,2,53.5,3.5355339059327378,2.5,,,2,0,0
Capped,2021,ROW,EB-1,2061,aged_out,2,0.0,0.0,0.0,,,0,2,0
Capped,2021,ROW,EB-2,2061,aged_out,2,6.0,1.4142135623730951,1.0,,,2,0,0
Capped,2021,ROW,EB-3,2061,aged_out,2,0.0,0.0,0.0,,,0,2,0
Capped,2021,ROW,EB-4,2061,aged_out,2,3089.0,66.46803743153546,46.99999999999999,,,2,0,0
Capped,2021,ROW,EB-5,2061,aged_out,2,0.0,0.0,0.0,,,0,2,0
Capped,2022,India,EB-1,2061,aged_out,2,0.0,0.0,0.0,,,0,2,0
Capped,2022,India,EB-2,2061,aged_out,2,14875.5,54.44722215136416,38.5,,,2,0,0
Capped,2022,India,EB-3,2061,aged_out,2,5003.0,94.75230867899737,67.0,,,2,0,0
Capped,2022,India,EB-4,2061,aged_out,2,229.5,7.7781745930520225,5.499999999999999,,,2,0,0
Capped,2022,India,EB-5,2061,aged_out,2,3.0,0.0,0.0,,,2,0,0
Capped,2022,China,EB-1,2061,aged_out,2,0.0,0.0,0.0,,,0,2,0
Capped,2022,China,EB-2,2061,aged_out,2,1194.0,36.76955262170047,25.999999999999996,,,2,0,0
Capped,2022,China,EB-3,2061,aged_out,2,367.0,5.656854249492381,4.0,,,2,0,0
Capped,2022,China,EB-4,2061,aged_out,2,0.0,0.0,0.0,,,0,2,0
Capped,2022,China,EB-5,2061,aged_out,2,7.0,1.4142135623730951,1.0,,,2,0,0
Capped,2022,ROW,EB-1,2061,aged_out,2,0.0,0.0,0.0,,,0,2,0
Capped,2022,ROW,EB-2,2061,aged_out,2,7.5,3.5355339059327378,2.5,,,2,0,0
Capped,2022,ROW,EB-3,2061,aged_out,2,0.0,0.0,0.0,,,0,2,0
Capped,2022,ROW,EB-4,2061,aged_out,2,5265.5,60.10407640085654,42.5,,,2,0,0
Capped,2022,ROW,EB-5,2061,aged_out,2,0.0,0.0,0.0,,,0,2,0
Capped,2023,India,EB-1,2061,aged_out,2,2.0,0.0,0.0,,,2,0,0
Capped,2023,India,EB-2,2061,aged_out,2,12974.0,49.49747468305833,35.0,,,2,0,0
Capped,2023,India,EB-3,2061,aged_out,2,3923.0,79.19595949289332,55.99999999999999,,,2,0,0
Capped,2023,India,EB-4,2061,aged_out,2,284.0,14.142135623730951,10.0,,,2,0,0
Capped,2023,India,EB-5,2061,aged_out,2,2.5,0.7071067811865476,0.5,,,2,0,0
Capped,2023,China,EB-1,2061,aged_out,2,0.0,0.0,0.0,,,0,2,0
Capped,2023,China,EB-2,2061,aged_out,2,1782.0,66.46803743153546,46.99999999999999,,,2,0,0
Capped,2023,China,EB-3,2061,aged_out,2,309.0,25.45584412271571,18.0,,,2,0,0
Capped,2023,China,EB-4,2061,aged_out,2,0.0,0.0,0.0,,,0,2,0
Capped,2023,China,EB-5,2061,aged_out,2,0.0,0.0,0.0,,,0,2,0
Capped,2023,ROW,EB-1,2061,aged_out,2,0.0,0.0,0.0,,,0,2,0
Capped,2023,ROW,EB-2,2061,aged_out,2,24.0,7.0710678118654755,5.0,,,2,0,0
Capped,2023,ROW,EB-3,2061,aged_out,2,13.5,0.7071067811865476,0.5,,,2,0,0
Capped,2023,ROW,EB-4,2061,aged_out,2,4030.5,47.37615433949868,33.5,,,2,0,0
Capped,2023,ROW,EB-5,2061,aged_out,2,0.0,0.0,0.0,,,0,2,0
Capped,2024,India,EB-1,2061,aged_out,2,12.0,0.0,0.0,,,2,0,0
Capped,2024,India,EB-2,2061,aged_out,2,12765.5,12.020815280171307,8.499999999999998,,,2,0,0
Capped,2024,India,EB-3,2061,aged_out,2,3053.0,33.94112549695428,23.999999999999996,,,2,0,0
Capped,2024,India,EB-4,2061,aged_out,2,289.0,22.627416997969522,16.0,,,2,0,0
Capped,2024,India,EB-5,2061,aged_out,2,17.5,3.5355339059327378,2.5,,,2,0,0
Capped,2024,China,EB-1,2061,aged_out,2,0.0,0.0,0.0,,,0,2,0
Capped,2024,China,EB-2,2061,aged_out,2,1607.0,42.42640687119285,30.0,,,2,0,0
Capped,2024,China,EB-3,2061,aged_out,2,713.5,7.7781745930520225,5.499999999999999,,,2,0,0
Capped,2024,China,EB-4,2061,aged_out,2,0.0,0.0,0.0,,,0,2,0
Capped,2024,China,EB-5,2061,aged_out,2,0.0,0.0,0.0,,,0,2,0
Capped,2024,ROW,EB-1,2061,aged_out,2,0.0,0.0,0.0,,,0,2,0
Capped,2024,ROW,EB-2,2061,aged_out,2,22.0,4.242640687119285,2.9999999999999996,,,2,0,0
Capped,2024,ROW,EB-3,2061,aged_out,2,73.5,10.606601717798213,7.5,,,2,0,0
Capped,2024,ROW,EB-4,2061,aged_out,2,4604.0,2.8284271247461903,2.0,,,2,0,0
Capped,2024,ROW,EB-5,2061,aged_out,2,0.0,0.0,0.0,,,0,2,0
Capped,2025,India,EB-1,2061,aged_out,2,18.0,1.4142135623730951,1.0,,,2,0,0
Capped,2025,India,EB-2,2061,aged_out,2,12866.0,142.8355697996826,100.99999999999999,,,2,0,0
Capped,2025,India,EB-3,2061,aged_out,2,2994.0,63.63961030678928,45.0,,,2,0,0
Capped,2025,India,EB-4,2061,aged_out,2,299.0,25.45584412271571,18.0,,,2,0,0
Capped,2025,India,EB-5,2061,aged_out,2,13.5,2.1213203435596424,1.4999999999999998,,,2,0,0
Capped,2025,China,EB-1,2061,aged_out,2,1.0,1.4142135623730951,1.0,,,1,1,0
Capped,2025,China,EB-2,2061,aged_out,2,1741.0,19.79898987322333,13.999999999999998,,,2,0,0
Capped,2025,China,EB-3,2061,aged_out,2,756.5,48.79036790187178,34.5,,,2,0,0
Capped,2025,China,EB-4,2061,aged_out,2,0.0,0.0,0.0,,,0,2,0
Capped,2025,China,EB-5,2061,aged_out,2,0.0,0.0,0.0,,,0,2,0
Capped,2025,ROW,EB-1,2061,aged_out,2,0.0,0.0,0.0,,,0,2,0
Capped,2025,ROW,EB-2,2061,aged_out,2,26.0,2.8284271247461903,2.0,,,2,0,0
Capped,2025,ROW,EB-3,2061,aged_out,2,126.5,4.949747468305833,3.4999999999999996,,,2,0,0
Capped,2025,ROW,EB-4,2061,aged_out,2,4822.5,62.932503525602726,44.49999999999999,,,2,0,0
Capped,2025,ROW,EB-5,2061,aged_out,2,0.0,0.0,0.0,,,0,2,0
Capped,2026,India,EB-1,2061,aged_out,2,37.0,1.4142135623730951,1.0,,,2,0,0
Capped,2026,India,EB-2,2061,aged_out,2,12973.0,161.22034611053283,113.99999999999999,,,2,0,0
Capped,2026,India,EB-3,2061,aged_out,2,3020.5,50.204581464244875,35.5,,,2,0,0
Capped,2026,India,EB-4,2061,aged_out,2,334.5,41.71930009000631,29.5,,,2,0,0
Capped,2026,India,EB-5,2061,aged_out,2,22.0,5.656854249492381,4.0,,,2,0,0
Capped,2026,China,EB-1,2061,aged_out,2,15.5,3.5355339059327378,2.5,,,2,0,0
Capped,2026,China,EB-2,2061,aged_out,2,1775.5,98.2878425849301,69.5,,,2,0,0
Capped,2026,China,EB-3,2061,aged_out,2,861.5,45.96194077712559,32.5,,,2,0,0
Capped,2026,China,EB-4,2061,aged_out,2,0.0,0.0,0.0,,,0,2,0
Capped,2026,China,EB-5,2061,aged_out,2,4.5,0.7071067811865476,0.5,,,2,0,0
Capped,2026,ROW,EB-1,2061,aged_out,2,0.0,0.0,0.0,,,0,2,0
Capped,2026,ROW,EB-2,2061,aged_out,2,26.5,2.1213203435596424,1.4999999999999998,,,2,0,0
Capped,2026,ROW,EB-3,2061,aged_out,2,181.5,2.1213203435596424,1.4999999999999998,,,2,0,0
Capped,2026,ROW,EB-4,2061,aged_out,2,4833.5,44.54772721475249,31.499999999999996,,,2,0,0
Capped,2026,ROW,EB-5,2061,aged_out,2,0.0,0.0,0.0,,,0,2,0
Capped,2027,India,EB-1,2061,aged_out,2,53.5,0.7071067811865476,0.5,,,2,0,0
Capped,2027,India,EB-2,2061,aged_out,2,13074.0,76.36753236814714,54.0,,,2,0,0
Capped,2027,India,EB-3,2061,aged_out,2,3099.5,4.949747468305833,3.4999999999999996,,,2,0,0
Capped,2027,India,EB-4,2061,aged_out,2,346.5,23.33452377915607,16.5,,,2,0,0
Capped,2027,India,EB-5,2061,aged_out,2,19.0,5.656854249492381,4.0,,,2,0,0
Capped,2027,China,EB-1,2061,aged_out,2,27.5,10.606601717798213,7.5,,,2,0,0
Capped,2027,China,EB-2,2061,aged_out,2,1740.5,116.67261889578035,82.5,,,2,0,0
Capped,2027,China,EB-3,2061,aged_out,2,931.0,19.79898987322333,13.999999999999998,,,2,0,0
Capped,2027,China,EB-4,2061,aged_out,2,0.0,0.0,0.0,,,0,2,0
Capped,2027,China,EB-5,2061,aged_out,2,10.0,0.0,0.0,,,2,0,0
Capped,2027,ROW,EB-1,2061,aged_out,2,0.0,0.0,0.0,,,0,2,0
Capped,2027,ROW,EB-2,2061,aged_out,2,36.5,0.7071067811865476,0.5,,,2,0,0
Capped,2027,ROW,EB-3,2061,aged_out,2,313.0,14.142135623730951,10.0,,,2,0,0
Capped,2027,ROW,EB-4,2061,aged_out,2,4796.0,24.041630560342615,16.999999999999996,,,2,0,0
Capped,2027,ROW,EB-5,2061,aged_out,2,0.0,0.0,0.0,,,0,2,0
Capped,2028,India,EB-1,2061,aged_out,2,81.0,1.4142135623730951,1.0,,,2,0,0
Capped,2028,India,EB-2,2061,aged_out,2,12843.5,14.849242404917497,10.499999999999998,,,2,0,0
Capped,2028,India,EB-3,2061,aged_out,2,3078.0,48.08326112068523,33.99999999999999,,,2,0,0
Capped,2028,India,EB-4,2061,aged_out,2,356.5,30.405591591021544,21.5,,,2,0,0
Capped,2028,India,EB-5,2061,aged_out,2,22.0,2.8284271247461903,2.0,,,2,0,0
Capped,2028,China,EB-1,2061,aged_out,2,61.5,10.606601717798213,7.5,,,2,0,0
Capped,2028,China,EB-2,2061,aged_out,2,1654.0,43.840620433565945,30.999999999999996,,,2,0,0
Capped,2028,China,EB-3,2061,aged_out,2,1087.0,14.142135623730951,10.0,,,2,0,0
Capped,2028,China,EB-4,2061,aged_out,2,0.0,0.0,0.0,,,0,2,0
Capped,2028,China,EB-5,2061,aged_out,2,16.5,0.7071067811865476,0.5,,,2,0,0
Capped,2028,ROW,EB-1,2061,aged_out,2,0.0,0.0,0.0,,,0,2,0
Capped,2028,ROW,EB-2,2061,aged_out,2,36.5,0.7071067811865476,0.5,,,2,0,0
Capped,2028,ROW,EB-3,2061,aged_out,2,396.0,38.18376618407357,27.0,,,2,0,0
Capped,2028,ROW,EB-4,2061,aged_out,2,4843.5,45.96194077712559,32.5,,,2,0,0
Capped,2028,ROW,EB-5,2061,aged_out,2,0.0,0.0,0.0,,,0,2,0
Capped,2029,India,EB-1,2061,aged_out,2,156.5,16.263455967290593,11.5,,,2,0,0
Capped,2029,India,EB-2,2061,aged_out,2,12907.5,188.79751057680818,133.49999999999997,,,2,0,0
Capped,2029,India,EB-3,2061,aged_out,2,3044.0,36.76955262170047,25.999999999999996,,,2,0,0
Capped,2029,India,EB-4,2061,aged_out,2,387.0,25.45584412271571,18.0,,,2,0,0
Capped,2029,India,EB-5,2061,aged_out,2,22.0,4.242640687119285,2.9999999999999996,,,2,0,0
Capped,2029,China,EB-1,2061,aged_out,2,96.0,7.0710678118654755,5.0,,,2,0,0
Capped,2029,China,EB-2,2061,aged_out,2,1669.5,37.476659402887016,26.499999999999996,,,2,0,0
Capped,2029,China,EB-3,2061,aged_out,2,1108.0,50.91168824543142,36.0,,,2,0,0
Capped,2029,China,EB-4,2061,aged_out,2,0.0,0.0,0.0,,,0,2,0
Capped,2029,China,EB-5,2061,aged_out,2,25.0,4.242640687119285,2.9999999999999996,,,2,0,0
Capped,2029,ROW,EB-1,2061,aged_out,2,0.0,0.0,0.0,,,0,2,0
Capped,2029,ROW,EB-2,2061,aged_out,2,49.5,13.435028842544403,9.5,,,2,0,0
Capped,2029,ROW,EB-3,2061,aged_out,2,584.5,2.1213203435596424,1.4999999999999998,,,2,0,0
Capped,2029,ROW,EB-4,2061,aged_out,2,4880.5,81.31727983645297,57.5,,,2,0,0
Capped,2029,ROW,EB-5,2061,aged_out,2,0.0,0.0,0.0,,,0,2,0
Capped,2030,India,EB-1,2061,aged_out,2,221.5,12.020815280171307,8.499999999999998,,,2,0,0
Capped,2030,India,EB-2,2061,aged_out,2,12903.0,97.58073580374356,69.0,,,2,0,0
Capped,2030,India,EB-3,2061,aged_out,2,3071.5,53.033008588991066,37.5,,,2,0,0
Capped,2030,India,EB-4,2061,aged_out,2,382.5,12.020815280171307,8.499999999999998,,,2,0,0
Capped,2030,India,EB-5,2061,aged_out,2,26.0,1.4142135623730951,1.0,,,2,0,0
Capped,2030,China,EB-1,2061,aged_out,2,125.5,12.020815280171307,8.499999999999998,,,2,0,0
Capped,2030,China,EB-2,2061,aged_out,2,1695.0,80.61017305526642,56.99999999999999,,,2,0,0
Capped,2030,China,EB-3,2061,aged_out,2,1143.5,65.76093065034893,46.5,,,2,0,0
Capped,2030,China,EB-4,2061,aged_out,2,0.0,0.0,0.0,,,0,2,0
Capped,2030,China,EB-5,2061,aged_out,2,25.5,0.7071067811865476,0.5,,,2,0,0
Capped,2030,ROW,EB-1,2061,aged_out,2,0.0,0.0,0.0,,,0,2,0
Capped,2030,ROW,EB-2,2061,aged_out,2,59.5,7.7781745930520225,5.499999999999999,,,2,0,0
Capped,2030,ROW,EB-3,2061,aged_out,2,685.5,27.577164466275352,19.499999999999996,,,2,0,0
Capped,2030,ROW,EB-4,2061,aged_out,2,4924.0,145.6639969244288,103.0,,,2,0,0
Capped,2030,ROW,EB-5,2061,aged_out,2,0.0,0.0,0.0,,,0,2,0
Capped,2031,India,EB-1,2061,aged_out,2,270.0,18.384776310850235,12.999999999999998,,,2,0,0
Capped,2031,India,EB-2,2061,aged_out,2,12888.0,53.74011537017761,38.0,,,2,0,0
Capped,2031,India,EB-3,2061,aged_out,2,3042.5,3.5355339059327378,2.5,,,2,0,0
Capped,2031,India,EB-4,2061,aged_out,2,408.0,56.568542494923804,40.0,,,2,0,0
Capped,2031,India,EB-5,2061,aged_out,2,24.5,0.7071067811865476,0.5,,,2,0,0
Capped,2031,China,EB-1,2061,aged_out,2,189.0,8.48528137423857,5.999999999999999,,,2,0,0
Capped,2031,China,EB-2,2061,aged_out,2,1743.0,50.91168824543142,36.0,,,2,0,0
Capped,2031,China,EB-3,2061,aged_out,2,1203.0,49.49747468305833,35.0,,,2,0,0
Capped,2031,China,EB-4,2061,aged_out,2,0.0,0.0,0.0,,,0,2,0
Capped,2031,China,EB-5,2061,aged_out,2,32.0,7.0710678118654755,5.0,,,2,0,0
Capped,2031,ROW,EB-1,2061,aged_out,2,0.0,0.0,0.0,,,0,2,0
Capped,2031,ROW,EB-2,2061,aged_out,2,64.5,0.7071067811865476,0.5,,,2,0,0
Capped,2031,ROW,EB-3,2061,aged_out,2,892.0,1.4142135623730951,1.0,,,2,0,0
Capped,2031,ROW,EB-4,2061,aged_out,2,4797.0,57.982756057296896,41.0,,,2,0,0
Capped,2031,ROW,EB-5,2061,aged_out,2,0.0,0.0,0.0,,,0,2,0
Capped,2032,India,EB-1,2061,aged_out,2,334.5,4.949747468305833,3.4999999999999996,,,2,0,0
Capped,2032,India,EB-2,2061,aged_out,2,12735.0,118.79393923933998,83.99999999999999,,,2,0,0
Capped,2032,India,EB-3,2061,aged_out,2,3018.5,6.363961030678928,4.5,,,2,0,0
Capped,2032,India,EB-4,2061,aged_out,2,355.5,2.1213203435596424,1.4999999999999998,,,2,0,0
Capped,2032,India,EB-5,2061,aged_out,2,27.0,1.4142135623730951,1.0,,,2,0,0
Capped,2032,China,EB-1,2061,aged_out,2,237.5,12.020815280171307,8.499999999999998,,,2,0,0
Capped,2032,China,EB-2,2061,aged_out,2,1705.0,16.97056274847714,11.999999999999998,,,2,0,0
Capped,2032,China,EB-3,2061,aged_out,2,1249.0,35.35533905932738,25.0,,,2,0,0
Capped,2032,China,EB-4,2061,aged_out,2,0.0,0.0,0.0,,,0,2,0
Capped,2032,China,EB-5,2061,aged_out,2,35.5,4.949747468305833,3.4999999999999996,,,2,0,0
Capped,2032,ROW,EB-1,2061,aged_out,2,0.0,0.0,0.0,,,0,2,0
Capped,2032,ROW,EB-2,2061,aged_out,2,76.5,4.949747468305833,3.4999999999999996,,,2,0,0
Capped,2032,ROW,EB-3,2061,aged_out,2,993.0,25.45584412271571,18.0,,,2,0,0
Capped,2032,ROW,EB-4,2061,aged_out,2,4911.0,25.45584412271571,18.0,,,2,0,0
Capped,2032,ROW,EB-5,2061,aged_out,2,0.0,0.0,0.0,,,0,2,0
Capped,2033,India,EB-1,2061,aged_out,2,451.0,39.59797974644666,27.999999999999996,,,2,0,0
Capped,2033,India,EB-2,2061,aged_out,2,12836.5,60.10407640085654,42.5,,,2,0,0
Capped,2033,India,EB-3,2061,aged_out,2,3066.5,55.86143571373726,39.5,,,2,0,0
Capped,2033,India,EB-4,2061,aged_out,2,357.0,28.284271247461902,20.0,,,2,0,0
Capped,2033,India,EB-5,2061,aged_out,2,30.5,10.606601717798213,7.5,,,2,0,0
Capped,2033,China,EB-1,2061,aged_out,2,283.5,26.16295090390226,18.5,,,2,0,0
Capped,2033,China,EB-2,2061,aged_out,2,1786.5,7.7781745930520225,5.499999999999999,,,2,0,0
Capped,2033,China,EB-3,2061,aged_out,2,1227.0,16.97056274847714,11.999999999999998,,,2,0,0
Capped,2033,China,EB-4,2061,aged_out,2,0.0,0.0,0.0,,,0,2,0
Capped,2033,China,EB-5,2061,aged_out,2,45.0,14.142135623730951,10.0,,,2,0,0
Capped,2033,ROW,EB-1,2061,aged_out,2,0.0,0.0,0.0,,,0,2,0
Capped,2033,ROW,EB-2,2061,aged_out,2,84.0,7.0710678118654755,5.0,,,2,0,0
Capped,2033,ROW,EB-3,2061,aged_out,2,1204.0,29.698484809834994,20.999999999999996,,,2,0,0
Capped,2033,ROW,EB-4,2061,aged_out,2,4709.5,2.1213203435596424,1.4999999999999998,,,2,0,0
Capped,2033,ROW,EB-5,2061,aged_out,2,0.0,0.0,0.0,,,0,2,0
Capped,2034,India,EB-1,2061,aged_out,2,533.0,7.0710678118654755,5.0,,,2,0,0
Capped,2034,India,EB-2,2061,aged_out,2,12825.0,155.56349186104046,110.0,,,2,0,0
Capped,2034,India,EB-3,2061,aged_out,2,3033.0,32.526911934581186,23.0,,,2,0,0
Capped,2034,India,EB-4,2061,aged_out,2,413.0,25.45584412271571,18.0,,,2,0,0
Capped,2034,India,EB-5,2061,aged_out,2,34.5,4.949747468305833,3.4999999999999996,,,2,0,0
Capped,2034,China,EB-1,2061,aged_out,2,314.0,2.8284271247461903,2.0,,,2,0,0
Capped,2034,China,EB-2,2061,aged_out,2,1711.5,40.30508652763321,28.499999999999996,,,2,0,0
Capped,2034,China,EB-3,2061,aged_out,2,1347.5,50.204581464244875,35.5,,,2,0,0
Capped,2034,China,EB-4,2061,aged_out,2,0.0,0.0,0.0,,,0,2,0
Capped,2034,China,EB-5,2061,aged_out,2,66.5,3.5355339059327378,2.5,,,2,0,0
Capped,2034,ROW,EB-1,2061,aged_out,2,0.0,0.0,0.0,,,0,2,0
Capped,2034,ROW,EB-2,2061,aged_out,2,105.0,12.727922061357855,9.0,,,2,0,0
Capped,2034,ROW,EB-3,2061,aged_out,2,1383.0,4.242640687119285,2.9999999999999996,,,2,0,0
Capped,2034,ROW,EB-4,2061,aged_out,2,4816.0,29.698484809834994,20.999999999999996,,,2,0,0
Capped,2034,ROW,EB-5,2061,aged_out,2,0.0,0.0,0.0,,,0,2,0
Capped,2035,India,EB-1,2061,aged_out,2,632.0,4.242640687119285,2.9999999999999996,,,2,0,0
Capped,2035,India,EB-2,2061,aged_out,2,12858.5,144.95689014324225,102.5,,,2,0,0
Capped,2035,India,EB-3,2061,aged_out,2,3032.0,89.09545442950498,62.99999999999999,,,2,0,0
Capped,2035,India,EB-4,2061,aged_out,2,394.5,6.363961030678928,4.5,,,2,0,0
Capped,2035,India,EB-5,2061,aged_out,2,32.0,1.4142135623730951,1.0,,,2,0,0
Capped,2035,China,EB-1,2061,aged_out,2,381.5,23.33452377915607,16.5,,,2,0,0
Capped,2035,China,EB-2,2061,aged_out,2,1722.0,8.48528137423857,5.999999999999999,,,2,0,0
Capped,2035,China,EB-3,2061,aged_out,2,1308.0,56.568542494923804,40.0,,,2,0,0
Capped,2035,China,EB-4,2061,aged_out,2,0.0,0.0,0.0,,,0,2,0
Capped,2035,China,EB-5,2061,aged_out,2,72.5,7.7781745930520225,5.499999999999999,,,2,0,0
Capped,2035,ROW,EB-1,2061,aged_out,2,0.0,0.0,0.0,,,0,2,0
Capped,2035,ROW,EB-2,2061,aged_out,2,111.0,21.213203435596427,15.0,,,2,0,0
Capped,2035,ROW,EB-3,2061,aged_out,2,1547.5,37.476659402887016,26.499999999999996,,,2,0,0
Capped,2035,ROW,EB-4,2061,aged_out,2,4825.0,69.29646455628166,49.0,,,2,0,0
Capped,2035,ROW,EB-5,2061,aged_out,2,0.0,0.0,0.0,,,0,2,0
Capped,2036,India,EB-1,2061,aged_out,2,716.5,2.1213203435596424,1.4999999999999998,,,2,0,0
Capped,2036,India,EB-2,2061,aged_out,2,12922.0,63.63961030678928,45.0,,,2,0,0
Capped,2036,India,EB-3,2061,aged_out,2,3075.0,70.71067811865476,50.0,,,2,0,0
Capped,2036,India,EB-4,2061,aged_out,2,413.0,11.313708498984761,8.0,,,2,0,0
Capped,2036,India,EB-5,2061,aged_out,2,36.5,3.5355339059327378,2.5,,,2,0,0
Capped,2036,China,EB-1,2061,aged_out,2,438.5,6.363961030678928,4.5,,,2,0,0
Capped,2036,China,EB-2,2061,aged_out,2,1753.0,22.627416997969522,16.0,,,2,0,0
Capped,2036,China,EB-3,2061,aged_out,2,1246.5,57.27564927611035,40.5,,,2,0,0
Capped,2036,China,EB-4,2061,aged_out,2,0.0,0.0,0.0,,,0,2,0
Capped,2036,China,EB-5,2061,aged_out,2,70.0,1.4142135623730951,1.0,,,2,0,0
Capped,2036,ROW,EB-1,2061,aged_out,2,0.0,0.0,0.0,,,0,2,0
Capped,2036,ROW,EB-2,2061,aged_out,2,135.0,18.384776310850235,12.999999999999998,,,2,0,0
Capped,2036,ROW,EB-3,2061,aged_out,2,1661.0,36.76955262170047,25.999999999999996,,,2,0,0
Capped,2036,ROW,EB-4,2061,aged_out,2,4884.0,48.08326112068523,33.99999999999999,,,2,0,0
Capped,2036,ROW,EB-5,2061,aged_out,2,0.0,0.0,0.0,,,0,2,0
Capped,2037,India,EB-1,2061,aged_out,2,824.5,6.363961030678928,4.5,,,2,0,0
Capped,2037,India,EB-2,2061,aged_out,2,12786.0,22.627416997969522,16.0,,,2,0,0
Capped,2037,India,EB-3,2061,aged_out,2,3010.5,28.991378028648448,20.5,,,2,0,0
Capped,2037,India,EB-4,2061,aged_out,2,402.5,33.23401871576773,23.499999999999996,,,2,0,0
Capped,2037,India,EB-5,2061,aged_out,2,37.5,4.949747468305833,3.4999999999999996,,,2,0,0
Capped,2037,China,EB-1,2061,aged_out,2,415.0,14.142135623730951,10.0,,,2,0,0
Capped,2037,China,EB-2,2061,aged_out,2,1675.0,25.45584412271571,18.0,,,2,0,0
Capped,2037,China,EB-3,2061,aged_out,2,1314.5,16.263455967290593,11.5,,,2,0,0
Capped,2037,China,EB-4,2061,aged_out,2,0.0,0.0,0.0,,,0,2,0
Capped,2037,China,EB-5,2061,aged_out,2,93.5,27.577164466275352,19.499999999999996,,,2,0,0
Capped,2037,ROW,EB-1,2061,aged_out,2,0.0,0.0,0.0,,,0,2,0
Capped,2037,ROW,EB-2,2061,aged_out,2,148.0,15.556349186104045,10.999999999999998,,,2,0,0
Capped,2037,ROW,EB-3,2061,aged_out,2,1775.0,7.0710678118654755,5.0,,,2,0,0
Capped,2037,ROW,EB-4,2061,aged_out,2,4866.5,82.73149339882606,58.49999999999999,,,2,0,0
Capped,2037,ROW,EB-5,2061,aged_out,2,0.0,0.0,0.0,,,0,2,0
Capped,2038,India,EB-1,2061,aged_out,2,961.5,34.64823227814083,24.5,,,2,0,0
Capped,2038,India,EB-2,2061,aged_out,2,12920.0,127.27922061357856,90.0,,,2,0,0
Capped,2038,India,EB-3,2061,aged_out,2,3014.0,24.041630560342615,16.999999999999996,,,2,0,0
Capped,2038,India,EB-4,2061,aged_out,2,402.5,14.849242404917497,10.499999999999998,,,2,0,0
Capped,2038,India,EB-5,2061,aged_out,2,33.5,9.192388155425117,6.499999999999999,,,2,0,0
Capped,2038,China,EB-1,2061,aged_out,2,467.0,18.384776310850235,12.999999999999998,,,2,0,0
Capped,2038,China,EB-2,2061,aged_out,2,1754.0,0.0,0.0,,,2,0,0
Capped,2038,China,EB-3,2061,aged_out,2,1260.5,60.10407640085654,42.5,,,2,0,0
Capped,2038,China,EB-4,2061,aged_out,2,0.0,0.0,0.0,,,0,2,0
Capped,2038,China,EB-5,2061,aged_out,2,98.5,3.5355339059327378,2.5,,,2,0,0
Capped,2038,ROW,EB-1,2061,aged_out,2,0.0,0.0,0.0,,,0,2,0
Capped,2038,ROW,EB-2,2061,aged_out,2,172.0,9.899494936611665,6.999999999999999,,,2,0,0
Capped,2038,ROW,EB-3,2061,aged_out,2,1932.0,52.32590180780452,37.0,,,2,0,0
Capped,2038,ROW,EB-4,2061,aged_out,2,4803.0,29.698484809834994,20.999999999999996,,,2,0,0
Capped,2038,ROW,EB-5,2061,aged_out,2,0.0,0.0,0.0,,,0,2,0
Capped,2039,India,EB-1,2061,aged_out,2,1065.5,12.020815280171307,8.499999999999998,,,2,0,0
Capped,2039,India,EB-2,2061,aged_out,2,12923.5,188.79751057680818,133.49999999999997,,,2,0,0
Capped,2039,India,EB-3,2061,aged_out,2,3048.5,68.58935777509511,48.5,,,2,0,0
Capped,2039,India,EB-4,2061,aged_out,2,456.5,14.849242404917497,10.499999999999998,,,2,0,0
Capped,2039,India,EB-5,2061,aged_out,2,41.0,1.4142135623730951,1.0,,,2,0,0
Capped,2039,China,EB-1,2061,aged_out,2,478.5,12.020815280171307,8.499999999999998,,,2,0,0
Capped,2039,China,EB-2,2061,aged_out,2,1709.5,81.31727983645297,57.5,,,2,0,0
Capped,2039,China,EB-3,2061,aged_out,2,1300.0,32.526911934581186,23.0,,,2,0,0
Capped,2039,China,EB-4,2061,aged_out,2,0.0,0.0,0.0,,,0,2,0
Capped,2039,China,EB-5,2061,aged_out,2,117.5,4.949747468305833,3.4999999999999996,,,2,0,0
Capped,2039,ROW,EB-1,2061,aged_out,2,0.0,0.0,0.0,,,0,2,0
Capped,2039,ROW,EB-2,2061,aged_out,2,200.5,13.435028842544403,9.5,,,2,0,0
Capped,2039,ROW,EB-3,2061,aged_out,2,2091.0,31.11269837220809,21.999999999999996,,,2,0,0
Capped,2039,ROW,EB-4,2061,aged_out,2,4778.5,249.60869375885127,176.5,,,2,0,0
Capped,2039,ROW,EB-5,2061,aged_out,2,0.0,0.0,0.0,,,0,2,0
Capped,2040,India,EB-1,2061,aged_out,2,1175.5,43.1335136523794,30.499999999999996,,,2,0,0
Capped,2040,India,EB-2,2061,aged_out,2,12890.5,24.748737341529164,17.5,,,2,0,0
Capped,2040,India,EB-3,2061,aged_out,2,3041.5,55.86143571373726,39.5,,,2,0,0
Capped,2040,India,EB-4,2061,aged_out,2,432.5,31.81980515339464,22.5,,,2,0,0
Capped,2040,India,EB-5,2061,aged_out,2,40.5,6.363961030678928,4.5,,,2,0,0
Capped,2040,China,EB-1,2061,aged_out,2,535.0,8.48528137423857,5.999999999999999,,,2,0,0
Capped,2040,China,EB-2,2061,aged_out,2,1717.5,48.79036790187178,34.5,,,2,0,0
Capped,2040,China,EB-3,2061,aged_out,2,1302.0,18.384776310850235,12.999999999999998,,,2,0,0
Capped,2040,China,EB-4,2061,aged_out,2,0.0,0.0,0.0,,,0,2,0
Capped,2040,China,EB-5,2061,aged_out,2,109.0,12.727922061357855,9.0,,,2,0,0
Capped,2040,ROW,EB-1,2061,aged_out,2,0.0,0.0,0.0,,,0,2,0
Capped,2040,ROW,EB-2,2061,aged_out,2,196.0,15.556349186104045,10.999999999999998,,,2,0,0
Capped,2040,ROW,EB-3,2061,aged_out,2,2207.5,7.7781745930520225,5.499999999999999,,,2,0,0
Capped,2040,ROW,EB-4,2061,aged_out,2,4817.0,52.32590180780452,37.0,,,2,0,0
Capped,2040,ROW,EB-5,2061,aged_out,2,0.0,0.0,0.0,,,0,2,0
Uncapped,2009,India,EB-1,2061,exited,2,0.0,0.0,0.0,,,0,2,0
Uncapped,2009,India,EB-2,2061,exited,2,161.0,24.041630560342615,16.999999999999996,,,2,0,0
Uncapped,2009,India,EB-3,2061,exited,2,9375.0,53.74011537017761,38.0,,,2,0,0
Uncapped,2009,India,EB-4,2061,exited,2,0.0,0.0,0.0,,,0,2,0
Uncapped,2009,India,EB-5,2061,exited,2,0.0,0.0,0.0,,,0,2,0
Uncapped,2009,China,EB-1,2061,exited,2,0.0,0.0,0.0,,,0,2,0
Uncapped,2009,China,EB-2,2061,exited,2,76.0,4.242640687119285,2.9999999999999996,,,2,0,0
Uncapped,2009,China,EB-3,2061,exited,2,2486.0,137.17871555019022,97.0,,,2,0,0
Uncapped,2009,China,EB-4,2061,exited,2,0.0,0.0,0.0,,,0,2,0
Uncapped,2009,China,EB-5,2061,exited,2,0.0,0.0,0.0,,,0,2,0
Uncapped,2009,ROW,EB-1,2061,exited,2,0.0,0.0,0.0,,,0,2,0
Uncapped,2009,ROW,EB-2,2061,exited,2,0.0,0.0,0.0,,,0,2,0
Uncapped,2009,ROW,EB-3,2061,exited,2,3289.5,53.033008588991066,37.5,,,2,0,0
Uncapped,2009,ROW,EB-4,2061,exited,2,1.5,2.1213203435596424,1.4999999999999998,,,1,1,0
Uncapped,2009,ROW,EB-5,2061,exited,2,0.0,0.0,0.0,,,0,2,0
Uncapped,2010,India,EB-1,2061,exited,2,0.0,0.0,0.0,,,0,2,0
Uncapped,2010,India,EB-2,2061,exited,2,379.5,9.192388155425117,6.499999999999999,,,2,0,0
Uncapped,2010,India,EB-3,2061,exited,2,824.5,37.476659402887016,26.499999999999996,,,2,0,0
Uncapped,2010,India,EB-4,2061,exited,2,0.0,0.0,0.0,,,0,2,0
Uncapped,2010,India,EB-5,2061,exited,2,0.0,0.0,0.0,,,0,2,0
Uncapped,2010,China,EB-1,2061,exited,2,0.0,0.0,0.0,,,0,2,0
Uncapped,2010,China,EB-2,2061,exited,2,47.5,2.1213203435596424,1.4999999999999998,,,2,0,0
Uncapped,2010,China,EB-3,2061,exited,2,74.0,15.556349186104045,10.999999999999998,,,2,0,0
Uncapped,2010,China,EB-4,2061,exited,2,0.0,0.0,0.0,,,0,2,0
Uncapped,2010,China,EB-5,2061,exited,2,0.0,0.0,0.0,,,0,2,0
Uncapped,2010,ROW,EB-1,2061,exited,2,0.0,0.0,0.0,,,0,2,0
Uncapped,2010,ROW,EB-2,2061,exited,2,2.5,0.7071067811865476,0.5,,,2,0,0
Uncapped,2010,ROW,EB-3,2061,exited,2,773.5,30.405591591021544,21.5,,,2,0,0
Uncapped,2010,ROW,EB-4,2061,exited,2,38.0,7.0710678118654755,5.0,,,2,0,0
Uncapped,2010,ROW,EB-5,2061,exited,2,0.0,0.0,0.0,,,0,2,0
Uncapped,2011,India,EB-1,2061,exited,2,0.0,0.0,0.0,,,0,2,0
Uncapped,2011,India,EB-2,2061,exited,2,1472.5,16.263455967290593,11.5,,,2,0,0
Uncapped,2011,India,EB-3,2061,exited,2,855.5,27.577164466275352,19.499999999999996,,,2,0,0
Uncapped,2011,India,EB-4,2061,exited,2,4.5,4.949747468305833,3.4999999999999996,,,2,0,0
Uncapped,2011,India,EB-5,2061,exited,2,0.0,0.0,0.0,,,0,2,0
Uncapped,2011,China,EB-1,2061,exited,2,0.0,0.0,0.0,,,0,2,0
Uncapped,2011,China,EB-2,2061,exited,2,80.5,17.67766952966369,12.5,,,2,0,0
Uncapped,2011,China,EB-3,2061,exited,2,56.0,5.656854249492381,4.0,,,2,0,0
Uncapped,2011,China,EB-4,2061,exited,2,0.5,0.7071067811865476,0.5,,,1,1,0
Uncapped,2011,China,EB-5,2061,exited,2,0.0,0.0,0.0,,,0,2,0
Uncapped,2011,ROW,EB-1,2061,exited,2,0.0,0.0,0.0,,,0,2,0
Uncapped,2011,ROW,EB-2,2061,exited,2,44.5,14.849242404917497,10.499999999999998,,,2,0,0
Uncapped,2011,ROW,EB-3,2061,exited,2,541.5,19.091883092036785,13.5,,,2,0,0
Uncapped,2011,ROW,EB-4,2061,exited,2,191.5,14.849242404917497,10.499999999999998,,,2,0,0
Uncapped,2011,ROW,EB-5,2061,exited,2,0.0,0.0,0.0,,,0,2,0
Uncapped,2012,India,EB-1,2061,exited,2,0.0,0.0,0.0,,,0,2,0
Uncapped,2012,India,EB-2,2061,exited,2,1608.0,14.142135623730951,10.0,,,2,0,0
Uncapped,2012,India,EB-3,2061,exited,2,485.5,16.263455967290593,11.5,,,2,0,0
Uncapped,2012,India,EB-4,2061,exited,2,22.5,3.5355339059327378,2.5,,,2,0,0
Uncapped,2012,India,EB-5,2061,exited,2,0.0,0.0,0.0,,,0,2,0
Uncapped,2012,China,EB-1,2061,exited,2,0.0,0.0,0.0,,,0,2,0
Uncapped,2012,China,EB-2,2061,exited,2,101.5,4.949747468305833,3.4999999999999996,,,2,0,0
Uncapped,2012,China,EB-3,2061,exited,2,48.0,0.0,0.0,,,2,0,0
Uncapped,2012,China,EB-4,2061,exited,2,1.0,1.4142135623730951,1.0,,,1,1,0
Uncapped,2012,China,EB-5,2061,exited,2,0.0,0.0,0.0,,,0,2,0
Uncapped,2012,ROW,EB-1,2061,exited,2,0.0,0.0,0.0,,,0,2,0
Uncapped,2012,ROW,EB-2,2061,exited,2,44.0,14.142135623730951,10.0,,,2,0,0
Uncapped,2012,ROW,EB-3,2061,exited,2,253.0,9.899494936611665,6.999999999999999,,,2,0,0
Uncapped,2012,ROW,EB-4,2061,exited,2,658.5,44.54772721475249,31.499999999999996,,,2,0,0
Uncapped,2012,ROW,EB-5,2061,exited,2,0.0,0.0,0.0,,,0,2,0
Uncapped,2013,India,EB-1,2061,exited,2,0.0,0.0,0.0,,,0,2,0
Uncapped,2013,India,EB-2,2061,exited,2,1545.5,44.54772721475249,31.499999999999996,,,2,0,0
Uncapped,2013,India,EB-3,2061,exited,2,418.5,2.1213203435596424,1.4999999999999998,,,2,0,0
Uncapped,2013,India,EB-4,2061,exited,2,89.0,11.313708498984761,8.0,,,2,0,0
Uncapped,2013,India,EB-5,2061,exited,2,0.0,0.0,0.0,,,0,2,0
Uncapped,2013,China,EB-1,2061,exited,2,0.0,0.0,0.0,,,0,2,0
Uncapped,2013,China,EB-2,2061,exited,2,79.0,5.656854249492381,4.0,,,2,0,0
Uncapped,2013,China,EB-3,2061,exited,2,40.0,4.242640687119285,2.9999999999999996,,,2,0,0
Uncapped,2013,China,EB-4,2061,exited,2,3.0,0.0,0.0,,,2,0,0
Uncapped,2013,China,EB-5,2061,exited,2,0.0,0.0,0.0,,,0,2,0
Uncapped,2013,ROW,EB-1,2061,exited,2,0.0,0.0,0.0,,,0,2,0
Uncapped,2013,ROW,EB-2,2061,exited,2,0.0,0.0,0.0,,,0,2,0
Uncapped,2013,ROW,EB-3,2061,exited,2,161.5,6.363961030678928,4.5,,,2,0,0
Uncapped,2013,ROW,EB-4,2061,exited,2,2203.0,42.42640687119285,30.0,,,2,0,0
Uncapped,2013,ROW,EB-5,2061,exited,2,0.0,0.0,0.0,,,0,2,0
Uncapped,2014,India,EB-1,2061,exited,2,0.5,0.7071067811865476,0.5,,,1,1,0
Uncapped,2014,India,EB-2,2061,exited,2,1944.0,5.656854249492381,4.0,,,2,0,0
Uncapped,2014,India,EB-3,2061,exited,2,435.0,24.041630560342615,16.999999999999996,,,2,0,0
Uncapped,2014,India,EB-4,2061,exited,2,88.5,19.091883092036785,13.5,,,2,0,0
Uncapped,2014,India,EB-5,2061,exited,2,0.0,0.0,0.0,,,0,2,0
Uncapped,2014,China,EB-1,2061,exited,2,0.5,0.7071067811865476,0.5,,,1,1,0
Uncapped,2014,China,EB-2,2061,exited,2,113.5,3.5355339059327378,2.5,,,2,0,0
Uncapped,2014,China,EB-3,2061,exited,2,414.5,40.30508652763321,28.499999999999996,,,2,0,0
Uncapped,2014,China,EB-4,2061,exited,2,2.5,2.1213203435596424,1.4999999999999998,,,2,0,0
Uncapped,2014,China,EB-5,2061,exited,2,5.0,4.242640687119285,2.9999999999999996,,,2,0,0
Uncapped,2014,ROW,EB-1,2061,exited,2,0.0,0.0,0.0,,,0,2,0
Uncapped,2014,ROW,EB-2,2061,exited,2,7.5,0.7071067811865476,0.5,,,2,0,0
Uncapped,2014,ROW,EB-3,2061,exited,2,106.5,12.020815280171307,8.499999999999998,,,2,0,0
Uncapped,2014,ROW,EB-4,2061,exited,2,2607.0,29.698484809834994,20.999999999999996,,,2,0,0
Uncapped,2014,ROW,EB-5,2061,exited,2,0.0,0.0,0.0,,,0,2,0
Uncapped,2015,India,EB-1,2061,exited,2,17.5,3.5355339059327378,2.5,,,2,0,0
Uncapped,2015,India,EB-2,2061,exited,2,2451.0,63.63961030678928,45.0,,,2,0,0
Uncapped,2015,India,EB-3,2061,exited,2,656.0,48.08326112068523,33.99999999999999,,,2,0,0
Uncapped,2015,India,EB-4,2061,exited,2,225.0,7.0710678118654755,5.0,,,2,0,0
Uncapped,2015,India,EB-5,2061,exited,2,0.0,0.0,0.0,,,0,2,0
Uncapped,2015,China,EB-1,2061,exited,2,4.5,0.7071067811865476,0.5,,,2,0,0
Uncapped,2015,China,EB-2,2061,exited,2,164.0,2.8284271247461903,2.0,,,2,0,0
Uncapped,2015,China,EB-3,2061,exited,2,147.5,6.363961030678928,4.5,,,2,0,0
Uncapped,2015,China,EB-4,2061,exited,2,0.0,0.0,0.0,,,0,2,0
Uncapped,2015,China,EB-5,2061,exited,2,48.0,8.48528137423857,5.999999999999999,,,2,0,0
Uncapped,2015,ROW,EB-1,2061,exited,2,0.0,0.0,0.0,,,0,2,0
Uncapped,2015,ROW,EB-2,2061,exited,2,40.5,3.5355339059327378,2.5,,,2,0,0
Uncapped,2015,ROW,EB-3,2061,exited,2,154.0,2.8284271247461903,2.0,,,2,0,0
Uncapped,2015,ROW,EB-4,2061,exited,2,4100.5,2.1213203435596424,1.4999999999999998,,,2,0,0
Uncapped,2015,ROW,EB-5,2061,exited,2,0.0,0.0,0.0,,,0,2,0
Uncapped,2016,India,EB-1,2061,exited,2,31.5,12.020815280171307,8.499999999999998,,,2,0,0
Uncapped,2016,India,EB-2,2061,exited,2,3789.0,35.35533905932738,25.0,,,2,0,0
Uncapped,2016,India,EB-3,2061,exited,2,1046.5,51.61879502661797,36.49999999999999,,,2,0,0
Uncapped,2016,India,EB-4,2061,exited,2,169.0,22.627416997969522,16.0,,,2,0,0
Uncapped,2016,India,EB-5,2061,exited,2,1.5,2.1213203435596424,1.4999999999999998,,,1,1,0
Uncapped,2016,China,EB-1,2061,exited,2,19.5,2.1213203435596424,1.4999999999999998,,,2,0,0
Uncapped,2016,China,EB-2,2061,exited,2,230.0,2.8284271247461903,2.0,,,2,0,0
Uncapped,2016,China,EB-3,2061,exited,2,371.0,32.526911934581186,23.0,,,2,0,0
Uncapped,2016,China,EB-4,2061,exited,2,0.0,0.0,0.0,,,0,2,0
Uncapped,2016,China,EB-5,2061,exited,2,136.5,16.263455967290593,11.5,,,2,0,0
Uncapped,2016,ROW,EB-1,2061,exited,2,16.0,2.8284271247461903,2.0,,,2,0,0
Uncapped,2016,ROW,EB-2,2061,exited,2,120.5,24.748737341529164,17.5,,,2,0,0
Uncapped,2016,ROW,EB-3,2061,exited,2,194.5,9.192388155425117,6.499999999999999,,,2,0,0
Uncapped,2016,ROW,EB-4,2061,exited,2,4374.0,74.95331880577403,52.99999999999999,,,2,0,0
Uncapped,2016,ROW,EB-5,2061,exited,2,0.0,0.0,0.0,,,0,2,0
Uncapped,2017,India,EB-1,2061,exited,2,77.0,8.48528137423857,5.999999999999999,,,2,0,0
Uncapped,2017,India,EB-2,2061,exited,2,3516.0,15.556349186104045,10.999999999999998,,,2,0,0
Uncapped,2017,India,EB-3,2061,exited,2,863.0,5.656854249492381,4.0,,,2,0,0
Uncapped,2017,India,EB-4,2061,exited,2,164.0,29.698484809834994,20.999999999999996,,,2,0,0
Uncapped,2017,India,EB-5,2061,exited,2,7.5,0.7071067811865476,0.5,,,2,0,0
Uncapped,2017,China,EB-1,2061,exited,2,34.0,5.656854249492381,4.0,,,2,0,0
Uncapped,2017,China,EB-2,2061,exited,2,321.5,3.5355339059327378,2.5,,,2,0,0
Uncapped,2017,China,EB-3,2061,exited,2,471.0,28.284271247461902,20.0,,,2,0,0
Uncapped,2017,China,EB-4,2061,exited,2,0.0,0.0,0.0,,,0,2,0
Uncapped,2017,China,EB-5,2061,exited,2,258.5,38.890872965260115,27.5,,,2,0,0
Uncapped,2017,ROW,EB-1,2061,exited,2,49.0,7.0710678118654755,5.0,,,2,0,0
Uncapped,2017,ROW,EB-2,2061,exited,2,160.0,2.8284271247461903,2.0,,,2,0,0
Uncapped,2017,ROW,EB-3,2061,exited,2,248.0,22.627416997969522,16.0,,,2,0,0
Uncapped,2017,ROW,EB-4,2061,exited,2,3257.0,90.50966799187809,64.0,,,2,0,0
Uncapped,2017,ROW,EB-5,2061,exited,2,0.0,0.0,0.0,,,0,2,0
Uncapped,2018,India,EB-1,2061,exited,2,89.0,2.8284271247461903,2.0,,,2,0,0
Uncapped,2018,India,EB-2,2061,exited,2,3484.5,61.518289963229634,43.5,,,2,0,0
Uncapped,2018,India,EB-3,2061,exited,2,802.0,2.8284271247461903,2.0,,,2,0,0
Uncapped,2018,India,EB-4,2061,exited,2,125.0,14.142135623730951,10.0,,,2,0,0
Uncapped,2018,India,EB-5,2061,exited,2,18.0,12.727922061357855,9.0,,,2,0,0
Uncapped,2018,China,EB-1,2061,exited,2,39.0,0.0,0.0,,,2,0,0
Uncapped,2018,China,EB-2,2061,exited,2,410.0,5.656854249492381,4.0,,,2,0,0
Uncapped,2018,China,EB-3,2061,exited,2,408.0,11.313708498984761,8.0,,,2,0,0
Uncapped,2018,China,EB-4,2061,exited,2,0.0,0.0,0.0,,,0,2,0
Uncapped,2018,China,EB-5,2061,exited,2,415.0,12.727922061357855,9.0,,,2,0,0
Uncapped,2018,ROW,EB-1,2061,exited,2,65.5,7.7781745930520225,5.499999999999999,,,2,0,0
Uncapped,2018,ROW,EB-2,2061,exited,2,199.0,19.79898987322333,13.999999999999998,,,2,0,0
Uncapped,2018,ROW,EB-3,2061,exited,2,362.5,3.5355339059327378,2.5,,,2,0,0
Uncapped,2018,ROW,EB-4,2061,exited,2,2638.0,57.982756057296896,41.0,,,2,0,0
Uncapped,2018,ROW,EB-5,2061,exited,2,0.0,0.0,0.0,,,0,2,0
Uncapped,2019,India,EB-1,2061,exited,2,67.5,14.849242404917497,10.499999999999998,,,2,0,0
Uncapped,2019,India,EB-2,2061,exited,2,4007.0,60.81118318204309,43.0,,,2,0,0
Uncapped,2019,India,EB-3,2061,exited,2,1049.5,60.10407640085654,42.5,,,2,0,0
Uncapped,2019,India,EB-4,2061,exited,2,195.0,9.899494936611665,6.999999999999999,,,2,0,0
Uncapped,2019,India,EB-5,2061,exited,2,11.5,9.192388155425117,6.499999999999999,,,2,0,0
Uncapped,2019,China,EB-1,2061,exited,2,31.0,0.0,0.0,,,2,0,0
Uncapped,2019,China,EB-2,2061,exited,2,584.0,24.041630560342615,16.999999999999996,,,2,0,0
Uncapped,2019,China,EB-3,2061,exited,2,378.0,11.313708498984761,8.0,,,2,0,0
Uncapped,2019,China,EB-4,2061,exited,2,0.0,0.0,0.0,,,0,2,0
Uncapped,2019,China,EB-5,2061,exited,2,105.5,26.16295090390226,18.5,,,2,0,0
Uncapped,2019,ROW,EB-1,2061,exited,2,40.5,7.7781745930520225,5.499999999999999,,,2,0,0
Uncapped,2019,ROW,EB-2,2061,exited,2,358.5,36.062445840513924,25.499999999999996,,,2,0,0
Uncapped,2019,ROW,EB-3,2061,exited,2,668.0,38.18376618407357,27.0,,,2,0,0
Uncapped,2019,ROW,EB-4,2061,exited,2,3763.0,55.154328932550705,38.99999999999999,,,2,0,0
Uncapped,2019,ROW,EB-5,2061,exited,2,0.0,0.0,0.0,,,0,2,0
Uncapped,2020,India,EB-1,2061,exited,2,49.5,7.7781745930520225,5.499999999999999,,,2,0,0
Uncapped,2020,India,EB-2,2061,exited,2,3396.5,96.87362902255701,68.5,,,2,0,0
Uncapped,2020,India,EB-3,2061,exited,2,793.0,18.384776310850235,12.999999999999998,,,2,0,0
Uncapped,2020,India,EB-4,2061,exited,2,227.0,24.041630560342615,16.999999999999996,,,2,0,0
Uncapped,2020,India,EB-5,2061,exited,2,9.5,0.7071067811865476,0.5,,,2,0,0
Uncapped,2020,China,EB-1,2061,exited,2,19.5,2.1213203435596424,1.4999999999999998,,,2,0,0
Uncapped,2020,China,EB-2,2061,exited,2,624.0,2.8284271247461903,2.0,,,2,0,0
Uncapped,2020,China,EB-3,2061,exited,2,430.0,22.627416997969522,16.0,,,2,0,0
Uncapped,2020,China,EB-4,2061,exited,2,0.0,0.0,0.0,,,0,2,0
Uncapped,2020,China,EB-5,2061,exited,2,68.0,2.8284271247461903,2.0,,,2,0,0
Uncapped,2020,ROW,EB-1,2061,exited,2,0.0,0.0,0.0,,,0,2,0
Uncapped,2020,ROW,EB-2,2061,exited,2,393.5,7.7781745930520225,5.499999999999999,,,2,0,0
Uncapped,2020,ROW,EB-3,2061,exited,2,724.5,9.192388155425117,6.499999999999999,,,2,0,0
Uncapped,2020,ROW,EB-4,2061,exited,2,3942.0,28.284271247461902,20.0,,,2,0,0
Uncapped,2020,ROW,EB-5,2061,exited,2,0.0,0.0,0.0,,,0,2,0
Uncapped,2021,India,EB-1,2061,exited,2,45.5,4.949747468305833,3.4999999999999996,,,2,0,0
Uncapped,2021,India,EB-2,2061,exited,2,3847.5,74.24621202458749,52.5,,,2,0,0
Uncapped,2021,India,EB-3,2061,exited,2,4432.5,91.21677477306463,64.5,,,2,0,0
Uncapped,2021,India,EB-4,2061,exited,2,193.0,22.627416997969522,16.0,,,2,0,0
Uncapped,2021,India,EB-5,2061,exited,2,10.0,2.8284271247461903,2.0,,,2,0,0
Uncapped,2021,China,EB-1,2061,exited,2,27.0,0.0,0.0,,,2,0,0
Uncapped,2021,China,EB-2,2061,exited,2,579.5,14.849242404917497,10.499999999999998,,,2,0,0
Uncapped,2021,China,EB-3,2061,exited,2,1016.0,1.4142135623730951,1.0,,,2,0,0
Uncapped,2021,China,EB-4,2061,exited,2,0.0,0.0,0.0,,,0,2,0
Uncapped,2021,China,EB-5,2061,exited,2,48.0,9.899494936611665,6.999999999999999,,,2,0,0
Uncapped,2021,ROW,EB-1,2061,exited,2,0.0,0.0,0.0,,,0,2,0
Uncapped,2021,ROW,EB-2,2061,exited,2,372.5,43.1335136523794,30.499999999999996,,,2,0,0
Uncapped,2021,ROW,EB-3,2061,exited,2,636.5,13.435028842544403,9.5,,,2,0,0
Uncapped,2021,ROW,EB-4,2061,exited,2,4985.0,29.698484809834994,20.999999999999996,,,2,0,0
Uncapped,2021,ROW,EB-5,2061,exited,2,2.5,0.7071067811865476,0.5,,,2,0,0
Uncapped,2022,India,EB-1,2061,exited,2,65.5,9.192388155425117,6.499999999999999,,,2,0,0
Uncapped,2022,India,EB-2,2061,exited,2,4757.5,77.07463914933368,54.49999999999999,,,2,0,0
Uncapped,2022,India,EB-3,2061,exited,2,1648.0,69.29646455628166,49.0,,,2,0,0
Uncapped,2022,India,EB-4,2061,exited,2,466.0,31.11269837220809,21.999999999999996,,,2,0,0
Uncapped,2022,India,EB-5,2061,exited,2,3.0,2.8284271247461903,2.0,,,2,0,0
Uncapped,2022,China,EB-1,2061,exited,2,32.0,1.4142135623730951,1.0,,,2,0,0
Uncapped,2022,China,EB-2,2061,exited,2,636.5,13.435028842544403,9.5,,,2,0,0
Uncapped,2022,China,EB-3,2061,exited,2,364.5,20.506096654409877,14.499999999999998,,,2,0,0
Uncapped,2022,China,EB-4,2061,exited,2,0.0,0.0,0.0,,,0,2,0
Uncapped,2022,China,EB-5,2061,exited,2,13.5,13.435028842544403,9.5,,,2,0,0
Uncapped,2022,ROW,EB-1,2061,exited,2,0.0,0.0,0.0,,,0,2,0
Uncapped,2022,ROW,EB-2,2061,exited,2,465.5,10.606601717798213,7.5,,,2,0,0
Uncapped,2022,ROW,EB-3,2061,exited,2,880.5,40.30508652763321,28.499999999999996,,,2,0,0
Uncapped,2022,ROW,EB-4,2061,exited,2,8381.0,196.5756851698602,139.0,,,2,0,0
Uncapped,2022,ROW,EB-5,2061,exited,2,0.0,0.0,0.0,,,0,2,0
Uncapped,2023,India,EB-1,2061,exited,2,96.5,3.5355339059327378,2.5,,,2,0,0
Uncapped,2023,India,EB-2,2061,exited,2,4406.0,29.698484809834994,20.999999999999996,,,2,0,0
Uncapped,2023,India,EB-3,2061,exited,2,1249.0,55.154328932550705,38.99999999999999,,,2,0,0
Uncapped,2023,India,EB-4,2061,exited,2,511.5,34.64823227814083,24.5,,,2,0,0
Uncapped,2023,India,EB-5,2061,exited,2,9.0,1.4142135623730951,1.0,,,2,0,0
Uncapped,2023,China,EB-1,2061,exited,2,45.5,6.363961030678928,4.5,,,2,0,0
Uncapped,2023,China,EB-2,2061,exited,2,824.5,19.091883092036785,13.5,,,2,0,0
Uncapped,2023,China,EB-3,2061,exited,2,319.0,2.8284271247461903,2.0,,,2,0,0
Uncapped,2023,China,EB-4,2061,exited,2,0.0,0.0,0.0,,,0,2,0
Uncapped,2023,China,EB-5,2061,exited,2,23.0,0.0,0.0,,,2,0,0
Uncapped,2023,ROW,EB-1,2061,exited,2,0.0,0.0,0.0,,,0,2,0
Uncapped,2023,ROW,EB-2,2061,exited,2,4427.5,40.30508652763321,28.499999999999996,,,2,0,0
Uncapped,2023,ROW,EB-3,2061,exited,2,5845.0,19.79898987322333,13.999999999999998,,,2,0,0
Uncapped,2023,ROW,EB-4,2061,exited,2,5760.0,36.76955262170047,25.999999999999996,,,2,0,0
Uncapped,2023,ROW,EB-5,2061,exited,2,0.0,0.0,0.0,,,0,2,0
Uncapped,2024,India,EB-1,2061,exited,2,72.5,4.949747468305833,3.4999999999999996,,,2,0,0
Uncapped,2024,India,EB-2,2061,exited,2,4630.5,96.87362902255701,68.5,,,2,0,0
Uncapped,2024,India,EB-3,2061,exited,2,1007.0,60.81118318204309,43.0,,,2,0,0
Uncapped,2024,India,EB-4,2061,exited,2,439.5,37.476659402887016,26.499999999999996,,,2,0,0
Uncapped,2024,India,EB-5,2061,exited,2,16.0,2.8284271247461903,2.0,,,2,0,0
Uncapped,2024,China,EB-1,2061,exited,2,42.0,5.656854249492381,4.0,,,2,0,0
Uncapped,2024,China,EB-2,2061,exited,2,787.0,22.627416997969522,16.0,,,2,0,0
Uncapped,2024,China,EB-3,2061,exited,2,719.5,21.920310216782973,15.499999999999998,,,2,0,0
Uncapped,2024,China,EB-4,2061,exited,2,0.0,0.0,0.0,,,0,2,0
Uncapped,2024,China,EB-5,2061,exited,2,40.5,4.949747468305833,3.4999999999999996,,,2,0,0
Uncapped,2024,ROW,EB-1,2061,exited,2,0.0,0.0,0.0,,,0,2,0
Uncapped,2024,ROW,EB-2,2061,exited,2,4871.5,82.73149339882606,58.49999999999999,,,2,0,0
Uncapped,2024,ROW,EB-3,2061,exited,2,5534.5,37.476659402887016,26.499999999999996,,,2,0,0
Uncapped,2024,ROW,EB-4,2061,exited,2,6139.0,89.09545442950498,62.99999999999999,,,2,0,0
Uncapped,2024,ROW,EB-5,2061,exited,2,0.0,0.0,0.0,,,0,2,0
Uncapped,2025,India,EB-1,2061,exited,2,65.0,5.656854249492381,4.0,,,2,0,0
Uncapped,2025,India,EB-2,2061,exited,2,4875.0,46.66904755831214,33.0,,,2,0,0
Uncapped,2025,India,EB-3,2061,exited,2,1042.5,13.435028842544403,9.5,,,2,0,0
Uncapped,2025,India,EB-4,2061,exited,2,459.5,6.363961030678928,4.5,,,2,0,0
Uncapped,2025,India,EB-5,2061,exited,2,27.0,1.4142135623730951,1.0,,,2,0,0
Uncapped,2025,China,EB-1,2061,exited,2,42.5,9.192388155425117,6.499999999999999,,,2,0,0
Uncapped,2025,China,EB-2,2061,exited,2,841.0,82.02438661763951,57.99999999999999,,,2,0,0
Uncapped,2025,China,EB-3,2061,exited,2,730.0,16.97056274847714,11.999999999999998,,,2,0,0
Uncapped,2025,China,EB-4,2061,exited,2,27.0,9.899494936611665,6.999999999999999,,,2,0,0
Uncapped,2025,China,EB-5,2061,exited,2,50.5,24.748737341529164,17.5,,,2,0,0
Uncapped,2025,ROW,EB-1,2061,exited,2,148.0,7.0710678118654755,5.0,,,2,0,0
Uncapped,2025,ROW,EB-2,2061,exited,2,4847.5,19.091883092036785,13.5,,,2,0,0
Uncapped,2025,ROW,EB-3,2061,exited,2,5910.0,97.58073580374356,69.0,,,2,0,0
Uncapped,2025,ROW,EB-4,2061,exited,2,6139.0,9.899494936611665,6.999999999999999,,,2,0,0
Uncapped,2025,ROW,EB-5,2061,exited,2,35.0,8.48528137423857,5.999999999999999,,,2,0,0
Uncapped,2026,India,EB-1,2061,exited,2,93.0,1.4142135623730951,1.0,,,2,0,0
Uncapped,2026,India,EB-2,2061,exited,2,5049.5,28.991378028648448,20.5,,,2,0,0
Uncapped,2026,India,EB-3,2061,exited,2,1080.5,85.55992052357225,60.49999999999999,,,2,0,0
Uncapped,2026,India,EB-4,2061,exited,2,458.0,53.74011537017761,38.0,,,2,0,0
Uncapped,2026,India,EB-5,2061,exited,2,19.0,4.242640687119285,2.9999999999999996,,,2,0,0
Uncapped,2026,China,EB-1,2061,exited,2,40.0,2.8284271247461903,2.0,,,2,0,0
Uncapped,2026,China,EB-2,2061,exited,2,815.0,91.92388155425118,65.0,,,2,0,0
Uncapped,2026,China,EB-3,2061,exited,2,800.5,30.405591591021544,21.5,,,2,0,0
Uncapped,2026,China,EB-4,2061,exited,2,26.5,10.606601717798213,7.5,,,2,0,0
Uncapped,2026,China,EB-5,2061,exited,2,48.0,7.0710678118654755,5.0,,,2,0,0
Uncapped,2026,ROW,EB-1,2061,exited,2,199.5,6.363961030678928,4.5,,,2,0,0
Uncapped,2026,ROW,EB-2,2061,exited,2,5030.5,77.07463914933368,54.49999999999999,,,2,0,0
Uncapped,2026,ROW,EB-3,2061,exited,2,5809.0,80.61017305526642,56.99999999999999,,,2,0,0
Uncapped,2026,ROW,EB-4,2061,exited,2,6201.0,48.08326112068523,33.99999999999999,,,2,0,0
Uncapped,2026,ROW,EB-5,2061,exited,2,65.5,21.920310216782973,15.499999999999998,,,2,0,0
Uncapped,2027,India,EB-1,2061,exited,2,112.5,6.363961030678928,4.5,,,2,0,0
Uncapped,2027,India,EB-2,2061,exited,2,5173.0,39.59797974644666,27.999999999999996,,,2,0,0
Uncapped,2027,India,EB-3,2061,exited,2,1098.5,37.476659402887016,26.499999999999996,,,2,0,0
Uncapped,2027,India,EB-4,2061,exited,2,488.0,36.76955262170047,25.999999999999996,,,2,0,0
Uncapped,2027,India,EB-5,2061,exited,2,22.5,6.363961030678928,4.5,,,2,0,0
Uncapped,2027,China,EB-1,2061,exited,2,67.5,3.5355339059327378,2.5,,,2,0,0
Uncapped,2027,China,EB-2,2061,exited,2,833.0,50.91168824543142,36.0,,,2,0,0
Uncapped,2027,China,EB-3,2061,exited,2,840.5,38.890872965260115,27.5,,,2,0,0
Uncapped,2027,China,EB-4,2061,exited,2,43.0,2.8284271247461903,2.0,,,2,0,0
Uncapped,2027,China,EB-5,2061,exited,2,59.5,2.1213203435596424,1.4999999999999998,,,2,0,0
Uncapped,2027,ROW,EB-1,2061,exited,2,258.5,20.506096654409877,14.499999999999998,,,2,0,0
Uncapped,2027,ROW,EB-2,2061,exited,2,5225.5,10.606601717798213,7.5,,,2,0,0
Uncapped,2027,ROW,EB-3,2061,exited,2,6095.0,161.22034611053283,113.99999999999999,,,2,0,0
Uncapped,2027,ROW,EB-4,2061,exited,2,6168.5,123.74368670764582,87.5,,,2,0,0
Uncapped,2027,ROW,EB-5,2061,exited,2,51.5,37.476659402887016,26.499999999999996,,,2,0,0
Uncapped,2028,India,EB-1,2061,exited,2,105.5,38.890872965260115,27.5,,,2,0,0
Uncapped,2028,India,EB-2,2061,exited,2,5208.5,12.020815280171307,8.499999999999998,,,2,0,0
Uncapped,2028,India,EB-3,2061,exited,2,1122.5,38.890872965260115,27.5,,,2,0,0
Uncapped,2028,India,EB-4,2061,exited,2,460.0,29.698484809834994,20.999999999999996,,,2,0,0
Uncapped,2028,India,EB-5,2061,exited,2,15.5,3.5355339059327378,2.5,,,2,0,0
Uncapped,2028,China,EB-1,2061,exited,2,68.5,2.1213203435596424,1.4999999999999998,,,2,0,0
Uncapped,2028,China,EB-2,2061,exited,2,780.0,43.840620433565945,30.999999999999996,,,2,0,0
Uncapped,2028,China,EB-3,2061,exited,2,849.5,10.606601717798213,7.5,,,2,0,0
Uncapped,2028,China,EB-4,2061,exited,2,26.5,16.263455967290593,11.5,,,2,0,0
Uncapped,2028,China,EB-5,2061,exited,2,49.5,2.1213203435596424,1.4999999999999998,,,2,0,0
Uncapped,2028,ROW,EB-1,2061,exited,2,280.0,22.627416997969522,16.0,,,2,0,0
Uncapped,2028,ROW,EB-2,2061,exited,2,4994.5,28.991378028648448,20.5,,,2,0,0
Uncapped,2028,ROW,EB-3,2061,exited,2,6202.5,68.58935777509511,48.5,,,2,0,0
Uncapped,2028,ROW,EB-4,2061,exited,2,6342.0,57.982756057296896,41.0,,,2,0,0
Uncapped,2028,ROW,EB-5,2061,exited,2,54.5,7.7781745930520225,5.499999999999999,,,2,0,0
Uncapped,2029,India,EB-1,2061,exited,2,103.0,18.384776310850235,12.999999999999998,,,2,0,0
Uncapped,2029,India,EB-2,2061,exited,2,5356.0,18.384776310850235,12.999999999999998,,,2,0,0
Uncapped,2029,India,EB-3,2061,exited,2,1176.0,41.012193308819754,28.999999999999996,,,2,0,0
Uncapped,2029,India,EB-4,2061,exited,2,432.5,53.033008588991066,37.5,,,2,0,0
Uncapped,2029,India,EB-5,2061,exited,2,21.5,0.7071067811865476,0.5,,,2,0,0
Uncapped,2029,China,EB-1,2061,exited,2,61.5,7.7781745930520225,5.499999999999999,,,2,0,0
Uncapped,2029,China,EB-2,2061,exited,2,826.5,14.849242404917497,10.499999999999998,,,2,0,0
Uncapped,2029,China,EB-3,2061,exited,2,861.0,4.242640687119285,2.9999999999999996,,,2,0,0
Uncapped,2029,China,EB-4,2061,exited,2,32.5,4.949747468305833,3.4999999999999996,,,2,0,0
Uncapped,2029,China,EB-5,2061,exited,2,60.0,4.242640687119285,2.9999999999999996,,,2,0,0
Uncapped,2029,ROW,EB-1,2061,exited,2,310.5,4.949747468305833,3.4999999999999996,,,2,0,0
Uncapped,2029,ROW,EB-2,2061,exited,2,5153.0,162.63455967290594,115.0,,,2,0,0
Uncapped,2029,ROW,EB-3,2061,exited,2,6335.5,38.890872965260115,27.5,,,2,0,0
Uncapped,2029,ROW,EB-4,2061,exited,2,6213.0,86.2670273047588,60.99999999999999,,,2,0,0
Uncapped,2029,ROW,EB-5,2061,exited,2,79.5,10.606601717798213,7.5,,,2,0,0
Uncapped,2030,India,EB-1,2061,exited,2,139.0,7.0710678118654755,5.0,,,2,0,0
Uncapped,2030,India,EB-2,2061,exited,2,5400.5,16.263455967290593,11.5,,,2,0,0
Uncapped,2030,India,EB-3,2061,exited,2,1166.0,29.698484809834994,20.999999999999996,,,2,0,0
Uncapped,2030,India,EB-4,2061,exited,2,450.5,3.5355339059327378,2.5,,,2,0,0
Uncapped,2030,India,EB-5,2061,exited,2,19.5,2.1213203435596424,1.4999999999999998,,,2,0,0
Uncapped,2030,China,EB-1,2061,exited,2,76.5,3.5355339059327378,2.5,,,2,0,0
Uncapped,2030,China,EB-2,2061,exited,2,849.5,12.020815280171307,8.499999999999998,,,2,0,0
Uncapped,2030,China,EB-3,2061,exited,2,889.0,18.384776310850235,12.999999999999998,,,2,0,0
Uncapped,2030,China,EB-4,2061,exited,2,32.0,8.48528137423857,5.999999999999999,,,2,0,0
Uncapped,2030,China,EB-5,2061,exited,2,53.5,2.1213203435596424,1.4999999999999998,,,2,0,0
Uncapped,2030,ROW,EB-1,2061,exited,2,341.0,36.76955262170047,25.999999999999996,,,2,0,0
Uncapped,2030,ROW,EB-2,2061,exited,2,5225.0,16.97056274847714,11.999999999999998,,,2,0,0
Uncapped,2030,ROW,EB-3,2061,exited,2,6391.5,3.5355339059327378,2.5,,,2,0,0
Uncapped,2030,ROW,EB-4,2061,exited,2,6261.0,74.95331880577403,52.99999999999999,,,2,0,0
Uncapped,2030,ROW,EB-5,2061,exited,2,65.5,6.363961030678928,4.5,,,2,0,0
Uncapped,2031,India,EB-1,2061,exited,2,149.0,5.656854249492381,4.0,,,2,0,0
Uncapped,2031,India,EB-2,2061,exited,2,5529.0,16.97056274847714,11.999999999999998,,,2,0,0
Uncapped,2031,India,EB-3,2061,exited,2,1172.5,3.5355339059327378,2.5,,,2,0,0
Uncapped,2031,India,EB-4,2061,exited,2,474.5,13.435028842544403,9.5,,,2,0,0
Uncapped,2031,India,EB-5,2061,exited,2,23.5,7.7781745930520225,5.499999999999999,,,2,0,0
Uncapped,2031,China,EB-1,2061,exited,2,99.5,0.7071067811865476,0.5,,,2,0,0
Uncapped,2031,China,EB-2,2061,exited,2,863.0,43.840620433565945,30.999999999999996,,,2,0,0
Uncapped,2031,China,EB-3,2061,exited,2,867.0,15.556349186104045,10.999999999999998,,,2,0,0
Uncapped,2031,China,EB-4,2061,exited,2,25.5,3.5355339059327378,2.5,,,2,0,0
Uncapped,2031,China,EB-5,2061,exited,2,63.5,14.849242404917497,10.499999999999998,,,2,0,0
Uncapped,2031,ROW,EB-1,2061,exited,2,404.5,10.606601717798213,7.5,,,2,0,0
Uncapped,2031,ROW,EB-2,2061,exited,2,5205.5,68.58935777509511,48.5,,,2,0,0
Uncapped,2031,ROW,EB-3,2061,exited,2,6514.5,81.31727983645297,57.5,,,2,0,0
Uncapped,2031,ROW,EB-4,2061,exited,2,6225.5,283.5498192558056,200.5,,,2,0,0
Uncapped,2031,ROW,EB-5,2061,exited,2,59.0,2.8284271247461903,2.0,,,2,0,0
Uncapped,2032,India,EB-1,2061,exited,2,167.0,2.8284271247461903,2.0,,,2,0,0
Uncapped,2032,India,EB-2,2061,exited,2,5376.5,70.0035713374682,49.49999999999999,,,2,0,0
Uncapped,2032,India,EB-3,2061,exited,2,1227.0,28.284271247461902,20.0,,,2,0,0
Uncapped,2032,India,EB-4,2061,exited,2,455.0,48.08326112068523,33.99999999999999,,,2,0,0
Uncapped,2032,India,EB-5,2061,exited,2,31.0,2.8284271247461903,2.0,,,2,0,0
Uncapped,2032,China,EB-1,2061,exited,2,78.5,14.849242404917497,10.499999999999998,,,2,0,0
Uncapped,2032,China,EB-2,2061,exited,2,862.5,20.506096654409877,14.499999999999998,,,2,0,0
Uncapped,2032,China,EB-3,2061,exited,2,858.5,10.606601717798213,7.5,,,2,0,0
Uncapped,2032,China,EB-4,2061,exited,2,31.0,0.0,0.0,,,2,0,0
Uncapped,2032,China,EB-5,2061,exited,2,66.5,3.5355339059327378,2.5,,,2,0,0
Uncapped,2032,ROW,EB-1,2061,exited,2,409.0,50.91168824543142,36.0,,,2,0,0
Uncapped,2032,ROW,EB-2,2061,exited,2,5287.5,111.01576464628796,78.5,,,2,0,0
Uncapped,2032,ROW,EB-3,2061,exited,2,6573.0,14.142135623730951,10.0,,,2,0,0
Uncapped,2032,ROW,EB-4,2061,exited,2,6091.0,123.03657992645927,87.0,,,2,0,0
Uncapped,2032,ROW,EB-5,2061,exited,2,65.5,20.506096654409877,14.499999999999998,,,2,0,0
Uncapped,2033,India,EB-1,2061,exited,2,175.5,13.435028842544403,9.5,,,2,0,0
Uncapped,2033,India,EB-2,2061,exited,2,5441.5,96.87362902255701,68.5,,,2,0,0
Uncapped,2033,India,EB-3,2061,exited,2,1266.0,24.041630560342615,16.999999999999996,,,2,0,0
Uncapped,2033,India,EB-4,2061,exited,2,455.5,14.849242404917497,10.499999999999998,,,2,0,0
Uncapped,2033,India,EB-5,2061,exited,2,28.5,0.7071067811865476,0.5,,,2,0,0
Uncapped,2033,China,EB-1,2061,exited,2,97.5,9.192388155425117,6.499999999999999,,,2,0,0
Uncapped,2033,China,EB-2,2061,exited,2,858.5,9.192388155425117,6.499999999999999,,,2,0,0
Uncapped,2033,China,EB-3,2061,exited,2,881.0,5.656854249492381,4.0,,,2,0,0
Uncapped,2033,China,EB-4,2061,exited,2,22.0,5.656854249492381,4.0,,,2,0,0
Uncapped,2033,China,EB-5,2061,exited,2,65.0,14.142135623730951,10.0,,,2,0,0
Uncapped,2033,ROW,EB-1,2061,exited,2,408.0,2.8284271247461903,2.0,,,2,0,0
Uncapped,2033,ROW,EB-2,2061,exited,2,5307.0,45.254833995939045,32.0,,,2,0,0
Uncapped,2033,ROW,EB-3,2061,exited,2,6778.0,38.18376618407357,27.0,,,2,0,0
Uncapped,2033,ROW,EB-4,2061,exited,2,6209.0,32.526911934581186,23.0,,,2,0,0
Uncapped,2033,ROW,EB-5,2061,exited,2,64.5,0.7071067811865476,0.5,,,2,0,0
Uncapped,2034,India,EB-1,2061,exited,2,227.0,12.727922061357855,9.0,,,2,0,0
Uncapped,2034,India,EB-2,2061,exited,2,5359.0,131.52186130069785,93.0,,,2,0,0
Uncapped,2034,India,EB-3,2061,exited,2,1259.0,15.556349186104045,10.999999999999998,,,2,0,0
Uncapped,2034,India,EB-4,2061,exited,2,453.5,6.363961030678928,4.5,,,2,0,0
Uncapped,2034,India,EB-5,2061,exited,2,24.0,7.0710678118654755,5.0,,,2,0,0
Uncapped,2034,China,EB-1,2061,exited,2,111.0,2.8284271247461903,2.0,,,2,0,0
Uncapped,2034,China,EB-2,2061,exited,2,842.0,16.97056274847714,11.999999999999998,,,2,0,0
Uncapped,2034,China,EB-3,2061,exited,2,880.0,93.33809511662427,66.0,,,2,0,0
Uncapped,2034,China,EB-4,2061,exited,2,37.5,3.5355339059327378,2.5,,,2,0,0
Uncapped,2034,China,EB-5,2061,exited,2,69.5,0.7071067811865476,0.5,,,2,0,0
Uncapped,2034,ROW,EB-1,2061,exited,2,524.5,20.506096654409877,14.499999999999998,,,2,0,0
Uncapped,2034,ROW,EB-2,2061,exited,2,5317.0,79.19595949289332,55.99999999999999,,,2,0,0
Uncapped,2034,ROW,EB-3,2061,exited,2,6730.0,15.556349186104045,10.999999999999998,,,2,0,0
Uncapped,2034,ROW,EB-4,2061,exited,2,6137.5,0.7071067811865476,0.5,,,2,0,0
Uncapped,2034,ROW,EB-5,2061,exited,2,74.5,4.949747468305833,3.4999999999999996,,,2,0,0
Uncapped,2035,India,EB-1,2061,exited,2,205.0,32.526911934581186,23.0,,,2,0,0
Uncapped,2035,India,EB-2,2061,exited,2,5522.0,149.90663761154806,105.99999999999999,,,2,0,0
Uncapped,2035,India,EB-3,2061,exited,2,1266.0,8.48528137423857,5.999999999999999,,,2,0,0
Uncapped,2035,India,EB-4,2061,exited,2,442.0,8.48528137423857,5.999999999999999,,,2,0,0
Uncapped,2035,India,EB-5,2061,exited,2,26.0,2.8284271247461903,2.0,,,2,0,0
Uncapped,2035,China,EB-1,2061,exited,2,129.5,24.748737341529164,17.5,,,2,0,0
Uncapped,2035,China,EB-2,2061,exited,2,834.5,72.8319984622144,51.5,,,2,0,0
Uncapped,2035,China,EB-3,2061,exited,2,921.0,43.840620433565945,30.999999999999996,,,2,0,0
Uncapped,2035,China,EB-4,2061,exited,2,26.5,10.606601717798213,7.5,,,2,0,0
Uncapped,2035,China,EB-5,2061,exited,2,75.5,14.849242404917497,10.499999999999998,,,2,0,0
Uncapped,2035,ROW,EB-1,2061,exited,2,521.0,36.76955262170047,25.999999999999996,,,2,0,0
Uncapped,2035,ROW,EB-2,2061,exited,2,5166.0,22.627416997969522,16.0,,,2,0,0
Uncapped,2035,ROW,EB-3,2061,exited,2,7030.5,3.5355339059327378,2.5,,,2,0,0
Uncapped,2035,ROW,EB-4,2061,exited,2,6305.5,176.06958851545033,124.49999999999999,,,2,0,0
Uncapped,2035,ROW,EB-5,2061,exited,2,87.5,0.7071067811865476,0.5,,,2,0,0
Uncapped,2036,India,EB-1,2061,exited,2,183.0,5.656854249492381,4.0,,,2,0,0
Uncapped,2036,India,EB-2,2061,exited,2,5446.5,127.9863273947651,90.49999999999999,,,2,0,0
Uncapped,2036,India,EB-3,2061,exited,2,1320.0,82.02438661763951,57.99999999999999,,,2,0,0
Uncapped,2036,India,EB-4,2061,exited,2,479.5,2.1213203435596424,1.4999999999999998,,,2,0,0
Uncapped,2036,India,EB-5,2061,exited,2,24.0,8.48528137423857,5.999999999999999,,,2,0,0
Uncapped,2036,China,EB-1,2061,exited,2,133.0,4.242640687119285,2.9999999999999996,,,2,0,0
Uncapped,2036,China,EB-2,2061,exited,2,833.5,40.30508652763321,28.499999999999996,,,2,0,0
Uncapped,2036,China,EB-3,2061,exited,2,904.5,47.37615433949868,33.5,,,2,0,0
Uncapped,2036,China,EB-4,2061,exited,2,27.0,1.4142135623730951,1.0,,,2,0,0
Uncapped,2036,China,EB-5,2061,exited,2,70.0,1.4142135623730951,1.0,,,2,0,0
Uncapped,2036,ROW,EB-1,2061,exited,2,573.5,27.577164466275352,19.499999999999996,,,2,0,0
Uncapped,2036,ROW,EB-2,2061,exited,2,5378.0,128.69343417595164,90.99999999999999,,,2,0,0
Uncapped,2036,ROW,EB-3,2061,exited,2,6985.5,137.88582233137677,97.5,,,2,0,0
Uncapped,2036,ROW,EB-4,2061,exited,2,6227.5,149.19953083036154,105.5,,,2,0,0
Uncapped,2036,ROW,EB-5,2061,exited,2,78.5,4.949747468305833,3.4999999999999996,,,2,0,0
Uncapped,2037,India,EB-1,2061,exited,2,217.5,45.96194077712559,32.5,,,2,0,0
Uncapped,2037,India,EB-2,2061,exited,2,5337.0,65.05382386916237,46.0,,,2,0,0
Uncapped,2037,India,EB-3,2061,exited,2,1302.0,4.242640687119285,2.9999999999999996,,,2,0,0
Uncapped,2037,India,EB-4,2061,exited,2,490.5,3.5355339059327378,2.5,,,2,0,0
Uncapped,2037,India,EB-5,2061,exited,2,22.5,3.5355339059327378,2.5,,,2,0,0
Uncapped,2037,China,EB-1,2061,exited,2,128.5,9.192388155425117,6.499999999999999,,,2,0,0
Uncapped,2037,China,EB-2,2061,exited,2,849.0,5.656854249492381,4.0,,,2,0,0
Uncapped,2037,China,EB-3,2061,exited,2,922.5,77.07463914933368,54.49999999999999,,,2,0,0
Uncapped,2037,China,EB-4,2061,exited,2,38.0,14.142135623730951,10.0,,,2,0,0
Uncapped,2037,China,EB-5,2061,exited,2,67.5,0.7071067811865476,0.5,,,2,0,0
Uncapped,2037,ROW,EB-1,2061,exited,2,583.5,24.748737341529164,17.5,,,2,0,0
Uncapped,2037,ROW,EB-2,2061,exited,2,5189.0,69.29646455628166,49.0,,,2,0,0
Uncapped,2037,ROW,EB-3,2061,exited,2,6883.0,21.213203435596427,15.0,,,2,0,0
Uncapped,2037,ROW,EB-4,2061,exited,2,6167.0,28.284271247461902,20.0,,,2,0,0
Uncapped,2037,ROW,EB-5,2061,exited,2,78.5,6.363961030678928,4.5,,,2,0,0
Uncapped,2038,India,EB-1,2061,exited,2,209.0,36.76955262170047,25.999999999999996,,,2,0,0
Uncapped,2038,India,EB-2,2061,exited,2,5316.5,16.263455967290593,11.5,,,2,0,0
Uncapped,2038,India,EB-3,2061,exited,2,1276.0,43.840620433565945,30.999999999999996,,,2,0,0
Uncapped,2038,India,EB-4,2061,exited,2,464.5,4.949747468305833,3.4999999999999996,,,2,0,0
Uncapped,2038,India,EB-5,2061,exited,2,18.5,9.192388155425117,6.499999999999999,,,2,0,0
Uncapped,2038,China,EB-1,2061,exited,2,123.0,1.4142135623730951,1.0,,,2,0,0
Uncapped,2038,China,EB-2,2061,exited,2,831.0,56.568542494923804,40.0,,,2,0,0
Uncapped,2038,China,EB-3,2061,exited,2,954.5,36.062445840513924,25.499999999999996,,,2,0,0
Uncapped,2038,China,EB-4,2061,exited,2,22.0,2.8284271247461903,2.0,,,2,0,0
Uncapped,2038,China,EB-5,2061,exited,2,74.5,21.920310216782973,15.499999999999998,,,2,0,0
Uncapped,2038,ROW,EB-1,2061,exited,2,620.0,9.899494936611665,6.999999999999999,,,2,0,0
Uncapped,2038,ROW,EB-2,2061,exited,2,5391.5,65.76093065034893,46.5,,,2,0,0
Uncapped,2038,ROW,EB-3,2061,exited,2,7080.0,179.60512242138307,126.99999999999999,,,2,0,0
Uncapped,2038,ROW,EB-4,2061,exited,2,6151.5,82.73149339882606,58.49999999999999,,,2,0,0
Uncapped,2038,ROW,EB-5,2061,exited,2,74.0,24.041630560342615,16.999999999999996,,,2,0,0
Uncapped,2039,India,EB-1,2061,exited,2,223.0,11.313708498984761,8.0,,,2,0,0
Uncapped,2039,India,EB-2,2061,exited,2,5376.0,7.0710678118654755,5.0,,,2,0,0
Uncapped,2039,India,EB-3,2061,exited,2,1319.5,41.71930009000631,29.5,,,2,0,0
Uncapped,2039,India,EB-4,2061,exited,2,475.0,18.384776310850235,12.999999999999998,,,2,0,0
Uncapped,2039,India,EB-5,2061,exited,2,21.5,0.7071067811865476,0.5,,,2,0,0
Uncapped,2039,China,EB-1,2061,exited,2,134.5,6.363961030678928,4.5,,,2,0,0
Uncapped,2039,China,EB-2,2061,exited,2,852.0,2.8284271247461903,2.0,,,2,0,0
Uncapped,2039,China,EB-3,2061,exited,2,940.0,80.61017305526642,56.99999999999999,,,2,0,0
Uncapped,2039,China,EB-4,2061,exited,2,41.5,12.020815280171307,8.499999999999998,,,2,0,0
Uncapped,2039,China,EB-5,2061,exited,2,82.0,26.870057685088806,19.0,,,2,0,0
Uncapped,2039,ROW,EB-1,2061,exited,2,660.5,14.849242404917497,10.499999999999998,,,2,0,0
Uncapped,2039,ROW,EB-2,2061,exited,2,5468.0,32.526911934581186,23.0,,,2,0,0
Uncapped,2039,ROW,EB-3,2061,exited,2,7230.0,206.47518010647187,145.99999999999997,,,2,0,0
Uncapped,2039,ROW,EB-4,2061,exited,2,6112.5,28.991378028648448,20.5,,,2,0,0
Uncapped,2039,ROW,EB-5,2061,exited,2,68.5,3.5355339059327378,2.5,,,2,0,0
Uncapped,2040,India,EB-1,2061,exited,2,259.5,13.435028842544403,9.5,,,2,0,0
Uncapped,2040,India,EB-2,2061,exited,2,5371.0,77.78174593052023,55.0,,,2,0,0
Uncapped,2040,India,EB-3,2061,exited,2,1351.5,12.020815280171307,8.499999999999998,,,2,0,0
Uncapped,2040,India,EB-4,2061,exited,2,474.0,8.48528137423857,5.999999999999999,,,2,0,0
Uncapped,2040,India,EB-5,2061,exited,2,22.5,4.949747468305833,3.4999999999999996,,,2,0,0
Uncapped,2040,China,EB-1,2061,exited,2,126.5,9.192388155425117,6.499999999999999,,,2,0,0
Uncapped,2040,China,EB-2,2061,exited,2,878.5,4.949747468305833,3.4999999999999996,,,2,0,0
Uncapped,2040,China,EB-3,2061,exited,2,958.0,12.727922061357855,9.0,,,2,0,0
Uncapped,2040,China,EB-4,2061,exited,2,26.0,7.0710678118654755,5.0,,,2,0,0
Uncapped,2040,China,EB-5,2061,exited,2,68.0,2.8284271247461903,2.0,,,2,0,0
Uncapped,2040,ROW,EB-1,2061,exited,2,668.0,67.88225099390856,47.99999999999999,,,2,0,0
Uncapped,2040,ROW,EB-2,2061,exited,2,5298.5,161.92745289171938,114.49999999999999,,,2,0,0
Uncapped,2040,ROW,EB-3,2061,exited,2,7323.5,45.96194077712559,32.5,,,2,0,0
Uncapped,2040,ROW,EB-4,2061,exited,2,6249.0,65.05382386916237,46.0,,,2,0,0
Uncapped,2040,ROW,EB-5,2061,exited,2,73.5,4.949747468305833,3.4999999999999996,,,2,0,0
Capped,2009,India,EB-1,2061,exited,2,0.0,0.0,0.0,,,0,2,0
Capped,2009,India,EB-2,2061,exited,2,161.0,24.041630560342615,16.999999999999996,,,2,0,0
Capped,2009,India,EB-3,2061,exited,2,10476.0,32.526911934581186,23.0,,,2,0,0
Capped,2009,India,EB-4,2061,exited,2,0.0,0.0,0.0,,,0,2,0
Capped,2009,India,EB-5,2061,exited,2,0.0,0.0,0.0,,,0,2,0
Capped,2009,China,EB-1,2061,exited,2,0.0,0.0,0.0,,,0,2,0
Capped,2009,China,EB-2,2061,exited,2,76.0,4.242640687119285,2.9999999999999996,,,2,0,0
Capped,2009,China,EB-3,2061,exited,2,2486.0,137.17871555019022,97.0,,,2,0,0
Capped,2009,China,EB-4,2061,exited,2,0.0,0.0,0.0,,,0,2,0
Capped,2009,China,EB-5,2061,exited,2,0.0,0.0,0.0,,,0,2,0
Capped,2009,ROW,EB-1,2061,exited,2,0.0,0.0,0.0,,,0,2,0
Capped,2009,ROW,EB-2,2061,exited,2,0.0,0.0,0.0,,,0,2,0
Capped,2009,ROW,EB-3,2061,exited,2,3289.5,53.033008588991066,37.5,,,2,0,0
Capped,2009,ROW,EB-4,2061,exited,2,1.5,2.1213203435596424,1.4999999999999998,,,1,1,0
Capped,2009,ROW,EB-5,2061,exited,2,0.0,0.0,0.0,,,0,2,0
Capped,2010,India,EB-1,2061,exited,2,0.0,0.0,0.0,,,0,2,0
Capped,2010,India,EB-2,2061,exited,2,379.5,9.192388155425117,6.499999999999999,,,2,0,0
Capped,2010,India,EB-3,2061,exited,2,1029.0,32.526911934581186,23.0,,,2,0,0
Capped,2010,India,EB-4,2061,exited,2,0.0,0.0,0.0,,,0,2,0
Capped,2010,India,EB-5,2061,exited,2,0.0,0.0,0.0,,,0,2,0
Capped,2010,China,EB-1,2061,exited,2,0.0,0.0,0.0,,,0,2,0
Capped,2010,China,EB-2,2061,exited,2,47.5,2.1213203435596424,1.4999999999999998,,,2,0,0
Capped,2010,China,EB-3,2061,exited,2,74.0,15.556349186104045,10.999999999999998,,,2,0,0
Capped,2010,China,EB-4,2061,exited,2,0.0,0.0,0.0,,,0,2,0
Capped,2010,China,EB-5,2061,exited,2,0.0,0.0,0.0,,,0,2,0
Capped,2010,ROW,EB-1,2061,exited,2,0.0,0.0,0.0,,,0,2,0
Capped,2010,ROW,EB-2,2061,exited,2,2.5,0.7071067811865476,0.5,,,2,0,0
Capped,2010,ROW,EB-3,2061,exited,2,773.5,30.405591591021544,21.5,,,2,0,0
Capped,2010,ROW,EB-4,2061,exited,2,38.0,7.0710678118654755,5.0,,,2,0,0
Capped,2010,ROW,EB-5,2061,exited,2,0.0,0.0,0.0,,,0,2,0
Capped,2011,India,EB-1,2061,exited,2,0.0,0.0,0.0,,,0,2,0
Capped,2011,India,EB-2,2061,exited,2,1472.5,16.263455967290593,11.5,,,2,0,0
Capped,2011,India,EB-3,2061,exited,2,1109.0,28.284271247461902,20.0,,,2,0,0
Capped,2011,India,EB-4,2061,exited,2,4.5,4.949747468305833,3.4999999999999996,,,2,0,0
Capped,2011,India,EB-5,2061,exited,2,0.0,0.0,0.0,,,0,2,0
Capped,2011,China,EB-1,2061,exited,2,0.0,0.0,0.0,,,0,2,0
Capped,2011,China,EB-2,2061,exited,2,80.5,17.67766952966369,12.5,,,2,0,0
Capped,2011,China,EB-3,2061,exited,2,56.0,5.656854249492381,4.0,,,2,0,0
Capped,2011,China,EB-4,2061,exited,2,0.5,0.7071067811865476,0.5,,,1,1,0
Capped,2011,China,EB-5,2061,exited,2,0.0,0.0,0.0,,,0,2,0
Capped,2011,ROW,EB-1,2061,exited,2,0.0,0.0,0.0,,,0,2,0
Capped,2011,ROW,EB-2,2061,exited,2,44.5,14.849242404917497,10.499999999999998,,,2,0,0
Capped,2011,ROW,EB-3,2061,exited,2,541.5,19.091883092036785,13.5,,,2,0,0
Capped,2011,ROW,EB-4,2061,exited,2,191.5,14.849242404917497,10.499999999999998,,,2,0,0
Capped,2011,ROW,EB-5,2061,exited,2,0.0,0.0,0.0,,,0,2,0
Capped,2012,India,EB-1,2061,exited,2,0.0,0.0,0.0,,,0,2,0
Capped,2012,India,EB-2,2061,exited,2,1608.0,14.142135623730951,10.0,,,2,0,0
Capped,2012,India,EB-3,2061,exited,2,661.5,28.991378028648448,20.5,,,2,0,0
Capped,2012,India,EB-4,2061,exited,2,22.5,3.5355339059327378,2.5,,,2,0,0
Capped,2012,India,EB-5,2061,exited,2,0.0,0.0,0.0,,,0,2,0
Capped,2012,China,EB-1,2061,exited,2,0.0,0.0,0.0,,,0,2,0
Capped,2012,China,EB-2,2061,exited,2,101.5,4.949747468305833,3.4999999999999996,,,2,0,0
Capped,2012,China,EB-3,2061,exited,2,48.0,0.0,0.0,,,2,0,0
Capped,2012,China,EB-4,2061,exited,2,1.0,1.4142135623730951,1.0,,,1,1,0
Capped,2012,China,EB-5,2061,exited,2,0.0,0.0,0.0,,,0,2,0
Capped,2012,ROW,EB-1,2061,exited,2,0.0,0.0,0.0,,,0,2,0
Capped,2012,ROW,EB-2,2061,exited,2,44.0,14.142135623730951,10.0,,,2,0,0
Capped,2012,ROW,EB-3,2061,exited,2,253.0,9.899494936611665,6.999999999999999,,,2,0,0
Capped,2012,ROW,EB-4,2061,exited,2,658.5,44.54772721475249,31.499999999999996,,,2,0,0
Capped,2012,ROW,EB-5,2061,exited,2,0.0,0.0,0.0,,,0,2,0
Capped,2013,India,EB-1,2061,exited,2,0.0,0.0,0.0,,,0,2,0
Capped,2013,India,EB-2,2061,exited,2,1669.5,43.1335136523794,30.499999999999996,,,2,0,0
Capped,2013,India,EB-3,2061,exited,2,561.5,12.020815280171307,8.499999999999998,,,2,0,0
Capped,2013,India,EB-4,2061,exited,2,89.0,11.313708498984761,8.0,,,2,0,0
Capped,2013,India,EB-5,2061,exited,2,0.0,0.0,0.0,,,0,2,0
Capped,2013,China,EB-1,2061,exited,2,0.0,0.0,0.0,,,0,2,0
Capped,2013,China,EB-2,2061,exited,2,79.0,5.656854249492381,4.0,,,2,0,0
Capped,2013,China,EB-3,2061,exited,2,40.0,4.242640687119285,2.9999999999999996,,,2,0,0
Capped,2013,China,EB-4,2061,exited,2,3.0,0.0,0.0,,,2,0,0
Capped,2013,China,EB-5,2061,exited,2,0.0,0.0,0.0,,,0,2,0
Capped,2013,ROW,EB-1,2061,exited,2,0.0,0.0,0.0,,,0,2,0
Capped,2013,ROW,EB-2,2061,exited,2,0.0,0.0,0.0,,,0,2,0
Capped,2013,ROW,EB-3,2061,exited,2,161.5,6.363961030678928,4.5,,,2,0,0
Capped,2013,ROW,EB-4,2061,exited,2,2203.0,42.42640687119285,30.0,,,2,0,0
Capped,2013,ROW,EB-5,2061,exited,2,0.0,0.0,0.0,,,0,2,0
Capped,2014,India,EB-1,2061,exited,2,0.5,0.7071067811865476,0.5,,,1,1,0
Capped,2014,India,EB-2,2061,exited,2,3276.0,2.8284271247461903,2.0,,,2,0,0
Capped,2014,India,EB-3,2061,exited,2,628.0,38.18376618407357,27.0,,,2,0,0
Capped,2014,India,EB-4,2061,exited,2,88.5,19.091883092036785,13.5,,,2,0,0
Capped,2014,India,EB-5,2061,exited,2,0.0,0.0,0.0,,,0,2,0
Capped,2014,China,EB-1,2061,exited,2,0.5,0.7071067811865476,0.5,,,1,1,0
Capped,2014,China,EB-2,2061,exited,2,113.5,3.5355339059327378,2.5,,,2,0,0
Capped,2014,China,EB-3,2061,exited,2,401.5,34.64823227814083,24.5,,,2,0,0
Capped,2014,China,EB-4,2061,exited,2,2.5,2.1213203435596424,1.4999999999999998,,,2,0,0
Capped,2014,China,EB-5,2061,exited,2,5.0,4.242640687119285,2.9999999999999996,,,2,0,0
Capped,2014,ROW,EB-1,2061,exited,2,0.0,0.0,0.0,,,0,2,0
Capped,2014,ROW,EB-2,2061,exited,2,7.5,0.7071067811865476,0.5,,,2,0,0
Capped,2014,ROW,EB-3,2061,exited,2,106.5,12.020815280171307,8.499999999999998,,,2,0,0
Capped,2014,ROW,EB-4,2061,exited,2,2607.0,29.698484809834994,20.999999999999996,,,2,0,0
Capped,2014,ROW,EB-5,2061,exited,2,0.0,0.0,0.0,,,0,2,0
Capped,2015,India,EB-1,2061,exited,2,17.5,3.5355339059327378,2.5,,,2,0,0
Capped,2015,India,EB-2,2061,exited,2,4405.0,69.29646455628166,49.0,,,2,0,0
Capped,2015,India,EB-3,2061,exited,2,986.5,44.54772721475249,31.499999999999996,,,2,0,0
Capped,2015,India,EB-4,2061,exited,2,225.0,7.0710678118654755,5.0,,,2,0,0
Capped,2015,India,EB-5,2061,exited,2,0.0,0.0,0.0,,,0,2,0
Capped,2015,China,EB-1,2061,exited,2,4.5,0.7071067811865476,0.5,,,2,0,0
Capped,2015,China,EB-2,2061,exited,2,164.0,2.8284271247461903,2.0,,,2,0,0
Capped,2015,China,EB-3,2061,exited,2,125.5,9.192388155425117,6.499999999999999,,,2,0,0
Capped,2015,China,EB-4,2061,exited,2,0.0,0.0,0.0,,,0,2,0
Capped,2015,China,EB-5,2061,exited,2,48.0,8.48528137423857,5.999999999999999,,,2,0,0
Capped,2015,ROW,EB-1,2061,exited,2,0.0,0.0,0.0,,,0,2,0
Capped,2015,ROW,EB-2,2061,exited,2,40.5,3.5355339059327378,2.5,,,2,0,0
Capped,2015,ROW,EB-3,2061,exited,2,154.0,2.8284271247461903,2.0,,,2,0,0
Capped,2015,ROW,EB-4,2061,exited,2,4100.5,2.1213203435596424,1.4999999999999998,,,2,0,0
Capped,2015,ROW,EB-5,2061,exited,2,0.0,0.0,0.0,,,0,2,0
Capped,2016,India,EB-1,2061,exited,2,31.5,12.020815280171307,8.499999999999998,,,2,0,0
Capped,2016,India,EB-2,2061,exited,2,6517.5,17.67766952966369,12.5,,,2,0,0
Capped,2016,India,EB-3,2061,exited,2,1619.0,73.53910524340094,51.99999999999999,,,2,0,0
Capped,2016,India,EB-4,2061,exited,2,169.0,22.627416997969522,16.0,,,2,0,0
Capped,2016,India,EB-5,2061,exited,2,1.5,2.1213203435596424,1.4999999999999998,,,1,1,0
Capped,2016,China,EB-1,2061,exited,2,19.5,2.1213203435596424,1.4999999999999998,,,2,0,0
Capped,2016,China,EB-2,2061,exited,2,226.5,2.1213203435596424,1.4999999999999998,,,2,0,0
Capped,2016,China,EB-3,2061,exited,2,356.5,37.476659402887016,26.499999999999996,,,2,0,0
Capped,2016,China,EB-4,2061,exited,2,0.0,0.0,0.0,,,0,2,0
Capped,2016,China,EB-5,2061,exited,2,136.5,16.263455967290593,11.5,,,2,0,0
Capped,2016,ROW,EB-1,2061,exited,2,16.0,2.8284271247461903,2.0,,,2,0,0
Capped,2016,ROW,EB-2,2061,exited,2,120.5,24.748737341529164,17.5,,,2,0,0
Capped,2016,ROW,EB-3,2061,exited,2,194.5,9.192388155425117,6.499999999999999,,,2,0,0
Capped,2016,ROW,EB-4,2061,exited,2,4380.5,47.37615433949868,33.5,,,2,0,0
Capped,2016,ROW,EB-5,2061,exited,2,0.0,0.0,0.0,,,0,2,0
Capped,2017,India,EB-1,2061,exited,2,77.0,8.48528137423857,5.999999999999999,,,2,0,0
Capped,2017,India,EB-2,2061,exited,2,5834.5,53.033008588991066,37.5,,,2,0,0
Capped,2017,India,EB-3,2061,exited,2,1419.5,58.68986283848344,41.49999999999999,,,2,0,0
Capped,2017,India,EB-4,2061,exited,2,138.5,21.920310216782973,15.499999999999998,,,2,0,0
Capped,2017,India,EB-5,2061,exited,2,7.5,0.7071067811865476,0.5,,,2,0,0
Capped,2017,China,EB-1,2061,exited,2,34.0,5.656854249492381,4.0,,,2,0,0
Capped,2017,China,EB-2,2061,exited,2,234.0,1.4142135623730951,1.0,,,2,0,0
Capped,2017,China,EB-3,2061,exited,2,449.0,38.18376618407357,27.0,,,2,0,0
Capped,2017,China,EB-4,2061,exited,2,0.0,0.0,0.0,,,0,2,0
Capped,2017,China,EB-5,2061,exited,2,258.5,38.890872965260115,27.5,,,2,0,0
Capped,2017,ROW,EB-1,2061,exited,2,49.0,7.0710678118654755,5.0,,,2,0,0
Capped,2017,ROW,EB-2,2061,exited,2,160.0,2.8284271247461903,2.0,,,2,0,0
Capped,2017,ROW,EB-3,2061,exited,2,248.0,22.627416997969522,16.0,,,2,0,0
Capped,2017,ROW,EB-4,2061,exited,2,3319.5,95.45941546018392,67.5,,,2,0,0
Capped,2017,ROW,EB-5,2061,exited,2,0.0,0.0,0.0,,,0,2,0
Capped,2018,India,EB-1,2061,exited,2,89.0,2.8284271247461903,2.0,,,2,0,0
Capped,2018,India,EB-2,2061,exited,2,5515.5,57.27564927611035,40.5,,,2,0,0
Capped,2018,India,EB-3,2061,exited,2,1291.5,31.81980515339464,22.5,,,2,0,0
Capped,2018,India,EB-4,2061,exited,2,93.0,7.0710678118654755,5.0,,,2,0,0
Capped,2018,India,EB-5,2061,exited,2,18.0,12.727922061357855,9.0,,,2,0,0
Capped,2018,China,EB-1,2061,exited,2,39.0,0.0,0.0,,,2,0,0
Capped,2018,China,EB-2,2061,exited,2,378.0,8.48528137423857,5.999999999999999,,,2,0,0
Capped,2018,China,EB-3,2061,exited,2,448.5,21.920310216782973,15.499999999999998,,,2,0,0
Capped,2018,China,EB-4,2061,exited,2,0.0,0.0,0.0,,,0,2,0
Capped,2018,China,EB-5,2061,exited,2,466.5,3.5355339059327378,2.5,,,2,0,0
Capped,2018,ROW,EB-1,2061,exited,2,65.5,7.7781745930520225,5.499999999999999,,,2,0,0
Capped,2018,ROW,EB-2,2061,exited,2,199.0,19.79898987322333,13.999999999999998,,,2,0,0
Capped,2018,ROW,EB-3,2061,exited,2,362.5,3.5355339059327378,2.5,,,2,0,0
Capped,2018,ROW,EB-4,2061,exited,2,2750.0,53.74011537017761,38.0,,,2,0,0
Capped,2018,ROW,EB-5,2061,exited,2,0.0,0.0,0.0,,,0,2,0
Capped,2019,India,EB-1,2061,exited,2,67.5,14.849242404917497,10.499999999999998,,,2,0,0
Capped,2019,India,EB-2,2061,exited,2,5997.0,42.42640687119285,30.0,,,2,0,0
Capped,2019,India,EB-3,2061,exited,2,1776.5,60.10407640085654,42.5,,,2,0,0
Capped,2019,India,EB-4,2061,exited,2,142.5,19.091883092036785,13.5,,,2,0,0
Capped,2019,India,EB-5,2061,exited,2,11.0,8.48528137423857,5.999999999999999,,,2,0,0
Capped,2019,China,EB-1,2061,exited,2,31.0,0.0,0.0,,,2,0,0
Capped,2019,China,EB-2,2061,exited,2,555.5,26.16295090390226,18.5,,,2,0,0
Capped,2019,China,EB-3,2061,exited,2,422.5,4.949747468305833,3.4999999999999996,,,2,0,0
Capped,2019,China,EB-4,2061,exited,2,0.0,0.0,0.0,,,0,2,0
Capped,2019,China,EB-5,2061,exited,2,136.0,2.8284271247461903,2.0,,,2,0,0
Capped,2019,ROW,EB-1,2061,exited,2,40.5,7.7781745930520225,5.499999999999999,,,2,0,0
Capped,2019,ROW,EB-2,2061,exited,2,358.5,36.062445840513924,25.499999999999996,,,2,0,0
Capped,2019,ROW,EB-3,2061,exited,2,668.0,38.18376618407357,27.0,,,2,0,0
Capped,2019,ROW,EB-4,2061,exited,2,3868.0,38.18376618407357,27.0,,,2,0,0
Capped,2019,ROW,EB-5,2061,exited,2,0.0,0.0,0.0,,,0,2,0
Capped,2020,India,EB-1,2061,exited,2,49.5,7.7781745930520225,5.499999999999999,,,2,0,0
Capped,2020,India,EB-2,2061,exited,2,4916.0,45.254833995939045,32.0,,,2,0,0
Capped,2020,India,EB-3,2061,exited,2,1392.5,16.263455967290593,11.5,,,2,0,0
Capped,2020,India,EB-4,2061,exited,2,149.5,40.30508652763321,28.499999999999996,,,2,0,0
Capped,2020,India,EB-5,2061,exited,2,7.5,0.7071067811865476,0.5,,,2,0,0
Capped,2020,China,EB-1,2061,exited,2,19.5,2.1213203435596424,1.4999999999999998,,,2,0,0
Capped,2020,China,EB-2,2061,exited,2,647.5,2.1213203435596424,1.4999999999999998,,,2,0,0
Capped,2020,China,EB-3,2061,exited,2,513.5,40.30508652763321,28.499999999999996,,,2,0,0
Capped,2020,China,EB-4,2061,exited,2,0.0,0.0,0.0,,,0,2,0
Capped,2020,China,EB-5,2061,exited,2,80.0,21.213203435596427,15.0,,,2,0,0
Capped,2020,ROW,EB-1,2061,exited,2,0.0,0.0,0.0,,,0,2,0
Capped,2020,ROW,EB-2,2061,exited,2,393.5,7.7781745930520225,5.499999999999999,,,2,0,0
Capped,2020,ROW,EB-3,2061,exited,2,724.5,9.192388155425117,6.499999999999999,,,2,0,0
Capped,2020,ROW,EB-4,2061,exited,2,4052.0,38.18376618407357,27.0,,,2,0,0
Capped,2020,ROW,EB-5,2061,exited,2,0.0,0.0,0.0,,,0,2,0
Capped,2021,India,EB-1,2061,exited,2,45.5,4.949747468305833,3.4999999999999996,,,2,0,0
Capped,2021,India,EB-2,2061,exited,2,5262.0,7.0710678118654755,5.0,,,2,0,0
Capped,2021,India,EB-3,2061,exited,2,7695.0,11.313708498984761,8.0,,,2,0,0
Capped,2021,India,EB-4,2061,exited,2,146.0,16.97056274847714,11.999999999999998,,,2,0,0
Capped,2021,India,EB-5,2061,exited,2,5.5,3.5355339059327378,2.5,,,2,0,0
Capped,2021,China,EB-1,2061,exited,2,27.0,0.0,0.0,,,2,0,0
Capped,2021,China,EB-2,2061,exited,2,628.0,32.526911934581186,23.0,,,2,0,0
Capped,2021,China,EB-3,2061,exited,2,1239.5,24.748737341529164,17.5,,,2,0,0
Capped,2021,China,EB-4,2061,exited,2,0.0,0.0,0.0,,,0,2,0
Capped,2021,China,EB-5,2061,exited,2,76.0,7.0710678118654755,5.0,,,2,0,0
Capped,2021,ROW,EB-1,2061,exited,2,0.0,0.0,0.0,,,0,2,0
Capped,2021,ROW,EB-2,2061,exited,2,372.5,43.1335136523794,30.499999999999996,,,2,0,0
Capped,2021,ROW,EB-3,2061,exited,2,636.5,13.435028842544403,9.5,,,2,0,0
Capped,2021,ROW,EB-4,2061,exited,2,5001.5,60.10407640085654,42.5,,,2,0,0
Capped,2021,ROW,EB-5,2061,exited,2,2.5,0.7071067811865476,0.5,,,2,0,0
Capped,2022,India,EB-1,2061,exited,2,65.5,9.192388155425117,6.499999999999999,,,2,0,0
Capped,2022,India,EB-2,2061,exited,2,6356.5,146.37110370561533,103.49999999999999,,,2,0,0
Capped,2022,India,EB-3,2061,exited,2,2719.5,65.76093065034893,46.5,,,2,0,0
Capped,2022,India,EB-4,2061,exited,2,342.0,19.79898987322333,13.999999999999998,,,2,0,0
Capped,2022,India,EB-5,2061,exited,2,2.5,3.5355339059327378,2.5,,,1,1,0
Capped,2022,China,EB-1,2061,exited,2,32.0,1.4142135623730951,1.0,,,2,0,0
Capped,2022,China,EB-2,2061,exited,2,686.5,19.091883092036785,13.5,,,2,0,0
Capped,2022,China,EB-3,2061,exited,2,476.0,1.4142135623730951,1.0,,,2,0,0
Capped,2022,China,EB-4,2061,exited,2,0.0,0.0,0.0,,,0,2,0
Capped,2022,China,EB-5,2061,exited,2,19.5,17.67766952966369,12.5,,,2,0,0
Capped,2022,ROW,EB-1,2061,exited,2,0.0,0.0,0.0,,,0,2,0
Capped,2022,ROW,EB-2,2061,exited,2,465.5,10.606601717798213,7.5,,,2,0,0
Capped,2022,ROW,EB-3,2061,exited,2,875.0,48.08326112068523,33.99999999999999,,,2,0,0
Capped,2022,ROW,EB-4,2061,exited,2,8571.0,103.23759005323593,72.99999999999999,,,2,0,0
Capped,2022,ROW,EB-5,2061,exited,2,0.0,0.0,0.0,,,0,2,0
Capped,2023,India,EB-1,2061,exited,2,125.5,0.7071067811865476,0.5,,,2,0,0
Capped,2023,India,EB-2,2061,exited,2,5464.5,9.192388155425117,6.499999999999999,,,2,0,0
Capped,2023,India,EB-3,2061,exited,2,2045.5,14.849242404917497,10.499999999999998,,,2,0,0
Capped,2023,India,EB-4,2061,exited,2,407.0,33.94112549695428,23.999999999999996,,,2,0,0
Capped,2023,India,EB-5,2061,exited,2,9.5,2.1213203435596424,1.4999999999999998,,,2,0,0
Capped,2023,China,EB-1,2061,exited,2,66.5,7.7781745930520225,5.499999999999999,,,2,0,0
Capped,2023,China,EB-2,2061,exited,2,863.0,52.32590180780452,37.0,,,2,0,0
Capped,2023,China,EB-3,2061,exited,2,422.0,2.8284271247461903,2.0,,,2,0,0
Capped,2023,China,EB-4,2061,exited,2,0.0,0.0,0.0,,,0,2,0
Capped,2023,China,EB-5,2061,exited,2,36.0,8.48528137423857,5.999999999999999,,,2,0,0
Capped,2023,ROW,EB-1,2061,exited,2,0.0,0.0,0.0,,,0,2,0
Capped,2023,ROW,EB-2,2061,exited,2,744.5,62.932503525602726,44.49999999999999,,,2,0,0
Capped,2023,ROW,EB-3,2061,exited,2,1766.5,7.7781745930520225,5.499999999999999,,,2,0,0
Capped,2023,ROW,EB-4,2061,exited,2,5701.0,9.899494936611665,6.999999999999999,,,2,0,0
Capped,2023,ROW,EB-5,2061,exited,2,0.0,0.0,0.0,,,0,2,0
Capped,2024,India,EB-1,2061,exited,2,153.5,10.606601717798213,7.5,,,2,0,0
Capped,2024,India,EB-2,2061,exited,2,5411.5,3.5355339059327378,2.5,,,2,0,0
Capped,2024,India,EB-3,2061,exited,2,1634.5,37.476659402887016,26.499999999999996,,,2,0,0
Capped,2024,India,EB-4,2061,exited,2,359.0,36.76955262170047,25.999999999999996,,,2,0,0
Capped,2024,India,EB-5,2061,exited,2,25.0,1.4142135623730951,1.0,,,2,0,0
Capped,2024,China,EB-1,2061,exited,2,91.0,12.727922061357855,9.0,,,2,0,0
Capped,2024,China,EB-2,2061,exited,2,865.5,45.96194077712559,32.5,,,2,0,0
Capped,2024,China,EB-3,2061,exited,2,901.5,33.23401871576773,23.499999999999996,,,2,0,0
Capped,2024,China,EB-4,2061,exited,2,0.0,0.0,0.0,,,0,2,0
Capped,2024,China,EB-5,2061,exited,2,74.5,21.920310216782973,15.499999999999998,,,2,0,0
Capped,2024,ROW,EB-1,2061,exited,2,0.0,0.0,0.0,,,0,2,0
Capped,2024,ROW,EB-2,2061,exited,2,737.0,8.48528137423857,5.999999999999999,,,2,0,0
Capped,2024,ROW,EB-3,2061,exited,2,2057.5,79.90306627407988,56.5,,,2,0,0
Capped,2024,ROW,EB-4,2061,exited,2,6215.5,55.86143571373726,39.5,,,2,0,0
Capped,2024,ROW,EB-5,2061,exited,2,0.0,0.0,0.0,,,0,2,0
Capped,2025,India,EB-1,2061,exited,2,169.5,2.1213203435596424,1.4999999999999998,,,2,0,0
Capped,2025,India,EB-2,2061,exited,2,5430.0,57.982756057296896,41.0,,,2,0,0
Capped,2025,India,EB-3,2061,exited,2,1602.0,1.4142135623730951,1.0,,,2,0,0
Capped,2025,India,EB-4,2061,exited,2,391.5,9.192388155425117,6.499999999999999,,,2,0,0
Capped,2025,India,EB-5,2061,exited,2,24.5,3.5355339059327378,2.5,,,2,0,0
Capped,2025,China,EB-1,2061,exited,2,121.0,19.79898987322333,13.999999999999998,,,2,0,0
Capped,2025,China,EB-2,2061,exited,2,841.0,18.384776310850235,12.999999999999998,,,2,0,0
Capped,2025,China,EB-3,2061,exited,2,981.0,8.48528137423857,5.999999999999999,,,2,0,0
Capped,2025,China,EB-4,2061,exited,2,0.0,0.0,0.0,,,0,2,0
Capped,2025,China,EB-5,2061,exited,2,91.0,11.313708498984761,8.0,,,2,0,0
Capped,2025,ROW,EB-1,2061,exited,2,0.0,0.0,0.0,,,0,2,0
Capped,2025,ROW,EB-2,2061,exited,2,824.5,20.506096654409877,14.499999999999998,,,2,0,0
Capped,2025,ROW,EB-3,2061,exited,2,2450.5,37.476659402887016,26.499999999999996,,,2,0,0
Capped,2025,ROW,EB-4,2061,exited,2,6224.5,30.405591591021544,21.5,,,2,0,0
Capped,2025,ROW,EB-5,2061,exited,2,0.0,0.0,0.0,,,0,2,0
Capped,2026,India,EB-1,2061,exited,2,241.5,7.7781745930520225,5.499999999999999,,,2,0,0
Capped,2026,India,EB-2,2061,exited,2,5428.0,107.48023074035522,76.0,,,2,0,0
Capped,2026,India,EB-3,2061,exited,2,1635.0,62.22539674441618,43.99999999999999,,,2,0,0
Capped,2026,India,EB-4,2061,exited,2,367.5,24.748737341529164,17.5,,,2,0,0
Capped,2026,India,EB-5,2061,exited,2,28.5,3.5355339059327378,2.5,,,2,0,0
Capped,2026,China,EB-1,2061,exited,2,133.0,0.0,0.0,,,2,0,0
Capped,2026,China,EB-2,2061,exited,2,838.0,18.384776310850235,12.999999999999998,,,2,0,0
Capped,2026,China,EB-3,2061,exited,2,983.5,7.7781745930520225,5.499999999999999,,,2,0,0
Capped,2026,China,EB-4,2061,exited,2,0.0,0.0,0.0,,,0,2,0
Capped,2026,China,EB-5,2061,exited,2,95.0,7.0710678118654755,5.0,,,2,0,0
Capped,2026,ROW,EB-1,2061,exited,2,0.0,0.0,0.0,,,0,2,0
Capped,2026,ROW,EB-2,2061,exited,2,874.0,55.154328932550705,38.99999999999999,,,2,0,0
Capped,2026,ROW,EB-3,2061,exited,2,2817.0,103.23759005323593,72.99999999999999,,,2,0,0
Capped,2026,ROW,EB-4,2061,exited,2,6200.0,52.32590180780452,37.0,,,2,0,0
Capped,2026,ROW,EB-5,2061,exited,2,0.0,0.0,0.0,,,0,2,0
Capped,2027,India,EB-1,2061,exited,2,278.5,14.849242404917497,10.499999999999998,,,2,0,0
Capped,2027,India,EB-2,2061,exited,2,5449.0,101.82337649086284,72.0,,,2,0,0
Capped,2027,India,EB-3,2061,exited,2,1647.0,55.154328932550705,38.99999999999999,,,2,0,0
Capped,2027,India,EB-4,2061,exited,2,429.5,36.062445840513924,25.499999999999996,,,2,0,0
Capped,2027,India,EB-5,2061,exited,2,27.0,2.8284271247461903,2.0,,,2,0,0
Capped,2027,China,EB-1,2061,exited,2,160.0,2.8284271247461903,2.0,,,2,0,0
Capped,2027,China,EB-2,2061,exited,2,844.5,24.748737341529164,17.5,,,2,0,0
Capped,2027,China,EB-3,2061,exited,2,1035.5,30.405591591021544,21.5,,,2,0,0
Capped,2027,China,EB-4,2061,exited,2,0.0,0.0,0.0,,,0,2,0
Capped,2027,China,EB-5,2061,exited,2,107.5,6.363961030678928,4.5,,,2,0,0
Capped,2027,ROW,EB-1,2061,exited,2,0.0,0.0,0.0,,,0,2,0
Capped,2027,ROW,EB-2,2061,exited,2,882.0,32.526911934581186,23.0,,,2,0,0
Capped,2027,ROW,EB-3,2061,exited,2,3090.0,97.58073580374356,69.0,,,2,0,0
Capped,2027,ROW,EB-4,2061,exited,2,6179.0,60.81118318204309,43.0,,,2,0,0
Capped,2027,ROW,EB-5,2061,exited,2,0.0,0.0,0.0,,,0,2,0
Capped,2028,India,EB-1,2061,exited,2,285.5,9.192388155425117,6.499999999999999,,,2,0,0
Capped,2028,India,EB-2,2061,exited,2,5272.5,82.73149339882606,58.49999999999999,,,2,0,0
Capped,2028,India,EB-3,2061,exited,2,1566.0,53.74011537017761,38.0,,,2,0,0
Capped,2028,India,EB-4,2061,exited,2,443.5,20.506096654409877,14.499999999999998,,,2,0,0
Capped,2028,India,EB-5,2061,exited,2,37.5,2.1213203435596424,1.4999999999999998,,,2,0,0
Capped,2028,China,EB-1,2061,exited,2,160.5,20.506096654409877,14.499999999999998,,,2,0,0
Capped,2028,China,EB-2,2061,exited,2,792.5,12.020815280171307,8.499999999999998,,,2,0,0
Capped,2028,China,EB-3,2061,exited,2,1003.0,2.8284271247461903,2.0,,,2,0,0
Capped,2028,China,EB-4,2061,exited,2,0.0,0.0,0.0,,,0,2,0
Capped,2028,China,EB-5,2061,exited,2,95.5,4.949747468305833,3.4999999999999996,,,2,0,0
Capped,2028,ROW,EB-1,2061,exited,2,0.0,0.0,0.0,,,0,2,0
Capped,2028,ROW,EB-2,2061,exited,2,944.5,133.64318164425748,94.5,,,2,0,0
Capped,2028,ROW,EB-3,2061,exited,2,3385.5,81.31727983645297,57.5,,,2,0,0
Capped,2028,ROW,EB-4,2061,exited,2,6306.5,27.577164466275352,19.499999999999996,,,2,0,0
Capped,2028,ROW,EB-5,2061,exited,2,0.0,0.0,0.0,,,0,2,0
Capped,2029,India,EB-1,2061,exited,2,306.5,12.020815280171307,8.499999999999998,,,2,0,0
Capped,2029,India,EB-2,2061,exited,2,5453.0,50.91168824543142,36.0,,,2,0,0
Capped,2029,India,EB-3,2061,exited,2,1624.5,30.405591591021544,21.5,,,2,0,0
Capped,2029,India,EB-4,2061,exited,2,400.0,15.556349186104045,10.999999999999998,,,2,0,0
Capped,2029,India,EB-5,2061,exited,2,33.5,2.1213203435596424,1.4999999999999998,,,2,0,0
Capped,2029,China,EB-1,2061,exited,2,187.5,3.5355339059327378,2.5,,,2,0,0
Capped,2029,China,EB-2,2061,exited,2,821.0,45.254833995939045,32.0,,,2,0,0
Capped,2029,China,EB-3,2061,exited,2,1022.5,79.90306627407988,56.5,,,2,0,0
Capped,2029,China,EB-4,2061,exited,2,0.0,0.0,0.0,,,0,2,0
Capped,2029,China,EB-5,2061,exited,2,105.0,2.8284271247461903,2.0,,,2,0,0
Capped,2029,ROW,EB-1,2061,exited,2,0.0,0.0,0.0,,,0,2,0
Capped,2029,ROW,EB-2,2061,exited,2,1029.5,20.506096654409877,14.499999999999998,,,2,0,0
Capped,2029,ROW,EB-3,2061,exited,2,3645.0,18.384776310850235,12.999999999999998,,,2,0,0
Capped,2029,ROW,EB-4,2061,exited,2,6125.0,154.14927829866735,108.99999999999999,,,2,0,0
Capped,2029,ROW,EB-5,2061,exited,2,0.0,0.0,0.0,,,0,2,0
Capped,2030,India,EB-1,2061,exited,2,357.5,2.1213203435596424,1.4999999999999998,,,2,0,0
Capped,2030,India,EB-2,2061,exited,2,5423.0,0.0,0.0,,,2,0,0
Capped,2030,India,EB-3,2061,exited,2,1659.0,67.88225099390856,47.99999999999999,,,2,0,0
Capped,2030,India,EB-4,2061,exited,2,423.0,8.48528137423857,5.999999999999999,,,2,0,0
Capped,2030,India,EB-5,2061,exited,2,38.5,2.1213203435596424,1.4999999999999998,,,2,0,0
Capped,2030,China,EB-1,2061,exited,2,204.0,36.76955262170047,25.999999999999996,,,2,0,0
Capped,2030,China,EB-2,2061,exited,2,855.5,14.849242404917497,10.499999999999998,,,2,0,0
Capped,2030,China,EB-3,2061,exited,2,1032.5,28.991378028648448,20.5,,,2,0,0
Capped,2030,China,EB-4,2061,exited,2,0.0,0.0,0.0,,,0,2,0
Capped,2030,China,EB-5,2061,exited,2,88.5,0.7071067811865476,0.5,,,2,0,0
Capped,2030,ROW,EB-1,2061,exited,2,0.0,0.0,0.0,,,0,2,0
Capped,2030,ROW,EB-2,2061,exited,2,1161.0,35.35533905932738,25.0,,,2,0,0
Capped,2030,ROW,EB-3,2061,exited,2,3796.0,108.89444430272832,77.0,,,2,0,0
Capped,2030,ROW,EB-4,2061,exited,2,6140.5,62.932503525602726,44.49999999999999,,,2,0,0
Capped,2030,ROW,EB-5,2061,exited,2,0.0,0.0,0.0,,,0,2,0
Capped,2031,India,EB-1,2061,exited,2,374.5,26.16295090390226,18.5,,,2,0,0
Capped,2031,India,EB-2,2061,exited,2,5448.5,85.55992052357225,60.49999999999999,,,2,0,0
Capped,2031,India,EB-3,2061,exited,2,1615.5,21.920310216782973,15.499999999999998,,,2,0,0
Capped,2031,India,EB-4,2061,exited,2,423.0,39.59797974644666,27.999999999999996,,,2,0,0
Capped,2031,India,EB-5,2061,exited,2,39.5,14.849242404917497,10.499999999999998,,,2,0,0
Capped,2031,China,EB-1,2061,exited,2,221.5,0.7071067811865476,0.5,,,2,0,0
Capped,2031,China,EB-2,2061,exited,2,850.0,36.76955262170047,25.999999999999996,,,2,0,0
Capped,2031,China,EB-3,2061,exited,2,1036.0,38.18376618407357,27.0,,,2,0,0
Capped,2031,China,EB-4,2061,exited,2,0.0,0.0,0.0,,,0,2,0
Capped,2031,China,EB-5,2061,exited,2,101.0,12.727922061357855,9.0,,,2,0,0
Capped,2031,ROW,EB-1,2061,exited,2,0.0,0.0,0.0,,,0,2,0
Capped,2031,ROW,EB-2,2061,exited,2,1117.5,6.363961030678928,4.5,,,2,0,0
Capped,2031,ROW,EB-3,2061,exited,2,4137.5,14.849242404917497,10.499999999999998,,,2,0,0
Capped,2031,ROW,EB-4,2061,exited,2,6288.5,157.6848122046001,111.49999999999999,,,2,0,0
Capped,2031,ROW,EB-5,2061,exited,2,0.0,0.0,0.0,,,0,2,0
Capped,2032,India,EB-1,2061,exited,2,397.0,19.79898987322333,13.999999999999998,,,2,0,0
Capped,2032,India,EB-2,2061,exited,2,5467.5,68.58935777509511,48.5,,,2,0,0
Capped,2032,India,EB-3,2061,exited,2,1637.5,12.020815280171307,8.499999999999998,,,2,0,0
Capped,2032,India,EB-4,2061,exited,2,431.0,33.94112549695428,23.999999999999996,,,2,0,0
Capped,2032,India,EB-5,2061,exited,2,35.0,9.899494936611665,6.999999999999999,,,2,0,0
Capped,2032,China,EB-1,2061,exited,2,217.0,15.556349186104045,10.999999999999998,,,2,0,0
Capped,2032,China,EB-2,2061,exited,2,859.0,50.91168824543142,36.0,,,2,0,0
Capped,2032,China,EB-3,2061,exited,2,977.0,93.33809511662427,66.0,,,2,0,0
Capped,2032,China,EB-4,2061,exited,2,0.0,0.0,0.0,,,0,2,0
Capped,2032,China,EB-5,2061,exited,2,119.0,5.656854249492381,4.0,,,2,0,0
Capped,2032,ROW,EB-1,2061,exited,2,0.0,0.0,0.0,,,0,2,0
Capped,2032,ROW,EB-2,2061,exited,2,1226.0,65.05382386916237,46.0,,,2,0,0
Capped,2032,ROW,EB-3,2061,exited,2,4165.0,48.08326112068523,33.99999999999999,,,2,0,0
Capped,2032,ROW,EB-4,2061,exited,2,6156.0,168.2914139223983,118.99999999999999,,,2,0,0
Capped,2032,ROW,EB-5,2061,exited,2,0.0,0.0,0.0,,,0,2,0
Capped,2033,India,EB-1,2061,exited,2,501.0,36.76955262170047,25.999999999999996,,,2,0,0
Capped,2033,India,EB-2,2061,exited,2,5359.0,91.92388155425118,65.0,,,2,0,0
Capped,2033,India,EB-3,2061,exited,2,1668.0,11.313708498984761,8.0,,,2,0,0
Capped,2033,India,EB-4,2061,exited,2,449.0,22.627416997969522,16.0,,,2,0,0
Capped,2033,India,EB-5,2061,exited,2,36.5,2.1213203435596424,1.4999999999999998,,,2,0,0
Capped,2033,China,EB-1,2061,exited,2,260.5,19.091883092036785,13.5,,,2,0,0
Capped,2033,China,EB-2,2061,exited,2,860.0,36.76955262170047,25.999999999999996,,,2,0,0
Capped,2033,China,EB-3,2061,exited,2,1050.5,10.606601717798213,7.5,,,2,0,0
Capped,2033,China,EB-4,2061,exited,2,0.0,0.0,0.0,,,0,2,0
Capped,2033,China,EB-5,2061,exited,2,110.0,22.627416997969522,16.0,,,2,0,0
Capped,2033,ROW,EB-1,2061,exited,2,0.0,0.0,0.0,,,0,2,0
Capped,2033,ROW,EB-2,2061,exited,2,1197.5,26.16295090390226,18.5,,,2,0,0
Capped,2033,ROW,EB-3,2061,exited,2,4496.5,75.66042558696059,53.49999999999999,,,2,0,0
Capped,2033,ROW,EB-4,2061,exited,2,6249.0,91.92388155425118,65.0,,,2,0,0
Capped,2033,ROW,EB-5,2061,exited,2,0.0,0.0,0.0,,,0,2,0
Capped,2034,India,EB-1,2061,exited,2,518.0,2.8284271247461903,2.0,,,2,0,0
Capped,2034,India,EB-2,2061,exited,2,5440.5,94.04520189781083,66.5,,,2,0,0
Capped,2034,India,EB-3,2061,exited,2,1568.0,69.29646455628166,49.0,,,2,0,0
Capped,2034,India,EB-4,2061,exited,2,468.0,36.76955262170047,25.999999999999996,,,2,0,0
Capped,2034,India,EB-5,2061,exited,2,36.5,9.192388155425117,6.499999999999999,,,2,0,0
Capped,2034,China,EB-1,2061,exited,2,272.0,15.556349186104045,10.999999999999998,,,2,0,0
Capped,2034,China,EB-2,2061,exited,2,829.0,16.97056274847714,11.999999999999998,,,2,0,0
Capped,2034,China,EB-3,2061,exited,2,1031.0,83.43860018001261,59.0,,,2,0,0
Capped,2034,China,EB-4,2061,exited,2,0.0,0.0,0.0,,,0,2,0
Capped,2034,China,EB-5,2061,exited,2,132.5,14.849242404917497,10.499999999999998,,,2,0,0
Capped,2034,ROW,EB-1,2061,exited,2,0.0,0.0,0.0,,,0,2,0
Capped,2034,ROW,EB-2,2061,exited,2,1358.0,1.4142135623730951,1.0,,,2,0,0
Capped,2034,ROW,EB-3,2061,exited,2,4685.5,68.58935777509511,48.5,,,2,0,0
Capped,2034,ROW,EB-4,2061,exited,2,6248.0,29.698484809834994,20.999999999999996,,,2,0,0
Capped,2034,ROW,EB-5,2061,exited,2,0.0,0.0,0.0,,,0,2,0
Capped,2035,India,EB-1,2061,exited,2,530.5,40.30508652763321,28.499999999999996,,,2,0,0
Capped,2035,India,EB-2,2061,exited,2,5487.5,89.80256121069154,63.49999999999999,,,2,0,0
Capped,2035,India,EB-3,2061,exited,2,1592.0,14.142135623730951,10.0,,,2,0,0
Capped,2035,India,EB-4,2061,exited,2,444.5,0.7071067811865476,0.5,,,2,0,0
Capped,2035,India,EB-5,2061,exited,2,51.0,21.213203435596427,15.0,,,2,0,0
Capped,2035,China,EB-1,2061,exited,2,303.0,9.899494936611665,6.999999999999999,,,2,0,0
Capped,2035,China,EB-2,2061,exited,2,851.0,25.45584412271571,18.0,,,2,0,0
Capped,2035,China,EB-3,2061,exited,2,1037.0,59.39696961966999,41.99999999999999,,,2,0,0
Capped,2035,China,EB-4,2061,exited,2,0.0,0.0,0.0,,,0,2,0
Capped,2035,China,EB-5,2061,exited,2,122.5,13.435028842544403,9.5,,,2,0,0
Capped,2035,ROW,EB-1,2061,exited,2,0.0,0.0,0.0,,,0,2,0
Capped,2035,ROW,EB-2,2061,exited,2,1377.5,60.10407640085654,42.5,,,2,0,0
Capped,2035,ROW,EB-3,2061,exited,2,4706.0,111.72287142747452,79.0,,,2,0,0
Capped,2035,ROW,EB-4,2061,exited,2,6334.0,227.6883835420683,160.99999999999997,,,2,0,0
Capped,2035,ROW,EB-5,2061,exited,2,0.0,0.0,0.0,,,0,2,0
Capped,2036,India,EB-1,2061,exited,2,549.5,31.81980515339464,22.5,,,2,0,0
Capped,2036,India,EB-2,2061,exited,2,5440.5,85.55992052357225,60.49999999999999,,,2,0,0
Capped,2036,India,EB-3,2061,exited,2,1615.5,3.5355339059327378,2.5,,,2,0,0
Capped,2036,India,EB-4,2061,exited,2,470.0,16.97056274847714,11.999999999999998,,,2,0,0
Capped,2036,India,EB-5,2061,exited,2,42.5,14.849242404917497,10.499999999999998,,,2,0,0
Capped,2036,China,EB-1,2061,exited,2,297.5,14.849242404917497,10.499999999999998,,,2,0,0
Capped,2036,China,EB-2,2061,exited,2,841.5,4.949747468305833,3.4999999999999996,,,2,0,0
Capped,2036,China,EB-3,2061,exited,2,1033.0,60.81118318204309,43.0,,,2,0,0
Capped,2036,China,EB-4,2061,exited,2,0.0,0.0,0.0,,,0,2,0
Capped,2036,China,EB-5,2061,exited,2,132.0,26.870057685088806,19.0,,,2,0,0
Capped,2036,ROW,EB-1,2061,exited,2,0.0,0.0,0.0,,,0,2,0
Capped,2036,ROW,EB-2,2061,exited,2,1445.0,8.48528137423857,5.999999999999999,,,2,0,0
Capped,2036,ROW,EB-3,2061,exited,2,4991.5,163.3416664540925,115.5,,,2,0,0
Capped,2036,ROW,EB-4,2061,exited,2,6203.0,69.29646455628166,49.0,,,2,0,0
Capped,2036,ROW,EB-5,2061,exited,2,0.0,0.0,0.0,,,0,2,0
Capped,2037,India,EB-1,2061,exited,2,592.5,62.932503525602726,44.49999999999999,,,2,0,0
Capped,2037,India,EB-2,2061,exited,2,5415.5,6.363961030678928,4.5,,,2,0,0
Capped,2037,India,EB-3,2061,exited,2,1588.5,17.67766952966369,12.5,,,2,0,0
Capped,2037,India,EB-4,2061,exited,2,463.5,23.33452377915607,16.5,,,2,0,0
Capped,2037,India,EB-5,2061,exited,2,38.5,3.5355339059327378,2.5,,,2,0,0
Capped,2037,China,EB-1,2061,exited,2,343.5,6.363961030678928,4.5,,,2,0,0
Capped,2037,China,EB-2,2061,exited,2,822.5,6.363961030678928,4.5,,,2,0,0
Capped,2037,China,EB-3,2061,exited,2,1005.0,52.32590180780452,37.0,,,2,0,0
Capped,2037,China,EB-4,2061,exited,2,0.0,0.0,0.0,,,0,2,0
Capped,2037,China,EB-5,2061,exited,2,128.0,1.4142135623730951,1.0,,,2,0,0
Capped,2037,ROW,EB-1,2061,exited,2,0.0,0.0,0.0,,,0,2,0
Capped,2037,ROW,EB-2,2061,exited,2,1473.0,42.42640687119285,30.0,,,2,0,0
Capped,2037,ROW,EB-3,2061,exited,2,4960.0,16.97056274847714,11.999999999999998,,,2,0,0
Capped,2037,ROW,EB-4,2061,exited,2,6147.5,54.44722215136416,38.5,,,2,0,0
Capped,2037,ROW,EB-5,2061,exited,2,0.0,0.0,0.0,,,0,2,0
Capped,2038,India,EB-1,2061,exited,2,628.0,22.627416997969522,16.0,,,2,0,0
Capped,2038,India,EB-2,2061,exited,2,5367.5,72.8319984622144,51.5,,,2,0,0
Capped,2038,India,EB-3,2061,exited,2,1610.5,45.96194077712559,32.5,,,2,0,0
Capped,2038,India,EB-4,2061,exited,2,498.5,24.748737341529164,17.5,,,2,0,0
Capped,2038,India,EB-5,2061,exited,2,46.0,2.8284271247461903,2.0,,,2,0,0
Capped,2038,China,EB-1,2061,exited,2,363.5,50.204581464244875,35.5,,,2,0,0
Capped,2038,China,EB-2,2061,exited,2,881.0,82.02438661763951,57.99999999999999,,,2,0,0
Capped,2038,China,EB-3,2061,exited,2,1039.0,35.35533905932738,25.0,,,2,0,0
Capped,2038,China,EB-4,2061,exited,2,0.0,0.0,0.0,,,0,2,0
Capped,2038,China,EB-5,2061,exited,2,128.5,10.606601717798213,7.5,,,2,0,0
Capped,2038,ROW,EB-1,2061,exited,2,0.0,0.0,0.0,,,0,2,0
Capped,2038,ROW,EB-2,2061,exited,2,1536.5,19.091883092036785,13.5,,,2,0,0
Capped,2038,ROW,EB-3,2061,exited,2,5179.0,59.39696961966999,41.99999999999999,,,2,0,0
Capped,2038,ROW,EB-4,2061,exited,2,6298.5,6.363961030678928,4.5,,,2,0,0
Capped,2038,ROW,EB-5,2061,exited,2,0.0,0.0,0.0,,,0,2,0
Capped,2039,India,EB-1,2061,exited,2,669.0,0.0,0.0,,,2,0,0
Capped,2039,India,EB-2,2061,exited,2,5374.5,48.79036790187178,34.5,,,2,0,0
Capped,2039,India,EB-3,2061,exited,2,1649.5,99.7020561473032,70.49999999999999,,,2,0,0
Capped,2039,India,EB-4,2061,exited,2,470.0,65.05382386916237,46.0,,,2,0,0
Capped,2039,India,EB-5,2061,exited,2,44.5,2.1213203435596424,1.4999999999999998,,,2,0,0
Capped,2039,China,EB-1,2061,exited,2,366.0,16.97056274847714,11.999999999999998,,,2,0,0
Capped,2039,China,EB-2,2061,exited,2,839.0,8.48528137423857,5.999999999999999,,,2,0,0
Capped,2039,China,EB-3,2061,exited,2,1040.0,4.242640687119285,2.9999999999999996,,,2,0,0
Capped,2039,China,EB-4,2061,exited,2,0.0,0.0,0.0,,,0,2,0
Capped,2039,China,EB-5,2061,exited,2,136.0,2.8284271247461903,2.0,,,2,0,0
Capped,2039,ROW,EB-1,2061,exited,2,0.0,0.0,0.0,,,0,2,0
Capped,2039,ROW,EB-2,2061,exited,2,1603.5,6.363961030678928,4.5,,,2,0,0
Capped,2039,ROW,EB-3,2061,exited,2,5215.5,31.81980515339464,22.5,,,2,0,0
Capped,2039,ROW,EB-4,2061,exited,2,6180.5,126.572113832392,89.5,,,2,0,0
Capped,2039,ROW,EB-5,2061,exited,2,0.0,0.0,0.0,,,0,2,0
Capped,2040,India,EB-1,2061,exited,2,669.0,25.45584412271571,18.0,,,2,0,0
Capped,2040,India,EB-2,2061,exited,2,5309.5,47.37615433949868,33.5,,,2,0,0
Capped,2040,India,EB-3,2061,exited,2,1589.0,2.8284271247461903,2.0,,,2,0,0
Capped,2040,India,EB-4,2061,exited,2,460.0,9.899494936611665,6.999999999999999,,,2,0,0
Capped,2040,India,EB-5,2061,exited,2,41.5,7.7781745930520225,5.499999999999999,,,2,0,0
Capped,2040,China,EB-1,2061,exited,2,372.5,28.991378028648448,20.5,,,2,0,0
Capped,2040,China,EB-2,2061,exited,2,880.5,4.949747468305833,3.4999999999999996,,,2,0,0
Capped,2040,China,EB-3,2061,exited,2,1014.0,1.4142135623730951,1.0,,,2,0,0
Capped,2040,China,EB-4,2061,exited,2,0.0,0.0,0.0,,,0,2,0
Capped,2040,China,EB-5,2061,exited,2,136.5,34.64823227814083,24.5,,,2,0,0
Capped,2040,ROW,EB-1,2061,exited,2,0.0,0.0,0.0,,,0,2,0
Capped,2040,ROW,EB-2,2061,exited,2,1583.5,36.062445840513924,25.499999999999996,,,2,0,0
Capped,2040,ROW,EB-3,2061,exited,2,5438.0,45.254833995939045,32.0,,,2,0,0
Capped,2040,ROW,EB-4,2061,exited,2,6226.0,130.10764773832474,92.0,,,2,0,0
Capped,2040,ROW,EB-5,2061,exited,2,0.0,0.0,0.0,,,0,2,0
Uncapped,2009,India,EB-1,2061,still_dependent,2,0.0,0.0,0.0,,,0,2,0
Uncapped,2009,India,EB-2,2061,still_dependent,2,0.0,0.0,0.0,,,0,2,0
Uncapped,2009,India,EB-3,2061,still_dependent,2,0.0,0.0,0.0,,,0,2,0
Uncapped,2009,India,EB-4,2061,still_dependent,2,0.0,0.0,0.0,,,0,2,0
Uncapped,2009,India,EB-5,2061,still_dependent,2,0.0,0.0,0.0,,,0,2,0
Uncapped,2009,China,EB-1,2061,still_dependent,2,0.0,0.0,0.0,,,0,2,0
Uncapped,2009,China,EB-2,2061,still_dependent,2,0.0,0.0,0.0,,,0,2,0
Uncapped,2009,China,EB-3,2061,still_dependent,2,0.0,0.0,0.0,,,0,2,0
Uncapped,2009,China,EB-4,2061,still_dependent,2,0.0,0.0,0.0,,,0,2,0
Uncapped,2009,China,EB-5,2061,still_dependent,2,0.0,0.0,0.0,,,0,2,0
Uncapped,2009,ROW,EB-1,2061,still_dependent,2,0.0,0.0,0.0,,,0,2,0
Uncapped,2009,ROW,EB-2,2061,still_dependent,2,0.0,0.0,0.0,,,0,2,0
Uncapped,2009,ROW,EB-3,2061,still_dependent,2,0.0,0.0,0.0,,,0,2,0
Uncapped,2009,ROW,EB-4,2061,still_dependent,2,0.0,0.0,0.0,,,0,2,0
Uncapped,2009,ROW,EB-5,2061,still_dependent,2,0.0,0.0,0.0,,,0,2,0
Uncapped,2010,India,EB-1,2061,still_dependent,2,0.0,0.0,0.0,,,0,2,0
Uncapped,2010,India,EB-2,2061,still_dependent,2,0.0,0.0,0.0,,,0,2,0
Uncapped,2010,India,EB-3,2061,still_dependent,2,0.0,0.0,0.0,,,0,2,0
Uncapped,2010,India,EB-4,2061,still_dependent,2,0.0,0.0,0.0,,,0,2,0
Uncapped,2010,India,EB-5,2061,still_dependent,2,0.0,0.0,0.0,,,0,2,0
Uncapped,2010,China,EB-1,2061,still_dependent,2,0.0,0.0,0.0,,,0,2,0
Uncapped,2010,China,EB-2,2061,still_dependent,2,0.0,0.0,0.0,,,0,2,0
Uncapped,2010,China,EB-3,2061,still_dependent,2,0.0,0.0,0.0,,,0,2,0
Uncapped,2010,China,EB-4,2061,still_dependent,2,0.0,0.0,0.0,,,0,2,0
Uncapped,2010,China,EB-5,2061,still_dependent,2,0.0,0.0,0.0,,,0,2,0
Uncapped,2010,ROW,EB-1,2061,still_dependent,2,0.0,0.0,0.0,,,0,2,0
Uncapped,2010,ROW,EB-2,2061,still_dependent,2,0.0,0.0,0.0,,,0,2,0
Uncapped,2010,ROW,EB-3,2061,still_dependent,2,0.0,0.0,0.0,,,0,2,0
Uncapped,2010,ROW,EB-4,2061,still_dependent,2,0.0,0.0,0.0,,,0,2,0
Uncapped,2010,ROW,EB-5,2061,still_dependent,2,0.0,0.0,0.0,,,0,2,0
Uncapped,2011,India,EB-1,2061,still_dependent,2,0.0,0.0,0.0,,,0,2,0
Uncapped,2011,India,EB-2,2061,still_dependent,2,0.0,0.0,0.0,,,0,2,0
Uncapped,2011,India,EB-3,2061,still_dependent,2,0.0,0.0,0.0,,,0,2,0
Uncapped,2011,India,EB-4,2061,still_dependent,2,0.0,0.0,0.0,,,0,2,0
Uncapped,2011,India,EB-5,2061,still_dependent,2,0.0,0.0,0.0,,,0,2,0
Uncapped,2011,China,EB-1,2061,still_dependent,2,0.0,0.0,0.0,,,0,2,0
Uncapped,2011,China,EB-2,2061,still_dependent,2,0.0,0.0,0.0,,,0,2,0
Uncapped,2011,China,EB-3,2061,still_dependent,2,0.0,0.0,0.0,,,0,2,0
Uncapped,2011,China,EB-4,2061,still_dependent,2,0.0,0.0,0.0,,,0,2,0
Uncapped,2011,China,EB-5,2061,still_dependent,2,0.0,0.0,0.0,,,0,2,0
Uncapped,2011,ROW,EB-1,2061,still_dependent,2,0.0,0.0,0.0,,,0,2,0
Uncapped,2011,ROW,EB-2,2061,still_dependent,2,0.0,0.0,0.0,,,0,2,0
Uncapped,2011,ROW,EB-3,2061,still_dependent,2,0.0,0.0,0.0,,,0,2,0
Uncapped,2011,ROW,EB-4,2061,still_dependent,2,0.0,0.0,0.0,,,0,2,0
Uncapped,2011,ROW,EB-5,2061,still_dependent,2,0.0,0.0,0.0,,,0,2,0
Uncapped,2012,India,EB-1,2061,still_dependent,2,0.0,0.0,0.0,,,0,2,0
Uncapped,2012,India,EB-2,2061,still_dependent,2,0.0,0.0,0.0,,,0,2,0
Uncapped,2012,India,EB-3,2061,still_dependent,2,0.0,0.0,0.0,,,0,2,0
Uncapped,2012,India,EB-4,2061,still_dependent,2,0.0,0.0,0.0,,,0,2,0
Uncapped,2012,India,EB-5,2061,still_dependent,2,0.0,0.0,0.0,,,0,2,0
Uncapped,2012,China,EB-1,2061,still_dependent,2,0.0,0.0,0.0,,,0,2,0
Uncapped,2012,China,EB-2,2061,still_dependent,2,0.0,0.0,0.0,,,0,2,0
Uncapped,2012,China,EB-3,2061,still_dependent,2,0.0,0.0,0.0,,,0,2,0
Uncapped,2012,China,EB-4,2061,still_dependent,2,0.0,0.0,0.0,,,0,2,0
Uncapped,2012,China,EB-5,2061,still_dependent,2,0.0,0.0,0.0,,,0,2,0
Uncapped,2012,ROW,EB-1,2061,still_dependent,2,0.0,0.0,0.0,,,0,2,0
Uncapped,2012,ROW,EB-2,2061,still_dependent,2,0.0,0.0,0.0,,,0,2,0
Uncapped,2012,ROW,EB-3,2061,still_dependent,2,0.0,0.0,0.0,,,0,2,0
Uncapped,2012,ROW,EB-4,2061,still_dependent,2,0.0,0.0,0.0,,,0,2,0
Uncapped,2012,ROW,EB-5,2061,still_dependent,2,0.0,0.0,0.0,,,0,2,0
Uncapped,2013,India,EB-1,2061,still_dependent,2,0.0,0.0,0.0,,,0,2,0
Uncapped,2013,India,EB-2,2061,still_dependent,2,0.0,0.0,0.0,,,0,2,0
Uncapped,2013,India,EB-3,2061,still_dependent,2,0.0,0.0,0.0,,,0,2,0
Uncapped,2013,India,EB-4,2061,still_dependent,2,0.0,0.0,0.0,,,0,2,0
Uncapped,2013,India,EB-5,2061,still_dependent,2,0.0,0.0,0.0,,,0,2,0
Uncapped,2013,China,EB-1,2061,still_dependent,2,0.0,0.0,0.0,,,0,2,0
Uncapped,2013,China,EB-2,2061,still_dependent,2,0.0,0.0,0.0,,,0,2,0
Uncapped,2013,China,EB-3,2061,still_dependent,2,0.0,0.0,0.0,,,0,2,0
Uncapped,2013,China,EB-4,2061,still_dependent,2,0.0,0.0,0.0,,,0,2,0
Uncapped,2013,China,EB-5,2061,still_dependent,2,0.0,0.0,0.0,,,0,2,0
Uncapped,2013,ROW,EB-1,2061,still_dependent,2,0.0,0.0,0.0,,,0,2,0
Uncapped,2013,ROW,EB-2,2061,still_dependent,2,0.0,0.0,0.0,,,0,2,0
Uncapped,2013,ROW,EB-3,2061,still_dependent,2,0.0,0.0,0.0,,,0,2,0
Uncapped,2013,ROW,EB-4,2061,still_dependent,2,0.0,0.0,0.0,,,0,2,0
Uncapped,2013,ROW,EB-5,2061,still_dependent,2,0.0,0.0,0.0,,,0,2,0
Uncapped,2014,India,EB-1,2061,still_dependent,2,0.0,0.0,0.0,,,0,2,0
Uncapped,2014,India,EB-2,2061,still_dependent,2,0.0,0.0,0.0,,,0,2,0
Uncapped,2014,India,EB-3,2061,still_dependent,2,0.0,0.0,0.0,,,0,2,0
Uncapped,2014,India,EB-4,2061,still_dependent,2,0.0,0.0,0.0,,,0,2,0
Uncapped,2014,India,EB-5,2061,still_dependent,2,0.0,0.0,0.0,,,0,2,0
Uncapped,2014,China,EB-1,2061,still_dependent,2,0.0,0.0,0.0,,,0,2,0
Uncapped,2014,China,EB-2,2061,still_dependent,2,0.0,0.0,0.0,,,0,2,0
Uncapped,2014,China,EB-3,2061,still_dependent,2,0.0,0.0,0.0,,,0,2,0
Uncapped,2014,China,EB-4,2061,still_dependent,2,0.0,0.0,0.0,,,0,2,0
Uncapped,2014,China,EB-5,2061,still_dependent,2,0.0,0.0,0.0,,,0,2,0
Uncapped,2014,ROW,EB-1,2061,still_dependent,2,0.0,0.0,0.0,,,0,2,0
Uncapped,2014,ROW,EB-2,2061,still_dependent,2,0.0,0.0,0.0,,,0,2,0
Uncapped,2014,ROW,EB-3,2061,still_dependent,2,0.0,0.0,0.0,,,0,2,0
Uncapped,2014,ROW,EB-4,2061,still_dependent,2,0.0,0.0,0.0,,,0,2,0
Uncapped,2014,ROW,EB-5,2061,still_dependent,2,0.0,0.0,0.0,,,0,2,0
Uncapped,2015,India,EB-1,2061,still_dependent,2,0.0,0.0,0.0,,,0,2,0
Uncapped,2015,India,EB-2,2061,still_dependent,2,0.0,0.0,0.0,,,0,2,0
Uncapped,2015,India,EB-3,2061,still_dependent,2,0.0,0.0,0.0,,,0,2,0
Uncapped,2015,India,EB-4,2061,still_dependent,2,0.0,0.0,0.0,,,0,2,0
Uncapped,2015,India,EB-5,2061,still_dependent,2,0.0,0.0,0.0,,,0,2,0
Uncapped,2015,China,EB-1,2061,still_dependent,2,0.0,0.0,0.0,,,0,2,0
Uncapped,2015,China,EB-2,2061,still_dependent,2,0.0,0.0,0.0,,,0,2,0
Uncapped,2015,China,EB-3,2061,still_dependent,2,0.0,0.0,0.0,,,0,2,0
Uncapped,2015,China,EB-4,2061,still_dependent,2,0.0,0.0,0.0,,,0,2,0
Uncapped,2015,China,EB-5,2061,still_dependent,2,0.0,0.0,0.0,,,0,2,0
Uncapped,2015,ROW,EB-1,2061,still_dependent,2,0.0,0.0,0.0,,,0,2,0
Uncapped,2015,ROW,EB-2,2061,still_dependent,2,0.0,0.0,0.0,,,0,2,0
Uncapped,2015,ROW,EB-3,2061,still_dependent,2,0.0,0.0,0.0,,,0,2,0
Uncapped,2015,ROW,EB-4,2061,still_dependent,2,0.0,0.0,0.0,,,0,2,0
Uncapped,2015,ROW,EB-5,2061,still_dependent,2,0.0,0.0,0.0,,,0,2,0
Uncapped,2016,India,EB-1,2061,still_dependent,2,0.0,0.0,0.0,,,0,2,0
Uncapped,2016,India,EB-2,2061,still_dependent,2,0.0,0.0,0.0,,,0,2,0
Uncapped,2016,India,EB-3,2061,still_dependent,2,0.0,0.0,0.0,,,0,2,0
Uncapped,2016,India,EB-4,2061,still_dependent,2,0.0,0.0,0.0,,,0,2,0
Uncapped,2016,India,EB-5,2061,still_dependent,2,0.0,0.0,0.0,,,0,2,0
Uncapped,2016,China,EB-1,2061,still_dependent,2,0.0,0.0,0.0,,,0,2,0
Uncapped,2016,China,EB-2,2061,still_dependent,2,0.0,0.0,0.0,,,0,2,0
Uncapped,2016,China,EB-3,2061,still_dependent,2,0.0,0.0,0.0,,,0,2,0
Uncapped,2016,China,EB-4,2061,still_dependent,2,0.0,0.0,0.0,,,0,2,0
Uncapped,2016,China,EB-5,2061,still_dependent,2,0.0,0.0,0.0,,,0,2,0
Uncapped,2016,ROW,EB-1,2061,still_dependent,2,0.0,0.0,0.0,,,0,2,0
Uncapped,2016,ROW,EB-2,2061,still_dependent,2,0.0,0.0,0.0,,,0,2,0
Uncapped,2016,ROW,EB-3,2061,still_dependent,2,0.0,0.0,0.0,,,0,2,0
Uncapped,2016,ROW,EB-4,2061,still_dependent,2,0.0,0.0,0.0,,,0,2,0
Uncapped,2016,ROW,EB-5,2061,still_dependent,2,0.0,0.0,0.0,,,0,2,0
Uncapped,2017,India,EB-1,2061,still_dependent,2,0.0,0.0,0.0,,,0,2,0
Uncapped,2017,India,EB-2,2061,still_dependent,2,0.0,0.0,0.0,,,0,2,0
Uncapped,2017,India,EB-3,2061,still_dependent,2,0.0,0.0,0.0,,,0,2,0
Uncapped,2017,India,EB-4,2061,still_dependent,2,0.0,0.0,0.0,,,0,2,0
Uncapped,2017,India,EB-5,2061,still_dependent,2,0.0,0.0,0.0,,,0,2,0
Uncapped,2017,China,EB-1,2061,still_dependent,2,0.0,0.0,0.0,,,0,2,0
Uncapped,2017,China,EB-2,2061,still_dependent,2,0.0,0.0,0.0,,,0,2,0
Uncapped,2017,China,EB-3,2061,still_dependent,2,0.0,0.0,0.0,,,0,2,0
Uncapped,2017,China,EB-4,2061,still_dependent,2,0.0,0.0,0.0,,,0,2,0
Uncapped,2017,China,EB-5,2061,still_dependent,2,0.0,0.0,0.0,,,0,2,0
Uncapped,2017,ROW,EB-1,2061,still_dependent,2,0.0,0.0,0.0,,,0,2,0
Uncapped,2017,ROW,EB-2,2061,still_dependent,2,0.0,0.0,0.0,,,0,2,0
Uncapped,2017,ROW,EB-3,2061,still_dependent,2,0.0,0.0,0.0,,,0,2,0
Uncapped,2017,ROW,EB-4,2061,still_dependent,2,0.0,0.0,0.0,,,0,2,0
Uncapped,2017,ROW,EB-5,2061,still_dependent,2,0.0,0.0,0.0,,,0,2,0
Uncapped,2018,India,EB-1,2061,still_dependent,2,0.0,0.0,0.0,,,0,2,0
Uncapped,2018,India,EB-2,2061,still_dependent,2,0.0,0.0,0.0,,,0,2,0
Uncapped,2018,India,EB-3,2061,still_dependent,2,0.0,0.0,0.0,,,0,2,0
Uncapped,2018,India,EB-4,2061,still_dependent,2,0.0,0.0,0.0,,,0,2,0
Uncapped,2018,India,EB-5,2061,still_dependent,2,0.0,0.0,0.0,,,0,2,0
Uncapped,2018,China,EB-1,2061,still_dependent,2,0.0,0.0,0.0,,,0,2,0
Uncapped,2018,China,EB-2,2061,still_dependent,2,0.0,0.0,0.0,,,0,2,0
Uncapped,2018,China,EB-3,2061,still_dependent,2,0.0,0.0,0.0,,,0,2,0
Uncapped,2018,China,EB-4,2061,still_dependent,2,0.0,0.0,0.0,,,0,2,0
Uncapped,2018,China,EB-5,2061,still_dependent,2,0.0,0.0,0.0,,,0,2,0
Uncapped,2018,ROW,EB-1,2061,still_dependent,2,0.0,0.0,0.0,,,0,2,0
Uncapped,2018,ROW,EB-2,2061,still_dependent,2,0.0,0.0,0.0,,,0,2,0
Uncapped,2018,ROW,EB-3,2061,still_dependent,2,0.0,0.0,0.0,,,0,2,0
Uncapped,2018,ROW,EB-4,2061,still_dependent,2,0.0,0.0,0.0,,,0,2,0
Uncapped,2018,ROW,EB-5,2061,still_dependent,2,0.0,0.0,0.0,,,0,2,0
Uncapped,2019,India,EB-1,2061,still_dependent,2,0.0,0.0,0.0,,,0,2,0
Uncapped,2019,India,EB-2,2061,still_dependent,2,0.0,0.0,0.0,,,0,2,0
Uncapped,2019,India,EB-3,2061,still_dependent,2,0.0,0.0,0.0,,,0,2,0
Uncapped,2019,India,EB-4,2061,still_dependent,2,0.0,0.0,0.0,,,0,2,0
Uncapped,2019,India,EB-5,2061,still_dependent,2,0.0,0.0,0.0,,,0,2,0
Uncapped,2019,China,EB-1,2061,still_dependent,2,0.0,0.0,0.0,,,0,2,0
Uncapped,2019,China,EB-2,2061,still_dependent,2,0.0,0.0,0.0,,,0,2,0
Uncapped,2019,China,EB-3,2061,still_dependent,2,0.0,0.0,0.0,,,0,2,0
Uncapped,2019,China,EB-4,2061,still_dependent,2,0.0,0.0,0.0,,,0,2,0
Uncapped,2019,China,EB-5,2061,still_dependent,2,0.0,0.0,0.0,,,0,2,0
Uncapped,2019,ROW,EB-1,2061,still_dependent,2,0.0,0.0,0.0,,,0,2,0
Uncapped,2019,ROW,EB-2,2061,still_dependent,2,0.0,0.0,0.0,,,0,2,0
Uncapped,2019,ROW,EB-3,2061,still_dependent,2,0.0,0.0,0.0,,,0,2,0
Uncapped,2019,ROW,EB-4,2061,still_dependent,2,0.0,0.0,0.0,,,0,2,0
Uncapped,2019,ROW,EB-5,2061,still_dependent,2,0.0,0.0,0.0,,,0,2,0
Uncapped,2020,India,EB-1,2061,still_dependent,2,0.0,0.0,0.0,,,0,2,0
Uncapped,2020,India,EB-2,2061,still_dependent,2,0.0,0.0,0.0,,,0,2,0
Uncapped,2020,India,EB-3,2061,still_dependent,2,0.0,0.0,0.0,,,0,2,0
Uncapped,2020,India,EB-4,2061,still_dependent,2,0.0,0.0,0.0,,,0,2,0
Uncapped,2020,India,EB-5,2061,still_dependent,2,0.0,0.0,0.0,,,0,2,0
Uncapped,2020,China,EB-1,2061,still_dependent,2,0.0,0.0,0.0,,,0,2,0
Uncapped,2020,China,EB-2,2061,still_dependent,2,0.0,0.0,0.0,,,0,2,0
Uncapped,2020,China,EB-3,2061,still_dependent,2,0.0,0.0,0.0,,,0,2,0
Uncapped,2020,China,EB-4,2061,still_dependent,2,0.0,0.0,0.0,,,0,2,0
Uncapped,2020,China,EB-5,2061,still_dependent,2,0.0,0.0,0.0,,,0,2,0
Uncapped,2020,ROW,EB-1,2061,still_dependent,2,0.0,0.0,0.0,,,0,2,0
Uncapped,2020,ROW,EB-2,2061,still_dependent,2,0.0,0.0,0.0,,,0,2,0
Uncapped,2020,ROW,EB-3,2061,still_dependent,2,0.0,0.0,0.0,,,0,2,0
Uncapped,2020,ROW,EB-4,2061,still_dependent,2,0.0,0.0,0.0,,,0,2,0
Uncapped,2020,ROW,EB-5,2061,still_dependent,2,0.0,0.0,0.0,,,0,2,0
Uncapped,2021,India,EB-1,2061,still_dependent,2,0.0,0.0,0.0,,,0,2,0
Uncapped,2021,India,EB-2,2061,still_dependent,2,0.0,0.0,0.0,,,0,2,0
Uncapped,2021,India,EB-3,2061,still_dependent,2,0.0,0.0,0.0,,,0,2,0
Uncapped,2021,India,EB-4,2061,still_dependent,2,0.0,0.0,0.0,,,0,2,0
Uncapped,2021,India,EB-5,2061,still_dependent,2,0.0,0.0,0.0,,,0,2,0
Uncapped,2021,China,EB-1,2061,still_dependent,2,0.0,0.0,0.0,,,0,2,0
Uncapped,2021,China,EB-2,2061,still_dependent,2,0.0,0.0,0.0,,,0,2,0
Uncapped,2021,China,EB-3,2061,still_dependent,2,0.0,0.0,0.0,,,0,2,0
Uncapped,2021,China,EB-4,2061,still_dependent,2,0.0,0.0,0.0,,,0,2,0
Uncapped,2021,China,EB-5,2061,still_dependent,2,0.0,0.0,0.0,,,0,2,0
Uncapped,2021,ROW,EB-1,2061,still_dependent,2,0.0,0.0,0.0,,,0,2,0
Uncapped,2021,ROW,EB-2,2061,still_dependent,2,0.0,0.0,0.0,,,0,2,0
Uncapped,2021,ROW,EB-3,2061,still_dependent,2,0.0,0.0,0.0,,,0,2,0
Uncapped,2021,ROW,EB-4,2061,still_dependent,2,0.0,0.0,0.0,,,0,2,0
Uncapped,2021,ROW,EB-5,2061,still_dependent,2,0.0,0.0,0.0,,,0,2,0
Uncapped,2022,India,EB-1,2061,still_dependent,2,0.0,0.0,0.0,,,0,2,0
Uncapped,2022,India,EB-2,2061,still_dependent,2,0.0,0.0,0.0,,,0,2,0
Uncapped,2022,India,EB-3,2061,still_dependent,2,0.0,0.0,0.0,,,0,2,0
Uncapped,2022,India,EB-4,2061,still_dependent,2,0.0,0.0,0.0,,,0,2,0
Uncapped,2022,India,EB-5,2061,still_dependent,2,0.0,0.0,0.0,,,0,2,0
Uncapped,2022,China,EB-1,2061,still_dependent,2,0.0,0.0,0.0,,,0,2,0
Uncapped,2022,China,EB-2,2061,still_dependent,2,0.0,0.0,0.0,,,0,2,0
Uncapped,2022,China,EB-3,2061,still_dependent,2,0.0,0.0,0.0,,,0,2,0
Uncapped,2022,China,EB-4,2061,still_dependent,2,0.0,0.0,0.0,,,0,2,0
Uncapped,2022,China,EB-5,2061,still_dependent,2,0.0,0.0,0.0,,,0,2,0
Uncapped,2022,ROW,EB-1,2061,still_dependent,2,0.0,0.0,0.0,,,0,2,0
Uncapped,2022,ROW,EB-2,2061,still_dependent,2,0.0,0.0,0.0,,,0,2,0
Uncapped,2022,ROW,EB-3,2061,still_dependent,2,0.0,0.0,0.0,,,0,2,0
Uncapped,2022,ROW,EB-4,2061,still_dependent,2,0.0,0.0,0.0,,,0,2,0
Uncapped,2022,ROW,EB-5,2061,still_dependent,2,0.0,0.0,0.0,,,0,2,0
Uncapped,2023,India,EB-1,2061,still_dependent,2,0.0,0.0,0.0,,,0,2,0
Uncapped,2023,India,EB-2,2061,still_dependent,2,0.0,0.0,0.0,,,0,2,0
Uncapped,2023,India,EB-3,2061,still_dependent,2,0.0,0.0,0.0,,,0,2,0
Uncapped,2023,India,EB-4,2061,still_dependent,2,0.0,0.0,0.0,,,0,2,0
Uncapped,2023,India,EB-5,2061,still_dependent,2,0.0,0.0,0.0,,,0,2,0
Uncapped,2023,China,EB-1,2061,still_dependent,2,0.0,0.0,0.0,,,0,2,0
Uncapped,2023,China,EB-2,2061,still_dependent,2,0.0,0.0,0.0,,,0,2,0
Uncapped,2023,China,EB-3,2061,still_dependent,2,0.0,0.0,0.0,,,0,2,0
Uncapped,2023,China,EB-4,2061,still_dependent,2,0.0,0.0,0.0,,,0,2,0
Uncapped,2023,China,EB-5,2061,still_dependent,2,0.0,0.0,0.0,,,0,2,0
Uncapped,2023,ROW,EB-1,2061,still_dependent,2,0.0,0.0,0.0,,,0,2,0
Uncapped,2023,ROW,EB-2,2061,still_dependent,2,0.0,0.0,0.0,,,0,2,0
Uncapped,2023,ROW,EB-3,2061,still_dependent,2,0.0,0.0,0.0,,,0,2,0
Uncapped,2023,ROW,EB-4,2061,still_dependent,2,0.0,0.0,0.0,,,0,2,0
Uncapped,2023,ROW,EB-5,2061,still_dependent,2,0.0,0.0,0.0,,,0,2,0
Uncapped,2024,India,EB-1,2061,still_dependent,2,0.0,0.0,0.0,,,0,2,0
Uncapped,2024,India,EB-2,2061,still_dependent,2,0.0,0.0,0.0,,,0,2,0
Uncapped,2024,India,EB-3,2061,still_dependent,2,0.0,0.0,0.0,,,0,2,0
Uncapped,2024,India,EB-4,2061,still_dependent,2,0.0,0.0,0.0,,,0,2,0
Uncapped,2024,India,EB-5,2061,still_dependent,2,0.0,0.0,0.0,,,0,2,0
Uncapped,2024,China,EB-1,2061,still_dependent,2,0.0,0.0,0.0,,,0,2,0
Uncapped,2024,China,EB-2,2061,still_dependent,2,0.0,0.0,0.0,,,0,2,0
Uncapped,2024,China,EB-3,2061,still_dependent,2,0.0,0.0,0.0,,,0,2,0
Uncapped,2024,China,EB-4,2061,still_dependent,2,0.0,0.0,0.0,,,0,2,0
Uncapped,2024,China,EB-5,2061,still_dependent,2,0.0,0.0,0.0,,,0,2,0
Uncapped,2024,ROW,EB-1,2061,still_dependent,2,0.0,0.0,0.0,,,0,2,0
Uncapped,2024,ROW,EB-2,2061,still_dependent,2,0.0,0.0,0.0,,,0,2,0
Uncapped,2024,ROW,EB-3,2061,still_dependent,2,0.0,0.0,0.0,,,0,2,0
Uncapped,2024,ROW,EB-4,2061,still_dependent,2,0.0,0.0,0.0,,,0,2,0
Uncapped,2024,ROW,EB-5,2061,still_dependent,2,0.0,0.0,0.0,,,0,2,0
Uncapped,2025,India,EB-1,2061,still_dependent,2,0.0,0.0,0.0,,,0,2,0
Uncapped,2025,India,EB-2,2061,still_dependent,2,0.0,0.0,0.0,,,0,2,0
Uncapped,2025,India,EB-3,2061,still_dependent,2,0.0,0.0,0.0,,,0,2,0
Uncapped,2025,India,EB-4,2061,still_dependent,2,0.0,0.0,0.0,,,0,2,0
Uncapped,2025,India,EB-5,2061,still_dependent,2,0.0,0.0,0.0,,,0,2,0
Uncapped,2025,China,EB-1,2061,still_dependent,2,0.0,0.0,0.0,,,0,2,0
Uncapped,2025,China,EB-2,2061,still_dependent,2,0.0,0.0,0.0,,,0,2,0
Uncapped,2025,China,EB-3,2061,still_dependent,2,0.0,0.0,0.0,,,0,2,0
Uncapped,2025,China,EB-4,2061,still_dependent,2,0.0,0.0,0.0,,,0,2,0
Uncapped,2025,China,EB-5,2061,still_dependent,2,0.0,0.0,0.0,,,0,2,0
Uncapped,2025,ROW,EB-1,2061,still_dependent,2,0.0,0.0,0.0,,,0,2,0
Uncapped,2025,ROW,EB-2,2061,still_dependent,2,0.0,0.0,0.0,,,0,2,0
Uncapped,2025,ROW,EB-3,2061,still_dependent,2,0.0,0.0,0.0,,,0,2,0
Uncapped,2025,ROW,EB-4,2061,still_dependent,2,0.0,0.0,0.0,,,0,2,0
Uncapped,2025,ROW,EB-5,2061,still_dependent,2,0.0,0.0,0.0,,,0,2,0
Uncapped,2026,India,EB-1,2061,still_dependent,2,0.0,0.0,0.0,,,0,2,0
Uncapped,2026,India,EB-2,2061,still_dependent,2,0.0,0.0,0.0,,,0,2,0
Uncapped,2026,India,EB-3,2061,still_dependent,2,0.0,0.0,0.0,,,0,2,0
Uncapped,2026,India,EB-4,2061,still_dependent,2,0.0,0.0,0.0,,,0,2,0
Uncapped,2026,India,EB-5,2061,still_dependent,2,0.0,0.0,0.0,,,0,2,0
Uncapped,2026,China,EB-1,2061,still_dependent,2,0.0,0.0,0.0,,,0,2,0
Uncapped,2026,China,EB-2,2061,still_dependent,2,0.0,0.0,0.0,,,0,2,0
Uncapped,2026,China,EB-3,2061,still_dependent,2,0.0,0.0,0.0,,,0,2,0
Uncapped,2026,China,EB-4,2061,still_dependent,2,0.0,0.0,0.0,,,0,2,0
Uncapped,2026,China,EB-5,2061,still_dependent,2,0.0,0.0,0.0,,,0,2,0
Uncapped,2026,ROW,EB-1,2061,still_dependent,2,0.0,0.0,0.0,,,0,2,0
Uncapped,2026,ROW,EB-2,2061,still_dependent,2,0.0,0.0,0.0,,,0,2,0
Uncapped,2026,ROW,EB-3,2061,still_dependent,2,0.0,0.0,0.0,,,0,2,0
Uncapped,2026,ROW,EB-4,2061,still_dependent,2,0.0,0.0,0.0,,,0,2,0
Uncapped,2026,ROW,EB-5,2061,still_dependent,2,0.0,0.0,0.0,,,0,2,0
Uncapped,2027,India,EB-1,2061,still_dependent,2,0.0,0.0,0.0,,,0,2,0
Uncapped,2027,India,EB-2,2061,still_dependent,2,0.0,0.0,0.0,,,0,2,0
Uncapped,2027,India,EB-3,2061,still_dependent,2,0.0,0.0,0.0,,,0,2,0
Uncapped,2027,India,EB-4,2061,still_dependent,2,0.0,0.0,0.0,,,0,2,0
Uncapped,2027,India,EB-5,2061,still_dependent,2,0.0,0.0,0.0,,,0,2,0
Uncapped,2027,China,EB-1,2061,still_dependent,2,0.0,0.0,0.0,,,0,2,0
Uncapped,2027,China,EB-2,2061,still_dependent,2,0.0,0.0,0.0,,,0,2,0
Uncapped,2027,China,EB-3,2061,still_dependent,2,0.0,0.0,0.0,,,0,2,0
Uncapped,2027,China,EB-4,2061,still_dependent,2,0.0,0.0,0.0,,,0,2,0
Uncapped,2027,China,EB-5,2061,still_dependent,2,0.0,0.0,0.0,,,0,2,0
Uncapped,2027,ROW,EB-1,2061,still_dependent,2,0.0,0.0,0.0,,,0,2,0
Uncapped,2027,ROW,EB-2,2061,still_dependent,2,0.0,0.0,0.0,,,0,2,0
Uncapped,2027,ROW,EB-3,2061,still_dependent,2,0.0,0.0,0.0,,,0,2,0
Uncapped,2027,ROW,EB-4,2061,still_dependent,2,0.0,0.0,0.0,,,0,2,0
Uncapped,2027,ROW,EB-5,2061,still_dependent,2,0.0,0.0,0.0,,,0,2,0
Uncapped,2028,India,EB-1,2061,still_dependent,2,0.0,0.0,0.0,,,0,2,0
Uncapped,2028,India,EB-2,2061,still_dependent,2,0.0,0.0,0.0,,,0,2,0
Uncapped,2028,India,EB-3,2061,still_dependent,2,0.0,0.0,0.0,,,0,2,0
Uncapped,2028,India,EB-4,2061,still_dependent,2,0.0,0.0,0.0,,,0,2,0
Uncapped,2028,India,EB-5,2061,still_dependent,2,0.0,0.0,0.0,,,0,2,0
Uncapped,2028,China,EB-1,2061,still_dependent,2,0.0,0.0,0.0,,,0,2,0
Uncapped,2028,China,EB-2,2061,still_dependent,2,0.0,0.0,0.0,,,0,2,0
Uncapped,2028,China,EB-3,2061,still_dependent,2,0.0,0.0,0.0,,,0,2,0
Uncapped,2028,China,EB-4,2061,still_dependent,2,0.0,0.0,0.0,,,0,2,0
Uncapped,2028,China,EB-5,2061,still_dependent,2,0.0,0.0,0.0,,,0,2,0
Uncapped,2028,ROW,EB-1,2061,still_dependent,2,0.0,0.0,0.0,,,0,2,0
Uncapped,2028,ROW,EB-2,2061,still_dependent,2,0.0,0.0,0.0,,,0,2,0
Uncapped,2028,ROW,EB-3,2061,still_dependent,2,0.0,0.0,0.0,,,0,2,0
Uncapped,2028,ROW,EB-4,2061,still_dependent,2,0.0,0.0,0.0,,,0,2,0
Uncapped,2028,ROW,EB-5,2061,still_dependent,2,0.0,0.0,0.0,,,0,2,0
Uncapped,2029,India,EB-1,2061,still_dependent,2,0.0,0.0,0.0,,,0,2,0
Uncapped,2029,India,EB-2,2061,still_dependent,2,0.0,0.0,0.0,,,0,2,0
Uncapped,2029,India,EB-3,2061,still_dependent,2,0.0,0.0,0.0,,,0,2,0
Uncapped,2029,India,EB-4,2061,still_dependent,2,0.0,0.0,0.0,,,0,2,0
Uncapped,2029,India,EB-5,2061,still_dependent,2,0.0,0.0,0.0,,,0,2,0
Uncapped,2029,China,EB-1,2061,still_dependent,2,0.0,0.0,0.0,,,0,2,0
Uncapped,2029,China,EB-2,2061,still_dependent,2,0.0,0.0,0.0,,,0,2,0
Uncapped,2029,China,EB-3,2061,still_dependent,2,0.0,0.0,0.0,,,0,2,0
Uncapped,2029,China,EB-4,2061,still_dependent,2,0.0,0.0,0.0,,,0,2,0
Uncapped,2029,China,EB-5,2061,still_dependent,2,0.0,0.0,0.0,,,0,2,0
Uncapped,2029,ROW,EB-1,2061,still_dependent,2,0.0,0.0,0.0,,,0,2,0
Uncapped,2029,ROW,EB-2,2061,still_dependent,2,0.0,0.0,0.0,,,0,2,0
Uncapped,2029,ROW,EB-3,2061,still_dependent,2,0.0,0.0,0.0,,,0,2,0
Uncapped,2029,ROW,EB-4,2061,still_dependent,2,0.0,0.0,0.0,,,0,2,0
Uncapped,2029,ROW,EB-5,2061,still_dependent,2,0.0,0.0,0.0,,,0,2,0
Uncapped,2030,India,EB-1,2061,still_dependent,2,0.0,0.0,0.0,,,0,2,0
Uncapped,2030,India,EB-2,2061,still_dependent,2,0.0,0.0,0.0,,,0,2,0
Uncapped,2030,India,EB-3,2061,still_dependent,2,0.0,0.0,0.0,,,0,2,0
Uncapped,2030,India,EB-4,2061,still_dependent,2,0.0,0.0,0.0,,,0,2,0
Uncapped,2030,India,EB-5,2061,still_dependent,2,0.0,0.0,0.0,,,0,2,0
Uncapped,2030,China,EB-1,2061,still_dependent,2,0.0,0.0,0.0,,,0,2,0
Uncapped,2030,China,EB-2,2061,still_dependent,2,0.0,0.0,0.0,,,0,2,0
Uncapped,2030,China,EB-3,2061,still_dependent,2,0.0,0.0,0.0,,,0,2,0
Uncapped,2030,China,EB-4,2061,still_dependent,2,0.0,0.0,0.0,,,0,2,0
Uncapped,2030,China,EB-5,2061,still_dependent,2,0.0,0.0,0.0,,,0,2,0
Uncapped,2030,ROW,EB-1,2061,still_dependent,2,0.0,0.0,0.0,,,0,2,0
Uncapped,2030,ROW,EB-2,2061,still_dependent,2,0.0,0.0,0.0,,,0,2,0
Uncapped,2030,ROW,EB-3,2061,still_dependent,2,0.0,0.0,0.0,,,0,2,0
Uncapped,2030,ROW,EB-4,2061,still_dependent,2,0.0,0.0,0.0,,,0,2,0
Uncapped,2030,ROW,EB-5,2061,still_dependent,2,0.0,0.0,0.0,,,0,2,0
Uncapped,2031,India,EB-1,2061,still_dependent,2,0.0,0.0,0.0,,,0,2,0
Uncapped,2031,India,EB-2,2061,still_dependent,2,0.0,0.0,0.0,,,0,2,0
Uncapped,2031,India,EB-3,2061,still_dependent,2,0.0,0.0,0.0,,,0,2,0
Uncapped,2031,India,EB-4,2061,still_dependent,2,0.0,0.0,0.0,,,0,2,0
Uncapped,2031,India,EB-5,2061,still_dependent,2,0.0,0.0,0.0,,,0,2,0
Uncapped,2031,China,EB-1,2061,still_dependent,2,0.0,0.0,0.0,,,0,2,0
Uncapped,2031,China,EB-2,2061,still_dependent,2,0.0,0.0,0.0,,,0,2,0
Uncapped,2031,China,EB-3,2061,still_dependent,2,0.0,0.0,0.0,,,0,2,0
Uncapped,2031,China,EB-4,2061,still_dependent,2,0.0,0.0,0.0,,,0,2,0
Uncapped,2031,China,EB-5,2061,still_dependent,2,0.0,0.0,0.0,,,0,2,0
Uncapped,2031,ROW,EB-1,2061,still_dependent,2,0.0,0.0,0.0,,,0,2,0
Uncapped,2031,ROW,EB-2,2061,still_dependent,2,0.0,0.0,0.0,,,0,2,0
Uncapped,2031,ROW,EB-3,2061,still_dependent,2,0.0,0.0,0.0,,,0,2,0
Uncapped,2031,ROW,EB-4,2061,still_dependent,2,0.0,0.0,0.0,,,0,2,0
Uncapped,2031,ROW,EB-5,2061,still_dependent,2,0.0,0.0,0.0,,,0,2,0
Uncapped,2032,India,EB-1,2061,still_dependent,2,0.0,0.0,0.0,,,0,2,0
Uncapped,2032,India,EB-2,2061,still_dependent,2,0.0,0.0,0.0,,,0,2,0
Uncapped,2032,India,EB-3,2061,still_dependent,2,0.0,0.0,0.0,,,0,2,0
Uncapped,2032,India,EB-4,2061,still_dependent,2,0.0,0.0,0.0,,,0,2,0
Uncapped,2032,India,EB-5,2061,still_dependent,2,0.0,0.0,0.0,,,0,2,0
Uncapped,2032,China,EB-1,2061,still_dependent,2,0.0,0.0,0.0,,,0,2,0
Uncapped,2032,China,EB-2,2061,still_dependent,2,0.0,0.0,0.0,,,0,2,0
Uncapped,2032,China,EB-3,2061,still_dependent,2,0.0,0.0,0.0,,,0,2,0
Uncapped,2032,China,EB-4,2061,still_dependent,2,0.0,0.0,0.0,,,0,2,0
Uncapped,2032,China,EB-5,2061,still_dependent,2,0.0,0.0,0.0,,,0,2,0
Uncapped,2032,ROW,EB-1,2061,still_dependent,2,0.0,0.0,0.0,,,0,2,0
Uncapped,2032,ROW,EB-2,2061,still_dependent,2,0.0,0.0,0.0,,,0,2,0
Uncapped,2032,ROW,EB-3,2061,still_dependent,2,0.0,0.0,0.0,,,0,2,0
Uncapped,2032,ROW,EB-4,2061,still_dependent,2,0.0,0.0,0.0,,,0,2,0
Uncapped,2032,ROW,EB-5,2061,still_dependent,2,0.0,0.0,0.0,,,0,2,0
Uncapped,2033,India,EB-1,2061,still_dependent,2,0.0,0.0,0.0,,,0,2,0
Uncapped,2033,India,EB-2,2061,still_dependent,2,0.0,0.0,0.0,,,0,2,0
Uncapped,2033,India,EB-3,2061,still_dependent,2,0.0,0.0,0.0,,,0,2,0
Uncapped,2033,India,EB-4,2061,still_dependent,2,0.0,0.0,0.0,,,0,2,0
Uncapped,2033,India,EB-5,2061,still_dependent,2,0.0,0.0,0.0,,,0,2,0
Uncapped,2033,China,EB-1,2061,still_dependent,2,0.0,0.0,0.0,,,0,2,0
Uncapped,2033,China,EB-2,2061,still_dependent,2,0.0,0.0,0.0,,,0,2,0
Uncapped,2033,China,EB-3,2061,still_dependent,2,0.0,0.0,0.0,,,0,2,0
Uncapped,2033,China,EB-4,2061,still_dependent,2,0.0,0.0,0.0,,,0,2,0
Uncapped,2033,China,EB-5,2061,still_dependent,2,0.0,0.0,0.0,,,0,2,0
Uncapped,2033,ROW,EB-1,2061,still_dependent,2,0.0,0.0,0.0,,,0,2,0
Uncapped,2033,ROW,EB-2,2061,still_dependent,2,0.0,0.0,0.0,,,0,2,0
Uncapped,2033,ROW,EB-3,2061,still_dependent,2,0.0,0.0,0.0,,,0,2,0
Uncapped,2033,ROW,EB-4,2061,still_dependent,2,0.0,0.0,0.0,,,0,2,0
Uncapped,2033,ROW,EB-5,2061,still_dependent,2,0.0,0.0,0.0,,,0,2,0
Uncapped,2034,India,EB-1,2061,still_dependent,2,0.0,0.0,0.0,,,0,2,0
Uncapped,2034,India,EB-2,2061,still_dependent,2,0.0,0.0,0.0,,,0,2,0
Uncapped,2034,India,EB-3,2061,still_dependent,2,0.0,0.0,0.0,,,0,2,0
Uncapped,2034,India,EB-4,2061,still_dependent,2,0.0,0.0,0.0,,,0,2,0
Uncapped,2034,India,EB-5,2061,still_dependent,2,0.0,0.0,0.0,,,0,2,0
Uncapped,2034,China,EB-1,2061,still_dependent,2,0.0,0.0,0.0,,,0,2,0
Uncapped,2034,China,EB-2,2061,still_dependent,2,0.0,0.0,0.0,,,0,2,0
Uncapped,2034,China,EB-3,2061,still_dependent,2,0.0,0.0,0.0,,,0,2,0
Uncapped,2034,China,EB-4,2061,still_dependent,2,0.0,0.0,0.0,,,0,2,0
Uncapped,2034,China,EB-5,2061,still_dependent,2,0.0,0.0,0.0,,,0,2,0
Uncapped,2034,ROW,EB-1,2061,still_dependent,2,0.0,0.0,0.0,,,0,2,0
Uncapped,2034,ROW,EB-2,2061,still_dependent,2,0.0,0.0,0.0,,,0,2,0
Uncapped,2034,ROW,EB-3,2061,still_dependent,2,0.0,0.0,0.0,,,0,2,0
Uncapped,2034,ROW,EB-4,2061,still_dependent,2,0.0,0.0,0.0,,,0,2,0
Uncapped,2034,ROW,EB-5,2061,still_dependent,2,0.0,0.0,0.0,,,0,2,0
Uncapped,2035,India,EB-1,2061,still_dependent,2,0.0,0.0,0.0,,,0,2,0
Uncapped,2035,India,EB-2,2061,still_dependent,2,0.0,0.0,0.0,,,0,2,0
Uncapped,2035,India,EB-3,2061,still_dependent,2,0.0,0.0,0.0,,,0,2,0
Uncapped,2035,India,EB-4,2061,still_dependent,2,0.0,0.0,0.0,,,0,2,0
Uncapped,2035,India,EB-5,2061,still_dependent,2,0.0,0.0,0.0,,,0,2,0
Uncapped,2035,China,EB-1,2061,still_dependent,2,0.0,0.0,0.0,,,0,2,0
Uncapped,2035,China,EB-2,2061,still_dependent,2,0.0,0.0,0.0,,,0,2,0
Uncapped,2035,China,EB-3,2061,still_dependent,2,0.0,0.0,0.0,,,0,2,0
Uncapped,2035,China,EB-4,2061,still_dependent,2,0.0,0.0,0.0,,,0,2,0
Uncapped,2035,China,EB-5,2061,still_dependent,2,0.0,0.0,0.0,,,0,2,0
Uncapped,2035,ROW,EB-1,2061,still_dependent,2,0.0,0.0,0.0,,,0,2,0
Uncapped,2035,ROW,EB-2,2061,still_dependent,2,0.0,0.0,0.0,,,0,2,0
Uncapped,2035,ROW,EB-3,2061,still_dependent,2,0.0,0.0,0.0,,,0,2,0
Uncapped,2035,ROW,EB-4,2061,still_dependent,2,0.0,0.0,0.0,,,0,2,0
Uncapped,2035,ROW,EB-5,2061,still_dependent,2,0.0,0.0,0.0,,,0,2,0
Uncapped,2036,India,EB-1,2061,still_dependent,2,0.0,0.0,0.0,,,0,2,0
Uncapped,2036,India,EB-2,2061,still_dependent,2,0.0,0.0,0.0,,,0,2,0
Uncapped,2036,India,EB-3,2061,still_dependent,2,0.0,0.0,0.0,,,0,2,0
Uncapped,2036,India,EB-4,2061,still_dependent,2,0.0,0.0,0.0,,,0,2,0
Uncapped,2036,India,EB-5,2061,still_dependent,2,0.0,0.0,0.0,,,0,2,0
Uncapped,2036,China,EB-1,2061,still_dependent,2,0.0,0.0,0.0,,,0,2,0
Uncapped,2036,China,EB-2,2061,still_dependent,2,0.0,0.0,0.0,,,0,2,0
Uncapped,2036,China,EB-3,2061,still_dependent,2,0.0,0.0,0.0,,,0,2,0
Uncapped,2036,China,EB-4,2061,still_dependent,2,0.0,0.0,0.0,,,0,2,0
Uncapped,2036,China,EB-5,2061,still_dependent,2,0.0,0.0,0.0,,,0,2,0
Uncapped,2036,ROW,EB-1,2061,still_dependent,2,0.0,0.0,0.0,,,0,2,0
Uncapped,2036,ROW,EB-2,2061,still_dependent,2,0.0,0.0,0.0,,,0,2,0
Uncapped,2036,ROW,EB-3,2061,still_dependent,2,0.0,0.0,0.0,,,0,2,0
Uncapped,2036,ROW,EB-4,2061,still_dependent,2,0.0,0.0,0.0,,,0,2,0
Uncapped,2036,ROW,EB-5,2061,still_dependent,2,0.0,0.0,0.0,,,0,2,0
Uncapped,2037,India,EB-1,2061,still_dependent,2,0.0,0.0,0.0,,,0,2,0
Uncapped,2037,India,EB-2,2061,still_dependent,2,0.0,0.0,0.0,,,0,2,0
Uncapped,2037,India,EB-3,2061,still_dependent,2,0.0,0.0,0.0,,,0,2,0
Uncapped,2037,India,EB-4,2061,still_dependent,2,0.0,0.0,0.0,,,0,2,0
Uncapped,2037,India,EB-5,2061,still_dependent,2,0.0,0.0,0.0,,,0,2,0
Uncapped,2037,China,EB-1,2061,still_dependent,2,0.0,0.0,0.0,,,0,2,0
Uncapped,2037,China,EB-2,2061,still_dependent,2,0.0,0.0,0.0,,,0,2,0
Uncapped,2037,China,EB-3,2061,still_dependent,2,0.0,0.0,0.0,,,0,2,0
Uncapped,2037,China,EB-4,2061,still_dependent,2,0.0,0.0,0.0,,,0,2,0
Uncapped,2037,China,EB-5,2061,still_dependent,2,0.0,0.0,0.0,,,0,2,0
Uncapped,2037,ROW,EB-1,2061,still_dependent,2,0.0,0.0,0.0,,,0,2,0
Uncapped,2037,ROW,EB-2,2061,still_dependent,2,0.0,0.0,0.0,,,0,2,0
Uncapped,2037,ROW,EB-3,2061,still_dependent,2,0.0,0.0,0.0,,,0,2,0
Uncapped,2037,ROW,EB-4,2061,still_dependent,2,0.0,0.0,0.0,,,0,2,0
Uncapped,2037,ROW,EB-5,2061,still_dependent,2,0.0,0.0,0.0,,,0,2,0
Uncapped,2038,India,EB-1,2061,still_dependent,2,0.0,0.0,0.0,,,0,2,0
Uncapped,2038,India,EB-2,2061,still_dependent,2,0.0,0.0,0.0,,,0,2,0
Uncapped,2038,India,EB-3,2061,still_dependent,2,0.0,0.0,0.0,,,0,2,0
Uncapped,2038,India,EB-4,2061,still_dependent,2,0.0,0.0,0.0,,,0,2,0
Uncapped,2038,India,EB-5,2061,still_dependent,2,0.0,0.0,0.0,,,0,2,0
Uncapped,2038,China,EB-1,2061,still_dependent,2,0.0,0.0,0.0,,,0,2,0
Uncapped,2038,China,EB-2,2061,still_dependent,2,0.0,0.0,0.0,,,0,2,0
Uncapped,2038,China,EB-3,2061,still_dependent,2,0.0,0.0,0.0,,,0,2,0
Uncapped,2038,China,EB-4,2061,still_dependent,2,0.0,0.0,0.0,,,0,2,0
Uncapped,2038,China,EB-5,2061,still_dependent,2,0.0,0.0,0.0,,,0,2,0
Uncapped,2038,ROW,EB-1,2061,still_dependent,2,0.0,0.0,0.0,,,0,2,0
Uncapped,2038,ROW,EB-2,2061,still_dependent,2,0.0,0.0,0.0,,,0,2,0
Uncapped,2038,ROW,EB-3,2061,still_dependent,2,0.0,0.0,0.0,,,0,2,0
Uncapped,2038,ROW,EB-4,2061,still_dependent,2,0.0,0.0,0.0,,,0,2,0
Uncapped,2038,ROW,EB-5,2061,still_dependent,2,0.0,0.0,0.0,,,0,2,0
Uncapped,2039,India,EB-1,2061,still_dependent,2,0.0,0.0,0.0,,,0,2,0
Uncapped,2039,India,EB-2,2061,still_dependent,2,0.0,0.0,0.0,,,0,2,0
Uncapped,2039,India,EB-3,2061,still_dependent,2,0.0,0.0,0.0,,,0,2,0
Uncapped,2039,India,EB-4,2061,still_dependent,2,0.0,0.0,0.0,,,0,2,0
Uncapped,2039,India,EB-5,2061,still_dependent,2,0.0,0.0,0.0,,,0,2,0
Uncapped,2039,China,EB-1,2061,still_dependent,2,0.0,0.0,0.0,,,0,2,0
Uncapped,2039,China,EB-2,2061,still_dependent,2,0.0,0.0,0.0,,,0,2,0
Uncapped,2039,China,EB-3,2061,still_dependent,2,0.0,0.0,0.0,,,0,2,0
Uncapped,2039,China,EB-4,2061,still_dependent,2,0.0,0.0,0.0,,,0,2,0
Uncapped,2039,China,EB-5,2061,still_dependent,2,0.0,0.0,0.0,,,0,2,0
Uncapped,2039,ROW,EB-1,2061,still_dependent,2,0.0,0.0,0.0,,,0,2,0
Uncapped,2039,ROW,EB-2,2061,still_dependent,2,0.0,0.0,0.0,,,0,2,0
Uncapped,2039,ROW,EB-3,2061,still_dependent,2,0.0,0.0,0.0,,,0,2,0
Uncapped,2039,ROW,EB-4,2061,still_dependent,2,0.0,0.0,0.0,,,0,2,0
Uncapped,2039,ROW,EB-5,2061,still_dependent,2,0.0,0.0,0.0,,,0,2,0
Uncapped,2040,India,EB-1,2061,still_dependent,2,0.0,0.0,0.0,,,0,2,0
Uncapped,2040,India,EB-2,2061,still_dependent,2,0.0,0.0,0.0,,,0,2,0
Uncapped,2040,India,EB-3,2061,still_dependent,2,0.0,0.0,0.0,,,0,2,0
Uncapped,2040,India,EB-4,2061,still_dependent,2,0.0,0.0,0.0,,,0,2,0
Uncapped,2040,India,EB-5,2061,still_dependent,2,0.0,0.0,0.0,,,0,2,0
Uncapped,2040,China,EB-1,2061,still_dependent,2,0.0,0.0,0.0,,,0,2,0
Uncapped,2040,China,EB-2,2061,still_dependent,2,0.0,0.0,0.0,,,0,2,0
Uncapped,2040,China,EB-3,2061,still_dependent,2,0.0,0.0,0.0,,,0,2,0
Uncapped,2040,China,EB-4,2061,still_dependent,2,0.0,0.0,0.0,,,0,2,0
Uncapped,2040,China,EB-5,2061,still_dependent,2,0.0,0.0,0.0,,,0,2,0
Uncapped,2040,ROW,EB-1,2061,still_dependent,2,0.0,0.0,0.0,,,0,2,0
Uncapped,2040,ROW,EB-2,2061,still_dependent,2,0.0,0.0,0.0,,,0,2,0
Uncapped,2040,ROW,EB-3,2061,still_dependent,2,0.0,0.0,0.0,,,0,2,0
Uncapped,2040,ROW,EB-4,2061,still_dependent,2,0.0,0.0,0.0,,,0,2,0
Uncapped,2040,ROW,EB-5,2061,still_dependent,2,0.0,0.0,0.0,,,0,2,0
Capped,2009,India,EB-1,2061,still_dependent,2,0.0,0.0,0.0,,,0,2,0
Capped,2009,India,EB-2,2061,still_dependent,2,0.0,0.0,0.0,,,0,2,0
Capped,2009,India,EB-3,2061,still_dependent,2,0.0,0.0,0.0,,,0,2,0
Capped,2009,India,EB-4,2061,still_dependent,2,0.0,0.0,0.0,,,0,2,0
Capped,2009,India,EB-5,2061,still_dependent,2,0.0,0.0,0.0,,,0,2,0
Capped,2009,China,EB-1,2061,still_dependent,2,0.0,0.0,0.0,,,0,2,0
Capped,2009,China,EB-2,2061,still_dependent,2,0.0,0.0,0.0,,,0,2,0
Capped,2009,China,EB-3,2061,still_dependent,2,0.0,0.0,0.0,,,0,2,0
Capped,2009,China,EB-4,2061,still_dependent,2,0.0,0.0,0.0,,,0,2,0
Capped,2009,China,EB-5,2061,still_dependent,2,0.0,0.0,0.0,,,0,2,0
Capped,2009,ROW,EB-1,2061,still_dependent,2,0.0,0.0,0.0,,,0,2,0
Capped,2009,ROW,EB-2,2061,still_dependent,2,0.0,0.0,0.0,,,0,2,0
Capped,2009,ROW,EB-3,2061,still_dependent,2,0.0,0.0,0.0,,,0,2,0
Capped,2009,ROW,EB-4,2061,still_dependent,2,0.0,0.0,0.0,,,0,2,0
Capped,2009,ROW,EB-5,2061,still_dependent,2,0.0,0.0,0.0,,,0,2,0
Capped,2010,India,EB-1,2061,still_dependent,2,0.0,0.0,0.0,,,0,2,0
Capped,2010,India,EB-2,2061,still_dependent,2,0.0,0.0,0.0,,,0,2,0
Capped,2010,India,EB-3,2061,still_dependent,2,0.0,0.0,0.0,,,0,2,0
Capped,2010,India,EB-4,2061,still_dependent,2,0.0,0.0,0.0,,,0,2,0
Capped,2010,India,EB-5,2061,still_dependent,2,0.0,0.0,0.0,,,0,2,0
Capped,2010,China,EB-1,2061,still_dependent,2,0.0,0.0,0.0,,,0,2,0
Capped,2010,China,EB-2,2061,still_dependent,2,0.0,0.0,0.0,,,0,2,0
Capped,2010,China,EB-3,2061,still_dependent,2,0.0,0.0,0.0,,,0,2,0
Capped,2010,China,EB-4,2061,still_dependent,2,0.0,0.0,0.0,,,0,2,0
Capped,2010,China,EB-5,2061,still_dependent,2,0.0,0.0,0.0,,,0,2,0
Capped,2010,ROW,EB-1,2061,still_dependent,2,0.0,0.0,0.0,,,0,2,0
Capped,2010,ROW,EB-2,2061,still_dependent,2,0.0,0.0,0.0,,,0,2,0
Capped,2010,ROW,EB-3,2061,still_dependent,2,0.0,0.0,0.0,,,0,2,0
Capped,2010,ROW,EB-4,2061,still_dependent,2,0.0,0.0,0.0,,,0,2,0
Capped,2010,ROW,EB-5,2061,still_dependent,2,0.0,0.0,0.0,,,0,2,0
Capped,2011,India,EB-1,2061,still_dependent,2,0.0,0.0,0.0,,,0,2,0
Capped,2011,India,EB-2,2061,still_dependent,2,0.0,0.0,0.0,,,0,2,0
Capped,2011,India,EB-3,2061,still_dependent,2,0.0,0.0,0.0,,,0,2,0
Capped,2011,India,EB-4,2061,still_dependent,2,0.0,0.0,0.0,,,0,2,0
Capped,2011,India,EB-5,2061,still_dependent,2,0.0,0.0,0.0,,,0,2,0
Capped,2011,China,EB-1,2061,still_dependent,2,0.0,0.0,0.0,,,0,2,0
Capped,2011,China,EB-2,2061,still_dependent,2,0.0,0.0,0.0,,,0,2,0
Capped,2011,China,EB-3,2061,still_dependent,2,0.0,0.0,0.0,,,0,2,0
Capped,2011,China,EB-4,2061,still_dependent,2,0.0,0.0,0.0,,,0,2,0
Capped,2011,China,EB-5,2061,still_dependent,2,0.0,0.0,0.0,,,0,2,0
Capped,2011,ROW,EB-1,2061,still_dependent,2,0.0,0.0,0.0,,,0,2,0
Capped,2011,ROW,EB-2,2061,still_dependent,2,0.0,0.0,0.0,,,0,2,0
Capped,2011,ROW,EB-3,2061,still_dependent,2,0.0,0.0,0.0,,,0,2,0
Capped,2011,ROW,EB-4,2061,still_dependent,2,0.0,0.0,0.0,,,0,2,0
Capped,2011,ROW,EB-5,2061,still_dependent,2,0.0,0.0,0.0,,,0,2,0
Capped,2012,India,EB-1,2061,still_dependent,2,0.0,0.0,0.0,,,0,2,0
Capped,2012,India,EB-2,2061,still_dependent,2,0.0,0.0,0.0,,,0,2,0
Capped,2012,India,EB-3,2061,still_dependent,2,0.0,0.0,0.0,,,0,2,0
Capped,2012,India,EB-4,2061,still_dependent,2,0.0,0.0,0.0,,,0,2,0
Capped,2012,India,EB-5,2061,still_dependent,2,0.0,0.0,0.0,,,0,2,0
Capped,2012,China,EB-1,2061,still_dependent,2,0.0,0.0,0.0,,,0,2,0
Capped,2012,China,EB-2,2061,still_dependent,2,0.0,0.0,0.0,,,0,2,0
Capped,2012,China,EB-3,2061,still_dependent,2,0.0,0.0,0.0,,,0,2,0
Capped,2012,China,EB-4,2061,still_dependent,2,0.0,0.0,0.0,,,0,2,0
Capped,2012,China,EB-5,2061,still_dependent,2,0.0,0.0,0.0,,,0,2,0
Capped,2012,ROW,EB-1,2061,still_dependent,2,0.0,0.0,0.0,,,0,2,0
Capped,2012,ROW,EB-2,2061,still_dependent,2,0.0,0.0,0.0,,,0,2,0
Capped,2012,ROW,EB-3,2061,still_dependent,2,0.0,0.0,0.0,,,0,2,0
Capped,2012,ROW,EB-4,2061,still_dependent,2,0.0,0.0,0.0,,,0,2,0
Capped,2012,ROW,EB-5,2061,still_dependent,2,0.0,0.0,0.0,,,0,2,0
Capped,2013,India,EB-1,2061,still_dependent,2,0.0,0.0,0.0,,,0,2,0
Capped,2013,India,EB-2,2061,still_dependent,2,0.0,0.0,0.0,,,0,2,0
Capped,2013,India,EB-3,2061,still_dependent,2,0.0,0.0,0.0,,,0,2,0
Capped,2013,India,EB-4,2061,still_dependent,2,0.0,0.0,0.0,,,0,2,0
Capped,2013,India,EB-5,2061,still_dependent,2,0.0,0.0,0.0,,,0,2,0
Capped,2013,China,EB-1,2061,still_dependent,2,0.0,0.0,0.0,,,0,2,0
Capped,2013,China,EB-2,2061,still_dependent,2,0.0,0.0,0.0,,,0,2,0
Capped,2013,China,EB-3,2061,still_dependent,2,0.0,0.0,0.0,,,0,2,0
Capped,2013,China,EB-4,2061,still_dependent,2,0.0,0.0,0.0,,,0,2,0
Capped,2013,China,EB-5,2061,still_dependent,2,0.0,0.0,0.0,,,0,2,0
Capped,2013,ROW,EB-1,2061,still_dependent,2,0.0,0.0,0.0,,,0,2,0
Capped,2013,ROW,EB-2,2061,still_dependent,2,0.0,0.0,0.0,,,0,2,0
Capped,2013,ROW,EB-3,2061,still_dependent,2,0.0,0.0,0.0,,,0,2,0
Capped,2013,ROW,EB-4,2061,still_dependent,2,0.0,0.0,0.0,,,0,2,0
Capped,2013,ROW,EB-5,2061,still_dependent,2,0.0,0.0,0.0,,,0,2,0
Capped,2014,India,EB-1,2061,still_dependent,2,0.0,0.0,0.0,,,0,2,0
Capped,2014,India,EB-2,2061,still_dependent,2,0.0,0.0,0.0,,,0,2,0
Capped,2014,India,EB-3,2061,still_dependent,2,0.0,0.0,0.0,,,0,2,0
Capped,2014,India,EB-4,2061,still_dependent,2,0.0,0.0,0.0,,,0,2,0
Capped,2014,India,EB-5,2061,still_dependent,2,0.0,0.0,0.0,,,0,2,0
Capped,2014,China,EB-1,2061,still_dependent,2,0.0,0.0,0.0,,,0,2,0
Capped,2014,China,EB-2,2061,still_dependent,2,0.0,0.0,0.0,,,0,2,0
Capped,2014,China,EB-3,2061,still_dependent,2,0.0,0.0,0.0,,,0,2,0
Capped,2014,China,EB-4,2061,still_dependent,2,0.0,0.0,0.0,,,0,2,0
Capped,2014,China,EB-5,2061,still_dependent,2,0.0,0.0,0.0,,,0,2,0
Capped,2014,ROW,EB-1,2061,still_dependent,2,0.0,0.0,0.0,,,0,2,0
Capped,2014,ROW,EB-2,2061,still_dependent,2,0.0,0.0,0.0,,,0,2,0
Capped,2014,ROW,EB-3,2061,still_dependent,2,0.0,0.0,0.0,,,0,2,0
Capped,2014,ROW,EB-4,2061,still_dependent,2,0.0,0.0,0.0,,,0,2,0
Capped,2014,ROW,EB-5,2061,still_dependent,2,0.0,0.0,0.0,,,0,2,0
Capped,2015,India,EB-1,2061,still_dependent,2,0.0,0.0,0.0,,,0,2,0
Capped,2015,India,EB-2,2061,still_dependent,2,0.0,0.0,0.0,,,0,2,0
Capped,2015,India,EB-3,2061,still_dependent,2,0.0,0.0,0.0,,,0,2,0
Capped,2015,India,EB-4,2061,still_dependent,2,0.0,0.0,0.0,,,0,2,0
Capped,2015,India,EB-5,2061,still_dependent,2,0.0,0.0,0.0,,,0,2,0
Capped,2015,China,EB-1,2061,still_dependent,2,0.0,0.0,0.0,,,0,2,0
Capped,2015,China,EB-2,2061,still_dependent,2,0.0,0.0,0.0,,,0,2,0
Capped,2015,China,EB-3,2061,still_dependent,2,0.0,0.0,0.0,,,0,2,0
Capped,2015,China,EB-4,2061,still_dependent,2,0.0,0.0,0.0,,,0,2,0
Capped,2015,China,EB-5,2061,still_dependent,2,0.0,0.0,0.0,,,0,2,0
Capped,2015,ROW,EB-1,2061,still_dependent,2,0.0,0.0,0.0,,,0,2,0
Capped,2015,ROW,EB-2,2061,still_dependent,2,0.0,0.0,0.0,,,0,2,0
Capped,2015,ROW,EB-3,2061,still_dependent,2,0.0,0.0,0.0,,,0,2,0
Capped,2015,ROW,EB-4,2061,still_dependent,2,0.0,0.0,0.0,,,0,2,0
Capped,2015,ROW,EB-5,2061,still_dependent,2,0.0,0.0,0.0,,,0,2,0
Capped,2016,India,EB-1,2061,still_dependent,2,0.0,0.0,0.0,,,0,2,0
Capped,2016,India,EB-2,2061,still_dependent,2,0.0,0.0,0.0,,,0,2,0
Capped,2016,India,EB-3,2061,still_dependent,2,0.0,0.0,0.0,,,0,2,0
Capped,2016,India,EB-4,2061,still_dependent,2,0.0,0.0,0.0,,,0,2,0
Capped,2016,India,EB-5,2061,still_dependent,2,0.0,0.0,0.0,,,0,2,0
Capped,2016,China,EB-1,2061,still_dependent,2,0.0,0.0,0.0,,,0,2,0
Capped,2016,China,EB-2,2061,still_dependent,2,0.0,0.0,0.0,,,0,2,0
Capped,2016,China,EB-3,2061,still_dependent,2,0.0,0.0,0.0,,,0,2,0
Capped,2016,China,EB-4,2061,still_dependent,2,0.0,0.0,0.0,,,0,2,0
Capped,2016,China,EB-5,2061,still_dependent,2,0.0,0.0,0.0,,,0,2,0
Capped,2016,ROW,EB-1,2061,still_dependent,2,0.0,0.0,0.0,,,0,2,0
Capped,2016,ROW,EB-2,2061,still_dependent,2,0.0,0.0,0.0,,,0,2,0
Capped,2016,ROW,EB-3,2061,still_dependent,2,0.0,0.0,0.0,,,0,2,0
Capped,2016,ROW,EB-4,2061,still_dependent,2,0.0,0.0,0.0,,,0,2,0
Capped,2016,ROW,EB-5,2061,still_dependent,2,0.0,0.0,0.0,,,0,2,0
Capped,2017,India,EB-1,2061,still_dependent,2,0.0,0.0,0.0,,,0,2,0
Capped,2017,India,EB-2,2061,still_dependent,2,0.0,0.0,0.0,,,0,2,0
Capped,2017,India,EB-3,2061,still_dependent,2,0.0,0.0,0.0,,,0,2,0
Capped,2017,India,EB-4,2061,still_dependent,2,0.0,0.0,0.0,,,0,2,0
Capped,2017,India,EB-5,2061,still_dependent,2,0.0,0.0,0.0,,,0,2,0
Capped,2017,China,EB-1,2061,still_dependent,2,0.0,0.0,0.0,,,0,2,0
Capped,2017,China,EB-2,2061,still_dependent,2,0.0,0.0,0.0,,,0,2,0
Capped,2017,China,EB-3,2061,still_dependent,2,0.0,0.0,0.0,,,0,2,0
Capped,2017,China,EB-4,2061,still_dependent,2,0.0,0.0,0.0,,,0,2,0
Capped,2017,China,EB-5,2061,still_dependent,2,0.0,0.0,0.0,,,0,2,0
Capped,2017,ROW,EB-1,2061,still_dependent,2,0.0,0.0,0.0,,,0,2,0
Capped,2017,ROW,EB-2,2061,still_dependent,2,0.0,0.0,0.0,,,0,2,0
Capped,2017,ROW,EB-3,2061,still_dependent,2,0.0,0.0,0.0,,,0,2,0
Capped,2017,ROW,EB-4,2061,still_dependent,2,0.0,0.0,0.0,,,0,2,0
Capped,2017,ROW,EB-5,2061,still_dependent,2,0.0,0.0,0.0,,,0,2,0
Capped,2018,India,EB-1,2061,still_dependent,2,0.0,0.0,0.0,,,0,2,0
Capped,2018,India,EB-2,2061,still_dependent,2,0.0,0.0,0.0,,,0,2,0
Capped,2018,India,EB-3,2061,still_dependent,2,0.0,0.0,0.0,,,0,2,0
Capped,2018,India,EB-4,2061,still_dependent,2,0.0,0.0,0.0,,,0,2,0
Capped,2018,India,EB-5,2061,still_dependent,2,0.0,0.0,0.0,,,0,2,0
Capped,2018,China,EB-1,2061,still_dependent,2,0.0,0.0,0.0,,,0,2,0
Capped,2018,China,EB-2,2061,still_dependent,2,0.0,0.0,0.0,,,0,2,0
Capped,2018,China,EB-3,2061,still_dependent,2,0.0,0.0,0.0,,,0,2,0
Capped,2018,China,EB-4,2061,still_dependent,2,0.0,0.0,0.0,,,0,2,0
Capped,2018,China,EB-5,2061,still_dependent,2,0.0,0.0,0.0,,,0,2,0
Capped,2018,ROW,EB-1,2061,still_dependent,2,0.0,0.0,0.0,,,0,2,0
Capped,2018,ROW,EB-2,2061,still_dependent,2,0.0,0.0,0.0,,,0,2,0
Capped,2018,ROW,EB-3,2061,still_dependent,2,0.0,0.0,0.0,,,0,2,0
Capped,2018,ROW,EB-4,2061,still_dependent,2,0.0,0.0,0.0,,,0,2,0
Capped,2018,ROW,EB-5,2061,still_dependent,2,0.0,0.0,0.0,,,0,2,0
Capped,2019,India,EB-1,2061,still_dependent,2,0.0,0.0,0.0,,,0,2,0
Capped,2019,India,EB-2,2061,still_dependent,2,0.0,0.0,0.0,,,0,2,0
Capped,2019,India,EB-3,2061,still_dependent,2,0.0,0.0,0.0,,,0,2,0
Capped,2019,India,EB-4,2061,still_dependent,2,0.0,0.0,0.0,,,0,2,0
Capped,2019,India,EB-5,2061,still_dependent,2,0.0,0.0,0.0,,,0,2,0
Capped,2019,China,EB-1,2061,still_dependent,2,0.0,0.0,0.0,,,0,2,0
Capped,2019,China,EB-2,2061,still_dependent,2,0.0,0.0,0.0,,,0,2,0
Capped,2019,China,EB-3,2061,still_dependent,2,0.0,0.0,0.0,,,0,2,0
Capped,2019,China,EB-4,2061,still_dependent,2,0.0,0.0,0.0,,,0,2,0
Capped,2019,China,EB-5,2061,still_dependent,2,0.0,0.0,0.0,,,0,2,0
Capped,2019,ROW,EB-1,2061,still_dependent,2,0.0,0.0,0.0,,,0,2,0
Capped,2019,ROW,EB-2,2061,still_dependent,2,0.0,0.0,0.0,,,0,2,0
Capped,2019,ROW,EB-3,2061,still_dependent,2,0.0,0.0,0.0,,,0,2,0
Capped,2019,ROW,EB-4,2061,still_dependent,2,0.0,0.0,0.0,,,0,2,0
Capped,2019,ROW,EB-5,2061,still_dependent,2,0.0,0.0,0.0,,,0,2,0
Capped,2020,India,EB-1,2061,still_dependent,2,0.0,0.0,0.0,,,0,2,0
Capped,2020,India,EB-2,2061,still_dependent,2,0.0,0.0,0.0,,,0,2,0
Capped,2020,India,EB-3,2061,still_dependent,2,0.0,0.0,0.0,,,0,2,0
Capped,2020,India,EB-4,2061,still_dependent,2,0.0,0.0,0.0,,,0,2,0
Capped,2020,India,EB-5,2061,still_dependent,2,0.0,0.0,0.0,,,0,2,0
Capped,2020,China,EB-1,2061,still_dependent,2,0.0,0.0,0.0,,,0,2,0
Capped,2020,China,EB-2,2061,still_dependent,2,0.0,0.0,0.0,,,0,2,0
Capped,2020,China,EB-3,2061,still_dependent,2,0.0,0.0,0.0,,,0,2,0
Capped,2020,China,EB-4,2061,still_dependent,2,0.0,0.0,0.0,,,0,2,0
Capped,2020,China,EB-5,2061,still_dependent,2,0.0,0.0,0.0,,,0,2,0
Capped,2020,ROW,EB-1,2061,still_dependent,2,0.0,0.0,0.0,,,0,2,0
Capped,2020,ROW,EB-2,2061,still_dependent,2,0.0,0.0,0.0,,,0,2,0
Capped,2020,ROW,EB-3,2061,still_dependent,2,0.0,0.0,0.0,,,0,2,0
Capped,2020,ROW,EB-4,2061,still_dependent,2,0.0,0.0,0.0,,,0,2,0
Capped,2020,ROW,EB-5,2061,still_dependent,2,0.0,0.0,0.0,,,0,2,0
Capped,2021,India,EB-1,2061,still_dependent,2,0.0,0.0,0.0,,,0,2,0
Capped,2021,India,EB-2,2061,still_dependent,2,0.0,0.0,0.0,,,0,2,0
Capped,2021,India,EB-3,2061,still_dependent,2,0.0,0.0,0.0,,,0,2,0
Capped,2021,India,EB-4,2061,still_dependent,2,0.0,0.0,0.0,,,0,2,0
Capped,2021,India,EB-5,2061,still_dependent,2,0.0,0.0,0.0,,,0,2,0
Capped,2021,China,EB-1,2061,still_dependent,2,0.0,0.0,0.0,,,0,2,0
Capped,2021,China,EB-2,2061,still_dependent,2,0.0,0.0,0.0,,,0,2,0
Capped,2021,China,EB-3,2061,still_dependent,2,0.0,0.0,0.0,,,0,2,0
Capped,2021,China,EB-4,2061,still_dependent,2,0.0,0.0,0.0,,,0,2,0
Capped,2021,China,EB-5,2061,still_dependent,2,0.0,0.0,0.0,,,0,2,0
Capped,2021,ROW,EB-1,2061,still_dependent,2,0.0,0.0,0.0,,,0,2,0
Capped,2021,ROW,EB-2,2061,still_dependent,2,0.0,0.0,0.0,,,0,2,0
Capped,2021,ROW,EB-3,2061,still_dependent,2,0.0,0.0,0.0,,,0,2,0
Capped,2021,ROW,EB-4,2061,still_dependent,2,0.0,0.0,0.0,,,0,2,0
Capped,2021,ROW,EB-5,2061,still_dependent,2,0.0,0.0,0.0,,,0,2,0
Capped,2022,India,EB-1,2061,still_dependent,2,0.0,0.0,0.0,,,0,2,0
Capped,2022,India,EB-2,2061,still_dependent,2,0.0,0.0,0.0,,,0,2,0
Capped,2022,India,EB-3,2061,still_dependent,2,0.0,0.0,0.0,,,0,2,0
Capped,2022,India,EB-4,2061,still_dependent,2,0.0,0.0,0.0,,,0,2,0
Capped,2022,India,EB-5,2061,still_dependent,2,0.0,0.0,0.0,,,0,2,0
Capped,2022,China,EB-1,2061,still_dependent,2,0.0,0.0,0.0,,,0,2,0
Capped,2022,China,EB-2,2061,still_dependent,2,0.0,0.0,0.0,,,0,2,0
Capped,2022,China,EB-3,2061,still_dependent,2,0.0,0.0,0.0,,,0,2,0
Capped,2022,China,EB-4,2061,still_dependent,2,0.0,0.0,0.0,,,0,2,0
Capped,2022,China,EB-5,2061,still_dependent,2,0.0,0.0,0.0,,,0,2,0
Capped,2022,ROW,EB-1,2061,still_dependent,2,0.0,0.0,0.0,,,0,2,0
Capped,2022,ROW,EB-2,2061,still_dependent,2,0.0,0.0,0.0,,,0,2,0
Capped,2022,ROW,EB-3,2061,still_dependent,2,0.0,0.0,0.0,,,0,2,0
Capped,2022,ROW,EB-4,2061,still_dependent,2,0.0,0.0,0.0,,,0,2,0
Capped,2022,ROW,EB-5,2061,still_dependent,2,0.0,0.0,0.0,,,0,2,0
Capped,2023,India,EB-1,2061,still_dependent,2,0.0,0.0,0.0,,,0,2,0
Capped,2023,India,EB-2,2061,still_dependent,2,0.0,0.0,0.0,,,0,2,0
Capped,2023,India,EB-3,2061,still_dependent,2,0.0,0.0,0.0,,,0,2,0
Capped,2023,India,EB-4,2061,still_dependent,2,0.0,0.0,0.0,,,0,2,0
Capped,2023,India,EB-5,2061,still_dependent,2,0.0,0.0,0.0,,,0,2,0
Capped,2023,China,EB-1,2061,still_dependent,2,0.0,0.0,0.0,,,0,2,0
Capped,2023,China,EB-2,2061,still_dependent,2,0.0,0.0,0.0,,,0,2,0
Capped,2023,China,EB-3,2061,still_dependent,2,0.0,0.0,0.0,,,0,2,0
Capped,2023,China,EB-4,2061,still_dependent,2,0.0,0.0,0.0,,,0,2,0
Capped,2023,China,EB-5,2061,still_dependent,2,0.0,0.0,0.0,,,0,2,0
Capped,2023,ROW,EB-1,2061,still_dependent,2,0.0,0.0,0.0,,,0,2,0
Capped,2023,ROW,EB-2,2061,still_dependent,2,0.0,0.0,0.0,,,0,2,0
Capped,2023,ROW,EB-3,2061,still_dependent,2,0.0,0.0,0.0,,,0,2,0
Capped,2023,ROW,EB-4,2061,still_dependent,2,0.0,0.0,0.0,,,0,2,0
Capped,2023,ROW,EB-5,2061,still_dependent,2,0.0,0.0,0.0,,,0,2,0
Capped,2024,India,EB-1,2061,still_dependent,2,0.0,0.0,0.0,,,0,2,0
Capped,2024,India,EB-2,2061,still_dependent,2,0.0,0.0,0.0,,,0,2,0
Capped,2024,India,EB-3,2061,still_dependent,2,0.0,0.0,0.0,,,0,2,0
Capped,2024,India,EB-4,2061,still_dependent,2,0.0,0.0,0.0,,,0,2,0
Capped,2024,India,EB-5,2061,still_dependent,2,0.0,0.0,0.0,,,0,2,0
Capped,2024,China,EB-1,2061,still_dependent,2,0.0,0.0,0.0,,,0,2,0
Capped,2024,China,EB-2,2061,still_dependent,2,0.0,0.0,0.0,,,0,2,0
Capped,2024,China,EB-3,2061,still_dependent,2,0.0,0.0,0.0,,,0,2,0
Capped,2024,China,EB-4,2061,still_dependent,2,0.0,0.0,0.0,,,0,2,0
Capped,2024,China,EB-5,2061,still_dependent,2,0.0,0.0,0.0,,,0,2,0
Capped,2024,ROW,EB-1,2061,still_dependent,2,0.0,0.0,0.0,,,0,2,0
Capped,2024,ROW,EB-2,2061,still_dependent,2,0.0,0.0,0.0,,,0,2,0
Capped,2024,ROW,EB-3,2061,still_dependent,2,0.0,0.0,0.0,,,0,2,0
Capped,2024,ROW,EB-4,2061,still_dependent,2,0.0,0.0,0.0,,,0,2,0
Capped,2024,ROW,EB-5,2061,still_dependent,2,0.0,0.0,0.0,,,0,2,0
Capped,2025,India,EB-1,2061,still_dependent,2,0.0,0.0,0.0,,,0,2,0
Capped,2025,India,EB-2,2061,still_dependent,2,0.0,0.0,0.0,,,0,2,0
Capped,2025,India,EB-3,2061,still_dependent,2,0.0,0.0,0.0,,,0,2,0
Capped,2025,India,EB-4,2061,still_dependent,2,0.0,0.0,0.0,,,0,2,0
Capped,2025,India,EB-5,2061,still_dependent,2,0.0,0.0,0.0,,,0,2,0
Capped,2025,China,EB-1,2061,still_dependent,2,0.0,0.0,0.0,,,0,2,0
Capped,2025,China,EB-2,2061,still_dependent,2,0.0,0.0,0.0,,,0,2,0
Capped,2025,China,EB-3,2061,still_dependent,2,0.0,0.0,0.0,,,0,2,0
Capped,2025,China,EB-4,2061,still_dependent,2,0.0,0.0,0.0,,,0,2,0
Capped,2025,China,EB-5,2061,still_dependent,2,0.0,0.0,0.0,,,0,2,0
Capped,2025,ROW,EB-1,2061,still_dependent,2,0.0,0.0,0.0,,,0,2,0
Capped,2025,ROW,EB-2,2061,still_dependent,2,0.0,0.0,0.0,,,0,2,0
Capped,2025,ROW,EB-3,2061,still_dependent,2,0.0,0.0,0.0,,,0,2,0
Capped,2025,ROW,EB-4,2061,still_dependent,2,0.0,0.0,0.0,,,0,2,0
Capped,2025,ROW,EB-5,2061,still_dependent,2,0.0,0.0,0.0,,,0,2,0
Capped,2026,India,EB-1,2061,still_dependent,2,0.0,0.0,0.0,,,0,2,0
Capped,2026,India,EB-2,2061,still_dependent,2,0.0,0.0,0.0,,,0,2,0
Capped,2026,India,EB-3,2061,still_dependent,2,0.0,0.0,0.0,,,0,2,0
Capped,2026,India,EB-4,2061,still_dependent,2,0.0,0.0,0.0,,,0,2,0
Capped,2026,India,EB-5,2061,still_dependent,2,0.0,0.0,0.0,,,0,2,0
Capped,2026,China,EB-1,2061,still_dependent,2,0.0,0.0,0.0,,,0,2,0
Capped,2026,China,EB-2,2061,still_dependent,2,0.0,0.0,0.0,,,0,2,0
Capped,2026,China,EB-3,2061,still_dependent,2,0.0,0.0,0.0,,,0,2,0
Capped,2026,China,EB-4,2061,still_dependent,2,0.0,0.0,0.0,,,0,2,0
Capped,2026,China,EB-5,2061,still_dependent,2,0.0,0.0,0.0,,,0,2,0
Capped,2026,ROW,EB-1,2061,still_dependent,2,0.0,0.0,0.0,,,0,2,0
Capped,2026,ROW,EB-2,2061,still_dependent,2,0.0,0.0,0.0,,,0,2,0
Capped,2026,ROW,EB-3,2061,still_dependent,2,0.0,0.0,0.0,,,0,2,0
Capped,2026,ROW,EB-4,2061,still_dependent,2,0.0,0.0,0.0,,,0,2,0
Capped,2026,ROW,EB-5,2061,still_dependent,2,0.0,0.0,0.0,,,0,2,0
Capped,2027,India,EB-1,2061,still_dependent,2,0.0,0.0,0.0,,,0,2,0
Capped,2027,India,EB-2,2061,still_dependent,2,0.0,0.0,0.0,,,0,2,0
Capped,2027,India,EB-3,2061,still_dependent,2,0.0,0.0,0.0,,,0,2,0
Capped,2027,India,EB-4,2061,still_dependent,2,0.0,0.0,0.0,,,0,2,0
Capped,2027,India,EB-5,2061,still_dependent,2,0.0,0.0,0.0,,,0,2,0
Capped,2027,China,EB-1,2061,still_dependent,2,0.0,0.0,0.0,,,0,2,0
Capped,2027,China,EB-2,2061,still_dependent,2,0.0,0.0,0.0,,,0,2,0
Capped,2027,China,EB-3,2061,still_dependent,2,0.0,0.0,0.0,,,0,2,0
Capped,2027,China,EB-4,2061,still_dependent,2,0.0,0.0,0.0,,,0,2,0
Capped,2027,China,EB-5,2061,still_dependent,2,0.0,0.0,0.0,,,0,2,0
Capped,2027,ROW,EB-1,2061,still_dependent,2,0.0,0.0,0.0,,,0,2,0
Capped,2027,ROW,EB-2,2061,still_dependent,2,0.0,0.0,0.0,,,0,2,0
Capped,2027,ROW,EB-3,2061,still_dependent,2,0.0,0.0,0.0,,,0,2,0
Capped,2027,ROW,EB-4,2061,still_dependent,2,0.0,0.0,0.0,,,0,2,0
Capped,2027,ROW,EB-5,2061,still_dependent,2,0.0,0.0,0.0,,,0,2,0
Capped,2028,India,EB-1,2061,still_dependent,2,0.0,0.0,0.0,,,0,2,0
Capped,2028,India,EB-2,2061,still_dependent,2,0.0,0.0,0.0,,,0,2,0
Capped,2028,India,EB-3,2061,still_dependent,2,0.0,0.0,0.0,,,0,2,0
Capped,2028,India,EB-4,2061,still_dependent,2,0.0,0.0,0.0,,,0,2,0
Capped,2028,India,EB-5,2061,still_dependent,2,0.0,0.0,0.0,,,0,2,0
Capped,2028,China,EB-1,2061,still_dependent,2,0.0,0.0,0.0,,,0,2,0
Capped,2028,China,EB-2,2061,still_dependent,2,0.0,0.0,0.0,,,0,2,0
Capped,2028,China,EB-3,2061,still_dependent,2,0.0,0.0,0.0,,,0,2,0
Capped,2028,China,EB-4,2061,still_dependent,2,0.0,0.0,0.0,,,0,2,0
Capped,2028,China,EB-5,2061,still_dependent,2,0.0,0.0,0.0,,,0,2,0
Capped,2028,ROW,EB-1,2061,still_dependent,2,0.0,0.0,0.0,,,0,2,0
Capped,2028,ROW,EB-2,2061,still_dependent,2,0.0,0.0,0.0,,,0,2,0
Capped,2028,ROW,EB-3,2061,still_dependent,2,0.0,0.0,0.0,,,0,2,0
Capped,2028,ROW,EB-4,2061,still_dependent,2,0.0,0.0,0.0,,,0,2,0
Capped,2028,ROW,EB-5,2061,still_dependent,2,0.0,0.0,0.0,,,0,2,0
Capped,2029,India,EB-1,2061,still_dependent,2,0.0,0.0,0.0,,,0,2,0
Capped,2029,India,EB-2,2061,still_dependent,2,0.0,0.0,0.0,,,0,2,0
Capped,2029,India,EB-3,2061,still_dependent,2,0.0,0.0,0.0,,,0,2,0
Capped,2029,India,EB-4,2061,still_dependent,2,0.0,0.0,0.0,,,0,2,0
Capped,2029,India,EB-5,2061,still_dependent,2,0.0,0.0,0.0,,,0,2,0
Capped,2029,China,EB-1,2061,still_dependent,2,0.0,0.0,0.0,,,0,2,0
Capped,2029,China,EB-2,2061,still_dependent,2,0.0,0.0,0.0,,,0,2,0
Capped,2029,China,EB-3,2061,still_dependent,2,0.0,0.0,0.0,,,0,2,0
Capped,2029,China,EB-4,2061,still_dependent,2,0.0,0.0,0.0,,,0,2,0
Capped,2029,China,EB-5,2061,still_dependent,2,0.0,0.0,0.0,,,0,2,0
Capped,2029,ROW,EB-1,2061,still_dependent,2,0.0,0.0,0.0,,,0,2,0
Capped,2029,ROW,EB-2,2061,still_dependent,2,0.0,0.0,0.0,,,0,2,0
Capped,2029,ROW,EB-3,2061,still_dependent,2,0.0,0.0,0.0,,,0,2,0
Capped,2029,ROW,EB-4,2061,still_dependent,2,0.0,0.0,0.0,,,0,2,0
Capped,2029,ROW,EB-5,2061,still_dependent,2,0.0,0.0,0.0,,,0,2,0
Capped,2030,India,EB-1,2061,still_dependent,2,0.0,0.0,0.0,,,0,2,0
Capped,2030,India,EB-2,2061,still_dependent,2,0.0,0.0,0.0,,,0,2,0
Capped,2030,India,EB-3,2061,still_dependent,2,0.0,0.0,0.0,,,0,2,0
Capped,2030,India,EB-4,2061,still_dependent,2,0.0,0.0,0.0,,,0,2,0
Capped,2030,India,EB-5,2061,still_dependent,2,0.0,0.0,0.0,,,0,2,0
Capped,2030,China,EB-1,2061,still_dependent,2,0.0,0.0,0.0,,,0,2,0
Capped,2030,China,EB-2,2061,still_dependent,2,0.0,0.0,0.0,,,0,2,0
Capped,2030,China,EB-3,2061,still_dependent,2,0.0,0.0,0.0,,,0,2,0
Capped,2030,China,EB-4,2061,still_dependent,2,0.0,0.0,0.0,,,0,2,0
Capped,2030,China,EB-5,2061,still_dependent,2,0.0,0.0,0.0,,,0,2,0
Capped,2030,ROW,EB-1,2061,still_dependent,2,0.0,0.0,0.0,,,0,2,0
Capped,2030,ROW,EB-2,2061,still_dependent,2,0.0,0.0,0.0,,,0,2,0
Capped,2030,ROW,EB-3,2061,still_dependent,2,0.0,0.0,0.0,,,0,2,0
Capped,2030,ROW,EB-4,2061,still_dependent,2,0.0,0.0,0.0,,,0,2,0
Capped,2030,ROW,EB-5,2061,still_dependent,2,0.0,0.0,0.0,,,0,2,0
Capped,2031,India,EB-1,2061,still_dependent,2,0.0,0.0,0.0,,,0,2,0
Capped,2031,India,EB-2,2061,still_dependent,2,0.0,0.0,0.0,,,0,2,0
Capped,2031,India,EB-3,2061,still_dependent,2,0.0,0.0,0.0,,,0,2,0
Capped,2031,India,EB-4,2061,still_dependent,2,0.0,0.0,0.0,,,0,2,0
Capped,2031,India,EB-5,2061,still_dependent,2,0.0,0.0,0.0,,,0,2,0
Capped,2031,China,EB-1,2061,still_dependent,2,0.0,0.0,0.0,,,0,2,0
Capped,2031,China,EB-2,2061,still_dependent,2,0.0,0.0,0.0,,,0,2,0
Capped,2031,China,EB-3,2061,still_dependent,2,0.0,0.0,0.0,,,0,2,0
Capped,2031,China,EB-4,2061,still_dependent,2,0.0,0.0,0.0,,,0,2,0
Capped,2031,China,EB-5,2061,still_dependent,2,0.0,0.0,0.0,,,0,2,0
Capped,2031,ROW,EB-1,2061,still_dependent,2,0.0,0.0,0.0,,,0,2,0
Capped,2031,ROW,EB-2,2061,still_dependent,2,0.0,0.0,0.0,,,0,2,0
Capped,2031,ROW,EB-3,2061,still_dependent,2,0.0,0.0,0.0,,,0,2,0
Capped,2031,ROW,EB-4,2061,still_dependent,2,0.0,0.0,0.0,,,0,2,0
Capped,2031,ROW,EB-5,2061,still_dependent,2,0.0,0.0,0.0,,,0,2,0
Capped,2032,India,EB-1,2061,still_dependent,2,0.0,0.0,0.0,,,0,2,0
Capped,2032,India,EB-2,2061,still_dependent,2,0.0,0.0,0.0,,,0,2,0
Capped,2032,India,EB-3,2061,still_dependent,2,0.0,0.0,0.0,,,0,2,0
Capped,2032,India,EB-4,2061,still_dependent,2,0.0,0.0,0.0,,,0,2,0
Capped,2032,India,EB-5,2061,still_dependent,2,0.0,0.0,0.0,,,0,2,0
Capped,2032,China,EB-1,2061,still_dependent,2,0.0,0.0,0.0,,,0,2,0
Capped,2032,China,EB-2,2061,still_dependent,2,0.0,0.0,0.0,,,0,2,0
Capped,2032,China,EB-3,2061,still_dependent,2,0.0,0.0,0.0,,,0,2,0
Capped,2032,China,EB-4,2061,still_dependent,2,0.0,0.0,0.0,,,0,2,0
Capped,2032,China,EB-5,2061,still_dependent,2,0.0,0.0,0.0,,,0,2,0
Capped,2032,ROW,EB-1,2061,still_dependent,2,0.0,0.0,0.0,,,0,2,0
Capped,2032,ROW,EB-2,2061,still_dependent,2,0.0,0.0,0.0,,,0,2,0
Capped,2032,ROW,EB-3,2061,still_dependent,2,0.0,0.0,0.0,,,0,2,0
Capped,2032,ROW,EB-4,2061,still_dependent,2,0.0,0.0,0.0,,,0,2,0
Capped,2032,ROW,EB-5,2061,still_dependent,2,0.0,0.0,0.0,,,0,2,0
Capped,2033,India,EB-1,2061,still_dependent,2,0.0,0.0,0.0,,,0,2,0
Capped,2033,India,EB-2,2061,still_dependent,2,0.0,0.0,0.0,,,0,2,0
Capped,2033,India,EB-3,2061,still_dependent,2,0.0,0.0,0.0,,,0,2,0
Capped,2033,India,EB-4,2061,still_dependent,2,0.0,0.0,0.0,,,0,2,0
Capped,2033,India,EB-5,2061,still_dependent,2,0.0,0.0,0.0,,,0,2,0
Capped,2033,China,EB-1,2061,still_dependent,2,0.0,0.0,0.0,,,0,2,0
Capped,2033,China,EB-2,2061,still_dependent,2,0.0,0.0,0.0,,,0,2,0
Capped,2033,China,EB-3,2061,still_dependent,2,0.0,0.0,0.0,,,0,2,0
Capped,2033,China,EB-4,2061,still_dependent,2,0.0,0.0,0.0,,,0,2,0
Capped,2033,China,EB-5,2061,still_dependent,2,0.0,0.0,0.0,,,0,2,0
Capped,2033,ROW,EB-1,2061,still_dependent,2,0.0,0.0,0.0,,,0,2,0
Capped,2033,ROW,EB-2,2061,still_dependent,2,0.0,0.0,0.0,,,0,2,0
Capped,2033,ROW,EB-3,2061,still_dependent,2,0.0,0.0,0.0,,,0,2,0
Capped,2033,ROW,EB-4,2061,still_dependent,2,0.0,0.0,0.0,,,0,2,0
Capped,2033,ROW,EB-5,2061,still_dependent,2,0.0,0.0,0.0,,,0,2,0
Capped,2034,India,EB-1,2061,still_dependent,2,0.0,0.0,0.0,,,0,2,0
Capped,2034,India,EB-2,2061,still_dependent,2,0.0,0.0,0.0,,,0,2,0
Capped,2034,India,EB-3,2061,still_dependent,2,0.0,0.0,0.0,,,0,2,0
Capped,2034,India,EB-4,2061,still_dependent,2,0.0,0.0,0.0,,,0,2,0
Capped,2034,India,EB-5,2061,still_dependent,2,0.0,0.0,0.0,,,0,2,0
Capped,2034,China,EB-1,2061,still_dependent,2,0.0,0.0,0.0,,,0,2,0
Capped,2034,China,EB-2,2061,still_dependent,2,0.0,0.0,0.0,,,0,2,0
Capped,2034,China,EB-3,2061,still_dependent,2,0.0,0.0,0.0,,,0,2,0
Capped,2034,China,EB-4,2061,still_dependent,2,0.0,0.0,0.0,,,0,2,0
Capped,2034,China,EB-5,2061,still_dependent,2,0.0,0.0,0.0,,,0,2,0
Capped,2034,ROW,EB-1,2061,still_dependent,2,0.0,0.0,0.0,,,0,2,0
Capped,2034,ROW,EB-2,2061,still_dependent,2,0.0,0.0,0.0,,,0,2,0
Capped,2034,ROW,EB-3,2061,still_dependent,2,0.0,0.0,0.0,,,0,2,0
Capped,2034,ROW,EB-4,2061,still_dependent,2,0.0,0.0,0.0,,,0,2,0
Capped,2034,ROW,EB-5,2061,still_dependent,2,0.0,0.0,0.0,,,0,2,0
Capped,2035,India,EB-1,2061,still_dependent,2,0.0,0.0,0.0,,,0,2,0
Capped,2035,India,EB-2,2061,still_dependent,2,0.0,0.0,0.0,,,0,2,0
Capped,2035,India,EB-3,2061,still_dependent,2,0.0,0.0,0.0,,,0,2,0
Capped,2035,India,EB-4,2061,still_dependent,2,0.0,0.0,0.0,,,0,2,0
Capped,2035,India,EB-5,2061,still_dependent,2,0.0,0.0,0.0,,,0,2,0
Capped,2035,China,EB-1,2061,still_dependent,2,0.0,0.0,0.0,,,0,2,0
Capped,2035,China,EB-2,2061,still_dependent,2,0.0,0.0,0.0,,,0,2,0
Capped,2035,China,EB-3,2061,still_dependent,2,0.0,0.0,0.0,,,0,2,0
Capped,2035,China,EB-4,2061,still_dependent,2,0.0,0.0,0.0,,,0,2,0
Capped,2035,China,EB-5,2061,still_dependent,2,0.0,0.0,0.0,,,0,2,0
Capped,2035,ROW,EB-1,2061,still_dependent,2,0.0,0.0,0.0,,,0,2,0
Capped,2035,ROW,EB-2,2061,still_dependent,2,0.0,0.0,0.0,,,0,2,0
Capped,2035,ROW,EB-3,2061,still_dependent,2,0.0,0.0,0.0,,,0,2,0
Capped,2035,ROW,EB-4,2061,still_dependent,2,0.0,0.0,0.0,,,0,2,0
Capped,2035,ROW,EB-5,2061,still_dependent,2,0.0,0.0,0.0,,,0,2,0
Capped,2036,India,EB-1,2061,still_dependent,2,0.0,0.0,0.0,,,0,2,0
Capped,2036,India,EB-2,2061,still_dependent,2,0.0,0.0,0.0,,,0,2,0
Capped,2036,India,EB-3,2061,still_dependent,2,0.0,0.0,0.0,,,0,2,0
Capped,2036,India,EB-4,2061,still_dependent,2,0.0,0.0,0.0,,,0,2,0
Capped,2036,India,EB-5,2061,still_dependent,2,0.0,0.0,0.0,,,0,2,0
Capped,2036,China,EB-1,2061,still_dependent,2,0.0,0.0,0.0,,,0,2,0
Capped,2036,China,EB-2,2061,still_dependent,2,0.0,0.0,0.0,,,0,2,0
Capped,2036,China,EB-3,2061,still_dependent,2,0.0,0.0,0.0,,,0,2,0
Capped,2036,China,EB-4,2061,still_dependent,2,0.0,0.0,0.0,,,0,2,0
Capped,2036,China,EB-5,2061,still_dependent,2,0.0,0.0,0.0,,,0,2,0
Capped,2036,ROW,EB-1,2061,still_dependent,2,0.0,0.0,0.0,,,0,2,0
Capped,2036,ROW,EB-2,2061,still_dependent,2,0.0,0.0,0.0,,,0,2,0
Capped,2036,ROW,EB-3,2061,still_dependent,2,0.0,0.0,0.0,,,0,2,0
Capped,2036,ROW,EB-4,2061,still_dependent,2,0.0,0.0,0.0,,,0,2,0
Capped,2036,ROW,EB-5,2061,still_dependent,2,0.0,0.0,0.0,,,0,2,0
Capped,2037,India,EB-1,2061,still_dependent,2,0.0,0.0,0.0,,,0,2,0
Capped,2037,India,EB-2,2061,still_dependent,2,0.0,0.0,0.0,,,0,2,0
Capped,2037,India,EB-3,2061,still_dependent,2,0.0,0.0,0.0,,,0,2,0
Capped,2037,India,EB-4,2061,still_dependent,2,0.0,0.0,0.0,,,0,2,0
Capped,2037,India,EB-5,2061,still_dependent,2,0.0,0.0,0.0,,,0,2,0
Capped,2037,China,EB-1,2061,still_dependent,2,0.0,0.0,0.0,,,0,2,0
Capped,2037,China,EB-2,2061,still_dependent,2,0.0,0.0,0.0,,,0,2,0
Capped,2037,China,EB-3,2061,still_dependent,2,0.0,0.0,0.0,,,0,2,0
Capped,2037,China,EB-4,2061,still_dependent,2,0.0,0.0,0.0,,,0,2,0
Capped,2037,China,EB-5,2061,still_dependent,2,0.0,0.0,0.0,,,0,2,0
Capped,2037,ROW,EB-1,2061,still_dependent,2,0.0,0.0,0.0,,,0,2,0
Capped,2037,ROW,EB-2,2061,still_dependent,2,0.0,0.0,0.0,,,0,2,0
Capped,2037,ROW,EB-3,2061,still_dependent,2,0.0,0.0,0.0,,,0,2,0
Capped,2037,ROW,EB-4,2061,still_dependent,2,0.0,0.0,0.0,,,0,2,0
Capped,2037,ROW,EB-5,2061,still_dependent,2,0.0,0.0,0.0,,,0,2,0
Capped,2038,India,EB-1,2061,still_dependent,2,0.0,0.0,0.0,,,0,2,0
Capped,2038,India,EB-2,2061,still_dependent,2,0.0,0.0,0.0,,,0,2,0
Capped,2038,India,EB-3,2061,still_dependent,2,0.0,0.0,0.0,,,0,2,0
Capped,2038,India,EB-4,2061,still_dependent,2,0.0,0.0,0.0,,,0,2,0
Capped,2038,India,EB-5,2061,still_dependent,2,0.0,0.0,0.0,,,0,2,0
Capped,2038,China,EB-1,2061,still_dependent,2,0.0,0.0,0.0,,,0,2,0
Capped,2038,China,EB-2,2061,still_dependent,2,0.0,0.0,0.0,,,0,2,0
Capped,2038,China,EB-3,2061,still_dependent,2,0.0,0.0,0.0,,,0,2,0
Capped,2038,China,EB-4,2061,still_dependent,2,0.0,0.0,0.0,,,0,2,0
Capped,2038,China,EB-5,2061,still_dependent,2,0.0,0.0,0.0,,,0,2,0
Capped,2038,ROW,EB-1,2061,still_dependent,2,0.0,0.0,0.0,,,0,2,0
Capped,2038,ROW,EB-2,2061,still_dependent,2,0.0,0.0,0.0,,,0,2,0
Capped,2038,ROW,EB-3,2061,still_dependent,2,0.0,0.0,0.0,,,0,2,0
Capped,2038,ROW,EB-4,2061,still_dependent,2,0.0,0.0,0.0,,,0,2,0
Capped,2038,ROW,EB-5,2061,still_dependent,2,0.0,0.0,0.0,,,0,2,0
Capped,2039,India,EB-1,2061,still_dependent,2,0.0,0.0,0.0,,,0,2,0
Capped,2039,India,EB-2,2061,still_dependent,2,0.0,0.0,0.0,,,0,2,0
Capped,2039,India,EB-3,2061,still_dependent,2,0.0,0.0,0.0,,,0,2,0
Capped,2039,India,EB-4,2061,still_dependent,2,0.0,0.0,0.0,,,0,2,0
Capped,2039,India,EB-5,2061,still_dependent,2,0.0,0.0,0.0,,,0,2,0
Capped,2039,China,EB-1,2061,still_dependent,2,0.0,0.0,0.0,,,0,2,0
Capped,2039,China,EB-2,2061,still_dependent,2,0.0,0.0,0.0,,,0,2,0
Capped,2039,China,EB-3,2061,still_dependent,2,0.0,0.0,0.0,,,0,2,0
Capped,2039,China,EB-4,2061,still_dependent,2,0.0,0.0,0.0,,,0,2,0
Capped,2039,China,EB-5,2061,still_dependent,2,0.0,0.0,0.0,,,0,2,0
Capped,2039,ROW,EB-1,2061,still_dependent,2,0.0,0.0,0.0,,,0,2,0
Capped,2039,ROW,EB-2,2061,still_dependent,2,0.0,0.0,0.0,,,0,2,0
Capped,2039,ROW,EB-3,2061,still_dependent,2,0.0,0.0,0.0,,,0,2,0
Capped,2039,ROW,EB-4,2061,still_dependent,2,0.0,0.0,0.0,,,0,2,0
Capped,2039,ROW,EB-5,2061,still_dependent,2,0.0,0.0,0.0,,,0,2,0
Capped,2040,India,EB-1,2061,still_dependent,2,0.0,0.0,0.0,,,0,2,0
Capped,2040,India,EB-2,2061,still_dependent,2,0.0,0.0,0.0,,,0,2,0
Capped,2040,India,EB-3,2061,still_dependent,2,0.0,0.0,0.0,,,0,2,0
Capped,2040,India,EB-4,2061,still_dependent,2,0.0,0.0,0.0,,,0,2,0
Capped,2040,India,EB-5,2061,still_dependent,2,0.0,0.0,0.0,,,0,2,0
Capped,2040,China,EB-1,2061,still_dependent,2,0.0,0.0,0.0,,,0,2,0
Capped,2040,China,EB-2,2061,still_dependent,2,0.0,0.0,0.0,,,0,2,0
Capped,2040,China,EB-3,2061,still_dependent,2,0.0,0.0,0.0,,,0,2,0
Capped,2040,China,EB-4,2061,still_dependent,2,0.0,0.0,0.0,,,0,2,0
Capped,2040,China,EB-5,2061,still_dependent,2,0.0,0.0,0.0,,,0,2,0
Capped,2040,ROW,EB-1,2061,still_dependent,2,0.0,0.0,0.0,,,0,2,0
Capped,2040,ROW,EB-2,2061,still_dependent,2,0.0,0.0,0.0,,,0,2,0
Capped,2040,ROW,EB-3,2061,still_dependent,2,0.0,0.0,0.0,,,0,2,0
Capped,2040,ROW,EB-4,2061,still_dependent,2,0.0,0.0,0.0,,,0,2,0
Capped,2040,ROW,EB-5,2061,still_dependent,2,0.0,0.0,0.0,,,0,2,0
Uncapped,2009,India,EB-1,2061,save_pct,2,100.0,0.0,0.0,,,2,0,0
Uncapped,2009,India,EB-2,2061,save_pct,2,97.88543920820584,0.3610441269546059,0.2552967504771786,,,2,0,0
Uncapped,2009,India,EB-3,2061,save_pct,2,59.86643615632323,0.11351718807740704,0.08026877347076322,,,2,0,0
Uncapped,2009,India,EB-4,2061,save_pct,2,100.0,0.0,0.0,,,2,0,0
Uncapped,2009,India,EB-5,2061,save_pct,2,100.0,0.0,0.0,,,2,0,0
Uncapped,2009,China,EB-1,2061,save_pct,2,100.0,0.0,0.0,,,2,0,0
Uncapped,2009,China,EB-2,2061,save_pct,2,97.05525277610161,0.11279070617612061,0.07975507319195428,,,2,0,0
Uncapped,2009,China,EB-3,2061,save_pct,2,66.06580315917385,0.6057414070263359,0.42832385655380273,,,2,0,0
Uncapped,2009,China,EB-4,2061,save_pct,2,100.0,0.0,0.0,,,2,0,0
Uncapped,2009,China,EB-5,2061,save_pct,2,100.0,0.0,0.0,,,2,0,0
Uncapped,2009,ROW,EB-1,2061,save_pct,2,100.0,0.0,0.0,,,2,0,0
Uncapped,2009,ROW,EB-2,2061,save_pct,2,100.0,0.0,0.0,,,2,0,0
Uncapped,2009,ROW,EB-3,2061,save_pct,2,92.17508613484097,0.12127906970323271,0.08575725260315181,,,2,0,0
Uncapped,2009,ROW,EB-4,2061,save_pct,2,99.94398805078417,0.07921285823597884,0.0560119492158293,,,2,0,0
Uncapped,2009,ROW,EB-5,2061,save_pct,2,100.0,0.0,0.0,,,2,0,0
Uncapped,2010,India,EB-1,2061,save_pct,2,100.0,0.0,0.0,,,2,0,0
Uncapped,2010,India,EB-2,2061,save_pct,2,94.61181523237872,0.028111967095263896,0.01987816256555419,,,2,0,0
Uncapped,2010,India,EB-3,2061,save_pct,2,50.16356798367169,0.371064484037927,0.2623822129207056,,,2,0,0
Uncapped,2010,India,EB-4,2061,save_pct,2,100.0,0.0,0.0,,,2,0,0
Uncapped,2010,India,EB-5,2061,save_pct,2,100.0,0.0,0.0,,,2,0,0
Uncapped,2010,China,EB-1,2061,save_pct,2,100.0,0.0,0.0,,,2,0,0
Uncapped,2010,China,EB-2,2061,save_pct,2,93.69043116653455,0.2796399195445706,0.19773528340042645,,,2,0,0
Uncapped,2010,China,EB-3,2061,save_pct,2,46.088435374149654,6.2533252757994,4.421768707482992,,,2,0,0
Uncapped,2010,China,EB-5,2061,save_pct,2,100.0,0.0,0.0,,,2,0,0
Uncapped,2010,ROW,EB-1,2061,save_pct,2,100.0,0.0,0.0,,,2,0,0
Uncapped,2010,ROW,EB-2,2061,save_pct,2,99.97301128196551,0.007530602185206547,0.005324939871577782,,,2,0,0
Uncapped,2010,ROW,EB-3,2061,save_pct,2,85.7028967665502,0.6195428108912584,0.4380829228165836,,,2,0,0
Uncapped,2010,ROW,EB-4,2061,save_pct,2,98.90282924340423,0.22543178756694285,0.15940434568359052,,,2,0,0
Uncapped,2010,ROW,EB-5,2061,save_pct,2,100.0,0.0,0.0,,,2,0,0
Uncapped,2011,India,EB-1,2061,save_pct,2,100.0,0.0,0.0,,,2,0,0
Uncapped,2011,India,EB-2,2061,save_pct,2,81.15658660279101,0.40766967560438444,0.28826599210398024,,,2,0,0
Uncapped,2011,India,EB-3,2061,save_pct,2,54.99089362062598,0.4762000160841821,0.33672426057426813,,,2,0,0
Uncapped,2011,India,EB-4,2061,save_pct,2,97.63479869113672,2.6306504948112464,1.8601508038127788,,,2,0,0
Uncapped,2011,India,EB-5,2061,save_pct,2,100.0,0.0,0.0,,,2,0,0
Uncapped,2011,China,EB-1,2061,save_pct,2,100.0,0.0,0.0,,,2,0,0
Uncapped,2011,China,EB-2,2061,save_pct,2,89.05568865774558,2.686617361815538,1.899725354993279,,,2,0,0
Uncapped,2011,China,EB-3,2061,save_pct,2,50.56140350877193,2.0344826686770814,1.4385964912280682,,,2,0,0
Uncapped,2011,China,EB-4,2061,save_pct,2,92.85714285714286,10.10152544552211,7.142857142857144,,,2,0,0
Uncapped,2011,China,EB-5,2061,save_pct,2,100.0,0.0,0.0,,,2,0,0
Uncapped,2011,ROW,EB-1,2061,save_pct,2,100.0,0.0,0.0,,,2,0,0
Uncapped,2011,ROW,EB-2,2061,save_pct,2,99.54704804495641,0.1487710523938265,0.10519701999193386,,,2,0,0
Uncapped,2011,ROW,EB-3,2061,save_pct,2,87.21215093068639,0.6527710673796585,0.4615788483065372,,,2,0,0
Uncapped,2011,ROW,EB-4,2061,save_pct,2,95.25490542116813,0.39182482993574136,0.2770619942848284,,,2,0,0
Uncapped,2011,ROW,EB-5,2061,save_pct,2,100.0,0.0,0.0,,,2,0,0
Uncapped,2012,India,EB-1,2061,save_pct,2,100.0,0.0,0.0,,,2,0,0
Uncapped,2012,India,EB-2,2061,save_pct,2,78.50306479177821,0.2247661858800784,0.15893369421723946,,,2,0,0
Uncapped,2012,India,EB-3,2061,save_pct,2,60.95224255710189,0.9221174723714026,0.6520355177644176,,,2,0,0
Uncapped,2012,India,EB-4,2061,save_pct,2,92.96897546897547,1.729503599006061,1.2229437229437252,,,2,0,0
Uncapped,2012,India,EB-5,2061,save_pct,2,100.0,0.0,0.0,,,2,0,0
Uncapped,2012,China,EB-1,2061,save_pct,2,100.0,0.0,0.0,,,2,0,0
Uncapped,2012,China,EB-2,2061,save_pct,2,85.90868769384046,0.5138581867604511,0.3633526084265384,,,2,0,0
Uncapped,2012,China,EB-3,2061,save_pct,2,50.714285714285715,1.0101525445522122,0.7142857142857152,,,2,0,0
Uncapped,2012,China,EB-4,2061,save_pct,2,92.85714285714286,10.10152544552211,7.142857142857144,,,2,0,0
Uncapped,2012,China,EB-5,2061,save_pct,2,100.0,0.0,0.0,,,2,0,0
Uncapped,2012,ROW,EB-1,2061,save_pct,2,100.0,0.0,0.0,,,2,0,0
Uncapped,2012,ROW,EB-2,2061,save_pct,2,99.50782649219349,0.16029180776749255,0.11334342424104449,,,2,0,0
Uncapped,2012,ROW,EB-3,2061,save_pct,2,89.61785008561034,0.7324673949872054,0.5179326619934983,,,2,0,0
Uncapped,2012,ROW,EB-4,2061,save_pct,2,88.3411866038405,0.45786212005694976,0.32375740994071833,,,2,0,0
Uncapped,2012,ROW,EB-5,2061,save_pct,2,100.0,0.0,0.0,,,2,0,0
Uncapped,2013,India,EB-1,2061,save_pct,2,100.0,0.0,0.0,,,2,0,0
Uncapped,2013,India,EB-2,2061,save_pct,2,76.2124523175606,0.4582429075680321,0.32402666737199576,,,2,0,0
Uncapped,2013,India,EB-3,2061,save_pct,2,60.79718862059964,0.5289722941716728,0.3740398962685951,,,2,0,0
Uncapped,2013,India,EB-4,2061,save_pct,2,85.87854649435532,1.2886684969819522,0.9112262329174142,,,2,0,0
Uncapped,2013,India,EB-5,2061,save_pct,2,100.0,0.0,0.0,,,2,0,0
Uncapped,2013,China,EB-1,2061,save_pct,2,100.0,0.0,0.0,,,2,0,0
Uncapped,2013,China,EB-2,2061,save_pct,2,86.7331651745586,0.4943573260850204,0.34956341760396725,,,2,0,0
Uncapped,2013,China,EB-3,2061,save_pct,2,47.67461105594174,2.048058369871665,1.4481959616021205,,,2,0,0
Uncapped,2013,China,EB-4,2061,save_pct,2,92.58522727272728,2.7721799944245338,1.9602272727272732,,,2,0,0
Uncapped,2013,China,EB-5,2061,save_pct,2,100.0,0.0,0.0,,,2,0,0
Uncapped,2013,ROW,EB-1,2061,save_pct,2,100.0,0.0,0.0,,,2,0,0
Uncapped,2013,ROW,EB-2,2061,save_pct,2,100.0,0.0,0.0,,,2,0,0
Uncapped,2013,ROW,EB-3,2061,save_pct,2,92.77031757334606,0.5791572811891722,0.4095260409024277,,,2,0,0
Uncapped,2013,ROW,EB-4,2061,save_pct,2,77.06140215625943,0.3203463340991809,0.22651906516978212,,,2,0,0
Uncapped,2013,ROW,EB-5,2061,save_pct,2,100.0,0.0,0.0,,,2,0,0
Uncapped,2014,India,EB-1,2061,save_pct,2,99.98537584088915,0.020681684152868987,0.014624159110852018,,,2,0,0
Uncapped,2014,India,EB-2,2061,save_pct,2,73.50154171642842,0.2370841948999612,0.16764384192591564,,,2,0,0
Uncapped,2014,India,EB-3,2061,save_pct,2,65.2883276592621,0.1300871979882539,0.09198553984305134,,,2,0,0
Uncapped,2014,India,EB-4,2061,save_pct,2,79.1082150883902,1.9642250360624578,1.3889168427761547,,,2,0,0
Uncapped,2014,India,EB-5,2061,save_pct,2,100.0,0.0,0.0,,,2,0,0
Uncapped,2014,China,EB-1,2061,save_pct,2,99.95590828924162,0.062355095342732744,0.04409171075838003,,,2,0,0
Uncapped,2014,China,EB-2,2061,save_pct,2,83.80301501970754,1.3926055520167302,0.9847208293490652,,,2,0,0
Uncapped,2014,China,EB-3,2061,save_pct,2,52.820670139236704,0.40072689718149623,0.28335670640088034,,,2,0,0
Uncapped,2014,China,EB-4,2061,save_pct,2,91.93548387096774,6.842968850192402,4.838709677419359,,,2,0,0
Uncapped,2014,China,EB-5,2061,save_pct,2,99.76175059192096,0.20935651279553916,0.14803740988329395,,,2,0,0
Uncapped,2014,ROW,EB-1,2061,save_pct,2,100.0,0.0,0.0,,,2,0,0
Uncapped,2014,ROW,EB-2,2061,save_pct,2,99.91814600303752,0.007591474327906286,0.005367982976466123,,,2,0,0
Uncapped,2014,ROW,EB-3,2061,save_pct,2,96.15689030350248,0.3527288954511344,0.24941699389393787,,,2,0,0
Uncapped,2014,ROW,EB-4,2061,save_pct,2,64.81920156874224,0.5275643574324924,0.3730443346528389,,,2,0,0
Uncapped,2014,ROW,EB-5,2061,save_pct,2,100.0,0.0,0.0,,,2,0,0
Uncapped,2015,India,EB-1,2061,save_pct,2,99.45525422198008,0.10393372765438391,0.07349224361841067,,,2,0,0
Uncapped,2015,India,EB-2,2061,save_pct,2,73.30331584798327,0.5481968031290315,0.3876336769173249,,,2,0,0
Uncapped,2015,India,EB-3,2061,save_pct,2,68.63715570232253,2.3653613616826172,1.6725630588024245,,,2,0,0
Uncapped,2015,India,EB-4,2061,save_pct,2,69.7487298000613,1.3486975133013874,0.9536731574248448,,,2,0,0
Uncapped,2015,India,EB-5,2061,save_pct,2,100.0,0.0,0.0,,,2,0,0
Uncapped,2015,China,EB-1,2061,save_pct,2,99.65752191940996,0.048524030092234965,0.034311670728719434,,,2,0,0
Uncapped,2015,China,EB-2,2061,save_pct,2,82.12083956276356,1.292751778425857,0.9141135489158926,,,2,0,0
Uncapped,2015,China,EB-3,2061,save_pct,2,51.88456648868548,2.350909806965498,1.662344266463261,,,2,0,0
Uncapped,2015,China,EB-4,2061,save_pct,2,100.0,0.0,0.0,,,2,0,0
Uncapped,2015,China,EB-5,2061,save_pct,2,98.62400014466385,0.2415969794874214,0.1708348625097429,,,2,0,0
Uncapped,2015,ROW,EB-1,2061,save_pct,2,100.0,0.0,0.0,,,2,0,0
Uncapped,2015,ROW,EB-2,2061,save_pct,2,99.59414598644011,0.030640871792227763,0.021666368225751853,,,2,0,0
Uncapped,2015,ROW,EB-3,2061,save_pct,2,96.51401049603416,0.03556975773338747,0.025151616898440917,,,2,0,0
Uncapped,2015,ROW,EB-4,2061,save_pct,2,58.72400123484904,0.5818405545947111,0.4114234017232618,,,2,0,0
Uncapped,2015,ROW,EB-5,2061,save_pct,2,100.0,0.0,0.0,,,2,0,0
Uncapped,2016,India,EB-1,2061,save_pct,2,99.23033990800607,0.2878998238382523,0.20357591773844064,,,2,0,0
Uncapped,2016,India,EB-2,2061,save_pct,2,70.69832344141122,0.054192437088717516,0.03831983975445752,,,2,0,0
Uncapped,2016,India,EB-3,2061,save_pct,2,71.03913773464078,0.7470155744033837,0.5282197783125966,,,2,0,0
Uncapped,2016,India,EB-4,2061,save_pct,2,67.7875568661096,1.525956448517068,1.0790141525417596,,,2,0,0
Uncapped,2016,India,EB-5,2061,save_pct,2,99.50331125827815,0.7024239548210739,0.4966887417218544,,,2,0,0
Uncapped,2016,China,EB-1,2061,save_pct,2,98.59998756373585,0.051443535256077665,0.03637607262778175,,,2,0,0
Uncapped,2016,China,EB-2,2061,save_pct,2,80.72802045710046,0.9744055239199291,0.6890087535894125,,,2,0,0
Uncapped,2016,China,EB-3,2061,save_pct,2,54.148752870325524,2.4814442500252354,1.7546460563292106,,,2,0,0
Uncapped,2016,China,EB-4,2061,save_pct,2,100.0,0.0,0.0,,,2,0,0
Uncapped,2016,China,EB-5,2061,save_pct,2,95.3142925066991,0.5684452571194688,0.40195149604250696,,,2,0,0
Uncapped,2016,ROW,EB-1,2061,save_pct,2,99.80607818573503,0.038094785903965075,0.026937081440543405,,,2,0,0
Uncapped,2016,ROW,EB-2,2061,save_pct,2,99.0232812030402,0.2077150333810947,0.14687670865816213,,,2,0,0
Uncapped,2016,ROW,EB-3,2061,save_pct,2,97.68613578037119,0.1674032674386932,0.11837198559868511,,,2,0,0
Uncapped,2016,ROW,EB-4,2061,save_pct,2,49.65572528458662,1.2464596718873242,0.8813800864670859,,,2,0,0
Uncapped,2016,ROW,EB-5,2061,save_pct,2,100.0,0.0,0.0,,,2,0,0
Uncapped,2017,India,EB-1,2061,save_pct,2,98.26315793170639,0.22047930432804283,0.1559024112016516,,,2,0,0
Uncapped,2017,India,EB-2,2061,save_pct,2,67.35569992341794,0.7254460224075765,0.5129678018292054,,,2,0,0
Uncapped,2017,India,EB-3,2061,save_pct,2,71.69396588430331,0.41637712019063305,0.29442308521772276,,,2,0,0
Uncapped,2017,India,EB-4,2061,save_pct,2,49.01888341543514,1.0507908653100573,0.7430213464696216,,,2,0,0
Uncapped,2017,India,EB-5,2061,save_pct,2,98.72582928109946,0.2255968145351199,0.15952103737186715,,,2,0,0
Uncapped,2017,China,EB-1,2061,save_pct,2,97.81042958252401,0.3307830959938243,0.23389897027911385,,,2,0,0
Uncapped,2017,China,EB-2,2061,save_pct,2,52.56752005169727,0.722038085286182,0.5105580263808099,,,2,0,0
Uncapped,2017,China,EB-3,2061,save_pct,2,54.446269582057695,0.2829204478053241,0.20005496717947935,,,2,0,0
Uncapped,2017,China,EB-4,2061,save_pct,2,100.0,0.0,0.0,,,2,0,0
Uncapped,2017,China,EB-5,2061,save_pct,2,92.87890080662356,0.6449580237300437,0.4560541921601881,,,2,0,0
Uncapped,2017,ROW,EB-1,2061,save_pct,2,99.43981040146821,0.08124284720907705,0.05744736818444096,,,2,0,0
Uncapped,2017,ROW,EB-2,2061,save_pct,2,98.43921972661704,0.03092771791907721,0.021869199067204192,,,2,0,0
Uncapped,2017,ROW,EB-3,2061,save_pct,2,97.17103856114682,0.28966473423904576,0.20482389785102836,,,2,0,0
Uncapped,2017,ROW,EB-4,2061,save_pct,2,42.066439560973166,0.6118309341418972,0.4326298024714354,,,2,0,0
Uncapped,2017,ROW,EB-5,2061,save_pct,2,100.0,0.0,0.0,,,2,0,0
Uncapped,2018,India,EB-1,2061,save_pct,2,97.75937691893179,0.07292866660607995,0.05156835470005205,,,2,0,0
Uncapped,2018,India,EB-2,2061,save_pct,2,63.84093265041059,0.04412693097105199,0.031202452122581544,,,2,0,0
Uncapped,2018,India,EB-3,2061,save_pct,2,74.4028455768075,0.30952795462182753,0.2188693156798962,,,2,0,0
Uncapped,2018,India,EB-4,2061,save_pct,2,46.8322151311842,3.7509482610806635,2.6523209512900254,,,2,0,0
Uncapped,2018,India,EB-5,2061,save_pct,2,97.10150632446334,1.3898676825400813,0.9827848632761231,,,2,0,0
Uncapped,2018,China,EB-1,2061,save_pct,2,97.04223529986746,0.0761105859572846,0.05381831145047755,,,2,0,0
Uncapped,2018,China,EB-2,2061,save_pct,2,49.59760874046589,0.5241715079667749,0.37064522778808495,,,2,0,0
Uncapped,2018,China,EB-3,2061,save_pct,2,58.94702832112458,1.0879314922169498,0.7692837356130048,,,2,0,0
Uncapped,2018,China,EB-4,2061,save_pct,2,100.0,0.0,0.0,,,2,0,0
Uncapped,2018,China,EB-5,2061,save_pct,2,86.42077436935982,0.2884239857103754,0.20394655615265833,,,2,0,0
Uncapped,2018,ROW,EB-1,2061,save_pct,2,99.10066605005426,0.10211200412568176,0.07220409055781829,,,2,0,0
Uncapped,2018,ROW,EB-2,2061,save_pct,2,98.109255886993,0.1984735507212811,0.14034199360119004,,,2,0,0
Uncapped,2018,ROW,EB-3,2061,save_pct,2,96.46374430545927,0.07058417158338307,0.04991054637104497,,,2,0,0
Uncapped,2018,ROW,EB-4,2061,save_pct,2,38.84248418471552,0.08916789015798927,0.06305121979481142,,,2,0,0
Uncapped,2018,ROW,EB-5,2061,save_pct,2,100.0,0.0,0.0,,,2,0,0
Uncapped,2019,India,EB-1,2061,save_pct,2,98.16816182240609,0.43237282975873936,0.30573375992322127,,,2,0,0
Uncapped,2019,India,EB-2,2061,save_pct,2,59.09051552030746,0.29573265533506315,0.20911456600572717,,,2,0,0
Uncapped,2019,India,EB-3,2061,save_pct,2,75.82709399044083,1.1966146818674535,0.8461343560158595,,,2,0,0
Uncapped,2019,India,EB-4,2061,save_pct,2,40.293184658271656,0.13458343042866613,0.09516485629145775,,,2,0,0
Uncapped,2019,India,EB-5,2061,save_pct,2,94.60932250680455,3.6084518517429003,2.551560773952559,,,2,0,0
Uncapped,2019,China,EB-1,2061,save_pct,2,97.19983043109633,0.11436932220326125,0.0808713232896352,,,2,0,0
Uncapped,2019,China,EB-2,2061,save_pct,2,46.132795275523,0.11695395746389366,0.08269893640932223,,,2,0,0
Uncapped,2019,China,EB-3,2061,save_pct,2,58.80478559583037,0.33001666878405667,0.23335702440180128,,,2,0,0
Uncapped,2019,China,EB-4,2061,save_pct,2,100.0,0.0,0.0,,,2,0,0
Uncapped,2019,China,EB-5,2061,save_pct,2,87.401154987502,1.0759885242391412,0.7608387819684025,,,2,0,0
Uncapped,2019,ROW,EB-1,2061,save_pct,2,99.2930610200859,0.1383377943993496,0.09781959251417048,,,2,0,0
Uncapped,2019,ROW,EB-2,2061,save_pct,2,96.6775740046111,0.3725762110354412,0.2634511653319507,,,2,0,0
Uncapped,2019,ROW,EB-3,2061,save_pct,2,94.56641930970119,0.3118387103803688,0.2205032667464266,,,2,0,0
Uncapped,2019,ROW,EB-4,2061,save_pct,2,34.76127341938823,0.16594282574673885,0.11733929737477665,,,2,0,0
Uncapped,2019,ROW,EB-5,2061,save_pct,2,100.0,0.0,0.0,,,2,0,0
Uncapped,2020,India,EB-1,2061,save_pct,2,98.47466429083599,0.20344882244329582,0.14386004197407232,,,2,0,0
Uncapped,2020,India,EB-2,2061,save_pct,2,56.49801296020115,0.3768322566904092,0.2664606440756181,,,2,0,0
Uncapped,2020,India,EB-3,2061,save_pct,2,77.65126622459863,0.9543257576359335,0.6748102146853582,,,2,0,0
Uncapped,2020,India,EB-4,2061,save_pct,2,29.98234028529145,1.0332804386252712,0.7306396050193394,,,2,0,0
Uncapped,2020,India,EB-5,2061,save_pct,2,91.72352523098792,0.2563073620505518,0.18123667377398076,,,2,0,0
Uncapped,2020,China,EB-1,2061,save_pct,2,97.88502179368643,0.1751189030147682,0.12382776383569193,,,2,0,0
Uncapped,2020,China,EB-2,2061,save_pct,2,42.162233223096365,1.4549118184560133,1.028778012858698,,,2,0,0
Uncapped,2020,China,EB-3,2061,save_pct,2,60.360403160379775,1.3119453906563099,0.9276854822795109,,,2,0,0
Uncapped,2020,China,EB-4,2061,save_pct,2,100.0,0.0,0.0,,,2,0,0
Uncapped,2020,China,EB-5,2061,save_pct,2,89.30793725367369,0.994596727955082,0.7032860908829903,,,2,0,0
Uncapped,2020,ROW,EB-1,2061,save_pct,2,100.0,0.0,0.0,,,2,0,0
Uncapped,2020,ROW,EB-2,2061,save_pct,2,95.92849989356043,0.08078891523465652,0.0571263898071308,,,2,0,0
Uncapped,2020,ROW,EB-3,2061,save_pct,2,93.54104623011183,0.20769968795067253,0.14686585780025038,,,2,0,0
Uncapped,2020,ROW,EB-4,2061,save_pct,2,26.843388677526463,0.17744178019561496,0.12547028604213217,,,2,0,0
Uncapped,2020,ROW,EB-5,2061,save_pct,2,100.0,0.0,0.0,,,2,0,0
Uncapped,2021,India,EB-1,2061,save_pct,2,98.80244794646418,0.11807792022310191,0.08349369809815954,,,2,0,0
Uncapped,2021,India,EB-2,2061,save_pct,2,51.77184083810843,0.35079184327461355,0.24804729116440782,,,2,0,0
Uncapped,2021,India,EB-3,2061,save_pct,2,76.72601451346557,0.07218631186561339,0.05104343062902216,,,2,0,0
Uncapped,2021,India,EB-4,2061,save_pct,2,22.433915506254426,0.651699782991142,0.4608213358508379,,,2,0,0
Uncapped,2021,India,EB-5,2061,save_pct,2,92.76208026208027,0.5935990587356349,0.41973791973791913,,,2,0,0
Uncapped,2021,China,EB-1,2061,save_pct,2,97.3359586440546,0.005576009002907064,0.003942833777912824,,,2,0,0
Uncapped,2021,China,EB-2,2061,save_pct,2,38.50404651949799,1.2688450125663349,0.8972089126603854,,,2,0,0
Uncapped,2021,China,EB-3,2061,save_pct,2,59.291311176093686,0.100746629219965,0.07123862470312402,,,2,0,0
Uncapped,2021,China,EB-4,2061,save_pct,2,100.0,0.0,0.0,,,2,0,0
Uncapped,2021,China,EB-5,2061,save_pct,2,94.04360812793608,1.20284353599064,0.8505388210053865,,,2,0,0
Uncapped,2021,ROW,EB-1,2061,save_pct,2,100.0,0.0,0.0,,,2,0,0
Uncapped,2021,ROW,EB-2,2061,save_pct,2,96.36139760116198,0.4312653665070966,0.3049506651480698,,,2,0,0
Uncapped,2021,ROW,EB-3,2061,save_pct,2,94.51015239979564,0.06733308808518113,0.0476116831832627,,,2,0,0
Uncapped,2021,ROW,EB-4,2061,save_pct,2,20.175841614391082,0.17750429130290168,0.12551448806999407,,,2,0,0
Uncapped,2021,ROW,EB-5,2061,save_pct,2,99.55471290319468,0.10302208967413913,0.07284761822059237,,,2,0,0
Uncapped,2022,India,EB-1,2061,save_pct,2,98.49529060418102,0.2111736309539419,0.14932230645531772,,,2,0,0
Uncapped,2022,India,EB-2,2061,save_pct,2,47.3322031974699,0.42487866719335393,0.30043458675392287,,,2,0,0
Uncapped,2022,India,EB-3,2061,save_pct,2,74.77970653786251,0.9462303822323347,0.6690859198412227,,,2,0,0
Uncapped,2022,India,EB-4,2061,save_pct,2,19.44025454478416,1.1237545611417712,0.7946144705726591,,,2,0,0
Uncapped,2022,India,EB-5,2061,save_pct,2,88.91786179921773,6.084621585177597,4.302477183833119,,,2,0,0
Uncapped,2022,China,EB-1,2061,save_pct,2,97.60118580315758,0.13774956978055916,0.0974036548973629,,,2,0,0
Uncapped,2022,China,EB-2,2061,save_pct,2,35.29281152012808,0.47546698181429303,0.33620592707118746,,,2,0,0
Uncapped,2022,China,EB-3,2061,save_pct,2,61.01103279190929,0.5283255692714708,0.3735825927061,,,2,0,0
Uncapped,2022,China,EB-4,2061,save_pct,2,100.0,0.0,0.0,,,2,0,0
Uncapped,2022,China,EB-5,2061,save_pct,2,92.51796099897365,7.000913529777178,4.950393431406091,,,2,0,0
Uncapped,2022,ROW,EB-1,2061,save_pct,2,100.0,0.0,0.0,,,2,0,0
Uncapped,2022,ROW,EB-2,2061,save_pct,2,96.30394245356896,0.1354060051293877,0.09574650444037047,,,2,0,0
Uncapped,2022,ROW,EB-3,2061,save_pct,2,93.98112737428873,0.24796143299753162,0.17533521074528835,,,2,0,0
Uncapped,2022,ROW,EB-4,2061,save_pct,2,15.916146678818341,0.17775340000210163,0.12569063452045093,,,2,0,0
Uncapped,2022,ROW,EB-5,2061,save_pct,2,100.0,0.0,0.0,,,2,0,0
Uncapped,2023,India,EB-1,2061,save_pct,2,98.35901331419193,0.04868247064927064,0.034423705121014336,,,2,0,0
Uncapped,2023,India,EB-2,2061,save_pct,2,40.544948451740325,0.40783781073220005,0.28838488159301434,,,2,0,0
Uncapped,2023,India,EB-3,2061,save_pct,2,74.48619943077273,0.6490246437443105,0.45892972674878507,,,2,0,0
Uncapped,2023,India,EB-4,2061,save_pct,2,11.54116306191688,0.12838426238146355,0.09078138252756585,,,2,0,0
Uncapped,2023,India,EB-5,2061,save_pct,2,95.2096052096052,0.5583179306072095,0.39479039479039807,,,2,0,0
Uncapped,2023,China,EB-1,2061,save_pct,2,97.85534719732682,0.20318956146414766,0.1436767167776196,,,2,0,0
Uncapped,2023,China,EB-2,2061,save_pct,2,30.83696239107961,0.4183537940662148,0.2958208047193409,,,2,0,0
Uncapped,2023,China,EB-3,2061,save_pct,2,58.61441375525882,1.1627748240108027,0.8222059630510329,,,2,0,0
Uncapped,2023,China,EB-4,2061,save_pct,2,100.0,0.0,0.0,,,2,0,0
Uncapped,2023,China,EB-5,2061,save_pct,2,96.48196140102732,0.3745631422527057,0.26485613786942963,,,2,0,0
Uncapped,2023,ROW,EB-1,2061,save_pct,2,100.0,0.0,0.0,,,2,0,0
Uncapped,2023,ROW,EB-2,2061,save_pct,2,43.48503027308021,0.9426941195541937,0.6665854045214522,,,2,0,0
Uncapped,2023,ROW,EB-3,2061,save_pct,2,56.4432458334528,0.013297343368432421,0.009402641667584533,,,2,0,0
Uncapped,2023,ROW,EB-4,2061,save_pct,2,10.654964953561866,0.1146751195151533,0.08108755464254269,,,2,0,0
Uncapped,2023,ROW,EB-5,2061,save_pct,2,100.0,0.0,0.0,,,2,0,0
Uncapped,2024,India,EB-1,2061,save_pct,2,98.45605750306834,0.08405099777825013,0.05943303049449611,,,2,0,0
Uncapped,2024,India,EB-2,2061,save_pct,2,32.89597448460609,0.016482875696965417,0.011655153178779186,,,2,0,0
Uncapped,2024,India,EB-3,2061,save_pct,2,73.10879661761325,1.4231824696244522,1.0063419751372678,,,2,0,0
Uncapped,2024,India,EB-4,2061,save_pct,2,5.564684213893443,0.33309058142893494,0.23553060887776978,,,2,0,0
Uncapped,2024,India,EB-5,2061,save_pct,2,97.65456150497701,0.20878925382816965,0.1476362972207781,,,2,0,0
Uncapped,2024,China,EB-1,2061,save_pct,2,97.72976994258728,0.3954976607252889,0.27965907784226823,,,2,0,0
Uncapped,2024,China,EB-2,2061,save_pct,2,23.943340944617674,0.0020254803982025314,0.0014322309247294385,,,2,0,0
Uncapped,2024,China,EB-3,2061,save_pct,2,56.15485033772971,1.8258021878836035,1.2910371081577308,,,2,0,0
Uncapped,2024,China,EB-4,2061,save_pct,2,100.0,0.0,0.0,,,2,0,0
Uncapped,2024,China,EB-5,2061,save_pct,2,97.40406061448266,0.36154147750731064,0.25564843042562296,,,2,0,0
Uncapped,2024,ROW,EB-1,2061,save_pct,2,100.0,0.0,0.0,,,2,0,0
Uncapped,2024,ROW,EB-2,2061,save_pct,2,18.171608655813934,0.19952409790404346,0.14108484263807775,,,2,0,0
Uncapped,2024,ROW,EB-3,2061,save_pct,2,53.59156104418197,0.4132972113794708,0.2922452608119137,,,2,0,0
Uncapped,2024,ROW,EB-4,2061,save_pct,2,4.225002795446564,0.009422869159257422,0.0066629746807445045,,,2,0,0
Uncapped,2024,ROW,EB-5,2061,save_pct,2,100.0,0.0,0.0,,,2,0,0
Uncapped,2025,India,EB-1,2061,save_pct,2,98.60866360911567,0.1666650129191874,0.11784996082170095,,,2,0,0
Uncapped,2025,India,EB-2,2061,save_pct,2,26.023704916116152,0.47835431363453734,0.3382475789808179,,,2,0,0
Uncapped,2025,India,EB-3,2061,save_pct,2,69.61095160899339,0.5806762515493625,0.4106001151445397,,,2,0,0
Uncapped,2025,India,EB-4,2061,save_pct,2,0.6405974617532735,0.12633105483177356,0.08932954554599665,,,2,0,0
Uncapped,2025,India,EB-5,2061,save_pct,2,95.85649770567808,0.3636009338218898,0.2571046859512194,,,2,0,0
Uncapped,2025,China,EB-1,2061,save_pct,2,97.81889564416039,0.5171399860206815,0.3656731909379402,,,2,0,0
Uncapped,2025,China,EB-2,2061,save_pct,2,19.30540751980762,0.18006520572910287,0.12732532802679938,,,2,0,0
Uncapped,2025,China,EB-3,2061,save_pct,2,53.97767054919964,1.2558603662905763,0.8880273812274879,,,2,0,0
Uncapped,2025,China,EB-4,2061,save_pct,2,0.0,0.0,0.0,,,0,2,0
Uncapped,2025,China,EB-5,2061,save_pct,2,96.84982003947522,1.5742218192560127,1.1131429234877501,,,2,0,0
Uncapped,2025,ROW,EB-1,2061,save_pct,2,98.02920099171372,0.0953881500111842,0.067449607717748,,,2,0,0
Uncapped,2025,ROW,EB-2,2061,save_pct,2,14.14963508715082,0.055714948786018674,0.03939641810005501,,,2,0,0
Uncapped,2025,ROW,EB-3,2061,save_pct,2,50.014348067290015,0.06528038395560709,0.04616020217347127,,,2,0,0
Uncapped,2025,ROW,EB-4,2061,save_pct,2,0.3077772008973113,0.0009062226766596223,0.0006407961999310429,,,2,0,0
Uncapped,2025,ROW,EB-5,2061,save_pct,2,96.26289295120463,0.37622700801094927,0.26603266863006775,,,2,0,0
Uncapped,2026,India,EB-1,2061,save_pct,2,98.02605032696982,0.06909952441629953,0.048860742291530805,,,2,0,0
Uncapped,2026,India,EB-2,2061,save_pct,2,19.388003155636895,0.3217732903955483,0.22752807564340038,,,2,0,0
Uncapped,2026,India,EB-3,2061,save_pct,2,68.42485425081782,0.923400778145169,0.6529429519793837,,,2,0,0
Uncapped,2026,India,EB-4,2061,save_pct,2,0.0,0.0,0.0,,,0,2,0
Uncapped,2026,India,EB-5,2061,save_pct,2,96.96663918016294,0.507376604934847,0.35876943796483823,,,2,0,0
Uncapped,2026,China,EB-1,2061,save_pct,2,97.78151844404681,0.17161667283681234,0.12135131312758317,,,2,0,0
Uncapped,2026,China,EB-2,2061,save_pct,2,15.172044687419032,0.8937622393855856,0.631985340238022,,,2,0,0
Uncapped,2026,China,EB-3,2061,save_pct,2,50.292797219740166,0.17699254144939872,0.12515262627831092,,,2,0,0
Uncapped,2026,China,EB-4,2061,save_pct,2,0.0,0.0,0.0,,,0,2,0
Uncapped,2026,China,EB-5,2061,save_pct,2,96.87346313694613,0.43919507978111366,0.3105578191769922,,,2,0,0
Uncapped,2026,ROW,EB-1,2061,save_pct,2,97.42950470993641,0.05057878972515252,0.03576460519886382,,,2,0,0
Uncapped,2026,ROW,EB-2,2061,save_pct,2,10.034676164704216,0.19324743294987978,0.13664657028575264,,,2,0,0
Uncapped,2026,ROW,EB-3,2061,save_pct,2,47.98635582322681,0.037754225124500114,0.026696268603977554,,,2,0,0
Uncapped,2026,ROW,EB-4,2061,save_pct,2,0.0,0.0,0.0,,,0,2,0
Uncapped,2026,ROW,EB-5,2061,save_pct,2,93.7932805368878,2.3985289694886793,1.6960160991978268,,,2,0,0
Uncapped,2027,India,EB-1,2061,save_pct,2,97.55617200986478,0.20056610700293215,0.14182165433796,,,2,0,0
Uncapped,2027,India,EB-2,2061,save_pct,2,13.704494130237752,0.13004680560748966,0.09195697811670467,,,2,0,0
Uncapped,2027,India,EB-3,2061,save_pct,2,66.98996770873728,0.5950255154829324,0.42074657697700246,,,2,0,0
Uncapped,2027,India,EB-4,2061,save_pct,2,0.0,0.0,0.0,,,0,2,0
Uncapped,2027,India,EB-5,2061,save_pct,2,96.03679436287405,0.8973121587585791,0.6344955122993311,,,2,0,0
Uncapped,2027,China,EB-1,2061,save_pct,2,96.45505825168749,0.11331101202543614,0.08012298498629633,,,2,0,0
Uncapped,2027,China,EB-2,2061,save_pct,2,10.82097800958451,0.392753201679701,0.2777184522404443,,,2,0,0
Uncapped,2027,China,EB-3,2061,save_pct,2,45.88981580566433,0.5725669498021708,0.40486597288841253,,,2,0,0
Uncapped,2027,China,EB-4,2061,save_pct,2,0.0,0.0,0.0,,,0,2,0
Uncapped,2027,China,EB-5,2061,save_pct,2,96.15460570720057,0.30526842252277997,0.21585737164797789,,,2,0,0
Uncapped,2027,ROW,EB-1,2061,save_pct,2,96.58973372997814,0.32260414005169713,0.22811557506940972,,,2,0,0
Uncapped,2027,ROW,EB-2,2061,save_pct,2,6.5194416797393835,0.22713801966193706,0.16061083396823905,,,2,0,0
Uncapped,2027,ROW,EB-3,2061,save_pct,2,44.9088906067321,0.035213758568093084,0.024899887474564508,,,2,0,0
Uncapped,2027,ROW,EB-4,2061,save_pct,2,0.0,0.0,0.0,,,0,2,0
Uncapped,2027,ROW,EB-5,2061,save_pct,2,95.13473407366237,2.2677361906494196,1.6035316383503537,,,2,0,0
Uncapped,2028,India,EB-1,2061,save_pct,2,97.72705238771181,0.8543850329487563,0.6041414505423573,,,2,0,0
Uncapped,2028,India,EB-2,2061,save_pct,2,9.577182141293944,0.004748307730738642,0.0033575605955658006,,,2,0,0
Uncapped,2028,India,EB-3,2061,save_pct,2,65.2559684551012,0.453430282448949,0.3206236275149834,,,2,0,0
Uncapped,2028,India,EB-4,2061,save_pct,2,0.0,0.0,0.0,,,0,2,0
Uncapped,2028,India,EB-5,2061,save_pct,2,96.73336209686119,0.6109292759469573,0.43199223384748103,,,2,0,0
Uncapped,2028,China,EB-1,2061,save_pct,2,96.38563948306596,0.04450928379794973,0.031472816399286785,,,2,0,0
Uncapped,2028,China,EB-2,2061,save_pct,2,7.875385916846847,0.6133621646820495,0.4337125459699371,,,2,0,0
Uncapped,2028,China,EB-3,2061,save_pct,2,44.989466848563765,0.20680402030092937,0.1462325251314276,,,2,0,0
Uncapped,2028,China,EB-4,2061,save_pct,2,0.0,0.0,0.0,,,0,2,0
Uncapped,2028,China,EB-5,2061,save_pct,2,96.83878353065047,0.07696200106206573,0.05442035284467295,,,2,0,0
Uncapped,2028,ROW,EB-1,2061,save_pct,2,96.34452020173512,0.23775966610695892,0.16812147219687998,,,2,0,0
Uncapped,2028,ROW,EB-2,2061,save_pct,2,4.325352814243526,0.1310020800301993,0.09263245913889673,,,2,0,0
Uncapped,2028,ROW,EB-3,2061,save_pct,2,42.64575282339291,0.36038683082788064,0.2548319719287235,,,2,0,0
Uncapped,2028,ROW,EB-4,2061,save_pct,2,0.0,0.0,0.0,,,0,2,0
Uncapped,2028,ROW,EB-5,2061,save_pct,2,94.36426736919347,1.5763670544938466,1.1146598338716627,,,2,0,0
Uncapped,2029,India,EB-1,2061,save_pct,2,97.69073563215747,0.3556337310353505,0.2514710228337691,,,2,0,0
Uncapped,2029,India,EB-2,2061,save_pct,2,4.8418212265073155,0.025258154652650768,0.017860212435147904,,,2,0,0
Uncapped,2029,India,EB-3,2061,save_pct,2,62.41750582430583,1.2174993560043406,0.8609020507209237,,,2,0,0
Uncapped,2029,India,EB-4,2061,save_pct,2,0.0,0.0,0.0,,,0,2,0
Uncapped,2029,India,EB-5,2061,save_pct,2,95.4195836403832,0.7132294817605662,0.5043294030950634,,,2,0,0
Uncapped,2029,China,EB-1,2061,save_pct,2,96.78692653857377,0.25847642249520064,0.18277043112319544,,,2,0,0
Uncapped,2029,China,EB-2,2061,save_pct,2,3.994092761698395,0.6973299346014992,0.4930867254810917,,,2,0,0
Uncapped,2029,China,EB-3,2061,save_pct,2,42.12372188459629,0.9031413793541051,0.6386173937114599,,,2,0,0
Uncapped,2029,China,EB-4,2061,save_pct,2,0.0,0.0,0.0,,,0,2,0
Uncapped,2029,China,EB-5,2061,save_pct,2,96.07745951463731,0.26832023133608335,0.1897310551072877,,,2,0,0
Uncapped,2029,ROW,EB-1,2061,save_pct,2,95.9306670643035,0.01878887094547179,0.013285738056382,,,2,0,0
Uncapped,2029,ROW,EB-2,2061,save_pct,2,2.105957926580718,0.0005215988738632042,0.0003688261007679383,,,2,0,0
Uncapped,2029,ROW,EB-3,2061,save_pct,2,40.620729922578874,0.04542937188937074,0.032123416928019566,,,2,0,0
Uncapped,2029,ROW,EB-4,2061,save_pct,2,0.0,0.0,0.0,,,0,2,0
Uncapped,2029,ROW,EB-5,2061,save_pct,2,92.2684341400285,1.2537878997193492,0.8865619260611908,,,2,0,0
Uncapped,2030,India,EB-1,2061,save_pct,2,96.92944834599035,0.21376185595129865,0.1511524579021852,,,2,0,0
Uncapped,2030,India,EB-2,2061,save_pct,2,2.321531738346742,0.11496865670064337,0.08129511677693313,,,2,0,0
Uncapped,2030,India,EB-3,2061,save_pct,2,60.91321781859652,0.003112499416686713,0.0022008694439783483,,,2,0,0
Uncapped,2030,India,EB-4,2061,save_pct,2,0.0,0.0,0.0,,,0,2,0
Uncapped,2030,India,EB-5,2061,save_pct,2,96.07448542897902,0.5007532228700358,0.3540859995924208,,,2,0,0
Uncapped,2030,China,EB-1,2061,save_pct,2,95.95755804302074,0.34184780637698836,0.24172290202291435,,,2,0,0
Uncapped,2030,China,EB-2,2061,save_pct,2,1.7763880714296483,0.40482594043835063,0.2862551676841791,,,2,0,0
Uncapped,2030,China,EB-3,2061,save_pct,2,38.71497886557211,1.4274108779957562,1.0093319113702428,,,2,0,0
Uncapped,2030,China,EB-4,2061,save_pct,2,0.0,0.0,0.0,,,0,2,0
Uncapped,2030,China,EB-5,2061,save_pct,2,96.51191081816373,0.05630453677802924,0.03981331976731184,,,2,0,0
Uncapped,2030,ROW,EB-1,2061,save_pct,2,95.38997311297278,0.45512144137340604,0.32181945745853113,,,2,0,0
Uncapped,2030,ROW,EB-2,2061,save_pct,2,1.033887193598269,0.007961650091852793,0.005629736769383609,,,2,0,0
Uncapped,2030,ROW,EB-3,2061,save_pct,2,38.484595032453996,0.5636413859324614,0.39855464615022734,,,2,0,0
Uncapped,2030,ROW,EB-4,2061,save_pct,2,0.0,0.0,0.0,,,0,2,0
Uncapped,2030,ROW,EB-5,2061,save_pct,2,93.33032326174597,0.026131803820829264,0.018477975686344905,,,2,0,0
Uncapped,2031,India,EB-1,2061,save_pct,2,96.55470626239244,0.14125968766786315,0.09988568305823975,,,2,0,0
Uncapped,2031,India,EB-2,2061,save_pct,2,0.3027122537546286,0.04294438438290947,0.030366265411036954,,,2,0,0
Uncapped,2031,India,EB-3,2061,save_pct,2,59.253202339164034,0.11129042268276679,0.07869421256010155,,,2,0,0
Uncapped,2031,India,EB-4,2061,save_pct,2,0.0,0.0,0.0,,,0,2,0
Uncapped,2031,India,EB-5,2061,save_pct,2,95.13373415729353,1.273160151955314,0.9002601769840978,,,2,0,0
Uncapped,2031,China,EB-1,2061,save_pct,2,94.72272744144612,0.14829268823369782,0.10485876545043027,,,2,0,0
Uncapped,2031,China,EB-2,2061,save_pct,2,0.15434971699327585,0.005219272932302778,0.0036905832832946905,,,2,0,0
Uncapped,2031,China,EB-3,2061,save_pct,2,36.90816727759277,2.102936940304935,1.4870009708973093,,,2,0,0
Uncapped,2031,China,EB-4,2061,save_pct,2,0.0,0.0,0.0,,,0,2,0
Uncapped,2031,China,EB-5,2061,save_pct,2,96.02773605112222,0.8343928679030813,0.59000485506796,,,2,0,0
Uncapped,2031,ROW,EB-1,2061,save_pct,2,94.68989752513036,0.0038719723091077195,0.002737897876336603,,,2,0,0
Uncapped,2031,ROW,EB-2,2061,save_pct,2,0.16285209294865682,0.0411970386477267,0.02913070539261182,,,2,0,0
Uncapped,2031,ROW,EB-3,2061,save_pct,2,36.086676060293996,0.5482401506232211,0.3876643282244138,,,2,0,0
Uncapped,2031,ROW,EB-4,2061,save_pct,2,0.0,0.0,0.0,,,0,2,0
Uncapped,2031,ROW,EB-5,2061,save_pct,2,93.81923223834988,0.09790917042785173,0.06923223834988333,,,2,0,0
Uncapped,2032,India,EB-1,2061,save_pct,2,96.11584045779306,0.09920178862357491,0.07014625744156432,,,2,0,0
Uncapped,2032,India,EB-2,2061,save_pct,2,0.0,0.0,0.0,,,0,2,0
Uncapped,2032,India,EB-3,2061,save_pct,2,56.55955828737734,0.9460668788192617,0.6689703054690915,,,2,0,0
Uncapped,2032,India,EB-4,2061,save_pct,2,0.0,0.0,0.0,,,0,2,0
Uncapped,2032,India,EB-5,2061,save_pct,2,93.72061086545767,0.7709209058381071,0.5451234002766013,,,2,0,0
Uncapped,2032,China,EB-1,2061,save_pct,2,95.7965852263132,0.7575508715525291,0.5356693583685725,,,2,0,0
Uncapped,2032,China,EB-2,2061,save_pct,2,0.0,0.0,0.0,,,0,2,0
Uncapped,2032,China,EB-3,2061,save_pct,2,35.59368913644508,1.9007413905370574,1.344027126530701,,,2,0,0
Uncapped,2032,China,EB-4,2061,save_pct,2,0.0,0.0,0.0,,,0,2,0
Uncapped,2032,China,EB-5,2061,save_pct,2,95.67896155495019,0.2753026366205316,0.19466836123291384,,,2,0,0
Uncapped,2032,ROW,EB-1,2061,save_pct,2,94.51949798573315,0.6209927960546568,0.43910821715824255,,,2,0,0
Uncapped,2032,ROW,EB-2,2061,save_pct,2,0.0,0.0,0.0,,,0,2,0
Uncapped,2032,ROW,EB-3,2061,save_pct,2,34.70850283153187,0.3286335197726205,0.2323789903564233,,,2,0,0
Uncapped,2032,ROW,EB-4,2061,save_pct,2,0.0,0.0,0.0,,,0,2,0
Uncapped,2032,ROW,EB-5,2061,save_pct,2,93.27919242474283,1.4936287352655264,1.0561550072813402,,,2,0,0
Uncapped,2033,India,EB-1,2061,save_pct,2,95.79421283939647,0.2655018668785337,0.1877381704874992,,,2,0,0
Uncapped,2033,India,EB-2,2061,save_pct,2,0.0,0.0,0.0,,,0,2,0
Uncapped,2033,India,EB-3,2061,save_pct,2,53.49010544395334,0.03262443618912422,0.023068960061717544,,,2,0,0
Uncapped,2033,India,EB-4,2061,save_pct,2,0.0,0.0,0.0,,,0,2,0
Uncapped,2033,India,EB-5,2061,save_pct,2,94.25221414572428,0.9757824481753862,0.6899823860676264,,,2,0,0
Uncapped,2033,China,EB-1,2061,save_pct,2,94.78365881258831,0.5765105617501479,0.4076545276391954,,,2,0,0
Uncapped,2033,China,EB-2,2061,save_pct,2,0.0,0.0,0.0,,,0,2,0
Uncapped,2033,China,EB-3,2061,save_pct,2,32.64501816788024,0.0704294782698736,0.049801161680058215,,,2,0,0
Uncapped,2033,China,EB-4,2061,save_pct,2,0.0,0.0,0.0,,,0,2,0
Uncapped,2033,China,EB-5,2061,save_pct,2,95.78755126020997,0.8768484527522987,0.6200254870140824,,,2,0,0
Uncapped,2033,ROW,EB-1,2061,save_pct,2,94.3272897032918,0.21156060931281942,0.14959594147705246,,,2,0,0
Uncapped,2033,ROW,EB-2,2061,save_pct,2,0.0,0.0,0.0,,,0,2,0
Uncapped,2033,ROW,EB-3,2061,save_pct,2,32.33331876184761,0.373851943779463,0.2643532446062302,,,2,0,0
Uncapped,2033,ROW,EB-4,2061,save_pct,2,0.0,0.0,0.0,,,0,2,0
Uncapped,2033,ROW,EB-5,2061,save_pct,2,93.59770118209491,0.13971987683954767,0.0987968723797934,,,2,0,0
Uncapped,2034,India,EB-1,2061,save_pct,2,94.76212070731376,0.2577952572237712,0.18228877454065892,,,2,0,0
Uncapped,2034,India,EB-2,2061,save_pct,2,0.0,0.0,0.0,,,0,2,0
Uncapped,2034,India,EB-3,2061,save_pct,2,51.94701095140072,0.44587909344813886,0.3152841305664893,,,2,0,0
Uncapped,2034,India,EB-4,2061,save_pct,2,0.0,0.0,0.0,,,0,2,0
Uncapped,2034,India,EB-5,2061,save_pct,2,94.4636755161049,0.39718192331443164,0.2808500313403499,,,2,0,0
Uncapped,2034,China,EB-1,2061,save_pct,2,94.02594353465986,0.06806686160391828,0.048130539414216855,,,2,0,0
Uncapped,2034,China,EB-2,2061,save_pct,2,0.0,0.0,0.0,,,0,2,0
Uncapped,2034,China,EB-3,2061,save_pct,2,32.6165317477797,1.9218453274459455,1.358949863428709,,,2,0,0
Uncapped,2034,China,EB-4,2061,save_pct,2,0.0,0.0,0.0,,,0,2,0
Uncapped,2034,China,EB-5,2061,save_pct,2,95.55490102229913,0.019091527295390136,0.013499748413778432,,,2,0,0
Uncapped,2034,ROW,EB-1,2061,save_pct,2,92.59990531682357,0.0324477806347651,0.022944045721295936,,,2,0,0
Uncapped,2034,ROW,EB-2,2061,save_pct,2,0.0,0.0,0.0,,,0,2,0
Uncapped,2034,ROW,EB-3,2061,save_pct,2,30.902631990322686,0.07231628056035311,0.05113533237441458,,,2,0,0
Uncapped,2034,ROW,EB-4,2061,save_pct,2,0.0,0.0,0.0,,,0,2,0
Uncapped,2034,ROW,EB-5,2061,save_pct,2,92.40800865800867,0.4055915519792968,0.2867965367965368,,,2,0,0
Uncapped,2035,India,EB-1,2061,save_pct,2,95.07969653194465,0.9429642417067543,0.6667764097272766,,,2,0,0
Uncapped,2035,India,EB-2,2061,save_pct,2,0.0,0.0,0.0,,,0,2,0
Uncapped,2035,India,EB-3,2061,save_pct,2,50.66426453871476,0.5509770805050789,0.38959962990350755,,,2,0,0
Uncapped,2035,India,EB-4,2061,save_pct,2,0.0,0.0,0.0,,,0,2,0
Uncapped,2035,India,EB-5,2061,save_pct,2,93.7331891863729,0.36518829901002975,0.25822712263997255,,,2,0,0
Uncapped,2035,China,EB-1,2061,save_pct,2,92.92337010801543,1.252503935559923,0.8856540262972601,,,2,0,0
Uncapped,2035,China,EB-2,2061,save_pct,2,0.0,0.0,0.0,,,0,2,0
Uncapped,2035,China,EB-3,2061,save_pct,2,29.44541401096668,0.3564838413025647,0.2520721415684725,,,2,0,0
Uncapped,2035,China,EB-4,2061,save_pct,2,0.0,0.0,0.0,,,0,2,0
Uncapped,2035,China,EB-5,2061,save_pct,2,95.12201975210998,1.0247753728032625,0.7246256153021592,,,2,0,0
Uncapped,2035,ROW,EB-1,2061,save_pct,2,92.53635886542546,0.3059776418243544,0.21635886542546956,,,2,0,0
Uncapped,2035,ROW,EB-2,2061,save_pct,2,0.0,0.0,0.0,,,0,2,0
Uncapped,2035,ROW,EB-3,2061,save_pct,2,28.811995314892968,0.30049355788433313,0.21248103248288427,,,2,0,0
Uncapped,2035,ROW,EB-4,2061,save_pct,2,0.0,0.0,0.0,,,0,2,0
Uncapped,2035,ROW,EB-5,2061,save_pct,2,91.1575766509434,1.0846334264485888,0.7669516509433976,,,2,0,0
Uncapped,2036,India,EB-1,2061,save_pct,2,95.3928504155515,0.010232067410705764,0.007235164251667924,,,2,0,0
Uncapped,2036,India,EB-2,2061,save_pct,2,0.0,0.0,0.0,,,0,2,0
Uncapped,2036,India,EB-3,2061,save_pct,2,47.818136838955695,1.1036480381824763,0.7803970118420587,,,2,0,0
Uncapped,2036,India,EB-4,2061,save_pct,2,0.0,0.0,0.0,,,0,2,0
Uncapped,2036,India,EB-5,2061,save_pct,2,93.74046648362315,1.0511391261502372,0.7432676040713345,,,2,0,0
Uncapped,2036,China,EB-1,2061,save_pct,2,92.39168636907553,0.2420871631353154,0.1711814746911955,,,2,0,0
Uncapped,2036,China,EB-2,2061,save_pct,2,0.0,0.0,0.0,,,0,2,0
Uncapped,2036,China,EB-3,2061,save_pct,2,28.70378721131099,1.1807760503916371,0.8349347522945951,,,2,0,0
Uncapped,2036,China,EB-4,2061,save_pct,2,0.0,0.0,0.0,,,0,2,0
Uncapped,2036,China,EB-5,2061,save_pct,2,95.3519322461877,0.12861315662407877,0.09094323519869363,,,2,0,0
Uncapped,2036,ROW,EB-1,2061,save_pct,2,91.66981019172738,0.40720579327057815,0.2879379777600732,,,2,0,0
Uncapped,2036,ROW,EB-2,2061,save_pct,2,0.0,0.0,0.0,,,0,2,0
Uncapped,2036,ROW,EB-3,2061,save_pct,2,27.84506174775603,0.21678662173671553,0.15329129030055455,,,2,0,0
Uncapped,2036,ROW,EB-4,2061,save_pct,2,0.0,0.0,0.0,,,0,2,0
Uncapped,2036,ROW,EB-5,2061,save_pct,2,91.62834005458879,0.6135608976993583,0.4338530714341218,,,2,0,0
Uncapped,2037,India,EB-1,2061,save_pct,2,94.57107327004734,1.0037092741254765,0.7097296340739517,,,2,0,0
Uncapped,2037,India,EB-2,2061,save_pct,2,0.0,0.0,0.0,,,0,2,0
Uncapped,2037,India,EB-3,2061,save_pct,2,46.771632591337124,0.48406542552896964,0.3422859449294861,,,2,0,0
Uncapped,2037,India,EB-4,2061,save_pct,2,0.0,0.0,0.0,,,0,2,0
Uncapped,2037,India,EB-5,2061,save_pct,2,94.93994824486893,0.2138515066267534,0.15121585050273723,,,2,0,0
Uncapped,2037,China,EB-1,2061,save_pct,2,92.4677644146427,0.5618385280908478,0.397279833144907,,,2,0,0
Uncapped,2037,China,EB-2,2061,save_pct,2,0.0,0.0,0.0,,,0,2,0
Uncapped,2037,China,EB-3,2061,save_pct,2,27.298321893558022,1.9961590056669538,1.4114975692336988,,,2,0,0
Uncapped,2037,China,EB-4,2061,save_pct,2,0.0,0.0,0.0,,,0,2,0
Uncapped,2037,China,EB-5,2061,save_pct,2,95.57679435691483,0.18149146865487212,0.1283338482133658,,,2,0,0
Uncapped,2037,ROW,EB-1,2061,save_pct,2,91.20692131047048,0.20725935304176768,0.14655449400017062,,,2,0,0
Uncapped,2037,ROW,EB-2,2061,save_pct,2,0.0,0.0,0.0,,,0,2,0
Uncapped,2037,ROW,EB-3,2061,save_pct,2,26.248929015173683,0.1769895535933243,0.1251505135450195,,,2,0,0
Uncapped,2037,ROW,EB-4,2061,save_pct,2,0.0,0.0,0.0,,,0,2,0
Uncapped,2037,ROW,EB-5,2061,save_pct,2,91.1233116192837,1.3090215918614931,0.9256180443248709,,,2,0,0
Uncapped,2038,India,EB-1,2061,save_pct,2,94.66784387862188,0.731410830216524,0.5171855578793867,,,2,0,0
Uncapped,2038,India,EB-2,2061,save_pct,2,0.0,0.0,0.0,,,0,2,0
Uncapped,2038,India,EB-3,2061,save_pct,2,45.67176476309469,0.8281038764193235,0.5855578665429704,,,2,0,0
Uncapped,2038,India,EB-4,2061,save_pct,2,0.0,0.0,0.0,,,0,2,0
Uncapped,2038,India,EB-5,2061,save_pct,2,95.15477966583352,0.25117948347742414,0.17761071606182097,,,2,0,0
Uncapped,2038,China,EB-1,2061,save_pct,2,92.64217990255125,0.44934921565487346,0.3177378775104173,,,2,0,0
Uncapped,2038,China,EB-2,2061,save_pct,2,0.0,0.0,0.0,,,0,2,0
Uncapped,2038,China,EB-3,2061,save_pct,2,25.980946379256018,0.5506382654399306,0.38936005147337305,,,2,0,0
Uncapped,2038,China,EB-4,2061,save_pct,2,0.0,0.0,0.0,,,0,2,0
Uncapped,2038,China,EB-5,2061,save_pct,2,95.18081596859732,1.4495290386456625,1.024971812753165,,,2,0,0
Uncapped,2038,ROW,EB-1,2061,save_pct,2,90.14534662808398,0.05208157067775049,0.03682723180108382,,,2,0,0
Uncapped,2038,ROW,EB-2,2061,save_pct,2,0.0,0.0,0.0,,,0,2,0
Uncapped,2038,ROW,EB-3,2061,save_pct,2,25.228681056131137,0.14437384707119774,0.10208772629003349,,,2,0,0
Uncapped,2038,ROW,EB-4,2061,save_pct,2,0.0,0.0,0.0,,,0,2,0
Uncapped,2038,ROW,EB-5,2061,save_pct,2,90.88648368465222,1.4041255009739273,0.9928666633756221,,,2,0,0
Uncapped,2039,India,EB-1,2061,save_pct,2,94.31602460757594,0.04878991661178088,0.03449968088971644,,,2,0,0
Uncapped,2039,India,EB-2,2061,save_pct,2,0.0,0.0,0.0,,,0,2,0
Uncapped,2039,India,EB-3,2061,save_pct,2,43.979963678721575,1.570259994689455,1.1103414904708657,,,2,0,0
Uncapped,2039,India,EB-4,2061,save_pct,2,0.0,0.0,0.0,,,0,2,0
Uncapped,2039,India,EB-5,2061,save_pct,2,94.79068550497121,0.24791289554944063,0.1753008895866017,,,2,0,0
Uncapped,2039,China,EB-1,2061,save_pct,2,91.69997058924994,0.11121808108548889,0.07864305932610449,,,2,0,0
Uncapped,2039,China,EB-2,2061,save_pct,2,0.0,0.0,0.0,,,0,2,0
Uncapped,2039,China,EB-3,2061,save_pct,2,26.576198129748686,2.7084752000007812,1.9151811805961427,,,2,0,0
Uncapped,2039,China,EB-4,2061,save_pct,2,0.0,0.0,0.0,,,0,2,0
Uncapped,2039,China,EB-5,2061,save_pct,2,94.67590062239105,1.533757125331965,1.0845300640154178,,,2,0,0
Uncapped,2039,ROW,EB-1,2061,save_pct,2,89.3868014202268,0.19573650100147078,0.13840660718386744,,,2,0,0
Uncapped,2039,ROW,EB-2,2061,save_pct,2,0.0,0.0,0.0,,,0,2,0
Uncapped,2039,ROW,EB-3,2061,save_pct,2,23.9520544273211,0.7396062154405331,0.5229805703457195,,,2,0,0
Uncapped,2039,ROW,EB-4,2061,save_pct,2,0.0,0.0,0.0,,,0,2,0
Uncapped,2039,ROW,EB-5,2061,save_pct,2,92.32136723478033,0.18375084212929663,0.12993146651836437,,,2,0,0
Uncapped,2040,India,EB-1,2061,save_pct,2,93.572560338716,0.12884886902626447,0.0911099090366889,,,2,0,0
Uncapped,2040,India,EB-2,2061,save_pct,2,0.0,0.0,0.0,,,0,2,0
Uncapped,2040,India,EB-3,2061,save_pct,2,41.209580794753386,0.9894768360374339,0.699665780589079,,,2,0,0
Uncapped,2040,India,EB-4,2061,save_pct,2,0.0,0.0,0.0,,,0,2,0
Uncapped,2040,India,EB-5,2061,save_pct,2,95.05868628431303,1.4730339107640538,1.041592267219002,,,2,0,0
Uncapped,2040,China,EB-1,2061,save_pct,2,92.35346443520267,0.059080360457371583,0.041776123514353,,,2,0,0
Uncapped,2040,China,EB-2,2061,save_pct,2,0.0,0.0,0.0,,,0,2,0
Uncapped,2040,China,EB-3,2061,save_pct,2,23.948106330378884,1.3954511059350523,0.9867329398209427,,,2,0,0
Uncapped,2040,China,EB-4,2061,save_pct,2,0.0,0.0,0.0,,,0,2,0
Uncapped,2040,China,EB-5,2061,save_pct,2,95.55166996965248,0.15829371029913378,0.11193055597169632,,,2,0,0
Uncapped,2040,ROW,EB-1,2061,save_pct,2,88.7553199887488,1.206328615933754,0.8530031446661397,,,2,0,0
Uncapped,2040,ROW,EB-2,2061,save_pct,2,0.0,0.0,0.0,,,0,2,0
Uncapped,2040,ROW,EB-3,2061,save_pct,2,22.057711961889773,0.6118549845914429,0.4326468087073998,,,2,0,0
Uncapped,2040,ROW,EB-4,2061,save_pct,2,0.0,0.0,0.0,,,0,2,0
Uncapped,2040,ROW,EB-5,2061,save_pct,2,91.57034030684952,1.6831979205716496,1.190200663715309,,,2,0,0
Capped,2009,India,EB-1,2061,save_pct,2,100.0,0.0,0.0,,,2,0,0
Capped,2009,India,EB-2,2061,save_pct,2,97.88543920820584,0.3610441269546059,0.2552967504771786,,,2,0,0
Capped,2009,India,EB-3,2061,save_pct,2,41.16011325045128,0.15207832359098522,0.10753561388266775,,,2,0,0
Capped,2009,India,EB-4,2061,save_pct,2,100.0,0.0,0.0,,,2,0,0
Capped,2009,India,EB-5,2061,save_pct,2,100.0,0.0,0.0,,,2,0,0
Capped,2009,China,EB-1,2061,save_pct,2,100.0,0.0,0.0,,,2,0,0
Capped,2009,China,EB-2,2061,save_pct,2,97.05525277610161,0.11279070617612061,0.07975507319195428,,,2,0,0
Capped,2009,China,EB-3,2061,save_pct,2,66.06580315917385,0.6057414070263359,0.42832385655380273,,,2,0,0
Capped,2009,China,EB-4,2061,save_pct,2,100.0,0.0,0.0,,,2,0,0
Capped,2009,China,EB-5,2061,save_pct,2,100.0,0.0,0.0,,,2,0,0
Capped,2009,ROW,EB-1,2061,save_pct,2,100.0,0.0,0.0,,,2,0,0
Capped,2009,ROW,EB-2,2061,save_pct,2,100.0,0.0,0.0,,,2,0,0
Capped,2009,ROW,EB-3,2061,save_pct,2,92.17508613484097,0.12127906970323271,0.08575725260315181,,,2,0,0
Capped,2009,ROW,EB-4,2061,save_pct,2,99.94398805078417,0.07921285823597884,0.0560119492158293,,,2,0,0
Capped,2009,ROW,EB-5,2061,save_pct,2,100.0,0.0,0.0,,,2,0,0
Capped,2010,India,EB-1,2061,save_pct,2,100.0,0.0,0.0,,,2,0,0
Capped,2010,India,EB-2,2061,save_pct,2,94.61181523237872,0.028111967095263896,0.01987816256555419,,,2,0,0
Capped,2010,India,EB-3,2061,save_pct,2,0.0,0.0,0.0,,,0,2,0
Capped,2010,India,EB-4,2061,save_pct,2,100.0,0.0,0.0,,,2,0,0
Capped,2010,India,EB-5,2061,save_pct,2,100.0,0.0,0.0,,,2,0,0
Capped,2010,China,EB-1,2061,save_pct,2,100.0,0.0,0.0,,,2,0,0
Capped,2010,China,EB-2,2061,save_pct,2,93.69043116653455,0.2796399195445706,0.19773528340042645,,,2,0,0
Capped,2010,China,EB-3,2061,save_pct,2,46.088435374149654,6.2533252757994,4.421768707482992,,,2,0,0
Capped,2010,China,EB-5,2061,save_pct,2,100.0,0.0,0.0,,,2,0,0
Capped,2010,ROW,EB-1,2061,save_pct,2,100.0,0.0,0.0,,,2,0,0
Capped,2010,ROW,EB-2,2061,save_pct,2,99.97301128196551,0.007530602185206547,0.005324939871577782,,,2,0,0
Capped,2010,ROW,EB-3,2061,save_pct,2,85.7028967665502,0.6195428108912584,0.4380829228165836,,,2,0,0
Capped,2010,ROW,EB-4,2061,save_pct,2,98.90282924340423,0.22543178756694285,0.15940434568359052,,,2,0,0
Capped,2010,ROW,EB-5,2061,save_pct,2,100.0,0.0,0.0,,,2,0,0
Capped,2011,India,EB-1,2061,save_pct,2,100.0,0.0,0.0,,,2,0,0
Capped,2011,India,EB-2,2061,save_pct,2,81.15658660279101,0.40766967560438444,0.28826599210398024,,,2,0,0
Capped,2011,India,EB-3,2061,save_pct,2,0.0,0.0,0.0,,,0,2,0
Capped,2011,India,EB-4,2061,save_pct,2,97.63479869113672,2.6306504948112464,1.8601508038127788,,,2,0,0
Capped,2011,India,EB-5,2061,save_pct,2,100.0,0.0,0.0,,,2,0,0
Capped,2011,China,EB-1,2061,save_pct,2,100.0,0.0,0.0,,,2,0,0
Capped,2011,China,EB-2,2061,save_pct,2,89.05568865774558,2.686617361815538,1.899725354993279,,,2,0,0
Capped,2011,China,EB-3,2061,save_pct,2,50.56140350877193,2.0344826686770814,1.4385964912280682,,,2,0,0
Capped,2011,China,EB-4,2061,save_pct,2,92.85714285714286,10.10152544552211,7.142857142857144,,,2,0,0
Capped,2011,China,EB-5,2061,save_pct,2,100.0,0.0,0.0,,,2,0,0
Capped,2011,ROW,EB-1,2061,save_pct,2,100.0,0.0,0.0,,,2,0,0
Capped,2011,ROW,EB-2,2061,save_pct,2,99.54704804495641,0.1487710523938265,0.10519701999193386,,,2,0,0
Capped,2011,ROW,EB-3,2061,save_pct,2,87.21215093068639,0.6527710673796585,0.4615788483065372,,,2,0,0
Capped,2011,ROW,EB-4,2061,save_pct,2,95.25490542116813,0.39182482993574136,0.2770619942848284,,,2,0,0
Capped,2011,ROW,EB-5,2061,save_pct,2,100.0,0.0,0.0,,,2,0,0
Capped,2012,India,EB-1,2061,save_pct,2,100.0,0.0,0.0,,,2,0,0
Capped,2012,India,EB-2,2061,save_pct,2,78.50306479177821,0.2247661858800784,0.15893369421723946,,,2,0,0
Capped,2012,India,EB-3,2061,save_pct,2,0.0,0.0,0.0,,,0,2,0
Capped,2012,India,EB-4,2061,save_pct,2,92.96897546897547,1.729503599006061,1.2229437229437252,,,2,0,0
Capped,2012,India,EB-5,2061,save_pct,2,100.0,0.0,0.0,,,2,0,0
Capped,2012,China,EB-1,2061,save_pct,2,100.0,0.0,0.0,,,2,0,0
Capped,2012,China,EB-2,2061,save_pct,2,85.90868769384046,0.5138581867604511,0.3633526084265384,,,2,0,0
Capped,2012,China,EB-3,2061,save_pct,2,50.714285714285715,1.0101525445522122,0.7142857142857152,,,2,0,0
Capped,2012,China,EB-4,2061,save_pct,2,92.85714285714286,10.10152544552211,7.142857142857144,,,2,0,0
Capped,2012,China,EB-5,2061,save_pct,2,100.0,0.0,0.0,,,2,0,0
Capped,2012,ROW,EB-1,2061,save_pct,2,100.0,0.0,0.0,,,2,0,0
Capped,2012,ROW,EB-2,2061,save_pct,2,99.50782649219349,0.16029180776749255,0.11334342424104449,,,2,0,0
Capped,2012,ROW,EB-3,2061,save_pct,2,89.61785008561034,0.7324673949872054,0.5179326619934983,,,2,0,0
Capped,2012,ROW,EB-4,2061,save_pct,2,88.3411866038405,0.45786212005694976,0.32375740994071833,,,2,0,0
Capped,2012,ROW,EB-5,2061,save_pct,2,100.0,0.0,0.0,,,2,0,0
Capped,2013,India,EB-1,2061,save_pct,2,100.0,0.0,0.0,,,2,0,0
Capped,2013,India,EB-2,2061,save_pct,2,70.95018866730366,0.23194009777190394,0.16400641596358412,,,2,0,0
Capped,2013,India,EB-3,2061,save_pct,2,0.0,0.0,0.0,,,0,2,0
Capped,2013,India,EB-4,2061,save_pct,2,85.87854649435532,1.2886684969819522,0.9112262329174142,,,2,0,0
Capped,2013,India,EB-5,2061,save_pct,2,100.0,0.0,0.0,,,2,0,0
Capped,2013,China,EB-1,2061,save_pct,2,100.0,0.0,0.0,,,2,0,0
Capped,2013,China,EB-2,2061,save_pct,2,86.7331651745586,0.4943573260850204,0.34956341760396725,,,2,0,0
Capped,2013,China,EB-3,2061,save_pct,2,47.67461105594174,2.048058369871665,1.4481959616021205,,,2,0,0
Capped,2013,China,EB-4,2061,save_pct,2,92.58522727272728,2.7721799944245338,1.9602272727272732,,,2,0,0
Capped,2013,China,EB-5,2061,save_pct,2,100.0,0.0,0.0,,,2,0,0
Capped,2013,ROW,EB-1,2061,save_pct,2,100.0,0.0,0.0,,,2,0,0
Capped,2013,ROW,EB-2,2061,save_pct,2,100.0,0.0,0.0,,,2,0,0
Capped,2013,ROW,EB-3,2061,save_pct,2,92.77031757334606,0.5791572811891722,0.4095260409024277,,,2,0,0
Capped,2013,ROW,EB-4,2061,save_pct,2,77.06140215625943,0.3203463340991809,0.22651906516978212,,,2,0,0
Capped,2013,ROW,EB-5,2061,save_pct,2,100.0,0.0,0.0,,,2,0,0
Capped,2014,India,EB-1,2061,save_pct,2,99.98537584088915,0.020681684152868987,0.014624159110852018,,,2,0,0
Capped,2014,India,EB-2,2061,save_pct,2,15.084149340620892,0.26690536313619856,0.18873059220866395,,,2,0,0
Capped,2014,India,EB-3,2061,save_pct,2,0.0,0.0,0.0,,,0,2,0
Capped,2014,India,EB-4,2061,save_pct,2,79.1082150883902,1.9642250360624578,1.3889168427761547,,,2,0,0
Capped,2014,India,EB-5,2061,save_pct,2,100.0,0.0,0.0,,,2,0,0
Capped,2014,China,EB-1,2061,save_pct,2,99.95590828924162,0.062355095342732744,0.04409171075838003,,,2,0,0
Capped,2014,China,EB-2,2061,save_pct,2,83.80301501970754,1.3926055520167302,0.9847208293490652,,,2,0,0
Capped,2014,China,EB-3,2061,save_pct,2,56.80732244816187,0.6102098487350592,0.43148352198737777,,,2,0,0
Capped,2014,China,EB-4,2061,save_pct,2,91.93548387096774,6.842968850192402,4.838709677419359,,,2,0,0
Capped,2014,China,EB-5,2061,save_pct,2,99.76175059192096,0.20935651279553916,0.14803740988329395,,,2,0,0
Capped,2014,ROW,EB-1,2061,save_pct,2,100.0,0.0,0.0,,,2,0,0
Capped,2014,ROW,EB-2,2061,save_pct,2,99.91814600303752,0.007591474327906286,0.005367982976466123,,,2,0,0
Capped,2014,ROW,EB-3,2061,save_pct,2,96.15689030350248,0.3527288954511344,0.24941699389393787,,,2,0,0
Capped,2014,ROW,EB-4,2061,save_pct,2,64.81920156874224,0.5275643574324924,0.3730443346528389,,,2,0,0
Capped,2014,ROW,EB-5,2061,save_pct,2,100.0,0.0,0.0,,,2,0,0
Capped,2015,India,EB-1,2061,save_pct,2,99.45525422198008,0.10393372765438391,0.07349224361841067,,,2,0,0
Capped,2015,India,EB-2,2061,save_pct,2,0.0,0.0,0.0,,,0,2,0
Capped,2015,India,EB-3,2061,save_pct,2,0.0,0.0,0.0,,,0,2,0
Capped,2015,India,EB-4,2061,save_pct,2,69.7487298000613,1.3486975133013874,0.9536731574248448,,,2,0,0
Capped,2015,India,EB-5,2061,save_pct,2,100.0,0.0,0.0,,,2,0,0
Capped,2015,China,EB-1,2061,save_pct,2,99.65752191940996,0.048524030092234965,0.034311670728719434,,,2,0,0
Capped,2015,China,EB-2,2061,save_pct,2,82.12083956276356,1.292751778425857,0.9141135489158926,,,2,0,0
Capped,2015,China,EB-3,2061,save_pct,2,61.703279938977886,3.351610631802599,2.3699466056445466,,,2,0,0
Capped,2015,China,EB-4,2061,save_pct,2,100.0,0.0,0.0,,,2,0,0
Capped,2015,China,EB-5,2061,save_pct,2,98.62400014466385,0.2415969794874214,0.1708348625097429,,,2,0,0
Capped,2015,ROW,EB-1,2061,save_pct,2,100.0,0.0,0.0,,,2,0,0
Capped,2015,ROW,EB-2,2061,save_pct,2,99.59414598644011,0.030640871792227763,0.021666368225751853,,,2,0,0
Capped,2015,ROW,EB-3,2061,save_pct,2,96.51401049603416,0.03556975773338747,0.025151616898440917,,,2,0,0
Capped,2015,ROW,EB-4,2061,save_pct,2,58.72400123484904,0.5818405545947111,0.4114234017232618,,,2,0,0
Capped,2015,ROW,EB-5,2061,save_pct,2,100.0,0.0,0.0,,,2,0,0
Capped,2016,India,EB-1,2061,save_pct,2,99.23033990800607,0.2878998238382523,0.20357591773844064,,,2,0,0
Capped,2016,India,EB-2,2061,save_pct,2,0.0,0.0,0.0,,,0,2,0
Capped,2016,India,EB-3,2061,save_pct,2,0.0,0.0,0.0,,,0,2,0
Capped,2016,India,EB-4,2061,save_pct,2,67.7875568661096,1.525956448517068,1.0790141525417596,,,2,0,0
Capped,2016,India,EB-5,2061,save_pct,2,99.50331125827815,0.7024239548210739,0.4966887417218544,,,2,0,0
Capped,2016,China,EB-1,2061,save_pct,2,98.59998756373585,0.051443535256077665,0.03637607262778175,,,2,0,0
Capped,2016,China,EB-2,2061,save_pct,2,81.52785332181382,0.6343165369196945,0.448529524674683,,,2,0,0
Capped,2016,China,EB-3,2061,save_pct,2,56.9597775559487,2.6803884285383384,1.8953208340334127,,,2,0,0
Capped,2016,China,EB-4,2061,save_pct,2,100.0,0.0,0.0,,,2,0,0
Capped,2016,China,EB-5,2061,save_pct,2,95.3142925066991,0.5684452571194688,0.40195149604250696,,,2,0,0
Capped,2016,ROW,EB-1,2061,save_pct,2,99.80607818573503,0.038094785903965075,0.026937081440543405,,,2,0,0
Capped,2016,ROW,EB-2,2061,save_pct,2,99.0232812030402,0.2077150333810947,0.14687670865816213,,,2,0,0
Capped,2016,ROW,EB-3,2061,save_pct,2,97.68613578037119,0.1674032674386932,0.11837198559868511,,,2,0,0
Capped,2016,ROW,EB-4,2061,save_pct,2,49.53721372337968,1.0313703121658664,0.7292889416469704,,,2,0,0
Capped,2016,ROW,EB-5,2061,save_pct,2,100.0,0.0,0.0,,,2,0,0
Capped,2017,India,EB-1,2061,save_pct,2,98.26315793170639,0.22047930432804283,0.1559024112016516,,,2,0,0
Capped,2017,India,EB-2,2061,save_pct,2,0.0,0.0,0.0,,,0,2,0
Capped,2017,India,EB-3,2061,save_pct,2,0.0,0.0,0.0,,,0,2,0
Capped,2017,India,EB-4,2061,save_pct,2,58.190379600115904,0.5388846231586832,0.38104897131266213,,,2,0,0
Capped,2017,India,EB-5,2061,save_pct,2,98.72582928109946,0.2255968145351199,0.15952103737186715,,,2,0,0
Capped,2017,China,EB-1,2061,save_pct,2,97.81042958252401,0.3307830959938243,0.23389897027911385,,,2,0,0
Capped,2017,China,EB-2,2061,save_pct,2,71.50045615235489,1.7639366904385665,1.2472915953928663,,,2,0,0
Capped,2017,China,EB-3,2061,save_pct,2,57.141578836357596,1.767122924790452,1.249544603309534,,,2,0,0
Capped,2017,China,EB-4,2061,save_pct,2,100.0,0.0,0.0,,,2,0,0
Capped,2017,China,EB-5,2061,save_pct,2,92.87890080662356,0.6449580237300437,0.4560541921601881,,,2,0,0
Capped,2017,ROW,EB-1,2061,save_pct,2,99.43981040146821,0.08124284720907705,0.05744736818444096,,,2,0,0
Capped,2017,ROW,EB-2,2061,save_pct,2,98.43921972661704,0.03092771791907721,0.021869199067204192,,,2,0,0
Capped,2017,ROW,EB-3,2061,save_pct,2,97.17103856114682,0.28966473423904576,0.20482389785102836,,,2,0,0
Capped,2017,ROW,EB-4,2061,save_pct,2,40.650852990246705,0.6834650316809923,0.4832827586055081,,,2,0,0
Capped,2017,ROW,EB-5,2061,save_pct,2,100.0,0.0,0.0,,,2,0,0
Capped,2018,India,EB-1,2061,save_pct,2,97.75937691893179,0.07292866660607995,0.05156835470005205,,,2,0,0
Capped,2018,India,EB-2,2061,save_pct,2,0.0,0.0,0.0,,,0,2,0
Capped,2018,India,EB-3,2061,save_pct,2,0.0,0.0,0.0,,,0,2,0
Capped,2018,India,EB-4,2061,save_pct,2,62.38886161566574,1.4328815208138495,1.013200240004366,,,2,0,0
Capped,2018,India,EB-5,2061,save_pct,2,97.10150632446334,1.3898676825400813,0.9827848632761231,,,2,0,0
Capped,2018,China,EB-1,2061,save_pct,2,97.04223529986746,0.0761105859572846,0.05381831145047755,,,2,0,0
Capped,2018,China,EB-2,2061,save_pct,2,61.51267779839208,1.6319867083414918,1.1539888682745811,,,2,0,0
Capped,2018,China,EB-3,2061,save_pct,2,52.28279810804083,1.4856811633593374,1.0505352252925062,,,2,0,0
Capped,2018,China,EB-4,2061,save_pct,2,100.0,0.0,0.0,,,2,0,0
Capped,2018,China,EB-5,2061,save_pct,2,82.91804639027893,0.039385163109967675,0.027849515913196395,,,2,0,0
Capped,2018,ROW,EB-1,2061,save_pct,2,99.10066605005426,0.10211200412568176,0.07220409055781829,,,2,0,0
Capped,2018,ROW,EB-2,2061,save_pct,2,98.109255886993,0.1984735507212811,0.14034199360119004,,,2,0,0
Capped,2018,ROW,EB-3,2061,save_pct,2,96.46374430545927,0.07058417158338307,0.04991054637104497,,,2,0,0
Capped,2018,ROW,EB-4,2061,save_pct,2,36.36373763690243,0.01839087734508846,0.0130043140826821,,,2,0,0
Capped,2018,ROW,EB-5,2061,save_pct,2,100.0,0.0,0.0,,,2,0,0
Capped,2019,India,EB-1,2061,save_pct,2,98.16816182240609,0.43237282975873936,0.30573375992322127,,,2,0,0
Capped,2019,India,EB-2,2061,save_pct,2,0.0,0.0,0.0,,,0,2,0
Capped,2019,India,EB-3,2061,save_pct,2,0.0,0.0,0.0,,,0,2,0
Capped,2019,India,EB-4,2061,save_pct,2,58.21974430452754,2.2430571738110237,1.5860809381909071,,,2,0,0
Capped,2019,India,EB-5,2061,save_pct,2,94.789827921967,3.3531786455383665,2.3710553587901013,,,2,0,0
Capped,2019,China,EB-1,2061,save_pct,2,97.19983043109633,0.11436932220326125,0.0808713232896352,,,2,0,0
Capped,2019,China,EB-2,2061,save_pct,2,50.12705095935914,2.0870943259868806,1.4757985508812899,,,2,0,0
Capped,2019,China,EB-3,2061,save_pct,2,49.86558802625528,1.9490593287189732,1.3781930682720862,,,2,0,0
Capped,2019,China,EB-4,2061,save_pct,2,100.0,0.0,0.0,,,2,0,0
Capped,2019,China,EB-5,2061,save_pct,2,76.85764594338346,0.7547069532371682,0.5336584044426402,,,2,0,0
Capped,2019,ROW,EB-1,2061,save_pct,2,99.2930610200859,0.1383377943993496,0.09781959251417048,,,2,0,0
Capped,2019,ROW,EB-2,2061,save_pct,2,96.6775740046111,0.3725762110354412,0.2634511653319507,,,2,0,0
Capped,2019,ROW,EB-3,2061,save_pct,2,94.56641930970119,0.3118387103803688,0.2205032667464266,,,2,0,0
Capped,2019,ROW,EB-4,2061,save_pct,2,32.64834949711921,0.11578945480132086,0.08187550867990721,,,2,0,0
Capped,2019,ROW,EB-5,2061,save_pct,2,100.0,0.0,0.0,,,2,0,0
Capped,2020,India,EB-1,2061,save_pct,2,98.47466429083599,0.20344882244329582,0.14386004197407232,,,2,0,0
Capped,2020,India,EB-2,2061,save_pct,2,0.0,0.0,0.0,,,0,2,0
Capped,2020,India,EB-3,2061,save_pct,2,0.0,0.0,0.0,,,0,2,0
Capped,2020,India,EB-4,2061,save_pct,2,56.09353430586128,5.731408730842722,4.052717979330673,,,2,0,0
Capped,2020,India,EB-5,2061,save_pct,2,93.67093105899076,0.19599974745043028,0.13859275053304998,,,2,0,0
Capped,2020,China,EB-1,2061,save_pct,2,97.88502179368643,0.1751189030147682,0.12382776383569193,,,2,0,0
Capped,2020,China,EB-2,2061,save_pct,2,35.75366144239262,0.7297362897437175,0.5160014789556938,,,2,0,0
Capped,2020,China,EB-3,2061,save_pct,2,47.68635935067498,2.978170302799666,2.1058844166380375,,,2,0,0
Capped,2020,China,EB-4,2061,save_pct,2,100.0,0.0,0.0,,,2,0,0
Capped,2020,China,EB-5,2061,save_pct,2,81.28977109597264,2.810672401192786,1.9874455145772953,,,2,0,0
Capped,2020,ROW,EB-1,2061,save_pct,2,100.0,0.0,0.0,,,2,0,0
Capped,2020,ROW,EB-2,2061,save_pct,2,95.92849989356043,0.08078891523465652,0.0571263898071308,,,2,0,0
Capped,2020,ROW,EB-3,2061,save_pct,2,93.54104623011183,0.20769968795067253,0.14686585780025038,,,2,0,0
Capped,2020,ROW,EB-4,2061,save_pct,2,24.37619555736695,0.38482890961217053,0.27211513158339073,,,2,0,0
Capped,2020,ROW,EB-5,2061,save_pct,2,100.0,0.0,0.0,,,2,0,0
Capped,2021,India,EB-1,2061,save_pct,2,98.80244794646418,0.11807792022310191,0.08349369809815954,,,2,0,0
Capped,2021,India,EB-2,2061,save_pct,2,0.0,0.0,0.0,,,0,2,0
Capped,2021,India,EB-3,2061,save_pct,2,0.0,0.0,0.0,,,0,2,0
Capped,2021,India,EB-4,2061,save_pct,2,48.68893084729761,0.3654859218311378,0.25843757375501397,,,2,0,0
Capped,2021,India,EB-5,2061,save_pct,2,95.24979524979526,0.289560516456408,0.20475020475020497,,,2,0,0
Capped,2021,China,EB-1,2061,save_pct,2,97.3359586440546,0.005576009002907064,0.003942833777912824,,,2,0,0
Capped,2021,China,EB-2,2061,save_pct,2,22.928945996801822,0.14623749475151068,0.10340552420252534,,,2,0,0
Capped,2021,China,EB-3,2061,save_pct,2,40.09450524569011,1.2258412765970146,0.8668006793401232,,,2,0,0
Capped,2021,China,EB-4,2061,save_pct,2,100.0,0.0,0.0,,,2,0,0
Capped,2021,China,EB-5,2061,save_pct,2,83.92576415175765,1.2462187038192452,0.8812096963120978,,,2,0,0
Capped,2021,ROW,EB-1,2061,save_pct,2,100.0,0.0,0.0,,,2,0,0
Capped,2021,ROW,EB-2,2061,save_pct,2,96.36139760116198,0.4312653665070966,0.3049506651480698,,,2,0,0
Capped,2021,ROW,EB-3,2061,save_pct,2,94.51015239979564,0.06733308808518113,0.0476116831832627,,,2,0,0
Capped,2021,ROW,EB-4,2061,save_pct,2,18.6474338347425,0.17967774028310732,0.12705134858246048,,,2,0,0
Capped,2021,ROW,EB-5,2061,save_pct,2,99.55471290319468,0.10302208967413913,0.07284761822059237,,,2,0,0
Capped,2022,India,EB-1,2061,save_pct,2,98.49529060418102,0.2111736309539419,0.14932230645531772,,,2,0,0
Capped,2022,India,EB-2,2061,save_pct,2,0.0,0.0,0.0,,,0,2,0
Capped,2022,India,EB-3,2061,save_pct,2,0.0,0.0,0.0,,,0,2,0
Capped,2022,India,EB-4,2061,save_pct,2,47.68989882230301,0.1184490043618429,0.08375609420905405,,,2,0,0
Capped,2022,India,EB-5,2061,save_pct,2,89.76531942633638,7.283107654985304,5.149934810951763,,,2,0,0
Capped,2022,China,EB-1,2061,save_pct,2,97.60118580315758,0.13774956978055916,0.0974036548973629,,,2,0,0
Capped,2022,China,EB-2,2061,save_pct,2,11.540029912520488,0.4323252486912176,0.3057001150277205,,,2,0,0
Capped,2022,China,EB-3,2061,save_pct,2,33.99816120134845,1.0904570404323308,0.7710695678823143,,,2,0,0
Capped,2022,China,EB-4,2061,save_pct,2,100.0,0.0,0.0,,,2,0,0
Capped,2022,China,EB-5,2061,save_pct,2,85.07526513855628,9.470828081920407,6.696886760177903,,,2,0,0
Capped,2022,ROW,EB-1,2061,save_pct,2,100.0,0.0,0.0,,,2,0,0
Capped,2022,ROW,EB-2,2061,save_pct,2,96.30394245356896,0.1354060051293877,0.09574650444037047,,,2,0,0
Capped,2022,ROW,EB-3,2061,save_pct,2,94.04235186408465,0.33454593681628286,0.23655970054119987,,,2,0,0
Capped,2022,ROW,EB-4,2061,save_pct,2,13.371381743531575,0.2479663533550836,0.1753386899634792,,,2,0,0
Capped,2022,ROW,EB-5,2061,save_pct,2,100.0,0.0,0.0,,,2,0,0
Capped,2023,India,EB-1,2061,save_pct,2,97.8316218472041,0.0030985146004089267,0.0021909806855546776,,,2,0,0
Capped,2023,India,EB-2,2061,save_pct,2,0.0,0.0,0.0,,,0,2,0
Capped,2023,India,EB-3,2061,save_pct,2,0.0,0.0,0.0,,,0,2,0
Capped,2023,India,EB-4,2061,save_pct,2,37.18756626378287,0.1719599426788215,0.12159404156064468,,,2,0,0
Capped,2023,India,EB-5,2061,save_pct,2,95.57794057794058,0.5554400031298444,0.3927553927553902,,,2,0,0
Capped,2023,China,EB-1,2061,save_pct,2,96.86387175526824,0.2249536668428922,0.1590662632773885,,,2,0,0
Capped,2023,China,EB-2,2061,save_pct,2,1.3782819314910268,0.30475062543595915,0.21549123381660826,,,2,0,0
Capped,2023,China,EB-3,2061,save_pct,2,31.786694191120752,2.054488045157497,1.4527424285975599,,,2,0,0
Capped,2023,China,EB-4,2061,save_pct,2,100.0,0.0,0.0,,,2,0,0
Capped,2023,China,EB-5,2061,save_pct,2,94.56259770713913,0.7116206207225171,0.503191766545072,,,2,0,0
Capped,2023,ROW,EB-1,2061,save_pct,2,100.0,0.0,0.0,,,2,0,0
Capped,2023,ROW,EB-2,2061,save_pct,2,95.27348996980578,0.4377068533579066,0.3095054841812015,,,2,0,0
Capped,2023,ROW,EB-3,2061,save_pct,2,90.47822100497325,0.04827171570527714,0.03413325751471063,,,2,0,0
Capped,2023,ROW,EB-4,2061,save_pct,2,9.047426621561101,0.12056221420206617,0.08525035921714608,,,2,0,0
Capped,2023,ROW,EB-5,2061,save_pct,2,100.0,0.0,0.0,,,2,0,0
Capped,2024,India,EB-1,2061,save_pct,2,96.47544971931124,0.17711433715422087,0.12523874884711006,,,2,0,0
Capped,2024,India,EB-2,2061,save_pct,2,0.0,0.0,0.0,,,0,2,0
Capped,2024,India,EB-3,2061,save_pct,2,0.0,0.0,0.0,,,0,2,0
Capped,2024,India,EB-4,2061,save_pct,2,31.328320802005013,2.835515914532524,2.0050125313283225,,,2,0,0
Capped,2024,India,EB-5,2061,save_pct,2,94.13868679796659,0.25829598411733706,0.1826428419226218,,,2,0,0
Capped,2024,China,EB-1,2061,save_pct,2,95.08066005465997,0.8823240305620987,0.6238973052143065,,,2,0,0
Capped,2024,China,EB-2,2061,save_pct,2,0.0,0.0,0.0,,,0,2,0
Capped,2024,China,EB-3,2061,save_pct,2,30.132733673589705,1.7101485950572621,1.209257668401637,,,2,0,0
Capped,2024,China,EB-4,2061,save_pct,2,100.0,0.0,0.0,,,2,0,0
Capped,2024,China,EB-5,2061,save_pct,2,95.2176957166744,1.4856157577713847,1.0504889765577374,,,2,0,0
Capped,2024,ROW,EB-1,2061,save_pct,2,100.0,0.0,0.0,,,2,0,0
Capped,2024,ROW,EB-2,2061,save_pct,2,94.15230018446684,0.005223218641936271,0.003693373321333126,,,2,0,0
Capped,2024,ROW,EB-3,2061,save_pct,2,87.61220648538938,0.44608384011790025,0.3154289083251029,,,2,0,0
Capped,2024,ROW,EB-4,2061,save_pct,2,2.5307816039375597,0.18659174691008365,0.13194028955356416,,,2,0,0
Capped,2024,ROW,EB-5,2061,save_pct,2,100.0,0.0,0.0,,,2,0,0
Capped,2025,India,EB-1,2061,save_pct,2,95.99102826134208,0.20754827832239148,0.14675879502535594,,,2,0,0
Capped,2025,India,EB-2,2061,save_pct,2,0.0,0.0,0.0,,,0,2,0
Capped,2025,India,EB-3,2061,save_pct,2,0.0,0.0,0.0,,,0,2,0
Capped,2025,India,EB-4,2061,save_pct,2,25.96828283780537,1.1744560805370874,0.8304658587535484,,,2,0,0
Capped,2025,India,EB-5,2061,save_pct,2,94.27564979325018,0.2739437119399197,0.19370745637613138,,,2,0,0
Capped,2025,China,EB-1,2061,save_pct,2,93.74332292259675,1.0747385818497477,0.7599549392287699,,,2,0,0
Capped,2025,China,EB-2,2061,save_pct,2,0.0,0.0,0.0,,,0,2,0
Capped,2025,China,EB-3,2061,save_pct,2,23.948686641534252,1.1287134467619337,0.7981209322218045,,,2,0,0
Capped,2025,China,EB-4,2061,save_pct,2,100.0,0.0,0.0,,,2,0,0
Capped,2025,China,EB-5,2061,save_pct,2,94.3425635667015,0.6415928822678335,0.4536746778126073,,,2,0,0
Capped,2025,ROW,EB-1,2061,save_pct,2,100.0,0.0,0.0,,,2,0,0
Capped,2025,ROW,EB-2,2061,save_pct,2,93.3859244838335,0.14038275248125048,0.09926559624112484,,,2,0,0
Capped,2025,ROW,EB-3,2061,save_pct,2,85.12173535054964,0.2838146806753572,0.20068728530583965,,,2,0,0
Capped,2025,ROW,EB-4,2061,save_pct,2,0.0,0.0,0.0,,,0,2,0
Capped,2025,ROW,EB-5,2061,save_pct,2,100.0,0.0,0.0,,,2,0,0
Capped,2026,India,EB-1,2061,save_pct,2,94.09158532102805,0.07803069048338121,0.05517603038146745,,,2,0,0
Capped,2026,India,EB-2,2061,save_pct,2,0.0,0.0,0.0,,,0,2,0
Capped,2026,India,EB-3,2061,save_pct,2,0.0,0.0,0.0,,,0,2,0
Capped,2026,India,EB-4,2061,save_pct,2,25.003554018792734,0.07587852446203755,0.05365421919353608,,,2,0,0
Capped,2026,India,EB-5,2061,save_pct,2,92.83176848433773,0.15924126656707635,0.11260057943431434,,,2,0,0
Capped,2026,China,EB-1,2061,save_pct,2,91.76517429455134,0.2509247071044593,0.17743056196081142,,,2,0,0
Capped,2026,China,EB-2,2061,save_pct,2,0.0,0.0,0.0,,,0,2,0
Capped,2026,China,EB-3,2061,save_pct,2,20.79142372152559,0.4099577518079799,0.28988390630341415,,,2,0,0
Capped,2026,China,EB-4,2061,save_pct,2,100.0,0.0,0.0,,,2,0,0
Capped,2026,China,EB-5,2061,save_pct,2,93.51389642721543,0.5517191115034937,0.3901243250543373,,,2,0,0
Capped,2026,ROW,EB-1,2061,save_pct,2,100.0,0.0,0.0,,,2,0,0
Capped,2026,ROW,EB-2,2061,save_pct,2,93.07428773031448,0.4085459319428875,0.2888855989029935,,,2,0,0
Capped,2026,ROW,EB-3,2061,save_pct,2,82.52408887064956,0.5950860037943483,0.4207893486721872,,,2,0,0
Capped,2026,ROW,EB-4,2061,save_pct,2,0.0,0.0,0.0,,,0,2,0
Capped,2026,ROW,EB-5,2061,save_pct,2,100.0,0.0,0.0,,,2,0,0
Capped,2027,India,EB-1,2061,save_pct,2,92.91972950336825,0.2314469356260383,0.163657697666018,,,2,0,0
Capped,2027,India,EB-2,2061,save_pct,2,0.0,0.0,0.0,,,0,2,0
Capped,2027,India,EB-3,2061,save_pct,2,0.0,0.0,0.0,,,0,2,0
Capped,2027,India,EB-4,2061,save_pct,2,19.15764938734586,2.0403773937906293,1.4427646913290886,,,2,0,0
Capped,2027,India,EB-5,2061,save_pct,2,93.50040652350663,0.5613837375147878,0.39695824764455523,,,2,0,0
Capped,2027,China,EB-1,2061,save_pct,2,90.15184306329564,0.20741478273595565,0.14666439939092868,,,2,0,0
Capped,2027,China,EB-2,2061,save_pct,2,0.0,0.0,0.0,,,0,2,0
Capped,2027,China,EB-3,2061,save_pct,2,16.06411811531026,0.3397361150653689,0.2402297107766955,,,2,0,0
Capped,2027,China,EB-4,2061,save_pct,2,100.0,0.0,0.0,,,2,0,0
Capped,2027,China,EB-5,2061,save_pct,2,92.4210772786889,0.07865920557187578,0.05562045766262002,,,2,0,0
Capped,2027,ROW,EB-1,2061,save_pct,2,100.0,0.0,0.0,,,2,0,0
Capped,2027,ROW,EB-2,2061,save_pct,2,92.88395323799952,0.2243596988588272,0.15864626448804842,,,2,0,0
Capped,2027,ROW,EB-3,2061,save_pct,2,80.07526338687848,0.22128183120466416,0.15646988339819498,,,2,0,0
Capped,2027,ROW,EB-4,2061,save_pct,2,0.0,0.0,0.0,,,0,2,0
Capped,2027,ROW,EB-5,2061,save_pct,2,100.0,0.0,0.0,,,2,0,0
Capped,2028,India,EB-1,2061,save_pct,2,92.20204962451794,0.22764782248010956,0.16097131899803685,,,2,0,0
Capped,2028,India,EB-2,2061,save_pct,2,0.0,0.0,0.0,,,0,2,0
Capped,2028,India,EB-3,2061,save_pct,2,0.0,0.0,0.0,,,0,2,0
Capped,2028,India,EB-4,2061,save_pct,2,15.729316885940584,2.2349958418951807,1.5803807157278191,,,2,0,0
Capped,2028,India,EB-5,2061,save_pct,2,91.23449466077014,0.9663513016539268,0.6833135584079385,,,2,0,0
Capped,2028,China,EB-1,2061,save_pct,2,88.28779523172906,0.3038841809744944,0.21487856506238498,,,2,0,0
Capped,2028,China,EB-2,2061,save_pct,2,0.0,0.0,0.0,,,0,2,0
Capped,2028,China,EB-3,2061,save_pct,2,13.258869206336083,0.26866618056410185,0.18997567815236582,,,2,0,0
Capped,2028,China,EB-4,2061,save_pct,2,100.0,0.0,0.0,,,2,0,0
Capped,2028,China,EB-5,2061,save_pct,2,92.84116276317454,0.49391886395886647,0.3492533780612703,,,2,0,0
Capped,2028,ROW,EB-1,2061,save_pct,2,100.0,0.0,0.0,,,2,0,0
Capped,2028,ROW,EB-2,2061,save_pct,2,92.27422006934042,0.9829142525780901,0.6950253333228744,,,2,0,0
Capped,2028,ROW,EB-3,2061,save_pct,2,77.82621338323659,0.614335103689132,0.43440051773952604,,,2,0,0
Capped,2028,ROW,EB-4,2061,save_pct,2,0.0,0.0,0.0,,,0,2,0
Capped,2028,ROW,EB-5,2061,save_pct,2,100.0,0.0,0.0,,,2,0,0
Capped,2029,India,EB-1,2061,save_pct,2,89.86537520233631,0.09443588281298845,0.06677625312440226,,,2,0,0
Capped,2029,India,EB-2,2061,save_pct,2,0.0,0.0,0.0,,,0,2,0
Capped,2029,India,EB-3,2061,save_pct,2,0.0,0.0,0.0,,,0,2,0
Capped,2029,India,EB-4,2061,save_pct,2,14.85840434207936,1.6842977689614602,1.1909783739700213,,,2,0,0
Capped,2029,India,EB-5,2061,save_pct,2,91.94015039860656,1.0223251973927927,0.7228930796543195,,,2,0,0
Capped,2029,China,EB-1,2061,save_pct,2,85.15791101954306,0.13148785598119972,0.09297595460798645,,,2,0,0
Capped,2029,China,EB-2,2061,save_pct,2,0.0,0.0,0.0,,,0,2,0
Capped,2029,China,EB-3,2061,save_pct,2,8.589770945711805,1.120306872457719,0.7921765865247457,,,2,0,0
Capped,2029,China,EB-4,2061,save_pct,2,100.0,0.0,0.0,,,2,0,0
Capped,2029,China,EB-5,2061,save_pct,2,91.49993331520875,0.48196080755366405,0.34079775528734046,,,2,0,0
Capped,2029,ROW,EB-1,2061,save_pct,2,100.0,0.0,0.0,,,2,0,0
Capped,2029,ROW,EB-2,2061,save_pct,2,91.63080991058958,0.23940282146306452,0.16928335849172527,,,2,0,0
Capped,2029,ROW,EB-3,2061,save_pct,2,75.6286941871361,0.03376974400737077,0.023878814986545645,,,2,0,0
Capped,2029,ROW,EB-4,2061,save_pct,2,0.0,0.0,0.0,,,0,2,0
Capped,2029,ROW,EB-5,2061,save_pct,2,100.0,0.0,0.0,,,2,0,0
Capped,2030,India,EB-1,2061,save_pct,2,87.73973537603334,0.2829411786300341,0.20006962608621137,,,2,0,0
Capped,2030,India,EB-2,2061,save_pct,2,0.0,0.0,0.0,,,0,2,0
Capped,2030,India,EB-3,2061,save_pct,2,0.0,0.0,0.0,,,0,2,0
Capped,2030,India,EB-4,2061,save_pct,2,12.298885331436026,0.265552849047527,0.18777422032491395,,,2,0,0
Capped,2030,India,EB-5,2061,save_pct,2,90.60801745805313,0.23446538792655167,0.16579206575639913,,,2,0,0
Capped,2030,China,EB-1,2061,save_pct,2,82.65337016623829,1.907489882780292,1.348799031158677,,,2,0,0
Capped,2030,China,EB-2,2061,save_pct,2,0.0,0.0,0.0,,,0,2,0
Capped,2030,China,EB-3,2061,save_pct,2,6.266212069376049,0.0582983879159711,0.04122318542762704,,,2,0,0
Capped,2030,China,EB-4,2061,save_pct,2,100.0,0.0,0.0,,,2,0,0
Capped,2030,China,EB-5,2061,save_pct,2,92.56505394364544,0.08262209536818962,0.05842264391068852,,,2,0,0
Capped,2030,ROW,EB-1,2061,save_pct,2,100.0,0.0,0.0,,,2,0,0
Capped,2030,ROW,EB-2,2061,save_pct,2,90.5475249736887,0.03602490759576979,0.02547345645258758,,,2,0,0
Capped,2030,ROW,EB-3,2061,save_pct,2,74.01906415499877,1.1518751741839874,0.814498746745933,,,2,0,0
Capped,2030,ROW,EB-4,2061,save_pct,2,0.0,0.0,0.0,,,0,2,0
Capped,2030,ROW,EB-5,2061,save_pct,2,100.0,0.0,0.0,,,2,0,0
Capped,2031,India,EB-1,2061,save_pct,2,86.16648006906368,0.3075858857413458,0.21749606560497622,,,2,0,0
Capped,2031,India,EB-2,2061,save_pct,2,0.0,0.0,0.0,,,0,2,0
Capped,2031,India,EB-3,2061,save_pct,2,0.0,0.0,0.0,,,0,2,0
Capped,2031,India,EB-4,2061,save_pct,2,12.935115566694513,0.7876433095923671,0.556947925368978,,,2,0,0
Capped,2031,India,EB-5,2061,save_pct,2,90.96124040273644,2.2407787715372023,1.5844698644928172,,,2,0,0
Capped,2031,China,EB-1,2061,save_pct,2,78.22522954199582,0.8695940503100569,0.6148958498537169,,,2,0,0
Capped,2031,China,EB-2,2061,save_pct,2,0.0,0.0,0.0,,,0,2,0
Capped,2031,China,EB-3,2061,save_pct,2,3.3453002793426223,0.5769075893445089,0.4079352685434863,,,2,0,0
Capped,2031,China,EB-4,2061,save_pct,2,100.0,0.0,0.0,,,2,0,0
Capped,2031,China,EB-5,2061,save_pct,2,91.65201752860517,0.558385544534627,0.39483820505697764,,,2,0,0
Capped,2031,ROW,EB-1,2061,save_pct,2,100.0,0.0,0.0,,,2,0,0
Capped,2031,ROW,EB-2,2061,save_pct,2,90.81311524272684,0.11203513538710304,0.07922080396337348,,,2,0,0
Capped,2031,ROW,EB-3,2061,save_pct,2,70.88399776219218,0.00864836008437096,0.006115314061801768,,,2,0,0
Capped,2031,ROW,EB-4,2061,save_pct,2,0.0,0.0,0.0,,,0,2,0
Capped,2031,ROW,EB-5,2061,save_pct,2,100.0,0.0,0.0,,,2,0,0
Capped,2032,India,EB-1,2061,save_pct,2,84.13097203451072,0.042195043429774676,0.02983640134165455,,,2,0,0
Capped,2032,India,EB-2,2061,save_pct,2,0.0,0.0,0.0,,,0,2,0
Capped,2032,India,EB-3,2061,save_pct,2,0.0,0.0,0.0,,,0,2,0
Capped,2032,India,EB-4,2061,save_pct,2,10.77910520038844,0.10281818293698858,0.07270343438402359,,,2,0,0
Capped,2032,India,EB-5,2061,save_pct,2,91.34912441319128,1.553411823484407,1.0984280343611843,,,2,0,0
Capped,2032,China,EB-1,2061,save_pct,2,75.64121784863744,0.4110051616127835,0.2906245368790721,,,2,0,0
Capped,2032,China,EB-2,2061,save_pct,2,0.0,0.0,0.0,,,0,2,0
Capped,2032,China,EB-3,2061,save_pct,2,1.739294251751545,0.292844780682065,0.20707253025537542,,,2,0,0
Capped,2032,China,EB-4,2061,save_pct,2,100.0,0.0,0.0,,,2,0,0
Capped,2032,China,EB-5,2061,save_pct,2,89.9600747364477,0.7950269920224087,0.5621689772853884,,,2,0,0
Capped,2032,ROW,EB-1,2061,save_pct,2,100.0,0.0,0.0,,,2,0,0
Capped,2032,ROW,EB-2,2061,save_pct,2,90.01243886307333,0.35494620480541567,0.25098486837433853,,,2,0,0
Capped,2032,ROW,EB-3,2061,save_pct,2,69.94187560547624,0.4062548403109546,0.287265552473734,,,2,0,0
Capped,2032,ROW,EB-4,2061,save_pct,2,0.0,0.0,0.0,,,0,2,0
Capped,2032,ROW,EB-5,2061,save_pct,2,100.0,0.0,0.0,,,2,0,0
Capped,2033,India,EB-1,2061,save_pct,2,79.76546719786614,0.37330021770338073,0.263963115356475,,,2,0,0
Capped,2033,India,EB-2,2061,save_pct,2,0.0,0.0,0.0,,,0,2,0
Capped,2033,India,EB-3,2061,save_pct,2,0.0,0.0,0.0,,,0,2,0
Capped,2033,India,EB-4,2061,save_pct,2,9.33023939947251,0.1868546525655264,0.13212619192534003,,,2,0,0
Capped,2033,India,EB-5,2061,save_pct,2,90.37074019863223,1.1514963811651737,0.8142308996336638,,,2,0,0
Capped,2033,China,EB-1,2061,save_pct,2,71.39674607522258,1.6681774412216674,1.1795795809102643,,,2,0,0
Capped,2033,China,EB-2,2061,save_pct,2,0.0,0.0,0.0,,,0,2,0
Capped,2033,China,EB-3,2061,save_pct,2,0.0,0.0,0.0,,,0,2,0
Capped,2033,China,EB-4,2061,save_pct,2,100.0,0.0,0.0,,,2,0,0
Capped,2033,China,EB-5,2061,save_pct,2,89.94704374204582,0.45361618752089483,0.32075508225201327,,,2,0,0
Capped,2033,ROW,EB-1,2061,save_pct,2,100.0,0.0,0.0,,,2,0,0
Capped,2033,ROW,EB-2,2061,save_pct,2,90.1748251322716,0.1600027731613861,0.11313904591106905,,,2,0,0
Capped,2033,ROW,EB-3,2061,save_pct,2,66.92050677516832,0.28020844644680254,0.1981372926282816,,,2,0,0
Capped,2033,ROW,EB-4,2061,save_pct,2,0.0,0.0,0.0,,,0,2,0
Capped,2033,ROW,EB-5,2061,save_pct,2,100.0,0.0,0.0,,,2,0,0
Capped,2034,India,EB-1,2061,save_pct,2,77.9362714248695,0.23074616947985596,0.16316218117202652,,,2,0,0
Capped,2034,India,EB-2,2061,save_pct,2,0.0,0.0,0.0,,,0,2,0
Capped,2034,India,EB-3,2061,save_pct,2,0.0,0.0,0.0,,,0,2,0
Capped,2034,India,EB-4,2061,save_pct,2,7.935850952297747,0.5864241761675087,0.41466451161977996,,,2,0,0
Capped,2034,India,EB-5,2061,save_pct,2,89.91184261075279,0.227900642823328,0.1611500899771485,,,2,0,0
Capped,2034,China,EB-1,2061,save_pct,2,69.01982240334063,0.937223764262304,0.6627172791990573,,,2,0,0
Capped,2034,China,EB-2,2061,save_pct,2,0.0,0.0,0.0,,,0,2,0
Capped,2034,China,EB-3,2061,save_pct,2,0.0,0.0,0.0,,,0,2,0
Capped,2034,China,EB-4,2061,save_pct,2,100.0,0.0,0.0,,,2,0,0
Capped,2034,China,EB-5,2061,save_pct,2,87.26846908762155,1.250726450300224,0.8843971544166678,,,2,0,0
Capped,2034,ROW,EB-1,2061,save_pct,2,100.0,0.0,0.0,,,2,0,0
Capped,2034,ROW,EB-2,2061,save_pct,2,88.80245317184293,0.17731897673238198,0.12538345088052694,,,2,0,0
Capped,2034,ROW,EB-3,2061,save_pct,2,64.69620429792784,0.4193572740578151,0.2965303722261865,,,2,0,0
Capped,2034,ROW,EB-4,2061,save_pct,2,0.0,0.0,0.0,,,0,2,0
Capped,2034,ROW,EB-5,2061,save_pct,2,100.0,0.0,0.0,,,2,0,0
Capped,2035,India,EB-1,2061,save_pct,2,75.08716025492376,0.32427272284677333,0.2292954412787793,,,2,0,0
Capped,2035,India,EB-2,2061,save_pct,2,0.0,0.0,0.0,,,0,2,0
Capped,2035,India,EB-3,2061,save_pct,2,0.0,0.0,0.0,,,0,2,0
Capped,2035,India,EB-4,2061,save_pct,2,7.4959883296863605,0.23002890183019717,0.16265499635302705,,,2,0,0
Capped,2035,India,EB-5,2061,save_pct,2,87.83499514806542,2.8257192972579483,1.9980852768207809,,,2,0,0
Capped,2035,China,EB-1,2061,save_pct,2,64.11434322535821,1.7821896961126211,1.2601984194820268,,,2,0,0
Capped,2035,China,EB-2,2061,save_pct,2,0.0,0.0,0.0,,,0,2,0
Capped,2035,China,EB-3,2061,save_pct,2,0.0,0.0,0.0,,,0,2,0
Capped,2035,China,EB-4,2061,save_pct,2,100.0,0.0,0.0,,,2,0,0
Capped,2035,China,EB-5,2061,save_pct,2,87.41567888772101,0.5371865734212209,0.37984826882851047,,,2,0,0
Capped,2035,ROW,EB-1,2061,save_pct,2,100.0,0.0,0.0,,,2,0,0
Capped,2035,ROW,EB-2,2061,save_pct,2,88.34627129071225,0.57220929637465,0.40461307372449795,,,2,0,0
Capped,2035,ROW,EB-3,2061,save_pct,2,63.52039295064168,0.8813954215984892,0.6232406795190676,,,2,0,0
Capped,2035,ROW,EB-4,2061,save_pct,2,0.0,0.0,0.0,,,0,2,0
Capped,2035,ROW,EB-5,2061,save_pct,2,100.0,0.0,0.0,,,2,0,0
Capped,2036,India,EB-1,2061,save_pct,2,72.74705050024139,0.4900773555599231,0.34653702142239234,,,2,0,0
Capped,2036,India,EB-2,2061,save_pct,2,0.0,0.0,0.0,,,0,2,0
Capped,2036,India,EB-3,2061,save_pct,2,0.0,0.0,0.0,,,0,2,0
Capped,2036,India,EB-4,2061,save_pct,2,6.610009284427889,0.6681355057421128,0.4724431468617514,,,2,0,0
Capped,2036,India,EB-5,2061,save_pct,2,88.87525307152563,1.669860011039034,1.180769337437944,,,2,0,0
Capped,2036,China,EB-1,2061,save_pct,2,61.356981185750094,0.5873245088239228,0.4153011429464541,,,2,0,0
Capped,2036,China,EB-2,2061,save_pct,2,0.0,0.0,0.0,,,0,2,0
Capped,2036,China,EB-3,2061,save_pct,2,0.0,0.0,0.0,,,0,2,0
Capped,2036,China,EB-4,2061,save_pct,2,100.0,0.0,0.0,,,2,0,0
Capped,2036,China,EB-5,2061,save_pct,2,86.6254813863928,1.2367560839109994,0.8745186136071864,,,2,0,0
Capped,2036,ROW,EB-1,2061,save_pct,2,100.0,0.0,0.0,,,2,0,0
Capped,2036,ROW,EB-2,2061,save_pct,2,87.99089968304379,0.02286576951464146,0.016168540680851606,,,2,0,0
Capped,2036,ROW,EB-3,2061,save_pct,2,61.078825116663964,0.44910236971779344,0.3175633310743997,,,2,0,0
Capped,2036,ROW,EB-4,2061,save_pct,2,0.0,0.0,0.0,,,0,2,0
Capped,2036,ROW,EB-5,2061,save_pct,2,100.0,0.0,0.0,,,2,0,0
Capped,2037,India,EB-1,2061,save_pct,2,69.66148330901636,1.3212836546119542,0.9342886320470568,,,2,0,0
Capped,2037,India,EB-2,2061,save_pct,2,0.0,0.0,0.0,,,0,2,0
Capped,2037,India,EB-3,2061,save_pct,2,0.0,0.0,0.0,,,0,2,0
Capped,2037,India,EB-4,2061,save_pct,2,7.02686099053439,2.121703301860355,1.5002707924113454,,,2,0,0
Capped,2037,India,EB-5,2061,save_pct,2,89.31651620804772,1.2244430483932727,0.865811982695611,,,2,0,0
Capped,2037,China,EB-1,2061,save_pct,2,58.13820611282211,1.2623707130701125,0.892630891583174,,,2,0,0
Capped,2037,China,EB-2,2061,save_pct,2,0.0,0.0,0.0,,,0,2,0
Capped,2037,China,EB-3,2061,save_pct,2,0.0,0.0,0.0,,,0,2,0
Capped,2037,China,EB-4,2061,save_pct,2,100.0,0.0,0.0,,,2,0,0
Capped,2037,China,EB-5,2061,save_pct,2,85.51668211306766,1.4559365760297653,1.0295026258881703,,,2,0,0
Capped,2037,ROW,EB-1,2061,save_pct,2,100.0,0.0,0.0,,,2,0,0
Capped,2037,ROW,EB-2,2061,save_pct,2,87.29978859400448,0.29141387546651365,0.20606072747422385,,,2,0,0
Capped,2037,ROW,EB-3,2061,save_pct,2,60.218156000284345,0.20801243609501066,0.1470870041339154,,,2,0,0
Capped,2037,ROW,EB-4,2061,save_pct,2,0.0,0.0,0.0,,,0,2,0
Capped,2037,ROW,EB-5,2061,save_pct,2,100.0,0.0,0.0,,,2,0,0
Capped,2038,India,EB-1,2061,save_pct,2,66.14672104914519,0.5928651197977343,0.4192189465379527,,,2,0,0
Capped,2038,India,EB-2,2061,save_pct,2,0.0,0.0,0.0,,,0,2,0
Capped,2038,India,EB-3,2061,save_pct,2,0.0,0.0,0.0,,,0,2,0
Capped,2038,India,EB-4,2061,save_pct,2,5.556434599156118,0.19766170571142933,0.1397679324894514,,,2,0,0
Capped,2038,India,EB-5,2061,save_pct,2,88.35164338351643,0.3292734683404084,0.23283150232831673,,,2,0,0
Capped,2038,China,EB-1,2061,save_pct,2,56.09086880895781,0.10695211555425162,0.07562656617065854,,,2,0,0
Capped,2038,China,EB-2,2061,save_pct,2,0.0,0.0,0.0,,,0,2,0
Capped,2038,China,EB-3,2061,save_pct,2,0.0,0.0,0.0,,,0,2,0
Capped,2038,China,EB-4,2061,save_pct,2,100.0,0.0,0.0,,,2,0,0
Capped,2038,China,EB-5,2061,save_pct,2,85.3339666764104,0.8133484899061845,0.5751242326805012,,,2,0,0
Capped,2038,ROW,EB-1,2061,save_pct,2,100.0,0.0,0.0,,,2,0,0
Capped,2038,ROW,EB-2,2061,save_pct,2,87.03397320541652,0.32018382385493577,0.2264041530740641,,,2,0,0
Capped,2038,ROW,EB-3,2061,save_pct,2,58.5819867807592,0.6916637040597472,0.4890800954412526,,,2,0,0
Capped,2038,ROW,EB-4,2061,save_pct,2,0.0,0.0,0.0,,,0,2,0
Capped,2038,ROW,EB-5,2061,save_pct,2,100.0,0.0,0.0,,,2,0,0
Capped,2039,India,EB-1,2061,save_pct,2,63.27322608705708,0.8097864649934999,0.5726055007099865,,,2,0,0
Capped,2039,India,EB-2,2061,save_pct,2,0.0,0.0,0.0,,,0,2,0
Capped,2039,India,EB-3,2061,save_pct,2,0.0,0.0,0.0,,,0,2,0
Capped,2039,India,EB-4,2061,save_pct,2,4.763673379553208,0.515525742859126,0.36453174865192034,,,2,0,0
Capped,2039,India,EB-5,2061,save_pct,2,87.60230245944533,1.1781412827304878,0.8330716902145454,,,2,0,0
Capped,2039,China,EB-1,2061,save_pct,2,54.330352888071346,1.969118192869098,1.392376827135539,,,2,0,0
Capped,2039,China,EB-2,2061,save_pct,2,0.0,0.0,0.0,,,0,2,0
Capped,2039,China,EB-3,2061,save_pct,2,0.0,0.0,0.0,,,0,2,0
Capped,2039,China,EB-4,2061,save_pct,2,100.0,0.0,0.0,,,2,0,0
Capped,2039,China,EB-5,2061,save_pct,2,83.43075984997029,0.5501815492302625,0.38903710434443894,,,2,0,0
Capped,2039,ROW,EB-1,2061,save_pct,2,100.0,0.0,0.0,,,2,0,0
Capped,2039,ROW,EB-2,2061,save_pct,2,86.37626178749647,0.08336954400738085,0.05895116991204929,,,2,0,0
Capped,2039,ROW,EB-3,2061,save_pct,2,57.276029976274344,0.5163679512391075,0.3651272799085774,,,2,0,0
Capped,2039,ROW,EB-4,2061,save_pct,2,0.0,0.0,0.0,,,0,2,0
Capped,2039,ROW,EB-5,2061,save_pct,2,100.0,0.0,0.0,,,2,0,0
Capped,2040,India,EB-1,2061,save_pct,2,60.47272697527464,0.21205211959161585,0.1499434917282123,,,2,0,0
Capped,2040,India,EB-2,2061,save_pct,2,0.0,0.0,0.0,,,0,2,0
Capped,2040,India,EB-3,2061,save_pct,2,0.0,0.0,0.0,,,0,2,0
Capped,2040,India,EB-4,2061,save_pct,2,3.977911372016436,0.11364798471174706,0.08036126065786142,,,2,0,0
Capped,2040,India,EB-5,2061,save_pct,2,88.45082494107564,0.015151205939294806,0.010713520462829251,,,2,0,0
Capped,2040,China,EB-1,2061,save_pct,2,52.95184794512265,2.080772669347378,1.4713284646031648,,,2,0,0
Capped,2040,China,EB-2,2061,save_pct,2,0.0,0.0,0.0,,,0,2,0
Capped,2040,China,EB-3,2061,save_pct,2,0.0,0.0,0.0,,,0,2,0
Capped,2040,China,EB-4,2061,save_pct,2,100.0,0.0,0.0,,,2,0,0
Capped,2040,China,EB-5,2061,save_pct,2,83.94252376651671,1.3375364523020048,0.9457810955069447,,,2,0,0
Capped,2040,ROW,EB-1,2061,save_pct,2,100.0,0.0,0.0,,,2,0,0
Capped,2040,ROW,EB-2,2061,save_pct,2,86.4096783286301,0.19388212728623974,0.13709536695497346,,,2,0,0
Capped,2040,ROW,EB-3,2061,save_pct,2,55.524943842530284,0.028600852046270296,0.020223856429630867,,,2,0,0
Capped,2040,ROW,EB-4,2061,save_pct,2,0.0,0.0,0.0,,,0,2,0
Capped,2040,ROW,EB-5,2061,save_pct,2,100.0,0.0,0.0,,,2,0,0
Uncapped,2010,China,EB-4,2061,save_pct,1,100.0,,,,,1,0,0
Capped,2010,China,EB-4,2061,save_pct,1,100.0,,,,,1,0,0
Uncapped,2009,India,EB-1,2061,ageout_pct,2,0.0,0.0,0.0,,,0,2,0
Uncapped,2009,India,EB-2,2061,ageout_pct,2,0.0,0.0,0.0,,,0,2,0
Uncapped,2009,India,EB-3,2061,ageout_pct,2,16.133323131468536,0.005483761834681624,0.0038776051797153595,,,2,0,0
Uncapped,2009,India,EB-4,2061,ageout_pct,2,0.0,0.0,0.0,,,0,2,0
Uncapped,2009,India,EB-5,2061,ageout_pct,2,0.0,0.0,0.0,,,0,2,0
Uncapped,2009,China,EB-1,2061,ageout_pct,2,0.0,0.0,0.0,,,0,2,0
Uncapped,2009,China,EB-2,2061,ageout_pct,2,0.0,0.0,0.0,,,0,2,0
Uncapped,2009,China,EB-3,2061,ageout_pct,2,9.464755200975677,0.36841477487870405,0.26050858560604695,,,2,0,0
Uncapped,2009,China,EB-4,2061,ageout_pct,2,0.0,0.0,0.0,,,0,2,0
Uncapped,2009,China,EB-5,2061,ageout_pct,2,0.0,0.0,0.0,,,0,2,0
Uncapped,2009,ROW,EB-1,2061,ageout_pct,2,0.0,0.0,0.0,,,0,2,0
Uncapped,2009,ROW,EB-2,2061,ageout_pct,2,0.0,0.0,0.0,,,0,2,0
Uncapped,2009,ROW,EB-3,2061,ageout_pct,2,0.22968252178951776,0.030076324711901366,0.02126717315695399,,,2,0,0
Uncapped,2009,ROW,EB-4,2061,ageout_pct,2,0.0,0.0,0.0,,,0,2,0
Uncapped,2009,ROW,EB-5,2061,ageout_pct,2,0.0,0.0,0.0,,,0,2,0
Uncapped,2010,India,EB-1,2061,ageout_pct,2,0.0,0.0,0.0,,,0,2,0
Uncapped,2010,India,EB-2,2061,ageout_pct,2,0.14543942355943984,0.03270167600877139,0.02312357686196768,,,2,0,0
Uncapped,2010,India,EB-3,2061,ageout_pct,2,22.747886005763945,0.9607810657365695,0.6793748068179664,,,2,0,0
Uncapped,2010,India,EB-4,2061,ageout_pct,2,0.0,0.0,0.0,,,0,2,0
Uncapped,2010,India,EB-5,2061,ageout_pct,2,0.0,0.0,0.0,,,0,2,0
Uncapped,2010,China,EB-1,2061,ageout_pct,2,0.0,0.0,0.0,,,0,2,0
Uncapped,2010,China,EB-2,2061,ageout_pct,2,0.06501950585175553,0.0919514669943495,0.06501950585175553,,,1,1,0
Uncapped,2010,China,EB-3,2061,ageout_pct,2,20.131802721088434,3.938392361200585,2.7848639455782322,,,2,0,0
Uncapped,2010,China,EB-5,2061,ageout_pct,2,0.0,0.0,0.0,,,0,2,0
Uncapped,2010,ROW,EB-1,2061,ageout_pct,2,0.0,0.0,0.0,,,0,2,0
Uncapped,2010,ROW,EB-2,2061,ageout_pct,2,0.0,0.0,0.0,,,0,2,0
Uncapped,2010,ROW,EB-3,2061,ageout_pct,2,0.9315398492792474,0.13085108696039371,0.09252569091532502,,,2,0,0
Uncapped,2010,ROW,EB-4,2061,ageout_pct,2,0.0,0.0,0.0,,,0,2,0
Uncapped,2010,ROW,EB-5,2061,ageout_pct,2,0.0,0.0,0.0,,,0,2,0
Uncapped,2011,India,EB-1,2061,ageout_pct,2,0.0,0.0,0.0,,,0,2,0
Uncapped,2011,India,EB-2,2061,ageout_pct,2,4.882786015083113,0.12528239450590628,0.08858803071841459,,,2,0,0
Uncapped,2011,India,EB-3,2061,ageout_pct,2,18.103496050075783,0.3143737424704314,0.2222958051278354,,,2,0,0
Uncapped,2011,India,EB-4,2061,ageout_pct,2,0.2347417840375587,0.3319750146415716,0.23474178403755866,,,1,1,0
Uncapped,2011,India,EB-5,2061,ageout_pct,2,0.0,0.0,0.0,,,0,2,0
Uncapped,2011,China,EB-1,2061,ageout_pct,2,0.0,0.0,0.0,,,0,2,0
Uncapped,2011,China,EB-2,2061,ageout_pct,2,0.5187367999265388,0.19314083595949477,0.13657119483099733,,,2,0,0
Uncapped,2011,China,EB-3,2061,ageout_pct,2,14.56140350877193,1.7367534976511685,1.2280701754385959,,,2,0,0
Uncapped,2011,China,EB-4,2061,ageout_pct,2,0.0,0.0,0.0,,,0,2,0
Uncapped,2011,China,EB-5,2061,ageout_pct,2,0.0,0.0,0.0,,,0,2,0
Uncapped,2011,ROW,EB-1,2061,ageout_pct,2,0.0,0.0,0.0,,,0,2,0
Uncapped,2011,ROW,EB-2,2061,ageout_pct,2,0.0,0.0,0.0,,,0,2,0
Uncapped,2011,ROW,EB-3,2061,ageout_pct,2,0.4226970588526653,0.17890088057598963,0.12650202581552697,,,2,0,0
Uncapped,2011,ROW,EB-4,2061,ageout_pct,2,0.024618414574101428,0.034815695774817704,0.024618414574101428,,,1,1,0
Uncapped,2011,ROW,EB-5,2061,ageout_pct,2,0.0,0.0,0.0,,,0,2,0
Uncapped,2012,India,EB-1,2061,ageout_pct,2,0.0,0.0,0.0,,,0,2,0
Uncapped,2012,India,EB-2,2061,ageout_pct,2,6.229325962177581,0.28524034085401034,0.20169537928583292,,,2,0,0
Uncapped,2012,India,EB-3,2061,ageout_pct,2,13.511641810874547,0.6555070336771028,0.46351346862855797,,,2,0,0
Uncapped,2012,India,EB-4,2061,ageout_pct,2,0.5375180375180375,0.3112086122105296,0.22005772005772006,,,2,0,0
Uncapped,2012,India,EB-5,2061,ageout_pct,2,0.0,0.0,0.0,,,0,2,0
Uncapped,2012,China,EB-1,2061,ageout_pct,2,0.0,0.0,0.0,,,0,2,0
Uncapped,2012,China,EB-2,2061,ageout_pct,2,1.0212103258009315,0.5150284399755717,0.36418010241065546,,,2,0,0
Uncapped,2012,China,EB-3,2061,ageout_pct,2,11.45320197044335,4.005777331844974,2.832512315270936,,,2,0,0
Uncapped,2012,China,EB-4,2061,ageout_pct,2,0.0,0.0,0.0,,,0,2,0
Uncapped,2012,China,EB-5,2061,ageout_pct,2,0.0,0.0,0.0,,,0,2,0
Uncapped,2012,ROW,EB-1,2061,ageout_pct,2,0.0,0.0,0.0,,,0,2,0
Uncapped,2012,ROW,EB-2,2061,ageout_pct,2,0.0,0.0,0.0,,,0,2,0
Uncapped,2012,ROW,EB-3,2061,ageout_pct,2,0.1025444342726287,0.08854155228316185,0.06260833203620698,,,2,0,0
Uncapped,2012,ROW,EB-4,2061,ageout_pct,2,0.47649670084690604,0.08135361613146291,0.057525693640604725,,,2,0,0
Uncapped,2012,ROW,EB-5,2061,ageout_pct,2,0.0,0.0,0.0,,,0,2,0
Uncapped,2013,India,EB-1,2061,ageout_pct,2,0.0,0.0,0.0,,,0,2,0
Uncapped,2013,India,EB-2,2061,ageout_pct,2,8.456502964502018,0.0012899940640685315,0.0009121635503932523,,,2,0,0
Uncapped,2013,India,EB-3,2061,ageout_pct,2,12.86318172761831,0.8174338878216756,0.5780130452503903,,,2,0,0
Uncapped,2013,India,EB-4,2061,ageout_pct,2,2.0287433155080214,0.458485011865609,0.3241978609625668,,,2,0,0
Uncapped,2013,India,EB-5,2061,ageout_pct,2,0.0,0.0,0.0,,,0,2,0
Uncapped,2013,China,EB-1,2061,ageout_pct,2,0.0,0.0,0.0,,,0,2,0
Uncapped,2013,China,EB-2,2061,ageout_pct,2,1.74802958857767,0.401496284285468,0.2839007452394563,,,2,0,0
Uncapped,2013,China,EB-3,2061,ageout_pct,2,16.012909632571997,4.0376007863184205,2.8550148957298913,,,2,0,0
Uncapped,2013,China,EB-4,2061,ageout_pct,2,0.0,0.0,0.0,,,0,2,0
Uncapped,2013,China,EB-5,2061,ageout_pct,2,0.0,0.0,0.0,,,0,2,0
Uncapped,2013,ROW,EB-1,2061,ageout_pct,2,0.0,0.0,0.0,,,0,2,0
Uncapped,2013,ROW,EB-2,2061,ageout_pct,2,0.0,0.0,0.0,,,0,2,0
Uncapped,2013,ROW,EB-3,2061,ageout_pct,2,0.0,0.0,0.0,,,0,2,0
Uncapped,2013,ROW,EB-4,2061,ageout_pct,2,3.043452442271783,0.05264172237247637,0.03722331886291763,,,2,0,0
Uncapped,2013,ROW,EB-5,2061,ageout_pct,2,0.0,0.0,0.0,,,0,2,0
Uncapped,2014,India,EB-1,2061,ageout_pct,2,0.0,0.0,0.0,,,0,2,0
Uncapped,2014,India,EB-2,2061,ageout_pct,2,10.1060953453154,0.09067062980246204,0.06411381718777598,,,2,0,0
Uncapped,2014,India,EB-3,2061,ageout_pct,2,10.865560613882762,0.531815186019356,0.37605012437227175,,,2,0,0
Uncapped,2014,India,EB-4,2061,ageout_pct,2,4.774244406427158,0.5491101266132828,0.38827949414645596,,,2,0,0
Uncapped,2014,India,EB-5,2061,ageout_pct,2,0.0,0.0,0.0,,,0,2,0
Uncapped,2014,China,EB-1,2061,ageout_pct,2,0.0,0.0,0.0,,,0,2,0
Uncapped,2014,China,EB-2,2061,ageout_pct,2,2.4828287893276118,0.5093817362198727,0.3601872798936492,,,2,0,0
Uncapped,2014,China,EB-3,2061,ageout_pct,2,14.458203946709407,0.07809127779807369,0.055218872082540386,,,2,0,0
Uncapped,2014,China,EB-4,2061,ageout_pct,2,0.0,0.0,0.0,,,0,2,0
Uncapped,2014,China,EB-5,2061,ageout_pct,2,0.0,0.0,0.0,,,0,2,0
Uncapped,2014,ROW,EB-1,2061,ageout_pct,2,0.0,0.0,0.0,,,0,2,0
Uncapped,2014,ROW,EB-2,2061,ageout_pct,2,0.0,0.0,0.0,,,0,2,0
Uncapped,2014,ROW,EB-3,2061,ageout_pct,2,0.0,0.0,0.0,,,0,2,0
Uncapped,2014,ROW,EB-4,2061,ageout_pct,2,6.870803484876891,0.2957613478758551,0.20913485469589063,,,2,0,0
Uncapped,2014,ROW,EB-5,2061,ageout_pct,2,0.0,0.0,0.0,,,0,2,0
Uncapped,2015,India,EB-1,2061,ageout_pct,2,0.0,0.0,0.0,,,0,2,0
Uncapped,2015,India,EB-2,2061,ageout_pct,2,10.164636788061799,0.0984531754866686,0.06961690801597253,,,2,0,0
Uncapped,2015,India,EB-3,2061,ageout_pct,2,8.43154296684979,1.250692510747852,0.8843731555290351,,,2,0,0
Uncapped,2015,India,EB-4,2061,ageout_pct,2,8.294277104420047,0.35866106334562925,0.2536116700392723,,,2,0,0
Uncapped,2015,India,EB-5,2061,ageout_pct,2,0.0,0.0,0.0,,,0,2,0
Uncapped,2015,China,EB-1,2061,ageout_pct,2,0.0,0.0,0.0,,,0,2,0
Uncapped,2015,China,EB-2,2061,ageout_pct,2,2.7914171732426682,0.030945905308934898,0.021882059493904645,,,2,0,0
Uncapped,2015,China,EB-3,2061,ageout_pct,2,14.864988558352403,1.6051485742266707,1.1350114416475972,,,2,0,0
Uncapped,2015,China,EB-4,2061,ageout_pct,2,0.0,0.0,0.0,,,0,2,0
Uncapped,2015,China,EB-5,2061,ageout_pct,2,0.0,0.0,0.0,,,0,2,0
Uncapped,2015,ROW,EB-1,2061,ageout_pct,2,0.0,0.0,0.0,,,0,2,0
Uncapped,2015,ROW,EB-2,2061,ageout_pct,2,0.0,0.0,0.0,,,0,2,0
Uncapped,2015,ROW,EB-3,2061,ageout_pct,2,0.0,0.0,0.0,,,0,2,0
Uncapped,2015,ROW,EB-4,2061,ageout_pct,2,9.631475930448271,0.1821479380219504,0.12879804215446808,,,2,0,0
Uncapped,2015,ROW,EB-5,2061,ageout_pct,2,0.0,0.0,0.0,,,0,2,0
Uncapped,2016,India,EB-1,2061,ageout_pct,2,0.0,0.0,0.0,,,0,2,0
Uncapped,2016,India,EB-2,2061,ageout_pct,2,12.252596259039008,0.20025981554918382,0.14160507357399507,,,2,0,0
Uncapped,2016,India,EB-3,2061,ageout_pct,2,6.578690222372098,0.06946099510629301,0.04911634066762538,,,2,0,0
Uncapped,2016,India,EB-4,2061,ageout_pct,2,9.616230362717461,0.613798234031423,0.4340208935639467,,,2,0,0
Uncapped,2016,India,EB-5,2061,ageout_pct,2,0.0,0.0,0.0,,,0,2,0
Uncapped,2016,China,EB-1,2061,ageout_pct,2,0.0,0.0,0.0,,,0,2,0
Uncapped,2016,China,EB-2,2061,ageout_pct,2,4.644570810646551,0.3279449927576602,0.23189212823511474,,,2,0,0
Uncapped,2016,China,EB-3,2061,ageout_pct,2,12.147777700906314,1.1622160498850835,0.8218108500775854,,,2,0,0
Uncapped,2016,China,EB-4,2061,ageout_pct,2,0.0,0.0,0.0,,,0,2,0
Uncapped,2016,China,EB-5,2061,ageout_pct,2,0.0,0.0,0.0,,,0,2,0
Uncapped,2016,ROW,EB-1,2061,ageout_pct,2,0.0,0.0,0.0,,,0,2,0
Uncapped,2016,ROW,EB-2,2061,ageout_pct,2,0.0,0.0,0.0,,,0,2,0
Uncapped,2016,ROW,EB-3,2061,ageout_pct,2,0.0,0.0,0.0,,,0,2,0
Uncapped,2016,ROW,EB-4,2061,ageout_pct,2,14.04589547070756,0.0219983285670454,0.015555167304527549,,,2,0,0
Uncapped,2016,ROW,EB-5,2061,ageout_pct,2,0.0,0.0,0.0,,,0,2,0
Uncapped,2017,India,EB-1,2061,ageout_pct,2,0.011266336187471835,0.015933005434577457,0.011266336187471833,,,1,1,0
Uncapped,2017,India,EB-2,2061,ageout_pct,2,14.535607489093891,0.5055228552889747,0.3574586390196197,,,2,0,0
Uncapped,2017,India,EB-3,2061,ageout_pct,2,6.9105003957468,0.18199066328247154,0.12868683211967324,,,2,0,0
Uncapped,2017,India,EB-4,2061,ageout_pct,2,15.194629575968317,1.4083397882803632,0.9958466145078714,,,2,0,0
Uncapped,2017,India,EB-5,2061,ageout_pct,2,0.0,0.0,0.0,,,0,2,0
Uncapped,2017,China,EB-1,2061,ageout_pct,2,0.0,0.0,0.0,,,0,2,0
Uncapped,2017,China,EB-2,2061,ageout_pct,2,22.65164690006462,0.07643725658566951,0.054049302467023,,,2,0,0
Uncapped,2017,China,EB-3,2061,ageout_pct,2,13.753778993589293,0.45805091669440506,0.32389090932332815,,,2,0,0
Uncapped,2017,China,EB-4,2061,ageout_pct,2,0.0,0.0,0.0,,,0,2,0
Uncapped,2017,China,EB-5,2061,ageout_pct,2,1.018150626875284,0.039348496414311575,0.02782358864405426,,,2,0,0
Uncapped,2017,ROW,EB-1,2061,ageout_pct,2,0.0,0.0,0.0,,,0,2,0
Uncapped,2017,ROW,EB-2,2061,ageout_pct,2,0.0,0.0,0.0,,,0,2,0
Uncapped,2017,ROW,EB-3,2061,ageout_pct,2,0.0,0.0,0.0,,,0,2,0
Uncapped,2017,ROW,EB-4,2061,ageout_pct,2,17.663824293372112,0.30661006732854795,0.21680605778808015,,,2,0,0
Uncapped,2017,ROW,EB-5,2061,ageout_pct,2,0.0,0.0,0.0,,,0,2,0
Uncapped,2018,India,EB-1,2061,ageout_pct,2,0.012437810945273632,0.017589720925038497,0.012437810945273632,,,1,1,0
Uncapped,2018,India,EB-2,2061,ageout_pct,2,17.168635448050743,0.13014879923225395,0.09202909850041328,,,2,0,0
Uncapped,2018,India,EB-3,2061,ageout_pct,2,4.135135895763681,0.1415553515051159,0.10009474896251279,,,2,0,0
Uncapped,2018,India,EB-4,2061,ageout_pct,2,20.491054382806958,0.5448035392058043,0.38523427698685525,,,2,0,0
Uncapped,2018,India,EB-5,2061,ageout_pct,2,0.7826851414475411,0.023195388560415264,0.016401616543326503,,,2,0,0
Uncapped,2018,China,EB-1,2061,ageout_pct,2,0.0,0.0,0.0,,,0,2,0
Uncapped,2018,China,EB-2,2061,ageout_pct,2,24.71201814058957,0.6477803619033233,0.4580498866213158,,,2,0,0
Uncapped,2018,China,EB-3,2061,ageout_pct,2,11.334593933230579,0.8206676830576236,0.580299683790698,,,2,0,0
Uncapped,2018,China,EB-4,2061,ageout_pct,2,0.0,0.0,0.0,,,0,2,0
Uncapped,2018,China,EB-5,2061,ageout_pct,2,5.097828835873116,0.05252634459441878,0.03714173445365487,,,2,0,0
Uncapped,2018,ROW,EB-1,2061,ageout_pct,2,0.0,0.0,0.0,,,0,2,0
Uncapped,2018,ROW,EB-2,2061,ageout_pct,2,0.0,0.0,0.0,,,0,2,0
Uncapped,2018,ROW,EB-3,2061,ageout_pct,2,0.0,0.0,0.0,,,0,2,0
Uncapped,2018,ROW,EB-4,2061,ageout_pct,2,19.233792281040305,0.5489755481000688,0.3881843327671603,,,2,0,0
Uncapped,2018,ROW,EB-5,2061,ageout_pct,2,0.0,0.0,0.0,,,0,2,0
Uncapped,2019,India,EB-1,2061,ageout_pct,2,0.0,0.0,0.0,,,0,2,0
Uncapped,2019,India,EB-2,2061,ageout_pct,2,21.172759523835374,0.03332029067885149,0.0235610034901228,,,2,0,0
Uncapped,2019,India,EB-3,2061,ageout_pct,2,3.8654490827641212,0.5112552792712253,0.3615120748901055,,,2,0,0
Uncapped,2019,India,EB-4,2061,ageout_pct,2,21.45438815726233,2.336857746534028,1.6524079592425254,,,2,0,0
Uncapped,2019,India,EB-5,2061,ageout_pct,2,1.3529364871482423,0.12884452048178172,0.09110683415139686,,,2,0,0
Uncapped,2019,China,EB-1,2061,ageout_pct,2,0.0,0.0,0.0,,,0,2,0
Uncapped,2019,China,EB-2,2061,ageout_pct,2,26.831794309558248,0.2743989764460169,0.19402937699562628,,,2,0,0
Uncapped,2019,China,EB-3,2061,ageout_pct,2,9.645679167189265,0.9764512305109615,0.6904552865922495,,,2,0,0
Uncapped,2019,China,EB-4,2061,ageout_pct,2,0.0,0.0,0.0,,,0,2,0
Uncapped,2019,China,EB-5,2061,ageout_pct,2,4.3098087744572915,1.0641907863337858,0.7524965214928642,,,2,0,0
Uncapped,2019,ROW,EB-1,2061,ageout_pct,2,0.0,0.0,0.0,,,0,2,0
Uncapped,2019,ROW,EB-2,2061,ageout_pct,2,0.027583670467083488,0.03900920087457967,0.027583670467083484,,,1,1,0
Uncapped,2019,ROW,EB-3,2061,ageout_pct,2,0.0,0.0,0.0,,,0,2,0
Uncapped,2019,ROW,EB-4,2061,ageout_pct,2,21.66446635371539,0.5726119716386951,0.40489780813432036,,,2,0,0
Uncapped,2019,ROW,EB-5,2061,ageout_pct,2,0.0,0.0,0.0,,,0,2,0
Uncapped,2020,India,EB-1,2061,ageout_pct,2,0.0,0.0,0.0,,,0,2,0
Uncapped,2020,India,EB-2,2061,ageout_pct,2,22.957126858938487,0.08614793258534231,0.06091578731629709,,,2,0,0
Uncapped,2020,India,EB-3,2061,ageout_pct,2,2.9271630849802976,0.17135184641116535,0.12116405256617079,,,2,0,0
Uncapped,2020,India,EB-4,2061,ageout_pct,2,30.07374796353642,1.1625504169043461,0.822047283264311,,,2,0,0
Uncapped,2020,India,EB-5,2061,ageout_pct,2,3.6460554371002134,0.23117918930050568,0.1634683724235961,,,2,0,0
Uncapped,2020,China,EB-1,2061,ageout_pct,2,0.0,0.0,0.0,,,0,2,0
Uncapped,2020,China,EB-2,2061,ageout_pct,2,29.556457079473326,1.2477603094429575,0.8822997761025401,,,2,0,0
Uncapped,2020,China,EB-3,2061,ageout_pct,2,10.594654251237035,0.7822057706355392,0.5531030046996389,,,2,0,0
Uncapped,2020,China,EB-4,2061,ageout_pct,2,0.0,0.0,0.0,,,0,2,0
Uncapped,2020,China,EB-5,2061,ageout_pct,2,2.9185916007621433,0.4769044247607964,0.33722235272622875,,,2,0,0
Uncapped,2020,ROW,EB-1,2061,ageout_pct,2,0.0,0.0,0.0,,,0,2,0
Uncapped,2020,ROW,EB-2,2061,ageout_pct,2,0.05597659245891245,0.0356039169380197,0.02517577110367631,,,2,0,0
Uncapped,2020,ROW,EB-3,2061,ageout_pct,2,0.0,0.0,0.0,,,0,2,0
Uncapped,2020,ROW,EB-4,2061,ageout_pct,2,26.148474901996558,0.3871557577685591,0.2737604616935645,,,2,0,0
Uncapped,2020,ROW,EB-5,2061,ageout_pct,2,0.0,0.0,0.0,,,0,2,0
Uncapped,2021,India,EB-1,2061,ageout_pct,2,0.0,0.0,0.0,,,0,2,0
Uncapped,2021,India,EB-2,2061,ageout_pct,2,26.603003772848908,0.09161455684807067,0.06478127440267122,,,2,0,0
Uncapped,2021,India,EB-3,2061,ageout_pct,2,3.3764301579975626,0.08150049539169091,0.0576295529615276,,,2,0,0
Uncapped,2021,India,EB-4,2061,ageout_pct,2,30.846117535992448,0.4522679671974377,0.31980174651876325,,,2,0,0
Uncapped,2021,India,EB-5,2061,ageout_pct,2,2.717035217035217,0.6573023723560453,0.46478296478296466,,,2,0,0
Uncapped,2021,China,EB-1,2061,ageout_pct,2,0.0,0.0,0.0,,,0,2,0
Uncapped,2021,China,EB-2,2061,ageout_pct,2,32.9479568821177,1.18492024301121,0.8378651389984384,,,2,0,0
Uncapped,2021,China,EB-3,2061,ageout_pct,2,9.783691019569753,0.357208674042923,0.2525846757144059,,,2,0,0
Uncapped,2021,China,EB-4,2061,ageout_pct,2,0.0,0.0,0.0,,,0,2,0
Uncapped,2021,China,EB-5,2061,ageout_pct,2,0.0,0.0,0.0,,,0,2,0
Uncapped,2021,ROW,EB-1,2061,ageout_pct,2,0.0,0.0,0.0,,,0,2,0
Uncapped,2021,ROW,EB-2,2061,ageout_pct,2,0.057595965532031945,0.013107085948433059,0.009268109355731927,,,2,0,0
Uncapped,2021,ROW,EB-3,2061,ageout_pct,2,0.0,0.0,0.0,,,0,2,0
Uncapped,2021,ROW,EB-4,2061,ageout_pct,2,29.69862873115229,0.40485134433445685,0.28627313095138435,,,2,0,0
Uncapped,2021,ROW,EB-5,2061,ageout_pct,2,0.0,0.0,0.0,,,0,2,0
Uncapped,2022,India,EB-1,2061,ageout_pct,2,0.0,0.0,0.0,,,0,2,0
Uncapped,2022,India,EB-2,2061,ageout_pct,2,30.261295779387112,0.5759632513659741,0.40726752075513234,,,2,0,0
Uncapped,2022,India,EB-3,2061,ageout_pct,2,3.878219152249929,0.03122285180607966,0.02207789024006157,,,2,0,0
Uncapped,2022,India,EB-4,2061,ageout_pct,2,37.87103656441636,2.525351734315905,1.7856933362159848,,,2,0,0
Uncapped,2022,India,EB-5,2061,ageout_pct,2,5.426988265971317,0.4840039897300359,0.34224250325945244,,,2,0,0
Uncapped,2022,China,EB-1,2061,ageout_pct,2,0.0,0.0,0.0,,,0,2,0
Uncapped,2022,China,EB-2,2061,ageout_pct,2,34.739478594129245,1.193066158094353,0.8436251707926985,,,2,0,0
Uncapped,2022,China,EB-3,2061,ageout_pct,2,10.467821023597917,1.4230984468440264,1.0062825620594547,,,2,0,0
Uncapped,2022,China,EB-4,2061,ageout_pct,2,0.0,0.0,0.0,,,0,2,0
Uncapped,2022,China,EB-5,2061,ageout_pct,2,0.0,0.0,0.0,,,0,2,0
Uncapped,2022,ROW,EB-1,2061,ageout_pct,2,0.0,0.0,0.0,,,0,2,0
Uncapped,2022,ROW,EB-2,2061,ageout_pct,2,0.05869275434300132,0.028019113995997574,0.019812505509408787,,,2,0,0
Uncapped,2022,ROW,EB-3,2061,ageout_pct,2,0.023809523809523808,0.03367175148507369,0.023809523809523805,,,1,1,0
Uncapped,2022,ROW,EB-4,2061,ageout_pct,2,31.614180533186783,0.5837688205782807,0.4127868916761752,,,2,0,0
Uncapped,2022,ROW,EB-5,2061,ageout_pct,2,0.0,0.0,0.0,,,0,2,0
Uncapped,2023,India,EB-1,2061,ageout_pct,2,0.0,0.0,0.0,,,0,2,0
Uncapped,2023,India,EB-2,2061,ageout_pct,2,35.55953372197189,0.49284601732731853,0.34849476093292964,,,2,0,0
Uncapped,2023,India,EB-3,2061,ageout_pct,2,4.59103501026728,0.04949619350702173,0.034999094071736625,,,2,0,0
Uncapped,2023,India,EB-4,2061,ageout_pct,2,41.960215224766756,0.16961716416821118,0.119937446988974,,,2,0,0
Uncapped,2023,India,EB-5,2061,ageout_pct,2,1.4774114774114775,1.0533214567125617,0.7448107448107448,,,2,0,0
Uncapped,2023,China,EB-1,2061,ageout_pct,2,0.0,0.0,0.0,,,0,2,0
Uncapped,2023,China,EB-2,2061,ageout_pct,2,38.41695690787041,1.3896038679959575,0.9825983182229975,,,2,0,0
Uncapped,2023,China,EB-3,2061,ageout_pct,2,11.614274390934352,1.1542136872695823,0.8161523252066507,,,2,0,0
Uncapped,2023,China,EB-4,2061,ageout_pct,2,0.0,0.0,0.0,,,0,2,0
Uncapped,2023,China,EB-5,2061,ageout_pct,2,0.0,0.0,0.0,,,0,2,0
Uncapped,2023,ROW,EB-1,2061,ageout_pct,2,0.0,0.0,0.0,,,0,2,0
Uncapped,2023,ROW,EB-2,2061,ageout_pct,2,29.286189549479353,0.6533803480523948,0.46200967480187494,,,2,0,0
Uncapped,2023,ROW,EB-3,2061,ageout_pct,2,12.29002011700035,0.12866967377916494,0.09098319886230843,,,2,0,0
Uncapped,2023,ROW,EB-4,2061,ageout_pct,2,35.50940044345596,0.7038256107231802,0.4976798621151239,,,2,0,0
Uncapped,2023,ROW,EB-5,2061,ageout_pct,2,0.0,0.0,0.0,,,0,2,0
Uncapped,2024,India,EB-1,2061,ageout_pct,2,0.0,0.0,0.0,,,0,2,0
Uncapped,2024,India,EB-2,2061,ageout_pct,2,41.62974349813214,0.4946617618081162,0.3497786861682037,,,2,0,0
Uncapped,2024,India,EB-3,2061,ageout_pct,2,5.408041360509543,0.10967361289074193,0.07755095539227197,,,2,0,0
Uncapped,2024,India,EB-4,2061,ageout_pct,2,47.830615499788436,5.210720803978594,3.6845360153630824,,,2,0,0
Uncapped,2024,India,EB-5,2061,ageout_pct,2,0.13736263736263737,0.194260104721579,0.13736263736263737,,,1,1,0
Uncapped,2024,China,EB-1,2061,ageout_pct,2,0.0,0.0,0.0,,,0,2,0
Uncapped,2024,China,EB-2,2061,ageout_pct,2,44.222544133172924,0.22083523427270366,0.15615409167914862,,,2,0,0
Uncapped,2024,China,EB-3,2061,ageout_pct,2,12.718597874239897,0.906052400236843,0.6406757963178195,,,2,0,0
Uncapped,2024,China,EB-4,2061,ageout_pct,2,0.0,0.0,0.0,,,0,2,0
Uncapped,2024,China,EB-5,2061,ageout_pct,2,0.0,0.0,0.0,,,0,2,0
Uncapped,2024,ROW,EB-1,2061,ageout_pct,2,0.0,0.0,0.0,,,0,2,0
Uncapped,2024,ROW,EB-2,2061,ageout_pct,2,44.297406363904244,0.1945648944120432,0.13757815621960034,,,2,0,0
Uncapped,2024,ROW,EB-3,2061,ageout_pct,2,14.23784395713771,0.3078487828255694,0.21768196191598485,,,2,0,0
Uncapped,2024,ROW,EB-4,2061,ageout_pct,2,40.472632793207126,0.4351104522071246,0.307669551320803,,,2,0,0
Uncapped,2024,ROW,EB-5,2061,ageout_pct,2,0.0,0.0,0.0,,,0,2,0
Uncapped,2025,India,EB-1,2061,ageout_pct,2,0.0,0.0,0.0,,,0,2,0
Uncapped,2025,India,EB-2,2061,ageout_pct,2,47.33024867872385,0.09969795331429014,0.07049709885895439,,,2,0,0
Uncapped,2025,India,EB-3,2061,ageout_pct,2,7.7022225925701475,0.0188014726529056,0.013294648809162977,,,2,0,0
Uncapped,2025,India,EB-4,2061,ageout_pct,2,50.08484582318268,1.1334838465375925,0.8014941142521436,,,2,0,0
Uncapped,2025,India,EB-5,2061,ageout_pct,2,0.07587253414264036,0.10729996679613771,0.07587253414264035,,,1,1,0
Uncapped,2025,China,EB-1,2061,ageout_pct,2,0.0,0.0,0.0,,,0,2,0
Uncapped,2025,China,EB-2,2061,ageout_pct,2,48.14287289444412,2.875453049343436,2.0332523501742794,,,2,0,0
Uncapped,2025,China,EB-3,2061,ageout_pct,2,14.069841904913009,0.7800349698704091,0.5515680167580105,,,2,0,0
Uncapped,2025,China,EB-4,2061,ageout_pct,2,42.283502660861146,9.099680880291322,6.434446057087565,,,2,0,0
Uncapped,2025,China,EB-5,2061,ageout_pct,2,0.0,0.0,0.0,,,0,2,0
Uncapped,2025,ROW,EB-1,2061,ageout_pct,2,0.12459478141724198,0.01606369433444798,0.01135874719479609,,,2,0,0
Uncapped,2025,ROW,EB-2,2061,ageout_pct,2,48.15306131489578,0.0761724574781686,0.05386206122245696,,,2,0,0
Uncapped,2025,ROW,EB-3,2061,ageout_pct,2,15.864367668076868,0.5872354428152801,0.41523816376776956,,,2,0,0
Uncapped,2025,ROW,EB-4,2061,ageout_pct,2,44.12020156727934,0.25414563014433167,0.17970809848398517,,,2,0,0
Uncapped,2025,ROW,EB-5,2061,ageout_pct,2,0.929654760823592,0.20467262981527398,0.14472540446566418,,,2,0,0
Uncapped,2026,India,EB-1,2061,ageout_pct,2,0.0,0.0,0.0,,,0,2,0
Uncapped,2026,India,EB-2,2061,ageout_pct,2,53.1702063475135,0.5594703063256476,0.3956052474753804,,,2,0,0
Uncapped,2026,India,EB-3,2061,ageout_pct,2,8.381466408459545,0.3542981133812211,0.2505265985334617,,,2,0,0
Uncapped,2026,India,EB-4,2061,ageout_pct,2,51.122840646968996,1.1628221740207927,0.8222394445641861,,,2,0,0
Uncapped,2026,India,EB-5,2061,ageout_pct,2,0.35211622557212585,0.07769605217462633,0.05493940536410208,,,2,0,0
Uncapped,2026,China,EB-1,2061,ageout_pct,2,0.0,0.0,0.0,,,0,2,0
Uncapped,2026,China,EB-2,2061,ageout_pct,2,53.69120238420441,1.2334930303142673,0.872211286281562,,,2,0,0
Uncapped,2026,China,EB-3,2061,ageout_pct,2,15.345777115296038,0.050366275331050384,0.03561433482969445,,,2,0,0
Uncapped,2026,China,EB-4,2061,ageout_pct,2,49.96267263904442,13.59313147857678,9.611795446061961,,,2,0,0
Uncapped,2026,China,EB-5,2061,ageout_pct,2,0.0,0.0,0.0,,,0,2,0
Uncapped,2026,ROW,EB-1,2061,ageout_pct,2,0.14010425668852883,0.025903317013565456,0.018316411115517,,,2,0,0
Uncapped,2026,ROW,EB-2,2061,ageout_pct,2,51.2688742379987,0.965008386603296,0.68236397406908,,,2,0,0
Uncapped,2026,ROW,EB-3,2061,ageout_pct,2,18.157792518963205,0.4964032335873762,0.35101009267256345,,,2,0,0
Uncapped,2026,ROW,EB-4,2061,ageout_pct,2,43.79435254555795,0.9292763993785083,0.6570976435971615,,,2,0,0
Uncapped,2026,ROW,EB-5,2061,ageout_pct,2,1.217896879618527,0.7492835583248879,0.5298234851231142,,,2,0,0
Uncapped,2027,India,EB-1,2061,ageout_pct,2,0.042880282646727774,0.03077464259158427,0.021760958465101583,,,2,0,0
Uncapped,2027,India,EB-2,2061,ageout_pct,2,58.367891042527816,0.12211099736211614,0.08634551429220494,,,2,0,0
Uncapped,2027,India,EB-3,2061,ageout_pct,2,9.869807314239122,0.09848193803919965,0.06963724621191147,,,2,0,0
Uncapped,2027,India,EB-4,2061,ageout_pct,2,49.14775316744144,4.279636338600557,3.0261598760368216,,,2,0,0
Uncapped,2027,India,EB-5,2061,ageout_pct,2,0.7752841679021792,0.08045936599421276,0.05689336330447814,,,2,0,0
Uncapped,2027,China,EB-1,2061,ageout_pct,2,0.0,0.0,0.0,,,0,2,0
Uncapped,2027,China,EB-2,2061,ageout_pct,2,56.960309342086035,0.5996215906917853,0.4239964929240258,,,2,0,0
Uncapped,2027,China,EB-3,2061,ageout_pct,2,18.246231990972525,0.02659745643661341,0.018807241808643127,,,2,0,0
Uncapped,2027,China,EB-4,2061,ageout_pct,2,32.054148037754594,8.237284659127935,5.824639841033282,,,2,0,0
Uncapped,2027,China,EB-5,2061,ageout_pct,2,0.0,0.0,0.0,,,0,2,0
Uncapped,2027,ROW,EB-1,2061,ageout_pct,2,0.2393017357601182,0.04530463609113536,0.03203521539923061,,,2,0,0
Uncapped,2027,ROW,EB-2,2061,ageout_pct,2,52.992959319166005,0.12077226815151725,0.08539888978921795,,,2,0,0
Uncapped,2027,ROW,EB-3,2061,ageout_pct,2,19.40503958689833,0.4300786256668078,0.30411151265239056,,,2,0,0
Uncapped,2027,ROW,EB-4,2061,ageout_pct,2,43.79766748078668,0.6929788262072135,0.4900100272298146,,,2,0,0
Uncapped,2027,ROW,EB-5,2061,ageout_pct,2,0.9027982112952853,0.5233632540576755,0.3700737059680402,,,2,0,0
Uncapped,2028,India,EB-1,2061,ageout_pct,2,0.031732599957689865,0.044876673229524905,0.03173259995768986,,,1,1,0
Uncapped,2028,India,EB-2,2061,ageout_pct,2,61.67175148128099,0.0932594958646683,0.06594442193594573,,,2,0,0
Uncapped,2028,India,EB-3,2061,ageout_pct,2,10.572530268858685,0.4134564437000548,0.29235785506558276,,,2,0,0
Uncapped,2028,India,EB-4,2061,ageout_pct,2,51.570729705144984,2.4425485389665575,1.7271426352805468,,,2,0,0
Uncapped,2028,India,EB-5,2061,ageout_pct,2,1.0101391435659584,0.314998490594374,0.22273756876280876,,,2,0,0
Uncapped,2028,China,EB-1,2061,ageout_pct,2,0.0,0.0,0.0,,,0,2,0
Uncapped,2028,China,EB-2,2061,ageout_pct,2,60.254483687795826,0.45091365918384746,0.31884410613853825,,,2,0,0
Uncapped,2028,China,EB-3,2061,ageout_pct,2,19.754852311953535,0.06664889564089155,0.047127886066268936,,,2,0,0
Uncapped,2028,China,EB-4,2061,ageout_pct,2,61.52314584370333,11.122237075905874,7.86460925833748,,,2,0,0
Uncapped,2028,China,EB-5,2061,ageout_pct,2,0.0,0.0,0.0,,,0,2,0
Uncapped,2028,ROW,EB-1,2061,ageout_pct,2,0.20347462656519033,0.005935465539858423,0.004197007932732963,,,2,0,0
Uncapped,2028,ROW,EB-2,2061,ageout_pct,2,56.31956654839052,0.03052939418520021,0.02158754165387222,,,2,0,0
Uncapped,2028,ROW,EB-3,2061,ageout_pct,2,20.981287650110417,0.18359809926139303,0.12982346100069186,,,2,0,0
Uncapped,2028,ROW,EB-4,2061,ageout_pct,2,43.12155402829007,0.1448865992228726,0.10245029681355076,,,2,0,0
Uncapped,2028,ROW,EB-5,2061,ageout_pct,2,1.4035499257174133,0.9012307868747146,0.6372664008131989,,,2,0,0
Uncapped,2029,India,EB-1,2061,ageout_pct,2,0.05472615076321467,0.04644209950493098,0.032839523492477096,,,2,0,0
Uncapped,2029,India,EB-2,2061,ageout_pct,2,65.98566126915551,0.29395723690242553,0.20785915559256551,,,2,0,0
Uncapped,2029,India,EB-3,2061,ageout_pct,2,12.391768118665713,0.3046725101559031,0.21543599797236632,,,2,0,0
Uncapped,2029,India,EB-4,2061,ageout_pct,2,53.32874002830975,2.3796257341879756,1.6826494933303342,,,2,0,0
Uncapped,2029,India,EB-5,2061,ageout_pct,2,1.4679774904535405,0.5388450215044536,0.3810209687144101,,,2,0,0
Uncapped,2029,China,EB-1,2061,ageout_pct,2,0.0,0.0,0.0,,,0,2,0
Uncapped,2029,China,EB-2,2061,ageout_pct,2,62.82056924882629,1.1899229431058826,0.8414025821596239,,,2,0,0
Uncapped,2029,China,EB-3,2061,ageout_pct,2,20.88325720689909,0.7334828754642321,0.5186507151249664,,,2,0,0
Uncapped,2029,China,EB-4,2061,ageout_pct,2,46.258234519104086,16.564372291827162,11.712779973649539,,,2,0,0
Uncapped,2029,China,EB-5,2061,ageout_pct,2,0.0,0.0,0.0,,,0,2,0
Uncapped,2029,ROW,EB-1,2061,ageout_pct,2,0.28629214098340056,0.005088258882146377,0.0035979423599983846,,,2,0,0
Uncapped,2029,ROW,EB-2,2061,ageout_pct,2,57.92155613953222,1.3760433481956755,0.9730095827158037,,,2,0,0
Uncapped,2029,ROW,EB-3,2061,ageout_pct,2,22.871480553069034,0.4971144013608321,0.3515129642277355,,,2,0,0
Uncapped,2029,ROW,EB-4,2061,ageout_pct,2,43.54776613669645,0.4102652056294747,0.2901013089854949,,,2,0,0
Uncapped,2029,ROW,EB-5,2061,ageout_pct,2,1.6673525192808367,0.6889757532940542,0.48717942722733554,,,2,0,0
Uncapped,2030,India,EB-1,2061,ageout_pct,2,0.12709182043249423,0.06006384751025293,0.04247155387865457,,,2,0,0
Uncapped,2030,India,EB-2,2061,ageout_pct,2,68.2087538671789,0.13069444551850393,0.09241492868954991,,,2,0,0
Uncapped,2030,India,EB-3,2061,ageout_pct,2,14.439088871331586,0.5535509114873298,0.3914196032446852,,,2,0,0
Uncapped,2030,India,EB-4,2061,ageout_pct,2,50.938218901932885,1.0125722150609202,0.7159966797106598,,,2,0,0
Uncapped,2030,India,EB-5,2061,ageout_pct,2,1.0883686570205828,0.2764950349300363,0.19551151416343998,,,2,0,0
Uncapped,2030,China,EB-1,2061,ageout_pct,2,0.0,0.0,0.0,,,0,2,0
Uncapped,2030,China,EB-2,2061,ageout_pct,2,64.88424572040216,1.3143028335517914,0.9293524461371659,,,2,0,0
Uncapped,2030,China,EB-3,2061,ageout_pct,2,22.970935193326433,0.5271808040853802,0.37277312148014907,,,2,0,0
Uncapped,2030,China,EB-4,2061,ageout_pct,2,50.68796068796068,2.884022743905822,2.0393120393120405,,,2,0,0
Uncapped,2030,China,EB-5,2061,ageout_pct,2,0.0,0.0,0.0,,,0,2,0
Uncapped,2030,ROW,EB-1,2061,ageout_pct,2,0.37282232225691614,0.016003895974337736,0.011316463368858302,,,2,0,0
Uncapped,2030,ROW,EB-2,2061,ageout_pct,2,58.49240646993456,0.6208839815756139,0.43903127370221995,,,2,0,0
Uncapped,2030,ROW,EB-3,2061,ageout_pct,2,24.469176963989,0.02848388935406206,0.02014115131682459,,,2,0,0
Uncapped,2030,ROW,EB-4,2061,ageout_pct,2,43.4095055815264,1.1005601695508749,0.7782135589932401,,,2,0,0
Uncapped,2030,ROW,EB-5,2061,ageout_pct,2,1.5050981140000737,0.37853658485830805,0.26766578608050656,,,2,0,0
Uncapped,2031,India,EB-1,2061,ageout_pct,2,0.2467432016242605,0.012666795603880626,0.00895677706740794,,,2,0,0
Uncapped,2031,India,EB-2,2061,ageout_pct,2,69.54418846525603,0.18782056133815475,0.13280919256847312,,,2,0,0
Uncapped,2031,India,EB-3,2061,ageout_pct,2,15.574466829887024,0.32475893286553614,0.22963924368012734,,,2,0,0
Uncapped,2031,India,EB-4,2061,ageout_pct,2,50.05271114293671,3.9227449829519863,2.773799578310857,,,2,0,0
Uncapped,2031,India,EB-5,2061,ageout_pct,2,1.5520971539905093,0.19186148782508738,0.1356665590896595,,,2,0,0
Uncapped,2031,China,EB-1,2061,ageout_pct,2,0.0,0.0,0.0,,,0,2,0
Uncapped,2031,China,EB-2,2061,ageout_pct,2,66.57330086215299,0.5604194311060082,0.3962763800437656,,,2,0,0
Uncapped,2031,China,EB-3,2061,ageout_pct,2,25.664356514981822,1.3971175639624702,0.9879113035926926,,,2,0,0
Uncapped,2031,China,EB-4,2061,ageout_pct,2,44.420803782505914,9.39465747108368,6.643026004728131,,,2,0,0
Uncapped,2031,China,EB-5,2061,ageout_pct,2,0.0,0.0,0.0,,,0,2,0
Uncapped,2031,ROW,EB-1,2061,ageout_pct,2,0.40074958148907025,0.10464012978055943,0.07399174535207396,,,2,0,0
Uncapped,2031,ROW,EB-2,2061,ageout_pct,2,59.38120735068836,0.11271982349767172,0.07970495156935441,,,2,0,0
Uncapped,2031,ROW,EB-3,2061,ageout_pct,2,26.201028998150694,0.16702768950344754,0.11810641189380887,,,2,0,0
Uncapped,2031,ROW,EB-4,2061,ageout_pct,2,43.855309744949935,1.4655534804435075,1.0363028042131504,,,2,0,0
Uncapped,2031,ROW,EB-5,2061,ageout_pct,2,1.590558547930104,0.23547775166192894,0.16650791501871176,,,2,0,0
Uncapped,2032,India,EB-1,2061,ageout_pct,2,0.26118442581743784,0.0966488503644752,0.06834105748660434,,,2,0,0
Uncapped,2032,India,EB-2,2061,ageout_pct,2,70.46326652482328,0.3031164835492209,0.21433572100707465,,,2,0,0
Uncapped,2032,India,EB-3,2061,ageout_pct,2,17.08594412064452,0.23452292096712735,0.1658327477595325,,,2,0,0
Uncapped,2032,India,EB-4,2061,ageout_pct,2,48.45081796193405,3.4285173897509362,2.4243278957088883,,,2,0,0
Uncapped,2032,India,EB-5,2061,ageout_pct,2,1.953366967294544,0.38897277793225365,0.2750452889728656,,,2,0,0
Uncapped,2032,China,EB-1,2061,ageout_pct,2,0.0,0.0,0.0,,,0,2,0
Uncapped,2032,China,EB-2,2061,ageout_pct,2,66.36350083364772,0.3545043002954885,0.2506723946987321,,,2,0,0
Uncapped,2032,China,EB-3,2061,ageout_pct,2,26.502632970055714,1.2686862320432408,0.8970966378757853,,,2,0,0
Uncapped,2032,China,EB-4,2061,ageout_pct,2,38.6078431372549,0.859620008501295,0.6078431372549034,,,2,0,0
Uncapped,2032,China,EB-5,2061,ageout_pct,2,0.0,0.0,0.0,,,0,2,0
Uncapped,2032,ROW,EB-1,2061,ageout_pct,2,0.46593174685330535,0.04731851063888004,0.033459239748399865,,,2,0,0
Uncapped,2032,ROW,EB-2,2061,ageout_pct,2,59.44338088510178,0.11243502115918094,0.0795035659045098,,,2,0,0
Uncapped,2032,ROW,EB-3,2061,ageout_pct,2,26.987260263908862,0.21780910809930104,0.15401429734120953,,,2,0,0
Uncapped,2032,ROW,EB-4,2061,ageout_pct,2,44.96509169786059,0.40143810485556614,0.28385960617004713,,,2,0,0
Uncapped,2032,ROW,EB-5,2061,ageout_pct,2,1.860122840810102,0.06708183306945593,0.047434019057836285,,,2,0,0
Uncapped,2033,India,EB-1,2061,ageout_pct,2,0.4778722040728164,0.03768518685023865,0.02664745117208586,,,2,0,0
Uncapped,2033,India,EB-2,2061,ageout_pct,2,70.09467387269609,0.48010668856784194,0.3394866951793389,,,2,0,0
Uncapped,2033,India,EB-3,2061,ageout_pct,2,19.770917485624786,0.16103681663648264,0.1138702250643515,,,2,0,0
Uncapped,2033,India,EB-4,2061,ageout_pct,2,48.70802901196997,1.675056919015909,1.1844441063095947,,,2,0,0
Uncapped,2033,India,EB-5,2061,ageout_pct,2,1.6502724784374045,0.903274868505726,0.6387117847957858,,,2,0,0
Uncapped,2033,China,EB-1,2061,ageout_pct,2,0.07848724014602947,0.03524980505962387,0.02492537619316391,,,2,0,0
Uncapped,2033,China,EB-2,2061,ageout_pct,2,67.55925700095817,0.1987238066210816,0.14051895124497094,,,2,0,0
Uncapped,2033,China,EB-3,2061,ageout_pct,2,28.667875802111045,0.6463942805283793,0.4570697790818165,,,2,0,0
Uncapped,2033,China,EB-4,2061,ageout_pct,2,48.285714285714285,0.4040610178208829,0.2857142857142847,,,2,0,0
Uncapped,2033,China,EB-5,2061,ageout_pct,2,0.0,0.0,0.0,,,0,2,0
Uncapped,2033,ROW,EB-1,2061,ageout_pct,2,0.6196330587483154,0.050475336764566205,0.03569145290889941,,,2,0,0
Uncapped,2033,ROW,EB-2,2061,ageout_pct,2,59.30816769976558,0.04571341510516499,0.03232426581205771,,,2,0,0
Uncapped,2033,ROW,EB-3,2061,ageout_pct,2,28.32980261070282,0.24159186910840086,0.17083124892608303,,,2,0,0
Uncapped,2033,ROW,EB-4,2061,ageout_pct,2,43.3400993915211,0.16749673761249503,0.11843807899241908,,,2,0,0
Uncapped,2033,ROW,EB-5,2061,ageout_pct,2,1.538030827125369,0.3041600425905816,0.21507362868178934,,,2,0,0
Uncapped,2034,India,EB-1,2061,ageout_pct,2,0.47233430817260824,0.01435346752862042,0.010149434223028414,,,2,0,0
Uncapped,2034,India,EB-2,2061,ageout_pct,2,70.66271554001429,0.3191451029307074,0.2256696664647819,,,2,0,0
Uncapped,2034,India,EB-3,2061,ageout_pct,2,20.68984967067852,0.32644755131403164,0.2308332772358952,,,2,0,0
Uncapped,2034,India,EB-4,2061,ageout_pct,2,52.60997291630264,0.24541164496448714,0.17353223833653428,,,2,0,0
Uncapped,2034,India,EB-5,2061,ageout_pct,2,2.1411529207190085,0.48167958950552586,0.3405989040985099,,,2,0,0
Uncapped,2034,China,EB-1,2061,ageout_pct,2,0.1057781802631248,0.07488540610256747,0.05295197846703392,,,2,0,0
Uncapped,2034,China,EB-2,2061,ageout_pct,2,66.84096086788067,1.4155724347615792,1.0009608678806643,,,2,0,0
Uncapped,2034,China,EB-3,2061,ageout_pct,2,30.437286618421155,0.07353578424019432,0.05199765169611225,,,2,0,0
Uncapped,2034,China,EB-4,2061,ageout_pct,2,32.46753246753247,5.509922970284787,3.8961038961038965,,,2,0,0
Uncapped,2034,China,EB-5,2061,ageout_pct,2,0.0,0.0,0.0,,,0,2,0
Uncapped,2034,ROW,EB-1,2061,ageout_pct,2,0.898943194150416,0.2735235134469734,0.1934103311723247,,,2,0,0
Uncapped,2034,ROW,EB-2,2061,ageout_pct,2,59.30769257939686,0.35507286132683274,0.251074428059514,,,2,0,0
Uncapped,2034,ROW,EB-3,2061,ageout_pct,2,29.945470683213784,0.21274250898946104,0.15043167075308794,,,2,0,0
Uncapped,2034,ROW,EB-4,2061,ageout_pct,2,44.527295733911785,0.006391059121350422,0.0045191612436710216,,,2,0,0
Uncapped,2034,ROW,EB-5,2061,ageout_pct,2,1.755952380952381,0.3022804962864571,0.2137445887445888,,,2,0,0
Uncapped,2035,India,EB-1,2061,ageout_pct,2,0.5161140772681221,0.13431179970440324,0.09497278436435286,,,2,0,0
Uncapped,2035,India,EB-2,2061,ageout_pct,2,69.9035597163865,0.4319873516007375,0.30546118570369885,,,2,0,0
Uncapped,2035,India,EB-3,2061,ageout_pct,2,21.95206625434534,0.12310167429495279,0.08704602866937881,,,2,0,0
Uncapped,2035,India,EB-4,2061,ageout_pct,2,51.27011913445174,0.4036680579202565,0.2854364211038174,,,2,0,0
Uncapped,2035,India,EB-5,2061,ageout_pct,2,2.443008763874688,0.6224626113853197,0.4401475335456462,,,2,0,0
Uncapped,2035,China,EB-1,2061,ageout_pct,2,0.28835630857752836,0.037390497626334986,0.026439074423520975,,,2,0,0
Uncapped,2035,China,EB-2,2061,ageout_pct,2,67.55700180584077,3.0446077663521742,2.15286279764085,,,2,0,0
Uncapped,2035,China,EB-3,2061,ageout_pct,2,31.278376641951358,1.560425301226684,1.1033873120324493,,,2,0,0
Uncapped,2035,China,EB-4,2061,ageout_pct,2,42.74847870182556,1.936296459638618,1.369168356997971,,,2,0,0
Uncapped,2035,China,EB-5,2061,ageout_pct,2,0.0,0.0,0.0,,,0,2,0
Uncapped,2035,ROW,EB-1,2061,ageout_pct,2,1.0048970097751804,0.08089966551711102,0.0572047020828727,,,2,0,0
Uncapped,2035,ROW,EB-2,2061,ageout_pct,2,59.54786759530698,0.40115413150719814,0.28365880668973986,,,2,0,0
Uncapped,2035,ROW,EB-3,2061,ageout_pct,2,30.17890991187717,0.7838877656848323,0.5542923548049163,,,2,0,0
Uncapped,2035,ROW,EB-4,2061,ageout_pct,2,43.499546950718,0.7758530038088467,0.5486109201971877,,,2,0,0
Uncapped,2035,ROW,EB-5,2061,ageout_pct,2,2.1219044811320753,0.8661641143367055,0.6124705188679245,,,2,0,0
Uncapped,2036,India,EB-1,2061,ageout_pct,2,0.6678135398520819,0.097234137072678,0.06875491768691289,,,2,0,0
Uncapped,2036,India,EB-2,2061,ageout_pct,2,70.33940101506144,0.6615909167330709,0.4678154235933789,,,2,0,0
Uncapped,2036,India,EB-3,2061,ageout_pct,2,24.050190121535408,0.1997883759879103,0.14127171546329897,,,2,0,0
Uncapped,2036,India,EB-4,2061,ageout_pct,2,49.28616172802219,0.186432507047964,0.13182768996722413,,,2,0,0
Uncapped,2036,India,EB-5,2061,ageout_pct,2,2.885708738941121,0.11962590801336617,0.08458829076184937,,,2,0,0
Uncapped,2036,China,EB-1,2061,ageout_pct,2,0.6271692290135233,0.20594951414554566,0.14562829803439012,,,2,0,0
Uncapped,2036,China,EB-2,2061,ageout_pct,2,67.8807912584218,1.2120840049220212,0.8570728192481097,,,2,0,0
Uncapped,2036,China,EB-3,2061,ageout_pct,2,31.617049658248327,1.2036006809184103,0.8510742033181539,,,2,0,0
Uncapped,2036,China,EB-4,2061,ageout_pct,2,43.00356506238859,2.962033753633492,2.0944741532976856,,,2,0,0
Uncapped,2036,China,EB-5,2061,ageout_pct,2,0.0,0.0,0.0,,,0,2,0
Uncapped,2036,ROW,EB-1,2061,ageout_pct,2,1.3338868612780672,0.08273574719100941,0.0585030078852986,,,2,0,0
Uncapped,2036,ROW,EB-2,2061,ageout_pct,2,59.12559201929129,0.36086504387143353,0.2551701196146716,,,2,0,0
Uncapped,2036,ROW,EB-3,2061,ageout_pct,2,31.28561969941979,0.28392240020021137,0.20076345451233021,,,2,0,0
Uncapped,2036,ROW,EB-4,2061,ageout_pct,2,43.82922220570579,1.4531897916047833,1.027560355994808,,,2,0,0
Uncapped,2036,ROW,EB-5,2061,ageout_pct,2,2.1635633598423993,0.5136933165746931,0.3632360276001734,,,2,0,0
Uncapped,2037,India,EB-1,2061,ageout_pct,2,0.7707179961662101,0.0028001537390963654,0.0019800076972799063,,,2,0,0
Uncapped,2037,India,EB-2,2061,ageout_pct,2,70.6783887760034,0.33120960656455656,0.23420055879592638,,,2,0,0
Uncapped,2037,India,EB-3,2061,ageout_pct,2,24.91789293205244,0.4614588560539475,0.3263006863543332,,,2,0,0
Uncapped,2037,India,EB-4,2061,ageout_pct,2,47.25893412873552,2.6229785701069974,1.8547259338296518,,,2,0,0
Uncapped,2037,India,EB-5,2061,ageout_pct,2,1.8984453706813107,0.7013379587021028,0.4959208265017877,,,2,0,0
Uncapped,2037,China,EB-1,2061,ageout_pct,2,0.44138142762465404,0.07666916436688963,0.054213286031733664,,,2,0,0
Uncapped,2037,China,EB-2,2061,ageout_pct,2,66.00468975468975,0.20662211138567818,0.14610389610389518,,,2,0,0
Uncapped,2037,China,EB-3,2061,ageout_pct,2,32.961931135230344,0.15160568156442647,0.1072014055006143,,,2,0,0
Uncapped,2037,China,EB-4,2061,ageout_pct,2,36.60287081339713,0.33832860343853904,0.23923444976076522,,,2,0,0
Uncapped,2037,China,EB-5,2061,ageout_pct,2,0.0,0.0,0.0,,,0,2,0
Uncapped,2037,ROW,EB-1,2061,ageout_pct,2,1.667328876966816,0.039013028872642505,0.027586377270472084,,,2,0,0
Uncapped,2037,ROW,EB-2,2061,ageout_pct,2,59.345638043391546,0.8018761865663488,0.5670120891930743,,,2,0,0
Uncapped,2037,ROW,EB-3,2061,ageout_pct,2,33.09490737611225,0.10113583046971794,0.0715138315460706,,,2,0,0
Uncapped,2037,ROW,EB-4,2061,ageout_pct,2,44.004882752867104,0.44061295953312435,0.31156041156454606,,,2,0,0
Uncapped,2037,ROW,EB-5,2061,ageout_pct,2,2.629490803016792,0.4750524677499816,0.33591282136541567,,,2,0,0
Uncapped,2038,India,EB-1,2061,ageout_pct,2,0.872116823090721,0.13446696680720988,0.09508250407496449,,,2,0,0
Uncapped,2038,India,EB-2,2061,ageout_pct,2,70.9260024547996,0.4070747061602529,0.28784528517543606,,,2,0,0
Uncapped,2038,India,EB-3,2061,ageout_pct,2,26.737999958851123,0.010874872828098212,0.007689696321289573,,,2,0,0
Uncapped,2038,India,EB-4,2061,ageout_pct,2,51.30603902953587,0.9519462336385336,0.6731276371308006,,,2,0,0
Uncapped,2038,India,EB-5,2061,ageout_pct,2,2.093976520939765,1.2393043484786153,0.876320508763205,,,2,0,0
Uncapped,2038,China,EB-1,2061,ageout_pct,2,0.8481169026983872,0.10932575229671594,0.07730498080732862,,,2,0,0
Uncapped,2038,China,EB-2,2061,ageout_pct,2,68.48114104879045,1.1656695169379538,0.8242528200492742,,,2,0,0
Uncapped,2038,China,EB-3,2061,ageout_pct,2,32.499185799280326,1.4644993241316329,1.0355574031365933,,,2,0,0
Uncapped,2038,China,EB-4,2061,ageout_pct,2,48.17042606516291,23.676557886346554,16.741854636591476,,,2,0,0
Uncapped,2038,China,EB-5,2061,ageout_pct,2,0.0,0.0,0.0,,,0,2,0
Uncapped,2038,ROW,EB-1,2061,ageout_pct,2,2.198540596647212,0.06602721570021369,0.046688291964487975,,,2,0,0
Uncapped,2038,ROW,EB-2,2061,ageout_pct,2,59.08396557532342,0.8151693612666421,0.5764117831671491,,,2,0,0
Uncapped,2038,ROW,EB-3,2061,ageout_pct,2,33.534702402617256,0.860967387339085,0.6087958779679318,,,2,0,0
Uncapped,2038,ROW,EB-4,2061,ageout_pct,2,44.58706633479455,0.925233099945782,0.654238599149913,,,2,0,0
Uncapped,2038,ROW,EB-5,2061,ageout_pct,2,3.451893172730414,0.36826660124984323,0.2604038110282864,,,2,0,0
Uncapped,2039,India,EB-1,2061,ageout_pct,2,0.9641711636009698,0.1193677814331041,0.08440576770654157,,,2,0,0
Uncapped,2039,India,EB-2,2061,ageout_pct,2,70.61701208565717,0.42016332621707164,0.2971003371739868,,,2,0,0
Uncapped,2039,India,EB-3,2061,ageout_pct,2,27.931500156208607,1.4520970621161498,1.0267876795633928,,,2,0,0
Uncapped,2039,India,EB-4,2061,ageout_pct,2,51.15147590386943,1.021474229537415,0.7222913545132101,,,2,0,0
Uncapped,2039,India,EB-5,2061,ageout_pct,2,2.097331240188383,0.07992415737116382,0.05651491365777072,,,2,0,0
Uncapped,2039,China,EB-1,2061,ageout_pct,2,1.02902542831232,0.3913718793885522,0.27674170988136887,,,2,0,0
Uncapped,2039,China,EB-2,2061,ageout_pct,2,66.54975796586564,1.0677161841507434,0.7549893541956152,,,2,0,0
Uncapped,2039,China,EB-3,2061,ageout_pct,2,33.270748100526006,0.251062168071788,0.177527761542958,,,2,0,0
Uncapped,2039,China,EB-4,2061,ageout_pct,2,39.14052143172779,10.795642638088916,7.633672116659302,,,2,0,0
Uncapped,2039,China,EB-5,2061,ageout_pct,2,0.0,0.0,0.0,,,0,2,0
Uncapped,2039,ROW,EB-1,2061,ageout_pct,2,2.4123590691360723,0.15336251159833897,0.10844367193098602,,,2,0,0
Uncapped,2039,ROW,EB-2,2061,ageout_pct,2,58.70629608486578,0.16891192581012535,0.11943876816361865,,,2,0,0
Uncapped,2039,ROW,EB-3,2061,ageout_pct,2,33.76983679790632,0.6145459043769995,0.4345495763353959,,,2,0,0
Uncapped,2039,ROW,EB-4,2061,ageout_pct,2,44.21892505312922,0.8907975626379555,0.6298889972057466,,,2,0,0
Uncapped,2039,ROW,EB-5,2061,ageout_pct,2,2.0193728395869455,0.24350721355346536,0.17218560197149613,,,2,0,0
Uncapped,2040,India,EB-1,2061,ageout_pct,2,0.8676971163984923,0.017849461251923056,0.012621475091761314,,,2,0,0
Uncapped,2040,India,EB-2,2061,ageout_pct,2,70.48793243301611,0.5443257840441676,0.3848964530723151,,,2,0,0
Uncapped,2040,India,EB-3,2061,ageout_pct,2,29.602807077376813,0.8791355285435566,0.6216426938151685,,,2,0,0
Uncapped,2040,India,EB-4,2061,ageout_pct,2,48.96810810936084,1.5328958168618327,1.083921026955494,,,2,0,0
Uncapped,2040,India,EB-5,2061,ageout_pct,2,1.7663420866763486,0.7252938398714478,0.5128601925259306,,,2,0,0
Uncapped,2040,China,EB-1,2061,ageout_pct,2,1.088006664830255,0.43668918729830786,0.30878588560947584,,,2,0,0
Uncapped,2040,China,EB-2,2061,ageout_pct,2,66.17632065629742,0.8901705839126458,0.6294456562974204,,,2,0,0
Uncapped,2040,China,EB-3,2061,ageout_pct,2,34.688309848126096,1.199494703113903,0.8481708385691853,,,2,0,0
Uncapped,2040,China,EB-4,2061,ageout_pct,2,48.728813559322035,1.7977291047115604,1.2711864406779652,,,2,0,0
Uncapped,2040,China,EB-5,2061,ageout_pct,2,0.0,0.0,0.0,,,0,2,0
Uncapped,2040,ROW,EB-1,2061,ageout_pct,2,2.966903979232787,0.2318835105191023,0.16396640273339935,,,2,0,0
Uncapped,2040,ROW,EB-2,2061,ageout_pct,2,59.53498482837216,0.6401659453537399,0.4526656810443263,,,2,0,0
Uncapped,2040,ROW,EB-3,2061,ageout_pct,2,35.34026713737067,0.6125998807012436,0.43317352979791934,,,2,0,0
Uncapped,2040,ROW,EB-4,2061,ageout_pct,2,43.41278724548407,0.19052161383031418,0.13471912510201986,,,2,0,0
Uncapped,2040,ROW,EB-5,2061,ageout_pct,2,2.658440892368138,1.396955208522353,0.9877965009600234,,,2,0,0
Capped,2009,India,EB-1,2061,ageout_pct,2,0.0,0.0,0.0,,,0,2,0
Capped,2009,India,EB-2,2061,ageout_pct,2,0.0,0.0,0.0,,,0,2,0
Capped,2009,India,EB-3,2061,ageout_pct,2,32.021014399655854,0.20233566707815295,0.14307292226686563,,,2,0,0
Capped,2009,India,EB-4,2061,ageout_pct,2,0.0,0.0,0.0,,,0,2,0
Capped,2009,India,EB-5,2061,ageout_pct,2,0.0,0.0,0.0,,,0,2,0
Capped,2009,China,EB-1,2061,ageout_pct,2,0.0,0.0,0.0,,,0,2,0
Capped,2009,China,EB-2,2061,ageout_pct,2,0.0,0.0,0.0,,,0,2,0
Capped,2009,China,EB-3,2061,ageout_pct,2,9.464755200975677,0.36841477487870405,0.26050858560604695,,,2,0,0
Capped,2009,China,EB-4,2061,ageout_pct,2,0.0,0.0,0.0,,,0,2,0
Capped,2009,China,EB-5,2061,ageout_pct,2,0.0,0.0,0.0,,,0,2,0
Capped,2009,ROW,EB-1,2061,ageout_pct,2,0.0,0.0,0.0,,,0,2,0
Capped,2009,ROW,EB-2,2061,ageout_pct,2,0.0,0.0,0.0,,,0,2,0
Capped,2009,ROW,EB-3,2061,ageout_pct,2,0.22968252178951776,0.030076324711901366,0.02126717315695399,,,2,0,0
Capped,2009,ROW,EB-4,2061,ageout_pct,2,0.0,0.0,0.0,,,0,2,0
Capped,2009,ROW,EB-5,2061,ageout_pct,2,0.0,0.0,0.0,,,0,2,0
Capped,2010,India,EB-1,2061,ageout_pct,2,0.0,0.0,0.0,,,0,2,0
Capped,2010,India,EB-2,2061,ageout_pct,2,0.14543942355943984,0.03270167600877139,0.02312357686196768,,,2,0,0
Capped,2010,India,EB-3,2061,ageout_pct,2,66.19357573685456,1.1942073662826416,0.844432126841383,,,2,0,0
Capped,2010,India,EB-4,2061,ageout_pct,2,0.0,0.0,0.0,,,0,2,0
Capped,2010,India,EB-5,2061,ageout_pct,2,0.0,0.0,0.0,,,0,2,0
Capped,2010,China,EB-1,2061,ageout_pct,2,0.0,0.0,0.0,,,0,2,0
Capped,2010,China,EB-2,2061,ageout_pct,2,0.06501950585175553,0.0919514669943495,0.06501950585175553,,,1,1,0
Capped,2010,China,EB-3,2061,ageout_pct,2,20.131802721088434,3.938392361200585,2.7848639455782322,,,2,0,0
Capped,2010,China,EB-5,2061,ageout_pct,2,0.0,0.0,0.0,,,0,2,0
Capped,2010,ROW,EB-1,2061,ageout_pct,2,0.0,0.0,0.0,,,0,2,0
Capped,2010,ROW,EB-2,2061,ageout_pct,2,0.0,0.0,0.0,,,0,2,0
Capped,2010,ROW,EB-3,2061,ageout_pct,2,0.9315398492792474,0.13085108696039371,0.09252569091532502,,,2,0,0
Capped,2010,ROW,EB-4,2061,ageout_pct,2,0.0,0.0,0.0,,,0,2,0
Capped,2010,ROW,EB-5,2061,ageout_pct,2,0.0,0.0,0.0,,,0,2,0
Capped,2011,India,EB-1,2061,ageout_pct,2,0.0,0.0,0.0,,,0,2,0
Capped,2011,India,EB-2,2061,ageout_pct,2,4.882786015083113,0.12528239450590628,0.08858803071841459,,,2,0,0
Capped,2011,India,EB-3,2061,ageout_pct,2,65.11728248697378,0.4446828693075508,0.31443827236486044,,,2,0,0
Capped,2011,India,EB-4,2061,ageout_pct,2,0.2347417840375587,0.3319750146415716,0.23474178403755866,,,1,1,0
Capped,2011,India,EB-5,2061,ageout_pct,2,0.0,0.0,0.0,,,0,2,0
Capped,2011,China,EB-1,2061,ageout_pct,2,0.0,0.0,0.0,,,0,2,0
Capped,2011,China,EB-2,2061,ageout_pct,2,0.5187367999265388,0.19314083595949477,0.13657119483099733,,,2,0,0
Capped,2011,China,EB-3,2061,ageout_pct,2,14.56140350877193,1.7367534976511685,1.2280701754385959,,,2,0,0
Capped,2011,China,EB-4,2061,ageout_pct,2,0.0,0.0,0.0,,,0,2,0
Capped,2011,China,EB-5,2061,ageout_pct,2,0.0,0.0,0.0,,,0,2,0
Capped,2011,ROW,EB-1,2061,ageout_pct,2,0.0,0.0,0.0,,,0,2,0
Capped,2011,ROW,EB-2,2061,ageout_pct,2,0.0,0.0,0.0,,,0,2,0
Capped,2011,ROW,EB-3,2061,ageout_pct,2,0.4226970588526653,0.17890088057598963,0.12650202581552697,,,2,0,0
Capped,2011,ROW,EB-4,2061,ageout_pct,2,0.024618414574101428,0.034815695774817704,0.024618414574101428,,,1,1,0
Capped,2011,ROW,EB-5,2061,ageout_pct,2,0.0,0.0,0.0,,,0,2,0
Capped,2012,India,EB-1,2061,ageout_pct,2,0.0,0.0,0.0,,,0,2,0
Capped,2012,India,EB-2,2061,ageout_pct,2,6.229325962177581,0.28524034085401034,0.20169537928583292,,,2,0,0
Capped,2012,India,EB-3,2061,ageout_pct,2,65.21085904717617,0.7227565908165567,0.511066086513658,,,2,0,0
Capped,2012,India,EB-4,2061,ageout_pct,2,0.5375180375180375,0.3112086122105296,0.22005772005772006,,,2,0,0
Capped,2012,India,EB-5,2061,ageout_pct,2,0.0,0.0,0.0,,,0,2,0
Capped,2012,China,EB-1,2061,ageout_pct,2,0.0,0.0,0.0,,,0,2,0
Capped,2012,China,EB-2,2061,ageout_pct,2,1.0212103258009315,0.5150284399755717,0.36418010241065546,,,2,0,0
Capped,2012,China,EB-3,2061,ageout_pct,2,11.45320197044335,4.005777331844974,2.832512315270936,,,2,0,0
Capped,2012,China,EB-4,2061,ageout_pct,2,0.0,0.0,0.0,,,0,2,0
Capped,2012,China,EB-5,2061,ageout_pct,2,0.0,0.0,0.0,,,0,2,0
Capped,2012,ROW,EB-1,2061,ageout_pct,2,0.0,0.0,0.0,,,0,2,0
Capped,2012,ROW,EB-2,2061,ageout_pct,2,0.0,0.0,0.0,,,0,2,0
Capped,2012,ROW,EB-3,2061,ageout_pct,2,0.1025444342726287,0.08854155228316185,0.06260833203620698,,,2,0,0
Capped,2012,ROW,EB-4,2061,ageout_pct,2,0.47649670084690604,0.08135361613146291,0.057525693640604725,,,2,0,0
Capped,2012,ROW,EB-5,2061,ageout_pct,2,0.0,0.0,0.0,,,0,2,0
Capped,2013,India,EB-1,2061,ageout_pct,2,0.0,0.0,0.0,,,0,2,0
Capped,2013,India,EB-2,2061,ageout_pct,2,12.488736206945683,0.21219219511473217,0.15004254008048612,,,2,0,0
Capped,2013,India,EB-3,2061,ageout_pct,2,64.66483561534773,0.19043114624976598,0.1346551548623367,,,2,0,0
Capped,2013,India,EB-4,2061,ageout_pct,2,2.0287433155080214,0.458485011865609,0.3241978609625668,,,2,0,0
Capped,2013,India,EB-5,2061,ageout_pct,2,0.0,0.0,0.0,,,0,2,0
Capped,2013,China,EB-1,2061,ageout_pct,2,0.0,0.0,0.0,,,0,2,0
Capped,2013,China,EB-2,2061,ageout_pct,2,1.74802958857767,0.401496284285468,0.2839007452394563,,,2,0,0
Capped,2013,China,EB-3,2061,ageout_pct,2,16.012909632571997,4.0376007863184205,2.8550148957298913,,,2,0,0
Capped,2013,China,EB-4,2061,ageout_pct,2,0.0,0.0,0.0,,,0,2,0
Capped,2013,China,EB-5,2061,ageout_pct,2,0.0,0.0,0.0,,,0,2,0
Capped,2013,ROW,EB-1,2061,ageout_pct,2,0.0,0.0,0.0,,,0,2,0
Capped,2013,ROW,EB-2,2061,ageout_pct,2,0.0,0.0,0.0,,,0,2,0
Capped,2013,ROW,EB-3,2061,ageout_pct,2,0.0,0.0,0.0,,,0,2,0
Capped,2013,ROW,EB-4,2061,ageout_pct,2,3.043452442271783,0.05264172237247637,0.03722331886291763,,,2,0,0
Capped,2013,ROW,EB-5,2061,ageout_pct,2,0.0,0.0,0.0,,,0,2,0
Capped,2014,India,EB-1,2061,ageout_pct,2,0.0,0.0,0.0,,,0,2,0
Capped,2014,India,EB-2,2061,ageout_pct,2,57.2919973303033,0.12440427095810562,0.08796710360304516,,,2,0,0
Capped,2014,India,EB-3,2061,ageout_pct,2,65.5765139180214,1.1462352109247973,0.8105106904797167,,,2,0,0
Capped,2014,India,EB-4,2061,ageout_pct,2,4.774244406427158,0.5491101266132828,0.38827949414645596,,,2,0,0
Capped,2014,India,EB-5,2061,ageout_pct,2,0.0,0.0,0.0,,,0,2,0
Capped,2014,China,EB-1,2061,ageout_pct,2,0.0,0.0,0.0,,,0,2,0
Capped,2014,China,EB-2,2061,ageout_pct,2,2.4828287893276118,0.5093817362198727,0.3601872798936492,,,2,0,0
Capped,2014,China,EB-3,2061,ageout_pct,2,11.483396774516677,0.7258416047489886,0.5132475207853355,,,2,0,0
Capped,2014,China,EB-4,2061,ageout_pct,2,0.0,0.0,0.0,,,0,2,0
Capped,2014,China,EB-5,2061,ageout_pct,2,0.0,0.0,0.0,,,0,2,0
Capped,2014,ROW,EB-1,2061,ageout_pct,2,0.0,0.0,0.0,,,0,2,0
Capped,2014,ROW,EB-2,2061,ageout_pct,2,0.0,0.0,0.0,,,0,2,0
Capped,2014,ROW,EB-3,2061,ageout_pct,2,0.0,0.0,0.0,,,0,2,0
Capped,2014,ROW,EB-4,2061,ageout_pct,2,6.870803484876891,0.2957613478758551,0.20913485469589063,,,2,0,0
Capped,2014,ROW,EB-5,2061,ageout_pct,2,0.0,0.0,0.0,,,0,2,0
Capped,2015,India,EB-1,2061,ageout_pct,2,0.0,0.0,0.0,,,0,2,0
Capped,2015,India,EB-2,2061,ageout_pct,2,70.28836940605282,0.5042417467913429,0.3565527585135086,,,2,0,0
Capped,2015,India,EB-3,2061,ageout_pct,2,65.50364620129693,0.704971021947505,0.49848979015909123,,,2,0,0
Capped,2015,India,EB-4,2061,ageout_pct,2,8.294277104420047,0.35866106334562925,0.2536116700392723,,,2,0,0
Capped,2015,India,EB-5,2061,ageout_pct,2,0.0,0.0,0.0,,,0,2,0
Capped,2015,China,EB-1,2061,ageout_pct,2,0.0,0.0,0.0,,,0,2,0
Capped,2015,China,EB-2,2061,ageout_pct,2,2.7914171732426682,0.030945905308934898,0.021882059493904645,,,2,0,0
Capped,2015,China,EB-3,2061,ageout_pct,2,10.014492753623188,1.8651222344340825,1.3188405797101452,,,2,0,0
Capped,2015,China,EB-4,2061,ageout_pct,2,0.0,0.0,0.0,,,0,2,0
Capped,2015,China,EB-5,2061,ageout_pct,2,0.0,0.0,0.0,,,0,2,0
Capped,2015,ROW,EB-1,2061,ageout_pct,2,0.0,0.0,0.0,,,0,2,0
Capped,2015,ROW,EB-2,2061,ageout_pct,2,0.0,0.0,0.0,,,0,2,0
Capped,2015,ROW,EB-3,2061,ageout_pct,2,0.0,0.0,0.0,,,0,2,0
Capped,2015,ROW,EB-4,2061,ageout_pct,2,9.631475930448271,0.1821479380219504,0.12879804215446808,,,2,0,0
Capped,2015,ROW,EB-5,2061,ageout_pct,2,0.0,0.0,0.0,,,0,2,0
Capped,2016,India,EB-1,2061,ageout_pct,2,0.0,0.0,0.0,,,0,2,0
Capped,2016,India,EB-2,2061,ageout_pct,2,70.67361793224667,0.057149106636958144,0.040410520841746234,,,2,0,0
Capped,2016,India,EB-3,2061,ageout_pct,2,65.37253129916668,1.1279620280194511,0.7975895989334844,,,2,0,0
Capped,2016,India,EB-4,2061,ageout_pct,2,9.616230362717461,0.613798234031423,0.4340208935639467,,,2,0,0
Capped,2016,India,EB-5,2061,ageout_pct,2,0.0,0.0,0.0,,,0,2,0
Capped,2016,China,EB-1,2061,ageout_pct,2,0.0,0.0,0.0,,,0,2,0
Capped,2016,China,EB-2,2061,ageout_pct,2,4.068002563603139,0.03991802342793871,0.028226305057458934,,,2,0,0
Capped,2016,China,EB-3,2061,ageout_pct,2,10.6482076320185,1.385504100359096,0.9796993447256837,,,2,0,0
Capped,2016,China,EB-4,2061,ageout_pct,2,0.0,0.0,0.0,,,0,2,0
Capped,2016,China,EB-5,2061,ageout_pct,2,0.0,0.0,0.0,,,0,2,0
Capped,2016,ROW,EB-1,2061,ageout_pct,2,0.0,0.0,0.0,,,0,2,0
Capped,2016,ROW,EB-2,2061,ageout_pct,2,0.0,0.0,0.0,,,0,2,0
Capped,2016,ROW,EB-3,2061,ageout_pct,2,0.0,0.0,0.0,,,0,2,0
Capped,2016,ROW,EB-4,2061,ageout_pct,2,14.11237278927524,0.034834783828735255,0.024631911866466183,,,2,0,0
Capped,2016,ROW,EB-5,2061,ageout_pct,2,0.0,0.0,0.0,,,0,2,0
Capped,2017,India,EB-1,2061,ageout_pct,2,0.011266336187471835,0.015933005434577457,0.011266336187471833,,,1,1,0
Capped,2017,India,EB-2,2061,ageout_pct,2,69.95174763269956,0.041142729588189826,0.029092303088333434,,,2,0,0
Capped,2017,India,EB-3,2061,ageout_pct,2,64.82882798857034,0.24027772524616764,0.16990200888964324,,,2,0,0
Capped,2017,India,EB-4,2061,ageout_pct,2,11.548101999420457,0.8411107901393153,0.5947551434366849,,,2,0,0
Capped,2017,India,EB-5,2061,ageout_pct,2,0.0,0.0,0.0,,,0,2,0
Capped,2017,China,EB-1,2061,ageout_pct,2,0.0,0.0,0.0,,,0,2,0
Capped,2017,China,EB-2,2061,ageout_pct,2,10.461450374425059,1.2046847625842771,0.8518407648154483,,,2,0,0
Capped,2017,China,EB-3,2061,ageout_pct,2,12.557763474948388,0.30235428048205015,0.21379676204963705,,,2,0,0
Capped,2017,China,EB-4,2061,ageout_pct,2,0.0,0.0,0.0,,,0,2,0
Capped,2017,China,EB-5,2061,ageout_pct,2,1.018150626875284,0.039348496414311575,0.02782358864405426,,,2,0,0
Capped,2017,ROW,EB-1,2061,ageout_pct,2,0.0,0.0,0.0,,,0,2,0
Capped,2017,ROW,EB-2,2061,ageout_pct,2,0.0,0.0,0.0,,,0,2,0
Capped,2017,ROW,EB-3,2061,ageout_pct,2,0.0,0.0,0.0,,,0,2,0
Capped,2017,ROW,EB-4,2061,ageout_pct,2,18.306756247098544,0.29232778872440934,0.2067069617362982,,,2,0,0
Capped,2017,ROW,EB-5,2061,ageout_pct,2,0.0,0.0,0.0,,,0,2,0
Capped,2018,India,EB-1,2061,ageout_pct,2,0.012437810945273632,0.017589720925038497,0.012437810945273632,,,1,1,0
Capped,2018,India,EB-2,2061,ageout_pct,2,69.93974583970572,0.05729708001990956,0.04051515382426629,,,2,0,0
Capped,2018,India,EB-3,2061,ageout_pct,2,65.43313151587097,1.2439198667139815,0.8795841730061226,,,2,0,0
Capped,2018,India,EB-4,2061,ageout_pct,2,13.307969235804286,0.8620431222123685,0.6095565373915894,,,2,0,0
Capped,2018,India,EB-5,2061,ageout_pct,2,0.7826851414475411,0.023195388560415264,0.016401616543326503,,,2,0,0
Capped,2018,China,EB-1,2061,ageout_pct,2,0.0,0.0,0.0,,,0,2,0
Capped,2018,China,EB-2,2061,ageout_pct,2,14.803957946815089,1.5410292497844118,1.0896722325293755,,,2,0,0
Capped,2018,China,EB-3,2061,ageout_pct,2,15.036229005450242,1.302798710987562,0.9212178030603981,,,2,0,0
Capped,2018,China,EB-4,2061,ageout_pct,2,0.0,0.0,0.0,,,0,2,0
Capped,2018,China,EB-5,2061,ageout_pct,2,7.5490956276802805,0.2025324440915376,0.14321206462741154,,,2,0,0
Capped,2018,ROW,EB-1,2061,ageout_pct,2,0.0,0.0,0.0,,,0,2,0
Capped,2018,ROW,EB-2,2061,ageout_pct,2,0.0,0.0,0.0,,,0,2,0
Capped,2018,ROW,EB-3,2061,ageout_pct,2,0.0,0.0,0.0,,,0,2,0
Capped,2018,ROW,EB-4,2061,ageout_pct,2,19.9320213880044,0.3543780596110544,0.25058312905470714,,,2,0,0
Capped,2018,ROW,EB-5,2061,ageout_pct,2,0.0,0.0,0.0,,,0,2,0
Capped,2019,India,EB-1,2061,ageout_pct,2,0.0,0.0,0.0,,,0,2,0
Capped,2019,India,EB-2,2061,ageout_pct,2,70.46078955558377,0.26453349384252184,0.187053427347017,,,2,0,0
Capped,2019,India,EB-3,2061,ageout_pct,2,65.61585837566192,0.35395411737046,0.25028335662155143,,,2,0,0
Capped,2019,India,EB-4,2061,ageout_pct,2,13.81043929635682,1.8882463117718244,1.3351917716043449,,,2,0,0
Capped,2019,India,EB-5,2061,ageout_pct,2,1.3529364871482423,0.12884452048178172,0.09110683415139686,,,2,0,0
Capped,2019,China,EB-1,2061,ageout_pct,2,0.0,0.0,0.0,,,0,2,0
Capped,2019,China,EB-2,2061,ageout_pct,2,24.093700296995557,0.5575937640083534,0.3942783316776381,,,2,0,0
Capped,2019,China,EB-3,2061,ageout_pct,2,14.867678414649442,2.029173855957381,1.4348425937539186,,,2,0,0
Capped,2019,China,EB-4,2061,ageout_pct,2,0.0,0.0,0.0,,,0,2,0
Capped,2019,China,EB-5,2061,ageout_pct,2,12.469740066245553,1.0891358188790619,0.770135323162548,,,2,0,0
Capped,2019,ROW,EB-1,2061,ageout_pct,2,0.0,0.0,0.0,,,0,2,0
Capped,2019,ROW,EB-2,2061,ageout_pct,2,0.027583670467083488,0.03900920087457967,0.027583670467083484,,,1,1,0
Capped,2019,ROW,EB-3,2061,ageout_pct,2,0.0,0.0,0.0,,,0,2,0
Capped,2019,ROW,EB-4,2061,ageout_pct,2,22.561771674289325,0.6606216659821365,0.467130059814723,,,2,0,0
Capped,2019,ROW,EB-5,2061,ageout_pct,2,0.0,0.0,0.0,,,0,2,0
Capped,2020,India,EB-1,2061,ageout_pct,2,0.0,0.0,0.0,,,0,2,0
Capped,2020,India,EB-2,2061,ageout_pct,2,70.262218597809,0.0956743836079666,0.06765200543503624,,,2,0,0
Capped,2020,India,EB-3,2061,ageout_pct,2,65.90610460358654,0.18615469257582198,0.13163124547006078,,,2,0,0
Capped,2020,India,EB-4,2061,ageout_pct,2,17.710082204728327,0.03253734147160437,0.02300737479635373,,,2,0,0
Capped,2020,India,EB-5,2061,ageout_pct,2,2.672352523098792,0.26133299660057213,0.1847903340440655,,,2,0,0
Capped,2020,China,EB-1,2061,ageout_pct,2,0.0,0.0,0.0,,,0,2,0
Capped,2020,China,EB-2,2061,ageout_pct,2,34.899728858122955,0.4779067522827473,0.33793110531397014,,,2,0,0
Capped,2020,China,EB-3,2061,ageout_pct,2,17.644022394550465,1.447481210510398,1.023523779592015,,,2,0,0
Capped,2020,China,EB-4,2061,ageout_pct,2,0.0,0.0,0.0,,,0,2,0
Capped,2020,China,EB-5,2061,ageout_pct,2,9.53938610915355,0.1580760989967575,0.11177668154412322,,,2,0,0
Capped,2020,ROW,EB-1,2061,ageout_pct,2,0.0,0.0,0.0,,,0,2,0
Capped,2020,ROW,EB-2,2061,ageout_pct,2,0.05597659245891245,0.0356039169380197,0.02517577110367631,,,2,0,0
Capped,2020,ROW,EB-3,2061,ageout_pct,2,0.0,0.0,0.0,,,0,2,0
Capped,2020,ROW,EB-4,2061,ageout_pct,2,27.30455607834644,0.4917513029419546,0.34772068096757636,,,2,0,0
Capped,2020,ROW,EB-5,2061,ageout_pct,2,0.0,0.0,0.0,,,0,2,0
Capped,2021,India,EB-1,2061,ageout_pct,2,0.0,0.0,0.0,,,0,2,0
Capped,2021,India,EB-2,2061,ageout_pct,2,70.4226021158675,0.17655774738567184,0.12484518044742998,,,2,0,0
Capped,2021,India,EB-3,2061,ageout_pct,2,65.45279233790109,0.3933558347834262,0.2781445781946559,,,2,0,0
Capped,2021,India,EB-4,2061,ageout_pct,2,15.96648572102903,0.2503328231720143,0.1770120368185042,,,2,0,0
Capped,2021,India,EB-5,2061,ageout_pct,2,2.2665847665847663,1.2943355085601422,0.9152334152334152,,,2,0,0
Capped,2021,China,EB-1,2061,ageout_pct,2,0.0,0.0,0.0,,,0,2,0
Capped,2021,China,EB-2,2061,ageout_pct,2,46.14536153576685,0.8652199140697647,0.6118028684563726,,,2,0,0
Capped,2021,China,EB-3,2061,ageout_pct,2,22.173704030496932,0.10714032907812347,0.07575965322969934,,,2,0,0
Capped,2021,China,EB-4,2061,ageout_pct,2,0.0,0.0,0.0,,,0,2,0
Capped,2021,China,EB-5,2061,ageout_pct,2,6.6409380664093804,0.4097754548631709,0.28975500289755013,,,2,0,0
Capped,2021,ROW,EB-1,2061,ageout_pct,2,0.0,0.0,0.0,,,0,2,0
Capped,2021,ROW,EB-2,2061,ageout_pct,2,0.057595965532031945,0.013107085948433059,0.009268109355731927,,,2,0,0
Capped,2021,ROW,EB-3,2061,ageout_pct,2,0.0,0.0,0.0,,,0,2,0
Capped,2021,ROW,EB-4,2061,ageout_pct,2,31.061341209069397,0.712526640843358,0.5038324195164101,,,2,0,0
Capped,2021,ROW,EB-5,2061,ageout_pct,2,0.0,0.0,0.0,,,0,2,0
Capped,2022,India,EB-1,2061,ageout_pct,2,0.0,0.0,0.0,,,0,2,0
Capped,2022,India,EB-2,2061,ageout_pct,2,70.06362049973816,0.4062423114685198,0.2872566932442879,,,2,0,0
Capped,2022,India,EB-3,2061,ageout_pct,2,64.78287338581052,0.9837599347089157,0.6956233208923095,,,2,0,0
Capped,2022,India,EB-4,2061,ageout_pct,2,21.01724897892145,1.1064523554020695,0.7823799635646312,,,2,0,0
Capped,2022,India,EB-5,2061,ageout_pct,2,5.426988265971317,0.4840039897300359,0.34224250325945244,,,2,0,0
Capped,2022,China,EB-1,2061,ageout_pct,2,0.0,0.0,0.0,,,0,2,0
Capped,2022,China,EB-2,2061,ageout_pct,2,56.16549469446813,0.2132666807216015,0.15080231613939074,,,2,0,0
Capped,2022,China,EB-3,2061,ageout_pct,2,28.73138216365308,0.2728309646073729,0.1929206251915403,,,2,0,0
Capped,2022,China,EB-4,2061,ageout_pct,2,0.0,0.0,0.0,,,0,2,0
Capped,2022,China,EB-5,2061,ageout_pct,2,4.0608963393773525,0.37254342902062404,0.2634279849469725,,,2,0,0
Capped,2022,ROW,EB-1,2061,ageout_pct,2,0.0,0.0,0.0,,,0,2,0
Capped,2022,ROW,EB-2,2061,ageout_pct,2,0.05869275434300132,0.028019113995997574,0.019812505509408787,,,2,0,0
Capped,2022,ROW,EB-3,2061,ageout_pct,2,0.0,0.0,0.0,,,0,2,0
Capped,2022,ROW,EB-4,2061,ageout_pct,2,32.96670298169366,0.08149197566232114,0.05762352860311636,,,2,0,0
Capped,2022,ROW,EB-5,2061,ageout_pct,2,0.0,0.0,0.0,,,0,2,0
Capped,2023,India,EB-1,2061,ageout_pct,2,0.034014432821336094,0.00023724600240791058,0.00016775825711203354,,,2,0,0
Capped,2023,India,EB-2,2061,ageout_pct,2,70.3635705061549,0.0444786271374371,0.03145113886674977,,,2,0,0
Capped,2023,India,EB-3,2061,ageout_pct,2,65.7250744379946,0.618313341516544,0.43721355668446193,,,2,0,0
Capped,2023,India,EB-4,2061,ageout_pct,2,25.832935750636132,0.44137947139904676,0.31210241730279975,,,2,0,0
Capped,2023,India,EB-5,2061,ageout_pct,2,0.9198209198209198,0.253257618007392,0.17908017908017915,,,2,0,0
Capped,2023,China,EB-1,2061,ageout_pct,2,0.0,0.0,0.0,,,0,2,0
Capped,2023,China,EB-2,2061,ageout_pct,2,66.43486297816115,1.9178055165338301,1.3560932857380408,,,2,0,0
Capped,2023,China,EB-3,2061,ageout_pct,2,28.828947712247512,2.128397139326306,1.5050040502756798,,,2,0,0
Capped,2023,China,EB-4,2061,ageout_pct,2,0.0,0.0,0.0,,,0,2,0
Capped,2023,China,EB-5,2061,ageout_pct,2,0.0,0.0,0.0,,,0,2,0
Capped,2023,ROW,EB-1,2061,ageout_pct,2,0.0,0.0,0.0,,,0,2,0
Capped,2023,ROW,EB-2,2061,ageout_pct,2,0.14763020167270519,0.04371086019934333,0.03090824565845283,,,2,0,0
Capped,2023,ROW,EB-3,2061,ageout_pct,2,0.07221625978544041,0.0038043861653313626,0.0026901072557580924,,,2,0,0
Capped,2023,ROW,EB-4,2061,ageout_pct,2,37.66936665883111,0.271013895605867,0.1916357633786916,,,2,0,0
Capped,2023,ROW,EB-5,2061,ageout_pct,2,0.0,0.0,0.0,,,0,2,0
Capped,2024,India,EB-1,2061,ageout_pct,2,0.25567005817120203,0.003543313790559835,0.0025055012091766693,,,2,0,0
Capped,2024,India,EB-2,2061,ageout_pct,2,70.2288580684725,0.00602832639944179,0.004262670476251174,,,2,0,0
Capped,2024,India,EB-3,2061,ageout_pct,2,65.13095825947258,0.7732021890021757,0.546736511071721,,,2,0,0
Capped,2024,India,EB-4,2061,ageout_pct,2,30.596868346414624,1.8010859316054935,1.2735600757379346,,,2,0,0
Capped,2024,India,EB-5,2061,ageout_pct,2,2.4124075370612768,0.47354263754844733,0.3348452101914705,,,2,0,0
Capped,2024,China,EB-1,2061,ageout_pct,2,0.0,0.0,0.0,,,0,2,0
Capped,2024,China,EB-2,2061,ageout_pct,2,65.00581076546605,0.6079334738036494,0.42987388183685477,,,2,0,0
Capped,2024,China,EB-3,2061,ageout_pct,2,30.867260711618687,0.308171365437027,0.2179100622680394,,,2,0,0
Capped,2024,China,EB-4,2061,ageout_pct,2,0.0,0.0,0.0,,,0,2,0
Capped,2024,China,EB-5,2061,ageout_pct,2,0.0,0.0,0.0,,,0,2,0
Capped,2024,ROW,EB-1,2061,ageout_pct,2,0.0,0.0,0.0,,,0,2,0
Capped,2024,ROW,EB-2,2061,ageout_pct,2,0.16960757403901655,0.03378680364693675,0.02389087797336735,,,2,0,0
Capped,2024,ROW,EB-3,2061,ageout_pct,2,0.4271335498856891,0.060161461578406905,0.04254057744818546,,,2,0,0
Capped,2024,ROW,EB-4,2061,ageout_pct,2,41.47665948607381,0.30818291258199076,0.21791822733254662,,,2,0,0
Capped,2024,ROW,EB-5,2061,ageout_pct,2,0.0,0.0,0.0,,,0,2,0
Capped,2025,India,EB-1,2061,ageout_pct,2,0.3852395538240392,0.042898046449772645,0.030333499544289735,,,2,0,0
Capped,2025,India,EB-2,2061,ageout_pct,2,70.32032764197513,0.45456270858440406,0.32142437371455657,,,2,0,0
Capped,2025,India,EB-3,2061,ageout_pct,2,65.14019983637355,0.5027385230308996,0.3554898187988584,,,2,0,0
Capped,2025,India,EB-4,2061,ageout_pct,2,32.01826139641509,1.4665458360136379,1.0370045055661377,,,2,0,0
Capped,2025,India,EB-5,2061,ageout_pct,2,2.031546642895541,0.29784161186909963,0.21060582347217202,,,2,0,0
Capped,2025,China,EB-1,2061,ageout_pct,2,0.05042864346949067,0.07131687152663112,0.05042864346949067,,,1,1,0
Capped,2025,China,EB-2,2061,ageout_pct,2,67.43005357789798,0.2303773866288422,0.16290141231728936,,,2,0,0
Capped,2025,China,EB-3,2061,ageout_pct,2,33.106698950209996,1.8590359222002697,1.3145369070571975,,,2,0,0
Capped,2025,China,EB-4,2061,ageout_pct,2,0.0,0.0,0.0,,,0,2,0
Capped,2025,China,EB-5,2061,ageout_pct,2,0.0,0.0,0.0,,,0,2,0
Capped,2025,ROW,EB-1,2061,ageout_pct,2,0.0,0.0,0.0,,,0,2,0
Capped,2025,ROW,EB-2,2061,ageout_pct,2,0.20218819802004628,0.021906755059293275,0.015490415056218981,,,2,0,0
Capped,2025,ROW,EB-3,2061,ageout_pct,2,0.7303671723633343,0.0304848098823376,0.021556015790983592,,,2,0,0
Capped,2025,ROW,EB-4,2061,ageout_pct,2,43.653736349893734,0.44114502712880144,0.31193664016949896,,,2,0,0
Capped,2025,ROW,EB-5,2061,ageout_pct,2,0.0,0.0,0.0,,,0,2,0
Capped,2026,India,EB-1,2061,ageout_pct,2,0.7849193892312654,0.014461802594177616,0.010226038682524197,,,2,0,0
Capped,2026,India,EB-2,2061,ageout_pct,2,70.50062443709174,0.6702528623517363,0.47394034407860636,,,2,0,0
Capped,2026,India,EB-3,2061,ageout_pct,2,64.8861490278465,0.48860276550751935,0.3454943287968675,,,2,0,0
Capped,2026,India,EB-4,2061,ageout_pct,2,35.68498553170414,1.1143442278367142,0.7879603600794276,,,2,0,0
Capped,2026,India,EB-5,2061,ageout_pct,2,3.101203424993095,0.6033205372532453,0.4266120431208808,,,2,0,0
Capped,2026,China,EB-1,2061,ageout_pct,2,0.860112404459284,0.2017702483656572,0.1426731108610501,,,2,0,0
Capped,2026,China,EB-2,2061,ageout_pct,2,67.91945308442376,0.7286947745032307,0.5152650164664365,,,2,0,0
Capped,2026,China,EB-3,2061,ageout_pct,2,36.97009502195864,0.7049453208903053,0.4984716167672616,,,2,0,0
Capped,2026,China,EB-4,2061,ageout_pct,2,0.0,0.0,0.0,,,0,2,0
Capped,2026,China,EB-5,2061,ageout_pct,2,0.2934213979752267,0.04810875335448518,0.034018025731387534,,,2,0,0
Capped,2026,ROW,EB-1,2061,ageout_pct,2,0.0,0.0,0.0,,,0,2,0
Capped,2026,ROW,EB-2,2061,ageout_pct,2,0.20380277296899046,0.015374997647685063,0.010871765097405324,,,2,0,0
Capped,2026,ROW,EB-3,2061,ageout_pct,2,1.0578136156493034,0.01201469500577605,0.008495672312472391,,,2,0,0
Capped,2026,ROW,EB-4,2061,ageout_pct,2,43.80741140703914,0.019122653771805328,0.013521758156326056,,,2,0,0
Capped,2026,ROW,EB-5,2061,ageout_pct,2,0.0,0.0,0.0,,,0,2,0
Capped,2027,India,EB-1,2061,ageout_pct,2,1.1412193827250663,0.0010972556591101704,0.0007758769172521162,,,2,0,0
Capped,2027,India,EB-2,2061,ageout_pct,2,70.58286898176297,0.5092857392079326,0.3601193997555327,,,2,0,0
Capped,2027,India,EB-3,2061,ageout_pct,2,65.30532342400313,0.7226675237813874,0.5110031066091096,,,2,0,0
Capped,2027,India,EB-4,2061,ageout_pct,2,36.08441736005312,2.1117353576980173,1.4932223914996676,,,2,0,0
Capped,2027,India,EB-5,2061,ageout_pct,2,2.6925207645830342,0.8656075049079667,0.612076936566391,,,2,0,0
Capped,2027,China,EB-1,2061,ageout_pct,2,1.4393152238364293,0.5278087450762458,0.37321714281297513,,,2,0,0
Capped,2027,China,EB-2,2061,ageout_pct,2,67.30801943879291,0.8311297852598597,0.5876975072033658,,,2,0,0
Capped,2027,China,EB-3,2061,ageout_pct,2,39.7402668878826,0.330329068941955,0.23357792467189495,,,2,0,0
Capped,2027,China,EB-4,2061,ageout_pct,2,0.0,0.0,0.0,,,0,2,0
Capped,2027,China,EB-5,2061,ageout_pct,2,0.6457805945847757,0.028281961553935028,0.019998366800044683,,,2,0,0
Capped,2027,ROW,EB-1,2061,ageout_pct,2,0.0,0.0,0.0,,,0,2,0
Capped,2027,ROW,EB-2,2061,ageout_pct,2,0.28279354828298847,0.004161750520046866,0.0029428020143317797,,,2,0,0
Capped,2027,ROW,EB-3,2061,ageout_pct,2,1.833487728911905,0.10740545513678039,0.07594712566364491,,,2,0,0
Capped,2027,ROW,EB-4,2061,ageout_pct,2,43.69977589732913,0.11880509237045982,0.0840078864546463,,,2,0,0
Capped,2027,ROW,EB-5,2061,ageout_pct,2,0.0,0.0,0.0,,,0,2,0
Capped,2028,India,EB-1,2061,ageout_pct,2,1.7231557638413837,0.016347885241507227,0.011559700512329239,,,2,0,0
Capped,2028,India,EB-2,2061,ageout_pct,2,70.89670086534656,0.29991322565724315,0.21207067562976786,,,2,0,0
Capped,2028,India,EB-3,2061,ageout_pct,2,66.27974954003204,1.116119938610971,0.7892159772093307,,,2,0,0
Capped,2028,India,EB-4,2061,ageout_pct,2,37.572493510527366,3.733909102793469,2.640272446919439,,,2,0,0
Capped,2028,India,EB-5,2061,ageout_pct,2,3.259626793226189,0.7352507141234299,0.519900765828929,,,2,0,0
Capped,2028,China,EB-1,2061,ageout_pct,2,3.2511697860962565,0.6203727609006309,0.43866978609625673,,,2,0,0
Capped,2028,China,EB-2,2061,ageout_pct,2,67.60394979646719,0.24835820470326309,0.175615770708994,,,2,0,0
Capped,2028,China,EB-3,2061,ageout_pct,2,45.11223016873713,0.20300386397052836,0.14354540882063205,,,2,0,0
Capped,2028,China,EB-4,2061,ageout_pct,2,0.0,0.0,0.0,,,0,2,0
Capped,2028,China,EB-5,2061,ageout_pct,2,1.054575431465452,0.06469771517853384,0.0457481931300171,,,2,0,0
Capped,2028,ROW,EB-1,2061,ageout_pct,2,0.0,0.0,0.0,,,0,2,0
Capped,2028,ROW,EB-2,2061,ageout_pct,2,0.28763871833384314,0.007975681298440227,0.0056396583307098125,,,2,0,0
Capped,2028,ROW,EB-3,2061,ageout_pct,2,2.3217533130721666,0.21486273572317394,0.15193089745414934,,,2,0,0
Capped,2028,ROW,EB-4,2061,ageout_pct,2,43.439047309891016,0.1257152830419201,0.08889412913772787,,,2,0,0
Capped,2028,ROW,EB-5,2061,ageout_pct,2,0.0,0.0,0.0,,,0,2,0
Capped,2029,India,EB-1,2061,ageout_pct,2,3.4256596364980014,0.3565213754816818,0.2520986822410525,,,2,0,0
Capped,2029,India,EB-2,2061,ageout_pct,2,70.29849430872798,0.5003450538527966,0.35379738051246074,,,2,0,0
Capped,2029,India,EB-3,2061,ageout_pct,2,65.20247973927079,0.6987274760641943,0.4940749365263528,,,2,0,0
Capped,2029,India,EB-4,2061,ageout_pct,2,41.84700075930144,0.255030919562347,0.1803340926347765,,,2,0,0
Capped,2029,India,EB-5,2061,ageout_pct,2,3.2168009311984993,0.8984204493160795,0.6352791920680647,,,2,0,0
Capped,2029,China,EB-1,2061,ageout_pct,2,5.021675190833832,0.13779073993310215,0.09743276659140852,,,2,0,0
Capped,2029,China,EB-2,2061,ageout_pct,2,67.03740874735593,1.7141516200728544,1.2120882345354218,,,2,0,0
Capped,2029,China,EB-3,2061,ageout_pct,2,47.557410187743706,0.15304475031910234,0.10821898077563928,,,2,0,0
Capped,2029,China,EB-4,2061,ageout_pct,2,0.0,0.0,0.0,,,0,2,0
Capped,2029,China,EB-5,2061,ageout_pct,2,1.6348460521748647,0.28116647424672964,0.19881472058217528,,,2,0,0
Capped,2029,ROW,EB-1,2061,ageout_pct,2,0.0,0.0,0.0,,,0,2,0
Capped,2029,ROW,EB-2,2061,ageout_pct,2,0.38381199259787074,0.10311745958701309,0.07291505493270671,,,2,0,0
Capped,2029,ROW,EB-3,2061,ageout_pct,2,3.3680298797748742,0.00877271895069743,0.006203249059481886,,,2,0,0
Capped,2029,ROW,EB-4,2061,ageout_pct,2,44.34942482469506,1.0323733791538399,0.7299982171161509,,,2,0,0
Capped,2029,ROW,EB-5,2061,ageout_pct,2,0.0,0.0,0.0,,,0,2,0
Capped,2030,India,EB-1,2061,ageout_pct,2,4.690145083940058,0.24822310798829128,0.17552024290572144,,,2,0,0
Capped,2030,India,EB-2,2061,ageout_pct,2,70.40774375667948,0.15757034477334003,0.111419059303131,,,2,0,0
Capped,2030,India,EB-3,2061,ageout_pct,2,64.93179092231847,1.3249104242870784,0.9368531454781389,,,2,0,0
Capped,2030,India,EB-4,2061,ageout_pct,2,41.64223882366892,0.12258865339674423,0.08668326811336513,,,2,0,0
Capped,2030,India,EB-5,2061,ageout_pct,2,3.785939304395082,0.09291554105412188,0.06570120915698663,,,2,0,0
Capped,2030,China,EB-1,2061,ageout_pct,2,6.6136427698433655,0.3800562954229825,0.26874038372622877,,,2,0,0
Capped,2030,China,EB-2,2061,ageout_pct,2,66.44495018378603,0.6736801414237955,0.47636379635147813,,,2,0,0
Capped,2030,China,EB-3,2061,ageout_pct,2,49.24241833277428,0.6578695308598423,0.4651840064070072,,,2,0,0
Capped,2030,China,EB-4,2061,ageout_pct,2,0.0,0.0,0.0,,,0,2,0
Capped,2030,China,EB-5,2061,ageout_pct,2,1.6627803308588958,0.007007989887436635,0.0049553971718931935,,,2,0,0
Capped,2030,ROW,EB-1,2061,ageout_pct,2,0.0,0.0,0.0,,,0,2,0
Capped,2030,ROW,EB-2,2061,ageout_pct,2,0.46147672552166935,0.0689108878707367,0.04872735611098372,,,2,0,0
Capped,2030,ROW,EB-3,2061,ageout_pct,2,3.9743703698328967,0.21504011033660927,0.1520563202461198,,,2,0,0
Capped,2030,ROW,EB-4,2061,ageout_pct,2,44.49901085395233,0.9837706240430941,0.6956308793929934,,,2,0,0
Capped,2030,ROW,EB-5,2061,ageout_pct,2,0.0,0.0,0.0,,,0,2,0
Capped,2031,India,EB-1,2061,ageout_pct,2,5.792906693183701,0.3356651978784072,0.23735113762814605,,,2,0,0
Capped,2031,India,EB-2,2061,ageout_pct,2,70.28640162293345,0.41504709958786146,0.2934826186303851,,,2,0,0
Capped,2031,India,EB-3,2061,ageout_pct,2,65.31850092917614,0.2810614399719434,0.19874045013421693,,,2,0,0
Capped,2031,India,EB-4,2061,ageout_pct,2,42.69403667899908,1.3727497681466958,0.9706806699287894,,,2,0,0
Capped,2031,India,EB-5,2061,ageout_pct,2,3.458301956706231,0.11706086371706871,0.08277453054589357,,,2,0,0
Capped,2031,China,EB-1,2061,ageout_pct,2,10.028142304227082,0.6604572180705859,0.4670137775813136,,,2,0,0
Capped,2031,China,EB-2,2061,ageout_pct,2,67.22467393027028,0.3097470121678723,0.21902421275617454,,,2,0,0
Capped,2031,China,EB-3,2061,ageout_pct,2,51.93279378029395,2.1842924930929644,1.544528033960905,,,2,0,0
Capped,2031,China,EB-4,2061,ageout_pct,2,0.0,0.0,0.0,,,0,2,0
Capped,2031,China,EB-5,2061,ageout_pct,2,2.0020860267681853,0.39463399677264577,0.2790483752046879,,,2,0,0
Capped,2031,ROW,EB-1,2061,ageout_pct,2,0.0,0.0,0.0,,,0,2,0
Capped,2031,ROW,EB-2,2061,ageout_pct,2,0.5013818110280863,0.014008983562307713,0.00990584727443866,,,2,0,0
Capped,2031,ROW,EB-3,2061,ageout_pct,2,5.163854306425275,0.020447050322507966,0.014458247938307965,,,2,0,0
Capped,2031,ROW,EB-4,2061,ageout_pct,2,43.27584554677362,0.31887788262328526,0.22548071317333293,,,2,0,0
Capped,2031,ROW,EB-5,2061,ageout_pct,2,0.0,0.0,0.0,,,0,2,0
Capped,2032,India,EB-1,2061,ageout_pct,2,7.258829051753647,0.2354361601295167,0.16647850536410314,,,2,0,0
Capped,2032,India,EB-2,2061,ageout_pct,2,69.96228328379547,0.4596603089349323,0.325028921490194,,,2,0,0
Capped,2032,India,EB-3,2061,ageout_pct,2,64.83056201200037,0.11930826409567477,0.08436368259364711,,,2,0,0
Capped,2032,India,EB-4,2061,ageout_pct,2,40.36489525296159,1.8272311979165083,1.2920475708423815,,,2,0,0
Capped,2032,India,EB-5,2061,ageout_pct,2,3.7680425424158015,0.18622209481742474,0.13167890605216526,,,2,0,0
Capped,2032,China,EB-1,2061,ageout_pct,2,12.725356796978126,0.5284700225065659,0.3736847365682001,,,2,0,0
Capped,2032,China,EB-2,2061,ageout_pct,2,66.50786793072814,1.5422808762946256,1.0905572661222604,,,2,0,0
Capped,2032,China,EB-3,2061,ageout_pct,2,55.177212840972345,3.162232960956727,2.2360363703841166,,,2,0,0
Capped,2032,China,EB-4,2061,ageout_pct,2,0.0,0.0,0.0,,,0,2,0
Capped,2032,China,EB-5,2061,ageout_pct,2,2.3077705314254273,0.345896116434577,0.244585489516981,,,2,0,0
Capped,2032,ROW,EB-1,2061,ageout_pct,2,0.0,0.0,0.0,,,0,2,0
Capped,2032,ROW,EB-2,2061,ageout_pct,2,0.5865428837572122,0.027277691757454963,0.019288240816812796,,,2,0,0
Capped,2032,ROW,EB-3,2061,ageout_pct,2,5.786659863561139,0.144051996301432,0.10186014342820203,,,2,0,0
Capped,2032,ROW,EB-4,2061,ageout_pct,2,44.38035011969792,0.8028080789308769,0.5676710366033682,,,2,0,0
Capped,2032,ROW,EB-5,2061,ageout_pct,2,0.0,0.0,0.0,,,0,2,0
Capped,2033,India,EB-1,2061,ageout_pct,2,9.592190334213557,0.9899939148475981,0.7000314105221541,,,2,0,0
Capped,2033,India,EB-2,2061,ageout_pct,2,70.5480595897771,0.4536964167064655,0.32081181285317933,,,2,0,0
Capped,2033,India,EB-3,2061,ageout_pct,2,64.76739590547263,0.26093239225708714,0.1845070639962145,,,2,0,0
Capped,2033,India,EB-4,2061,ageout_pct,2,40.139100223168995,0.563612450108879,0.398534185433153,,,2,0,0
Capped,2033,India,EB-5,2061,ageout_pct,2,4.3800185235720726,1.4938607996860358,1.0563191016067546,,,2,0,0
Capped,2033,China,EB-1,2061,ageout_pct,2,14.904599507363788,1.0050894416000749,0.7107055598544133,,,2,0,0
Capped,2033,China,EB-2,2061,ageout_pct,2,67.51134161648557,0.8424936221152366,0.5957329533041004,,,2,0,0
Capped,2033,China,EB-3,2061,ageout_pct,2,53.8743009424624,0.09280167607104813,0.06562069445531549,,,2,0,0
Capped,2033,China,EB-4,2061,ageout_pct,2,0.0,0.0,0.0,,,0,2,0
Capped,2033,China,EB-5,2061,ageout_pct,2,2.923788945975611,0.945591704944992,0.6686343068003529,,,2,0,0
Capped,2033,ROW,EB-1,2061,ageout_pct,2,0.0,0.0,0.0,,,0,2,0
Capped,2033,ROW,EB-2,2061,ageout_pct,2,0.643841357213957,0.04800411625678231,0.03394403613003816,,,2,0,0
Capped,2033,ROW,EB-3,2061,ageout_pct,2,6.986488326050846,0.10239329866573148,0.0724029958345982,,,2,0,0
Capped,2033,ROW,EB-4,2061,ageout_pct,2,42.97729460766398,0.3715474895314761,0.2627237493805445,,,2,0,0
Capped,2033,ROW,EB-5,2061,ageout_pct,2,0.0,0.0,0.0,,,0,2,0
Capped,2034,India,EB-1,2061,ageout_pct,2,11.189334764742902,0.16006952085868897,0.11318624366046048,,,2,0,0
Capped,2034,India,EB-2,2061,ageout_pct,2,70.21507542725057,0.10785054192172036,0.07626184954749249,,,2,0,0
Capped,2034,India,EB-3,2061,ageout_pct,2,65.92538214164662,1.2338052599915468,0.872432066003654,,,2,0,0
Capped,2034,India,EB-4,2061,ageout_pct,2,43.189214572776514,3.489664013827985,2.467565088240434,,,2,0,0
Capped,2034,India,EB-5,2061,ageout_pct,2,4.92053703216936,0.8865821117612838,0.6269082233050932,,,2,0,0
Capped,2034,China,EB-1,2061,ageout_pct,2,16.60050813775061,0.13091605437408294,0.09257162981410082,,,2,0,0
Capped,2034,China,EB-2,2061,ageout_pct,2,67.36786516853932,0.06769157051359681,0.04786516853933165,,,2,0,0
Capped,2034,China,EB-3,2061,ageout_pct,2,56.683530642320605,1.0741682722072763,0.7595516694132023,,,2,0,0
Capped,2034,China,EB-4,2061,ageout_pct,2,0.0,0.0,0.0,,,0,2,0
Capped,2034,China,EB-5,2061,ageout_pct,2,4.254016175153099,0.25114036360392605,0.1775830541339913,,,2,0,0
Capped,2034,ROW,EB-1,2061,ageout_pct,2,0.0,0.0,0.0,,,0,2,0
Capped,2034,ROW,EB-2,2061,ageout_pct,2,0.8039282202691028,0.10237234035632102,0.07238817607189185,,,2,0,0
Capped,2034,ROW,EB-3,2061,ageout_pct,2,8.04560004280512,0.014421712085487608,0.010197690411968273,,,2,0,0
Capped,2034,ROW,EB-4,2061,ageout_pct,2,43.52856109906001,0.26842448309684835,0.18980477223427525,,,2,0,0
Capped,2034,ROW,EB-5,2061,ageout_pct,2,0.0,0.0,0.0,,,0,2,0
Capped,2035,India,EB-1,2061,ageout_pct,2,13.549432952826386,0.25200847718175223,0.17819690313171233,,,2,0,0
Capped,2035,India,EB-2,2061,ageout_pct,2,70.08953072273519,0.10675301230785307,0.07548577891497386,,,2,0,0
Capped,2035,India,EB-3,2061,ageout_pct,2,65.5657662055103,0.46295280058385185,0.3273570646621451,,,2,0,0
Capped,2035,India,EB-4,2061,ageout_pct,2,43.49380014587892,0.22693434261274872,0.1604668125455859,,,2,0,0
Capped,2035,India,EB-5,2061,ageout_pct,2,4.712563579881079,0.011973386852788077,0.008466463037376304,,,2,0,0
Capped,2035,China,EB-1,2061,ageout_pct,2,20.000692582822737,1.2455466600140677,0.8807344895802024,,,2,0,0
Capped,2035,China,EB-2,2061,ageout_pct,2,66.92831091578256,0.7712161824600609,0.5453321923783108,,,2,0,0
Capped,2035,China,EB-3,2061,ageout_pct,2,55.77974697678005,2.479583453668651,1.7533302746070625,,,2,0,0
Capped,2035,China,EB-4,2061,ageout_pct,2,0.0,0.0,0.0,,,0,2,0
Capped,2035,China,EB-5,2061,ageout_pct,2,4.674423203005484,0.4378438509392093,0.3096023560999468,,,2,0,0
Capped,2035,ROW,EB-1,2061,ageout_pct,2,0.0,0.0,0.0,,,0,2,0
Capped,2035,ROW,EB-2,2061,ageout_pct,2,0.8687101538596844,0.16129459396223192,0.11405250115942495,,,2,0,0
Capped,2035,ROW,EB-3,2061,ageout_pct,2,9.025293483976242,0.10766262848192668,0.07612897467993827,,,2,0,0
Capped,2035,ROW,EB-4,2061,ageout_pct,2,43.247405241846735,1.2348495351770088,0.873170480068719,,,2,0,0
Capped,2035,ROW,EB-5,2061,ageout_pct,2,0.0,0.0,0.0,,,0,2,0
Capped,2036,India,EB-1,2061,ageout_pct,2,15.425588027430031,0.09052856054407131,0.06401335905176975,,,2,0,0
Capped,2036,India,EB-2,2061,ageout_pct,2,70.37193841959726,0.4305805718934234,0.30446644223302144,,,2,0,0
Capped,2036,India,EB-3,2061,ageout_pct,2,65.55432408187022,0.4698662332276756,0.3322455997658693,,,2,0,0
Capped,2036,India,EB-4,2061,ageout_pct,2,43.680157052250074,1.1639178367462069,0.8230141951072197,,,2,0,0
Capped,2036,India,EB-5,2061,ageout_pct,2,5.1356186038771945,0.4618344481499625,0.3265662700723854,,,2,0,0
Capped,2036,China,EB-1,2061,ageout_pct,2,23.031061581501817,0.9495781261242238,0.6714531322488533,,,2,0,0
Capped,2036,China,EB-2,2061,ageout_pct,2,67.5651867093544,0.15397395787954737,0.10887602974275978,,,2,0,0
Capped,2036,China,EB-3,2061,ageout_pct,2,54.69134817507614,0.32058045240172195,0.2266846118091088,,,2,0,0
Capped,2036,China,EB-4,2061,ageout_pct,2,0.0,0.0,0.0,,,0,2,0
Capped,2036,China,EB-5,2061,ageout_pct,2,4.648067753812298,0.128613156624075,0.09094323519869095,,,2,0,0
Capped,2036,ROW,EB-1,2061,ageout_pct,2,0.0,0.0,0.0,,,0,2,0
Capped,2036,ROW,EB-2,2061,ageout_pct,2,1.025170471834458,0.12425640012090876,0.08786254313132352,,,2,0,0
Capped,2036,ROW,EB-3,2061,ageout_pct,2,9.719359014472783,0.28791506462648747,0.20358669460315235,,,2,0,0
Capped,2036,ROW,EB-4,2061,ageout_pct,2,44.052087487751514,0.5179770908008369,0.3662651134045518,,,2,0,0
Capped,2036,ROW,EB-5,2061,ageout_pct,2,0.0,0.0,0.0,,,0,2,0
Capped,2037,India,EB-1,2061,ageout_pct,2,17.651335494566737,0.07211368153777048,0.05099207323168464,,,2,0,0
Capped,2037,India,EB-2,2061,ageout_pct,2,70.24693017061227,0.06154898465126336,0.043521704422055045,,,2,0,0
Capped,2037,India,EB-3,2061,ageout_pct,2,65.45930527149007,0.46935209925574045,0.3318820521478756,,,2,0,0
Capped,2037,India,EB-4,2061,ageout_pct,2,43.196239622992294,1.732457626061085,1.225032535506141,,,2,0,0
Capped,2037,India,EB-5,2061,ageout_pct,2,5.271615668767161,0.7113949857936288,0.5030322185567825,,,2,0,0
Capped,2037,China,EB-1,2061,ageout_pct,2,22.90419964133952,0.851975320885998,0.602437526802074,,,2,0,0
Capped,2037,China,EB-2,2061,ageout_pct,2,67.06601731601731,0.16478751105574124,0.11652236652236779,,,2,0,0
Capped,2037,China,EB-3,2061,ageout_pct,2,56.68611354088567,0.9750888233698697,0.6894919192640465,,,2,0,0
Capped,2037,China,EB-4,2061,ageout_pct,2,0.0,0.0,0.0,,,0,2,0
Capped,2037,China,EB-5,2061,ageout_pct,2,6.098367830295541,1.6195883617075255,1.145221913294202,,,2,0,0
Capped,2037,ROW,EB-1,2061,ageout_pct,2,0.0,0.0,0.0,,,0,2,0
Capped,2037,ROW,EB-2,2061,ageout_pct,2,1.1591010286593644,0.11448783547371155,0.0809551248268312,,,2,0,0
Capped,2037,ROW,EB-3,2061,ageout_pct,2,10.484342884356316,0.0023560121502272644,0.0016659521679835976,,,2,0,0
Capped,2037,ROW,EB-4,2061,ageout_pct,2,44.183423285180915,0.2008465666434619,0.14201996925162774,,,2,0,0
Capped,2037,ROW,EB-5,2061,ageout_pct,2,0.0,0.0,0.0,,,0,2,0
Capped,2038,India,EB-1,2061,ageout_pct,2,20.47809194906108,0.3586662930689363,0.25361536801208645,,,2,0,0
Capped,2038,India,EB-2,2061,ageout_pct,2,70.64977246045076,0.07709583229693871,0.0545149858183862,,,2,0,0
Capped,2038,India,EB-3,2061,ageout_pct,2,65.17657777885846,0.8288147604746681,0.5860605374791419,,,2,0,0
Capped,2038,India,EB-4,2061,ageout_pct,2,42.199367088607595,1.9318634633683065,1.366033755274259,,,2,0,0
Capped,2038,India,EB-5,2061,ageout_pct,2,4.883648834550774,1.0946858579916128,0.7740597934548833,,,2,0,0
Capped,2038,China,EB-1,2061,ageout_pct,2,24.729733283130088,1.979652603828464,1.3998257805607126,,,2,0,0
Capped,2038,China,EB-2,2061,ageout_pct,2,66.59773156839884,2.0731074315082028,1.4659083229476761,,,2,0,0
Capped,2038,China,EB-3,2061,ageout_pct,2,54.805372930407685,2.0239373170369386,1.4311398015733265,,,2,0,0
Capped,2038,China,EB-4,2061,ageout_pct,2,0.0,0.0,0.0,,,0,2,0
Capped,2038,China,EB-5,2061,ageout_pct,2,6.364471541320416,0.18484521861727068,0.13070530755418194,,,2,0,0
Capped,2038,ROW,EB-1,2061,ageout_pct,2,0.0,0.0,0.0,,,0,2,0
Capped,2038,ROW,EB-2,2061,ageout_pct,2,1.3055348407326042,0.08520894363871766,0.06025182186467958,,,2,0,0
Capped,2038,ROW,EB-3,2061,ageout_pct,2,11.2529955406544,0.3158925882527499,0.22336979128008935,,,2,0,0
Capped,2038,ROW,EB-4,2061,ageout_pct,2,43.26421748860127,0.12697698337779523,0.08978628600105053,,,2,0,0
Capped,2038,ROW,EB-5,2061,ageout_pct,2,0.0,0.0,0.0,,,0,2,0
Capped,2039,India,EB-1,2061,ageout_pct,2,22.561928417633464,0.5956186045672276,0.42116595429035536,,,2,0,0
Capped,2039,India,EB-2,2061,ageout_pct,2,70.6271925404385,0.11474402771302476,0.08113628009653694,,,2,0,0
Capped,2039,India,EB-3,2061,ageout_pct,2,64.90480840972201,0.865046019609397,0.6116799065042358,,,2,0,0
Capped,2039,India,EB-4,2061,ageout_pct,2,47.045758522318444,4.329668016877529,3.0615376150206117,,,2,0,0
Capped,2039,India,EB-5,2061,ageout_pct,2,5.934065934065934,0.3108161675545265,0.21978021978021986,,,2,0,0
Capped,2039,China,EB-1,2061,ageout_pct,2,25.875715315633478,0.877485852757546,0.6204761968801211,,,2,0,0
Capped,2039,China,EB-2,2061,ageout_pct,2,67.06409205616548,0.8276243875738808,0.5852188167288545,,,2,0,0
Capped,2039,China,EB-3,2061,ageout_pct,2,55.551212741087085,0.7185750530614293,0.5081092928112199,,,2,0,0
Capped,2039,China,EB-4,2061,ageout_pct,2,0.0,0.0,0.0,,,0,2,0
Capped,2039,China,EB-5,2061,ageout_pct,2,7.674633294846657,0.004287442651228938,0.0030316797726324114,,,2,0,0
Capped,2039,ROW,EB-1,2061,ageout_pct,2,0.0,0.0,0.0,,,0,2,0
Capped,2039,ROW,EB-2,2061,ageout_pct,2,1.5136887438453899,0.08626182178547206,0.06099631914201275,,,2,0,0
Capped,2039,ROW,EB-3,2061,ageout_pct,2,12.22702982364677,0.2243900336916591,0.15866771445405,,,2,0,0
Capped,2039,ROW,EB-4,2061,ageout_pct,2,43.59339271175446,1.7882368308458645,1.2644743894586519,,,2,0,0
Capped,2039,ROW,EB-5,2061,ageout_pct,2,0.0,0.0,0.0,,,0,2,0
Capped,2040,India,EB-1,2061,ageout_pct,2,25.19093169187829,0.12273657399351626,0.08678786377041979,,,2,0,0
Capped,2040,India,EB-2,2061,ageout_pct,2,70.82720979221311,0.14469951099889664,0.10231800546169723,,,2,0,0
Capped,2040,India,EB-3,2061,ageout_pct,2,65.68168194416666,0.37388935688796515,0.26437969966895736,,,2,0,0
Capped,2040,India,EB-4,2061,ageout_pct,2,46.501764819033625,1.1946558162200966,0.8447492288331802,,,2,0,0
Capped,2040,India,EB-5,2061,ageout_pct,2,5.712091993429041,0.987353587043569,0.6981644168273697,,,2,0,0
Capped,2040,China,EB-1,2061,ageout_pct,2,27.735341740515047,0.5212145791652745,0.3685543633810582,,,2,0,0
Capped,2040,China,EB-2,2061,ageout_pct,2,66.10326370447649,0.5106388654208426,0.3610762044764826,,,2,0,0
Capped,2040,China,EB-3,2061,ageout_pct,2,56.216277690979666,0.3132349388475826,0.22149054936367915,,,2,0,0
Capped,2040,China,EB-4,2061,ageout_pct,2,0.0,0.0,0.0,,,0,2,0
Capped,2040,China,EB-5,2061,ageout_pct,2,7.133807308230642,0.8756093764730456,0.6191493277746152,,,2,0,0
Capped,2040,ROW,EB-1,2061,ageout_pct,2,0.0,0.0,0.0,,,0,2,0
Capped,2040,ROW,EB-2,2061,ageout_pct,2,1.496326985739671,0.09675644307373867,0.06841713702093076,,,2,0,0
Capped,2040,ROW,EB-3,2061,ageout_pct,2,12.841506886198918,0.035570284778058577,0.025151989575301847,,,2,0,0
Capped,2040,ROW,EB-4,2061,ageout_pct,2,43.623143857257936,0.7810988384475446,0.5523202854431943,,,2,0,0
Capped,2040,ROW,EB-5,2061,ageout_pct,2,0.0,0.0,0.0,,,0,2,0
Uncapped,2010,China,EB-4,2061,ageout_pct,1,0.0,,,,,0,1,0
Capped,2010,China,EB-4,2061,ageout_pct,1,0.0,,,,,0,1,0
Uncapped,2009,India,EB-1,2061,exit_pct,2,0.0,0.0,0.0,,,0,2,0
Uncapped,2009,India,EB-2,2061,exit_pct,2,2.1145607917941573,0.3610441269546056,0.25529675047717837,,,2,0,0
Uncapped,2009,India,EB-3,2061,exit_pct,2,24.00024071220824,0.10803342624272541,0.07639116829104785,,,2,0,0
Uncapped,2009,India,EB-4,2061,exit_pct,2,0.0,0.0,0.0,,,0,2,0
Uncapped,2009,India,EB-5,2061,exit_pct,2,0.0,0.0,0.0,,,0,2,0
Uncapped,2009,China,EB-1,2061,exit_pct,2,0.0,0.0,0.0,,,0,2,0
Uncapped,2009,China,EB-2,2061,exit_pct,2,2.9447472238983945,0.11279070617612595,0.07975507319195806,,,2,0,0
Uncapped,2009,China,EB-3,2061,exit_pct,2,24.469441639850473,0.9741561819050425,0.6888324421598514,,,2,0,0
Uncapped,2009,China,EB-4,2061,exit_pct,2,0.0,0.0,0.0,,,0,2,0
Uncapped,2009,China,EB-5,2061,exit_pct,2,0.0,0.0,0.0,,,0,2,0
Uncapped,2009,ROW,EB-1,2061,exit_pct,2,0.0,0.0,0.0,,,0,2,0
Uncapped,2009,ROW,EB-2,2061,exit_pct,2,0.0,0.0,0.0,,,0,2,0
Uncapped,2009,ROW,EB-3,2061,exit_pct,2,7.595231343369503,0.09120274499133316,0.0644900794461991,,,2,0,0
Uncapped,2009,ROW,EB-4,2061,exit_pct,2,0.05601194921583271,0.07921285823598366,0.056011949215832704,,,1,1,0
Uncapped,2009,ROW,EB-5,2061,exit_pct,2,0.0,0.0,0.0,,,0,2,0
Uncapped,2010,India,EB-1,2061,exit_pct,2,0.0,0.0,0.0,,,0,2,0
Uncapped,2010,India,EB-2,2061,exit_pct,2,5.242745344061833,0.004589708913512306,0.003245414296416893,,,2,0,0
Uncapped,2010,India,EB-3,2061,exit_pct,2,27.088546010564357,1.3318455497744965,0.941757019738672,,,2,0,0
Uncapped,2010,India,EB-4,2061,exit_pct,2,0.0,0.0,0.0,,,0,2,0
Uncapped,2010,India,EB-5,2061,exit_pct,2,0.0,0.0,0.0,,,0,2,0
Uncapped,2010,China,EB-1,2061,exit_pct,2,0.0,0.0,0.0,,,0,2,0
Uncapped,2010,China,EB-2,2061,exit_pct,2,6.244549327613689,0.3715913865389189,0.2627547892521811,,,2,0,0
Uncapped,2010,China,EB-3,2061,exit_pct,2,33.779761904761905,2.3149329145988125,1.636904761904759,,,2,0,0
Uncapped,2010,China,EB-5,2061,exit_pct,2,0.0,0.0,0.0,,,0,2,0
Uncapped,2010,ROW,EB-1,2061,exit_pct,2,0.0,0.0,0.0,,,0,2,0
Uncapped,2010,ROW,EB-2,2061,exit_pct,2,0.026988718034493292,0.007530602185212055,0.0053249398715816765,,,2,0,0
Uncapped,2010,ROW,EB-3,2061,exit_pct,2,13.365563384170553,0.7503938978516573,0.5306086137319124,,,2,0,0
Uncapped,2010,ROW,EB-4,2061,exit_pct,2,1.0971707565957798,0.22543178756694057,0.1594043456835889,,,2,0,0
Uncapped,2010,ROW,EB-5,2061,exit_pct,2,0.0,0.0,0.0,,,0,2,0
Uncapped,2011,India,EB-1,2061,exit_pct,2,0.0,0.0,0.0,,,0,2,0
Uncapped,2011,India,EB-2,2061,exit_pct,2,13.960627382125885,0.28238728109847505,0.19967796138556348,,,2,0,0
Uncapped,2011,India,EB-3,2061,exit_pct,2,26.905610329298234,0.16182627361374816,0.11442845544643097,,,2,0,0
Uncapped,2011,India,EB-4,2061,exit_pct,2,2.130459524825722,2.29867548016967,1.625409019775217,,,2,0,0
Uncapped,2011,India,EB-5,2061,exit_pct,2,0.0,0.0,0.0,,,0,2,0
Uncapped,2011,China,EB-1,2061,exit_pct,2,0.0,0.0,0.0,,,0,2,0
Uncapped,2011,China,EB-2,2061,exit_pct,2,10.425574542327887,2.4934765258560443,1.7631541601622824,,,2,0,0
Uncapped,2011,China,EB-3,2061,exit_pct,2,34.87719298245614,0.29772917102591817,0.2105263157894761,,,2,0,0
Uncapped,2011,China,EB-4,2061,exit_pct,2,7.142857142857143,10.101525445522107,7.142857142857142,,,1,1,0
Uncapped,2011,China,EB-5,2061,exit_pct,2,0.0,0.0,0.0,,,0,2,0
Uncapped,2011,ROW,EB-1,2061,exit_pct,2,0.0,0.0,0.0,,,0,2,0
Uncapped,2011,ROW,EB-2,2061,exit_pct,2,0.4529519550435852,0.14877105239382576,0.10519701999193334,,,2,0,0
Uncapped,2011,ROW,EB-3,2061,exit_pct,2,12.365152010460935,0.47387018680366894,0.3350768224910103,,,2,0,0
Uncapped,2011,ROW,EB-4,2061,exit_pct,2,4.720476164257757,0.35700913416093044,0.25244357971073184,,,2,0,0
Uncapped,2011,ROW,EB-5,2061,exit_pct,2,0.0,0.0,0.0,,,0,2,0
Uncapped,2012,India,EB-1,2061,exit_pct,2,0.0,0.0,0.0,,,0,2,0
Uncapped,2012,India,EB-2,2061,exit_pct,2,15.267609246044202,0.06047415497392943,0.04276168506859168,,,2,0,0
Uncapped,2012,India,EB-3,2061,exit_pct,2,25.53611563202356,0.26661043869430107,0.18852204913586057,,,2,0,0
Uncapped,2012,India,EB-4,2061,exit_pct,2,6.4935064935064934,2.040712211216588,1.4430014430014433,,,2,0,0
Uncapped,2012,India,EB-5,2061,exit_pct,2,0.0,0.0,0.0,,,0,2,0
Uncapped,2012,China,EB-1,2061,exit_pct,2,0.0,0.0,0.0,,,0,2,0
Uncapped,2012,China,EB-2,2061,exit_pct,2,13.070101980358602,1.02888662673602,0.7275327108371918,,,2,0,0
Uncapped,2012,China,EB-3,2061,exit_pct,2,37.83251231527093,5.015929876397186,3.546798029556651,,,2,0,0
Uncapped,2012,China,EB-4,2061,exit_pct,2,7.142857142857143,10.101525445522107,7.142857142857142,,,1,1,0
Uncapped,2012,China,EB-5,2061,exit_pct,2,0.0,0.0,0.0,,,0,2,0
Uncapped,2012,ROW,EB-1,2061,exit_pct,2,0.0,0.0,0.0,,,0,2,0
Uncapped,2012,ROW,EB-2,2061,exit_pct,2,0.49217350780650193,0.16029180776748952,0.11334342424104235,,,2,0,0
Uncapped,2012,ROW,EB-3,2061,exit_pct,2,10.27960548011703,0.6439258427040366,0.45532432995728644,,,2,0,0
Uncapped,2012,ROW,EB-4,2061,exit_pct,2,11.182316695312592,0.539215736188415,0.38128310358132467,,,2,0,0
Uncapped,2012,ROW,EB-5,2061,exit_pct,2,0.0,0.0,0.0,,,0,2,0
Uncapped,2013,India,EB-1,2061,exit_pct,2,0.0,0.0,0.0,,,0,2,0
Uncapped,2013,India,EB-2,2061,exit_pct,2,15.331044717937381,0.45695291350396106,0.32311450382160073,,,2,0,0
Uncapped,2013,India,EB-3,2061,exit_pct,2,26.339629651782047,0.28846159365000784,0.20397314898179886,,,2,0,0
Uncapped,2013,India,EB-4,2061,exit_pct,2,12.09271019013666,0.8301834851163357,0.5870283719548421,,,2,0,0
Uncapped,2013,India,EB-5,2061,exit_pct,2,0.0,0.0,0.0,,,0,2,0
Uncapped,2013,China,EB-1,2061,exit_pct,2,0.0,0.0,0.0,,,0,2,0
Uncapped,2013,China,EB-2,2061,exit_pct,2,11.518805236863747,0.8958536103704942,0.6334641628434275,,,2,0,0
Uncapped,2013,China,EB-3,2061,exit_pct,2,36.312479311486264,1.9895424164467543,1.40681893412777,,,2,0,0
Uncapped,2013,China,EB-4,2061,exit_pct,2,7.414772727272727,2.7721799944245333,1.960227272727273,,,2,0,0
Uncapped,2013,China,EB-5,2061,exit_pct,2,0.0,0.0,0.0,,,0,2,0
Uncapped,2013,ROW,EB-1,2061,exit_pct,2,0.0,0.0,0.0,,,0,2,0
Uncapped,2013,ROW,EB-2,2061,exit_pct,2,0.0,0.0,0.0,,,0,2,0
Uncapped,2013,ROW,EB-3,2061,exit_pct,2,7.229682426653947,0.5791572811891709,0.4095260409024268,,,2,0,0
Uncapped,2013,ROW,EB-4,2061,exit_pct,2,19.895145401468785,0.372988056471662,0.2637423840327031,,,2,0,0
Uncapped,2013,ROW,EB-5,2061,exit_pct,2,0.0,0.0,0.0,,,0,2,0
Uncapped,2014,India,EB-1,2061,exit_pct,2,0.014624159110851126,0.020681684152867724,0.014624159110851125,,,1,1,0
Uncapped,2014,India,EB-2,2061,exit_pct,2,16.39236293825619,0.14641356509749412,0.10353002473813609,,,2,0,0
Uncapped,2014,India,EB-3,2061,exit_pct,2,23.846111726855142,0.6619023840076099,0.46803566421532317,,,2,0,0
Uncapped,2014,India,EB-4,2061,exit_pct,2,16.117540505182653,2.513335162675743,1.7771963369226125,,,2,0,0
Uncapped,2014,India,EB-5,2061,exit_pct,2,0.0,0.0,0.0,,,0,2,0
Uncapped,2014,China,EB-1,2061,exit_pct,2,0.04409171075837742,0.06235509534272905,0.044091710758377416,,,1,1,0
Uncapped,2014,China,EB-2,2061,exit_pct,2,13.714156190964854,0.8832238157968609,0.6245335494554185,,,2,0,0
Uncapped,2014,China,EB-3,2061,exit_pct,2,32.72112591405389,0.4788181749795712,0.3385755784834216,,,2,0,0
Uncapped,2014,China,EB-4,2061,exit_pct,2,8.064516129032258,6.842968850192395,4.838709677419354,,,2,0,0
Uncapped,2014,China,EB-5,2061,exit_pct,2,0.23824940807904854,0.20935651279553147,0.1480374098832885,,,2,0,0
Uncapped,2014,ROW,EB-1,2061,exit_pct,2,0.0,0.0,0.0,,,0,2,0
Uncapped,2014,ROW,EB-2,2061,exit_pct,2,0.0818539969624793,0.007591474327905139,0.005367982976465312,,,2,0,0
Uncapped,2014,ROW,EB-3,2061,exit_pct,2,3.8431096964975264,0.3527288954511269,0.24941699389393257,,,2,0,0
Uncapped,2014,ROW,EB-4,2061,exit_pct,2,28.309994946380858,0.2318030095566435,0.1639094799569527,,,2,0,0
Uncapped,2014,ROW,EB-5,2061,exit_pct,2,0.0,0.0,0.0,,,0,2,0
Uncapped,2015,India,EB-1,2061,exit_pct,2,0.5447457780199194,0.1039337276543849,0.07349224361841136,,,2,0,0
Uncapped,2015,India,EB-2,2061,exit_pct,2,16.532047363954923,0.4497436276423592,0.3180167689013498,,,2,0,0
Uncapped,2015,India,EB-3,2061,exit_pct,2,22.93130133082768,1.1146688509347653,0.7881899032733894,,,2,0,0
Uncapped,2015,India,EB-4,2061,exit_pct,2,21.956993095518655,0.9900364499557519,0.7000614873855682,,,2,0,0
Uncapped,2015,India,EB-5,2061,exit_pct,2,0.0,0.0,0.0,,,0,2,0
Uncapped,2015,China,EB-1,2061,exit_pct,2,0.3424780805900446,0.048524030092235076,0.03431167072871951,,,2,0,0
Uncapped,2015,China,EB-2,2061,exit_pct,2,15.087743263993769,1.3236976837347882,0.9359956084097947,,,2,0,0
Uncapped,2015,China,EB-3,2061,exit_pct,2,33.25044495296211,0.7457612327388251,0.5273328248156623,,,2,0,0
Uncapped,2015,China,EB-4,2061,exit_pct,2,0.0,0.0,0.0,,,0,2,0
Uncapped,2015,China,EB-5,2061,exit_pct,2,1.375999855336144,0.24159697948742484,0.1708348625097453,,,2,0,0
Uncapped,2015,ROW,EB-1,2061,exit_pct,2,0.0,0.0,0.0,,,0,2,0
Uncapped,2015,ROW,EB-2,2061,exit_pct,2,0.4058540135598927,0.030640871792225955,0.021666368225750573,,,2,0,0
Uncapped,2015,ROW,EB-3,2061,exit_pct,2,3.485989503965838,0.03556975773339029,0.025151616898442915,,,2,0,0
Uncapped,2015,ROW,EB-4,2061,exit_pct,2,31.644522834702688,0.39969261657276073,0.28262535956879375,,,2,0,0
Uncapped,2015,ROW,EB-5,2061,exit_pct,2,0.0,0.0,0.0,,,0,2,0
Uncapped,2016,India,EB-1,2061,exit_pct,2,0.7696600919939183,0.2878998238382541,0.20357591773844189,,,2,0,0
Uncapped,2016,India,EB-2,2061,exit_pct,2,17.049080299549775,0.14606737846046633,0.10328523381953758,,,2,0,0
Uncapped,2016,India,EB-3,2061,exit_pct,2,22.38217204298713,0.8164765695096767,0.5773361189802219,,,2,0,0
Uncapped,2016,India,EB-4,2061,exit_pct,2,22.596212771172937,0.9121582144856476,0.6449932589778147,,,2,0,0
Uncapped,2016,India,EB-5,2061,exit_pct,2,0.4966887417218543,0.7024239548210737,0.49668874172185423,,,1,1,0
Uncapped,2016,China,EB-1,2061,exit_pct,2,1.4000124362641462,0.05144353525607892,0.03637607262778264,,,2,0,0
Uncapped,2016,China,EB-2,2061,exit_pct,2,14.627408732252988,0.6464605311622632,0.4571166253542937,,,2,0,0
Uncapped,2016,China,EB-3,2061,exit_pct,2,33.70346942876816,3.643660299910323,2.576456906406799,,,2,0,0
Uncapped,2016,China,EB-4,2061,exit_pct,2,0.0,0.0,0.0,,,0,2,0
Uncapped,2016,China,EB-5,2061,exit_pct,2,4.685707493300907,0.5684452571194739,0.40195149604251057,,,2,0,0
Uncapped,2016,ROW,EB-1,2061,exit_pct,2,0.19392181426497446,0.03809478590397016,0.026937081440547003,,,2,0,0
Uncapped,2016,ROW,EB-2,2061,exit_pct,2,0.9767187969598106,0.20771503338110162,0.14687670865816702,,,2,0,0
Uncapped,2016,ROW,EB-3,2061,exit_pct,2,2.3138642196288113,0.16740326743868816,0.11837198559868156,,,2,0,0
Uncapped,2016,ROW,EB-4,2061,exit_pct,2,36.298379244705814,1.2244613433202751,0.8658249191625558,,,2,0,0
Uncapped,2016,ROW,EB-5,2061,exit_pct,2,0.0,0.0,0.0,,,0,2,0
Uncapped,2017,India,EB-1,2061,exit_pct,2,1.725575732106143,0.2045462988934677,0.1446360750141814,,,2,0,0
Uncapped,2017,India,EB-2,2061,exit_pct,2,18.10869258748817,0.21992316711860307,0.15550916280958657,,,2,0,0
Uncapped,2017,India,EB-3,2061,exit_pct,2,21.395533719949878,0.5983677834731039,0.4231099173373955,,,2,0,0
Uncapped,2017,India,EB-4,2061,exit_pct,2,35.786487008596545,2.459130653590422,1.738867960977494,,,2,0,0
Uncapped,2017,India,EB-5,2061,exit_pct,2,1.2741707189005318,0.22559681453512323,0.1595210373718695,,,2,0,0
Uncapped,2017,China,EB-1,2061,exit_pct,2,2.1895704174759865,0.3307830959938267,0.23389897027911555,,,2,0,0
Uncapped,2017,China,EB-2,2061,exit_pct,2,24.78083304823811,0.645600828700515,0.4565087239137888,,,2,0,0
Uncapped,2017,China,EB-3,2061,exit_pct,2,31.79995142435302,0.7409713644997318,0.5239458765028093,,,2,0,0
Uncapped,2017,China,EB-4,2061,exit_pct,2,0.0,0.0,0.0,,,0,2,0
Uncapped,2017,China,EB-5,2061,exit_pct,2,6.10294856650115,0.6843065201443507,0.4838777808042391,,,2,0,0
Uncapped,2017,ROW,EB-1,2061,exit_pct,2,0.5601895985317897,0.08124284720907635,0.057447368184440455,,,2,0,0
Uncapped,2017,ROW,EB-2,2061,exit_pct,2,1.5607802733829725,0.03092771791907611,0.021869199067203415,,,2,0,0
Uncapped,2017,ROW,EB-3,2061,exit_pct,2,2.8289614388531774,0.28966473423904576,0.20482389785102836,,,2,0,0
Uncapped,2017,ROW,EB-4,2061,exit_pct,2,40.269736145654726,0.9184410014704452,0.6494358602595156,,,2,0,0
Uncapped,2017,ROW,EB-5,2061,exit_pct,2,0.0,0.0,0.0,,,0,2,0
Uncapped,2018,India,EB-1,2061,exit_pct,2,2.2281852701229368,0.09051838753111752,0.06400616564532502,,,2,0,0
Uncapped,2018,India,EB-2,2061,exit_pct,2,18.990431901538667,0.17427573020330844,0.12323155062299661,,,2,0,0
Uncapped,2018,India,EB-3,2061,exit_pct,2,21.462018527428825,0.1679726031167129,0.11877456671738429,,,2,0,0
Uncapped,2018,India,EB-4,2061,exit_pct,2,32.676730486008836,4.295751800286463,3.037555228276877,,,2,0,0
Uncapped,2018,India,EB-5,2061,exit_pct,2,2.11580853408912,1.3666722939796678,0.9663832467327979,,,2,0,0
Uncapped,2018,China,EB-1,2061,exit_pct,2,2.9577647001325333,0.07611058595728584,0.05381831145047843,,,2,0,0
Uncapped,2018,China,EB-2,2061,exit_pct,2,25.69037311894455,0.12360885393654848,0.0874046588332309,,,2,0,0
Uncapped,2018,China,EB-3,2061,exit_pct,2,29.718377745644837,1.9085991752745772,1.3495834194037055,,,2,0,0
Uncapped,2018,China,EB-4,2061,exit_pct,2,0.0,0.0,0.0,,,0,2,0
Uncapped,2018,China,EB-5,2061,exit_pct,2,8.481396794767065,0.34095033030479854,0.24108829060631626,,,2,0,0
Uncapped,2018,ROW,EB-1,2061,exit_pct,2,0.8993339499457409,0.10211200412567979,0.07220409055781689,,,2,0,0
Uncapped,2018,ROW,EB-2,2061,exit_pct,2,1.8907441130069955,0.19847355072127543,0.14034199360118604,,,2,0,0
Uncapped,2018,ROW,EB-3,2061,exit_pct,2,3.5362556945407198,0.07058417158339123,0.04991054637105074,,,2,0,0
Uncapped,2018,ROW,EB-4,2061,exit_pct,2,41.923723534244175,0.45980765794208456,0.3251331129723525,,,2,0,0
Uncapped,2018,ROW,EB-5,2061,exit_pct,2,0.0,0.0,0.0,,,0,2,0
Uncapped,2019,India,EB-1,2061,exit_pct,2,1.8318381775939052,0.4323728297587411,0.3057337599232225,,,2,0,0
Uncapped,2019,India,EB-2,2061,exit_pct,2,19.736724955857163,0.2624123646562142,0.18555356251560617,,,2,0,0
Uncapped,2019,India,EB-3,2061,exit_pct,2,20.30745692679504,0.6853594025962226,0.4846222811257501,,,2,0,0
Uncapped,2019,India,EB-4,2061,exit_pct,2,38.252427184466015,2.4714411769626916,1.7475728155339814,,,2,0,0
Uncapped,2019,India,EB-5,2061,exit_pct,2,4.0377410060472165,3.479607331261114,2.460453939801159,,,2,0,0
Uncapped,2019,China,EB-1,2061,exit_pct,2,2.800169568903672,0.11436932220326344,0.08087132328963675,,,2,0,0
Uncapped,2019,China,EB-2,2061,exit_pct,2,27.03541041491875,0.39135293390991055,0.27672831340494847,,,2,0,0
Uncapped,2019,China,EB-3,2061,exit_pct,2,31.54953523698036,0.6464345617269036,0.45709826219044736,,,2,0,0
Uncapped,2019,China,EB-4,2061,exit_pct,2,0.0,0.0,0.0,,,0,2,0
Uncapped,2019,China,EB-5,2061,exit_pct,2,8.289036238040708,2.1401793105729294,1.5133353034612684,,,2,0,0
Uncapped,2019,ROW,EB-1,2061,exit_pct,2,0.706938979914101,0.13833779439934968,0.09781959251417055,,,2,0,0
Uncapped,2019,ROW,EB-2,2061,exit_pct,2,3.29484232492182,0.3335670101608602,0.23586749486486625,,,2,0,0
Uncapped,2019,ROW,EB-3,2061,exit_pct,2,5.433580690298804,0.3118387103803719,0.2205032667464288,,,2,0,0
Uncapped,2019,ROW,EB-4,2061,exit_pct,2,43.574260226896385,0.7385547973854316,0.5222371055090953,,,2,0,0
Uncapped,2019,ROW,EB-5,2061,exit_pct,2,0.0,0.0,0.0,,,0,2,0
Uncapped,2020,India,EB-1,2061,exit_pct,2,1.5253357091640205,0.20344882244328905,0.14386004197406754,,,2,0,0
Uncapped,2020,India,EB-2,2061,exit_pct,2,20.544860180860354,0.4629801892757541,0.32737643139191697,,,2,0,0
Uncapped,2020,India,EB-3,2061,exit_pct,2,19.421570690421078,0.7829739112247739,0.5536461621191915,,,2,0,0
Uncapped,2020,India,EB-4,2061,exit_pct,2,39.94391175117214,2.195830855529615,1.5526868882836489,,,2,0,0
Uncapped,2020,India,EB-5,2061,exit_pct,2,4.6304193319118685,0.48748655135106667,0.34470504619758335,,,2,0,0
Uncapped,2020,China,EB-1,2061,exit_pct,2,2.1149782063135647,0.17511890301476365,0.1238277638356887,,,2,0,0
Uncapped,2020,China,EB-2,2061,exit_pct,2,28.281309697430316,0.20715150901305568,0.14647823675615787,,,2,0,0
Uncapped,2020,China,EB-3,2061,exit_pct,2,29.044942588383194,0.5297396200207668,0.3745824775798692,,,2,0,0
Uncapped,2020,China,EB-4,2061,exit_pct,2,0.0,0.0,0.0,,,0,2,0
Uncapped,2020,China,EB-5,2061,exit_pct,2,7.773471145564169,0.5176923031942856,0.3660637381567615,,,2,0,0
Uncapped,2020,ROW,EB-1,2061,exit_pct,2,0.0,0.0,0.0,,,0,2,0
Uncapped,2020,ROW,EB-2,2061,exit_pct,2,4.015523513980661,0.04518499829663542,0.031950618703453504,,,2,0,0
Uncapped,2020,ROW,EB-3,2061,exit_pct,2,6.458953769888163,0.20769968795067442,0.14686585780025174,,,2,0,0
Uncapped,2020,ROW,EB-4,2061,exit_pct,2,47.00813642047698,0.2097139775729441,0.14829017565143232,,,2,0,0
Uncapped,2020,ROW,EB-5,2061,exit_pct,2,0.0,0.0,0.0,,,0,2,0
Uncapped,2021,India,EB-1,2061,exit_pct,2,1.1975520535358264,0.11807792022310333,0.08349369809816054,,,2,0,0
Uncapped,2021,India,EB-2,2061,exit_pct,2,21.625155389042657,0.25917728642654536,0.18326601676173834,,,2,0,0
Uncapped,2021,India,EB-3,2061,exit_pct,2,19.897555328536864,0.1536868072573018,0.108672983590548,,,2,0,0
Uncapped,2021,India,EB-4,2061,exit_pct,2,46.71996695775313,0.19943181579370428,0.1410195893320747,,,2,0,0
Uncapped,2021,India,EB-5,2061,exit_pct,2,4.520884520884521,1.250901431091681,0.8845208845208844,,,2,0,0
Uncapped,2021,China,EB-1,2061,exit_pct,2,2.664041355945404,0.005576009002912088,0.003942833777916377,,,2,0,0
Uncapped,2021,China,EB-2,2061,exit_pct,2,28.54799659838431,0.08392476955512737,0.05934377366194887,,,2,0,0
Uncapped,2021,China,EB-3,2061,exit_pct,2,30.924997804336556,0.2564620448229605,0.18134605101128365,,,2,0,0
Uncapped,2021,China,EB-4,2061,exit_pct,2,0.0,0.0,0.0,,,0,2,0
Uncapped,2021,China,EB-5,2061,exit_pct,2,5.956391872063919,1.2028435359906424,0.8505388210053882,,,2,0,0
Uncapped,2021,ROW,EB-1,2061,exit_pct,2,0.0,0.0,0.0,,,0,2,0
Uncapped,2021,ROW,EB-2,2061,exit_pct,2,3.58100643330598,0.4443724524555299,0.31421877450380187,,,2,0,0
Uncapped,2021,ROW,EB-3,2061,exit_pct,2,5.489847600204357,0.06733308808518426,0.04761168318326491,,,2,0,0
Uncapped,2021,ROW,EB-4,2061,exit_pct,2,50.12552965445663,0.22734705303155517,0.16075864288139027,,,2,0,0
Uncapped,2021,ROW,EB-5,2061,exit_pct,2,0.4452870968053183,0.10302208967413344,0.07284761822058834,,,2,0,0
Uncapped,2022,India,EB-1,2061,exit_pct,2,1.5047093958189754,0.21117363095394254,0.1493223064553182,,,2,0,0
Uncapped,2022,India,EB-2,2061,exit_pct,2,22.406501023142983,0.15108458417262277,0.10683293400121129,,,2,0,0
Uncapped,2022,India,EB-3,2061,exit_pct,2,21.342074309887558,0.9774532340384106,0.6911638100812816,,,2,0,0
Uncapped,2022,India,EB-4,2061,exit_pct,2,42.68870889079949,3.6491062954576736,2.580307806788642,,,2,0,0
Uncapped,2022,India,EB-5,2061,exit_pct,2,5.655149934810952,5.600617595447557,3.960234680573663,,,2,0,0
Uncapped,2022,China,EB-1,2061,exit_pct,2,2.3988141968424257,0.13774956978055855,0.09740365489736247,,,2,0,0
Uncapped,2022,China,EB-2,2061,exit_pct,2,29.96770988574267,1.6685331399086434,1.1798310978638842,,,2,0,0
Uncapped,2022,China,EB-3,2061,exit_pct,2,28.5211461844928,0.8947728775725569,0.6326999693533554,,,2,0,0
Uncapped,2022,China,EB-4,2061,exit_pct,2,0.0,0.0,0.0,,,0,2,0
Uncapped,2022,China,EB-5,2061,exit_pct,2,7.482039001026342,7.000913529777176,4.950393431406089,,,2,0,0
Uncapped,2022,ROW,EB-1,2061,exit_pct,2,0.0,0.0,0.0,,,0,2,0
Uncapped,2022,ROW,EB-2,2061,exit_pct,2,3.637364792088037,0.10738689113338927,0.07593399893096109,,,2,0,0
Uncapped,2022,ROW,EB-3,2061,exit_pct,2,5.995063101901749,0.28163318448260205,0.19914473455480985,,,2,0,0
Uncapped,2022,ROW,EB-4,2061,exit_pct,2,52.46967278799488,0.7615222205803822,0.538477526196626,,,2,0,0
Uncapped,2022,ROW,EB-5,2061,exit_pct,2,0.0,0.0,0.0,,,0,2,0
Uncapped,2023,India,EB-1,2061,exit_pct,2,1.6409866858080766,0.048682470649270955,0.03442370512101456,,,2,0,0
Uncapped,2023,India,EB-2,2061,exit_pct,2,23.895517826287787,0.08500820659512102,0.060109879339917065,,,2,0,0
Uncapped,2023,India,EB-3,2061,exit_pct,2,20.922765558959984,0.6985208372513415,0.4939288208205283,,,2,0,0
Uncapped,2023,India,EB-4,2061,exit_pct,2,46.49862171331637,0.041232901786746386,0.02915606446140728,,,2,0,0
Uncapped,2023,India,EB-5,2061,exit_pct,2,3.312983312983313,0.49500352610535686,0.35002035002035004,,,2,0,0
Uncapped,2023,China,EB-1,2061,exit_pct,2,2.14465280267318,0.20318956146414988,0.14367671677762117,,,2,0,0
Uncapped,2023,China,EB-2,2061,exit_pct,2,30.746080701049983,0.9712500739297402,0.6867775135036548,,,2,0,0
Uncapped,2023,China,EB-3,2061,exit_pct,2,29.77131185380682,0.008561136741221715,0.006053637844383175,,,2,0,0
Uncapped,2023,China,EB-4,2061,exit_pct,2,0.0,0.0,0.0,,,0,2,0
Uncapped,2023,China,EB-5,2061,exit_pct,2,3.5180385989726792,0.37456314225270065,0.2648561378694261,,,2,0,0
Uncapped,2023,ROW,EB-1,2061,exit_pct,2,0.0,0.0,0.0,,,0,2,0
Uncapped,2023,ROW,EB-2,2061,exit_pct,2,27.228780177440427,0.289313771501799,0.20457572971957738,,,2,0,0
Uncapped,2023,ROW,EB-3,2061,exit_pct,2,31.266734049546848,0.11537233041073378,0.08158055719472479,,,2,0,0
Uncapped,2023,ROW,EB-4,2061,exit_pct,2,53.83563460298218,0.5891504912080257,0.41659230747258036,,,2,0,0
Uncapped,2023,ROW,EB-5,2061,exit_pct,2,0.0,0.0,0.0,,,0,2,0
Uncapped,2024,India,EB-1,2061,exit_pct,2,1.5439424969316686,0.0840509977782437,0.05943303049449155,,,2,0,0
Uncapped,2024,India,EB-2,2061,exit_pct,2,25.47428201726177,0.5111446375050841,0.36143383934698464,,,2,0,0
Uncapped,2024,India,EB-3,2061,exit_pct,2,21.4831620218772,1.3135088567337172,0.9287910197450007,,,2,0,0
Uncapped,2024,India,EB-4,2061,exit_pct,2,46.60470028631812,4.877630222549664,3.449005406485316,,,2,0,0
Uncapped,2024,India,EB-5,2061,exit_pct,2,2.2080758576603454,0.40304935854975815,0.2849989345834222,,,2,0,0
Uncapped,2024,China,EB-1,2061,exit_pct,2,2.2702300574127223,0.3954976607252864,0.2796590778422665,,,2,0,0
Uncapped,2024,China,EB-2,2061,exit_pct,2,31.8341149222094,0.22286071467090618,0.15758632260387806,,,2,0,0
Uncapped,2024,China,EB-3,2061,exit_pct,2,31.126551788030387,0.9197497876467617,0.6503613118399123,,,2,0,0
Uncapped,2024,China,EB-4,2061,exit_pct,2,0.0,0.0,0.0,,,0,2,0
Uncapped,2024,China,EB-5,2061,exit_pct,2,2.595939385517341,0.36154147750731636,0.255648430425627,,,2,0,0
Uncapped,2024,ROW,EB-1,2061,exit_pct,2,0.0,0.0,0.0,,,0,2,0
Uncapped,2024,ROW,EB-2,2061,exit_pct,2,37.53098498028183,0.3940889923160892,0.27866299885767987,,,2,0,0
Uncapped,2024,ROW,EB-3,2061,exit_pct,2,32.17059499868032,0.1054484285538951,0.07456329889592438,,,2,0,0
Uncapped,2024,ROW,EB-4,2061,exit_pct,2,55.30236441134632,0.4256875830478684,0.30100657664005936,,,2,0,0
Uncapped,2024,ROW,EB-5,2061,exit_pct,2,0.0,0.0,0.0,,,0,2,0
Uncapped,2025,India,EB-1,2061,exit_pct,2,1.3913363908843337,0.1666650129191904,0.11784996082170307,,,2,0,0
Uncapped,2025,India,EB-2,2061,exit_pct,2,26.64604640516,0.3786563603202472,0.26775048012186353,,,2,0,0
Uncapped,2025,India,EB-3,2061,exit_pct,2,22.68682579843646,0.5994777242022656,0.4238947639537009,,,2,0,0
Uncapped,2025,India,EB-4,2061,exit_pct,2,49.27455671506404,1.2598149013693667,0.8908236597981407,,,2,0,0
Uncapped,2025,India,EB-5,2061,exit_pct,2,4.0676297601792815,0.2563009670257519,0.18123215180857885,,,2,0,0
Uncapped,2025,China,EB-1,2061,exit_pct,2,2.1811043558396053,0.517139986020683,0.3656731909379413,,,2,0,0
Uncapped,2025,China,EB-2,2061,exit_pct,2,32.551719585748266,2.6953878436143355,1.905927022147482,,,2,0,0
Uncapped,2025,China,EB-3,2061,exit_pct,2,31.952487545887358,0.47582539642016836,0.3364593644694782,,,2,0,0
Uncapped,2025,China,EB-4,2061,exit_pct,2,57.71649733913885,9.099680880291316,6.434446057087562,,,2,0,0
Uncapped,2025,China,EB-5,2061,exit_pct,2,3.150179960524788,1.574221819256014,1.113142923487751,,,2,0,0
Uncapped,2025,ROW,EB-1,2061,exit_pct,2,1.8462042268690375,0.11145184434563019,0.07880835491254268,,,2,0,0
Uncapped,2025,ROW,EB-2,2061,exit_pct,2,37.69730359795339,0.13188740626418602,0.09325847932251108,,,2,0,0
Uncapped,2025,ROW,EB-3,2061,exit_pct,2,34.12128426463311,0.6525158267708896,0.46139836594124256,,,2,0,0
Uncapped,2025,ROW,EB-4,2061,exit_pct,2,55.57202123182335,0.2532394074676714,0.17906730228405363,,,2,0,0
Uncapped,2025,ROW,EB-5,2061,exit_pct,2,2.8074522879717687,0.5808996378262281,0.41075807309573537,,,2,0,0
Uncapped,2026,India,EB-1,2061,exit_pct,2,1.9739496730301807,0.06909952441630157,0.04886074229153225,,,2,0,0
Uncapped,2026,India,EB-2,2061,exit_pct,2,27.441790496849606,0.23769701593010178,0.16807717183198176,,,2,0,0
Uncapped,2026,India,EB-3,2061,exit_pct,2,23.193679340722635,1.27769889152639,0.9034695505128454,,,2,0,0
Uncapped,2026,India,EB-4,2061,exit_pct,2,48.877159353031004,1.1628221740207927,0.8222394445641861,,,2,0,0
Uncapped,2026,India,EB-5,2061,exit_pct,2,2.681244594264931,0.4296805527602273,0.3038300326007408,,,2,0,0
Uncapped,2026,China,EB-1,2061,exit_pct,2,2.2184815559531934,0.17161667283681706,0.1213513131275865,,,2,0,0
Uncapped,2026,China,EB-2,2061,exit_pct,2,31.13675292837656,2.1272552696998566,1.5041966265195865,,,2,0,0
Uncapped,2026,China,EB-3,2061,exit_pct,2,34.36142566496379,0.12662626611834707,0.08953829144861557,,,2,0,0
Uncapped,2026,China,EB-4,2061,exit_pct,2,50.03732736095558,13.59313147857678,9.611795446061961,,,2,0,0
Uncapped,2026,China,EB-5,2061,exit_pct,2,3.1265368630538757,0.4391950797811149,0.31055781917699304,,,2,0,0
Uncapped,2026,ROW,EB-1,2061,exit_pct,2,2.430391033375064,0.07648210673871227,0.054081016314376784,,,2,0,0
Uncapped,2026,ROW,EB-2,2061,exit_pct,2,38.69644959729709,0.7717609536534125,0.5457174037833248,,,2,0,0
Uncapped,2026,ROW,EB-3,2061,exit_pct,2,33.855851657809986,0.45864900846287104,0.32431382406858233,,,2,0,0
Uncapped,2026,ROW,EB-4,2061,exit_pct,2,56.20564745444205,0.9292763993785083,0.6570976435971615,,,2,0,0
Uncapped,2026,ROW,EB-5,2061,exit_pct,2,4.988822583493675,1.6492454111637938,1.1661926140747143,,,2,0,0
Uncapped,2027,India,EB-1,2061,exit_pct,2,2.4009477074884864,0.16979146441134735,0.12006069587285806,,,2,0,0
Uncapped,2027,India,EB-2,2061,exit_pct,2,27.92761482723443,0.25215780296960455,0.17830249240890872,,,2,0,0
Uncapped,2027,India,EB-3,2061,exit_pct,2,23.140224977023593,0.4965435774437301,0.35110933076508916,,,2,0,0
Uncapped,2027,India,EB-4,2061,exit_pct,2,50.85224683255856,4.279636338600557,3.0261598760368216,,,2,0,0
Uncapped,2027,India,EB-5,2061,exit_pct,2,3.187921469223779,0.9777715247527887,0.691388875603807,,,2,0,0
Uncapped,2027,China,EB-1,2061,exit_pct,2,3.5449417483125174,0.11331101202542923,0.08012298498629143,,,2,0,0
Uncapped,2027,China,EB-2,2061,exit_pct,2,32.21871264832946,0.20686838901208185,0.14627804068357975,,,2,0,0
Uncapped,2027,China,EB-3,2061,exit_pct,2,35.86395220336314,0.5991644062387868,0.42367321469705743,,,2,0,0
Uncapped,2027,China,EB-4,2061,exit_pct,2,67.9458519622454,8.237284659127935,5.824639841033282,,,2,0,0
Uncapped,2027,China,EB-5,2061,exit_pct,2,3.8453942927994214,0.30526842252278563,0.2158573716479819,,,2,0,0
Uncapped,2027,ROW,EB-1,2061,exit_pct,2,3.170964534261741,0.27729950396056036,0.19608035967017812,,,2,0,0
Uncapped,2027,ROW,EB-2,2061,exit_pct,2,40.48759900109461,0.10636575151041917,0.07521194417902065,,,2,0,0
Uncapped,2027,ROW,EB-3,2061,exit_pct,2,35.68606980636956,0.4652923842349009,0.329011400126955,,,2,0,0
Uncapped,2027,ROW,EB-4,2061,exit_pct,2,56.20233251921332,0.6929788262072135,0.4900100272298146,,,2,0,0
Uncapped,2027,ROW,EB-5,2061,exit_pct,2,3.9624677150423384,2.791099444707093,1.9736053443183925,,,2,0,0
Uncapped,2028,India,EB-1,2061,exit_pct,2,2.241215012330498,0.8095083597192347,0.5724088505846698,,,2,0,0
Uncapped,2028,India,EB-2,2061,exit_pct,2,28.751066377425065,0.08851118813393218,0.06258686134038172,,,2,0,0
Uncapped,2028,India,EB-3,2061,exit_pct,2,24.17150127604012,0.8668867261490075,0.6129814825805687,,,2,0,0
Uncapped,2028,India,EB-4,2061,exit_pct,2,48.429270294855016,2.4425485389665575,1.7271426352805468,,,2,0,0
Uncapped,2028,India,EB-5,2061,exit_pct,2,2.2564987595728616,0.29593078535258394,0.20925466508467272,,,2,0,0
Uncapped,2028,China,EB-1,2061,exit_pct,2,3.6143605169340463,0.04450928379795004,0.03147281639928701,,,2,0,0
Uncapped,2028,China,EB-2,2061,exit_pct,2,31.870130395357336,1.0642758238658976,0.7525566521084758,,,2,0,0
Uncapped,2028,China,EB-3,2061,exit_pct,2,35.25568083948269,0.1401551246600353,0.09910463906515686,,,2,0,0
Uncapped,2028,China,EB-4,2061,exit_pct,2,38.47685415629667,11.122237075905877,7.864609258337483,,,2,0,0
Uncapped,2028,China,EB-5,2061,exit_pct,2,3.161216469349527,0.0769620010620651,0.054420352844672504,,,2,0,0
Uncapped,2028,ROW,EB-1,2061,exit_pct,2,3.4520051716996933,0.23182420056710087,0.1639244642641473,,,2,0,0
Uncapped,2028,ROW,EB-2,2061,exit_pct,2,39.35508063736596,0.10047268584500035,0.0710449174850254,,,2,0,0
Uncapped,2028,ROW,EB-3,2061,exit_pct,2,36.37295952649667,0.5439849300892762,0.3846554329294171,,,2,0,0
Uncapped,2028,ROW,EB-4,2061,exit_pct,2,56.87844597170993,0.1448865992228726,0.10245029681355076,,,2,0,0
Uncapped,2028,ROW,EB-5,2061,exit_pct,2,4.232182705089109,0.6751362676191228,0.47739343305845744,,,2,0,0
Uncapped,2029,India,EB-1,2061,exit_pct,2,2.254538217079312,0.4020758305402828,0.2843105463262471,,,2,0,0
Uncapped,2029,India,EB-2,2061,exit_pct,2,29.172517504337176,0.31921539155507817,0.22571936802771472,,,2,0,0
Uncapped,2029,India,EB-3,2061,exit_pct,2,25.190726057028463,0.9128268458484337,0.6454660527485547,,,2,0,0
Uncapped,2029,India,EB-4,2061,exit_pct,2,46.67125997169025,2.3796257341879756,1.6826494933303342,,,2,0,0
Uncapped,2029,India,EB-5,2061,exit_pct,2,3.1124388691632614,0.17438446025611165,0.12330843438065253,,,2,0,0
Uncapped,2029,China,EB-1,2061,exit_pct,2,3.213073461426224,0.25847642249519787,0.18277043112319347,,,2,0,0
Uncapped,2029,China,EB-2,2061,exit_pct,2,33.185337989475315,0.4925930085043832,0.348315856678532,,,2,0,0
Uncapped,2029,China,EB-3,2061,exit_pct,2,36.99302090850461,1.6366242548183372,1.1572681088364263,,,2,0,0
Uncapped,2029,China,EB-4,2061,exit_pct,2,53.741765480895914,16.564372291827162,11.712779973649539,,,2,0,0
Uncapped,2029,China,EB-5,2061,exit_pct,2,3.9225404853626884,0.2683202313360799,0.18973105510728525,,,2,0,0
Uncapped,2029,ROW,EB-1,2061,exit_pct,2,3.7830407947130924,0.013700612063316072,0.00968779569637701,,,2,0,0
Uncapped,2029,ROW,EB-2,2061,exit_pct,2,39.97248593388706,1.375521749321817,0.9726407566150391,,,2,0,0
Uncapped,2029,ROW,EB-3,2061,exit_pct,2,36.50778952435209,0.45168502947146394,0.3193895472997177,,,2,0,0
Uncapped,2029,ROW,EB-4,2061,exit_pct,2,56.45223386330355,0.4102652056294747,0.2901013089854949,,,2,0,0
Uncapped,2029,ROW,EB-5,2061,exit_pct,2,6.064213340690662,0.5648121464252955,0.3993824988338557,,,2,0,0
Uncapped,2030,India,EB-1,2061,exit_pct,2,2.9434598335771534,0.1536980084410378,0.10868090402352504,,,2,0,0
Uncapped,2030,India,EB-2,2061,exit_pct,2,29.469714394474366,0.24566310221914323,0.17371004546648017,,,2,0,0
Uncapped,2030,India,EB-3,2061,exit_pct,2,24.647693310071894,0.5504384120706431,0.38921873380070693,,,2,0,0
Uncapped,2030,India,EB-4,2061,exit_pct,2,49.061781098067115,1.0125722150609202,0.7159966797106598,,,2,0,0
Uncapped,2030,India,EB-5,2061,exit_pct,2,2.8371459140004074,0.22425818793999686,0.158574485428979,,,2,0,0
Uncapped,2030,China,EB-1,2061,exit_pct,2,4.042441956979256,0.34184780637698675,0.24172290202291322,,,2,0,0
Uncapped,2030,China,EB-2,2061,exit_pct,2,33.33936620816818,1.719128773990146,1.2156076138213479,,,2,0,0
Uncapped,2030,China,EB-3,2061,exit_pct,2,38.31408594110145,0.9002300739103735,0.636558789890092,,,2,0,0
Uncapped,2030,China,EB-4,2061,exit_pct,2,49.31203931203932,2.884022743905822,2.0393120393120405,,,2,0,0
Uncapped,2030,China,EB-5,2061,exit_pct,2,3.488089181836279,0.05630453677803144,0.03981331976731339,,,2,0,0
Uncapped,2030,ROW,EB-1,2061,exit_pct,2,4.237204564770302,0.4391175453990693,0.3105029940896735,,,2,0,0
Uncapped,2030,ROW,EB-2,2061,exit_pct,2,40.473706336467174,0.6288456316674647,0.44466101047160217,,,2,0,0
Uncapped,2030,ROW,EB-3,2061,exit_pct,2,37.046228003557005,0.5351574965783944,0.37841349483339926,,,2,0,0
Uncapped,2030,ROW,EB-4,2061,exit_pct,2,56.5904944184736,1.1005601695508749,0.7782135589932401,,,2,0,0
Uncapped,2030,ROW,EB-5,2061,exit_pct,2,5.164578624253948,0.35240478103747236,0.24918781039415713,,,2,0,0
Uncapped,2031,India,EB-1,2061,exit_pct,2,3.198550535983305,0.15392648327173905,0.10884246012564434,,,2,0,0
Uncapped,2031,India,EB-2,2061,exit_pct,2,30.15309928098934,0.1448761769552414,0.10244292715743342,,,2,0,0
Uncapped,2031,India,EB-3,2061,exit_pct,2,25.172330830948937,0.21346851018276936,0.15094503112002577,,,2,0,0
Uncapped,2031,India,EB-4,2061,exit_pct,2,49.94728885706329,3.9227449829519863,2.773799578310857,,,2,0,0
Uncapped,2031,India,EB-5,2061,exit_pct,2,3.3141686887159687,1.0812986641302273,0.7645936178944388,,,2,0,0
Uncapped,2031,China,EB-1,2061,exit_pct,2,5.277272558553877,0.1482926882336953,0.10485876545042848,,,2,0,0
Uncapped,2031,China,EB-2,2061,exit_pct,2,33.27234942085373,0.5656387040383105,0.39996696332705994,,,2,0,0
Uncapped,2031,China,EB-3,2061,exit_pct,2,37.42747620742541,0.7058193763424646,0.4990896673046165,,,2,0,0
Uncapped,2031,China,EB-4,2061,exit_pct,2,55.579196217494086,9.39465747108368,6.643026004728131,,,2,0,0
Uncapped,2031,China,EB-5,2061,exit_pct,2,3.972263948877787,0.8343928679030801,0.5900048550679591,,,2,0,0
Uncapped,2031,ROW,EB-1,2061,exit_pct,2,4.909352893380571,0.1085121020896656,0.07672964322840947,,,2,0,0
Uncapped,2031,ROW,EB-2,2061,exit_pct,2,40.455940556362975,0.15391686214539643,0.10883565696196483,,,2,0,0
Uncapped,2031,ROW,EB-3,2061,exit_pct,2,37.712294941555314,0.3812124611197786,0.2695579163306085,,,2,0,0
Uncapped,2031,ROW,EB-4,2061,exit_pct,2,56.144690255050065,1.4655534804435075,1.0363028042131504,,,2,0,0
Uncapped,2031,ROW,EB-5,2061,exit_pct,2,4.59020921372001,0.33338692208978365,0.2357401533685972,,,2,0,0
Uncapped,2032,India,EB-1,2061,exit_pct,2,3.622975116389502,0.0025529382591022156,0.001805199954961756,,,2,0,0
Uncapped,2032,India,EB-2,2061,exit_pct,2,29.53673347517672,0.30311648354921583,0.21433572100707107,,,2,0,0
Uncapped,2032,India,EB-3,2061,exit_pct,2,26.35449759197814,0.7115439578521368,0.5031375577095608,,,2,0,0
Uncapped,2032,India,EB-4,2061,exit_pct,2,51.54918203806595,3.4285173897509362,2.4243278957088883,,,2,0,0
Uncapped,2032,India,EB-5,2061,exit_pct,2,4.326022167247794,0.38194812790585664,0.27007811130373804,,,2,0,0
Uncapped,2032,China,EB-1,2061,exit_pct,2,4.203414773686805,0.7575508715525306,0.5356693583685737,,,2,0,0
Uncapped,2032,China,EB-2,2061,exit_pct,2,33.63649916635227,0.3545043002954886,0.25067239469873215,,,2,0,0
Uncapped,2032,China,EB-3,2061,exit_pct,2,37.90367789349921,0.6320551584938139,0.44693048865491386,,,2,0,0
Uncapped,2032,China,EB-4,2061,exit_pct,2,61.3921568627451,0.859620008501295,0.6078431372549034,,,2,0,0
Uncapped,2032,China,EB-5,2061,exit_pct,2,4.321038445049807,0.2753026366205329,0.19466836123291476,,,2,0,0
Uncapped,2032,ROW,EB-1,2061,exit_pct,2,5.014570267413546,0.5736742854157724,0.4056489774098395,,,2,0,0
Uncapped,2032,ROW,EB-2,2061,exit_pct,2,40.55661911489822,0.11243502115918094,0.0795035659045098,,,2,0,0
Uncapped,2032,ROW,EB-3,2061,exit_pct,2,38.304236904559275,0.11082441167331443,0.07836469301521021,,,2,0,0
Uncapped,2032,ROW,EB-4,2061,exit_pct,2,55.03490830213941,0.40143810485556614,0.28385960617004713,,,2,0,0
Uncapped,2032,ROW,EB-5,2061,exit_pct,2,4.860684734447072,1.4265469021960755,1.0087209882235075,,,2,0,0
Uncapped,2033,India,EB-1,2061,exit_pct,2,3.72791495653071,0.22781668002829233,0.1610907193154114,,,2,0,0
Uncapped,2033,India,EB-2,2061,exit_pct,2,29.90532612730392,0.48010668856784194,0.3394866951793389,,,2,0,0
Uncapped,2033,India,EB-3,2061,exit_pct,2,26.738977070421875,0.1284123804473534,0.0908012650026304,,,2,0,0
Uncapped,2033,India,EB-4,2061,exit_pct,2,51.29197098803003,1.675056919015909,1.1844441063095947,,,2,0,0
Uncapped,2033,India,EB-5,2061,exit_pct,2,4.097513375838316,0.0725075796696613,0.051270601271841354,,,2,0,0
Uncapped,2033,China,EB-1,2061,exit_pct,2,5.137853947265659,0.6117603668097722,0.4325799038323596,,,2,0,0
Uncapped,2033,China,EB-2,2061,exit_pct,2,32.44074299904183,0.19872380662108663,0.1405189512449745,,,2,0,0
Uncapped,2033,China,EB-3,2061,exit_pct,2,38.68710603000872,0.7168237587982529,0.5068709407618747,,,2,0,0
Uncapped,2033,China,EB-4,2061,exit_pct,2,51.714285714285715,0.4040610178208829,0.2857142857142847,,,2,0,0
Uncapped,2033,China,EB-5,2061,exit_pct,2,4.212448739790044,0.8768484527522953,0.62002548701408,,,2,0,0
Uncapped,2033,ROW,EB-1,2061,exit_pct,2,5.053077237959884,0.1610852725482579,0.11390448856815637,,,2,0,0
Uncapped,2033,ROW,EB-2,2061,exit_pct,2,40.69183230023442,0.04571341510516499,0.03232426581205771,,,2,0,0
Uncapped,2033,ROW,EB-3,2061,exit_pct,2,39.336878627449565,0.6154438128878663,0.435184493532315,,,2,0,0
Uncapped,2033,ROW,EB-4,2061,exit_pct,2,56.6599006084789,0.16749673761249503,0.11843807899241908,,,2,0,0
Uncapped,2033,ROW,EB-5,2061,exit_pct,2,4.864267990779716,0.16444016575103362,0.11627675630199573,,,2,0,0
Uncapped,2034,India,EB-1,2061,exit_pct,2,4.76554498451363,0.2721487247523835,0.19243820876368156,,,2,0,0
Uncapped,2034,India,EB-2,2061,exit_pct,2,29.33728445998571,0.3191451029307099,0.22566966646478367,,,2,0,0
Uncapped,2034,India,EB-3,2061,exit_pct,2,27.363139377920756,0.11943154213410724,0.0844508533305941,,,2,0,0
Uncapped,2034,India,EB-4,2061,exit_pct,2,47.39002708369736,0.24541164496448714,0.17353223833653428,,,2,0,0
Uncapped,2034,India,EB-5,2061,exit_pct,2,3.395171563176093,0.8788615128199665,0.6214489354388661,,,2,0,0
Uncapped,2034,China,EB-1,2061,exit_pct,2,5.868278285077017,0.14295226770648434,0.10108251788124978,,,2,0,0
Uncapped,2034,China,EB-2,2061,exit_pct,2,33.15903913211933,1.4155724347615792,1.0009608678806643,,,2,0,0
Uncapped,2034,China,EB-3,2061,exit_pct,2,36.94618163379914,1.8483095432057512,1.3069522117325967,,,2,0,0
Uncapped,2034,China,EB-4,2061,exit_pct,2,67.53246753246754,5.50992297028479,3.8961038961038987,,,2,0,0
Uncapped,2034,China,EB-5,2061,exit_pct,2,4.44509897770087,0.019091527295391396,0.013499748413779322,,,2,0,0
Uncapped,2034,ROW,EB-1,2061,exit_pct,2,6.501151489026007,0.24107573281221276,0.1704662854510319,,,2,0,0
Uncapped,2034,ROW,EB-2,2061,exit_pct,2,40.69230742060314,0.35507286132683274,0.251074428059514,,,2,0,0
Uncapped,2034,ROW,EB-3,2061,exit_pct,2,39.15189732646353,0.1404262284291054,0.09929633837867156,,,2,0,0
Uncapped,2034,ROW,EB-4,2061,exit_pct,2,55.472704266088215,0.006391059121350422,0.0045191612436710216,,,2,0,0
Uncapped,2034,ROW,EB-5,2061,exit_pct,2,5.836038961038961,0.10331105569283972,0.07305194805194803,,,2,0,0
Uncapped,2035,India,EB-1,2061,exit_pct,2,4.404189390787226,0.8086524420023551,0.5718036253629266,,,2,0,0
Uncapped,2035,India,EB-2,2061,exit_pct,2,30.096440283613497,0.431987351600745,0.3054611857037041,,,2,0,0
Uncapped,2035,India,EB-3,2061,exit_pct,2,27.3836692069399,0.4278754062101261,0.3025536012341288,,,2,0,0
Uncapped,2035,India,EB-4,2061,exit_pct,2,48.72988086554826,0.4036680579202565,0.2854364211038174,,,2,0,0
Uncapped,2035,India,EB-5,2061,exit_pct,2,3.82380204975241,0.25727431237528864,0.18192041090567268,,,2,0,0
Uncapped,2035,China,EB-1,2061,exit_pct,2,6.788273583407035,1.2898944331862574,0.9120931007207806,,,2,0,0
Uncapped,2035,China,EB-2,2061,exit_pct,2,32.44299819415923,3.044607766352177,2.152862797640852,,,2,0,0
Uncapped,2035,China,EB-3,2061,exit_pct,2,39.27620934708196,1.9169091425292537,1.3554594536009255,,,2,0,0
Uncapped,2035,China,EB-4,2061,exit_pct,2,57.25152129817444,1.936296459638618,1.369168356997971,,,2,0,0
Uncapped,2035,China,EB-5,2061,exit_pct,2,4.8779802478900205,1.0247753728032654,0.7246256153021612,,,2,0,0
Uncapped,2035,ROW,EB-1,2061,exit_pct,2,6.458744124799354,0.3868773073414598,0.2735635675083383,,,2,0,0
Uncapped,2035,ROW,EB-2,2061,exit_pct,2,40.45213240469302,0.40115413150719814,0.28365880668973986,,,2,0,0
Uncapped,2035,ROW,EB-3,2061,exit_pct,2,41.00909477322986,0.48339420780049663,0.3418113223220302,,,2,0,0
Uncapped,2035,ROW,EB-4,2061,exit_pct,2,56.500453049282,0.7758530038088467,0.5486109201971877,,,2,0,0
Uncapped,2035,ROW,EB-5,2061,exit_pct,2,6.720518867924529,0.2184693121118812,0.1544811320754715,,,2,0,0
Uncapped,2036,India,EB-1,2061,exit_pct,2,3.9393360445964216,0.0870020696619694,0.061519753435242956,,,2,0,0
Uncapped,2036,India,EB-2,2061,exit_pct,2,29.66059898493856,0.6615909167330734,0.46781542359338063,,,2,0,0
Uncapped,2036,India,EB-3,2061,exit_pct,2,28.131673039508897,1.3034364141703865,0.9216687273053575,,,2,0,0
Uncapped,2036,India,EB-4,2061,exit_pct,2,50.71383827197781,0.186432507047964,0.13182768996722413,,,2,0,0
Uncapped,2036,India,EB-5,2061,exit_pct,2,3.373824777435727,1.1707650341635991,0.8278558948331809,,,2,0,0
Uncapped,2036,China,EB-1,2061,exit_pct,2,6.981144401910948,0.036137648989763106,0.02555317665680068,,,2,0,0
Uncapped,2036,China,EB-2,2061,exit_pct,2,32.119208741578205,1.2120840049220263,0.8570728192481134,,,2,0,0
Uncapped,2036,China,EB-3,2061,exit_pct,2,39.679163130440685,0.022824630526773255,0.01613945102355885,,,2,0,0
Uncapped,2036,China,EB-4,2061,exit_pct,2,56.99643493761141,2.962033753633492,2.0944741532976856,,,2,0,0
Uncapped,2036,China,EB-5,2061,exit_pct,2,4.648067753812298,0.128613156624075,0.09094323519869095,,,2,0,0
Uncapped,2036,ROW,EB-1,2061,exit_pct,2,6.996302946994549,0.489941540461587,0.3464409856453714,,,2,0,0
Uncapped,2036,ROW,EB-2,2061,exit_pct,2,40.87440798070871,0.36086504387143353,0.2551701196146716,,,2,0,0
Uncapped,2036,ROW,EB-3,2061,exit_pct,2,40.869318552824176,0.5007090219369269,0.3540547448128848,,,2,0,0
Uncapped,2036,ROW,EB-4,2061,exit_pct,2,56.17077779429421,1.4531897916047833,1.027560355994808,,,2,0,0
Uncapped,2036,ROW,EB-5,2061,exit_pct,2,6.208096585568809,0.09986758112466392,0.07061704383394751,,,2,0,0
Uncapped,2037,India,EB-1,2061,exit_pct,2,4.658208733786452,1.0009091203863811,0.7077496263766725,,,2,0,0
Uncapped,2037,India,EB-2,2061,exit_pct,2,29.321611223996584,0.33120960656455406,0.2342005587959246,,,2,0,0
Uncapped,2037,India,EB-3,2061,exit_pct,2,28.310474476610437,0.02260656947501714,0.015985258575149427,,,2,0,0
Uncapped,2037,India,EB-4,2061,exit_pct,2,52.74106587126448,2.6229785701069974,1.8547259338296518,,,2,0,0
Uncapped,2037,India,EB-5,2061,exit_pct,2,3.161606384449756,0.48748645207535146,0.3447049759990519,,,2,0,0
Uncapped,2037,China,EB-1,2061,exit_pct,2,7.090854157732642,0.4851693637239574,0.3430665471131728,,,2,0,0
Uncapped,2037,China,EB-2,2061,exit_pct,2,33.99531024531024,0.20662211138567818,0.14610389610389518,,,2,0,0
Uncapped,2037,China,EB-3,2061,exit_pct,2,39.73974697121163,2.1477646872313754,1.5186989747343098,,,2,0,0
Uncapped,2037,China,EB-4,2061,exit_pct,2,63.39712918660287,0.33832860343853904,0.23923444976076522,,,2,0,0
Uncapped,2037,China,EB-5,2061,exit_pct,2,4.423205643085161,0.18149146865487273,0.12833384821336624,,,2,0,0
Uncapped,2037,ROW,EB-1,2061,exit_pct,2,7.1257498125627095,0.24627238191441206,0.174140871270644,,,2,0,0
Uncapped,2037,ROW,EB-2,2061,exit_pct,2,40.654361956608454,0.8018761865663488,0.5670120891930743,,,2,0,0
Uncapped,2037,ROW,EB-3,2061,exit_pct,2,40.65616360871407,0.2781253840630422,0.19666434509109007,,,2,0,0
Uncapped,2037,ROW,EB-4,2061,exit_pct,2,55.995117247132896,0.44061295953312435,0.31156041156454606,,,2,0,0
Uncapped,2037,ROW,EB-5,2061,exit_pct,2,6.24719757769952,0.8339691241115165,0.5897052229594587,,,2,0,0
Uncapped,2038,India,EB-1,2061,exit_pct,2,4.460039298287398,0.8658777970237261,0.6122680619543457,,,2,0,0
Uncapped,2038,India,EB-2,2061,exit_pct,2,29.0739975452004,0.40707470616026037,0.28784528517544133,,,2,0,0
Uncapped,2038,India,EB-3,2061,exit_pct,2,27.59023527805418,0.8172290035912227,0.5778681702216789,,,2,0,0
Uncapped,2038,India,EB-4,2061,exit_pct,2,48.69396097046413,0.9519462336385336,0.6731276371308006,,,2,0,0
Uncapped,2038,India,EB-5,2061,exit_pct,2,2.751243813226724,1.49048383195604,1.0539312248250263,,,2,0,0
Uncapped,2038,China,EB-1,2061,exit_pct,2,6.509703194750367,0.3400234633581596,0.2404328967030902,,,2,0,0
Uncapped,2038,China,EB-2,2061,exit_pct,2,31.51885895120954,1.1656695169379587,0.8242528200492777,,,2,0,0
Uncapped,2038,China,EB-3,2061,exit_pct,2,41.51986782146365,2.0151375895715606,1.4249174546099643,,,2,0,0
Uncapped,2038,China,EB-4,2061,exit_pct,2,51.82957393483709,23.67655788634655,16.741854636591476,,,2,0,0
Uncapped,2038,China,EB-5,2061,exit_pct,2,4.819184031402681,1.4495290386456603,1.0249718127531635,,,2,0,0
Uncapped,2038,ROW,EB-1,2061,exit_pct,2,7.656112775268802,0.013945645022459752,0.009861060163401714,,,2,0,0
Uncapped,2038,ROW,EB-2,2061,exit_pct,2,40.91603442467658,0.8151693612666421,0.5764117831671491,,,2,0,0
Uncapped,2038,ROW,EB-3,2061,exit_pct,2,41.23661654125161,1.0053412344102777,0.7108836042579617,,,2,0,0
Uncapped,2038,ROW,EB-4,2061,exit_pct,2,55.41293366520545,0.925233099945782,0.654238599149913,,,2,0,0
Uncapped,2038,ROW,EB-5,2061,exit_pct,2,5.661623142617367,1.7723921022237723,1.2532704744039098,,,2,0,0
Uncapped,2039,India,EB-1,2061,exit_pct,2,4.7198042288230955,0.16815769804488773,0.11890544859625995,,,2,0,0
Uncapped,2039,India,EB-2,2061,exit_pct,2,29.382987914342834,0.42016332621706914,0.2971003371739851,,,2,0,0
Uncapped,2039,India,EB-3,2061,exit_pct,2,28.08853616506981,0.11816293257330526,0.08355381090747292,,,2,0,0
Uncapped,2039,India,EB-4,2061,exit_pct,2,48.84852409613057,1.021474229537415,0.7222913545132101,,,2,0,0
Uncapped,2039,India,EB-5,2061,exit_pct,2,3.111983254840398,0.16798873817827964,0.118785975928833,,,2,0,0
Uncapped,2039,China,EB-1,2061,exit_pct,2,7.2710039824377475,0.28015379830306686,0.19809865055526685,,,2,0,0
Uncapped,2039,China,EB-2,2061,exit_pct,2,33.45024203413436,1.0677161841507434,0.7549893541956152,,,2,0,0
Uncapped,2039,China,EB-3,2061,exit_pct,2,40.153053769725304,2.959537368072569,2.0927089421391005,,,2,0,0
Uncapped,2039,China,EB-4,2061,exit_pct,2,60.85947856827221,10.795642638088916,7.633672116659302,,,2,0,0
Uncapped,2039,China,EB-5,2061,exit_pct,2,5.3240993776089525,1.533757125331958,1.084530064015413,,,2,0,0
Uncapped,2039,ROW,EB-1,2061,exit_pct,2,8.200839510637127,0.3490990125998132,0.24685027911485588,,,2,0,0
Uncapped,2039,ROW,EB-2,2061,exit_pct,2,41.29370391513422,0.16891192581012535,0.11943876816361865,,,2,0,0
Uncapped,2039,ROW,EB-3,2061,exit_pct,2,42.278108774772576,1.3541521198175326,0.9575301466811155,,,2,0,0
Uncapped,2039,ROW,EB-4,2061,exit_pct,2,55.78107494687078,0.8907975626379555,0.6298889972057466,,,2,0,0
Uncapped,2039,ROW,EB-5,2061,exit_pct,2,5.659259925632721,0.42725805568276815,0.30211706848986486,,,2,0,0
Uncapped,2040,India,EB-1,2061,exit_pct,2,5.559742544885508,0.11099940777433837,0.07848843394492544,,,2,0,0
Uncapped,2040,India,EB-2,2061,exit_pct,2,29.512067566983884,0.5443257840441726,0.3848964530723187,,,2,0,0
Uncapped,2040,India,EB-3,2061,exit_pct,2,29.1876121278698,0.11034130749387734,0.07802308677391068,,,2,0,0
Uncapped,2040,India,EB-4,2061,exit_pct,2,51.03189189063916,1.5328958168618327,1.083921026955494,,,2,0,0
Uncapped,2040,India,EB-5,2061,exit_pct,2,3.174971629010626,0.7477400708926145,0.5287320746930775,,,2,0,0
Uncapped,2040,China,EB-1,2061,exit_pct,2,6.558528899967079,0.49576954775568133,0.3505620091238302,,,2,0,0
Uncapped,2040,China,EB-2,2061,exit_pct,2,33.82367934370258,0.8901705839126458,0.6294456562974204,,,2,0,0
Uncapped,2040,China,EB-3,2061,exit_pct,2,41.36358382149503,0.19595640282114946,0.13856210125175747,,,2,0,0
Uncapped,2040,China,EB-4,2061,exit_pct,2,51.271186440677965,1.7977291047115604,1.2711864406779652,,,2,0,0
Uncapped,2040,China,EB-5,2061,exit_pct,2,4.44833003034752,0.1582937102991369,0.11193055597169854,,,2,0,0
Uncapped,2040,ROW,EB-1,2061,exit_pct,2,8.27777603201842,0.9744451054146505,0.6890367419327394,,,2,0,0
Uncapped,2040,ROW,EB-2,2061,exit_pct,2,40.46501517162784,0.6401659453537399,0.4526656810443263,,,2,0,0
Uncapped,2040,ROW,EB-3,2061,exit_pct,2,42.60202090073956,0.0007448961098006859,0.0005267210905195441,,,2,0,0
Uncapped,2040,ROW,EB-4,2061,exit_pct,2,56.58721275451593,0.19052161383031418,0.13471912510201986,,,2,0,0
Uncapped,2040,ROW,EB-5,2061,exit_pct,2,5.7712188007823375,0.28624271204930074,0.2024041627552888,,,2,0,0
Capped,2009,India,EB-1,2061,exit_pct,2,0.0,0.0,0.0,,,0,2,0
Capped,2009,India,EB-2,2061,exit_pct,2,2.1145607917941573,0.3610441269546056,0.25529675047717837,,,2,0,0
Capped,2009,India,EB-3,2061,exit_pct,2,26.81887234989286,0.050257343487170265,0.03553730838419966,,,2,0,0
Capped,2009,India,EB-4,2061,exit_pct,2,0.0,0.0,0.0,,,0,2,0
Capped,2009,India,EB-5,2061,exit_pct,2,0.0,0.0,0.0,,,0,2,0
Capped,2009,China,EB-1,2061,exit_pct,2,0.0,0.0,0.0,,,0,2,0
Capped,2009,China,EB-2,2061,exit_pct,2,2.9447472238983945,0.11279070617612595,0.07975507319195806,,,2,0,0
Capped,2009,China,EB-3,2061,exit_pct,2,24.469441639850473,0.9741561819050425,0.6888324421598514,,,2,0,0
Capped,2009,China,EB-4,2061,exit_pct,2,0.0,0.0,0.0,,,0,2,0
Capped,2009,China,EB-5,2061,exit_pct,2,0.0,0.0,0.0,,,0,2,0
Capped,2009,ROW,EB-1,2061,exit_pct,2,0.0,0.0,0.0,,,0,2,0
Capped,2009,ROW,EB-2,2061,exit_pct,2,0.0,0.0,0.0,,,0,2,0
Capped,2009,ROW,EB-3,2061,exit_pct,2,7.595231343369503,0.09120274499133316,0.0644900794461991,,,2,0,0
Capped,2009,ROW,EB-4,2061,exit_pct,2,0.05601194921583271,0.07921285823598366,0.056011949215832704,,,1,1,0
Capped,2009,ROW,EB-5,2061,exit_pct,2,0.0,0.0,0.0,,,0,2,0
Capped,2010,India,EB-1,2061,exit_pct,2,0.0,0.0,0.0,,,0,2,0
Capped,2010,India,EB-2,2061,exit_pct,2,5.242745344061833,0.004589708913512306,0.003245414296416893,,,2,0,0
Capped,2010,India,EB-3,2061,exit_pct,2,33.806424263145445,1.1942073662826416,0.844432126841383,,,2,0,0
Capped,2010,India,EB-4,2061,exit_pct,2,0.0,0.0,0.0,,,0,2,0
Capped,2010,India,EB-5,2061,exit_pct,2,0.0,0.0,0.0,,,0,2,0
Capped,2010,China,EB-1,2061,exit_pct,2,0.0,0.0,0.0,,,0,2,0
Capped,2010,China,EB-2,2061,exit_pct,2,6.244549327613689,0.3715913865389189,0.2627547892521811,,,2,0,0
Capped,2010,China,EB-3,2061,exit_pct,2,33.779761904761905,2.3149329145988125,1.636904761904759,,,2,0,0
Capped,2010,China,EB-5,2061,exit_pct,2,0.0,0.0,0.0,,,0,2,0
Capped,2010,ROW,EB-1,2061,exit_pct,2,0.0,0.0,0.0,,,0,2,0
Capped,2010,ROW,EB-2,2061,exit_pct,2,0.026988718034493292,0.007530602185212055,0.0053249398715816765,,,2,0,0
Capped,2010,ROW,EB-3,2061,exit_pct,2,13.365563384170553,0.7503938978516573,0.5306086137319124,,,2,0,0
Capped,2010,ROW,EB-4,2061,exit_pct,2,1.0971707565957798,0.22543178756694057,0.1594043456835889,,,2,0,0
Capped,2010,ROW,EB-5,2061,exit_pct,2,0.0,0.0,0.0,,,0,2,0
Capped,2011,India,EB-1,2061,exit_pct,2,0.0,0.0,0.0,,,0,2,0
Capped,2011,India,EB-2,2061,exit_pct,2,13.960627382125885,0.28238728109847505,0.19967796138556348,,,2,0,0
Capped,2011,India,EB-3,2061,exit_pct,2,34.88271751302622,0.4446828693075508,0.31443827236486044,,,2,0,0
Capped,2011,India,EB-4,2061,exit_pct,2,2.130459524825722,2.29867548016967,1.625409019775217,,,2,0,0
Capped,2011,India,EB-5,2061,exit_pct,2,0.0,0.0,0.0,,,0,2,0
Capped,2011,China,EB-1,2061,exit_pct,2,0.0,0.0,0.0,,,0,2,0
Capped,2011,China,EB-2,2061,exit_pct,2,10.425574542327887,2.4934765258560443,1.7631541601622824,,,2,0,0
Capped,2011,China,EB-3,2061,exit_pct,2,34.87719298245614,0.29772917102591817,0.2105263157894761,,,2,0,0
Capped,2011,China,EB-4,2061,exit_pct,2,7.142857142857143,10.101525445522107,7.142857142857142,,,1,1,0
Capped,2011,China,EB-5,2061,exit_pct,2,0.0,0.0,0.0,,,0,2,0
Capped,2011,ROW,EB-1,2061,exit_pct,2,0.0,0.0,0.0,,,0,2,0
Capped,2011,ROW,EB-2,2061,exit_pct,2,0.4529519550435852,0.14877105239382576,0.10519701999193334,,,2,0,0
Capped,2011,ROW,EB-3,2061,exit_pct,2,12.365152010460935,0.47387018680366894,0.3350768224910103,,,2,0,0
Capped,2011,ROW,EB-4,2061,exit_pct,2,4.720476164257757,0.35700913416093044,0.25244357971073184,,,2,0,0
Capped,2011,ROW,EB-5,2061,exit_pct,2,0.0,0.0,0.0,,,0,2,0
Capped,2012,India,EB-1,2061,exit_pct,2,0.0,0.0,0.0,,,0,2,0
Capped,2012,India,EB-2,2061,exit_pct,2,15.267609246044202,0.06047415497392943,0.04276168506859168,,,2,0,0
Capped,2012,India,EB-3,2061,exit_pct,2,34.789140952823814,0.7227565908165516,0.5110660865136544,,,2,0,0
Capped,2012,India,EB-4,2061,exit_pct,2,6.4935064935064934,2.040712211216588,1.4430014430014433,,,2,0,0
Capped,2012,India,EB-5,2061,exit_pct,2,0.0,0.0,0.0,,,0,2,0
Capped,2012,China,EB-1,2061,exit_pct,2,0.0,0.0,0.0,,,0,2,0
Capped,2012,China,EB-2,2061,exit_pct,2,13.070101980358602,1.02888662673602,0.7275327108371918,,,2,0,0
Capped,2012,China,EB-3,2061,exit_pct,2,37.83251231527093,5.015929876397186,3.546798029556651,,,2,0,0
Capped,2012,China,EB-4,2061,exit_pct,2,7.142857142857143,10.101525445522107,7.142857142857142,,,1,1,0
Capped,2012,China,EB-5,2061,exit_pct,2,0.0,0.0,0.0,,,0,2,0
Capped,2012,ROW,EB-1,2061,exit_pct,2,0.0,0.0,0.0,,,0,2,0
Capped,2012,ROW,EB-2,2061,exit_pct,2,0.49217350780650193,0.16029180776748952,0.11334342424104235,,,2,0,0
Capped,2012,ROW,EB-3,2061,exit_pct,2,10.27960548011703,0.6439258427040366,0.45532432995728644,,,2,0,0
Capped,2012,ROW,EB-4,2061,exit_pct,2,11.182316695312592,0.539215736188415,0.38128310358132467,,,2,0,0
Capped,2012,ROW,EB-5,2061,exit_pct,2,0.0,0.0,0.0,,,0,2,0
Capped,2013,India,EB-1,2061,exit_pct,2,0.0,0.0,0.0,,,0,2,0
Capped,2013,India,EB-2,2061,exit_pct,2,16.56107512575065,0.4441322928866336,0.3140489560440684,,,2,0,0
Capped,2013,India,EB-3,2061,exit_pct,2,35.33516438465229,0.190431146249771,0.13465515486234025,,,2,0,0
Capped,2013,India,EB-4,2061,exit_pct,2,12.09271019013666,0.8301834851163357,0.5870283719548421,,,2,0,0
Capped,2013,India,EB-5,2061,exit_pct,2,0.0,0.0,0.0,,,0,2,0
Capped,2013,China,EB-1,2061,exit_pct,2,0.0,0.0,0.0,,,0,2,0
Capped,2013,China,EB-2,2061,exit_pct,2,11.518805236863747,0.8958536103704942,0.6334641628434275,,,2,0,0
Capped,2013,China,EB-3,2061,exit_pct,2,36.312479311486264,1.9895424164467543,1.40681893412777,,,2,0,0
Capped,2013,China,EB-4,2061,exit_pct,2,7.414772727272727,2.7721799944245333,1.960227272727273,,,2,0,0
Capped,2013,China,EB-5,2061,exit_pct,2,0.0,0.0,0.0,,,0,2,0
Capped,2013,ROW,EB-1,2061,exit_pct,2,0.0,0.0,0.0,,,0,2,0
Capped,2013,ROW,EB-2,2061,exit_pct,2,0.0,0.0,0.0,,,0,2,0
Capped,2013,ROW,EB-3,2061,exit_pct,2,7.229682426653947,0.5791572811891709,0.4095260409024268,,,2,0,0
Capped,2013,ROW,EB-4,2061,exit_pct,2,19.895145401468785,0.372988056471662,0.2637423840327031,,,2,0,0
Capped,2013,ROW,EB-5,2061,exit_pct,2,0.0,0.0,0.0,,,0,2,0
Capped,2014,India,EB-1,2061,exit_pct,2,0.014624159110851126,0.020681684152867724,0.014624159110851125,,,1,1,0
Capped,2014,India,EB-2,2061,exit_pct,2,27.62385332907581,0.14250109217809293,0.10076348860561879,,,2,0,0
Capped,2014,India,EB-3,2061,exit_pct,2,34.423486081978595,1.1462352109247973,0.8105106904797167,,,2,0,0
Capped,2014,India,EB-4,2061,exit_pct,2,16.117540505182653,2.513335162675743,1.7771963369226125,,,2,0,0
Capped,2014,India,EB-5,2061,exit_pct,2,0.0,0.0,0.0,,,0,2,0
Capped,2014,China,EB-1,2061,exit_pct,2,0.04409171075837742,0.06235509534272905,0.044091710758377416,,,1,1,0
Capped,2014,China,EB-2,2061,exit_pct,2,13.714156190964854,0.8832238157968609,0.6245335494554185,,,2,0,0
Capped,2014,China,EB-3,2061,exit_pct,2,31.709280777321446,0.11563175601392797,0.08176399879795682,,,2,0,0
Capped,2014,China,EB-4,2061,exit_pct,2,8.064516129032258,6.842968850192395,4.838709677419354,,,2,0,0
Capped,2014,China,EB-5,2061,exit_pct,2,0.23824940807904854,0.20935651279553147,0.1480374098832885,,,2,0,0
Capped,2014,ROW,EB-1,2061,exit_pct,2,0.0,0.0,0.0,,,0,2,0
Capped,2014,ROW,EB-2,2061,exit_pct,2,0.0818539969624793,0.007591474327905139,0.005367982976465312,,,2,0,0
Capped,2014,ROW,EB-3,2061,exit_pct,2,3.8431096964975264,0.3527288954511269,0.24941699389393257,,,2,0,0
Capped,2014,ROW,EB-4,2061,exit_pct,2,28.309994946380858,0.2318030095566435,0.1639094799569527,,,2,0,0
Capped,2014,ROW,EB-5,2061,exit_pct,2,0.0,0.0,0.0,,,0,2,0
Capped,2015,India,EB-1,2061,exit_pct,2,0.5447457780199194,0.1039337276543849,0.07349224361841136,,,2,0,0
Capped,2015,India,EB-2,2061,exit_pct,2,29.711630593947163,0.5042417467913455,0.3565527585135104,,,2,0,0
Capped,2015,India,EB-3,2061,exit_pct,2,34.496353798703055,0.70497102194751,0.4984897901590947,,,2,0,0
Capped,2015,India,EB-4,2061,exit_pct,2,21.956993095518655,0.9900364499557519,0.7000614873855682,,,2,0,0
Capped,2015,India,EB-5,2061,exit_pct,2,0.0,0.0,0.0,,,0,2,0
Capped,2015,China,EB-1,2061,exit_pct,2,0.3424780805900446,0.048524030092235076,0.03431167072871951,,,2,0,0
Capped,2015,China,EB-2,2061,exit_pct,2,15.087743263993769,1.3236976837347882,0.9359956084097947,,,2,0,0
Capped,2015,China,EB-3,2061,exit_pct,2,28.282227307398934,1.486488397368515,1.0511060259344003,,,2,0,0
Capped,2015,China,EB-4,2061,exit_pct,2,0.0,0.0,0.0,,,0,2,0
Capped,2015,China,EB-5,2061,exit_pct,2,1.375999855336144,0.24159697948742484,0.1708348625097453,,,2,0,0
Capped,2015,ROW,EB-1,2061,exit_pct,2,0.0,0.0,0.0,,,0,2,0
Capped,2015,ROW,EB-2,2061,exit_pct,2,0.4058540135598927,0.030640871792225955,0.021666368225750573,,,2,0,0
Capped,2015,ROW,EB-3,2061,exit_pct,2,3.485989503965838,0.03556975773339029,0.025151616898442915,,,2,0,0
Capped,2015,ROW,EB-4,2061,exit_pct,2,31.644522834702688,0.39969261657276073,0.28262535956879375,,,2,0,0
Capped,2015,ROW,EB-5,2061,exit_pct,2,0.0,0.0,0.0,,,0,2,0
Capped,2016,India,EB-1,2061,exit_pct,2,0.7696600919939183,0.2878998238382541,0.20357591773844189,,,2,0,0
Capped,2016,India,EB-2,2061,exit_pct,2,29.326382067753325,0.057149106636958144,0.040410520841746234,,,2,0,0
Capped,2016,India,EB-3,2061,exit_pct,2,34.62746870083332,1.1279620280194562,0.7975895989334879,,,2,0,0
Capped,2016,India,EB-4,2061,exit_pct,2,22.596212771172937,0.9121582144856476,0.6449932589778147,,,2,0,0
Capped,2016,India,EB-5,2061,exit_pct,2,0.4966887417218543,0.7024239548210737,0.49668874172185423,,,1,1,0
Capped,2016,China,EB-1,2061,exit_pct,2,1.4000124362641462,0.05144353525607892,0.03637607262778264,,,2,0,0
Capped,2016,China,EB-2,2061,exit_pct,2,14.404144114583039,0.5943985134917513,0.4203032196172209,,,2,0,0
Capped,2016,China,EB-3,2061,exit_pct,2,32.3920148120328,4.065892528897436,2.8750201787590974,,,2,0,0
Capped,2016,China,EB-4,2061,exit_pct,2,0.0,0.0,0.0,,,0,2,0
Capped,2016,China,EB-5,2061,exit_pct,2,4.685707493300907,0.5684452571194739,0.40195149604251057,,,2,0,0
Capped,2016,ROW,EB-1,2061,exit_pct,2,0.19392181426497446,0.03809478590397016,0.026937081440547003,,,2,0,0
Capped,2016,ROW,EB-2,2061,exit_pct,2,0.9767187969598106,0.20771503338110162,0.14687670865816702,,,2,0,0
Capped,2016,ROW,EB-3,2061,exit_pct,2,2.3138642196288113,0.16740326743868816,0.11837198559868156,,,2,0,0
Capped,2016,ROW,EB-4,2061,exit_pct,2,36.35041348734508,0.9965355283371338,0.7046570297805062,,,2,0,0
Capped,2016,ROW,EB-5,2061,exit_pct,2,0.0,0.0,0.0,,,0,2,0
Capped,2017,India,EB-1,2061,exit_pct,2,1.725575732106143,0.2045462988934677,0.1446360750141814,,,2,0,0
Capped,2017,India,EB-2,2061,exit_pct,2,30.048252367300442,0.041142729588187314,0.02909230308833166,,,2,0,0
Capped,2017,India,EB-3,2061,exit_pct,2,35.171172011429654,0.2402777252461777,0.16990200888965035,,,2,0,0
Capped,2017,India,EB-4,2061,exit_pct,2,30.261518400463633,1.3799954132979997,0.9758041147493478,,,2,0,0
Capped,2017,India,EB-5,2061,exit_pct,2,1.2741707189005318,0.22559681453512323,0.1595210373718695,,,2,0,0
Capped,2017,China,EB-1,2061,exit_pct,2,2.1895704174759865,0.3307830959938267,0.23389897027911555,,,2,0,0
Capped,2017,China,EB-2,2061,exit_pct,2,18.038093473220055,0.559251927854283,0.3954508305774133,,,2,0,0
Capped,2017,China,EB-3,2061,exit_pct,2,30.300657688694017,1.4647686443084058,1.0357478412598997,,,2,0,0
Capped,2017,China,EB-4,2061,exit_pct,2,0.0,0.0,0.0,,,0,2,0
Capped,2017,China,EB-5,2061,exit_pct,2,6.10294856650115,0.6843065201443507,0.4838777808042391,,,2,0,0
Capped,2017,ROW,EB-1,2061,exit_pct,2,0.5601895985317897,0.08124284720907635,0.057447368184440455,,,2,0,0
Capped,2017,ROW,EB-2,2061,exit_pct,2,1.5607802733829725,0.03092771791907611,0.021869199067203415,,,2,0,0
Capped,2017,ROW,EB-3,2061,exit_pct,2,2.8289614388531774,0.28966473423904576,0.20482389785102836,,,2,0,0
Capped,2017,ROW,EB-4,2061,exit_pct,2,41.04239076265475,0.9757928204053966,0.6899897203418028,,,2,0,0
Capped,2017,ROW,EB-5,2061,exit_pct,2,0.0,0.0,0.0,,,0,2,0
Capped,2018,India,EB-1,2061,exit_pct,2,2.2281852701229368,0.09051838753111752,0.06400616564532502,,,2,0,0
Capped,2018,India,EB-2,2061,exit_pct,2,30.060254160294274,0.05729708001990956,0.04051515382426629,,,2,0,0
Capped,2018,India,EB-3,2061,exit_pct,2,34.56686848412903,1.2439198667139764,0.879584173006119,,,2,0,0
Capped,2018,India,EB-4,2061,exit_pct,2,24.303169148529975,2.294924643026214,1.6227567773959526,,,2,0,0
Capped,2018,India,EB-5,2061,exit_pct,2,2.11580853408912,1.3666722939796678,0.9663832467327979,,,2,0,0
Capped,2018,China,EB-1,2061,exit_pct,2,2.9577647001325333,0.07611058595728584,0.05381831145047843,,,2,0,0
Capped,2018,China,EB-2,2061,exit_pct,2,23.683364254792828,0.09095745855708,0.06431663574520563,,,2,0,0
Capped,2018,China,EB-3,2061,exit_pct,2,32.68097288650893,2.788479874346901,1.9717530283529054,,,2,0,0
Capped,2018,China,EB-4,2061,exit_pct,2,0.0,0.0,0.0,,,0,2,0
Capped,2018,China,EB-5,2061,exit_pct,2,9.532857982040778,0.163147280981563,0.11536254871421026,,,2,0,0
Capped,2018,ROW,EB-1,2061,exit_pct,2,0.8993339499457409,0.10211200412567979,0.07220409055781689,,,2,0,0
Capped,2018,ROW,EB-2,2061,exit_pct,2,1.8907441130069955,0.19847355072127543,0.14034199360118604,,,2,0,0
Capped,2018,ROW,EB-3,2061,exit_pct,2,3.5362556945407198,0.07058417158339123,0.04991054637105074,,,2,0,0
Capped,2018,ROW,EB-4,2061,exit_pct,2,43.70424097509317,0.37276893695613783,0.2635874431373857,,,2,0,0
Capped,2018,ROW,EB-5,2061,exit_pct,2,0.0,0.0,0.0,,,0,2,0
Capped,2019,India,EB-1,2061,exit_pct,2,1.8318381775939052,0.4323728297587411,0.3057337599232225,,,2,0,0
Capped,2019,India,EB-2,2061,exit_pct,2,29.539210444416234,0.2645334938425294,0.18705342734702232,,,2,0,0
Capped,2019,India,EB-3,2061,exit_pct,2,34.384141624338085,0.35395411737046,0.25028335662155143,,,2,0,0
Capped,2019,India,EB-4,2061,exit_pct,2,27.96981639911564,4.131303485582845,2.9212727097952498,,,2,0,0
Capped,2019,India,EB-5,2061,exit_pct,2,3.8572355908847613,3.2243341250565845,2.279948524638704,,,2,0,0
Capped,2019,China,EB-1,2061,exit_pct,2,2.800169568903672,0.11436932220326344,0.08087132328963675,,,2,0,0
Capped,2019,China,EB-2,2061,exit_pct,2,25.779248743645304,2.644688089995239,1.8700768825589318,,,2,0,0
Capped,2019,China,EB-3,2061,exit_pct,2,35.266733559095286,0.0801145272384102,0.05664952548183422,,,2,0,0
Capped,2019,China,EB-4,2061,exit_pct,2,0.0,0.0,0.0,,,0,2,0
Capped,2019,China,EB-5,2061,exit_pct,2,10.672613990371,0.33442886564189495,0.2364769187199087,,,2,0,0
Capped,2019,ROW,EB-1,2061,exit_pct,2,0.706938979914101,0.13833779439934968,0.09781959251417055,,,2,0,0
Capped,2019,ROW,EB-2,2061,exit_pct,2,3.29484232492182,0.3335670101608602,0.23586749486486625,,,2,0,0
Capped,2019,ROW,EB-3,2061,exit_pct,2,5.433580690298804,0.3118387103803719,0.2205032667464288,,,2,0,0
Capped,2019,ROW,EB-4,2061,exit_pct,2,44.78987882859147,0.544832211180818,0.38525455113481755,,,2,0,0
Capped,2019,ROW,EB-5,2061,exit_pct,2,0.0,0.0,0.0,,,0,2,0
Capped,2020,India,EB-1,2061,exit_pct,2,1.5253357091640205,0.20344882244328905,0.14386004197406754,,,2,0,0
Capped,2020,India,EB-2,2061,exit_pct,2,29.737781402191008,0.09567438360797162,0.0676520054350398,,,2,0,0
Capped,2020,India,EB-3,2061,exit_pct,2,34.09389539641346,0.18615469257582198,0.13163124547006078,,,2,0,0
Capped,2020,India,EB-4,2061,exit_pct,2,26.196383489410387,5.763946072314324,4.075725354127025,,,2,0,0
Capped,2020,India,EB-5,2061,exit_pct,2,3.656716417910448,0.45733274405100083,0.32338308457711434,,,2,0,0
Capped,2020,China,EB-1,2061,exit_pct,2,2.1149782063135647,0.17511890301476365,0.1238277638356887,,,2,0,0
Capped,2020,China,EB-2,2061,exit_pct,2,29.346609699484418,0.2518295374609677,0.17807037364172196,,,2,0,0
Capped,2020,China,EB-3,2061,exit_pct,2,34.669618254774555,1.5306890922892682,1.0823606370460226,,,2,0,0
Capped,2020,China,EB-4,2061,exit_pct,2,0.0,0.0,0.0,,,0,2,0
Capped,2020,China,EB-5,2061,exit_pct,2,9.170842794873803,2.6525963021960313,1.875668833033174,,,2,0,0
Capped,2020,ROW,EB-1,2061,exit_pct,2,0.0,0.0,0.0,,,0,2,0
Capped,2020,ROW,EB-2,2061,exit_pct,2,4.015523513980661,0.04518499829663542,0.031950618703453504,,,2,0,0
Capped,2020,ROW,EB-3,2061,exit_pct,2,6.458953769888163,0.20769968795067442,0.14686585780025174,,,2,0,0
Capped,2020,ROW,EB-4,2061,exit_pct,2,48.31924836428661,0.10692239332978411,0.07560554938418561,,,2,0,0
Capped,2020,ROW,EB-5,2061,exit_pct,2,0.0,0.0,0.0,,,0,2,0
Capped,2021,India,EB-1,2061,exit_pct,2,1.1975520535358264,0.11807792022310333,0.08349369809816054,,,2,0,0
Capped,2021,India,EB-2,2061,exit_pct,2,29.577397884132495,0.17655774738566932,0.12484518044742819,,,2,0,0
Capped,2021,India,EB-3,2061,exit_pct,2,34.54720766209891,0.3933558347834212,0.2781445781946523,,,2,0,0
Capped,2021,India,EB-4,2061,exit_pct,2,35.34458343167336,0.11515309865912478,0.08142553693651065,,,2,0,0
Capped,2021,India,EB-5,2061,exit_pct,2,2.4836199836199837,1.58389602501655,1.11998361998362,,,2,0,0
Capped,2021,China,EB-1,2061,exit_pct,2,2.664041355945404,0.005576009002912088,0.003942833777916377,,,2,0,0
Capped,2021,China,EB-2,2061,exit_pct,2,30.925692467431325,0.718982419318259,0.5083973442538507,,,2,0,0
Capped,2021,China,EB-3,2061,exit_pct,2,37.73179072381296,1.1187009475188912,0.7910410261104239,,,2,0,0
Capped,2021,China,EB-4,2061,exit_pct,2,0.0,0.0,0.0,,,0,2,0
Capped,2021,China,EB-5,2061,exit_pct,2,9.433297781832977,0.836443248956073,0.5914546934145468,,,2,0,0
Capped,2021,ROW,EB-1,2061,exit_pct,2,0.0,0.0,0.0,,,0,2,0
Capped,2021,ROW,EB-2,2061,exit_pct,2,3.58100643330598,0.4443724524555299,0.31421877450380187,,,2,0,0
Capped,2021,ROW,EB-3,2061,exit_pct,2,5.489847600204357,0.06733308808518426,0.04761168318326491,,,2,0,0
Capped,2021,ROW,EB-4,2061,exit_pct,2,50.2912249561881,0.5328489005602483,0.37678107093394786,,,2,0,0
Capped,2021,ROW,EB-5,2061,exit_pct,2,0.4452870968053183,0.10302208967413344,0.07284761822058834,,,2,0,0
Capped,2022,India,EB-1,2061,exit_pct,2,1.5047093958189754,0.21117363095394254,0.1493223064553182,,,2,0,0
Capped,2022,India,EB-2,2061,exit_pct,2,29.936379500261836,0.40624231146852485,0.2872566932442915,,,2,0,0
Capped,2022,India,EB-3,2061,exit_pct,2,35.21712661418948,0.9837599347089206,0.6956233208923129,,,2,0,0
Capped,2022,India,EB-4,2061,exit_pct,2,31.29285219877554,1.2249013597639151,0.8661360577736872,,,2,0,0
Capped,2022,India,EB-5,2061,exit_pct,2,4.8076923076923075,6.799103665255264,4.807692307692307,,,1,1,0
Capped,2022,China,EB-1,2061,exit_pct,2,2.3988141968424257,0.13774956978055855,0.09740365489736247,,,2,0,0
Capped,2022,China,EB-2,2061,exit_pct,2,32.29447539301138,0.21905856796961862,0.15489779888833155,,,2,0,0
Capped,2022,China,EB-3,2061,exit_pct,2,37.27045663499847,0.8176260758249578,0.5781489426907739,,,2,0,0
Capped,2022,China,EB-4,2061,exit_pct,2,0.0,0.0,0.0,,,0,2,0
Capped,2022,China,EB-5,2061,exit_pct,2,10.86383852206637,9.09828465289978,6.433458775230928,,,2,0,0
Capped,2022,ROW,EB-1,2061,exit_pct,2,0.0,0.0,0.0,,,0,2,0
Capped,2022,ROW,EB-2,2061,exit_pct,2,3.637364792088037,0.10738689113338927,0.07593399893096109,,,2,0,0
Capped,2022,ROW,EB-3,2061,exit_pct,2,5.957648135915354,0.3345459368162892,0.23655970054120434,,,2,0,0
Capped,2022,ROW,EB-4,2061,exit_pct,2,53.66191527477477,0.16647437769276624,0.11771516136036551,,,2,0,0
Capped,2022,ROW,EB-5,2061,exit_pct,2,0.0,0.0,0.0,,,0,2,0
Capped,2023,India,EB-1,2061,exit_pct,2,2.134363719974562,0.002861268598005751,0.002023222428445992,,,2,0,0
Capped,2023,India,EB-2,2061,exit_pct,2,29.636429493845107,0.044478627137439615,0.03145113886675155,,,2,0,0
Capped,2023,India,EB-3,2061,exit_pct,2,34.274925562005386,0.618313341516554,0.437213556684469,,,2,0,0
Capped,2023,India,EB-4,2061,exit_pct,2,36.979497985581,0.6133394140778683,0.43369645886344443,,,2,0,0
Capped,2023,India,EB-5,2061,exit_pct,2,3.5022385022385025,0.8086976211372403,0.5718355718355721,,,2,0,0
Capped,2023,China,EB-1,2061,exit_pct,2,3.1361282447317604,0.22495366684289816,0.1590662632773927,,,2,0,0
Capped,2023,China,EB-2,2061,exit_pct,2,32.18685509034783,2.2225561419697875,1.5715845195546476,,,2,0,0
Capped,2023,China,EB-3,2061,exit_pct,2,39.384358096631736,0.07390909416880935,0.05226162167812021,,,2,0,0
Capped,2023,China,EB-4,2061,exit_pct,2,0.0,0.0,0.0,,,0,2,0
Capped,2023,China,EB-5,2061,exit_pct,2,5.437402292860865,0.7116206207225221,0.5031917665450755,,,2,0,0
Capped,2023,ROW,EB-1,2061,exit_pct,2,0.0,0.0,0.0,,,0,2,0
Capped,2023,ROW,EB-2,2061,exit_pct,2,4.578879828521519,0.3939959931585607,0.27859723852274687,,,2,0,0
Capped,2023,ROW,EB-3,2061,exit_pct,2,9.44956273524131,0.0444673295399542,0.03144315025895849,,,2,0,0
Capped,2023,ROW,EB-4,2061,exit_pct,2,53.28320671960779,0.15045168140380202,0.10638540416154639,,,2,0,0
Capped,2023,ROW,EB-5,2061,exit_pct,2,0.0,0.0,0.0,,,0,2,0
Capped,2024,India,EB-1,2061,exit_pct,2,3.2688802225175566,0.18065765094477557,0.1277442500562831,,,2,0,0
Capped,2024,India,EB-2,2061,exit_pct,2,29.771141931527495,0.006028326399439277,0.004262670476249396,,,2,0,0
Capped,2024,India,EB-3,2061,exit_pct,2,34.86904174052743,0.7732021890021757,0.546736511071721,,,2,0,0
Capped,2024,India,EB-4,2061,exit_pct,2,38.07481085158037,4.636601846138015,3.2785726070662555,,,2,0,0
Capped,2024,India,EB-5,2061,exit_pct,2,3.4489056649721466,0.21524665343111243,0.15220236826885022,,,2,0,0
Capped,2024,China,EB-1,2061,exit_pct,2,4.919339945340022,0.8823240305620919,0.6238973052143018,,,2,0,0
Capped,2024,China,EB-2,2061,exit_pct,2,34.99418923453395,0.6079334738036544,0.4298738818368583,,,2,0,0
Capped,2024,China,EB-3,2061,exit_pct,2,39.000005614791604,1.401977229620235,0.9913476061335976,,,2,0,0
Capped,2024,China,EB-4,2061,exit_pct,2,0.0,0.0,0.0,,,0,2,0
Capped,2024,China,EB-5,2061,exit_pct,2,4.782304283325606,1.4856157577713849,1.0504889765577377,,,2,0,0
Capped,2024,ROW,EB-1,2061,exit_pct,2,0.0,0.0,0.0,,,0,2,0
Capped,2024,ROW,EB-2,2061,exit_pct,2,5.6780922414941415,0.02856358500500262,0.020197504652035736,,,2,0,0
Capped,2024,ROW,EB-3,2061,exit_pct,2,11.960659964724933,0.5062453016963117,0.3579694857732916,,,2,0,0
Capped,2024,ROW,EB-4,2061,exit_pct,2,55.99255890998863,0.1215911656719055,0.08597793777898133,,,2,0,0
Capped,2024,ROW,EB-5,2061,exit_pct,2,0.0,0.0,0.0,,,0,2,0
Capped,2025,India,EB-1,2061,exit_pct,2,3.6237321848338895,0.16465023187262587,0.11642529548107117,,,2,0,0
Capped,2025,India,EB-2,2061,exit_pct,2,29.67967235802486,0.45456270858440156,0.3214243737145548,,,2,0,0
Capped,2025,India,EB-3,2061,exit_pct,2,34.859800163626446,0.5027385230308996,0.3554898187988584,,,2,0,0
Capped,2025,India,EB-4,2061,exit_pct,2,42.01345576577954,2.6410019165507252,1.8674703643196862,,,2,0,0
Capped,2025,India,EB-5,2061,exit_pct,2,3.6928035638542793,0.5717853238090148,0.40431327984830023,,,2,0,0
Capped,2025,China,EB-1,2061,exit_pct,2,6.206248433933759,1.1460554533763738,0.810383582698257,,,2,0,0
Capped,2025,China,EB-2,2061,exit_pct,2,32.56994642210203,0.2303773866288422,0.16290141231728936,,,2,0,0
Capped,2025,China,EB-3,2061,exit_pct,2,42.94461440825576,0.730322475438336,0.5164159748353931,,,2,0,0
Capped,2025,China,EB-4,2061,exit_pct,2,0.0,0.0,0.0,,,0,2,0
Capped,2025,China,EB-5,2061,exit_pct,2,5.657436433298502,0.6415928822678354,0.4536746778126086,,,2,0,0
Capped,2025,ROW,EB-1,2061,exit_pct,2,0.0,0.0,0.0,,,0,2,0
Capped,2025,ROW,EB-2,2061,exit_pct,2,6.411887318146449,0.16228950754054813,0.11475601129734692,,,2,0,0
Capped,2025,ROW,EB-3,2061,exit_pct,2,14.147897477087032,0.25332987079301655,0.1791312695148539,,,2,0,0
Capped,2025,ROW,EB-4,2061,exit_pct,2,56.346263650106266,0.44114502712880144,0.31193664016949896,,,2,0,0
Capped,2025,ROW,EB-5,2061,exit_pct,2,0.0,0.0,0.0,,,0,2,0
Capped,2026,India,EB-1,2061,exit_pct,2,5.123495289740689,0.06356888788920241,0.04494999169894242,,,2,0,0
Capped,2026,India,EB-2,2061,exit_pct,2,29.499375562908263,0.6702528623517438,0.4739403440786116,,,2,0,0
Capped,2026,India,EB-3,2061,exit_pct,2,35.11385097215351,0.4886027655075093,0.3454943287968604,,,2,0,0
Capped,2026,India,EB-4,2061,exit_pct,2,39.31146044950312,1.0384657033746765,0.7343061408858915,,,2,0,0
Capped,2026,India,EB-5,2061,exit_pct,2,4.067028090669172,0.7625618038203232,0.5392126225551962,,,2,0,0
Capped,2026,China,EB-1,2061,exit_pct,2,7.374713300989381,0.049154458738794156,0.0347574510997557,,,2,0,0
Capped,2026,China,EB-2,2061,exit_pct,2,32.080546915576235,0.7286947745032357,0.5152650164664401,,,2,0,0
Capped,2026,China,EB-3,2061,exit_pct,2,42.23848125651577,1.1149030726982827,0.788355523070674,,,2,0,0
Capped,2026,China,EB-4,2061,exit_pct,2,0.0,0.0,0.0,,,0,2,0
Capped,2026,China,EB-5,2061,exit_pct,2,6.192682174809333,0.503610358149012,0.35610629932295224,,,2,0,0
Capped,2026,ROW,EB-1,2061,exit_pct,2,0.0,0.0,0.0,,,0,2,0
Capped,2026,ROW,EB-2,2061,exit_pct,2,6.721909496716531,0.3931709342952019,0.27801383380558775,,,2,0,0
Capped,2026,ROW,EB-3,2061,exit_pct,2,16.418097513701127,0.6071006988001266,0.4292850209846612,,,2,0,0
Capped,2026,ROW,EB-4,2061,exit_pct,2,56.19258859296086,0.019122653771805328,0.013521758156326056,,,2,0,0
Capped,2026,ROW,EB-5,2061,exit_pct,2,0.0,0.0,0.0,,,0,2,0
Capped,2027,India,EB-1,2061,exit_pct,2,5.939051113906695,0.23254419128515286,0.16443357458327323,,,2,0,0
Capped,2027,India,EB-2,2061,exit_pct,2,29.417131018237026,0.5092857392079326,0.3601193997555327,,,2,0,0
Capped,2027,India,EB-3,2061,exit_pct,2,34.694676575996866,0.7226675237813874,0.5110031066091096,,,2,0,0
Capped,2027,India,EB-4,2061,exit_pct,2,44.757933252601006,4.152112751488647,2.935987082828756,,,2,0,0
Capped,2027,India,EB-5,2061,exit_pct,2,3.8070727119103416,0.30422376739317925,0.21511868892183592,,,2,0,0
Capped,2027,China,EB-1,2061,exit_pct,2,8.40884171286793,0.3203939623402913,0.22655274342204731,,,2,0,0
Capped,2027,China,EB-2,2061,exit_pct,2,32.69198056120709,0.8311297852598648,0.5876975072033694,,,2,0,0
Capped,2027,China,EB-3,2061,exit_pct,2,44.19561499680714,0.00940704612341384,0.00665178610480055,,,2,0,0
Capped,2027,China,EB-4,2061,exit_pct,2,0.0,0.0,0.0,,,0,2,0
Capped,2027,China,EB-5,2061,exit_pct,2,6.933142126726317,0.10694116712581654,0.07561882446266877,,,2,0,0
Capped,2027,ROW,EB-1,2061,exit_pct,2,0.0,0.0,0.0,,,0,2,0
Capped,2027,ROW,EB-2,2061,exit_pct,2,6.833253213717496,0.22019794833877837,0.15570346247371525,,,2,0,0
Capped,2027,ROW,EB-3,2061,exit_pct,2,18.091248884209627,0.32868728634143846,0.2324170090618356,,,2,0,0
Capped,2027,ROW,EB-4,2061,exit_pct,2,56.30022410267087,0.11880509237045982,0.0840078864546463,,,2,0,0
Capped,2027,ROW,EB-5,2061,exit_pct,2,0.0,0.0,0.0,,,0,2,0
Capped,2028,India,EB-1,2061,exit_pct,2,6.074794611640682,0.2439957077216179,0.17253101951036687,,,2,0,0
Capped,2028,India,EB-2,2061,exit_pct,2,29.103299134653433,0.29991322565724565,0.21207067562976964,,,2,0,0
Capped,2028,India,EB-3,2061,exit_pct,2,33.72025045996795,1.116119938610971,0.7892159772093307,,,2,0,0
Capped,2028,India,EB-4,2061,exit_pct,2,46.69818960353204,1.4989132608982922,1.0598917311916232,,,2,0,0
Capped,2028,India,EB-5,2061,exit_pct,2,5.505878546003667,0.2311005875304969,0.16341279257900962,,,2,0,0
Capped,2028,China,EB-1,2061,exit_pct,2,8.461034982174688,0.9242569418751306,0.6535483511586455,,,2,0,0
Capped,2028,China,EB-2,2061,exit_pct,2,32.39605020353281,0.24835820470325806,0.17561577070899045,,,2,0,0
Capped,2028,China,EB-3,2061,exit_pct,2,41.62890062492679,0.47167004453463396,0.33352108697300054,,,2,0,0
Capped,2028,China,EB-4,2061,exit_pct,2,0.0,0.0,0.0,,,0,2,0
Capped,2028,China,EB-5,2061,exit_pct,2,6.104261805360007,0.4292211487803353,0.3035051849312551,,,2,0,0
Capped,2028,ROW,EB-1,2061,exit_pct,2,0.0,0.0,0.0,,,0,2,0
Capped,2028,ROW,EB-2,2061,exit_pct,2,7.438141212325741,0.9908899338765222,0.7006649916535785,,,2,0,0
Capped,2028,ROW,EB-3,2061,exit_pct,2,19.852033303691233,0.3994723679659568,0.2824696202853758,,,2,0,0
Capped,2028,ROW,EB-4,2061,exit_pct,2,56.560952690108984,0.1257152830419201,0.08889412913772787,,,2,0,0
Capped,2028,ROW,EB-5,2061,exit_pct,2,0.0,0.0,0.0,,,0,2,0
Capped,2029,India,EB-1,2061,exit_pct,2,6.708965161165687,0.26208549266869297,0.18532242911664998,,,2,0,0
Capped,2029,India,EB-2,2061,exit_pct,2,29.701505691272022,0.5003450538527966,0.35379738051246074,,,2,0,0
Capped,2029,India,EB-3,2061,exit_pct,2,34.79752026072922,0.6987274760641943,0.4940749365263528,,,2,0,0
Capped,2029,India,EB-4,2061,exit_pct,2,43.294594898619195,1.4292668493991145,1.0106442813352459,,,2,0,0
Capped,2029,India,EB-5,2061,exit_pct,2,4.843048670194948,0.1239047480767109,0.0876138875862531,,,2,0,0
Capped,2029,China,EB-1,2061,exit_pct,2,9.820413789623116,0.26927859591430187,0.19040872119939498,,,2,0,0
Capped,2029,China,EB-2,2061,exit_pct,2,32.962591252644074,1.7141516200728495,1.2120882345354183,,,2,0,0
Capped,2029,China,EB-3,2061,exit_pct,2,43.852818866544496,1.2733516227768176,0.9003955673003823,,,2,0,0
Capped,2029,China,EB-4,2061,exit_pct,2,0.0,0.0,0.0,,,0,2,0
Capped,2029,China,EB-5,2061,exit_pct,2,6.865220632616387,0.2007943333069256,0.1419830347051589,,,2,0,0
Capped,2029,ROW,EB-1,2061,exit_pct,2,0.0,0.0,0.0,,,0,2,0
Capped,2029,ROW,EB-2,2061,exit_pct,2,7.985378096812555,0.13628536187605245,0.09636830355901925,,,2,0,0
Capped,2029,ROW,EB-3,2061,exit_pct,2,21.00327593308902,0.02499702505667868,0.017675565927067538,,,2,0,0
Capped,2029,ROW,EB-4,2061,exit_pct,2,55.65057517530494,1.0323733791538399,0.7299982171161509,,,2,0,0
Capped,2029,ROW,EB-5,2061,exit_pct,2,0.0,0.0,0.0,,,0,2,0
Capped,2030,India,EB-1,2061,exit_pct,2,7.5701195400266155,0.03471807064174784,0.024549383180493486,,,2,0,0
Capped,2030,India,EB-2,2061,exit_pct,2,29.592256243320524,0.157570344773335,0.11141905930312744,,,2,0,0
Capped,2030,India,EB-3,2061,exit_pct,2,35.06820907768153,1.3249104242870784,0.9368531454781389,,,2,0,0
Capped,2030,India,EB-4,2061,exit_pct,2,46.058875844895056,0.3881415024442725,0.27445748843827994,,,2,0,0
Capped,2030,India,EB-5,2061,exit_pct,2,5.606043237551797,0.1415498468724342,0.10009085659941562,,,2,0,0
Capped,2030,China,EB-1,2061,exit_pct,2,10.732987063918348,1.527433587357308,1.0800586474324472,,,2,0,0
Capped,2030,China,EB-2,2061,exit_pct,2,33.555049816213966,0.6736801414237955,0.47636379635147813,,,2,0,0
Capped,2030,China,EB-3,2061,exit_pct,2,44.49136959784967,0.7161679187758115,0.5064071918346329,,,2,0,0
Capped,2030,China,EB-4,2061,exit_pct,2,0.0,0.0,0.0,,,0,2,0
Capped,2030,China,EB-5,2061,exit_pct,2,5.772165725495667,0.08963008525562656,0.06337804108258192,,,2,0,0
Capped,2030,ROW,EB-1,2061,exit_pct,2,0.0,0.0,0.0,,,0,2,0
Capped,2030,ROW,EB-2,2061,exit_pct,2,8.990998300789633,0.10493579546650907,0.07420081256357312,,,2,0,0
Capped,2030,ROW,EB-3,2061,exit_pct,2,22.006565475168316,0.9368350638473786,0.6624424264998136,,,2,0,0
Capped,2030,ROW,EB-4,2061,exit_pct,2,55.50098914604767,0.9837706240430941,0.6956308793929934,,,2,0,0
Capped,2030,ROW,EB-5,2061,exit_pct,2,0.0,0.0,0.0,,,0,2,0
Capped,2031,India,EB-1,2061,exit_pct,2,8.040613237752614,0.6432510836197468,0.45484720323311784,,,2,0,0
Capped,2031,India,EB-2,2061,exit_pct,2,29.713598377066553,0.41504709958785896,0.2934826186303834,,,2,0,0
Capped,2031,India,EB-3,2061,exit_pct,2,34.681499070823875,0.28106143997193833,0.19874045013421335,,,2,0,0
Capped,2031,India,EB-4,2061,exit_pct,2,44.370847754306396,0.5851064585543302,0.41373274455981246,,,2,0,0
Capped,2031,India,EB-5,2061,exit_pct,2,5.580457640557329,2.12371790782013,1.501695333946921,,,2,0,0
Capped,2031,China,EB-1,2061,exit_pct,2,11.74662815377711,0.2091368322394759,0.14788207227240677,,,2,0,0
Capped,2031,China,EB-2,2061,exit_pct,2,32.7753260697297,0.3097470121678723,0.21902421275617454,,,2,0,0
Capped,2031,China,EB-3,2061,exit_pct,2,44.72190594036343,1.60738490374846,1.136592765417422,,,2,0,0
Capped,2031,China,EB-4,2061,exit_pct,2,0.0,0.0,0.0,,,0,2,0
Capped,2031,China,EB-5,2061,exit_pct,2,6.345896444626652,0.9530195413072793,0.6738865802616701,,,2,0,0
Capped,2031,ROW,EB-1,2061,exit_pct,2,0.0,0.0,0.0,,,0,2,0
Capped,2031,ROW,EB-2,2061,exit_pct,2,8.68550294624507,0.09802615182479375,0.06931495668893371,,,2,0,0
Capped,2031,ROW,EB-3,2061,exit_pct,2,23.95214793138254,0.02909541040688081,0.020573562000111064,,,2,0,0
Capped,2031,ROW,EB-4,2061,exit_pct,2,56.72415445322638,0.31887788262328526,0.22548071317333293,,,2,0,0
Capped,2031,ROW,EB-5,2061,exit_pct,2,0.0,0.0,0.0,,,0,2,0
Capped,2032,India,EB-1,2061,exit_pct,2,8.610198913735637,0.27763120355929516,0.19631490670576035,,,2,0,0
Capped,2032,India,EB-2,2061,exit_pct,2,30.037716716204528,0.4596603089349323,0.325028921490194,,,2,0,0
Capped,2032,India,EB-3,2061,exit_pct,2,35.16943798799963,0.11930826409566975,0.08436368259364356,,,2,0,0
Capped,2032,India,EB-4,2061,exit_pct,2,48.855999546649976,1.930049380853493,1.3647510052264025,,,2,0,0
Capped,2032,India,EB-5,2061,exit_pct,2,4.882833044392933,1.3671897286669787,0.9667491283090166,,,2,0,0
Capped,2032,China,EB-1,2061,exit_pct,2,11.633425354384443,0.9394751841193518,0.6643092734472739,,,2,0,0
Capped,2032,China,EB-2,2061,exit_pct,2,33.49213206927187,1.5422808762946256,1.0905572661222604,,,2,0,0
Capped,2032,China,EB-3,2061,exit_pct,2,43.0834929072761,2.869388180274659,2.028963840128739,,,2,0,0
Capped,2032,China,EB-4,2061,exit_pct,2,0.0,0.0,0.0,,,0,2,0
Capped,2032,China,EB-5,2061,exit_pct,2,7.732154732126883,0.44913087558782727,0.3175834877684043,,,2,0,0
Capped,2032,ROW,EB-1,2061,exit_pct,2,0.0,0.0,0.0,,,0,2,0
Capped,2032,ROW,EB-2,2061,exit_pct,2,9.401018253169466,0.32766851304796774,0.2316966275575307,,,2,0,0
Capped,2032,ROW,EB-3,2061,exit_pct,2,24.27146453096262,0.2622028440095238,0.1854054090455328,,,2,0,0
Capped,2032,ROW,EB-4,2061,exit_pct,2,55.61964988030208,0.8028080789308769,0.5676710366033682,,,2,0,0
Capped,2032,ROW,EB-5,2061,exit_pct,2,0.0,0.0,0.0,,,0,2,0
Capped,2033,India,EB-1,2061,exit_pct,2,10.6423424679203,0.6166936971442174,0.43606829516567913,,,2,0,0
Capped,2033,India,EB-2,2061,exit_pct,2,29.451940410222903,0.453696416706463,0.3208118128531776,,,2,0,0
Capped,2033,India,EB-3,2061,exit_pct,2,35.23260409452737,0.26093239225707715,0.18450706399620742,,,2,0,0
Capped,2033,India,EB-4,2061,exit_pct,2,50.53066037735849,0.7504671026744016,0.5306603773584904,,,2,0,0
Capped,2033,India,EB-5,2061,exit_pct,2,5.249241277795695,0.34236441852086236,0.24208820197309097,,,2,0,0
Capped,2033,China,EB-1,2061,exit_pct,2,13.698654417413643,0.6630879996215912,0.4688740210558499,,,2,0,0
Capped,2033,China,EB-2,2061,exit_pct,2,32.48865838351442,0.8424936221152316,0.5957329533040969,,,2,0,0
Capped,2033,China,EB-3,2061,exit_pct,2,46.1256990575376,0.09280167607104813,0.06562069445531549,,,2,0,0
Capped,2033,China,EB-4,2061,exit_pct,2,0.0,0.0,0.0,,,0,2,0
Capped,2033,China,EB-5,2061,exit_pct,2,7.129167311978559,1.399207892465889,0.9893893890523676,,,2,0,0
Capped,2033,ROW,EB-1,2061,exit_pct,2,0.0,0.0,0.0,,,0,2,0
Capped,2033,ROW,EB-2,2061,exit_pct,2,9.181333510514452,0.11199865690460459,0.07919500978103144,,,2,0,0
Capped,2033,ROW,EB-3,2061,exit_pct,2,26.093004898780826,0.1778151477810698,0.12573429679368253,,,2,0,0
Capped,2033,ROW,EB-4,2061,exit_pct,2,57.02270539233602,0.3715474895314761,0.2627237493805445,,,2,0,0
Capped,2033,ROW,EB-5,2061,exit_pct,2,0.0,0.0,0.0,,,0,2,0
Capped,2034,India,EB-1,2061,exit_pct,2,10.874393810387591,0.07067664862117076,0.049975937511568695,,,2,0,0
Capped,2034,India,EB-2,2061,exit_pct,2,29.78492457274944,0.10785054192172036,0.07626184954749249,,,2,0,0
Capped,2034,India,EB-3,2061,exit_pct,2,34.07461785835338,1.2338052599915468,0.872432066003654,,,2,0,0
Capped,2034,India,EB-4,2061,exit_pct,2,48.87493447492574,2.903239837660472,2.052900576620651,,,2,0,0
Capped,2034,India,EB-5,2061,exit_pct,2,5.167620357077865,1.1144827545846168,0.7880583132822453,,,2,0,0
Capped,2034,China,EB-1,2061,exit_pct,2,14.379669458908761,0.8063077098882148,0.570145649384952,,,2,0,0
Capped,2034,China,EB-2,2061,exit_pct,2,32.632134831460675,0.06769157051358676,0.04786516853932454,,,2,0,0
Capped,2034,China,EB-3,2061,exit_pct,2,43.316469357679395,1.0741682722072763,0.7595516694132023,,,2,0,0
Capped,2034,China,EB-4,2061,exit_pct,2,0.0,0.0,0.0,,,0,2,0
Capped,2034,China,EB-5,2061,exit_pct,2,8.477514737225352,0.9995860866962979,0.7068141002826764,,,2,0,0
Capped,2034,ROW,EB-1,2061,exit_pct,2,0.0,0.0,0.0,,,0,2,0
Capped,2034,ROW,EB-2,2061,exit_pct,2,10.39361860788796,0.07494663637605908,0.05299527480863375,,,2,0,0
Capped,2034,ROW,EB-3,2061,exit_pct,2,27.258195659267045,0.433778986143309,0.3067280626381592,,,2,0,0
Capped,2034,ROW,EB-4,2061,exit_pct,2,56.47143890093999,0.26842448309684835,0.18980477223427525,,,2,0,0
Capped,2034,ROW,EB-5,2061,exit_pct,2,0.0,0.0,0.0,,,0,2,0
Capped,2035,India,EB-1,2061,exit_pct,2,11.36340679224986,0.5762812000285218,0.4074923444104889,,,2,0,0
Capped,2035,India,EB-2,2061,exit_pct,2,29.910469277264806,0.10675301230784805,0.07548577891497033,,,2,0,0
Capped,2035,India,EB-3,2061,exit_pct,2,34.43423379448969,0.46295280058385185,0.3273570646621451,,,2,0,0
Capped,2035,India,EB-4,2061,exit_pct,2,49.01021152443472,0.4569632444429503,0.323121808898616,,,2,0,0
Capped,2035,India,EB-5,2061,exit_pct,2,7.452441272053509,2.8137459104051565,1.9896188137834019,,,2,0,0
Capped,2035,China,EB-1,2061,exit_pct,2,15.884964191819058,0.5366430360985533,0.37946392990182426,,,2,0,0
Capped,2035,China,EB-2,2061,exit_pct,2,33.07168908421744,0.7712161824600559,0.5453321923783072,,,2,0,0
Capped,2035,China,EB-3,2061,exit_pct,2,44.22025302321995,2.479583453668651,1.7533302746070625,,,2,0,0
Capped,2035,China,EB-4,2061,exit_pct,2,0.0,0.0,0.0,,,0,2,0
Capped,2035,China,EB-5,2061,exit_pct,2,7.909897909273502,0.9750304243604245,0.6894506249284532,,,2,0,0
Capped,2035,ROW,EB-1,2061,exit_pct,2,0.0,0.0,0.0,,,0,2,0
Capped,2035,ROW,EB-2,2061,exit_pct,2,10.78501855542806,0.4109147024124229,0.2905605725650764,,,2,0,0
Capped,2035,ROW,EB-3,2061,exit_pct,2,27.454313565382073,0.9890580500804146,0.699369654199005,,,2,0,0
Capped,2035,ROW,EB-4,2061,exit_pct,2,56.752594758153265,1.2348495351770088,0.873170480068719,,,2,0,0
Capped,2035,ROW,EB-5,2061,exit_pct,2,0.0,0.0,0.0,,,0,2,0
Capped,2036,India,EB-1,2061,exit_pct,2,11.82736147232858,0.5806059161039906,0.4105503804741594,,,2,0,0
Capped,2036,India,EB-2,2061,exit_pct,2,29.628061580402743,0.43058057189341586,0.3044664422330161,,,2,0,0
Capped,2036,India,EB-3,2061,exit_pct,2,34.44567591812977,0.4698662332276756,0.3322455997658693,,,2,0,0
Capped,2036,India,EB-4,2061,exit_pct,2,49.70983366332204,1.8320533424883172,1.2954573419689694,,,2,0,0
Capped,2036,India,EB-5,2061,exit_pct,2,5.989128324597166,2.1316944591889984,1.5073356075103308,,,2,0,0
Capped,2036,China,EB-1,2061,exit_pct,2,15.61195723274809,0.36225361730029954,0.2561519893023982,,,2,0,0
Capped,2036,China,EB-2,2061,exit_pct,2,32.43481329064559,0.15397395787954737,0.10887602974275978,,,2,0,0
Capped,2036,China,EB-3,2061,exit_pct,2,45.30865182492386,0.32058045240172195,0.2266846118091088,,,2,0,0
Capped,2036,China,EB-4,2061,exit_pct,2,0.0,0.0,0.0,,,0,2,0
Capped,2036,China,EB-5,2061,exit_pct,2,8.726450859794891,1.365369240535077,0.9654618488058793,,,2,0,0
Capped,2036,ROW,EB-1,2061,exit_pct,2,0.0,0.0,0.0,,,0,2,0
Capped,2036,ROW,EB-2,2061,exit_pct,2,10.98392984512175,0.10139063060626455,0.07169400245046997,,,2,0,0
Capped,2036,ROW,EB-3,2061,exit_pct,2,29.20181586886325,0.7370174343442796,0.5211500256775511,,,2,0,0
Capped,2036,ROW,EB-4,2061,exit_pct,2,55.947912512248486,0.5179770908008369,0.3662651134045518,,,2,0,0
Capped,2036,ROW,EB-5,2061,exit_pct,2,0.0,0.0,0.0,,,0,2,0
Capped,2037,India,EB-1,2061,exit_pct,2,12.687181196416901,1.3933973361497247,0.9852807052787416,,,2,0,0
Capped,2037,India,EB-2,2061,exit_pct,2,29.753069829387734,0.06154898465125833,0.04352170442205149,,,2,0,0
Capped,2037,India,EB-3,2061,exit_pct,2,34.54069472850993,0.46935209925574045,0.3318820521478756,,,2,0,0
Capped,2037,India,EB-4,2061,exit_pct,2,49.77689938647332,0.3892456757992755,0.2752382569052081,,,2,0,0
Capped,2037,India,EB-5,2061,exit_pct,2,5.411868123185114,0.5130480625996462,0.3627797641388301,,,2,0,0
Capped,2037,China,EB-1,2061,exit_pct,2,18.95759424583837,0.41039539218411436,0.2901933647810999,,,2,0,0
Capped,2037,China,EB-2,2061,exit_pct,2,32.933982683982684,0.16478751105574124,0.11652236652236779,,,2,0,0
Capped,2037,China,EB-3,2061,exit_pct,2,43.31388645911433,0.9750888233698697,0.6894919192640465,,,2,0,0
Capped,2037,China,EB-4,2061,exit_pct,2,0.0,0.0,0.0,,,0,2,0
Capped,2037,China,EB-5,2061,exit_pct,2,8.384950056636804,0.16365178567776273,0.11571928740603353,,,2,0,0
Capped,2037,ROW,EB-1,2061,exit_pct,2,0.0,0.0,0.0,,,0,2,0
Capped,2037,ROW,EB-2,2061,exit_pct,2,11.541110377336153,0.40590171094022615,0.28701585230105575,,,2,0,0
Capped,2037,ROW,EB-3,2061,exit_pct,2,29.29750111535934,0.21036844824523918,0.14875295630189989,,,2,0,0
Capped,2037,ROW,EB-4,2061,exit_pct,2,55.816576714819085,0.2008465666434619,0.14201996925162774,,,2,0,0
Capped,2037,ROW,EB-5,2061,exit_pct,2,0.0,0.0,0.0,,,0,2,0
Capped,2038,India,EB-1,2061,exit_pct,2,13.375187001793728,0.23419882672880044,0.16560357852586804,,,2,0,0
Capped,2038,India,EB-2,2061,exit_pct,2,29.350227539549238,0.07709583229694122,0.05451498581838798,,,2,0,0
Capped,2038,India,EB-3,2061,exit_pct,2,34.82342222114154,0.8288147604746731,0.5860605374791454,,,2,0,0
Capped,2038,India,EB-4,2061,exit_pct,2,52.244198312236286,2.1295251690797414,1.5058016877637141,,,2,0,0
Capped,2038,India,EB-5,2061,exit_pct,2,6.764707781932792,0.765412389651207,0.5412282911265685,,,2,0,0
Capped,2038,China,EB-1,2061,exit_pct,2,19.179397907912104,1.8727004882742124,1.324199214390054,,,2,0,0
Capped,2038,China,EB-2,2061,exit_pct,2,33.40226843160115,2.0731074315082028,1.4659083229476761,,,2,0,0
Capped,2038,China,EB-3,2061,exit_pct,2,45.194627069592315,2.0239373170369386,1.4311398015733265,,,2,0,0
Capped,2038,China,EB-4,2061,exit_pct,2,0.0,0.0,0.0,,,0,2,0
Capped,2038,China,EB-5,2061,exit_pct,2,8.301561782269177,0.6285032712889157,0.4444189251263206,,,2,0,0
Capped,2038,ROW,EB-1,2061,exit_pct,2,0.0,0.0,0.0,,,0,2,0
Capped,2038,ROW,EB-2,2061,exit_pct,2,11.660491953850894,0.234974880216217,0.16615233120938377,,,2,0,0
Capped,2038,ROW,EB-3,2061,exit_pct,2,30.165017678586402,0.37577111580699857,0.26571030416116415,,,2,0,0
Capped,2038,ROW,EB-4,2061,exit_pct,2,56.73578251139873,0.12697698337779523,0.08978628600105053,,,2,0,0
Capped,2038,ROW,EB-5,2061,exit_pct,2,0.0,0.0,0.0,,,0,2,0
Capped,2039,India,EB-1,2061,exit_pct,2,14.16484549530945,0.21416786042627106,0.15143954641963028,,,2,0,0
Capped,2039,India,EB-2,2061,exit_pct,2,29.372807459561493,0.11474402771301723,0.08113628009653161,,,2,0,0
Capped,2039,India,EB-3,2061,exit_pct,2,35.09519159027799,0.865046019609402,0.6116799065042393,,,2,0,0
Capped,2039,India,EB-4,2061,exit_pct,2,48.19056809812835,3.8141422740184074,2.6970058663686944,,,2,0,0
Capped,2039,India,EB-5,2061,exit_pct,2,6.463631606488749,0.8673251151759638,0.6132914704343273,,,2,0,0
Capped,2039,China,EB-1,2061,exit_pct,2,19.793931796295183,1.091632340111552,0.771900630255418,,,2,0,0
Capped,2039,China,EB-2,2061,exit_pct,2,32.93590794383452,0.8276243875738858,0.585218816728858,,,2,0,0
Capped,2039,China,EB-3,2061,exit_pct,2,44.448787258912915,0.7185750530614293,0.5081092928112199,,,2,0,0
Capped,2039,China,EB-4,2061,exit_pct,2,0.0,0.0,0.0,,,0,2,0
Capped,2039,China,EB-5,2061,exit_pct,2,8.894606855183063,0.5544689918814933,0.3920687841170727,,,2,0,0
Capped,2039,ROW,EB-1,2061,exit_pct,2,0.0,0.0,0.0,,,0,2,0
Capped,2039,ROW,EB-2,2061,exit_pct,2,12.11004946865814,0.16963136579285026,0.11994748905406016,,,2,0,0
Capped,2039,ROW,EB-3,2061,exit_pct,2,30.496940200078885,0.2919779175474471,0.20645956545452648,,,2,0,0
Capped,2039,ROW,EB-4,2061,exit_pct,2,56.40660728824554,1.7882368308458645,1.2644743894586519,,,2,0,0
Capped,2039,ROW,EB-5,2061,exit_pct,2,0.0,0.0,0.0,,,0,2,0
Capped,2040,India,EB-1,2061,exit_pct,2,14.33634133284707,0.08931554559809832,0.06315562795779162,,,2,0,0
Capped,2040,India,EB-2,2061,exit_pct,2,29.172790207786893,0.14469951099889664,0.10231800546169723,,,2,0,0
Capped,2040,India,EB-3,2061,exit_pct,2,34.31831805583333,0.3738893568879601,0.26437969966895375,,,2,0,0
Capped,2040,India,EB-4,2061,exit_pct,2,49.52032380894994,1.308303800931841,0.9251104894910397,,,2,0,0
Capped,2040,India,EB-5,2061,exit_pct,2,5.837083065495322,1.0025047929828557,0.7088779372901932,,,2,0,0
Capped,2040,China,EB-1,2061,exit_pct,2,19.312810314362306,1.5595580901821082,1.10277410122211,,,2,0,0
Capped,2040,China,EB-2,2061,exit_pct,2,33.896736295523525,0.5106388654208376,0.3610762044764791,,,2,0,0
Capped,2040,China,EB-3,2061,exit_pct,2,43.783722309020334,0.3132349388475826,0.22149054936367915,,,2,0,0
Capped,2040,China,EB-4,2061,exit_pct,2,0.0,0.0,0.0,,,0,2,0
Capped,2040,China,EB-5,2061,exit_pct,2,8.923668925252645,2.213145828775044,1.5649304232815553,,,2,0,0
Capped,2040,ROW,EB-1,2061,exit_pct,2,0.0,0.0,0.0,,,0,2,0
Capped,2040,ROW,EB-2,2061,exit_pct,2,12.093994685630246,0.09712568421250233,0.06867822993404359,,,2,0,0
Capped,2040,ROW,EB-3,2061,exit_pct,2,31.633549271270795,0.06417113682432762,0.04537584600493183,,,2,0,0
Capped,2040,ROW,EB-4,2061,exit_pct,2,56.376856142742064,0.7810988384475446,0.5523202854431943,,,2,0,0
Capped,2040,ROW,EB-5,2061,exit_pct,2,0.0,0.0,0.0,,,0,2,0
Uncapped,2010,China,EB-4,2061,exit_pct,1,0.0,,,,,0,1,0
Capped,2010,China,EB-4,2061,exit_pct,1,0.0,,,,,0,1,0
