run_index,year,annual_aged_out_China_cap,annual_aged_out_China_unc,annual_aged_out_EB1_cap,annual_aged_out_EB1_unc,annual_aged_out_EB2_cap,annual_aged_out_EB2_unc,annual_aged_out_EB3_cap,annual_aged_out_EB3_unc,annual_aged_out_EB4_cap,annual_aged_out_EB4_unc,annual_aged_out_EB5_cap,annual_aged_out_EB5_unc,annual_aged_out_India_cap,annual_aged_out_India_unc,annual_aged_out_Other_cap,annual_aged_out_Other_unc,annual_aged_out_cap,annual_aged_out_unc,annual_backlog_China_cap,annual_backlog_China_unc,annual_backlog_India_cap,annual_backlog_India_unc,annual_backlog_Other_cap,annual_backlog_Other_unc,annual_backlog_total_cap,annual_backlog_total_unc,annual_conversions_cap,annual_conversions_unc,annual_exited_China_cap,annual_exited_China_unc,annual_exited_EB1_cap,annual_exited_EB1_unc,annual_exited_EB2_cap,annual_exited_EB2_unc,annual_exited_EB3_cap,annual_exited_EB3_unc,annual_exited_EB4_cap,annual_exited_EB4_unc,annual_exited_EB5_cap,annual_exited_EB5_unc,annual_exited_India_cap,annual_exited_India_unc,annual_exited_Other_cap,annual_exited_Other_unc,annual_exited_cap,annual_exited_unc,annual_visas_consumed_cap,annual_visas_consumed_unc,cumul_aged_out_cap,cumul_aged_out_unc
0,2009,0.0,0.0,0.0,0.0,0.0,0.0,0.0,0.0,0.0,0.0,0.0,0.0,0.0,0.0,0.0,0.0,0.0,0.0,38451.0,38451.0,93221.0,93221.0,73924.0,73924.0,205596.0,205596.0,63686.0,63686.0,1670.0,1670.0,0.0,0.0,544.0,544.0,7581.0,7581.0,3.0,3.0,0.0,0.0,2485.0,2485.0,3973.0,3973.0,8128.0,8128.0,140986.0,140986.0,0.0,0.0
0,2010,0.0,0.0,0.0,0.0,0.0,0.0,0.0,0.0,0.0,0.0,0.0,0.0,0.0,0.0,0.0,0.0,0.0,0.0,36001.0,36001.0,106356.0,106356.0,67380.0,67380.0,209737.0,209737.0,68112.0,68112.0,35.0,35.0,0.0,0.0,304.0,304.0,-98.0,-98.0,89.0,89.0,0.0,0.0,537.0,537.0,-277.0,-277.0,8423.0,8423.0,150263.0,150263.0,0.0,0.0
0,2011,0.0,0.0,0.0,0.0,0.0,0.0,32.0,32.0,0.0,0.0,0.0,0.0,1.0,1.0,31.0,31.0,32.0,32.0,32721.0,32721.0,124796.0,124796.0,64055.0,64055.0,221572.0,221572.0,63494.0,63494.0,-96.0,-96.0,0.0,0.0,351.0,351.0,-462.0,-462.0,289.0,289.0,0.0,0.0,421.0,421.0,-147.0,-147.0,8601.0,8601.0,139300.0,139300.0,32.0,32.0
0,2012,35.0,35.0,0.0,0.0,0.0,0.0,151.0,151.0,2.0,2.0,0.0,0.0,46.0,46.0,72.0,72.0,153.0,153.0,31944.0,31944.0,140937.0,140937.0,56234.0,56234.0,229115.0,229115.0,65499.0,65499.0,9.0,9.0,0.0,0.0,376.0,376.0,-750.0,-750.0,454.0,454.0,0.0,0.0,330.0,330.0,-259.0,-259.0,8681.0,8681.0,144647.0,144647.0,185.0,185.0
0,2013,55.0,55.0,0.0,0.0,4.0,4.0,227.0,227.0,10.0,10.0,0.0,0.0,132.0,132.0,54.0,54.0,241.0,241.0,30735.0,30735.0,153338.0,153338.0,50143.0,50143.0,234216.0,234216.0,72458.0,72458.0,-81.0,-81.0,0.0,0.0,235.0,235.0,-1034.0,-1034.0,1134.0,1134.0,0.0,0.0,382.0,382.0,34.0,34.0,9016.0,9016.0,161269.0,161269.0,426.0,426.0
0,2014,56.0,56.0,0.0,0.0,26.0,26.0,223.0,223.0,33.0,33.0,0.0,0.0,192.0,192.0,34.0,34.0,282.0,282.0,34661.0,34661.0,176009.0,176009.0,47625.0,47625.0,258295.0,258295.0,68199.0,68199.0,-79.0,-79.0,2.0,2.0,515.0,515.0,-1169.0,-1169.0,664.0,664.0,13.0,13.0,96.0,96.0,8.0,8.0,9041.0,9041.0,151359.0,151359.0,708.0,708.0
0,2015,79.0,79.0,0.0,0.0,76.0,76.0,187.0,187.0,81.0,81.0,0.0,0.0,186.0,186.0,79.0,79.0,344.0,344.0,42689.0,42689.0,209579.0,209579.0,59214.0,59214.0,311482.0,311482.0,64642.0,64642.0,179.0,179.0,78.0,78.0,880.0,880.0,-356.0,-356.0,1465.0,1465.0,123.0,123.0,996.0,996.0,1015.0,1015.0,11231.0,11231.0,143952.0,143952.0,1052.0,1052.0
0,2016,231.0,231.0,0.0,0.0,114.0,114.0,450.0,450.0,177.0,177.0,0.0,0.0,344.0,344.0,166.0,166.0,741.0,741.0,54037.0,54037.0,262853.0,262853.0,89893.0,89893.0,406783.0,406783.0,62971.0,62971.0,469.0,469.0,184.0,184.0,1480.0,1480.0,428.0,428.0,1500.0,1500.0,127.0,127.0,1261.0,1261.0,1989.0,1989.0,14950.0,14950.0,140350.0,140350.0,1793.0,1793.0
0,2017,153.0,153.0,0.0,0.0,176.0,176.0,525.0,525.0,260.0,260.0,0.0,0.0,567.0,567.0,241.0,241.0,961.0,961.0,68252.0,68252.0,306700.0,306700.0,110137.0,110137.0,485089.0,485089.0,62564.0,62564.0,394.0,394.0,206.0,206.0,840.0,840.0,634.0,634.0,872.0,872.0,146.0,146.0,1159.0,1159.0,1145.0,1145.0,17648.0,17648.0,139605.0,139605.0,2754.0,2754.0
0,2018,46.0,46.0,0.0,0.0,261.0,261.0,520.0,520.0,394.0,394.0,0.0,0.0,760.0,760.0,369.0,369.0,1175.0,1175.0,84732.0,84732.0,346394.0,346394.0,121980.0,121980.0,553106.0,553106.0,62672.0,62672.0,631.0,631.0,139.0,139.0,1015.0,1015.0,619.0,619.0,98.0,98.0,342.0,342.0,1062.0,1062.0,520.0,520.0,19861.0,19861.0,139482.0,139482.0,3929.0,3929.0
0,2019,115.0,115.0,0.0,0.0,417.0,417.0,858.0,858.0,537.0,537.0,0.0,0.0,1184.0,1184.0,513.0,513.0,1812.0,1812.0,93371.0,93371.0,391947.0,391947.0,154169.0,154169.0,639487.0,639487.0,63390.0,63390.0,344.0,344.0,23.0,23.0,1650.0,1650.0,463.0,463.0,1225.0,1225.0,22.0,22.0,1084.0,1084.0,1955.0,1955.0,23244.0,23244.0,140588.0,140588.0,5741.0,5741.0
0,2020,124.0,124.0,2.0,2.0,659.0,659.0,837.0,837.0,633.0,633.0,0.0,0.0,1406.0,1406.0,601.0,601.0,2131.0,2131.0,102949.0,102949.0,424406.0,424406.0,191145.0,191145.0,718500.0,718500.0,66794.0,66794.0,553.0,553.0,-145.0,-145.0,1169.0,1169.0,773.0,773.0,1853.0,1853.0,109.0,109.0,1284.0,1284.0,1922.0,1922.0,27003.0,27003.0,147154.0,147154.0,7872.0,7872.0
0,2021,168.0,168.0,0.0,0.0,776.0,776.0,926.0,926.0,707.0,707.0,0.0,0.0,1563.0,1563.0,678.0,678.0,2409.0,2409.0,112667.0,112667.0,470195.0,470195.0,216260.0,216260.0,799122.0,799122.0,89068.0,89068.0,501.0,501.0,-108.0,-108.0,862.0,862.0,2080.0,2080.0,472.0,472.0,54.0,54.0,1610.0,1610.0,1249.0,1249.0,30363.0,30363.0,195507.0,195507.0,10281.0,10281.0
0,2022,111.0,111.0,0.0,0.0,709.0,709.0,897.0,897.0,684.0,684.0,1.0,1.0,1522.0,1522.0,658.0,658.0,2291.0,2291.0,110099.0,110099.0,486323.0,486323.0,238022.0,238022.0,834444.0,834444.0,126605.0,126605.0,-146.0,-146.0,-79.0,-79.0,237.0,237.0,225.0,225.0,1343.0,1343.0,-92.0,-92.0,373.0,373.0,1407.0,1407.0,31997.0,31997.0,275252.0,275252.0,12572.0,12572.0
0,2023,162.0,162.0,0.0,0.0,1086.0,1086.0,1177.0,1177.0,751.0,751.0,13.0,13.0,2137.0,2137.0,728.0,728.0,3027.0,3027.0,116071.0,116071.0,525523.0,525523.0,305183.0,305183.0,946777.0,946777.0,89574.0,89574.0,321.0,321.0,152.0,152.0,1724.0,1724.0,1603.0,1603.0,2783.0,2783.0,-200.0,-200.0,1907.0,1907.0,3834.0,3834.0,38059.0,38059.0,193927.0,193927.0,15599.0,15599.0
0,2024,320.0,320.0,0.0,0.0,1540.0,1540.0,1190.0,1190.0,957.0,957.0,92.0,92.0,2523.0,2523.0,936.0,936.0,3779.0,3779.0,130203.0,130203.0,560705.0,560705.0,384026.0,384026.0,1074934.0,1074934.0,77130.0,77130.0,322.0,322.0,131.0,131.0,1328.0,1328.0,1220.0,1220.0,2837.0,2837.0,1.0,1.0,1312.0,1312.0,3883.0,3883.0,43576.0,43576.0,167395.0,167395.0,19378.0,19378.0
0,2025,373.0,322.0,2.0,0.0,2156.0,1757.0,1530.0,832.0,1105.0,1104.0,115.0,44.0,3446.0,2305.0,1089.0,1110.0,4908.0,3737.0,143561.0,140278.0,594402.0,550016.0,458781.0,507412.0,1196744.0,1197706.0,77258.0,76844.0,465.0,460.0,64.0,255.0,1723.0,1654.0,1322.0,551.0,3158.0,3285.0,-48.0,-74.0,1771.0,-1087.0,3983.0,6298.0,49795.0,49247.0,167395.0,167395.0,24286.0,23115.0
0,2026,395.0,389.0,8.0,5.0,2636.0,2038.0,1567.0,637.0,1271.0,1245.0,53.0,3.0,3881.0,2134.0,1259.0,1405.0,5535.0,3928.0,156858.0,152469.0,626755.0,544048.0,529283.0,619139.0,1312896.0,1315656.0,77398.0,76037.0,411.0,428.0,192.0,239.0,1493.0,1704.0,1039.0,793.0,2868.0,2920.0,-74.0,-27.0,1484.0,-595.0,3623.0,5796.0,55313.0,54876.0,167395.0,167395.0,29821.0,27043.0
0,2027,365.0,412.0,2.0,9.0,3232.0,2350.0,1723.0,595.0,1403.0,1361.0,1.0,1.0,4588.0,2200.0,1408.0,1704.0,6361.0,4316.0,169054.0,160755.0,657350.0,544500.0,596877.0,723007.0,1423281.0,1428262.0,77021.0,75602.0,494.0,262.0,127.0,226.0,2072.0,1506.0,833.0,1311.0,3117.0,2751.0,-5.0,-15.0,1813.0,47.0,3837.0,5470.0,61457.0,60655.0,167395.0,167395.0,36182.0,31359.0
0,2028,442.0,490.0,8.0,14.0,3848.0,2665.0,1867.0,836.0,1559.0,1532.0,5.0,3.0,5277.0,2341.0,1568.0,2219.0,7287.0,5050.0,181260.0,169806.0,685558.0,545007.0,660086.0,818973.0,1526904.0,1533786.0,78554.0,77653.0,426.0,272.0,149.0,42.0,1853.0,1616.0,1233.0,1042.0,1992.0,2318.0,2.0,13.0,2079.0,232.0,2724.0,4527.0,66686.0,65686.0,167395.0,167395.0,43469.0,36409.0
0,2029,512.0,552.0,21.0,14.0,4694.0,3145.0,1998.0,1045.0,1631.0,1637.0,4.0,4.0,6149.0,2578.0,1687.0,2715.0,8348.0,5845.0,193279.0,178517.0,711255.0,545089.0,720359.0,911178.0,1624893.0,1634784.0,78993.0,77740.0,377.0,279.0,100.0,173.0,2226.0,1137.0,956.0,1171.0,1941.0,1924.0,-28.0,34.0,2064.0,218.0,2754.0,3942.0,71881.0,70125.0,167395.0,167395.0,51817.0,42254.0
0,2030,552.0,541.0,43.0,18.0,5418.0,3596.0,2104.0,1390.0,1835.0,1864.0,6.0,9.0,6969.0,2788.0,1885.0,3548.0,9406.0,6877.0,204879.0,186487.0,734688.0,544791.0,777921.0,998793.0,1717488.0,1730071.0,79477.0,78694.0,443.0,262.0,155.0,186.0,2266.0,1996.0,855.0,1304.0,1602.0,1299.0,32.0,-28.0,2138.0,681.0,2329.0,3814.0,76791.0,74882.0,167395.0,167395.0,61223.0,49131.0
0,2031,721.0,656.0,46.0,25.0,6072.0,4039.0,2390.0,1713.0,2046.0,2042.0,11.0,7.0,7713.0,2879.0,2131.0,4291.0,10565.0,7826.0,216127.0,193874.0,756098.0,545779.0,832443.0,1081273.0,1804668.0,1820926.0,80122.0,79148.0,504.0,327.0,216.0,270.0,2180.0,995.0,444.0,796.0,1932.0,1888.0,-2.0,29.0,1990.0,-352.0,2276.0,4003.0,81561.0,78860.0,167395.0,167395.0,71788.0,56957.0
0,2032,834.0,733.0,54.0,26.0,6773.0,4610.0,2531.0,2013.0,2206.0,2232.0,6.0,12.0,8422.0,3066.0,2314.0,5094.0,11570.0,8893.0,226996.0,202092.0,774833.0,557024.0,884603.0,1146457.0,1886432.0,1905573.0,80286.0,80753.0,155.0,305.0,97.0,-8.0,2467.0,1664.0,807.0,692.0,1842.0,2285.0,39.0,-30.0,2407.0,749.0,2690.0,3549.0,86813.0,83463.0,167395.0,167395.0,83358.0,65850.0
0,2033,899.0,745.0,83.0,19.0,7516.0,5131.0,2735.0,2118.0,2396.0,2343.0,7.0,3.0,9252.0,3271.0,2586.0,5598.0,12737.0,9614.0,237218.0,208697.0,791923.0,568885.0,935304.0,1210651.0,1964445.0,1988233.0,79877.0,79623.0,686.0,377.0,117.0,208.0,2042.0,1532.0,1026.0,849.0,1004.0,478.0,-29.0,50.0,1877.0,863.0,1597.0,1877.0,90973.0,86580.0,167395.0,167395.0,96095.0,75464.0
0,2034,1024.0,801.0,88.0,20.0,8225.0,5973.0,2950.0,2136.0,2399.0,2431.0,7.0,6.0,9978.0,3533.0,2667.0,6232.0,13669.0,10566.0,247292.0,214751.0,806668.0,580441.0,985899.0,1272655.0,2039859.0,2067847.0,79252.0,79820.0,260.0,-45.0,91.0,131.0,1916.0,1301.0,783.0,540.0,437.0,928.0,-3.0,-51.0,2139.0,369.0,825.0,2525.0,94197.0,89429.0,167395.0,167395.0,109764.0,86030.0
0,2035,1083.0,859.0,137.0,36.0,8865.0,6481.0,3285.0,2419.0,2500.0,2478.0,14.0,5.0,10903.0,3697.0,2815.0,6863.0,14801.0,11419.0,256740.0,220218.0,818873.0,591309.0,1034744.0,1332743.0,2110357.0,2144270.0,79043.0,79741.0,424.0,403.0,191.0,116.0,2564.0,1591.0,953.0,367.0,1420.0,1203.0,-3.0,-7.0,2628.0,705.0,2073.0,2162.0,99322.0,92699.0,167395.0,167395.0,124565.0,97449.0
0,2036,1268.0,935.0,197.0,44.0,9415.0,6976.0,3457.0,2653.0,2676.0,2622.0,9.0,4.0,11435.0,3950.0,3051.0,7414.0,15754.0,12299.0,266065.0,226194.0,828653.0,600767.0,1082436.0,1389595.0,2177154.0,2216556.0,78986.0,80308.0,263.0,281.0,87.0,90.0,1928.0,1885.0,842.0,643.0,890.0,901.0,11.0,51.0,2190.0,646.0,1305.0,2643.0,103080.0,96269.0,167395.0,167395.0,140319.0,109748.0
0,2037,1393.0,943.0,216.0,38.0,9718.0,7440.0,3659.0,2692.0,2586.0,2688.0,14.0,10.0,11800.0,4157.0,3000.0,7768.0,16193.0,12868.0,274754.0,231542.0,836751.0,612498.0,1126929.0,1439779.0,2238434.0,2283819.0,80356.0,82343.0,588.0,260.0,230.0,158.0,1696.0,1349.0,1065.0,427.0,1125.0,1075.0,31.0,-21.0,2089.0,741.0,1470.0,1987.0,107227.0,99257.0,167395.0,167395.0,156512.0,122616.0
0,2038,1528.0,1055.0,261.0,50.0,9885.0,8108.0,3838.0,2978.0,2745.0,2796.0,21.0,8.0,11960.0,4646.0,3262.0,8239.0,16750.0,13940.0,283099.0,236843.0,842569.0,624785.0,1169371.0,1486162.0,2295039.0,2347790.0,81328.0,82819.0,450.0,146.0,159.0,94.0,1795.0,949.0,540.0,236.0,1212.0,1504.0,-3.0,33.0,1559.0,802.0,1694.0,1868.0,110930.0,102073.0,167395.0,167395.0,173262.0,136556.0
0,2039,1627.0,1105.0,308.0,62.0,9942.0,8494.0,4029.0,3093.0,2804.0,2833.0,16.0,4.0,12132.0,4803.0,3340.0,8578.0,17099.0,14486.0,290642.0,241375.0,847225.0,637148.0,1210523.0,1529857.0,2348390.0,2408380.0,81571.0,83228.0,411.0,236.0,50.0,172.0,1353.0,1426.0,834.0,958.0,752.0,404.0,22.0,12.0,1479.0,1029.0,1121.0,1707.0,113941.0,105045.0,167395.0,167395.0,190361.0,151042.0
0,2040,1722.0,1170.0,358.0,82.0,9663.0,8940.0,4291.0,3262.0,2982.0,3124.0,9.0,6.0,11960.0,5110.0,3621.0,9134.0,17303.0,15414.0,298214.0,246251.0,849981.0,648374.0,1249618.0,1570884.0,2397813.0,2465509.0,81760.0,83737.0,419.0,95.0,155.0,157.0,1287.0,1307.0,1028.0,390.0,1272.0,1097.0,-3.0,1.0,1559.0,785.0,1761.0,2072.0,117680.0,107997.0,167395.0,167395.0,207664.0,166456.0
1,2009,0.0,0.0,0.0,0.0,0.0,0.0,0.0,0.0,0.0,0.0,0.0,0.0,0.0,0.0,0.0,0.0,0.0,0.0,38435.0,38435.0,93635.0,93635.0,73307.0,73307.0,205377.0,205377.0,63898.0,63898.0,1702.0,1702.0,0.0,0.0,562.0,562.0,7570.0,7570.0,3.0,3.0,0.0,0.0,2609.0,2609.0,3824.0,3824.0,8135.0,8135.0,140986.0,140986.0,0.0,0.0
1,2010,0.0,0.0,0.0,0.0,0.0,0.0,0.0,0.0,0.0,0.0,0.0,0.0,0.0,0.0,0.0,0.0,0.0,0.0,36002.0,36002.0,107200.0,107200.0,66596.0,66596.0,209798.0,209798.0,67916.0,67916.0,42.0,42.0,0.0,0.0,259.0,259.0,-135.0,-135.0,80.0,80.0,0.0,0.0,304.0,304.0,-142.0,-142.0,8339.0,8339.0,150263.0,150263.0,0.0,0.0
1,2011,0.0,0.0,0.0,0.0,0.0,0.0,24.0,24.0,0.0,0.0,0.0,0.0,1.0,1.0,23.0,23.0,24.0,24.0,32858.0,32858.0,125922.0,125922.0,63059.0,63059.0,221839.0,221839.0,63455.0,63455.0,-129.0,-129.0,0.0,0.0,352.0,352.0,-536.0,-536.0,279.0,279.0,0.0,0.0,507.0,507.0,-283.0,-283.0,8434.0,8434.0,139300.0,139300.0,24.0,24.0
1,2012,39.0,39.0,0.0,0.0,0.0,0.0,138.0,138.0,2.0,2.0,0.0,0.0,25.0,25.0,76.0,76.0,140.0,140.0,32195.0,32195.0,141990.0,141990.0,55697.0,55697.0,229882.0,229882.0,65130.0,65130.0,-51.0,-51.0,0.0,0.0,390.0,390.0,-765.0,-765.0,491.0,491.0,0.0,0.0,352.0,352.0,-185.0,-185.0,8550.0,8550.0,144647.0,144647.0,164.0,164.0
1,2013,60.0,60.0,0.0,0.0,7.0,7.0,226.0,226.0,7.0,7.0,0.0,0.0,138.0,138.0,42.0,42.0,240.0,240.0,30903.0,30903.0,154162.0,154162.0,49754.0,49754.0,234819.0,234819.0,72522.0,72522.0,13.0,13.0,0.0,0.0,221.0,221.0,-762.0,-762.0,1107.0,1107.0,0.0,0.0,395.0,395.0,158.0,158.0,9116.0,9116.0,161269.0,161269.0,404.0,404.0
1,2014,53.0,53.0,0.0,0.0,16.0,16.0,202.0,202.0,28.0,28.0,0.0,0.0,164.0,164.0,29.0,29.0,246.0,246.0,34831.0,34831.0,176806.0,176806.0,47144.0,47144.0,258781.0,258781.0,68137.0,68137.0,-16.0,-16.0,3.0,3.0,591.0,591.0,-1316.0,-1316.0,802.0,802.0,24.0,24.0,70.0,70.0,50.0,50.0,9220.0,9220.0,151359.0,151359.0,650.0,650.0
1,2015,74.0,74.0,0.0,0.0,58.0,58.0,191.0,191.0,77.0,77.0,0.0,0.0,183.0,183.0,69.0,69.0,326.0,326.0,42553.0,42553.0,210345.0,210345.0,58706.0,58706.0,311604.0,311604.0,64825.0,64825.0,179.0,179.0,85.0,85.0,1001.0,1001.0,-352.0,-352.0,1348.0,1348.0,110.0,110.0,1041.0,1041.0,972.0,972.0,11412.0,11412.0,143952.0,143952.0,976.0,976.0
1,2016,220.0,220.0,0.0,0.0,85.0,85.0,451.0,451.0,175.0,175.0,0.0,0.0,320.0,320.0,171.0,171.0,711.0,711.0,53857.0,53857.0,263880.0,263880.0,89436.0,89436.0,407173.0,407173.0,62982.0,62982.0,304.0,304.0,152.0,152.0,1168.0,1168.0,300.0,300.0,1541.0,1541.0,98.0,98.0,1070.0,1070.0,1885.0,1885.0,14671.0,14671.0,140350.0,140350.0,1687.0,1687.0
1,2017,123.0,123.0,0.0,0.0,158.0,158.0,503.0,503.0,314.0,314.0,0.0,0.0,557.0,557.0,295.0,295.0,975.0,975.0,67905.0,67905.0,308037.0,308037.0,109701.0,109701.0,485643.0,485643.0,62412.0,62412.0,490.0,490.0,255.0,255.0,937.0,937.0,740.0,740.0,786.0,786.0,247.0,247.0,1300.0,1300.0,1175.0,1175.0,17636.0,17636.0,139605.0,139605.0,2662.0,2662.0
1,2018,43.0,43.0,0.0,0.0,287.0,287.0,541.0,541.0,392.0,392.0,0.0,0.0,820.0,820.0,357.0,357.0,1220.0,1220.0,84149.0,84149.0,347653.0,347653.0,121853.0,121853.0,553655.0,553655.0,62463.0,62463.0,523.0,523.0,120.0,120.0,1314.0,1314.0,596.0,596.0,178.0,178.0,231.0,231.0,1282.0,1282.0,634.0,634.0,20075.0,20075.0,139482.0,139482.0,3882.0,3882.0
1,2019,143.0,143.0,1.0,1.0,416.0,416.0,950.0,950.0,588.0,588.0,0.0,0.0,1263.0,1263.0,549.0,549.0,1955.0,1955.0,92767.0,92767.0,393518.0,393518.0,153808.0,153808.0,640093.0,640093.0,63343.0,63343.0,406.0,406.0,-2.0,-2.0,1216.0,1216.0,560.0,560.0,1319.0,1319.0,66.0,66.0,851.0,851.0,1902.0,1902.0,23234.0,23234.0,140588.0,140588.0,5837.0,5837.0
1,2020,116.0,116.0,0.0,0.0,651.0,651.0,829.0,829.0,634.0,634.0,0.0,0.0,1395.0,1395.0,603.0,603.0,2114.0,2114.0,102757.0,102757.0,425874.0,425874.0,190858.0,190858.0,719489.0,719489.0,66672.0,66672.0,321.0,321.0,-149.0,-149.0,1041.0,1041.0,785.0,785.0,1772.0,1772.0,59.0,59.0,1222.0,1222.0,1965.0,1965.0,26742.0,26742.0,147154.0,147154.0,7951.0,7951.0
1,2021,170.0,170.0,0.0,0.0,794.0,794.0,930.0,930.0,675.0,675.0,0.0,0.0,1585.0,1585.0,644.0,644.0,2399.0,2399.0,112800.0,112800.0,471537.0,471537.0,216290.0,216290.0,800627.0,800627.0,88698.0,88698.0,706.0,706.0,-101.0,-101.0,915.0,915.0,1946.0,1946.0,621.0,621.0,94.0,94.0,1603.0,1603.0,1166.0,1166.0,30217.0,30217.0,195507.0,195507.0,10350.0,10350.0
1,2022,134.0,134.0,0.0,0.0,728.0,728.0,954.0,954.0,685.0,685.0,0.0,0.0,1574.0,1574.0,659.0,659.0,2367.0,2367.0,110174.0,110174.0,488184.0,488184.0,238060.0,238060.0,836418.0,836418.0,126262.0,126262.0,-26.0,-26.0,-38.0,-38.0,481.0,481.0,336.0,336.0,998.0,998.0,-123.0,-123.0,468.0,468.0,1212.0,1212.0,31871.0,31871.0,275252.0,275252.0,12717.0,12717.0
1,2023,163.0,163.0,0.0,0.0,1112.0,1112.0,1216.0,1216.0,753.0,753.0,12.0,12.0,2194.0,2194.0,736.0,736.0,3093.0,3093.0,116364.0,116364.0,527762.0,527762.0,305061.0,305061.0,949187.0,949187.0,89732.0,89732.0,30.0,30.0,110.0,110.0,1640.0,1640.0,1318.0,1318.0,2679.0,2679.0,-153.0,-153.0,1666.0,1666.0,3898.0,3898.0,37465.0,37465.0,193927.0,193927.0,15810.0,15810.0
1,2024,290.0,290.0,0.0,0.0,1528.0,1528.0,1236.0,1236.0,910.0,910.0,94.0,94.0,2593.0,2593.0,885.0,885.0,3768.0,3768.0,130354.0,130354.0,563241.0,563241.0,383386.0,383386.0,1076981.0,1076981.0,77035.0,77035.0,607.0,607.0,128.0,128.0,1512.0,1512.0,1459.0,1459.0,3468.0,3468.0,2.0,2.0,1728.0,1728.0,4234.0,4234.0,44034.0,44034.0,167395.0,167395.0,19578.0,19578.0
1,2025,376.0,320.0,0.0,0.0,2071.0,1692.0,1611.0,853.0,1052.0,1043.0,113.0,42.0,3427.0,2265.0,1044.0,1045.0,4847.0,3630.0,143758.0,140580.0,596958.0,552439.0,457838.0,506771.0,1198554.0,1199790.0,77409.0,76939.0,399.0,207.0,194.0,320.0,1325.0,1424.0,1436.0,484.0,2903.0,2960.0,-11.0,-107.0,1546.0,-1341.0,3902.0,6215.0,49881.0,49115.0,167395.0,167395.0,24425.0,23208.0
1,2026,370.0,359.0,1.0,5.0,2697.0,2026.0,1528.0,649.0,1250.0,1255.0,49.0,6.0,3917.0,2170.0,1238.0,1412.0,5525.0,3941.0,156558.0,152373.0,629157.0,546599.0,528968.0,619075.0,1314683.0,1318047.0,77421.0,75973.0,370.0,477.0,123.0,172.0,1939.0,1667.0,712.0,687.0,2746.0,3027.0,-88.0,-35.0,1617.0,-653.0,3445.0,5694.0,55313.0,54633.0,167395.0,167395.0,29950.0,27149.0
1,2027,358.0,405.0,5.0,8.0,3256.0,2291.0,1746.0,589.0,1324.0,1335.0,1.0,7.0,4659.0,2168.0,1315.0,1657.0,6332.0,4230.0,168897.0,160987.0,659998.0,547186.0,596467.0,722391.0,1425362.0,1430564.0,76923.0,75689.0,462.0,344.0,104.0,182.0,1891.0,1725.0,971.0,1498.0,3036.0,2563.0,-54.0,56.0,1745.0,262.0,3741.0,5418.0,61261.0,60657.0,167395.0,167395.0,36282.0,31379.0
1,2028,474.0,504.0,12.0,14.0,3941.0,2683.0,1956.0,878.0,1544.0,1528.0,8.0,4.0,5412.0,2376.0,1575.0,2227.0,7461.0,5107.0,180753.0,170028.0,688249.0,547367.0,659839.0,818997.0,1528841.0,1536392.0,78230.0,77376.0,571.0,288.0,119.0,254.0,2277.0,1385.0,1305.0,1166.0,2231.0,2248.0,-39.0,-51.0,2064.0,309.0,3258.0,4405.0,67154.0,65659.0,167395.0,167395.0,43743.0,36486.0
1,2029,498.0,523.0,33.0,21.0,4642.0,3121.0,2004.0,1117.0,1754.0,1704.0,6.0,2.0,6119.0,2593.0,1822.0,2849.0,8439.0,5965.0,192723.0,178697.0,714085.0,547405.0,720484.0,911164.0,1627292.0,1637266.0,78944.0,77802.0,271.0,284.0,159.0,109.0,1698.0,1473.0,912.0,1182.0,1499.0,1694.0,46.0,70.0,1980.0,195.0,2063.0,4049.0,71468.0,70187.0,167395.0,167395.0,52182.0,42451.0
1,2030,531.0,544.0,47.0,25.0,5405.0,3613.0,2126.0,1420.0,1921.0,1977.0,5.0,6.0,6980.0,2747.0,1993.0,3750.0,9504.0,7041.0,204305.0,186865.0,737441.0,547457.0,778261.0,998450.0,1720007.0,1732772.0,79447.0,78631.0,498.0,345.0,143.0,138.0,2254.0,1522.0,1042.0,1188.0,1805.0,1735.0,-11.0,-44.0,2167.0,139.0,2568.0,4055.0,76701.0,74726.0,167395.0,167395.0,61686.0,49492.0
1,2031,764.0,704.0,60.0,19.0,6191.0,4114.0,2358.0,1806.0,2048.0,2111.0,15.0,4.0,7742.0,2824.0,2166.0,4526.0,10672.0,8054.0,215447.0,193892.0,758794.0,547517.0,832861.0,1081623.0,1807102.0,1823032.0,80073.0,79348.0,411.0,136.0,169.0,107.0,2438.0,1299.0,422.0,881.0,1899.0,2197.0,66.0,45.0,2109.0,306.0,2474.0,4087.0,81695.0,79255.0,167395.0,167395.0,72358.0,57546.0
1,2032,786.0,710.0,73.0,27.0,6757.0,4567.0,2429.0,1925.0,2121.0,2126.0,10.0,8.0,8353.0,3029.0,2251.0,4914.0,11390.0,8653.0,226158.0,202025.0,777989.0,558826.0,885015.0,1146713.0,1889162.0,1907564.0,80282.0,80742.0,463.0,424.0,75.0,182.0,2016.0,1942.0,1042.0,826.0,1711.0,1435.0,-18.0,-51.0,2086.0,596.0,2277.0,3314.0,86521.0,83589.0,167395.0,167395.0,83748.0,66199.0
1,2033,908.0,801.0,69.0,30.0,7678.0,5210.0,2679.0,2066.0,2367.0,2326.0,9.0,1.0,9345.0,3199.0,2549.0,5633.0,12802.0,9633.0,236643.0,208891.0,794532.0,570198.0,935694.0,1211193.0,1966869.0,1990282.0,79963.0,79534.0,377.0,209.0,125.0,181.0,2465.0,1379.0,845.0,582.0,1264.0,878.0,-27.0,2.0,2411.0,849.0,1884.0,1964.0,91193.0,86611.0,167395.0,167395.0,96550.0,75832.0
1,2034,1007.0,793.0,92.0,35.0,8398.0,5914.0,2973.0,2161.0,2510.0,2520.0,7.0,6.0,10188.0,3564.0,2785.0,6279.0,13980.0,10636.0,246287.0,214242.0,809266.0,582420.0,985924.0,1272699.0,2041477.0,2069361.0,79022.0,79783.0,360.0,304.0,176.0,86.0,2179.0,1206.0,570.0,508.0,1119.0,1524.0,-4.0,66.0,2041.0,301.0,1639.0,2785.0,95233.0,90001.0,167395.0,167395.0,110530.0,86468.0
1,2035,1146.0,852.0,152.0,42.0,8876.0,6342.0,3335.0,2426.0,2569.0,2549.0,13.0,8.0,10888.0,3673.0,2911.0,6842.0,14945.0,11367.0,255751.0,220114.0,821384.0,592849.0,1034971.0,1332882.0,2112106.0,2145845.0,79022.0,79532.0,358.0,51.0,126.0,104.0,2154.0,1521.0,919.0,638.0,745.0,626.0,35.0,-43.0,2372.0,843.0,1249.0,1952.0,99212.0,92847.0,167395.0,167395.0,125475.0,97835.0
1,2036,1314.0,937.0,186.0,50.0,9438.0,6973.0,3611.0,2668.0,2582.0,2607.0,17.0,5.0,11524.0,3937.0,2996.0,7429.0,15834.0,12303.0,264675.0,225811.0,831564.0,602729.0,1081906.0,1389407.0,2178145.0,2217947.0,79274.0,80348.0,316.0,286.0,120.0,271.0,1811.0,1755.0,1084.0,403.0,1330.0,1156.0,-7.0,-19.0,2143.0,447.0,1879.0,2833.0,103550.0,96413.0,167395.0,167395.0,141309.0,110138.0
1,2037,1381.0,979.0,244.0,52.0,9966.0,7629.0,3838.0,2810.0,2746.0,2803.0,14.0,4.0,12223.0,4355.0,3204.0,7964.0,16808.0,13298.0,273207.0,231163.0,839171.0,613993.0,1126909.0,1440218.0,2239287.0,2285374.0,80318.0,82419.0,645.0,338.0,255.0,99.0,2086.0,1025.0,1078.0,474.0,427.0,994.0,7.0,12.0,2371.0,674.0,837.0,1592.0,107403.0,99017.0,167395.0,167395.0,158117.0,123436.0
1,2038,1506.0,1068.0,249.0,49.0,9603.0,8109.0,4023.0,3015.0,2715.0,2823.0,20.0,9.0,11867.0,4578.0,3237.0,8359.0,16610.0,14005.0,281738.0,236174.0,845232.0,626589.0,1169317.0,1486465.0,2296287.0,2349228.0,81259.0,82908.0,183.0,231.0,124.0,9.0,1318.0,1553.0,569.0,588.0,1194.0,869.0,-4.0,65.0,1624.0,1028.0,1394.0,1825.0,110604.0,102101.0,167395.0,167395.0,174727.0,137441.0
1,2039,1622.0,1082.0,313.0,62.0,9834.0,8588.0,4148.0,3227.0,2891.0,2957.0,13.0,8.0,12129.0,4982.0,3448.0,8778.0,17199.0,14842.0,289602.0,241115.0,849489.0,638748.0,1210426.0,1529888.0,2349517.0,2409751.0,81423.0,83262.0,577.0,178.0,137.0,102.0,1659.0,1529.0,864.0,549.0,950.0,851.0,-4.0,-54.0,1550.0,825.0,1479.0,1974.0,114210.0,105078.0,167395.0,167395.0,191926.0,152283.0
1,2040,1711.0,1062.0,383.0,77.0,9880.0,8985.0,4427.0,3282.0,3065.0,3093.0,13.0,3.0,12291.0,5206.0,3766.0,9172.0,17768.0,15440.0,296568.0,245965.0,852286.0,649744.0,1250325.0,1571255.0,2399179.0,2466964.0,81940.0,83656.0,585.0,79.0,131.0,145.0,1664.0,1228.0,706.0,-12.0,512.0,1528.0,38.0,27.0,1369.0,1035.0,1097.0,1802.0,117261.0,107994.0,167395.0,167395.0,209694.0,167723.0
2,2009,0.0,0.0,0.0,0.0,0.0,0.0,0.0,0.0,0.0,0.0,0.0,0.0,0.0,0.0,0.0,0.0,0.0,0.0,38517.0,38517.0,93270.0,93270.0,73715.0,73715.0,205502.0,205502.0,63692.0,63692.0,1652.0,1652.0,0.0,0.0,524.0,524.0,7691.0,7691.0,1.0,1.0,0.0,0.0,2653.0,2653.0,3911.0,3911.0,8216.0,8216.0,140986.0,140986.0,0.0,0.0
2,2010,0.0,0.0,0.0,0.0,0.0,0.0,0.0,0.0,0.0,0.0,0.0,0.0,0.0,0.0,0.0,0.0,0.0,0.0,36216.0,36216.0,106614.0,106614.0,66916.0,66916.0,209746.0,209746.0,68125.0,68125.0,14.0,14.0,0.0,0.0,273.0,273.0,-265.0,-265.0,83.0,83.0,0.0,0.0,213.0,213.0,-136.0,-136.0,8307.0,8307.0,150263.0,150263.0,0.0,0.0
2,2011,0.0,0.0,0.0,0.0,0.0,0.0,27.0,27.0,0.0,0.0,0.0,0.0,1.0,1.0,26.0,26.0,27.0,27.0,32997.0,32997.0,125366.0,125366.0,63099.0,63099.0,221462.0,221462.0,63564.0,63564.0,-68.0,-68.0,0.0,0.0,375.0,375.0,-312.0,-312.0,280.0,280.0,0.0,0.0,571.0,571.0,-160.0,-160.0,8650.0,8650.0,139300.0,139300.0,27.0,27.0
2,2012,46.0,46.0,0.0,0.0,1.0,1.0,166.0,166.0,3.0,3.0,0.0,0.0,52.0,52.0,72.0,72.0,170.0,170.0,32412.0,32412.0,141541.0,141541.0,55494.0,55494.0,229447.0,229447.0,65054.0,65054.0,-7.0,-7.0,0.0,0.0,452.0,452.0,-950.0,-950.0,532.0,532.0,0.0,0.0,383.0,383.0,-342.0,-342.0,8684.0,8684.0,144647.0,144647.0,197.0,197.0
2,2013,57.0,57.0,0.0,0.0,10.0,10.0,237.0,237.0,7.0,7.0,0.0,0.0,152.0,152.0,45.0,45.0,254.0,254.0,31117.0,31117.0,153829.0,153829.0,49502.0,49502.0,234448.0,234448.0,72467.0,72467.0,-34.0,-34.0,0.0,0.0,156.0,156.0,-950.0,-950.0,1217.0,1217.0,0.0,0.0,264.0,264.0,193.0,193.0,9107.0,9107.0,161269.0,161269.0,451.0,451.0
2,2014,47.0,47.0,0.0,0.0,21.0,21.0,212.0,212.0,34.0,34.0,0.0,0.0,183.0,183.0,37.0,37.0,267.0,267.0,34966.0,34966.0,176561.0,176561.0,46941.0,46941.0,258468.0,258468.0,68260.0,68260.0,-17.0,-17.0,1.0,1.0,562.0,562.0,-1253.0,-1253.0,600.0,600.0,22.0,22.0,67.0,67.0,-118.0,-118.0,9039.0,9039.0,151359.0,151359.0,718.0,718.0
2,2015,96.0,96.0,0.0,0.0,66.0,66.0,200.0,200.0,86.0,86.0,0.0,0.0,178.0,178.0,78.0,78.0,352.0,352.0,42912.0,42912.0,210055.0,210055.0,59053.0,59053.0,312020.0,312020.0,64491.0,64491.0,98.0,98.0,56.0,56.0,823.0,823.0,-249.0,-249.0,1255.0,1255.0,93.0,93.0,1066.0,1066.0,814.0,814.0,11017.0,11017.0,143952.0,143952.0,1070.0,1070.0
2,2016,229.0,229.0,0.0,0.0,99.0,99.0,456.0,456.0,176.0,176.0,0.0,0.0,335.0,335.0,167.0,167.0,731.0,731.0,54203.0,54203.0,263495.0,263495.0,89818.0,89818.0,407516.0,407516.0,62876.0,62876.0,412.0,412.0,190.0,190.0,1525.0,1525.0,475.0,475.0,1540.0,1540.0,103.0,103.0,1369.0,1369.0,2052.0,2052.0,14850.0,14850.0,140350.0,140350.0,1801.0,1801.0
2,2017,141.0,141.0,0.0,0.0,176.0,176.0,528.0,528.0,273.0,273.0,0.0,0.0,574.0,574.0,262.0,262.0,977.0,977.0,68405.0,68405.0,307381.0,307381.0,110055.0,110055.0,485841.0,485841.0,62711.0,62711.0,466.0,466.0,253.0,253.0,876.0,876.0,524.0,524.0,753.0,753.0,226.0,226.0,1015.0,1015.0,1151.0,1151.0,17482.0,17482.0,139605.0,139605.0,2778.0,2778.0
2,2018,29.0,29.0,0.0,0.0,262.0,262.0,594.0,594.0,406.0,406.0,0.0,0.0,858.0,858.0,375.0,375.0,1262.0,1262.0,84782.0,84782.0,347253.0,347253.0,121873.0,121873.0,553908.0,553908.0,62413.0,62413.0,627.0,627.0,153.0,153.0,1171.0,1171.0,523.0,523.0,404.0,404.0,337.0,337.0,1113.0,1113.0,848.0,848.0,20070.0,20070.0,139482.0,139482.0,4040.0,4040.0
2,2019,125.0,125.0,0.0,0.0,410.0,410.0,895.0,895.0,553.0,553.0,0.0,0.0,1225.0,1225.0,508.0,508.0,1858.0,1858.0,93161.0,93161.0,392899.0,392899.0,154367.0,154367.0,640427.0,640427.0,63170.0,63170.0,417.0,417.0,21.0,21.0,1393.0,1393.0,625.0,625.0,1206.0,1206.0,11.0,11.0,1196.0,1196.0,1643.0,1643.0,23326.0,23326.0,140588.0,140588.0,5898.0,5898.0
2,2020,127.0,127.0,1.0,1.0,656.0,656.0,840.0,840.0,635.0,635.0,0.0,0.0,1396.0,1396.0,609.0,609.0,2132.0,2132.0,102802.0,102802.0,425763.0,425763.0,191280.0,191280.0,719845.0,719845.0,66557.0,66557.0,301.0,301.0,-235.0,-235.0,978.0,978.0,946.0,946.0,1789.0,1789.0,31.0,31.0,1085.0,1085.0,2123.0,2123.0,26835.0,26835.0,147154.0,147154.0,8030.0,8030.0
2,2021,157.0,157.0,0.0,0.0,734.0,734.0,901.0,901.0,658.0,658.0,0.0,0.0,1513.0,1513.0,623.0,623.0,2293.0,2293.0,112620.0,112620.0,471304.0,471304.0,216845.0,216845.0,800769.0,800769.0,89028.0,89028.0,562.0,562.0,-87.0,-87.0,972.0,972.0,1726.0,1726.0,556.0,556.0,99.0,99.0,1555.0,1555.0,1149.0,1149.0,30101.0,30101.0,195507.0,195507.0,10323.0,10323.0
2,2022,126.0,126.0,0.0,0.0,663.0,663.0,903.0,903.0,687.0,687.0,5.0,5.0,1474.0,1474.0,658.0,658.0,2258.0,2258.0,110004.0,110004.0,487324.0,487324.0,238540.0,238540.0,835868.0,835868.0,126435.0,126435.0,43.0,43.0,-39.0,-39.0,554.0,554.0,609.0,609.0,1283.0,1283.0,-118.0,-118.0,802.0,802.0,1444.0,1444.0,32390.0,32390.0,275252.0,275252.0,12581.0,12581.0
2,2023,182.0,182.0,0.0,0.0,1114.0,1114.0,1142.0,1142.0,794.0,794.0,16.0,16.0,2128.0,2128.0,756.0,756.0,3066.0,3066.0,116415.0,116415.0,526816.0,526816.0,305748.0,305748.0,948979.0,948979.0,89282.0,89282.0,169.0,169.0,120.0,120.0,1462.0,1462.0,1212.0,1212.0,2518.0,2518.0,-129.0,-129.0,1519.0,1519.0,3495.0,3495.0,37573.0,37573.0,193927.0,193927.0,15647.0,15647.0
2,2024,311.0,311.0,0.0,0.0,1515.0,1515.0,1222.0,1222.0,951.0,951.0,98.0,98.0,2550.0,2550.0,925.0,925.0,3786.0,3786.0,130394.0,130394.0,561986.0,561986.0,384012.0,384012.0,1076392.0,1076392.0,77295.0,77295.0,445.0,445.0,164.0,164.0,1589.0,1589.0,1412.0,1412.0,3471.0,3471.0,-54.0,-54.0,1509.0,1509.0,4628.0,4628.0,44155.0,44155.0,167395.0,167395.0,19433.0,19433.0
2,2025,341.0,299.0,2.0,0.0,2021.0,1673.0,1498.0,793.0,1061.0,1056.0,96.0,39.0,3291.0,2211.0,1046.0,1051.0,4678.0,3561.0,143336.0,140247.0,595702.0,551196.0,459390.0,507944.0,1198428.0,1199387.0,77533.0,76855.0,501.0,273.0,96.0,284.0,1492.0,1644.0,1180.0,391.0,2356.0,2586.0,15.0,-47.0,1739.0,-1031.0,2899.0,5616.0,49294.0,49013.0,167395.0,167395.0,24111.0,22994.0
2,2026,384.0,386.0,5.0,8.0,2625.0,1985.0,1437.0,609.0,1223.0,1230.0,50.0,2.0,3730.0,2046.0,1226.0,1402.0,5340.0,3834.0,156657.0,152298.0,627459.0,544893.0,529661.0,620011.0,1313777.0,1317202.0,77864.0,76141.0,319.0,633.0,137.0,217.0,1773.0,1575.0,1189.0,1088.0,3335.0,3034.0,-78.0,-20.0,1649.0,-637.0,4388.0,5898.0,55650.0,54907.0,167395.0,167395.0,29451.0,26828.0
2,2027,372.0,410.0,9.0,9.0,3226.0,2327.0,1750.0,595.0,1446.0,1391.0,3.0,3.0,4608.0,2178.0,1454.0,1737.0,6434.0,4325.0,168871.0,160916.0,658087.0,544872.0,597683.0,723774.0,1424641.0,1429562.0,76882.0,76002.0,443.0,78.0,192.0,210.0,1571.0,1461.0,881.0,1172.0,2865.0,2797.0,-42.0,-46.0,1370.0,-146.0,3654.0,5662.0,61117.0,60501.0,167395.0,167395.0,35885.0,31153.0
2,2028,458.0,486.0,5.0,12.0,3900.0,2591.0,1901.0,840.0,1458.0,1526.0,10.0,9.0,5333.0,2303.0,1483.0,2189.0,7274.0,4978.0,180970.0,169889.0,686132.0,545473.0,660931.0,819785.0,1528033.0,1535147.0,78587.0,77596.0,516.0,413.0,105.0,161.0,2401.0,1323.0,1152.0,1375.0,2080.0,2300.0,29.0,22.0,2428.0,253.0,2823.0,4515.0,66884.0,65682.0,167395.0,167395.0,43159.0,36131.0
2,2029,503.0,510.0,19.0,11.0,4684.0,3264.0,2048.0,1043.0,1738.0,1771.0,3.0,3.0,6198.0,2715.0,1791.0,2867.0,8492.0,6092.0,192686.0,178563.0,712146.0,545485.0,721494.0,912388.0,1626326.0,1636436.0,78975.0,77615.0,498.0,136.0,127.0,24.0,1826.0,1549.0,986.0,1065.0,1792.0,1607.0,-20.0,32.0,1706.0,567.0,2507.0,3574.0,71595.0,69959.0,167395.0,167395.0,51651.0,42223.0
2,2030,517.0,554.0,42.0,21.0,5355.0,3599.0,2106.0,1375.0,1822.0,1876.0,9.0,4.0,6910.0,2748.0,1907.0,3573.0,9334.0,6875.0,204735.0,186794.0,735250.0,545254.0,779058.0,1000124.0,1719043.0,1732172.0,79533.0,78645.0,164.0,423.0,129.0,216.0,2163.0,1492.0,1002.0,1085.0,1755.0,1722.0,-31.0,8.0,2406.0,145.0,2448.0,3955.0,76613.0,74482.0,167395.0,167395.0,60985.0,49098.0
2,2031,745.0,654.0,52.0,17.0,6257.0,4107.0,2220.0,1709.0,2029.0,2071.0,10.0,5.0,7714.0,2846.0,2109.0,4409.0,10568.0,7909.0,215645.0,193702.0,757052.0,546030.0,833523.0,1082438.0,1806220.0,1822170.0,79983.0,79327.0,577.0,243.0,240.0,181.0,2314.0,1664.0,468.0,1011.0,2031.0,2212.0,37.0,-12.0,1914.0,273.0,2599.0,4540.0,81703.0,79538.0,167395.0,167395.0,71553.0,57007.0
2,2032,804.0,710.0,47.0,34.0,6992.0,4758.0,2502.0,1926.0,2238.0,2213.0,11.0,5.0,8635.0,3145.0,2351.0,5081.0,11790.0,8936.0,226374.0,201811.0,776564.0,557831.0,885345.0,1147248.0,1888283.0,1906890.0,80210.0,80771.0,313.0,251.0,80.0,131.0,2285.0,1405.0,846.0,734.0,1715.0,1559.0,-39.0,5.0,2110.0,310.0,2464.0,3273.0,86590.0,83372.0,167395.0,167395.0,83343.0,65943.0
2,2033,968.0,818.0,62.0,28.0,7741.0,5334.0,2649.0,2084.0,2235.0,2235.0,14.0,6.0,9290.0,3350.0,2443.0,5519.0,12701.0,9687.0,236509.0,208131.0,793540.0,569712.0,936168.0,1211113.0,1966217.0,1988956.0,79776.0,79913.0,543.0,344.0,38.0,105.0,2508.0,1480.0,650.0,472.0,1300.0,1444.0,67.0,11.0,2364.0,898.0,1656.0,2270.0,91153.0,86884.0,167395.0,167395.0,96044.0,75630.0
2,2034,978.0,746.0,94.0,38.0,8147.0,5754.0,3013.0,2229.0,2398.0,2372.0,11.0,3.0,10014.0,3467.0,2671.0,6183.0,13663.0,10396.0,246449.0,213973.0,808155.0,581332.0,986131.0,1272851.0,2040735.0,2068156.0,79384.0,79620.0,260.0,123.0,150.0,142.0,2066.0,1679.0,946.0,557.0,698.0,781.0,-52.0,0.0,2295.0,717.0,1253.0,2319.0,94961.0,90043.0,167395.0,167395.0,109707.0,86026.0
2,2035,1176.0,896.0,165.0,34.0,8775.0,6421.0,3310.0,2349.0,2500.0,2513.0,16.0,6.0,10757.0,3599.0,2833.0,6828.0,14766.0,11323.0,256116.0,219919.0,820612.0,592166.0,1035163.0,1332608.0,2111891.0,2144693.0,78931.0,79398.0,539.0,360.0,156.0,138.0,1900.0,962.0,793.0,810.0,899.0,976.0,67.0,-1.0,1897.0,217.0,1379.0,2308.0,98776.0,92928.0,167395.0,167395.0,124473.0,97349.0
2,2036,1245.0,876.0,190.0,41.0,9501.0,6993.0,3410.0,2550.0,2533.0,2640.0,13.0,7.0,11462.0,3947.0,2940.0,7408.0,15647.0,12231.0,265622.0,226100.0,830393.0,602033.0,1082653.0,1389650.0,2178668.0,2217783.0,79077.0,79982.0,226.0,255.0,140.0,130.0,2241.0,1654.0,1034.0,126.0,822.0,915.0,-4.0,38.0,2771.0,485.0,1236.0,2123.0,103009.0,95791.0,167395.0,167395.0,140120.0,109580.0
2,2037,1418.0,997.0,248.0,48.0,9799.0,7562.0,3772.0,2724.0,2692.0,2725.0,11.0,6.0,11961.0,4110.0,3143.0,7958.0,16522.0,13065.0,274303.0,231324.0,837906.0,613924.0,1127435.0,1440451.0,2239644.0,2285699.0,80474.0,82179.0,494.0,282.0,209.0,188.0,2050.0,1463.0,1020.0,561.0,1100.0,783.0,25.0,-18.0,2523.0,991.0,1387.0,1704.0,107413.0,98768.0,167395.0,167395.0,156642.0,122645.0
2,2038,1548.0,1055.0,239.0,42.0,9782.0,8096.0,3872.0,2978.0,2803.0,2879.0,15.0,11.0,11844.0,4550.0,3319.0,8401.0,16711.0,14006.0,282248.0,236219.0,844087.0,626698.0,1170447.0,1486572.0,2296782.0,2349489.0,81194.0,82921.0,464.0,121.0,58.0,222.0,1441.0,1470.0,697.0,430.0,912.0,1212.0,10.0,50.0,1205.0,1083.0,1449.0,2180.0,110531.0,102152.0,167395.0,167395.0,173353.0,136651.0
2,2039,1624.0,1100.0,309.0,64.0,9858.0,8571.0,4128.0,3125.0,2851.0,2949.0,6.0,11.0,12144.0,4848.0,3384.0,8772.0,17152.0,14720.0,290222.0,241622.0,848421.0,639065.0,1211187.0,1529583.0,2349830.0,2410270.0,81435.0,83187.0,668.0,271.0,148.0,-8.0,1685.0,1293.0,750.0,670.0,1295.0,785.0,-29.0,3.0,1401.0,539.0,1780.0,1933.0,114380.0,104895.0,167395.0,167395.0,190505.0,151371.0
2,2040,1768.0,1162.0,386.0,87.0,9643.0,8839.0,4278.0,3157.0,2946.0,3010.0,11.0,7.0,11912.0,5124.0,3584.0,8814.0,17264.0,15100.0,297621.0,246309.0,851138.0,650550.0,1250834.0,1571131.0,2399593.0,2467990.0,81747.0,83622.0,134.0,12.0,247.0,94.0,1131.0,1065.0,810.0,279.0,819.0,1245.0,-34.0,-57.0,1401.0,939.0,1438.0,1675.0,117353.0,107521.0,167395.0,167395.0,207769.0,166471.0
3,2009,0.0,0.0,0.0,0.0,0.0,0.0,0.0,0.0,0.0,0.0,0.0,0.0,0.0,0.0,0.0,0.0,0.0,0.0,38457.0,38457.0,93202.0,93202.0,73800.0,73800.0,205459.0,205459.0,63853.0,63853.0,1673.0,1673.0,0.0,0.0,529.0,529.0,7566.0,7566.0,3.0,3.0,0.0,0.0,2471.0,2471.0,3954.0,3954.0,8098.0,8098.0,140986.0,140986.0,0.0,0.0
3,2010,0.0,0.0,0.0,0.0,0.0,0.0,0.0,0.0,0.0,0.0,0.0,0.0,0.0,0.0,0.0,0.0,0.0,0.0,36067.0,36067.0,106360.0,106360.0,67010.0,67010.0,209437.0,209437.0,68234.0,68234.0,66.0,66.0,0.0,0.0,266.0,266.0,24.0,24.0,76.0,76.0,0.0,0.0,476.0,476.0,-176.0,-176.0,8464.0,8464.0,150263.0,150263.0,0.0,0.0
3,2011,0.0,0.0,0.0,0.0,0.0,0.0,30.0,30.0,0.0,0.0,0.0,0.0,4.0,4.0,26.0,26.0,30.0,30.0,32774.0,32774.0,124931.0,124931.0,63618.0,63618.0,221323.0,221323.0,63404.0,63404.0,-121.0,-121.0,0.0,0.0,444.0,444.0,-607.0,-607.0,339.0,339.0,0.0,0.0,472.0,472.0,-175.0,-175.0,8640.0,8640.0,139300.0,139300.0,30.0,30.0
3,2012,38.0,38.0,0.0,0.0,2.0,2.0,143.0,143.0,1.0,1.0,0.0,0.0,35.0,35.0,73.0,73.0,146.0,146.0,32145.0,32145.0,141161.0,141161.0,55740.0,55740.0,229046.0,229046.0,65357.0,65357.0,-10.0,-10.0,0.0,0.0,343.0,343.0,-738.0,-738.0,398.0,398.0,0.0,0.0,348.0,348.0,-335.0,-335.0,8643.0,8643.0,144647.0,144647.0,176.0,176.0
3,2013,48.0,48.0,0.0,0.0,4.0,4.0,238.0,238.0,8.0,8.0,0.0,0.0,144.0,144.0,58.0,58.0,250.0,250.0,30689.0,30689.0,153499.0,153499.0,49848.0,49848.0,234036.0,234036.0,72588.0,72588.0,-33.0,-33.0,0.0,0.0,206.0,206.0,-938.0,-938.0,1086.0,1086.0,0.0,0.0,377.0,377.0,10.0,10.0,8997.0,8997.0,161269.0,161269.0,426.0,426.0
3,2014,51.0,51.0,0.0,0.0,20.0,20.0,224.0,224.0,34.0,34.0,0.0,0.0,191.0,191.0,36.0,36.0,278.0,278.0,34729.0,34729.0,176249.0,176249.0,47322.0,47322.0,258300.0,258300.0,68023.0,68023.0,-130.0,-130.0,5.0,5.0,571.0,571.0,-1409.0,-1409.0,854.0,854.0,14.0,14.0,49.0,49.0,116.0,116.0,9032.0,9032.0,151359.0,151359.0,704.0,704.0
3,2015,81.0,81.0,0.0,0.0,67.0,67.0,196.0,196.0,87.0,87.0,0.0,0.0,188.0,188.0,81.0,81.0,350.0,350.0,42630.0,42630.0,210042.0,210042.0,58870.0,58870.0,311542.0,311542.0,64555.0,64555.0,189.0,189.0,81.0,81.0,871.0,871.0,-293.0,-293.0,1432.0,1432.0,140.0,140.0,963.0,963.0,1079.0,1079.0,11263.0,11263.0,143952.0,143952.0,1054.0,1054.0
3,2016,232.0,232.0,0.0,0.0,117.0,117.0,463.0,463.0,160.0,160.0,0.0,0.0,352.0,352.0,156.0,156.0,740.0,740.0,54151.0,54151.0,263392.0,263392.0,90052.0,90052.0,407595.0,407595.0,62508.0,62508.0,475.0,475.0,182.0,182.0,1325.0,1325.0,468.0,468.0,1354.0,1354.0,69.0,69.0,1166.0,1166.0,1757.0,1757.0,14661.0,14661.0,140350.0,140350.0,1794.0,1794.0
3,2017,128.0,128.0,0.0,0.0,159.0,159.0,509.0,509.0,264.0,264.0,0.0,0.0,559.0,559.0,245.0,245.0,932.0,932.0,68414.0,68414.0,307870.0,307870.0,109736.0,109736.0,486020.0,486020.0,62476.0,62476.0,456.0,456.0,228.0,228.0,1131.0,1131.0,553.0,553.0,810.0,810.0,234.0,234.0,1306.0,1306.0,1194.0,1194.0,17617.0,17617.0,139605.0,139605.0,2726.0,2726.0
3,2018,43.0,43.0,0.0,0.0,271.0,271.0,527.0,527.0,404.0,404.0,0.0,0.0,783.0,783.0,376.0,376.0,1202.0,1202.0,84973.0,84973.0,347523.0,347523.0,121735.0,121735.0,554231.0,554231.0,62449.0,62449.0,606.0,606.0,143.0,143.0,1082.0,1082.0,587.0,587.0,171.0,171.0,290.0,290.0,1127.0,1127.0,540.0,540.0,19890.0,19890.0,139482.0,139482.0,3928.0,3928.0
3,2019,139.0,139.0,0.0,0.0,392.0,392.0,891.0,891.0,593.0,593.0,0.0,0.0,1174.0,1174.0,563.0,563.0,1876.0,1876.0,93735.0,93735.0,392768.0,392768.0,153867.0,153867.0,640370.0,640370.0,63411.0,63411.0,322.0,322.0,-4.0,-4.0,1409.0,1409.0,795.0,795.0,1398.0,1398.0,-23.0,-23.0,1186.0,1186.0,2067.0,2067.0,23465.0,23465.0,140588.0,140588.0,5804.0,5804.0
3,2020,129.0,129.0,3.0,3.0,589.0,589.0,903.0,903.0,629.0,629.0,0.0,0.0,1395.0,1395.0,600.0,600.0,2124.0,2124.0,103300.0,103300.0,425263.0,425263.0,190908.0,190908.0,719471.0,719471.0,66809.0,66809.0,532.0,532.0,-158.0,-158.0,997.0,997.0,725.0,725.0,1708.0,1708.0,163.0,163.0,1136.0,1136.0,1767.0,1767.0,26900.0,26900.0,147154.0,147154.0,7928.0,7928.0
3,2021,167.0,167.0,0.0,0.0,742.0,742.0,912.0,912.0,632.0,632.0,0.0,0.0,1525.0,1525.0,594.0,594.0,2286.0,2286.0,112870.0,112870.0,471388.0,471388.0,215872.0,215872.0,800130.0,800130.0,88937.0,88937.0,479.0,479.0,-143.0,-143.0,858.0,858.0,2114.0,2114.0,639.0,639.0,89.0,89.0,1711.0,1711.0,1367.0,1367.0,30457.0,30457.0,195507.0,195507.0,10214.0,10214.0
3,2022,109.0,109.0,0.0,0.0,758.0,758.0,863.0,863.0,718.0,718.0,3.0,3.0,1531.0,1531.0,702.0,702.0,2342.0,2342.0,110241.0,110241.0,487962.0,487962.0,237242.0,237242.0,835445.0,835445.0,126483.0,126483.0,-28.0,-28.0,-9.0,-9.0,466.0,466.0,162.0,162.0,1185.0,1185.0,-135.0,-135.0,403.0,403.0,1294.0,1294.0,32126.0,32126.0,275252.0,275252.0,12556.0,12556.0
3,2023,179.0,179.0,0.0,0.0,1100.0,1100.0,1209.0,1209.0,741.0,741.0,15.0,15.0,2179.0,2179.0,707.0,707.0,3065.0,3065.0,116639.0,116639.0,526966.0,526966.0,304631.0,304631.0,948236.0,948236.0,89398.0,89398.0,166.0,166.0,81.0,81.0,1724.0,1724.0,1421.0,1421.0,2590.0,2590.0,-165.0,-165.0,1723.0,1723.0,3762.0,3762.0,37777.0,37777.0,193927.0,193927.0,15621.0,15621.0
3,2024,323.0,323.0,0.0,0.0,1483.0,1483.0,1269.0,1269.0,837.0,837.0,100.0,100.0,2556.0,2556.0,810.0,810.0,3689.0,3689.0,130467.0,130467.0,562119.0,562119.0,383465.0,383465.0,1076051.0,1076051.0,76996.0,76996.0,507.0,507.0,136.0,136.0,1491.0,1491.0,1474.0,1474.0,3216.0,3216.0,-42.0,-42.0,1755.0,1755.0,4013.0,4013.0,44052.0,44052.0,167395.0,167395.0,19310.0,19310.0
3,2025,398.0,337.0,1.0,0.0,2027.0,1739.0,1493.0,788.0,1076.0,1049.0,121.0,41.0,3277.0,2238.0,1043.0,1042.0,4718.0,3617.0,143761.0,140366.0,596105.0,551503.0,458014.0,506965.0,1197880.0,1198834.0,77177.0,76874.0,382.0,262.0,226.0,365.0,1379.0,1445.0,1209.0,538.0,3035.0,2876.0,-44.0,-70.0,1420.0,-1264.0,4003.0,6156.0,49857.0,49206.0,167395.0,167395.0,24028.0,22927.0
3,2026,359.0,360.0,3.0,7.0,2572.0,1949.0,1545.0,650.0,1256.0,1263.0,56.0,2.0,3840.0,2120.0,1233.0,1391.0,5432.0,3871.0,156780.0,152811.0,628104.0,545127.0,528720.0,619103.0,1313604.0,1317041.0,77707.0,76193.0,277.0,316.0,51.0,166.0,1678.0,1551.0,894.0,636.0,3032.0,2987.0,-80.0,-83.0,1488.0,-935.0,3810.0,5876.0,55432.0,54463.0,167395.0,167395.0,29460.0,26798.0
3,2027,396.0,433.0,7.0,5.0,3229.0,2304.0,1733.0,615.0,1471.0,1445.0,6.0,6.0,4581.0,2149.0,1469.0,1793.0,6446.0,4375.0,169296.0,161490.0,658721.0,545524.0,596460.0,722913.0,1424477.0,1429927.0,76906.0,75547.0,496.0,413.0,122.0,201.0,1896.0,1721.0,950.0,1229.0,2729.0,2789.0,-45.0,27.0,1655.0,228.0,3501.0,5326.0,61084.0,60430.0,167395.0,167395.0,35906.0,31173.0
3,2028,493.0,529.0,13.0,9.0,3888.0,2667.0,1953.0,865.0,1613.0,1580.0,6.0,6.0,5337.0,2318.0,1643.0,2280.0,7473.0,5127.0,181116.0,170137.0,687169.0,545975.0,659969.0,819666.0,1528254.0,1535778.0,78465.0,77367.0,509.0,288.0,207.0,142.0,2140.0,1384.0,978.0,1099.0,2162.0,2554.0,50.0,36.0,2181.0,387.0,2847.0,4540.0,66621.0,65645.0,167395.0,167395.0,43379.0,36300.0
3,2029,528.0,533.0,18.0,15.0,4671.0,3056.0,2055.0,983.0,1742.0,1703.0,10.0,4.0,6162.0,2496.0,1806.0,2732.0,8496.0,5761.0,193352.0,178702.0,712332.0,546090.0,719755.0,911113.0,1625439.0,1635905.0,79062.0,77833.0,508.0,518.0,134.0,126.0,2269.0,1763.0,1615.0,1472.0,2009.0,1849.0,-32.0,48.0,2468.0,229.0,3019.0,4511.0,72616.0,70903.0,167395.0,167395.0,51875.0,42061.0
3,2030,543.0,539.0,39.0,19.0,5432.0,3539.0,2181.0,1374.0,1856.0,1940.0,6.0,7.0,7028.0,2750.0,1943.0,3590.0,9514.0,6879.0,204775.0,186699.0,736059.0,546159.0,777000.0,998431.0,1717834.0,1731289.0,79632.0,78633.0,548.0,240.0,60.0,175.0,2177.0,1297.0,394.0,1196.0,1541.0,1309.0,48.0,-34.0,1559.0,316.0,2113.0,3387.0,76836.0,74846.0,167395.0,167395.0,61389.0,48940.0
3,2031,707.0,671.0,48.0,23.0,6166.0,4145.0,2378.0,1747.0,2091.0,2136.0,15.0,8.0,7806.0,2943.0,2185.0,4445.0,10698.0,8059.0,215899.0,193623.0,757247.0,546524.0,831704.0,1081638.0,1804850.0,1821785.0,79925.0,79073.0,128.0,104.0,178.0,182.0,2262.0,1404.0,748.0,735.0,1912.0,2157.0,-14.0,-30.0,2421.0,115.0,2537.0,4229.0,81922.0,79294.0,167395.0,167395.0,72087.0,56999.0
3,2032,827.0,719.0,65.0,18.0,6777.0,4691.0,2389.0,1852.0,2152.0,2164.0,10.0,7.0,8309.0,3127.0,2257.0,4886.0,11393.0,8732.0,226395.0,201496.0,776547.0,557993.0,884028.0,1147010.0,1886970.0,1906499.0,80361.0,80531.0,565.0,465.0,122.0,102.0,1938.0,1429.0,788.0,1083.0,1590.0,1669.0,22.0,41.0,1715.0,556.0,2180.0,3303.0,86382.0,83618.0,167395.0,167395.0,83480.0,65731.0
3,2033,964.0,769.0,68.0,24.0,7829.0,5353.0,2680.0,2083.0,2235.0,2265.0,10.0,1.0,9431.0,3343.0,2427.0,5614.0,12822.0,9726.0,236943.0,208248.0,793354.0,569293.0,935187.0,1211471.0,1965484.0,1989012.0,79784.0,79674.0,151.0,-19.0,200.0,169.0,2098.0,1591.0,690.0,327.0,1210.0,991.0,-15.0,-20.0,2276.0,778.0,1756.0,2299.0,90565.0,86676.0,167395.0,167395.0,96302.0,75457.0
3,2034,1007.0,779.0,100.0,29.0,8101.0,5771.0,2934.0,2302.0,2480.0,2490.0,12.0,11.0,9876.0,3551.0,2744.0,6273.0,13627.0,10603.0,246933.0,213895.0,807637.0,581011.0,985639.0,1273013.0,2040209.0,2067919.0,79074.0,80018.0,551.0,411.0,59.0,58.0,2483.0,1390.0,889.0,489.0,1054.0,1283.0,14.0,42.0,2569.0,300.0,1379.0,2551.0,95064.0,89938.0,167395.0,167395.0,109929.0,86060.0
3,2035,1124.0,826.0,154.0,37.0,8744.0,6366.0,3316.0,2425.0,2542.0,2498.0,10.0,7.0,10764.0,3721.0,2878.0,6786.0,14766.0,11333.0,256409.0,219795.0,820377.0,591400.0,1034652.0,1333234.0,2111438.0,2144429.0,78874.0,79707.0,461.0,90.0,103.0,199.0,1905.0,1344.0,864.0,548.0,814.0,618.0,10.0,-1.0,1803.0,784.0,1432.0,1834.0,98760.0,92646.0,167395.0,167395.0,124695.0,97393.0
3,2036,1308.0,922.0,198.0,34.0,9620.0,7098.0,3584.0,2559.0,2468.0,2517.0,14.0,6.0,11705.0,4038.0,2871.0,7254.0,15884.0,12214.0,265230.0,225768.0,829837.0,601038.0,1082063.0,1389826.0,2177130.0,2216632.0,79419.0,80303.0,532.0,235.0,175.0,124.0,2753.0,1634.0,1078.0,534.0,945.0,1448.0,41.0,-29.0,3182.0,449.0,1278.0,3027.0,103752.0,96357.0,167395.0,167395.0,140579.0,109607.0
3,2037,1402.0,988.0,236.0,57.0,9700.0,7739.0,3761.0,2742.0,2655.0,2682.0,13.0,7.0,11863.0,4324.0,3100.0,7915.0,16365.0,13227.0,274155.0,231314.0,837460.0,612356.0,1127542.0,1441161.0,2239157.0,2284831.0,80264.0,82053.0,152.0,411.0,105.0,139.0,984.0,1366.0,998.0,379.0,725.0,300.0,8.0,70.0,1345.0,626.0,1323.0,1217.0,106572.0,98611.0,167395.0,167395.0,156944.0,122834.0
3,2038,1456.0,1038.0,265.0,49.0,9595.0,7871.0,3947.0,2949.0,2769.0,2812.0,9.0,10.0,11820.0,4486.0,3309.0,8167.0,16585.0,13691.0,282742.0,236692.0,843082.0,625084.0,1169443.0,1487249.0,2295267.0,2349025.0,81370.0,82722.0,665.0,126.0,216.0,79.0,2364.0,1011.0,621.0,659.0,1629.0,1601.0,-19.0,-14.0,2140.0,856.0,2006.0,2354.0,111383.0,101947.0,167395.0,167395.0,173529.0,136525.0
3,2039,1566.0,1038.0,297.0,43.0,9931.0,8617.0,4329.0,3120.0,2869.0,2905.0,9.0,0.0,12349.0,4963.0,3520.0,8684.0,17435.0,14685.0,290778.0,241917.0,847323.0,637275.0,1210537.0,1530460.0,2348638.0,2409652.0,81419.0,83180.0,413.0,157.0,174.0,132.0,1281.0,1376.0,603.0,364.0,603.0,1245.0,29.0,-8.0,1303.0,925.0,974.0,2027.0,114073.0,105056.0,167395.0,167395.0,190964.0,151210.0
3,2040,1748.0,1173.0,373.0,67.0,9727.0,8678.0,4385.0,3221.0,3048.0,3157.0,23.0,3.0,12116.0,5056.0,3692.0,8897.0,17556.0,15126.0,297860.0,246874.0,850825.0,648595.0,1250044.0,1572050.0,2398729.0,2467519.0,81853.0,83702.0,615.0,288.0,175.0,125.0,909.0,1587.0,767.0,409.0,1005.0,137.0,-10.0,-20.0,840.0,913.0,1391.0,1037.0,116919.0,107294.0,167395.0,167395.0,208520.0,166336.0
4,2009,0.0,0.0,0.0,0.0,0.0,0.0,0.0,0.0,0.0,0.0,0.0,0.0,0.0,0.0,0.0,0.0,0.0,0.0,38431.0,38431.0,93621.0,93621.0,73479.0,73479.0,205531.0,205531.0,63583.0,63583.0,1701.0,1701.0,0.0,0.0,530.0,530.0,7766.0,7766.0,0.0,0.0,0.0,0.0,2619.0,2619.0,3976.0,3976.0,8296.0,8296.0,140986.0,140986.0,0.0,0.0
4,2010,0.0,0.0,0.0,0.0,0.0,0.0,0.0,0.0,0.0,0.0,0.0,0.0,0.0,0.0,0.0,0.0,0.0,0.0,36082.0,36082.0,107332.0,107332.0,66607.0,66607.0,210021.0,210021.0,67937.0,67937.0,-27.0,-27.0,0.0,0.0,228.0,228.0,-370.0,-370.0,95.0,95.0,0.0,0.0,256.0,256.0,-276.0,-276.0,8249.0,8249.0,150263.0,150263.0,0.0,0.0
4,2011,0.0,0.0,0.0,0.0,1.0,1.0,36.0,36.0,0.0,0.0,0.0,0.0,6.0,6.0,31.0,31.0,37.0,37.0,32815.0,32815.0,126222.0,126222.0,63001.0,63001.0,222038.0,222038.0,63407.0,63407.0,-79.0,-79.0,0.0,0.0,471.0,471.0,-506.0,-506.0,292.0,292.0,0.0,0.0,522.0,522.0,-186.0,-186.0,8506.0,8506.0,139300.0,139300.0,37.0,37.0
4,2012,46.0,46.0,0.0,0.0,2.0,2.0,157.0,157.0,2.0,2.0,0.0,0.0,50.0,50.0,65.0,65.0,161.0,161.0,31911.0,31911.0,142455.0,142455.0,55585.0,55585.0,229951.0,229951.0,65180.0,65180.0,29.0,29.0,0.0,0.0,435.0,435.0,-797.0,-797.0,486.0,486.0,0.0,0.0,408.0,408.0,-313.0,-313.0,8630.0,8630.0,144647.0,144647.0,198.0,198.0
4,2013,50.0,50.0,0.0,0.0,8.0,8.0,258.0,258.0,8.0,8.0,0.0,0.0,170.0,170.0,54.0,54.0,274.0,274.0,30568.0,30568.0,154805.0,154805.0,49448.0,49448.0,234821.0,234821.0,72614.0,72614.0,-98.0,-98.0,0.0,0.0,83.0,83.0,-784.0,-784.0,1162.0,1162.0,0.0,0.0,352.0,352.0,207.0,207.0,9091.0,9091.0,161269.0,161269.0,472.0,472.0
4,2014,40.0,40.0,0.0,0.0,19.0,19.0,206.0,206.0,35.0,35.0,0.0,0.0,181.0,181.0,39.0,39.0,260.0,260.0,34648.0,34648.0,177496.0,177496.0,46609.0,46609.0,258753.0,258753.0,68140.0,68140.0,-11.0,-11.0,5.0,5.0,618.0,618.0,-1263.0,-1263.0,781.0,781.0,15.0,15.0,103.0,103.0,64.0,64.0,9247.0,9247.0,151359.0,151359.0,732.0,732.0
4,2015,75.0,75.0,0.0,0.0,65.0,65.0,181.0,181.0,73.0,73.0,0.0,0.0,175.0,175.0,69.0,69.0,319.0,319.0,42467.0,42467.0,211454.0,211454.0,57987.0,57987.0,311908.0,311908.0,64729.0,64729.0,197.0,197.0,90.0,90.0,858.0,858.0,-392.0,-392.0,1247.0,1247.0,126.0,126.0,862.0,862.0,870.0,870.0,11176.0,11176.0,143952.0,143952.0,1051.0,1051.0
4,2016,223.0,223.0,0.0,0.0,99.0,99.0,438.0,438.0,160.0,160.0,0.0,0.0,318.0,318.0,156.0,156.0,697.0,697.0,53914.0,53914.0,264939.0,264939.0,88616.0,88616.0,407469.0,407469.0,62922.0,62922.0,407.0,407.0,161.0,161.0,1291.0,1291.0,590.0,590.0,1417.0,1417.0,104.0,104.0,1325.0,1325.0,1831.0,1831.0,14739.0,14739.0,140350.0,140350.0,1748.0,1748.0
4,2017,152.0,152.0,0.0,0.0,156.0,156.0,531.0,531.0,265.0,265.0,0.0,0.0,551.0,551.0,249.0,249.0,952.0,952.0,67656.0,67656.0,309333.0,309333.0,109144.0,109144.0,486133.0,486133.0,62373.0,62373.0,388.0,388.0,244.0,244.0,1220.0,1220.0,270.0,270.0,828.0,828.0,180.0,180.0,1213.0,1213.0,1141.0,1141.0,17481.0,17481.0,139605.0,139605.0,2700.0,2700.0
4,2018,44.0,44.0,0.0,0.0,260.0,260.0,515.0,515.0,428.0,428.0,0.0,0.0,759.0,759.0,400.0,400.0,1203.0,1203.0,83981.0,83981.0,348946.0,348946.0,121028.0,121028.0,553955.0,553955.0,62709.0,62709.0,623.0,623.0,133.0,133.0,991.0,991.0,724.0,724.0,352.0,352.0,338.0,338.0,1098.0,1098.0,817.0,817.0,20019.0,20019.0,139482.0,139482.0,3903.0,3903.0
4,2019,120.0,120.0,0.0,0.0,397.0,397.0,846.0,846.0,540.0,540.0,0.0,0.0,1162.0,1162.0,501.0,501.0,1783.0,1783.0,92820.0,92820.0,394454.0,394454.0,153611.0,153611.0,640885.0,640885.0,63440.0,63440.0,194.0,194.0,-33.0,-33.0,1138.0,1138.0,484.0,484.0,1076.0,1076.0,-39.0,-39.0,884.0,884.0,1548.0,1548.0,22645.0,22645.0,140588.0,140588.0,5686.0,5686.0
4,2020,115.0,115.0,3.0,3.0,642.0,642.0,891.0,891.0,672.0,672.0,0.0,0.0,1469.0,1469.0,624.0,624.0,2208.0,2208.0,102586.0,102586.0,426861.0,426861.0,190541.0,190541.0,719988.0,719988.0,66714.0,66714.0,666.0,666.0,-85.0,-85.0,1373.0,1373.0,1044.0,1044.0,1899.0,1899.0,117.0,117.0,1517.0,1517.0,2165.0,2165.0,26993.0,26993.0,147154.0,147154.0,7894.0,7894.0
4,2021,168.0,168.0,0.0,0.0,822.0,822.0,937.0,937.0,698.0,698.0,0.0,0.0,1623.0,1623.0,666.0,666.0,2457.0,2457.0,112330.0,112330.0,472662.0,472662.0,215613.0,215613.0,800605.0,800605.0,88976.0,88976.0,525.0,525.0,-123.0,-123.0,877.0,877.0,1830.0,1830.0,755.0,755.0,128.0,128.0,1506.0,1506.0,1436.0,1436.0,30460.0,30460.0,195507.0,195507.0,10351.0,10351.0
4,2022,124.0,124.0,0.0,0.0,773.0,773.0,909.0,909.0,719.0,719.0,1.0,1.0,1590.0,1590.0,688.0,688.0,2402.0,2402.0,109843.0,109843.0,489201.0,489201.0,237121.0,237121.0,836165.0,836165.0,126416.0,126416.0,-175.0,-175.0,-84.0,-84.0,402.0,402.0,300.0,300.0,1031.0,1031.0,-161.0,-161.0,529.0,529.0,1134.0,1134.0,31948.0,31948.0,275252.0,275252.0,12753.0,12753.0
4,2023,166.0,166.0,0.0,0.0,1048.0,1048.0,1157.0,1157.0,825.0,825.0,13.0,13.0,2084.0,2084.0,793.0,793.0,3043.0,3043.0,116099.0,116099.0,528416.0,528416.0,304513.0,304513.0,949028.0,949028.0,89639.0,89639.0,186.0,186.0,142.0,142.0,1543.0,1543.0,1449.0,1449.0,2535.0,2535.0,-153.0,-153.0,1685.0,1685.0,3645.0,3645.0,37464.0,37464.0,193927.0,193927.0,15796.0,15796.0
4,2024,307.0,307.0,0.0,0.0,1506.0,1506.0,1274.0,1274.0,938.0,938.0,100.0,100.0,2611.0,2611.0,900.0,900.0,3818.0,3818.0,130227.0,130227.0,563802.0,563802.0,382937.0,382937.0,1076966.0,1076966.0,77349.0,77349.0,517.0,517.0,100.0,100.0,1440.0,1440.0,1265.0,1265.0,3309.0,3309.0,-2.0,-2.0,1343.0,1343.0,4252.0,4252.0,43576.0,43576.0,167395.0,167395.0,19614.0,19614.0
4,2025,370.0,323.0,5.0,0.0,2092.0,1779.0,1548.0,855.0,1030.0,1024.0,112.0,35.0,3410.0,2346.0,1007.0,1024.0,4787.0,3693.0,143589.0,140274.0,597564.0,552706.0,457494.0,506486.0,1198647.0,1199466.0,77215.0,76872.0,611.0,463.0,167.0,345.0,1723.0,1858.0,1472.0,937.0,3056.0,2881.0,-27.0,-106.0,1903.0,-588.0,3877.0,6040.0,49967.0,49491.0,167395.0,167395.0,24401.0,23307.0
4,2026,357.0,350.0,2.0,9.0,2643.0,1997.0,1530.0,628.0,1262.0,1250.0,38.0,2.0,3865.0,2131.0,1253.0,1405.0,5475.0,3886.0,156183.0,152362.0,629470.0,546303.0,528012.0,618322.0,1313665.0,1316987.0,77811.0,76243.0,349.0,392.0,99.0,245.0,1919.0,1612.0,1109.0,547.0,2989.0,3228.0,-49.0,-24.0,1862.0,-871.0,3856.0,6087.0,56034.0,55099.0,167395.0,167395.0,29876.0,27193.0
4,2027,390.0,446.0,11.0,5.0,3244.0,2367.0,1700.0,600.0,1415.0,1408.0,0.0,3.0,4568.0,2219.0,1412.0,1718.0,6370.0,4383.0,168600.0,161159.0,659337.0,546134.0,596615.0,722913.0,1424552.0,1430206.0,76779.0,75518.0,242.0,161.0,165.0,141.0,1597.0,1178.0,905.0,1066.0,2606.0,2603.0,-110.0,39.0,1541.0,-183.0,3380.0,5049.0,61197.0,60126.0,167395.0,167395.0,36246.0,31576.0
4,2028,483.0,525.0,15.0,6.0,3989.0,2701.0,1998.0,894.0,1578.0,1592.0,5.0,5.0,5498.0,2391.0,1604.0,2282.0,7585.0,5198.0,180615.0,170116.0,687509.0,546398.0,660207.0,819606.0,1528331.0,1536120.0,78339.0,77441.0,660.0,316.0,177.0,131.0,1917.0,1501.0,1266.0,1358.0,2153.0,2431.0,35.0,-39.0,2010.0,437.0,2878.0,4629.0,66745.0,65508.0,167395.0,167395.0,43831.0,36774.0
4,2029,501.0,526.0,24.0,19.0,4555.0,3038.0,2039.0,1070.0,1636.0,1664.0,11.0,5.0,6075.0,2532.0,1689.0,2738.0,8265.0,5796.0,192859.0,178892.0,713506.0,546569.0,720323.0,911460.0,1626688.0,1636921.0,78985.0,77929.0,314.0,354.0,136.0,130.0,1989.0,1702.0,659.0,1153.0,2001.0,1619.0,-9.0,21.0,1782.0,158.0,2680.0,4113.0,71521.0,70133.0,167395.0,167395.0,52096.0,42570.0
4,2030,551.0,548.0,34.0,15.0,5320.0,3600.0,2185.0,1355.0,1851.0,1894.0,12.0,1.0,6946.0,2765.0,1905.0,3552.0,9402.0,6865.0,204478.0,187031.0,736987.0,546563.0,777864.0,998375.0,1719329.0,1731969.0,79460.0,78865.0,425.0,286.0,89.0,166.0,2482.0,1369.0,1091.0,1342.0,1563.0,1907.0,16.0,33.0,2513.0,316.0,2303.0,4215.0,76762.0,74950.0,167395.0,167395.0,61498.0,49435.0
4,2031,727.0,667.0,44.0,18.0,6180.0,4128.0,2225.0,1753.0,2136.0,2128.0,2.0,11.0,7627.0,2860.0,2233.0,4511.0,10587.0,8038.0,215668.0,194012.0,758354.0,546607.0,832586.0,1081562.0,1806608.0,1822181.0,80158.0,79211.0,392.0,283.0,123.0,198.0,2179.0,1665.0,335.0,909.0,2006.0,1733.0,21.0,-15.0,1696.0,208.0,2576.0,3999.0,81426.0,79440.0,167395.0,167395.0,72085.0,57473.0
4,2032,805.0,714.0,59.0,20.0,6944.0,4733.0,2490.0,1943.0,2116.0,2121.0,3.0,6.0,8585.0,3112.0,2222.0,4997.0,11612.0,8823.0,226682.0,201986.0,777573.0,557938.0,884245.0,1147071.0,1888500.0,1906995.0,80269.0,80735.0,360.0,574.0,193.0,70.0,2159.0,1428.0,1014.0,555.0,1917.0,1799.0,-7.0,22.0,2142.0,510.0,2774.0,2790.0,86702.0,83314.0,167395.0,167395.0,83697.0,66296.0
4,2033,908.0,757.0,60.0,18.0,7697.0,5218.0,2659.0,2098.0,2261.0,2234.0,11.0,6.0,9309.0,3207.0,2471.0,5610.0,12688.0,9574.0,236966.0,208611.0,794368.0,569390.0,935841.0,1211636.0,1967175.0,1989637.0,79689.0,79580.0,564.0,-33.0,134.0,149.0,2414.0,1337.0,753.0,905.0,486.0,965.0,10.0,-29.0,2362.0,919.0,871.0,2441.0,90499.0,86641.0,167395.0,167395.0,96385.0,75870.0
4,2034,1004.0,776.0,114.0,21.0,8172.0,5663.0,3035.0,2276.0,2424.0,2400.0,18.0,4.0,10087.0,3365.0,2672.0,6223.0,13763.0,10364.0,246864.0,213903.0,808846.0,581406.0,985843.0,1272926.0,2041553.0,2068235.0,79109.0,79685.0,295.0,252.0,65.0,169.0,2495.0,1699.0,901.0,930.0,1432.0,1094.0,-16.0,47.0,2445.0,632.0,2137.0,3055.0,95376.0,90580.0,167395.0,167395.0,110148.0,86234.0
4,2035,1134.0,867.0,153.0,41.0,8917.0,6360.0,3335.0,2485.0,2716.0,2672.0,11.0,11.0,10963.0,3732.0,3035.0,6970.0,15132.0,11569.0,256340.0,219413.0,821362.0,592839.0,1034590.0,1332520.0,2112292.0,2144772.0,79060.0,79654.0,460.0,209.0,189.0,73.0,1713.0,1165.0,662.0,-86.0,1097.0,951.0,27.0,-11.0,2096.0,176.0,1132.0,1707.0,99064.0,92672.0,167395.0,167395.0,125280.0,97803.0
4,2036,1244.0,898.0,199.0,38.0,9516.0,7108.0,3478.0,2621.0,2576.0,2621.0,11.0,4.0,11554.0,4033.0,2982.0,7461.0,15780.0,12392.0,265265.0,225516.0,830965.0,602752.0,1081962.0,1389237.0,2178192.0,2217505.0,79260.0,80136.0,523.0,96.0,149.0,213.0,2361.0,1750.0,1354.0,549.0,723.0,805.0,52.0,5.0,2622.0,714.0,1494.0,2512.0,103703.0,95994.0,167395.0,167395.0,141060.0,110195.0
4,2037,1316.0,940.0,222.0,46.0,9603.0,7618.0,3921.0,2755.0,2697.0,2817.0,20.0,2.0,12001.0,4326.0,3146.0,7972.0,16463.0,13238.0,273832.0,230927.0,838768.0,614309.0,1127135.0,1439781.0,2239735.0,2285017.0,80510.0,82231.0,262.0,525.0,88.0,42.0,1602.0,1377.0,670.0,783.0,790.0,922.0,-43.0,2.0,1678.0,669.0,1167.0,1932.0,106810.0,99120.0,167395.0,167395.0,157523.0,123433.0
4,2038,1486.0,1033.0,264.0,54.0,9703.0,7919.0,3882.0,2891.0,2806.0,2801.0,13.0,5.0,11855.0,4543.0,3327.0,8094.0,16668.0,13670.0,281869.0,236118.0,845378.0,627369.0,1169119.0,1485956.0,2296366.0,2349443.0,81398.0,82745.0,539.0,100.0,133.0,242.0,1581.0,1353.0,971.0,155.0,1295.0,835.0,44.0,-13.0,1440.0,940.0,2045.0,1532.0,110834.0,101692.0,167395.0,167395.0,174191.0,137103.0
4,2039,1597.0,1095.0,313.0,61.0,9754.0,8475.0,4145.0,3054.0,2957.0,2944.0,17.0,2.0,12052.0,4838.0,3537.0,8603.0,17186.0,14536.0,289674.0,241314.0,849765.0,639320.0,1210206.0,1529585.0,2349645.0,2410219.0,81418.0,83069.0,467.0,189.0,165.0,39.0,1486.0,1299.0,645.0,854.0,1086.0,1180.0,-50.0,-46.0,1875.0,963.0,990.0,2174.0,114166.0,105018.0,167395.0,167395.0,191377.0,151639.0
4,2040,1728.0,1130.0,355.0,79.0,9697.0,8987.0,4296.0,3357.0,2948.0,3069.0,12.0,12.0,11960.0,5166.0,3620.0,9208.0,17308.0,15504.0,296851.0,245705.0,852777.0,650593.0,1249962.0,1571573.0,2399590.0,2467871.0,81510.0,83503.0,233.0,100.0,278.0,76.0,1160.0,1281.0,607.0,309.0,1179.0,979.0,18.0,45.0,1473.0,947.0,1536.0,1643.0,117408.0,107708.0,167395.0,167395.0,208685.0,167143.0
5,2009,0.0,0.0,0.0,0.0,0.0,0.0,0.0,0.0,0.0,0.0,0.0,0.0,0.0,0.0,0.0,0.0,0.0,0.0,38313.0,38313.0,93748.0,93748.0,73364.0,73364.0,205425.0,205425.0,63957.0,63957.0,1655.0,1655.0,0.0,0.0,579.0,579.0,7449.0,7449.0,0.0,0.0,0.0,0.0,2548.0,2548.0,3825.0,3825.0,8028.0,8028.0,140986.0,140986.0,0.0,0.0
5,2010,0.0,0.0,0.0,0.0,0.0,0.0,0.0,0.0,0.0,0.0,0.0,0.0,0.0,0.0,0.0,0.0,0.0,0.0,35947.0,35947.0,106917.0,106917.0,66585.0,66585.0,209449.0,209449.0,68374.0,68374.0,43.0,43.0,0.0,0.0,225.0,225.0,-61.0,-61.0,86.0,86.0,0.0,0.0,396.0,396.0,-189.0,-189.0,8278.0,8278.0,150263.0,150263.0,0.0,0.0
5,2011,0.0,0.0,0.0,0.0,0.0,0.0,33.0,33.0,0.0,0.0,0.0,0.0,5.0,5.0,28.0,28.0,33.0,33.0,32784.0,32784.0,125697.0,125697.0,62739.0,62739.0,221220.0,221220.0,63597.0,63597.0,-133.0,-133.0,0.0,0.0,385.0,385.0,-399.0,-399.0,298.0,298.0,0.0,0.0,460.0,460.0,-43.0,-43.0,8562.0,8562.0,139300.0,139300.0,33.0,33.0
5,2012,32.0,32.0,0.0,0.0,1.0,1.0,139.0,139.0,2.0,2.0,0.0,0.0,38.0,38.0,72.0,72.0,142.0,142.0,32252.0,32252.0,141890.0,141890.0,55068.0,55068.0,229210.0,229210.0,65243.0,65243.0,-12.0,-12.0,0.0,0.0,430.0,430.0,-938.0,-938.0,436.0,436.0,0.0,0.0,399.0,399.0,-459.0,-459.0,8490.0,8490.0,144647.0,144647.0,175.0,175.0
5,2013,52.0,52.0,0.0,0.0,6.0,6.0,232.0,232.0,5.0,5.0,0.0,0.0,154.0,154.0,37.0,37.0,243.0,243.0,31053.0,31053.0,153976.0,153976.0,49183.0,49183.0,234212.0,234212.0,72679.0,72679.0,-60.0,-60.0,0.0,0.0,152.0,152.0,-904.0,-904.0,1156.0,1156.0,0.0,0.0,343.0,343.0,121.0,121.0,8894.0,8894.0,161269.0,161269.0,418.0,418.0
5,2014,54.0,54.0,0.0,0.0,33.0,33.0,200.0,200.0,29.0,29.0,0.0,0.0,178.0,178.0,30.0,30.0,262.0,262.0,35010.0,35010.0,176637.0,176637.0,46474.0,46474.0,258121.0,258121.0,68295.0,68295.0,-13.0,-13.0,1.0,1.0,526.0,526.0,-1080.0,-1080.0,751.0,751.0,23.0,23.0,131.0,131.0,103.0,103.0,9115.0,9115.0,151359.0,151359.0,680.0,680.0
5,2015,87.0,87.0,0.0,0.0,60.0,60.0,181.0,181.0,73.0,73.0,0.0,0.0,158.0,158.0,69.0,69.0,314.0,314.0,42865.0,42865.0,210517.0,210517.0,57981.0,57981.0,311363.0,311363.0,64731.0,64731.0,207.0,207.0,76.0,76.0,792.0,792.0,-355.0,-355.0,1350.0,1350.0,109.0,109.0,783.0,783.0,982.0,982.0,11087.0,11087.0,143952.0,143952.0,994.0,994.0
5,2016,210.0,210.0,0.0,0.0,101.0,101.0,415.0,415.0,143.0,143.0,0.0,0.0,311.0,311.0,138.0,138.0,659.0,659.0,54016.0,54016.0,264181.0,264181.0,88721.0,88721.0,406918.0,406918.0,62783.0,62783.0,454.0,454.0,191.0,191.0,1460.0,1460.0,494.0,494.0,1544.0,1544.0,108.0,108.0,1453.0,1453.0,1890.0,1890.0,14884.0,14884.0,140350.0,140350.0,1653.0,1653.0
5,2017,156.0,156.0,0.0,0.0,171.0,171.0,495.0,495.0,278.0,278.0,0.0,0.0,521.0,521.0,267.0,267.0,944.0,944.0,68118.0,68118.0,308340.0,308340.0,108975.0,108975.0,485433.0,485433.0,62634.0,62634.0,305.0,305.0,243.0,243.0,918.0,918.0,350.0,350.0,804.0,804.0,170.0,170.0,999.0,999.0,1181.0,1181.0,17369.0,17369.0,139605.0,139605.0,2597.0,2597.0
5,2018,47.0,47.0,0.0,0.0,247.0,247.0,512.0,512.0,419.0,419.0,0.0,0.0,740.0,740.0,391.0,391.0,1178.0,1178.0,84574.0,84574.0,348210.0,348210.0,120593.0,120593.0,553377.0,553377.0,62576.0,62576.0,703.0,703.0,128.0,128.0,1280.0,1280.0,678.0,678.0,260.0,260.0,315.0,315.0,1228.0,1228.0,730.0,730.0,20030.0,20030.0,139482.0,139482.0,3775.0,3775.0
5,2019,132.0,132.0,0.0,0.0,404.0,404.0,859.0,859.0,518.0,518.0,0.0,0.0,1162.0,1162.0,487.0,487.0,1781.0,1781.0,93343.0,93343.0,393828.0,393828.0,152773.0,152773.0,639944.0,639944.0,63248.0,63248.0,301.0,301.0,27.0,27.0,1258.0,1258.0,602.0,602.0,1250.0,1250.0,33.0,33.0,1123.0,1123.0,1746.0,1746.0,23200.0,23200.0,140588.0,140588.0,5556.0,5556.0
5,2020,133.0,133.0,2.0,2.0,626.0,626.0,849.0,849.0,656.0,656.0,0.0,0.0,1378.0,1378.0,622.0,622.0,2133.0,2133.0,103068.0,103068.0,426415.0,426415.0,189906.0,189906.0,719389.0,719389.0,66590.0,66590.0,430.0,430.0,-213.0,-213.0,1062.0,1062.0,911.0,911.0,1708.0,1708.0,107.0,107.0,1207.0,1207.0,1938.0,1938.0,26775.0,26775.0,147154.0,147154.0,7689.0,7689.0
5,2021,158.0,158.0,0.0,0.0,751.0,751.0,947.0,947.0,710.0,710.0,0.0,0.0,1570.0,1570.0,680.0,680.0,2408.0,2408.0,112794.0,112794.0,472482.0,472482.0,215482.0,215482.0,800758.0,800758.0,88482.0,88482.0,524.0,524.0,-110.0,-110.0,1064.0,1064.0,1869.0,1869.0,556.0,556.0,48.0,48.0,1596.0,1596.0,1307.0,1307.0,30202.0,30202.0,195507.0,195507.0,10097.0,10097.0
5,2022,119.0,119.0,0.0,0.0,732.0,732.0,950.0,950.0,643.0,643.0,5.0,5.0,1586.0,1586.0,625.0,625.0,2330.0,2330.0,109851.0,109851.0,489156.0,489156.0,237014.0,237014.0,836021.0,836021.0,126413.0,126413.0,87.0,87.0,-40.0,-40.0,385.0,385.0,519.0,519.0,1264.0,1264.0,-82.0,-82.0,649.0,649.0,1310.0,1310.0,32248.0,32248.0,275252.0,275252.0,12427.0,12427.0
5,2023,166.0,166.0,0.0,0.0,1110.0,1110.0,1235.0,1235.0,766.0,766.0,12.0,12.0,2225.0,2225.0,732.0,732.0,3123.0,3123.0,116108.0,116108.0,528357.0,528357.0,304191.0,304191.0,948656.0,948656.0,89483.0,89483.0,159.0,159.0,122.0,122.0,1852.0,1852.0,1213.0,1213.0,2571.0,2571.0,-158.0,-158.0,1742.0,1742.0,3699.0,3699.0,37848.0,37848.0,193927.0,193927.0,15550.0,15550.0
5,2024,298.0,298.0,0.0,0.0,1517.0,1517.0,1315.0,1315.0,920.0,920.0,91.0,91.0,2646.0,2646.0,899.0,899.0,3843.0,3843.0,130067.0,130067.0,563777.0,563777.0,382658.0,382658.0,1076502.0,1076502.0,77151.0,77151.0,519.0,519.0,162.0,162.0,1239.0,1239.0,1416.0,1416.0,3213.0,3213.0,-12.0,-12.0,1423.0,1423.0,4076.0,4076.0,43866.0,43866.0,167395.0,167395.0,19393.0,19393.0
5,2025,359.0,299.0,0.0,0.0,2045.0,1746.0,1604.0,852.0,1068.0,1078.0,123.0,41.0,3428.0,2319.0,1053.0,1099.0,4840.0,3717.0,143278.0,140010.0,597572.0,553154.0,457413.0,506179.0,1198263.0,1199343.0,77381.0,77065.0,430.0,290.0,106.0,266.0,1574.0,1374.0,1224.0,352.0,2985.0,3170.0,-34.0,-71.0,1644.0,-1366.0,3781.0,6167.0,49721.0,48957.0,167395.0,167395.0,24233.0,23110.0
5,2026,395.0,379.0,2.0,7.0,2604.0,1949.0,1512.0,640.0,1200.0,1205.0,60.0,1.0,3794.0,2057.0,1189.0,1366.0,5378.0,3802.0,156338.0,152174.0,629518.0,547165.0,527885.0,617946.0,1313741.0,1317285.0,77699.0,76144.0,320.0,413.0,134.0,231.0,1846.0,1980.0,1007.0,954.0,3031.0,2700.0,-53.0,-45.0,1798.0,-531.0,3847.0,5938.0,55686.0,54777.0,167395.0,167395.0,29611.0,26912.0
5,2027,370.0,416.0,9.0,7.0,3268.0,2278.0,1749.0,586.0,1361.0,1333.0,5.0,5.0,4658.0,2127.0,1364.0,1666.0,6392.0,4209.0,168462.0,160661.0,660089.0,547232.0,595685.0,721793.0,1424236.0,1429686.0,76873.0,75876.0,483.0,175.0,145.0,157.0,1775.0,1389.0,1118.0,1230.0,2824.0,3046.0,-53.0,-13.0,1591.0,329.0,3735.0,5305.0,61495.0,60586.0,167395.0,167395.0,36003.0,31121.0
5,2028,499.0,535.0,11.0,10.0,3876.0,2657.0,1938.0,898.0,1512.0,1471.0,10.0,4.0,5285.0,2321.0,1563.0,2184.0,7347.0,5040.0,180454.0,169734.0,688275.0,547424.0,659074.0,818120.0,1527803.0,1535278.0,78593.0,77505.0,367.0,401.0,108.0,171.0,1967.0,1463.0,807.0,1307.0,2367.0,2268.0,-41.0,-29.0,1911.0,-19.0,2930.0,4798.0,66703.0,65766.0,167395.0,167395.0,43350.0,36161.0
5,2029,528.0,534.0,19.0,24.0,4623.0,3108.0,2041.0,1104.0,1670.0,1720.0,6.0,6.0,6100.0,2532.0,1731.0,2896.0,8359.0,5962.0,192263.0,178191.0,714139.0,547657.0,719263.0,909955.0,1625665.0,1635803.0,79062.0,77689.0,620.0,367.0,149.0,95.0,2260.0,1598.0,1189.0,1348.0,1592.0,1809.0,46.0,33.0,2129.0,415.0,2487.0,4101.0,71939.0,70649.0,167395.0,167395.0,51709.0,42123.0
5,2030,539.0,548.0,29.0,28.0,5322.0,3509.0,2210.0,1441.0,1922.0,1935.0,13.0,5.0,6947.0,2724.0,2010.0,3646.0,9496.0,6918.0,204155.0,186779.0,737191.0,547262.0,777258.0,997684.0,1718604.0,1731725.0,79351.0,78584.0,313.0,133.0,194.0,254.0,1927.0,1127.0,988.0,720.0,1562.0,1578.0,-37.0,29.0,2085.0,30.0,2236.0,3545.0,76573.0,74357.0,167395.0,167395.0,61205.0,49041.0
5,2031,693.0,672.0,41.0,24.0,6172.0,4233.0,2438.0,1756.0,1960.0,2033.0,10.0,8.0,7851.0,2929.0,2077.0,4453.0,10621.0,8054.0,215538.0,193940.0,758541.0,547610.0,832148.0,1081187.0,1806227.0,1822737.0,79936.0,79031.0,327.0,365.0,102.0,7.0,2106.0,1533.0,541.0,1310.0,1959.0,1612.0,23.0,1.0,1807.0,141.0,2597.0,3957.0,81304.0,78820.0,167395.0,167395.0,71826.0,57095.0
5,2032,829.0,732.0,55.0,9.0,6979.0,4738.0,2400.0,1875.0,2147.0,2101.0,8.0,7.0,8501.0,3207.0,2259.0,4791.0,11589.0,8730.0,226187.0,202274.0,777567.0,558442.0,884858.0,1146930.0,1888612.0,1907646.0,80172.0,80700.0,471.0,233.0,220.0,304.0,2533.0,1732.0,930.0,643.0,1318.0,1735.0,1.0,20.0,2386.0,980.0,2145.0,3221.0,86306.0,83254.0,167395.0,167395.0,83415.0,65825.0
5,2033,857.0,702.0,68.0,27.0,7637.0,5220.0,2714.0,2133.0,2322.0,2288.0,10.0,2.0,9388.0,3363.0,2506.0,5605.0,12751.0,9670.0,236696.0,208833.0,794143.0,570310.0,935860.0,1211233.0,1966699.0,1990376.0,79582.0,79646.0,327.0,369.0,25.0,70.0,2559.0,1273.0,659.0,605.0,1612.0,1299.0,33.0,-14.0,2433.0,385.0,2128.0,2479.0,91194.0,86487.0,167395.0,167395.0,96166.0,75495.0
5,2034,997.0,739.0,98.0,35.0,8154.0,5794.0,2951.0,2278.0,2462.0,2401.0,14.0,11.0,9960.0,3557.0,2722.0,6223.0,13679.0,10519.0,246766.0,214435.0,808642.0,582058.0,985981.0,1272882.0,2041389.0,2069375.0,79114.0,80050.0,373.0,150.0,109.0,159.0,1808.0,1613.0,962.0,609.0,963.0,918.0,23.0,28.0,2096.0,629.0,1396.0,2548.0,95059.0,89814.0,167395.0,167395.0,109845.0,86014.0
5,2035,1134.0,848.0,163.0,37.0,8915.0,6275.0,3314.0,2375.0,2531.0,2555.0,8.0,6.0,10952.0,3671.0,2845.0,6729.0,14931.0,11248.0,256336.0,220337.0,820624.0,592771.0,1035143.0,1332449.0,2112103.0,2145557.0,78838.0,79589.0,529.0,290.0,242.0,169.0,2403.0,1494.0,826.0,636.0,758.0,1008.0,23.0,-29.0,2441.0,613.0,1282.0,2375.0,99311.0,93092.0,167395.0,167395.0,124776.0,97262.0
5,2036,1232.0,898.0,197.0,42.0,9543.0,6933.0,3384.0,2577.0,2555.0,2568.0,15.0,5.0,11542.0,3957.0,2920.0,7270.0,15694.0,12125.0,265808.0,226577.0,830283.0,601886.0,1082763.0,1389543.0,2178854.0,2218006.0,79076.0,80245.0,392.0,376.0,115.0,174.0,1757.0,1474.0,931.0,379.0,962.0,999.0,-40.0,51.0,1988.0,704.0,1345.0,1997.0,103036.0,96169.0,167395.0,167395.0,140470.0,109387.0
5,2037,1429.0,1014.0,221.0,40.0,9754.0,7626.0,3986.0,2823.0,2741.0,2747.0,20.0,5.0,12114.0,4275.0,3179.0,7952.0,16722.0,13241.0,274431.0,232120.0,838054.0,613226.0,1127543.0,1440484.0,2240028.0,2285830.0,80463.0,82132.0,505.0,48.0,156.0,72.0,1921.0,1437.0,948.0,316.0,1140.0,923.0,25.0,-10.0,2250.0,636.0,1435.0,2054.0,107226.0,98907.0,167395.0,167395.0,157192.0,122628.0
5,2038,1511.0,1034.0,254.0,59.0,9776.0,7988.0,3898.0,3051.0,2823.0,2905.0,12.0,5.0,11945.0,4522.0,3307.0,8452.0,16763.0,14008.0,282867.0,237474.0,844022.0,625737.0,1169776.0,1486199.0,2296665.0,2349410.0,81413.0,82921.0,430.0,362.0,185.0,153.0,1515.0,1320.0,805.0,829.0,1076.0,1199.0,6.0,-46.0,1539.0,874.0,1618.0,2219.0,110813.0,102362.0,167395.0,167395.0,173955.0,136636.0
5,2039,1530.0,1032.0,273.0,53.0,9677.0,8538.0,4147.0,3069.0,2807.0,2839.0,28.0,7.0,12039.0,4963.0,3363.0,8511.0,16932.0,14506.0,290940.0,242659.0,848013.0,637781.0,1210717.0,1529791.0,2349670.0,2410231.0,81388.0,83027.0,225.0,111.0,-39.0,51.0,1646.0,1348.0,953.0,264.0,1129.0,992.0,-32.0,-2.0,1836.0,963.0,1596.0,1579.0,114470.0,105015.0,167395.0,167395.0,190887.0,151142.0
5,2040,1747.0,1189.0,377.0,80.0,9856.0,9208.0,4373.0,3279.0,2970.0,2982.0,19.0,1.0,12240.0,5258.0,3608.0,9103.0,17595.0,15550.0,298717.0,247357.0,850632.0,648957.0,1250285.0,1571644.0,2399634.0,2467958.0,81558.0,83764.0,397.0,222.0,292.0,161.0,1422.0,1191.0,105.0,216.0,1058.0,752.0,-6.0,37.0,1158.0,694.0,1316.0,1441.0,117341.0,107372.0,167395.0,167395.0,208482.0,166692.0
6,2009,0.0,0.0,0.0,0.0,0.0,0.0,0.0,0.0,0.0,0.0,0.0,0.0,0.0,0.0,0.0,0.0,0.0,0.0,38451.0,38451.0,93342.0,93342.0,73472.0,73472.0,205265.0,205265.0,63941.0,63941.0,1717.0,1717.0,0.0,0.0,533.0,533.0,7668.0,7668.0,3.0,3.0,0.0,0.0,2565.0,2565.0,3922.0,3922.0,8204.0,8204.0,140986.0,140986.0,0.0,0.0
6,2010,0.0,0.0,0.0,0.0,0.0,0.0,0.0,0.0,0.0,0.0,0.0,0.0,0.0,0.0,0.0,0.0,0.0,0.0,35884.0,35884.0,106702.0,106702.0,66590.0,66590.0,209176.0,209176.0,68455.0,68455.0,-27.0,-27.0,0.0,0.0,204.0,204.0,-185.0,-185.0,87.0,87.0,0.0,0.0,381.0,381.0,-248.0,-248.0,8310.0,8310.0,150263.0,150263.0,0.0,0.0
6,2011,0.0,0.0,0.0,0.0,0.0,0.0,22.0,22.0,0.0,0.0,0.0,0.0,0.0,0.0,22.0,22.0,22.0,22.0,32513.0,32513.0,125612.0,125612.0,62877.0,62877.0,221002.0,221002.0,63665.0,63665.0,-60.0,-60.0,0.0,0.0,428.0,428.0,-553.0,-553.0,254.0,254.0,0.0,0.0,412.0,412.0,-223.0,-223.0,8439.0,8439.0,139300.0,139300.0,22.0,22.0
6,2012,51.0,51.0,0.0,0.0,1.0,1.0,180.0,180.0,1.0,1.0,0.0,0.0,45.0,45.0,86.0,86.0,182.0,182.0,31987.0,31987.0,141462.0,141462.0,55451.0,55451.0,228900.0,228900.0,65151.0,65151.0,-67.0,-67.0,0.0,0.0,446.0,446.0,-767.0,-767.0,556.0,556.0,0.0,0.0,518.0,518.0,-216.0,-216.0,8674.0,8674.0,144647.0,144647.0,204.0,204.0
6,2013,55.0,55.0,0.0,0.0,5.0,5.0,236.0,236.0,13.0,13.0,0.0,0.0,149.0,149.0,50.0,50.0,254.0,254.0,30712.0,30712.0,153446.0,153446.0,49532.0,49532.0,233690.0,233690.0,72709.0,72709.0,-67.0,-67.0,0.0,0.0,177.0,177.0,-763.0,-763.0,988.0,988.0,0.0,0.0,324.0,324.0,145.0,145.0,9076.0,9076.0,161269.0,161269.0,458.0,458.0
6,2014,44.0,44.0,0.0,0.0,23.0,23.0,206.0,206.0,29.0,29.0,0.0,0.0,184.0,184.0,30.0,30.0,258.0,258.0,34830.0,34830.0,176039.0,176039.0,47006.0,47006.0,257875.0,257875.0,68023.0,68023.0,-35.0,-35.0,5.0,5.0,532.0,532.0,-1404.0,-1404.0,878.0,878.0,24.0,24.0,51.0,51.0,19.0,19.0,9111.0,9111.0,151359.0,151359.0,716.0,716.0
6,2015,80.0,80.0,0.0,0.0,55.0,55.0,196.0,196.0,89.0,89.0,0.0,0.0,178.0,178.0,82.0,82.0,340.0,340.0,42734.0,42734.0,210115.0,210115.0,58268.0,58268.0,311117.0,311117.0,64577.0,64577.0,291.0,291.0,85.0,85.0,850.0,850.0,-191.0,-191.0,1281.0,1281.0,105.0,105.0,884.0,884.0,955.0,955.0,11241.0,11241.0,143952.0,143952.0,1056.0,1056.0
6,2016,235.0,235.0,0.0,0.0,108.0,108.0,458.0,458.0,186.0,186.0,0.0,0.0,338.0,338.0,179.0,179.0,752.0,752.0,53889.0,53889.0,263765.0,263765.0,89103.0,89103.0,406757.0,406757.0,62911.0,62911.0,315.0,315.0,181.0,181.0,1438.0,1438.0,269.0,269.0,1452.0,1452.0,90.0,90.0,1314.0,1314.0,1801.0,1801.0,14671.0,14671.0,140350.0,140350.0,1808.0,1808.0
6,2017,152.0,152.0,0.0,0.0,177.0,177.0,545.0,545.0,287.0,287.0,0.0,0.0,580.0,580.0,277.0,277.0,1009.0,1009.0,68287.0,68287.0,307725.0,307725.0,109465.0,109465.0,485477.0,485477.0,62453.0,62453.0,424.0,424.0,198.0,198.0,931.0,931.0,449.0,449.0,852.0,852.0,244.0,244.0,1115.0,1115.0,1135.0,1135.0,17345.0,17345.0,139605.0,139605.0,2817.0,2817.0
6,2018,44.0,44.0,0.0,0.0,275.0,275.0,552.0,552.0,399.0,399.0,0.0,0.0,803.0,803.0,379.0,379.0,1226.0,1226.0,84731.0,84731.0,347325.0,347325.0,121588.0,121588.0,553644.0,553644.0,62502.0,62502.0,649.0,649.0,183.0,183.0,1030.0,1030.0,798.0,798.0,206.0,206.0,319.0,319.0,1161.0,1161.0,726.0,726.0,19881.0,19881.0,139482.0,139482.0,4043.0,4043.0
6,2019,128.0,128.0,0.0,0.0,442.0,442.0,842.0,842.0,498.0,498.0,0.0,0.0,1178.0,1178.0,476.0,476.0,1782.0,1782.0,93194.0,93194.0,393152.0,393152.0,153633.0,153633.0,639979.0,639979.0,63549.0,63549.0,492.0,492.0,-54.0,-54.0,1544.0,1544.0,540.0,540.0,1163.0,1163.0,57.0,57.0,1010.0,1010.0,1748.0,1748.0,23131.0,23131.0,140588.0,140588.0,5825.0,5825.0
6,2020,114.0,114.0,1.0,1.0,650.0,650.0,892.0,892.0,650.0,650.0,0.0,0.0,1463.0,1463.0,616.0,616.0,2193.0,2193.0,102942.0,102942.0,425442.0,425442.0,191026.0,191026.0,719410.0,719410.0,66523.0,66523.0,251.0,251.0,-95.0,-95.0,1110.0,1110.0,900.0,900.0,1839.0,1839.0,-29.0,-29.0,1472.0,1472.0,2002.0,2002.0,26856.0,26856.0,147154.0,147154.0,8018.0,8018.0
6,2021,178.0,178.0,0.0,0.0,785.0,785.0,907.0,907.0,701.0,701.0,0.0,0.0,1558.0,1558.0,657.0,657.0,2393.0,2393.0,112861.0,112861.0,471620.0,471620.0,216208.0,216208.0,800689.0,800689.0,88677.0,88677.0,559.0,559.0,-195.0,-195.0,752.0,752.0,1788.0,1788.0,793.0,793.0,103.0,103.0,1273.0,1273.0,1409.0,1409.0,30097.0,30097.0,195507.0,195507.0,10411.0,10411.0
6,2022,144.0,144.0,0.0,0.0,757.0,757.0,935.0,935.0,645.0,645.0,5.0,5.0,1587.0,1587.0,611.0,611.0,2342.0,2342.0,110269.0,110269.0,488004.0,488004.0,237659.0,237659.0,835932.0,835932.0,126291.0,126291.0,11.0,11.0,25.0,25.0,623.0,623.0,534.0,534.0,1186.0,1186.0,-75.0,-75.0,897.0,897.0,1385.0,1385.0,32390.0,32390.0,275252.0,275252.0,12753.0,12753.0
6,2023,176.0,176.0,0.0,0.0,1090.0,1090.0,1170.0,1170.0,800.0,800.0,17.0,17.0,2122.0,2122.0,779.0,779.0,3077.0,3077.0,116126.0,116126.0,527302.0,527302.0,305178.0,305178.0,948606.0,948606.0,89384.0,89384.0,218.0,218.0,117.0,117.0,1648.0,1648.0,1323.0,1323.0,2590.0,2590.0,-160.0,-160.0,1544.0,1544.0,3756.0,3756.0,37908.0,37908.0,193927.0,193927.0,15830.0,15830.0
6,2024,315.0,315.0,0.0,0.0,1474.0,1474.0,1252.0,1252.0,880.0,880.0,93.0,93.0,2532.0,2532.0,852.0,852.0,3699.0,3699.0,130464.0,130464.0,562418.0,562418.0,383876.0,383876.0,1076758.0,1076758.0,76951.0,76951.0,426.0,426.0,107.0,107.0,1253.0,1253.0,1200.0,1200.0,3332.0,3332.0,-40.0,-40.0,1241.0,1241.0,4185.0,4185.0,43760.0,43760.0,167395.0,167395.0,19529.0,19529.0
6,2025,382.0,326.0,3.0,0.0,1971.0,1625.0,1536.0,818.0,1076.0,1070.0,99.0,31.0,3245.0,2143.0,1058.0,1075.0,4685.0,3544.0,143775.0,140368.0,595725.0,551534.0,458352.0,507356.0,1197852.0,1199258.0,77536.0,76940.0,456.0,470.0,156.0,307.0,2018.0,1839.0,1439.0,726.0,2911.0,2877.0,-51.0,-86.0,2194.0,-779.0,3823.0,5972.0,50233.0,49423.0,167395.0,167395.0,24214.0,23073.0
6,2026,341.0,330.0,2.0,3.0,2482.0,1826.0,1489.0,611.0,1273.0,1284.0,48.0,0.0,3691.0,1970.0,1262.0,1424.0,5294.0,3724.0,156353.0,152163.0,627809.0,545500.0,529751.0,619977.0,1313913.0,1317640.0,77421.0,76084.0,469.0,244.0,104.0,188.0,1400.0,1283.0,843.0,778.0,2827.0,2783.0,-26.0,-58.0,1138.0,-1025.0,3541.0,5755.0,55381.0,54397.0,167395.0,167395.0,29508.0,26797.0
6,2027,357.0,419.0,8.0,9.0,3346.0,2361.0,1703.0,600.0,1404.0,1398.0,1.0,3.0,4692.0,2236.0,1413.0,1716.0,6462.0,4371.0,168565.0,160777.0,658340.0,546005.0,597422.0,723559.0,1424327.0,1430341.0,77015.0,75516.0,320.0,299.0,201.0,238.0,1713.0,1701.0,1447.0,1326.0,2758.0,2937.0,-66.0,47.0,1979.0,264.0,3754.0,5686.0,61434.0,60646.0,167395.0,167395.0,35970.0,31168.0
6,2028,467.0,495.0,5.0,13.0,3877.0,2671.0,1905.0,859.0,1447.0,1490.0,5.0,3.0,5272.0,2307.0,1500.0,2234.0,7239.0,5036.0,180787.0,170162.0,686958.0,546719.0,660003.0,819145.0,1527748.0,1536026.0,78403.0,77529.0,567.0,226.0,117.0,151.0,2029.0,1371.0,885.0,1080.0,2565.0,2430.0,9.0,-29.0,1800.0,236.0,3238.0,4541.0,67039.0,65649.0,167395.0,167395.0,43209.0,36204.0
6,2029,520.0,531.0,26.0,15.0,4617.0,3147.0,2016.0,1025.0,1663.0,1707.0,10.0,2.0,6099.0,2571.0,1713.0,2794.0,8332.0,5896.0,193193.0,178938.0,712842.0,547026.0,720090.0,910818.0,1626125.0,1636782.0,78796.0,77738.0,168.0,327.0,80.0,73.0,2153.0,1666.0,738.0,1168.0,1699.0,1799.0,-19.0,14.0,2149.0,340.0,2334.0,4053.0,71690.0,70369.0,167395.0,167395.0,51541.0,42100.0
6,2030,523.0,567.0,35.0,17.0,5384.0,3627.0,2215.0,1336.0,1940.0,1893.0,5.0,3.0,7028.0,2739.0,2028.0,3570.0,9579.0,6876.0,204673.0,186861.0,736458.0,546796.0,777661.0,998549.0,1718792.0,1732206.0,79587.0,78813.0,573.0,284.0,171.0,184.0,2150.0,1435.0,1039.0,1330.0,1553.0,1298.0,6.0,10.0,2238.0,378.0,2108.0,3595.0,76609.0,74626.0,167395.0,167395.0,61120.0,48976.0
6,2031,735.0,704.0,54.0,25.0,6239.0,4110.0,2376.0,1795.0,2054.0,2022.0,15.0,7.0,7881.0,2911.0,2122.0,4344.0,10738.0,7959.0,216275.0,194155.0,757517.0,546924.0,832348.0,1081506.0,1806140.0,1822585.0,80158.0,79174.0,195.0,272.0,149.0,280.0,2263.0,1369.0,586.0,954.0,1722.0,2052.0,28.0,29.0,2015.0,217.0,2538.0,4195.0,81357.0,79310.0,167395.0,167395.0,71858.0,56935.0
6,2032,784.0,697.0,61.0,22.0,6782.0,4578.0,2462.0,1883.0,2085.0,2099.0,7.0,2.0,8408.0,3034.0,2205.0,4853.0,11397.0,8584.0,226985.0,202412.0,776124.0,557953.0,884448.0,1146923.0,1887557.0,1907288.0,80398.0,80685.0,639.0,461.0,133.0,38.0,2551.0,1782.0,1057.0,671.0,1904.0,1683.0,46.0,-9.0,2531.0,670.0,2521.0,3034.0,87048.0,83475.0,167395.0,167395.0,83255.0,65519.0
6,2033,907.0,769.0,54.0,19.0,7671.0,5217.0,2634.0,2117.0,2373.0,2300.0,15.0,8.0,9291.0,3290.0,2549.0,5602.0,12747.0,9661.0,237195.0,209134.0,793238.0,569947.0,935305.0,1210639.0,1965738.0,1989720.0,79784.0,79624.0,444.0,90.0,201.0,147.0,1939.0,1331.0,608.0,560.0,1139.0,1291.0,-37.0,3.0,1654.0,481.0,1752.0,2761.0,90898.0,86807.0,167395.0,167395.0,96002.0,75180.0
6,2034,1016.0,796.0,112.0,31.0,8303.0,5764.0,2940.0,2215.0,2536.0,2522.0,15.0,7.0,10123.0,3497.0,2767.0,6246.0,13906.0,10539.0,247114.0,214785.0,807342.0,581487.0,985377.0,1272576.0,2039833.0,2068848.0,79385.0,79996.0,294.0,245.0,-13.0,143.0,2545.0,1386.0,709.0,437.0,1239.0,947.0,5.0,19.0,2745.0,814.0,1446.0,1873.0,95383.0,89739.0,167395.0,167395.0,109908.0,85719.0
6,2035,1056.0,804.0,133.0,37.0,8868.0,6353.0,3298.0,2373.0,2517.0,2411.0,12.0,6.0,10969.0,3666.0,2803.0,6710.0,14828.0,11180.0,256473.0,220450.0,819884.0,592586.0,1034519.0,1332632.0,2110876.0,2145668.0,79126.0,79531.0,419.0,201.0,199.0,118.0,1896.0,1343.0,899.0,490.0,289.0,810.0,28.0,12.0,2049.0,143.0,843.0,2429.0,98694.0,92512.0,167395.0,167395.0,124736.0,96899.0
6,2036,1294.0,894.0,215.0,39.0,9546.0,7151.0,3474.0,2526.0,2531.0,2526.0,11.0,2.0,11596.0,4079.0,2887.0,7271.0,15777.0,12244.0,265589.0,226438.0,829769.0,602366.0,1081248.0,1389329.0,2176606.0,2218133.0,79088.0,80293.0,469.0,299.0,178.0,149.0,2017.0,1736.0,1166.0,656.0,1977.0,1027.0,13.0,25.0,2363.0,802.0,2519.0,2492.0,104045.0,96105.0,167395.0,167395.0,140513.0,109143.0
6,2037,1364.0,921.0,221.0,41.0,9860.0,7696.0,3687.0,2765.0,2604.0,2662.0,17.0,4.0,12021.0,4364.0,3004.0,7883.0,16389.0,13168.0,274647.0,232384.0,837418.0,613729.0,1126272.0,1439968.0,2238337.0,2286081.0,80328.0,82257.0,191.0,87.0,99.0,39.0,1798.0,1260.0,772.0,147.0,86.0,1121.0,4.0,-14.0,2115.0,561.0,453.0,1905.0,106804.0,98658.0,167395.0,167395.0,156902.0,122311.0
6,2038,1476.0,1022.0,268.0,54.0,9675.0,8105.0,3801.0,2870.0,2922.0,2889.0,17.0,2.0,11810.0,4600.0,3397.0,8298.0,16683.0,13920.0,282507.0,237080.0,844061.0,627163.0,1168675.0,1486113.0,2295243.0,2350356.0,81546.0,82807.0,575.0,461.0,184.0,276.0,1628.0,1263.0,704.0,663.0,1041.0,941.0,50.0,-20.0,1490.0,988.0,1542.0,1674.0,110411.0,101781.0,167395.0,167395.0,173585.0,136231.0
6,2039,1618.0,1049.0,309.0,42.0,9900.0,8563.0,4132.0,3179.0,2974.0,2972.0,13.0,7.0,12145.0,4937.0,3565.0,8777.0,17328.0,14763.0,290243.0,241906.0,848480.0,639208.0,1210309.0,1529818.0,2349032.0,2410932.0,81240.0,83319.0,569.0,166.0,241.0,56.0,1311.0,1344.0,855.0,707.0,1099.0,1043.0,-83.0,37.0,1366.0,894.0,1488.0,2127.0,113834.0,104968.0,167395.0,167395.0,190913.0,150994.0
6,2040,1757.0,1148.0,369.0,72.0,9701.0,8843.0,4271.0,3287.0,3106.0,3039.0,18.0,6.0,11976.0,5006.0,3732.0,9093.0,17465.0,15247.0,297327.0,246513.0,852197.0,650869.0,1249640.0,1570734.0,2399164.0,2468116.0,81644.0,83597.0,490.0,380.0,22.0,73.0,1208.0,1701.0,943.0,387.0,1080.0,961.0,0.0,-8.0,1203.0,884.0,1560.0,1850.0,117087.0,108082.0,167395.0,167395.0,208378.0,166241.0
7,2009,0.0,0.0,0.0,0.0,0.0,0.0,0.0,0.0,0.0,0.0,0.0,0.0,0.0,0.0,0.0,0.0,0.0,0.0,38441.0,38441.0,93393.0,93393.0,73688.0,73688.0,205522.0,205522.0,63659.0,63659.0,1716.0,1716.0,0.0,0.0,515.0,515.0,7708.0,7708.0,6.0,6.0,0.0,0.0,2622.0,2622.0,3891.0,3891.0,8229.0,8229.0,140986.0,140986.0,0.0,0.0
7,2010,0.0,0.0,0.0,0.0,0.0,0.0,0.0,0.0,0.0,0.0,0.0,0.0,0.0,0.0,0.0,0.0,0.0,0.0,36065.0,36065.0,106741.0,106741.0,66821.0,66821.0,209627.0,209627.0,68227.0,68227.0,-27.0,-27.0,0.0,0.0,305.0,305.0,-274.0,-274.0,84.0,84.0,0.0,0.0,357.0,357.0,-215.0,-215.0,8344.0,8344.0,150263.0,150263.0,0.0,0.0
7,2011,0.0,0.0,0.0,0.0,0.0,0.0,35.0,35.0,0.0,0.0,0.0,0.0,1.0,1.0,34.0,34.0,35.0,35.0,32854.0,32854.0,125435.0,125435.0,63124.0,63124.0,221413.0,221413.0,63660.0,63660.0,-23.0,-23.0,0.0,0.0,428.0,428.0,-580.0,-580.0,292.0,292.0,0.0,0.0,417.0,417.0,-254.0,-254.0,8484.0,8484.0,139300.0,139300.0,35.0,35.0
7,2012,40.0,40.0,0.0,0.0,0.0,0.0,158.0,158.0,1.0,1.0,0.0,0.0,43.0,43.0,76.0,76.0,159.0,159.0,32209.0,32209.0,141279.0,141279.0,55901.0,55901.0,229389.0,229389.0,65130.0,65130.0,-51.0,-51.0,0.0,0.0,366.0,366.0,-681.0,-681.0,448.0,448.0,0.0,0.0,449.0,449.0,-265.0,-265.0,8617.0,8617.0,144647.0,144647.0,194.0,194.0
7,2013,67.0,67.0,0.0,0.0,2.0,2.0,231.0,231.0,9.0,9.0,0.0,0.0,124.0,124.0,51.0,51.0,242.0,242.0,31002.0,31002.0,153405.0,153405.0,49759.0,49759.0,234166.0,234166.0,72653.0,72653.0,-61.0,-61.0,0.0,0.0,212.0,212.0,-830.0,-830.0,1146.0,1146.0,0.0,0.0,390.0,390.0,199.0,199.0,9145.0,9145.0,161269.0,161269.0,436.0,436.0
7,2014,52.0,52.0,0.0,0.0,16.0,16.0,215.0,215.0,33.0,33.0,0.0,0.0,171.0,171.0,41.0,41.0,264.0,264.0,35003.0,35003.0,175954.0,175954.0,47267.0,47267.0,258224.0,258224.0,68102.0,68102.0,-90.0,-90.0,0.0,0.0,517.0,517.0,-1358.0,-1358.0,834.0,834.0,21.0,21.0,9.0,9.0,95.0,95.0,9159.0,9159.0,151359.0,151359.0,700.0,700.0
7,2015,96.0,96.0,0.0,0.0,55.0,55.0,205.0,205.0,76.0,76.0,0.0,0.0,169.0,169.0,71.0,71.0,336.0,336.0,42896.0,42896.0,209463.0,209463.0,59071.0,59071.0,311430.0,311430.0,64591.0,64591.0,279.0,279.0,102.0,102.0,839.0,839.0,-276.0,-276.0,1320.0,1320.0,119.0,119.0,854.0,854.0,971.0,971.0,11263.0,11263.0,143952.0,143952.0,1036.0,1036.0
7,2016,220.0,220.0,0.0,0.0,107.0,107.0,429.0,429.0,169.0,169.0,0.0,0.0,324.0,324.0,161.0,161.0,705.0,705.0,54229.0,54229.0,262900.0,262900.0,90264.0,90264.0,407393.0,407393.0,62788.0,62788.0,308.0,308.0,143.0,143.0,1334.0,1334.0,373.0,373.0,1254.0,1254.0,104.0,104.0,1308.0,1308.0,1592.0,1592.0,14471.0,14471.0,140350.0,140350.0,1741.0,1741.0
7,2017,146.0,146.0,0.0,0.0,168.0,168.0,524.0,524.0,271.0,271.0,0.0,0.0,565.0,565.0,252.0,252.0,963.0,963.0,68263.0,68263.0,307085.0,307085.0,110604.0,110604.0,485952.0,485952.0,62535.0,62535.0,481.0,481.0,255.0,255.0,1058.0,1058.0,465.0,465.0,975.0,975.0,200.0,200.0,1074.0,1074.0,1398.0,1398.0,17424.0,17424.0,139605.0,139605.0,2704.0,2704.0
7,2018,29.0,29.0,0.0,0.0,257.0,257.0,482.0,482.0,408.0,408.0,0.0,0.0,740.0,740.0,378.0,378.0,1147.0,1147.0,84716.0,84716.0,346622.0,346622.0,122421.0,122421.0,553759.0,553759.0,62681.0,62681.0,617.0,617.0,141.0,141.0,1163.0,1163.0,841.0,841.0,186.0,186.0,307.0,307.0,1268.0,1268.0,753.0,753.0,20062.0,20062.0,139482.0,139482.0,3851.0,3851.0
7,2019,143.0,143.0,0.0,0.0,427.0,427.0,921.0,921.0,537.0,537.0,0.0,0.0,1232.0,1232.0,510.0,510.0,1885.0,1885.0,93176.0,93176.0,392486.0,392486.0,154433.0,154433.0,640095.0,640095.0,63559.0,63559.0,310.0,310.0,9.0,9.0,1222.0,1222.0,560.0,560.0,1329.0,1329.0,-62.0,-62.0,983.0,983.0,1765.0,1765.0,23120.0,23120.0,140588.0,140588.0,5736.0,5736.0
7,2020,121.0,121.0,2.0,2.0,651.0,651.0,825.0,825.0,635.0,635.0,0.0,0.0,1385.0,1385.0,607.0,607.0,2113.0,2113.0,103053.0,103053.0,424696.0,424696.0,191335.0,191335.0,719084.0,719084.0,66648.0,66648.0,489.0,489.0,-163.0,-163.0,1321.0,1321.0,821.0,821.0,1905.0,1905.0,169.0,169.0,1525.0,1525.0,2039.0,2039.0,27173.0,27173.0,147154.0,147154.0,7849.0,7849.0
7,2021,163.0,163.0,0.0,0.0,765.0,765.0,935.0,935.0,708.0,708.0,0.0,0.0,1560.0,1560.0,685.0,685.0,2408.0,2408.0,112788.0,112788.0,470552.0,470552.0,216805.0,216805.0,800145.0,800145.0,88842.0,88842.0,577.0,577.0,-153.0,-153.0,882.0,882.0,1823.0,1823.0,375.0,375.0,50.0,50.0,1352.0,1352.0,1048.0,1048.0,30150.0,30150.0,195507.0,195507.0,10257.0,10257.0
7,2022,136.0,136.0,0.0,0.0,761.0,761.0,856.0,856.0,696.0,696.0,5.0,5.0,1506.0,1506.0,676.0,676.0,2318.0,2318.0,109994.0,109994.0,487513.0,487513.0,237734.0,237734.0,835241.0,835241.0,126506.0,126506.0,-67.0,-67.0,-12.0,-12.0,520.0,520.0,322.0,322.0,1421.0,1421.0,-79.0,-79.0,645.0,645.0,1594.0,1594.0,32322.0,32322.0,275252.0,275252.0,12575.0,12575.0
7,2023,172.0,172.0,0.0,0.0,1100.0,1100.0,1211.0,1211.0,774.0,774.0,15.0,15.0,2175.0,2175.0,753.0,753.0,3100.0,3100.0,116184.0,116184.0,526809.0,526809.0,304870.0,304870.0,947863.0,947863.0,89533.0,89533.0,130.0,130.0,115.0,115.0,1270.0,1270.0,1566.0,1566.0,2719.0,2719.0,-181.0,-181.0,1517.0,1517.0,3842.0,3842.0,37811.0,37811.0,193927.0,193927.0,15675.0,15675.0
7,2024,322.0,322.0,0.0,0.0,1533.0,1533.0,1225.0,1225.0,907.0,907.0,96.0,96.0,2552.0,2552.0,887.0,887.0,3761.0,3761.0,129978.0,129978.0,562446.0,562446.0,382953.0,382953.0,1075377.0,1075377.0,77265.0,77265.0,496.0,496.0,140.0,140.0,1550.0,1550.0,1355.0,1355.0,3216.0,3216.0,12.0,12.0,1653.0,1653.0,4124.0,4124.0,44084.0,44084.0,167395.0,167395.0,19436.0,19436.0
7,2025,386.0,340.0,1.0,0.0,2033.0,1706.0,1519.0,830.0,1052.0,1042.0,117.0,43.0,3296.0,2232.0,1040.0,1049.0,4722.0,3621.0,143206.0,139981.0,596435.0,551774.0,457572.0,506312.0,1197213.0,1198067.0,77300.0,76975.0,452.0,289.0,166.0,335.0,1524.0,1577.0,1332.0,528.0,2683.0,2748.0,-62.0,-74.0,1556.0,-1107.0,3635.0,5932.0,49727.0,49198.0,167395.0,167395.0,24158.0,23057.0
7,2026,370.0,367.0,3.0,8.0,2584.0,1958.0,1543.0,655.0,1203.0,1195.0,37.0,5.0,3825.0,2123.0,1175.0,1331.0,5370.0,3821.0,155985.0,152132.0,628686.0,546028.0,528062.0,617914.0,1312733.0,1316074.0,77659.0,76261.0,370.0,318.0,79.0,118.0,1966.0,1483.0,803.0,735.0,3167.0,3084.0,-58.0,-23.0,1656.0,-875.0,3931.0,5954.0,55684.0,54595.0,167395.0,167395.0,29528.0,26878.0
7,2027,396.0,447.0,4.0,12.0,3303.0,2367.0,1691.0,580.0,1472.0,1446.0,4.0,5.0,4597.0,2162.0,1481.0,1801.0,6474.0,4410.0,168551.0,160978.0,659122.0,546272.0,595769.0,721587.0,1423442.0,1428837.0,76984.0,75645.0,376.0,483.0,144.0,217.0,1804.0,1789.0,967.0,1423.0,2587.0,2453.0,-16.0,-22.0,1919.0,378.0,3191.0,4999.0,61170.0,60455.0,167395.0,167395.0,36002.0,31288.0
7,2028,453.0,475.0,9.0,9.0,3902.0,2662.0,1914.0,863.0,1558.0,1567.0,9.0,3.0,5351.0,2359.0,1588.0,2270.0,7392.0,5104.0,180479.0,169762.0,687109.0,546596.0,659169.0,818134.0,1526757.0,1534492.0,78788.0,77551.0,505.0,351.0,140.0,196.0,1859.0,1449.0,1363.0,979.0,2270.0,2594.0,-42.0,-16.0,1813.0,108.0,3272.0,4743.0,66760.0,65657.0,167395.0,167395.0,43394.0,36392.0
7,2029,544.0,580.0,29.0,18.0,4728.0,3179.0,2090.0,1097.0,1772.0,1706.0,8.0,4.0,6239.0,2596.0,1844.0,2828.0,8627.0,6004.0,192301.0,178329.0,712751.0,546719.0,719454.0,909998.0,1624506.0,1635046.0,79013.0,77664.0,501.0,171.0,164.0,180.0,2089.0,1458.0,1034.0,1477.0,2062.0,1852.0,-8.0,21.0,2132.0,261.0,2708.0,4556.0,72101.0,70645.0,167395.0,167395.0,52021.0,42396.0
7,2030,566.0,608.0,35.0,25.0,5265.0,3648.0,2163.0,1437.0,2035.0,2065.0,8.0,6.0,6829.0,2767.0,2111.0,3806.0,9506.0,7181.0,203996.0,186390.0,736390.0,546753.0,776929.0,997242.0,1717315.0,1730385.0,79325.0,78845.0,356.0,336.0,160.0,139.0,2286.0,1676.0,673.0,679.0,1471.0,1524.0,38.0,16.0,2006.0,239.0,2266.0,3459.0,76729.0,74679.0,167395.0,167395.0,61527.0,49577.0
7,2031,759.0,702.0,50.0,25.0,6136.0,4139.0,2333.0,1736.0,1988.0,2093.0,9.0,8.0,7645.0,2828.0,2112.0,4471.0,10516.0,8001.0,215164.0,193611.0,757599.0,547146.0,831685.0,1080072.0,1804448.0,1820829.0,79868.0,79137.0,363.0,286.0,104.0,220.0,2505.0,1378.0,609.0,1270.0,1876.0,1741.0,39.0,-6.0,2418.0,350.0,2352.0,3967.0,81862.0,79282.0,167395.0,167395.0,72043.0,57578.0
7,2032,839.0,724.0,51.0,19.0,7090.0,4772.0,2479.0,1921.0,2260.0,2245.0,15.0,4.0,8713.0,3166.0,2343.0,5071.0,11895.0,8961.0,226014.0,202193.0,776861.0,558220.0,883600.0,1145262.0,1886475.0,1905675.0,80355.0,80839.0,600.0,240.0,143.0,3.0,2187.0,1487.0,903.0,568.0,1417.0,1842.0,-31.0,-4.0,1884.0,785.0,2135.0,2871.0,86481.0,83178.0,167395.0,167395.0,83938.0,66539.0
7,2033,878.0,737.0,63.0,16.0,7760.0,5302.0,2661.0,2102.0,2379.0,2405.0,13.0,4.0,9460.0,3393.0,2538.0,5699.0,12876.0,9829.0,236554.0,208803.0,793662.0,569979.0,934785.0,1209868.0,1965001.0,1988650.0,79667.0,79517.0,213.0,382.0,128.0,232.0,2086.0,1388.0,544.0,616.0,1456.0,924.0,-25.0,33.0,2157.0,205.0,1819.0,2606.0,90670.0,86371.0,167395.0,167395.0,96814.0,76368.0
7,2034,943.0,741.0,86.0,26.0,8099.0,5602.0,2980.0,2323.0,2473.0,2437.0,9.0,6.0,9936.0,3440.0,2768.0,6213.0,13647.0,10394.0,246395.0,214044.0,808091.0,581571.0,985573.0,1272557.0,2040059.0,2068172.0,79076.0,79930.0,547.0,193.0,68.0,92.0,2154.0,1449.0,1070.0,545.0,758.0,942.0,9.0,12.0,2331.0,783.0,1181.0,2064.0,94729.0,89411.0,167395.0,167395.0,110461.0,86762.0
7,2035,1127.0,826.0,141.0,34.0,8875.0,6372.0,3466.0,2453.0,2578.0,2491.0,9.0,2.0,11025.0,3671.0,2917.0,6855.0,15069.0,11352.0,255624.0,219692.0,820007.0,592014.0,1034503.0,1332186.0,2110134.0,2143892.0,79055.0,79804.0,482.0,339.0,211.0,53.0,2623.0,1712.0,759.0,967.0,1360.0,1259.0,51.0,-63.0,2643.0,761.0,1879.0,2828.0,99733.0,93339.0,167395.0,167395.0,125530.0,98114.0
7,2036,1253.0,935.0,200.0,37.0,9551.0,7048.0,3540.0,2776.0,2563.0,2542.0,13.0,6.0,11586.0,3996.0,3028.0,7478.0,15867.0,12409.0,264724.0,225534.0,829385.0,601300.0,1082161.0,1389074.0,2176270.0,2215908.0,79063.0,80254.0,261.0,164.0,40.0,242.0,1827.0,1429.0,1080.0,353.0,1001.0,1213.0,-17.0,17.0,2074.0,512.0,1596.0,2578.0,103664.0,96593.0,167395.0,167395.0,141397.0,110523.0
7,2037,1382.0,980.0,216.0,38.0,9823.0,7454.0,3852.0,2785.0,2638.0,2681.0,11.0,4.0,12028.0,4172.0,3130.0,7810.0,16540.0,12962.0,273469.0,231069.0,837268.0,612694.0,1127446.0,1440142.0,2238183.0,2283905.0,80214.0,82188.0,382.0,167.0,336.0,97.0,1596.0,1532.0,523.0,61.0,626.0,374.0,-9.0,21.0,1717.0,469.0,973.0,1449.0,106736.0,98678.0,167395.0,167395.0,157937.0,123485.0
7,2038,1454.0,1020.0,252.0,49.0,9657.0,7910.0,3815.0,3058.0,2786.0,2802.0,7.0,5.0,11764.0,4460.0,3299.0,8344.0,16517.0,13824.0,281549.0,236024.0,843168.0,625746.0,1169985.0,1486068.0,2294702.0,2347838.0,81311.0,82887.0,482.0,301.0,-1.0,78.0,2032.0,1110.0,1042.0,827.0,1173.0,1323.0,51.0,27.0,2291.0,840.0,1524.0,2224.0,111033.0,102043.0,167395.0,167395.0,174454.0,137309.0
7,2039,1579.0,1118.0,319.0,69.0,9684.0,8406.0,4123.0,3077.0,2899.0,2974.0,14.0,0.0,11977.0,4802.0,3483.0,8606.0,17039.0,14526.0,289374.0,240974.0,847774.0,637987.0,1210838.0,1530000.0,2347986.0,2408961.0,81526.0,83173.0,201.0,-86.0,108.0,165.0,963.0,1318.0,1163.0,62.0,788.0,963.0,-2.0,16.0,1250.0,1156.0,1569.0,1454.0,114053.0,104567.0,167395.0,167395.0,191493.0,151835.0
7,2040,1741.0,1135.0,399.0,84.0,9723.0,8929.0,4310.0,3372.0,2989.0,3076.0,14.0,1.0,12077.0,5198.0,3617.0,9129.0,17435.0,15462.0,296864.0,245995.0,850837.0,649417.0,1250670.0,1571376.0,2398371.0,2466788.0,81597.0,83523.0,712.0,294.0,176.0,-6.0,1220.0,1215.0,507.0,570.0,884.0,1190.0,41.0,-23.0,1032.0,558.0,1084.0,2094.0,116881.0,107513.0,167395.0,167395.0,208928.0,167297.0
8,2009,0.0,0.0,0.0,0.0,0.0,0.0,0.0,0.0,0.0,0.0,0.0,0.0,0.0,0.0,0.0,0.0,0.0,0.0,38502.0,38502.0,92848.0,92848.0,73643.0,73643.0,204993.0,204993.0,64034.0,64034.0,1760.0,1760.0,0.0,0.0,553.0,553.0,7830.0,7830.0,0.0,0.0,0.0,0.0,2645.0,2645.0,3978.0,3978.0,8383.0,8383.0,140986.0,140986.0,0.0,0.0
8,2010,0.0,0.0,0.0,0.0,0.0,0.0,0.0,0.0,0.0,0.0,0.0,0.0,0.0,0.0,0.0,0.0,0.0,0.0,36201.0,36201.0,105932.0,105932.0,67026.0,67026.0,209159.0,209159.0,68132.0,68132.0,-131.0,-131.0,0.0,0.0,225.0,225.0,-310.0,-310.0,80.0,80.0,0.0,0.0,318.0,318.0,-192.0,-192.0,8378.0,8378.0,150263.0,150263.0,0.0,0.0
8,2011,0.0,0.0,0.0,0.0,0.0,0.0,37.0,37.0,0.0,0.0,0.0,0.0,2.0,2.0,35.0,35.0,37.0,37.0,32901.0,32901.0,124874.0,124874.0,63388.0,63388.0,221163.0,221163.0,63323.0,63323.0,20.0,20.0,0.0,0.0,431.0,431.0,-511.0,-511.0,305.0,305.0,0.0,0.0,381.0,381.0,-176.0,-176.0,8603.0,8603.0,139300.0,139300.0,37.0,37.0
8,2012,44.0,44.0,0.0,0.0,1.0,1.0,152.0,152.0,3.0,3.0,0.0,0.0,33.0,33.0,79.0,79.0,156.0,156.0,32108.0,32108.0,140833.0,140833.0,55987.0,55987.0,228928.0,228928.0,65110.0,65110.0,28.0,28.0,0.0,0.0,428.0,428.0,-620.0,-620.0,437.0,437.0,0.0,0.0,457.0,457.0,-240.0,-240.0,8848.0,8848.0,144647.0,144647.0,193.0,193.0
8,2013,60.0,60.0,0.0,0.0,4.0,4.0,250.0,250.0,5.0,5.0,0.0,0.0,151.0,151.0,48.0,48.0,259.0,259.0,30811.0,30811.0,153147.0,153147.0,49967.0,49967.0,233925.0,233925.0,72719.0,72719.0,-179.0,-179.0,0.0,0.0,140.0,140.0,-1253.0,-1253.0,1124.0,1124.0,0.0,0.0,279.0,279.0,-89.0,-89.0,8859.0,8859.0,161269.0,161269.0,452.0,452.0
8,2014,52.0,52.0,0.0,0.0,18.0,18.0,219.0,219.0,25.0,25.0,0.0,0.0,186.0,186.0,24.0,24.0,262.0,262.0,34833.0,34833.0,175784.0,175784.0,47510.0,47510.0,258127.0,258127.0,67928.0,67928.0,16.0,16.0,4.0,4.0,631.0,631.0,-1129.0,-1129.0,801.0,801.0,23.0,23.0,179.0,179.0,135.0,135.0,9189.0,9189.0,151359.0,151359.0,714.0,714.0
8,2015,84.0,84.0,0.0,0.0,64.0,64.0,186.0,186.0,78.0,78.0,0.0,0.0,173.0,173.0,71.0,71.0,328.0,328.0,42595.0,42595.0,209398.0,209398.0,59489.0,59489.0,311482.0,311482.0,64560.0,64560.0,192.0,192.0,70.0,70.0,728.0,728.0,-323.0,-323.0,1382.0,1382.0,99.0,99.0,774.0,774.0,990.0,990.0,11145.0,11145.0,143952.0,143952.0,1042.0,1042.0
8,2016,213.0,213.0,0.0,0.0,104.0,104.0,407.0,407.0,156.0,156.0,0.0,0.0,305.0,305.0,149.0,149.0,667.0,667.0,53800.0,53800.0,262789.0,262789.0,90473.0,90473.0,407062.0,407062.0,62799.0,62799.0,381.0,381.0,198.0,198.0,1521.0,1521.0,410.0,410.0,1425.0,1425.0,144.0,144.0,1471.0,1471.0,1846.0,1846.0,14843.0,14843.0,140350.0,140350.0,1709.0,1709.0
8,2017,140.0,140.0,0.0,0.0,159.0,159.0,504.0,504.0,266.0,266.0,0.0,0.0,541.0,541.0,248.0,248.0,929.0,929.0,67684.0,67684.0,307046.0,307046.0,110560.0,110560.0,485290.0,485290.0,62680.0,62680.0,425.0,425.0,228.0,228.0,1041.0,1041.0,557.0,557.0,782.0,782.0,159.0,159.0,1132.0,1132.0,1210.0,1210.0,17610.0,17610.0,139605.0,139605.0,2638.0,2638.0
8,2018,46.0,46.0,0.0,0.0,277.0,277.0,520.0,520.0,429.0,429.0,0.0,0.0,772.0,772.0,408.0,408.0,1226.0,1226.0,84096.0,84096.0,346899.0,346899.0,122565.0,122565.0,553560.0,553560.0,62448.0,62448.0,605.0,605.0,129.0,129.0,1021.0,1021.0,685.0,685.0,96.0,96.0,291.0,291.0,1036.0,1036.0,581.0,581.0,19832.0,19832.0,139482.0,139482.0,3864.0,3864.0
8,2019,145.0,145.0,0.0,0.0,396.0,396.0,883.0,883.0,524.0,524.0,0.0,0.0,1171.0,1171.0,487.0,487.0,1803.0,1803.0,92751.0,92751.0,392673.0,392673.0,154214.0,154214.0,639638.0,639638.0,63763.0,63763.0,462.0,462.0,37.0,37.0,1304.0,1304.0,586.0,586.0,1363.0,1363.0,52.0,52.0,1065.0,1065.0,1815.0,1815.0,23174.0,23174.0,140588.0,140588.0,5667.0,5667.0
8,2020,131.0,131.0,2.0,2.0,664.0,664.0,897.0,897.0,681.0,681.0,0.0,0.0,1452.0,1452.0,661.0,661.0,2244.0,2244.0,102531.0,102531.0,424863.0,424863.0,191586.0,191586.0,718980.0,718980.0,66616.0,66616.0,249.0,249.0,-182.0,-182.0,1012.0,1012.0,842.0,842.0,1949.0,1949.0,57.0,57.0,1362.0,1362.0,2067.0,2067.0,26852.0,26852.0,147154.0,147154.0,7911.0,7911.0
8,2021,141.0,141.0,0.0,0.0,742.0,742.0,873.0,873.0,679.0,679.0,0.0,0.0,1503.0,1503.0,650.0,650.0,2294.0,2294.0,112527.0,112527.0,470823.0,470823.0,216852.0,216852.0,800202.0,800202.0,88585.0,88585.0,622.0,622.0,-141.0,-141.0,1231.0,1231.0,1781.0,1781.0,395.0,395.0,128.0,128.0,1572.0,1572.0,1200.0,1200.0,30246.0,30246.0,195507.0,195507.0,10205.0,10205.0
8,2022,138.0,138.0,0.0,0.0,738.0,738.0,929.0,929.0,699.0,699.0,7.0,7.0,1578.0,1578.0,657.0,657.0,2373.0,2373.0,109657.0,109657.0,487120.0,487120.0,238620.0,238620.0,835397.0,835397.0,126338.0,126338.0,127.0,127.0,-37.0,-37.0,356.0,356.0,538.0,538.0,1324.0,1324.0,-36.0,-36.0,595.0,595.0,1423.0,1423.0,32391.0,32391.0,275252.0,275252.0,12578.0,12578.0
8,2023,187.0,187.0,0.0,0.0,1019.0,1019.0,1136.0,1136.0,754.0,754.0,16.0,16.0,2011.0,2011.0,727.0,727.0,2925.0,2925.0,115973.0,115973.0,526406.0,526406.0,305639.0,305639.0,948018.0,948018.0,89495.0,89495.0,-77.0,-77.0,126.0,126.0,1517.0,1517.0,1243.0,1243.0,2815.0,2815.0,-242.0,-242.0,1633.0,1633.0,3903.0,3903.0,37850.0,37850.0,193927.0,193927.0,15503.0,15503.0
8,2024,321.0,321.0,0.0,0.0,1480.0,1480.0,1256.0,1256.0,890.0,890.0,91.0,91.0,2526.0,2526.0,870.0,870.0,3717.0,3717.0,129820.0,129820.0,561938.0,561938.0,384548.0,384548.0,1076306.0,1076306.0,77096.0,77096.0,594.0,594.0,158.0,158.0,1344.0,1344.0,1170.0,1170.0,3010.0,3010.0,-53.0,-53.0,1256.0,1256.0,3779.0,3779.0,43479.0,43479.0,167395.0,167395.0,19220.0,19220.0
8,2025,362.0,320.0,1.0,0.0,2043.0,1701.0,1525.0,817.0,1022.0,1028.0,100.0,38.0,3309.0,2214.0,1020.0,1050.0,4691.0,3584.0,143217.0,139784.0,596122.0,551510.0,458965.0,507911.0,1198304.0,1199205.0,77422.0,76982.0,310.0,337.0,109.0,280.0,1580.0,1557.0,1463.0,910.0,2864.0,2811.0,-52.0,-55.0,1751.0,-1055.0,3903.0,6221.0,49443.0,48982.0,167395.0,167395.0,23911.0,22804.0
8,2026,357.0,348.0,1.0,3.0,2583.0,1987.0,1604.0,647.0,1237.0,1232.0,56.0,0.0,3913.0,2174.0,1211.0,1347.0,5481.0,3869.0,155922.0,151786.0,628639.0,545419.0,530052.0,620602.0,1314613.0,1317807.0,77533.0,75801.0,514.0,357.0,157.0,314.0,1439.0,1624.0,1084.0,691.0,2898.0,2886.0,0.0,-37.0,1366.0,-474.0,3698.0,5595.0,55021.0,54460.0,167395.0,167395.0,29392.0,26673.0
8,2027,352.0,394.0,12.0,13.0,3284.0,2361.0,1778.0,567.0,1393.0,1348.0,4.0,1.0,4711.0,2195.0,1408.0,1701.0,6471.0,4290.0,168550.0,160885.0,659140.0,545647.0,597767.0,724141.0,1425457.0,1430673.0,76814.0,75451.0,319.0,165.0,148.0,96.0,2102.0,1734.0,1054.0,1278.0,2947.0,2969.0,-67.0,9.0,2183.0,218.0,3682.0,5703.0,61205.0,60546.0,167395.0,167395.0,35863.0,30963.0
8,2028,488.0,508.0,11.0,15.0,4025.0,2738.0,1986.0,859.0,1596.0,1600.0,5.0,8.0,5535.0,2458.0,1600.0,2254.0,7623.0,5220.0,180603.0,169820.0,687175.0,545982.0,660944.0,820377.0,1528722.0,1536179.0,78303.0,77517.0,689.0,534.0,151.0,134.0,2354.0,1560.0,1128.0,1131.0,2447.0,2413.0,10.0,56.0,2145.0,183.0,3256.0,4577.0,67295.0,65840.0,167395.0,167395.0,43486.0,36183.0
8,2029,496.0,533.0,18.0,12.0,4645.0,3053.0,2063.0,1101.0,1769.0,1766.0,9.0,7.0,6184.0,2540.0,1824.0,2866.0,8504.0,5939.0,192490.0,178551.0,713095.0,546305.0,721256.0,911986.0,1626841.0,1636842.0,78980.0,77913.0,262.0,152.0,96.0,126.0,2045.0,1384.0,804.0,1141.0,1548.0,1859.0,-24.0,-63.0,1934.0,105.0,2273.0,4190.0,71764.0,70287.0,167395.0,167395.0,51990.0,42122.0
8,2030,544.0,564.0,30.0,14.0,5363.0,3545.0,2153.0,1375.0,1849.0,1900.0,11.0,11.0,6932.0,2711.0,1930.0,3570.0,9406.0,6845.0,204115.0,186786.0,736341.0,546032.0,778481.0,999070.0,1718937.0,1731888.0,79556.0,78698.0,575.0,392.0,138.0,175.0,1923.0,1576.0,1100.0,1118.0,2227.0,1936.0,59.0,27.0,2025.0,203.0,2847.0,4237.0,77211.0,75119.0,167395.0,167395.0,61396.0,48967.0
8,2031,767.0,731.0,35.0,17.0,6146.0,4193.0,2467.0,1847.0,1992.0,2032.0,8.0,9.0,7760.0,2930.0,2121.0,4437.0,10648.0,8098.0,215383.0,193763.0,757911.0,546612.0,832680.0,1081719.0,1805974.0,1822094.0,80015.0,79174.0,185.0,256.0,146.0,162.0,2391.0,1344.0,385.0,1208.0,1729.0,1694.0,-51.0,-44.0,1970.0,594.0,2445.0,3514.0,81811.0,79483.0,167395.0,167395.0,72044.0,57065.0
8,2032,806.0,712.0,62.0,20.0,6949.0,4675.0,2421.0,1867.0,2282.0,2196.0,9.0,4.0,8551.0,3136.0,2366.0,4914.0,11723.0,8762.0,226049.0,202101.0,777225.0,558207.0,884807.0,1146711.0,1888081.0,1907019.0,80166.0,80868.0,666.0,197.0,140.0,112.0,2243.0,1247.0,988.0,816.0,1354.0,1363.0,54.0,49.0,2317.0,336.0,1796.0,3054.0,86590.0,83070.0,167395.0,167395.0,83767.0,65827.0
8,2033,887.0,766.0,61.0,20.0,7731.0,5241.0,2647.0,2051.0,2257.0,2254.0,10.0,5.0,9349.0,3265.0,2470.0,5540.0,12706.0,9571.0,236027.0,208463.0,794107.0,570216.0,935305.0,1210239.0,1965439.0,1988918.0,79929.0,79950.0,337.0,332.0,196.0,154.0,2618.0,1939.0,921.0,373.0,1296.0,1516.0,-45.0,-38.0,2552.0,832.0,2097.0,2780.0,91576.0,87014.0,167395.0,167395.0,96473.0,75398.0
8,2034,968.0,749.0,107.0,22.0,8147.0,5903.0,2810.0,2190.0,2512.0,2410.0,11.0,9.0,9847.0,3552.0,2772.0,6233.0,13587.0,10534.0,246112.0,214410.0,808758.0,581933.0,985587.0,1271893.0,2040457.0,2068236.0,79064.0,79711.0,318.0,96.0,126.0,109.0,1718.0,1174.0,636.0,582.0,721.0,910.0,4.0,45.0,1909.0,573.0,978.0,2151.0,94781.0,89834.0,167395.0,167395.0,110060.0,85932.0
8,2035,1188.0,914.0,148.0,40.0,8976.0,6451.0,3315.0,2488.0,2525.0,2520.0,9.0,12.0,10902.0,3739.0,2883.0,6858.0,14973.0,11511.0,255706.0,219940.0,820923.0,592674.0,1034506.0,1331789.0,2111135.0,2144403.0,79097.0,79643.0,428.0,454.0,157.0,227.0,2126.0,1545.0,984.0,539.0,1014.0,933.0,26.0,-25.0,2325.0,473.0,1554.0,2292.0,99088.0,93053.0,167395.0,167395.0,125033.0,97443.0
8,2036,1228.0,914.0,209.0,43.0,9574.0,6929.0,3436.0,2559.0,2531.0,2541.0,7.0,9.0,11606.0,3938.0,2923.0,7229.0,15757.0,12081.0,264680.0,225793.0,830901.0,602580.0,1081509.0,1388711.0,2177090.0,2217084.0,79110.0,80160.0,557.0,273.0,185.0,93.0,2295.0,1614.0,959.0,505.0,1263.0,725.0,8.0,32.0,2394.0,631.0,1759.0,2065.0,103798.0,96022.0,167395.0,167395.0,140790.0,109524.0
8,2037,1316.0,953.0,239.0,53.0,9803.0,7737.0,3687.0,2792.0,2611.0,2601.0,16.0,5.0,11954.0,4376.0,3086.0,7859.0,16356.0,13188.0,273467.0,231472.0,838505.0,614202.0,1126184.0,1439363.0,2238156.0,2285037.0,80678.0,82400.0,336.0,142.0,-10.0,105.0,2001.0,995.0,789.0,546.0,543.0,831.0,-2.0,11.0,2063.0,448.0,922.0,1898.0,107119.0,98510.0,167395.0,167395.0,157146.0,122712.0
8,2038,1513.0,1065.0,249.0,54.0,9842.0,8230.0,3892.0,2928.0,2798.0,2833.0,16.0,3.0,11950.0,4638.0,3334.0,8345.0,16797.0,14048.0,281765.0,236675.0,844032.0,626780.0,1169083.0,1485866.0,2294880.0,2349321.0,81392.0,82847.0,375.0,197.0,135.0,195.0,1274.0,1489.0,959.0,220.0,1211.0,1315.0,49.0,3.0,1482.0,806.0,1771.0,2219.0,110747.0,101732.0,167395.0,167395.0,173943.0,136760.0
8,2039,1581.0,1058.0,319.0,56.0,9726.0,8597.0,4110.0,3110.0,2984.0,2989.0,13.0,5.0,11972.0,4839.0,3599.0,8860.0,17152.0,14757.0,289494.0,241519.0,848703.0,639480.0,1210108.0,1528919.0,2348305.0,2409918.0,81287.0,83238.0,383.0,250.0,206.0,26.0,1542.0,1438.0,688.0,857.0,1006.0,921.0,-38.0,54.0,1586.0,1073.0,1435.0,1973.0,114151.0,105028.0,167395.0,167395.0,191095.0,151517.0
8,2040,1667.0,1094.0,364.0,81.0,9845.0,9077.0,4242.0,3235.0,3040.0,3095.0,12.0,11.0,12122.0,5282.0,3714.0,9123.0,17503.0,15499.0,296744.0,246196.0,851680.0,650691.0,1250002.0,1570078.0,2398426.0,2466965.0,81394.0,83654.0,435.0,125.0,66.0,168.0,1314.0,1397.0,697.0,344.0,1087.0,1259.0,33.0,-34.0,1344.0,1204.0,1418.0,1805.0,117348.0,108162.0,167395.0,167395.0,208598.0,167016.0
9,2009,0.0,0.0,0.0,0.0,0.0,0.0,0.0,0.0,0.0,0.0,0.0,0.0,0.0,0.0,0.0,0.0,0.0,0.0,38605.0,38605.0,93141.0,93141.0,73519.0,73519.0,205265.0,205265.0,64021.0,64021.0,1641.0,1641.0,0.0,0.0,527.0,527.0,7597.0,7597.0,0.0,0.0,0.0,0.0,2589.0,2589.0,3894.0,3894.0,8124.0,8124.0,140986.0,140986.0,0.0,0.0
9,2010,0.0,0.0,0.0,0.0,0.0,0.0,0.0,0.0,0.0,0.0,0.0,0.0,0.0,0.0,0.0,0.0,0.0,0.0,36163.0,36163.0,106394.0,106394.0,66792.0,66792.0,209349.0,209349.0,68188.0,68188.0,74.0,74.0,0.0,0.0,258.0,258.0,-55.0,-55.0,77.0,77.0,0.0,0.0,415.0,415.0,-209.0,-209.0,8404.0,8404.0,150263.0,150263.0,0.0,0.0
9,2011,0.0,0.0,0.0,0.0,0.0,0.0,35.0,35.0,0.0,0.0,0.0,0.0,3.0,3.0,32.0,32.0,35.0,35.0,32747.0,32747.0,124912.0,124912.0,63437.0,63437.0,221096.0,221096.0,63593.0,63593.0,-105.0,-105.0,0.0,0.0,417.0,417.0,-536.0,-536.0,305.0,305.0,0.0,0.0,432.0,432.0,-141.0,-141.0,8590.0,8590.0,139300.0,139300.0,35.0,35.0
9,2012,35.0,35.0,0.0,0.0,1.0,1.0,145.0,145.0,2.0,2.0,0.0,0.0,33.0,33.0,80.0,80.0,148.0,148.0,32326.0,32326.0,140946.0,140946.0,55646.0,55646.0,228918.0,228918.0,65361.0,65361.0,-8.0,-8.0,0.0,0.0,324.0,324.0,-804.0,-804.0,430.0,430.0,0.0,0.0,313.0,313.0,-355.0,-355.0,8540.0,8540.0,144647.0,144647.0,183.0,183.0
9,2013,53.0,53.0,0.0,0.0,3.0,3.0,235.0,235.0,6.0,6.0,0.0,0.0,153.0,153.0,38.0,38.0,244.0,244.0,31079.0,31079.0,153395.0,153395.0,49531.0,49531.0,234005.0,234005.0,72518.0,72518.0,-29.0,-29.0,0.0,0.0,228.0,228.0,-910.0,-910.0,1112.0,1112.0,0.0,0.0,330.0,330.0,129.0,129.0,8970.0,8970.0,161269.0,161269.0,427.0,427.0
9,2014,62.0,62.0,0.0,0.0,24.0,24.0,206.0,206.0,25.0,25.0,0.0,0.0,168.0,168.0,25.0,25.0,255.0,255.0,35239.0,35239.0,175973.0,175973.0,46938.0,46938.0,258150.0,258150.0,68162.0,68162.0,-103.0,-103.0,5.0,5.0,533.0,533.0,-1381.0,-1381.0,872.0,872.0,13.0,13.0,120.0,120.0,25.0,25.0,9012.0,9012.0,151359.0,151359.0,682.0,682.0
9,2015,82.0,82.0,0.0,0.0,55.0,55.0,173.0,173.0,62.0,62.0,0.0,0.0,149.0,149.0,59.0,59.0,290.0,290.0,42957.0,42957.0,209863.0,209863.0,58592.0,58592.0,311412.0,311412.0,64638.0,64638.0,224.0,224.0,81.0,81.0,886.0,886.0,-210.0,-210.0,1280.0,1280.0,111.0,111.0,877.0,877.0,1047.0,1047.0,11160.0,11160.0,143952.0,143952.0,972.0,972.0
9,2016,202.0,202.0,0.0,0.0,93.0,93.0,421.0,421.0,168.0,168.0,0.0,0.0,320.0,320.0,160.0,160.0,682.0,682.0,54034.0,54034.0,263178.0,263178.0,89567.0,89567.0,406779.0,406779.0,63052.0,63052.0,387.0,387.0,171.0,171.0,1404.0,1404.0,361.0,361.0,1593.0,1593.0,114.0,114.0,1293.0,1293.0,1963.0,1963.0,14803.0,14803.0,140350.0,140350.0,1654.0,1654.0
9,2017,116.0,116.0,0.0,0.0,193.0,193.0,474.0,474.0,265.0,265.0,0.0,0.0,566.0,566.0,250.0,250.0,932.0,932.0,68058.0,68058.0,307189.0,307189.0,110137.0,110137.0,485384.0,485384.0,62413.0,62413.0,466.0,466.0,267.0,267.0,999.0,999.0,575.0,575.0,659.0,659.0,197.0,197.0,1242.0,1242.0,989.0,989.0,17500.0,17500.0,139605.0,139605.0,2586.0,2586.0
9,2018,46.0,46.0,0.0,0.0,273.0,273.0,504.0,504.0,378.0,378.0,0.0,0.0,755.0,755.0,354.0,354.0,1155.0,1155.0,84458.0,84458.0,346448.0,346448.0,122254.0,122254.0,553160.0,553160.0,62662.0,62662.0,653.0,653.0,180.0,180.0,1114.0,1114.0,794.0,794.0,198.0,198.0,326.0,326.0,1233.0,1233.0,726.0,726.0,20112.0,20112.0,139482.0,139482.0,3741.0,3741.0
9,2019,134.0,134.0,1.0,1.0,412.0,412.0,880.0,880.0,562.0,562.0,0.0,0.0,1184.0,1184.0,537.0,537.0,1855.0,1855.0,93426.0,93426.0,392512.0,392512.0,153681.0,153681.0,639619.0,639619.0,63542.0,63542.0,195.0,195.0,-122.0,-122.0,1191.0,1191.0,494.0,494.0,1392.0,1392.0,-53.0,-53.0,788.0,788.0,1919.0,1919.0,23014.0,23014.0,140588.0,140588.0,5596.0,5596.0
9,2020,110.0,110.0,5.0,5.0,620.0,620.0,820.0,820.0,651.0,651.0,0.0,0.0,1363.0,1363.0,623.0,623.0,2096.0,2096.0,103370.0,103370.0,424759.0,424759.0,190630.0,190630.0,718759.0,718759.0,66742.0,66742.0,498.0,498.0,-147.0,-147.0,1275.0,1275.0,825.0,825.0,1846.0,1846.0,115.0,115.0,1445.0,1445.0,1971.0,1971.0,26928.0,26928.0,147154.0,147154.0,7692.0,7692.0
9,2021,165.0,165.0,0.0,0.0,761.0,761.0,920.0,920.0,704.0,704.0,0.0,0.0,1540.0,1540.0,680.0,680.0,2385.0,2385.0,113435.0,113435.0,470969.0,470969.0,215266.0,215266.0,799670.0,799670.0,89026.0,89026.0,653.0,653.0,-61.0,-61.0,890.0,890.0,1795.0,1795.0,480.0,480.0,84.0,84.0,1370.0,1370.0,1165.0,1165.0,30116.0,30116.0,195507.0,195507.0,10077.0,10077.0
9,2022,114.0,114.0,0.0,0.0,721.0,721.0,941.0,941.0,722.0,722.0,3.0,3.0,1576.0,1576.0,697.0,697.0,2387.0,2387.0,110547.0,110547.0,487621.0,487621.0,236992.0,236992.0,835160.0,835160.0,126286.0,126286.0,-93.0,-93.0,-55.0,-55.0,410.0,410.0,497.0,497.0,1212.0,1212.0,-32.0,-32.0,759.0,759.0,1366.0,1366.0,32148.0,32148.0,275252.0,275252.0,12464.0,12464.0
9,2023,175.0,175.0,0.0,0.0,1087.0,1087.0,1194.0,1194.0,764.0,764.0,14.0,14.0,2145.0,2145.0,739.0,739.0,3059.0,3059.0,116856.0,116856.0,527247.0,527247.0,304499.0,304499.0,948602.0,948602.0,89343.0,89343.0,154.0,154.0,120.0,120.0,1506.0,1506.0,1257.0,1257.0,2353.0,2353.0,-203.0,-203.0,1462.0,1462.0,3417.0,3417.0,37181.0,37181.0,193927.0,193927.0,15523.0,15523.0
9,2024,300.0,300.0,0.0,0.0,1525.0,1525.0,1301.0,1301.0,923.0,923.0,87.0,87.0,2641.0,2641.0,895.0,895.0,3836.0,3836.0,130796.0,130796.0,562447.0,562447.0,383299.0,383299.0,1076542.0,1076542.0,77042.0,77042.0,513.0,513.0,151.0,151.0,1555.0,1555.0,1360.0,1360.0,3603.0,3603.0,31.0,31.0,1697.0,1697.0,4490.0,4490.0,43881.0,43881.0,167395.0,167395.0,19359.0,19359.0
9,2025,395.0,329.0,2.0,0.0,2010.0,1656.0,1542.0,817.0,1108.0,1117.0,126.0,45.0,3306.0,2183.0,1087.0,1123.0,4788.0,3635.0,144153.0,140727.0,596221.0,551741.0,457935.0,507026.0,1198309.0,1199494.0,77354.0,76860.0,427.0,325.0,91.0,337.0,1755.0,1608.0,1340.0,638.0,2764.0,2731.0,-89.0,-144.0,1745.0,-1034.0,3689.0,5879.0,49742.0,49051.0,167395.0,167395.0,24147.0,22994.0
9,2026,391.0,386.0,4.0,6.0,2695.0,2039.0,1475.0,639.0,1204.0,1200.0,52.0,3.0,3853.0,2160.0,1186.0,1341.0,5430.0,3887.0,157028.0,152622.0,628715.0,545977.0,527915.0,618416.0,1313658.0,1317015.0,77819.0,76267.0,471.0,561.0,182.0,148.0,1465.0,1856.0,1130.0,938.0,3240.0,3126.0,-64.0,-44.0,1361.0,-653.0,4121.0,6116.0,55695.0,55075.0,167395.0,167395.0,29577.0,26881.0
9,2027,362.0,416.0,11.0,9.0,3264.0,2313.0,1722.0,556.0,1419.0,1419.0,4.0,3.0,4642.0,2164.0,1416.0,1720.0,6420.0,4300.0,169329.0,161187.0,659158.0,546170.0,595755.0,722042.0,1424242.0,1429399.0,76879.0,75667.0,386.0,166.0,61.0,140.0,2120.0,1354.0,907.0,1338.0,2677.0,2891.0,-60.0,14.0,1915.0,86.0,3404.0,5485.0,61400.0,60812.0,167395.0,167395.0,35997.0,31181.0
9,2028,443.0,498.0,11.0,12.0,3921.0,2655.0,1920.0,814.0,1547.0,1534.0,12.0,4.0,5400.0,2316.0,1568.0,2205.0,7411.0,5019.0,180865.0,169597.0,687669.0,546694.0,659165.0,818550.0,1527699.0,1534841.0,78562.0,77744.0,524.0,336.0,225.0,147.0,1905.0,1563.0,1075.0,896.0,2237.0,2274.0,2.0,-15.0,2013.0,213.0,2907.0,4316.0,66844.0,65677.0,167395.0,167395.0,43408.0,36200.0
9,2029,481.0,489.0,28.0,8.0,4644.0,3116.0,2001.0,1042.0,1661.0,1709.0,4.0,2.0,6166.0,2575.0,1691.0,2813.0,8338.0,5877.0,192746.0,178380.0,713487.0,546586.0,719695.0,911055.0,1625928.0,1636021.0,78716.0,77722.0,376.0,145.0,122.0,199.0,2055.0,1175.0,1038.0,1212.0,1867.0,1684.0,-8.0,14.0,2013.0,83.0,2685.0,4056.0,71918.0,69961.0,167395.0,167395.0,51746.0,42077.0
9,2030,587.0,604.0,29.0,20.0,5377.0,3500.0,2233.0,1422.0,1929.0,2000.0,12.0,9.0,6929.0,2649.0,2064.0,3698.0,9580.0,6951.0,204338.0,186806.0,736674.0,546641.0,777605.0,998301.0,1718617.0,1731748.0,79576.0,78540.0,354.0,307.0,79.0,139.0,2497.0,1484.0,725.0,997.0,1313.0,2002.0,66.0,13.0,2462.0,140.0,1864.0,4188.0,76598.0,74596.0,167395.0,167395.0,61326.0,49028.0
9,2031,744.0,725.0,53.0,28.0,6101.0,4140.0,2309.0,1764.0,2059.0,2081.0,8.0,7.0,7632.0,2895.0,2154.0,4400.0,10530.0,8020.0,215781.0,193996.0,758271.0,547296.0,832430.0,1081164.0,1806482.0,1822456.0,79786.0,79182.0,356.0,340.0,177.0,123.0,1844.0,1594.0,762.0,1224.0,1879.0,1414.0,-48.0,22.0,1696.0,520.0,2562.0,3517.0,81212.0,78973.0,167395.0,167395.0,71856.0,57048.0
9,2032,843.0,755.0,58.0,26.0,6959.0,4665.0,2446.0,1945.0,2166.0,2144.0,14.0,8.0,8500.0,3035.0,2300.0,4998.0,11643.0,8788.0,226754.0,202421.0,777426.0,558701.0,884616.0,1146303.0,1888796.0,1907425.0,80290.0,80657.0,462.0,309.0,171.0,224.0,2490.0,1712.0,828.0,688.0,1519.0,1648.0,39.0,-8.0,2319.0,614.0,2266.0,3341.0,86259.0,83237.0,167395.0,167395.0,83499.0,65836.0
9,2033,979.0,825.0,69.0,39.0,7734.0,5194.0,2669.0,2020.0,2302.0,2251.0,14.0,4.0,9350.0,3249.0,2459.0,5434.0,12788.0,9508.0,237373.0,208933.0,793930.0,570409.0,935229.0,1210059.0,1966532.0,1989401.0,79756.0,79823.0,328.0,263.0,20.0,115.0,2317.0,1374.0,747.0,730.0,2046.0,1579.0,-18.0,29.0,2286.0,571.0,2498.0,2993.0,91371.0,87064.0,167395.0,167395.0,96287.0,75344.0
9,2034,1005.0,760.0,107.0,42.0,8161.0,5862.0,2915.0,2221.0,2506.0,2455.0,11.0,8.0,9929.0,3575.0,2766.0,6253.0,13700.0,10588.0,247109.0,214315.0,808835.0,582353.0,985297.0,1271937.0,2041241.0,2068605.0,79233.0,79899.0,536.0,83.0,234.0,172.0,1852.0,1684.0,899.0,441.0,500.0,381.0,65.0,18.0,1957.0,799.0,1057.0,1814.0,94921.0,89760.0,167395.0,167395.0,109987.0,85932.0
9,2035,1174.0,859.0,150.0,30.0,8655.0,6249.0,3361.0,2446.0,2642.0,2565.0,15.0,3.0,10643.0,3581.0,3006.0,6853.0,14823.0,11293.0,256679.0,219748.0,820797.0,592869.0,1033993.0,1332236.0,2111469.0,2144853.0,79082.0,79626.0,201.0,242.0,81.0,84.0,2558.0,1412.0,995.0,821.0,1059.0,923.0,-61.0,-11.0,2760.0,795.0,1671.0,2192.0,99553.0,92989.0,167395.0,167395.0,124810.0,97225.0
9,2036,1230.0,885.0,189.0,42.0,9351.0,6881.0,3376.0,2568.0,2642.0,2686.0,16.0,8.0,11331.0,3901.0,3013.0,7399.0,15574.0,12185.0,265784.0,225669.0,831170.0,602531.0,1081125.0,1389130.0,2178079.0,2217330.0,79315.0,80392.0,534.0,463.0,172.0,105.0,1533.0,1442.0,697.0,158.0,923.0,1288.0,60.0,12.0,1548.0,125.0,1303.0,2417.0,102938.0,95994.0,167395.0,167395.0,140384.0,109410.0
9,2037,1359.0,1020.0,238.0,39.0,9753.0,7546.0,3819.0,2780.0,2702.0,2692.0,17.0,2.0,11954.0,4239.0,3216.0,7800.0,16529.0,13059.0,274295.0,230933.0,839009.0,614016.0,1125972.0,1439599.0,2239276.0,2284548.0,80420.0,82271.0,493.0,202.0,112.0,177.0,2328.0,1496.0,1291.0,522.0,603.0,1169.0,-26.0,16.0,2731.0,710.0,1084.0,2468.0,107246.0,99374.0,167395.0,167395.0,156913.0,122469.0
9,2038,1453.0,1024.0,232.0,40.0,9636.0,8119.0,3834.0,2981.0,2685.0,2814.0,14.0,9.0,11727.0,4529.0,3221.0,8410.0,16401.0,13963.0,282512.0,236103.0,844602.0,626491.0,1169243.0,1486147.0,2296357.0,2348741.0,81047.0,82826.0,268.0,115.0,140.0,68.0,1368.0,934.0,643.0,691.0,1357.0,820.0,-19.0,-43.0,1699.0,991.0,1522.0,1364.0,110735.0,101844.0,167395.0,167395.0,173314.0,136432.0
9,2039,1618.0,1099.0,309.0,67.0,9786.0,8613.0,4203.0,3076.0,2866.0,2970.0,17.0,4.0,12116.0,4885.0,3447.0,8746.0,17181.0,14730.0,290156.0,241107.0,849061.0,639065.0,1210547.0,1529395.0,2349764.0,2409567.0,81668.0,83210.0,628.0,182.0,185.0,10.0,1531.0,1676.0,674.0,-70.0,619.0,1351.0,44.0,16.0,1450.0,980.0,975.0,1821.0,113788.0,104827.0,167395.0,167395.0,190495.0,151162.0
9,2040,1728.0,1088.0,372.0,72.0,9708.0,8912.0,4263.0,3301.0,3021.0,3147.0,9.0,10.0,11993.0,5067.0,3652.0,9287.0,17373.0,15442.0,297071.0,245908.0,851960.0,649988.0,1250357.0,1571040.0,2399388.0,2466936.0,81889.0,83725.0,665.0,237.0,215.0,236.0,1444.0,1367.0,711.0,631.0,1203.0,742.0,-11.0,-34.0,1391.0,1057.0,1506.0,1648.0,117350.0,107769.0,167395.0,167395.0,207868.0,166604.0
10,2009,0.0,0.0,0.0,0.0,0.0,0.0,0.0,0.0,0.0,0.0,0.0,0.0,0.0,0.0,0.0,0.0,0.0,0.0,38559.0,38559.0,93069.0,93069.0,73841.0,73841.0,205469.0,205469.0,63616.0,63616.0,1647.0,1647.0,0.0,0.0,530.0,530.0,7789.0,7789.0,6.0,6.0,0.0,0.0,2611.0,2611.0,4067.0,4067.0,8325.0,8325.0,140986.0,140986.0,0.0,0.0
10,2010,0.0,0.0,0.0,0.0,0.0,0.0,0.0,0.0,0.0,0.0,0.0,0.0,0.0,0.0,0.0,0.0,0.0,0.0,36088.0,36088.0,106583.0,106583.0,67043.0,67043.0,209714.0,209714.0,68180.0,68180.0,-28.0,-28.0,0.0,0.0,306.0,306.0,-480.0,-480.0,100.0,100.0,0.0,0.0,289.0,289.0,-335.0,-335.0,8251.0,8251.0,150263.0,150263.0,0.0,0.0
10,2011,0.0,0.0,0.0,0.0,0.0,0.0,31.0,31.0,0.0,0.0,0.0,0.0,1.0,1.0,30.0,30.0,31.0,31.0,32835.0,32835.0,125407.0,125407.0,63497.0,63497.0,221739.0,221739.0,63220.0,63220.0,32.0,32.0,0.0,0.0,351.0,351.0,-218.0,-218.0,301.0,301.0,0.0,0.0,565.0,565.0,-163.0,-163.0,8685.0,8685.0,139300.0,139300.0,31.0,31.0
10,2012,27.0,27.0,0.0,0.0,2.0,2.0,129.0,129.0,2.0,2.0,0.0,0.0,38.0,38.0,68.0,68.0,133.0,133.0,32063.0,32063.0,141927.0,141927.0,55948.0,55948.0,229938.0,229938.0,64906.0,64906.0,-63.0,-63.0,0.0,0.0,457.0,457.0,-994.0,-994.0,470.0,470.0,0.0,0.0,203.0,203.0,-207.0,-207.0,8618.0,8618.0,144647.0,144647.0,164.0,164.0
10,2013,51.0,51.0,0.0,0.0,4.0,4.0,247.0,247.0,9.0,9.0,0.0,0.0,155.0,155.0,54.0,54.0,260.0,260.0,30776.0,30776.0,154104.0,154104.0,49961.0,49961.0,234841.0,234841.0,72597.0,72597.0,-32.0,-32.0,0.0,0.0,181.0,181.0,-776.0,-776.0,1052.0,1052.0,0.0,0.0,579.0,579.0,-90.0,-90.0,9075.0,9075.0,161269.0,161269.0,424.0,424.0
10,2014,48.0,48.0,0.0,0.0,20.0,20.0,205.0,205.0,33.0,33.0,0.0,0.0,179.0,179.0,31.0,31.0,258.0,258.0,34842.0,34842.0,176795.0,176795.0,47350.0,47350.0,258987.0,258987.0,67881.0,67881.0,-24.0,-24.0,4.0,4.0,532.0,532.0,-1203.0,-1203.0,856.0,856.0,28.0,28.0,69.0,69.0,172.0,172.0,9292.0,9292.0,151359.0,151359.0,682.0,682.0
10,2015,77.0,77.0,0.0,0.0,60.0,60.0,190.0,190.0,71.0,71.0,0.0,0.0,179.0,179.0,65.0,65.0,321.0,321.0,42662.0,42662.0,210711.0,210711.0,58673.0,58673.0,312046.0,312046.0,64697.0,64697.0,164.0,164.0,96.0,96.0,906.0,906.0,-471.0,-471.0,1363.0,1363.0,118.0,118.0,861.0,861.0,987.0,987.0,11304.0,11304.0,143952.0,143952.0,1003.0,1003.0
10,2016,247.0,247.0,0.0,0.0,109.0,109.0,461.0,461.0,177.0,177.0,0.0,0.0,330.0,330.0,170.0,170.0,747.0,747.0,53874.0,53874.0,264189.0,264189.0,89956.0,89956.0,408019.0,408019.0,62653.0,62653.0,370.0,370.0,160.0,160.0,1279.0,1279.0,470.0,470.0,1301.0,1301.0,82.0,82.0,1173.0,1173.0,1749.0,1749.0,14596.0,14596.0,140350.0,140350.0,1750.0,1750.0
10,2017,160.0,160.0,0.0,0.0,166.0,166.0,561.0,561.0,305.0,305.0,0.0,0.0,581.0,581.0,291.0,291.0,1032.0,1032.0,67892.0,67892.0,308464.0,308464.0,110246.0,110246.0,486602.0,486602.0,62390.0,62390.0,505.0,505.0,231.0,231.0,1169.0,1169.0,454.0,454.0,858.0,858.0,237.0,237.0,1231.0,1231.0,1213.0,1213.0,17545.0,17545.0,139605.0,139605.0,2782.0,2782.0
10,2018,59.0,59.0,0.0,0.0,272.0,272.0,544.0,544.0,434.0,434.0,0.0,0.0,785.0,785.0,406.0,406.0,1250.0,1250.0,84283.0,84283.0,348294.0,348294.0,122083.0,122083.0,554660.0,554660.0,62457.0,62457.0,549.0,549.0,143.0,143.0,969.0,969.0,787.0,787.0,337.0,337.0,254.0,254.0,1162.0,1162.0,779.0,779.0,20035.0,20035.0,139482.0,139482.0,4032.0,4032.0
10,2019,118.0,118.0,0.0,0.0,410.0,410.0,933.0,933.0,545.0,545.0,0.0,0.0,1255.0,1255.0,515.0,515.0,1888.0,1888.0,93232.0,93232.0,393698.0,393698.0,154029.0,154029.0,640959.0,640959.0,63478.0,63478.0,308.0,308.0,29.0,29.0,1428.0,1428.0,592.0,592.0,1118.0,1118.0,36.0,36.0,1223.0,1223.0,1672.0,1672.0,23238.0,23238.0,140588.0,140588.0,5920.0,5920.0
10,2020,128.0,128.0,3.0,3.0,679.0,679.0,886.0,886.0,635.0,635.0,0.0,0.0,1476.0,1476.0,599.0,599.0,2203.0,2203.0,102944.0,102944.0,426481.0,426481.0,190399.0,190399.0,719824.0,719824.0,66545.0,66545.0,537.0,537.0,-188.0,-188.0,1120.0,1120.0,903.0,903.0,2202.0,2202.0,125.0,125.0,1325.0,1325.0,2300.0,2300.0,27400.0,27400.0,147154.0,147154.0,8123.0,8123.0
10,2021,155.0,155.0,0.0,0.0,696.0,696.0,865.0,865.0,688.0,688.0,0.0,0.0,1438.0,1438.0,656.0,656.0,2249.0,2249.0,113086.0,113086.0,472462.0,472462.0,215363.0,215363.0,800911.0,800911.0,88963.0,88963.0,443.0,443.0,-131.0,-131.0,747.0,747.0,1551.0,1551.0,370.0,370.0,66.0,66.0,1073.0,1073.0,1087.0,1087.0,30003.0,30003.0,195507.0,195507.0,10372.0,10372.0
10,2022,126.0,126.0,0.0,0.0,800.0,800.0,944.0,944.0,690.0,690.0,2.0,2.0,1647.0,1647.0,663.0,663.0,2436.0,2436.0,110246.0,110246.0,488758.0,488758.0,237238.0,237238.0,836242.0,836242.0,126468.0,126468.0,73.0,73.0,-37.0,-37.0,504.0,504.0,578.0,578.0,1199.0,1199.0,-122.0,-122.0,825.0,825.0,1224.0,1224.0,32125.0,32125.0,275252.0,275252.0,12808.0,12808.0
10,2023,195.0,195.0,0.0,0.0,1061.0,1061.0,1167.0,1167.0,730.0,730.0,20.0,20.0,2073.0,2073.0,710.0,710.0,2978.0,2978.0,116458.0,116458.0,527806.0,527806.0,304752.0,304752.0,949016.0,949016.0,89550.0,89550.0,249.0,249.0,120.0,120.0,1675.0,1675.0,1425.0,1425.0,2421.0,2421.0,-124.0,-124.0,1651.0,1651.0,3617.0,3617.0,37642.0,37642.0,193927.0,193927.0,15786.0,15786.0
10,2024,286.0,286.0,0.0,0.0,1522.0,1522.0,1235.0,1235.0,862.0,862.0,95.0,95.0,2600.0,2600.0,828.0,828.0,3714.0,3714.0,130419.0,130419.0,562537.0,562537.0,383911.0,383911.0,1076867.0,1076867.0,76960.0,76960.0,344.0,344.0,135.0,135.0,1644.0,1644.0,1403.0,1403.0,3288.0,3288.0,-60.0,-60.0,1751.0,1751.0,4315.0,4315.0,44052.0,44052.0,167395.0,167395.0,19500.0,19500.0
10,2025,361.0,300.0,2.0,0.0,1959.0,1654.0,1540.0,786.0,1086.0,1090.0,107.0,32.0,3280.0,2178.0,1053.0,1084.0,4694.0,3562.0,143866.0,140439.0,596040.0,551597.0,458377.0,507406.0,1198283.0,1199442.0,77453.0,76941.0,463.0,460.0,131.0,311.0,1627.0,1368.0,1425.0,768.0,2837.0,2939.0,-78.0,-91.0,1715.0,-1227.0,3764.0,6062.0,49994.0,49347.0,167395.0,167395.0,24194.0,23062.0
10,2026,380.0,351.0,1.0,8.0,2607.0,1995.0,1533.0,670.0,1246.0,1230.0,57.0,4.0,3838.0,2194.0,1226.0,1362.0,5444.0,3907.0,156751.0,152383.0,628000.0,545390.0,528824.0,619450.0,1313575.0,1317223.0,77711.0,76147.0,376.0,186.0,134.0,275.0,1547.0,1658.0,791.0,396.0,3432.0,3320.0,-38.0,-61.0,1340.0,-834.0,4150.0,6236.0,55860.0,54935.0,167395.0,167395.0,29638.0,26969.0
10,2027,355.0,388.0,10.0,12.0,3234.0,2260.0,1744.0,583.0,1389.0,1393.0,6.0,5.0,4625.0,2146.0,1403.0,1719.0,6383.0,4253.0,169017.0,161174.0,658118.0,545195.0,596801.0,723012.0,1423936.0,1429381.0,76953.0,75734.0,441.0,442.0,221.0,166.0,1832.0,1607.0,1143.0,1520.0,2506.0,2666.0,-13.0,77.0,2008.0,222.0,3240.0,5372.0,61549.0,60971.0,167395.0,167395.0,36021.0,31222.0
10,2028,450.0,492.0,12.0,15.0,3886.0,2643.0,1908.0,843.0,1430.0,1435.0,9.0,3.0,5341.0,2345.0,1454.0,2102.0,7245.0,4939.0,180718.0,170065.0,686220.0,545630.0,660183.0,819362.0,1527121.0,1535057.0,78632.0,77476.0,462.0,212.0,88.0,124.0,2096.0,1451.0,1163.0,919.0,2162.0,2312.0,-12.0,-66.0,2069.0,159.0,2966.0,4369.0,67046.0,65711.0,167395.0,167395.0,43266.0,36161.0
10,2029,529.0,540.0,21.0,12.0,4641.0,3131.0,2068.0,1112.0,1708.0,1694.0,10.0,4.0,6145.0,2561.0,1774.0,2852.0,8448.0,5953.0,192675.0,178676.0,711893.0,545539.0,720588.0,911727.0,1625156.0,1635942.0,78855.0,77653.0,335.0,342.0,104.0,178.0,1930.0,1512.0,830.0,1231.0,2061.0,1646.0,2.0,47.0,1786.0,383.0,2806.0,3889.0,71973.0,70325.0,167395.0,167395.0,51714.0,42114.0
10,2030,538.0,587.0,34.0,13.0,5440.0,3596.0,2132.0,1394.0,1896.0,1904.0,9.0,6.0,6992.0,2727.0,1981.0,3599.0,9511.0,6913.0,204496.0,186801.0,735563.0,545358.0,777902.0,999264.0,1717961.0,1731423.0,79645.0,78858.0,557.0,379.0,210.0,150.0,2333.0,1612.0,735.0,1097.0,1153.0,1350.0,9.0,-10.0,2114.0,372.0,1769.0,3448.0,76413.0,74524.0,167395.0,167395.0,61225.0,49027.0
10,2031,769.0,685.0,60.0,16.0,6306.0,4256.0,2286.0,1741.0,1994.0,2016.0,12.0,7.0,7799.0,2911.0,2090.0,4440.0,10658.0,8036.0,216162.0,194474.0,756755.0,545616.0,831869.0,1081627.0,1804786.0,1821717.0,80359.0,79342.0,223.0,172.0,93.0,121.0,2025.0,1305.0,877.0,1244.0,2261.0,2011.0,10.0,22.0,1995.0,152.0,3048.0,4379.0,81679.0,79227.0,167395.0,167395.0,71883.0,57063.0
10,2032,807.0,720.0,61.0,29.0,6809.0,4617.0,2399.0,1896.0,2164.0,2185.0,14.0,5.0,8366.0,3054.0,2274.0,4958.0,11447.0,8732.0,227083.0,202615.0,775418.0,556702.0,884003.0,1146851.0,1886504.0,1906168.0,80513.0,80746.0,514.0,538.0,127.0,160.0,2441.0,1754.0,534.0,761.0,1814.0,1766.0,37.0,-2.0,2247.0,464.0,2192.0,3437.0,86632.0,83666.0,167395.0,167395.0,83330.0,65795.0
10,2033,889.0,750.0,63.0,32.0,7444.0,5148.0,2631.0,2026.0,2327.0,2348.0,5.0,3.0,9050.0,3214.0,2531.0,5593.0,12470.0,9557.0,237354.0,209031.0,792345.0,568963.0,934600.0,1210236.0,1964299.0,1988230.0,80000.0,79910.0,447.0,93.0,118.0,107.0,2405.0,1093.0,713.0,581.0,1217.0,1445.0,-17.0,-1.0,2138.0,543.0,1851.0,2589.0,91068.0,86891.0,167395.0,167395.0,95800.0,75352.0
10,2034,976.0,798.0,109.0,22.0,8036.0,5748.0,2930.0,2197.0,2544.0,2524.0,9.0,2.0,9860.0,3444.0,2792.0,6251.0,13628.0,10493.0,247476.0,214682.0,806290.0,580502.0,984138.0,1271412.0,2037904.0,2066596.0,79337.0,80063.0,474.0,196.0,208.0,142.0,2245.0,1819.0,1318.0,566.0,1050.0,991.0,32.0,25.0,2820.0,915.0,1559.0,2432.0,95921.0,90434.0,167395.0,167395.0,109428.0,85845.0
10,2035,1107.0,847.0,162.0,40.0,8769.0,6326.0,3289.0,2351.0,2420.0,2493.0,11.0,3.0,10807.0,3684.0,2737.0,6682.0,14651.0,11213.0,256868.0,220254.0,818371.0,591170.0,1033223.0,1331616.0,2108462.0,2143040.0,78882.0,79835.0,427.0,238.0,19.0,124.0,2323.0,1124.0,428.0,285.0,765.0,589.0,-33.0,28.0,1955.0,439.0,1120.0,1473.0,99423.0,92584.0,167395.0,167395.0,124079.0,97058.0
10,2036,1233.0,863.0,186.0,45.0,9208.0,6840.0,3455.0,2519.0,2591.0,2521.0,12.0,10.0,11291.0,3822.0,2928.0,7250.0,15452.0,11935.0,266075.0,225999.0,828056.0,601008.0,1080822.0,1388124.0,2174953.0,2215131.0,78804.0,80424.0,446.0,266.0,149.0,66.0,1946.0,1814.0,1259.0,656.0,748.0,1271.0,43.0,-43.0,2367.0,485.0,1332.0,3013.0,103568.0,96348.0,167395.0,167395.0,139531.0,108993.0
10,2037,1353.0,950.0,237.0,61.0,9619.0,7530.0,3860.0,2705.0,2630.0,2676.0,19.0,6.0,11926.0,4255.0,3086.0,7773.0,16365.0,12978.0,274840.0,231809.0,835932.0,612097.0,1126046.0,1439349.0,2236818.0,2283255.0,80407.0,82125.0,208.0,167.0,218.0,183.0,1475.0,1432.0,584.0,370.0,790.0,258.0,-44.0,23.0,1658.0,920.0,1157.0,1179.0,106591.0,98614.0,167395.0,167395.0,155896.0,121971.0
10,2038,1500.0,1072.0,269.0,59.0,9615.0,8031.0,3769.0,2924.0,2812.0,2795.0,20.0,6.0,11673.0,4525.0,3312.0,8218.0,16485.0,13815.0,283238.0,236941.0,842072.0,624980.0,1168639.0,1485727.0,2293949.0,2347648.0,81256.0,82841.0,377.0,239.0,171.0,100.0,1340.0,1148.0,910.0,462.0,1409.0,1291.0,55.0,14.0,1671.0,601.0,1837.0,2175.0,110476.0,101629.0,167395.0,167395.0,172381.0,135786.0
10,2039,1619.0,1133.0,285.0,51.0,9838.0,8634.0,4138.0,3145.0,2884.0,2865.0,17.0,7.0,12083.0,4926.0,3460.0,8643.0,17162.0,14702.0,290954.0,242088.0,846412.0,637604.0,1209748.0,1529324.0,2347114.0,2409016.0,81681.0,83126.0,762.0,193.0,30.0,173.0,2151.0,869.0,782.0,413.0,587.0,1266.0,-9.0,19.0,1769.0,822.0,1010.0,1725.0,114017.0,104369.0,167395.0,167395.0,189543.0,150488.0
10,2040,1714.0,1074.0,379.0,82.0,9756.0,8772.0,4251.0,3305.0,3053.0,3152.0,8.0,5.0,12053.0,5182.0,3680.0,9060.0,17447.0,15316.0,298184.0,246489.0,849873.0,649609.0,1248990.0,1570652.0,2397047.0,2466750.0,81738.0,83675.0,183.0,326.0,224.0,141.0,662.0,1496.0,834.0,617.0,1455.0,831.0,0.0,0.0,980.0,699.0,2012.0,2060.0,117192.0,107454.0,167395.0,167395.0,206990.0,165804.0
11,2009,0.0,0.0,0.0,0.0,0.0,0.0,0.0,0.0,0.0,0.0,0.0,0.0,0.0,0.0,0.0,0.0,0.0,0.0,38356.0,38356.0,93285.0,93285.0,73573.0,73573.0,205214.0,205214.0,63868.0,63868.0,1686.0,1686.0,0.0,0.0,513.0,513.0,7808.0,7808.0,7.0,7.0,0.0,0.0,2665.0,2665.0,3977.0,3977.0,8328.0,8328.0,140986.0,140986.0,0.0,0.0
11,2010,0.0,0.0,0.0,0.0,0.0,0.0,0.0,0.0,0.0,0.0,0.0,0.0,0.0,0.0,0.0,0.0,0.0,0.0,35961.0,35961.0,106542.0,106542.0,66797.0,66797.0,209300.0,209300.0,68286.0,68286.0,-38.0,-38.0,0.0,0.0,241.0,241.0,-336.0,-336.0,71.0,71.0,0.0,0.0,282.0,282.0,-268.0,-268.0,8304.0,8304.0,150263.0,150263.0,0.0,0.0
11,2011,0.0,0.0,0.0,0.0,0.0,0.0,29.0,29.0,0.0,0.0,0.0,0.0,2.0,2.0,27.0,27.0,29.0,29.0,32798.0,32798.0,125135.0,125135.0,63423.0,63423.0,221356.0,221356.0,63186.0,63186.0,-36.0,-36.0,0.0,0.0,478.0,478.0,-387.0,-387.0,293.0,293.0,0.0,0.0,514.0,514.0,-94.0,-94.0,8688.0,8688.0,139300.0,139300.0,29.0,29.0
11,2012,27.0,27.0,0.0,0.0,2.0,2.0,137.0,137.0,3.0,3.0,0.0,0.0,43.0,43.0,72.0,72.0,142.0,142.0,32184.0,32184.0,141104.0,141104.0,55842.0,55842.0,229130.0,229130.0,65154.0,65154.0,-53.0,-53.0,0.0,0.0,461.0,461.0,-799.0,-799.0,445.0,445.0,0.0,0.0,511.0,511.0,-351.0,-351.0,8795.0,8795.0,144647.0,144647.0,171.0,171.0
11,2013,56.0,56.0,0.0,0.0,1.0,1.0,237.0,237.0,12.0,12.0,0.0,0.0,144.0,144.0,50.0,50.0,250.0,250.0,30967.0,30967.0,153603.0,153603.0,49468.0,49468.0,234038.0,234038.0,72632.0,72632.0,16.0,16.0,0.0,0.0,125.0,125.0,-1050.0,-1050.0,1165.0,1165.0,0.0,0.0,158.0,158.0,66.0,66.0,9035.0,9035.0,161269.0,161269.0,421.0,421.0
11,2014,44.0,44.0,0.0,0.0,23.0,23.0,227.0,227.0,25.0,25.0,0.0,0.0,205.0,205.0,26.0,26.0,275.0,275.0,35078.0,35078.0,176212.0,176212.0,47288.0,47288.0,258578.0,258578.0,67729.0,67729.0,-110.0,-110.0,1.0,1.0,536.0,536.0,-1236.0,-1236.0,691.0,691.0,23.0,23.0,147.0,147.0,-22.0,-22.0,9050.0,9050.0,151359.0,151359.0,696.0,696.0
11,2015,91.0,91.0,0.0,0.0,39.0,39.0,214.0,214.0,95.0,95.0,0.0,0.0,164.0,164.0,93.0,93.0,348.0,348.0,43014.0,43014.0,210335.0,210335.0,58603.0,58603.0,311952.0,311952.0,64599.0,64599.0,205.0,205.0,74.0,74.0,754.0,754.0,-294.0,-294.0,1412.0,1412.0,91.0,91.0,812.0,812.0,1020.0,1020.0,11087.0,11087.0,143952.0,143952.0,1044.0,1044.0
11,2016,235.0,235.0,0.0,0.0,109.0,109.0,447.0,447.0,181.0,181.0,0.0,0.0,334.0,334.0,168.0,168.0,737.0,737.0,54201.0,54201.0,263647.0,263647.0,89914.0,89914.0,407762.0,407762.0,62687.0,62687.0,412.0,412.0,190.0,190.0,1348.0,1348.0,440.0,440.0,1531.0,1531.0,129.0,129.0,1261.0,1261.0,1965.0,1965.0,14725.0,14725.0,140350.0,140350.0,1781.0,1781.0
11,2017,142.0,142.0,0.0,0.0,178.0,178.0,497.0,497.0,267.0,267.0,0.0,0.0,550.0,550.0,250.0,250.0,942.0,942.0,68161.0,68161.0,307765.0,307765.0,110303.0,110303.0,486229.0,486229.0,62677.0,62677.0,497.0,497.0,231.0,231.0,1130.0,1130.0,387.0,387.0,682.0,682.0,219.0,219.0,1095.0,1095.0,1057.0,1057.0,17374.0,17374.0,139605.0,139605.0,2723.0,2723.0
11,2018,45.0,45.0,0.0,0.0,273.0,273.0,511.0,511.0,410.0,410.0,0.0,0.0,759.0,759.0,390.0,390.0,1194.0,1194.0,84576.0,84576.0,347452.0,347452.0,122380.0,122380.0,554408.0,554408.0,62294.0,62294.0,573.0,573.0,175.0,175.0,1193.0,1193.0,742.0,742.0,322.0,322.0,271.0,271.0,1398.0,1398.0,732.0,732.0,20077.0,20077.0,139482.0,139482.0,3917.0,3917.0
11,2019,125.0,125.0,0.0,0.0,406.0,406.0,937.0,937.0,545.0,545.0,0.0,0.0,1235.0,1235.0,528.0,528.0,1888.0,1888.0,93126.0,93126.0,393439.0,393439.0,153961.0,153961.0,640526.0,640526.0,63442.0,63442.0,365.0,365.0,-24.0,-24.0,1314.0,1314.0,705.0,705.0,1314.0,1314.0,69.0,69.0,1072.0,1072.0,1941.0,1941.0,23455.0,23455.0,140588.0,140588.0,5805.0,5805.0
11,2020,113.0,113.0,2.0,2.0,664.0,664.0,855.0,855.0,653.0,653.0,0.0,0.0,1451.0,1451.0,610.0,610.0,2174.0,2174.0,102609.0,102609.0,426518.0,426518.0,190660.0,190660.0,719787.0,719787.0,66633.0,66633.0,455.0,455.0,-172.0,-172.0,1197.0,1197.0,633.0,633.0,1751.0,1751.0,52.0,52.0,1196.0,1196.0,1810.0,1810.0,26916.0,26916.0,147154.0,147154.0,7979.0,7979.0
11,2021,145.0,145.0,0.0,0.0,756.0,756.0,907.0,907.0,707.0,707.0,0.0,0.0,1553.0,1553.0,672.0,672.0,2370.0,2370.0,112761.0,112761.0,472429.0,472429.0,215555.0,215555.0,800745.0,800745.0,88917.0,88917.0,333.0,333.0,-106.0,-106.0,684.0,684.0,1982.0,1982.0,633.0,633.0,69.0,69.0,1574.0,1574.0,1355.0,1355.0,30178.0,30178.0,195507.0,195507.0,10349.0,10349.0
11,2022,116.0,116.0,0.0,0.0,763.0,763.0,939.0,939.0,676.0,676.0,2.0,2.0,1617.0,1617.0,647.0,647.0,2380.0,2380.0,110286.0,110286.0,488736.0,488736.0,237329.0,237329.0,836351.0,836351.0,126603.0,126603.0,68.0,68.0,-67.0,-67.0,412.0,412.0,282.0,282.0,1023.0,1023.0,-113.0,-113.0,397.0,397.0,1072.0,1072.0,31715.0,31715.0,275252.0,275252.0,12729.0,12729.0
11,2023,190.0,190.0,0.0,0.0,1122.0,1122.0,1200.0,1200.0,700.0,700.0,20.0,20.0,2172.0,2172.0,680.0,680.0,3042.0,3042.0,116701.0,116701.0,527725.0,527725.0,304429.0,304429.0,948855.0,948855.0,89582.0,89582.0,308.0,308.0,167.0,167.0,1896.0,1896.0,1460.0,1460.0,2783.0,2783.0,-141.0,-141.0,1901.0,1901.0,3956.0,3956.0,37880.0,37880.0,193927.0,193927.0,15771.0,15771.0
11,2024,289.0,289.0,0.0,0.0,1517.0,1517.0,1204.0,1204.0,930.0,930.0,98.0,98.0,2565.0,2565.0,895.0,895.0,3749.0,3749.0,130658.0,130658.0,563201.0,563201.0,382899.0,382899.0,1076758.0,1076758.0,77142.0,77142.0,443.0,443.0,155.0,155.0,1430.0,1430.0,1339.0,1339.0,3067.0,3067.0,-53.0,-53.0,1450.0,1450.0,4045.0,4045.0,43818.0,43818.0,167395.0,167395.0,19520.0,19520.0
11,2025,364.0,321.0,1.0,0.0,2036.0,1690.0,1539.0,800.0,1110.0,1116.0,115.0,49.0,3339.0,2212.0,1098.0,1122.0,4801.0,3655.0,143922.0,140733.0,596753.0,552335.0,457629.0,506419.0,1198304.0,1199487.0,77337.0,76924.0,480.0,351.0,115.0,279.0,1535.0,1562.0,1382.0,508.0,3152.0,3078.0,-22.0,-35.0,1795.0,-1068.0,3887.0,6109.0,49980.0,49210.0,167395.0,167395.0,24321.0,23175.0
11,2026,376.0,371.0,1.0,5.0,2567.0,1951.0,1537.0,679.0,1261.0,1255.0,51.0,3.0,3775.0,2125.0,1266.0,1397.0,5417.0,3893.0,156662.0,152576.0,629119.0,546350.0,528427.0,618912.0,1314208.0,1317838.0,77370.0,75970.0,314.0,343.0,121.0,189.0,1582.0,1228.0,927.0,963.0,3051.0,2988.0,-72.0,-36.0,1209.0,-917.0,4086.0,5906.0,55589.0,54542.0,167395.0,167395.0,29738.0,27068.0
11,2027,371.0,418.0,8.0,9.0,3280.0,2386.0,1764.0,599.0,1400.0,1379.0,5.0,6.0,4703.0,2286.0,1383.0,1675.0,6457.0,4379.0,169112.0,161052.0,659211.0,546382.0,596086.0,722968.0,1424409.0,1430402.0,76807.0,75536.0,522.0,535.0,139.0,111.0,2124.0,2190.0,1206.0,1280.0,2799.0,2630.0,-2.0,10.0,2230.0,451.0,3514.0,5235.0,61855.0,60763.0,167395.0,167395.0,36195.0,31447.0
11,2028,494.0,535.0,10.0,9.0,3965.0,2636.0,1860.0,851.0,1542.0,1574.0,8.0,6.0,5319.0,2300.0,1572.0,2241.0,7385.0,5076.0,181200.0,170095.0,687727.0,546808.0,659239.0,819431.0,1528166.0,1536334.0,78495.0,77404.0,324.0,246.0,128.0,210.0,1661.0,1068.0,1032.0,1176.0,1937.0,2342.0,-2.0,-32.0,1754.0,12.0,2678.0,4506.0,66611.0,65527.0,167395.0,167395.0,43580.0,36523.0
11,2029,530.0,535.0,21.0,15.0,4806.0,3304.0,2069.0,1076.0,1743.0,1685.0,7.0,3.0,6321.0,2704.0,1795.0,2844.0,8646.0,6083.0,193296.0,178909.0,713619.0,546849.0,719281.0,911129.0,1626196.0,1636887.0,79019.0,77712.0,559.0,148.0,145.0,114.0,2268.0,1754.0,852.0,1225.0,1982.0,1967.0,-44.0,11.0,1950.0,438.0,2694.0,4485.0,71814.0,70598.0,167395.0,167395.0,52226.0,42606.0
11,2030,533.0,552.0,34.0,18.0,5518.0,3597.0,2185.0,1387.0,1970.0,2015.0,8.0,2.0,7135.0,2775.0,2047.0,3692.0,9715.0,7019.0,205286.0,187232.0,737270.0,547074.0,776393.0,998325.0,1718949.0,1732631.0,79487.0,78663.0,206.0,157.0,118.0,219.0,1975.0,1091.0,994.0,966.0,1707.0,1590.0,15.0,-8.0,2113.0,-58.0,2490.0,3759.0,76623.0,74456.0,167395.0,167395.0,61941.0,49625.0
11,2031,715.0,636.0,50.0,15.0,6261.0,4220.0,2303.0,1717.0,2097.0,2127.0,6.0,4.0,7805.0,2941.0,2197.0,4506.0,10717.0,8083.0,216357.0,194287.0,758202.0,547279.0,831168.0,1081755.0,1805727.0,1823321.0,80381.0,79155.0,581.0,525.0,157.0,154.0,2664.0,1548.0,584.0,873.0,1635.0,1916.0,41.0,71.0,2501.0,315.0,1999.0,3722.0,81704.0,79018.0,167395.0,167395.0,72658.0,57708.0
11,2032,856.0,744.0,60.0,21.0,6891.0,4725.0,2411.0,1950.0,2059.0,2089.0,11.0,6.0,8402.0,3082.0,2174.0,4965.0,11432.0,8791.0,227460.0,202548.0,777373.0,558657.0,883375.0,1146815.0,1888208.0,1908020.0,80216.0,80862.0,215.0,218.0,89.0,67.0,2063.0,1597.0,698.0,875.0,1640.0,1792.0,-28.0,-47.0,1926.0,769.0,2321.0,3297.0,86166.0,83302.0,167395.0,167395.0,84090.0,66499.0
11,2033,880.0,718.0,65.0,23.0,7745.0,5283.0,2671.0,2086.0,2278.0,2250.0,10.0,5.0,9426.0,3352.0,2463.0,5577.0,12769.0,9647.0,238156.0,209383.0,794090.0,570254.0,934438.0,1211312.0,1966684.0,1990949.0,79715.0,79691.0,632.0,273.0,161.0,207.0,2140.0,1361.0,861.0,598.0,1302.0,780.0,42.0,-5.0,2079.0,517.0,1795.0,2151.0,90672.0,86243.0,167395.0,167395.0,96859.0,76146.0
11,2034,1006.0,772.0,105.0,31.0,8201.0,5922.0,2970.0,2240.0,2588.0,2592.0,15.0,7.0,10026.0,3545.0,2847.0,6475.0,13879.0,10792.0,248109.0,215047.0,808516.0,581623.0,984959.0,1273039.0,2041584.0,2069709.0,78976.0,80019.0,436.0,157.0,87.0,127.0,2409.0,1667.0,873.0,717.0,924.0,1305.0,22.0,25.0,2380.0,834.0,1499.0,2850.0,94987.0,90084.0,167395.0,167395.0,110738.0,86938.0
11,2035,1182.0,894.0,159.0,40.0,8966.0,6537.0,3297.0,2357.0,2626.0,2551.0,7.0,1.0,10961.0,3766.0,2912.0,6826.0,15055.0,11486.0,257365.0,220613.0,820659.0,592488.0,1033672.0,1332649.0,2111696.0,2145750.0,79143.0,79499.0,474.0,181.0,248.0,148.0,2100.0,1426.0,824.0,558.0,1476.0,1115.0,-27.0,-8.0,2417.0,540.0,1730.0,2518.0,99608.0,93323.0,167395.0,167395.0,125793.0,98424.0
11,2036,1272.0,887.0,193.0,43.0,9354.0,7002.0,3429.0,2550.0,2626.0,2552.0,17.0,7.0,11353.0,3933.0,2994.0,7334.0,15619.0,12154.0,266083.0,226398.0,831232.0,602521.0,1081088.0,1389642.0,2178403.0,2218561.0,79155.0,80241.0,367.0,297.0,118.0,154.0,1708.0,1488.0,1108.0,314.0,415.0,521.0,44.0,11.0,1680.0,418.0,1346.0,1773.0,103001.0,95811.0,167395.0,167395.0,141412.0,110578.0
11,2037,1422.0,967.0,229.0,50.0,9718.0,7474.0,3822.0,2761.0,2698.0,2774.0,9.0,9.0,11929.0,4231.0,3125.0,7870.0,16476.0,13068.0,275115.0,232129.0,838783.0,613897.0,1125751.0,1439895.0,2239649.0,2285921.0,80388.0,82121.0,212.0,175.0,44.0,97.0,2033.0,1386.0,857.0,615.0,1337.0,1474.0,-43.0,-1.0,2680.0,644.0,1336.0,2752.0,107229.0,99382.0,167395.0,167395.0,157888.0,123646.0
11,2038,1566.0,1098.0,265.0,52.0,9737.0,8055.0,3888.0,2956.0,2705.0,2744.0,9.0,8.0,11835.0,4586.0,3203.0,8131.0,16604.0,13815.0,283605.0,237619.0,844551.0,626751.0,1168162.0,1485875.0,2296318.0,2350245.0,81396.0,82649.0,626.0,197.0,274.0,55.0,1861.0,1495.0,568.0,88.0,872.0,864.0,-6.0,6.0,1475.0,829.0,1468.0,1482.0,110798.0,101890.0,167395.0,167395.0,174492.0,137461.0
11,2039,1582.0,1033.0,286.0,61.0,9731.0,8515.0,4159.0,3123.0,2904.0,3017.0,14.0,5.0,12056.0,4830.0,3456.0,8858.0,17094.0,14721.0,291378.0,242542.0,849187.0,639062.0,1209277.0,1529005.0,2349842.0,2410609.0,81313.0,83377.0,292.0,368.0,141.0,134.0,1245.0,1196.0,911.0,808.0,884.0,1007.0,47.0,87.0,1520.0,1020.0,1416.0,1844.0,114026.0,105122.0,167395.0,167395.0,191586.0,152182.0
11,2040,1721.0,1174.0,380.0,84.0,9649.0,8820.0,4297.0,3230.0,2983.0,3057.0,13.0,7.0,12008.0,5066.0,3593.0,8958.0,17322.0,15198.0,298601.0,246842.0,852956.0,650945.0,1248552.0,1570845.0,2400109.0,2468632.0,81596.0,83581.0,505.0,235.0,106.0,179.0,1082.0,1321.0,643.0,298.0,1121.0,427.0,22.0,-88.0,1023.0,840.0,1446.0,1062.0,117000.0,107259.0,167395.0,167395.0,208908.0,167380.0
12,2009,0.0,0.0,0.0,0.0,0.0,0.0,0.0,0.0,0.0,0.0,0.0,0.0,0.0,0.0,0.0,0.0,0.0,0.0,38310.0,38310.0,93315.0,93315.0,73649.0,73649.0,205274.0,205274.0,64002.0,64002.0,1680.0,1680.0,0.0,0.0,525.0,525.0,7609.0,7609.0,0.0,0.0,0.0,0.0,2488.0,2488.0,3966.0,3966.0,8134.0,8134.0,140986.0,140986.0,0.0,0.0
12,2010,0.0,0.0,0.0,0.0,0.0,0.0,0.0,0.0,0.0,0.0,0.0,0.0,0.0,0.0,0.0,0.0,0.0,0.0,35872.0,35872.0,106725.0,106725.0,66825.0,66825.0,209422.0,209422.0,68131.0,68131.0,15.0,15.0,0.0,0.0,292.0,292.0,-114.0,-114.0,85.0,85.0,0.0,0.0,520.0,520.0,-272.0,-272.0,8397.0,8397.0,150263.0,150263.0,0.0,0.0
12,2011,0.0,0.0,0.0,0.0,0.0,0.0,31.0,31.0,0.0,0.0,0.0,0.0,0.0,0.0,31.0,31.0,31.0,31.0,32678.0,32678.0,125377.0,125377.0,63362.0,63362.0,221417.0,221417.0,63404.0,63404.0,-131.0,-131.0,0.0,0.0,373.0,373.0,-534.0,-534.0,295.0,295.0,0.0,0.0,369.0,369.0,-104.0,-104.0,8531.0,8531.0,139300.0,139300.0,31.0,31.0
12,2012,38.0,38.0,0.0,0.0,1.0,1.0,127.0,127.0,1.0,1.0,0.0,0.0,27.0,27.0,64.0,64.0,129.0,129.0,32135.0,32135.0,141178.0,141178.0,56219.0,56219.0,229532.0,229532.0,65031.0,65031.0,19.0,19.0,0.0,0.0,388.0,388.0,-806.0,-806.0,464.0,464.0,0.0,0.0,395.0,395.0,-368.0,-368.0,8577.0,8577.0,144647.0,144647.0,160.0,160.0
12,2013,46.0,46.0,0.0,0.0,4.0,4.0,203.0,203.0,13.0,13.0,0.0,0.0,121.0,121.0,53.0,53.0,220.0,220.0,30822.0,30822.0,154025.0,154025.0,49684.0,49684.0,234531.0,234531.0,72526.0,72526.0,-13.0,-13.0,0.0,0.0,161.0,161.0,-846.0,-846.0,1158.0,1158.0,0.0,0.0,328.0,328.0,158.0,158.0,9050.0,9050.0,161269.0,161269.0,380.0,380.0
12,2014,50.0,50.0,0.0,0.0,22.0,22.0,218.0,218.0,38.0,38.0,0.0,0.0,189.0,189.0,39.0,39.0,278.0,278.0,34694.0,34694.0,176730.0,176730.0,46980.0,46980.0,258404.0,258404.0,68196.0,68196.0,-43.0,-43.0,1.0,1.0,641.0,641.0,-1186.0,-1186.0,716.0,716.0,28.0,28.0,201.0,201.0,42.0,42.0,9250.0,9250.0,151359.0,151359.0,658.0,658.0
12,2015,98.0,98.0,0.0,0.0,60.0,60.0,216.0,216.0,78.0,78.0,0.0,0.0,179.0,179.0,77.0,77.0,354.0,354.0,42499.0,42499.0,210511.0,210511.0,58474.0,58474.0,311484.0,311484.0,64757.0,64757.0,142.0,142.0,88.0,88.0,771.0,771.0,-321.0,-321.0,1333.0,1333.0,102.0,102.0,900.0,900.0,931.0,931.0,11223.0,11223.0,143952.0,143952.0,1012.0,1012.0
12,2016,223.0,223.0,0.0,0.0,107.0,107.0,438.0,438.0,161.0,161.0,0.0,0.0,331.0,331.0,152.0,152.0,706.0,706.0,53620.0,53620.0,264094.0,264094.0,89574.0,89574.0,407288.0,407288.0,62857.0,62857.0,353.0,353.0,146.0,146.0,1328.0,1328.0,368.0,368.0,1401.0,1401.0,95.0,95.0,1246.0,1246.0,1739.0,1739.0,14561.0,14561.0,140350.0,140350.0,1718.0,1718.0
12,2017,148.0,148.0,0.0,0.0,152.0,152.0,507.0,507.0,275.0,275.0,0.0,0.0,521.0,521.0,265.0,265.0,934.0,934.0,67756.0,67756.0,308308.0,308308.0,109557.0,109557.0,485621.0,485621.0,62597.0,62597.0,576.0,576.0,284.0,284.0,1205.0,1205.0,447.0,447.0,898.0,898.0,193.0,193.0,1163.0,1163.0,1288.0,1288.0,17588.0,17588.0,139605.0,139605.0,2652.0,2652.0
12,2018,37.0,37.0,0.0,0.0,282.0,282.0,551.0,551.0,420.0,420.0,0.0,0.0,822.0,822.0,394.0,394.0,1253.0,1253.0,84359.0,84359.0,348111.0,348111.0,121308.0,121308.0,553778.0,553778.0,62579.0,62579.0,453.0,453.0,91.0,91.0,989.0,989.0,656.0,656.0,198.0,198.0,292.0,292.0,1104.0,1104.0,669.0,669.0,19814.0,19814.0,139482.0,139482.0,3905.0,3905.0
12,2019,137.0,137.0,0.0,0.0,472.0,472.0,893.0,893.0,527.0,527.0,0.0,0.0,1248.0,1248.0,507.0,507.0,1892.0,1892.0,92791.0,92791.0,393837.0,393837.0,153374.0,153374.0,640002.0,640002.0,63431.0,63431.0,475.0,475.0,-7.0,-7.0,1478.0,1478.0,676.0,676.0,1376.0,1376.0,23.0,23.0,1262.0,1262.0,1809.0,1809.0,23360.0,23360.0,140588.0,140588.0,5797.0,5797.0
12,2020,121.0,121.0,1.0,1.0,643.0,643.0,865.0,865.0,698.0,698.0,0.0,0.0,1424.0,1424.0,662.0,662.0,2207.0,2207.0,102514.0,102514.0,426508.0,426508.0,190191.0,190191.0,719213.0,719213.0,66615.0,66615.0,368.0,368.0,-162.0,-162.0,937.0,937.0,944.0,944.0,1798.0,1798.0,107.0,107.0,1102.0,1102.0,2154.0,2154.0,26984.0,26984.0,147154.0,147154.0,8004.0,8004.0
12,2021,154.0,154.0,0.0,0.0,797.0,797.0,899.0,899.0,696.0,696.0,0.0,0.0,1579.0,1579.0,659.0,659.0,2392.0,2392.0,112571.0,112571.0,472070.0,472070.0,215429.0,215429.0,800070.0,800070.0,89010.0,89010.0,653.0,653.0,-74.0,-74.0,936.0,936.0,1778.0,1778.0,454.0,454.0,108.0,108.0,1587.0,1587.0,962.0,962.0,30186.0,30186.0,195507.0,195507.0,10396.0,10396.0
12,2022,116.0,116.0,0.0,0.0,799.0,799.0,871.0,871.0,688.0,688.0,7.0,7.0,1589.0,1589.0,660.0,660.0,2365.0,2365.0,109937.0,109937.0,488213.0,488213.0,237032.0,237032.0,835182.0,835182.0,126692.0,126692.0,-78.0,-78.0,-59.0,-59.0,610.0,610.0,179.0,179.0,1289.0,1289.0,-85.0,-85.0,567.0,567.0,1445.0,1445.0,32120.0,32120.0,275252.0,275252.0,12761.0,12761.0
12,2023,150.0,150.0,0.0,0.0,1067.0,1067.0,1163.0,1163.0,764.0,764.0,18.0,18.0,2130.0,2130.0,732.0,732.0,3012.0,3012.0,116183.0,116183.0,527142.0,527142.0,304745.0,304745.0,948070.0,948070.0,89322.0,89322.0,155.0,155.0,148.0,148.0,1549.0,1549.0,1323.0,1323.0,2775.0,2775.0,-159.0,-159.0,1586.0,1586.0,3895.0,3895.0,37756.0,37756.0,193927.0,193927.0,15773.0,15773.0
12,2024,266.0,266.0,0.0,0.0,1534.0,1534.0,1179.0,1179.0,923.0,923.0,90.0,90.0,2559.0,2559.0,901.0,901.0,3726.0,3726.0,129977.0,129977.0,562317.0,562317.0,383632.0,383632.0,1075926.0,1075926.0,77422.0,77422.0,330.0,330.0,103.0,103.0,1385.0,1385.0,1436.0,1436.0,2955.0,2955.0,-50.0,-50.0,1661.0,1661.0,3838.0,3838.0,43585.0,43585.0,167395.0,167395.0,19499.0,19499.0
12,2025,381.0,324.0,3.0,0.0,2127.0,1760.0,1561.0,813.0,1111.0,1113.0,106.0,36.0,3441.0,2275.0,1086.0,1123.0,4908.0,3722.0,143465.0,140100.0,595846.0,551572.0,458846.0,507472.0,1198157.0,1199144.0,77125.0,76732.0,477.0,458.0,179.0,322.0,1541.0,1584.0,1365.0,645.0,2925.0,2896.0,-88.0,-119.0,1607.0,-1297.0,3838.0,6167.0,49507.0,48913.0,167395.0,167395.0,24407.0,23221.0
12,2026,391.0,391.0,5.0,8.0,2575.0,1963.0,1559.0,673.0,1249.0,1224.0,48.0,3.0,3814.0,2104.0,1231.0,1376.0,5436.0,3871.0,156257.0,152388.0,628225.0,545494.0,529213.0,618926.0,1313695.0,1316808.0,77734.0,76155.0,601.0,309.0,57.0,202.0,1872.0,1722.0,1119.0,964.0,3015.0,3266.0,21.0,-23.0,1432.0,-526.0,4051.0,6348.0,55591.0,55044.0,167395.0,167395.0,29843.0,27092.0
12,2027,386.0,426.0,10.0,14.0,3166.0,2271.0,1725.0,588.0,1431.0,1426.0,6.0,11.0,4523.0,2141.0,1429.0,1743.0,6338.0,4310.0,168763.0,161068.0,658630.0,545741.0,597042.0,722793.0,1424435.0,1429602.0,76820.0,75677.0,266.0,384.0,196.0,211.0,1842.0,1435.0,974.0,1260.0,2784.0,2379.0,-84.0,63.0,1960.0,12.0,3486.0,4952.0,61303.0,60392.0,167395.0,167395.0,36181.0,31402.0
12,2028,446.0,472.0,12.0,11.0,3823.0,2580.0,1896.0,791.0,1438.0,1395.0,8.0,8.0,5279.0,2275.0,1452.0,2038.0,7177.0,4785.0,181049.0,170347.0,686403.0,545648.0,660317.0,819165.0,1527769.0,1535160.0,78549.0,77425.0,518.0,392.0,150.0,68.0,1833.0,1555.0,1366.0,1149.0,2359.0,2732.0,-31.0,-16.0,1991.0,124.0,3168.0,4972.0,66980.0,65880.0,167395.0,167395.0,43358.0,36187.0
12,2029,490.0,515.0,27.0,14.0,4556.0,3096.0,1948.0,1008.0,1716.0,1725.0,7.0,4.0,6011.0,2558.0,1753.0,2774.0,8254.0,5847.0,192714.0,178683.0,711803.0,545343.0,720809.0,911726.0,1625326.0,1635752.0,79109.0,77768.0,487.0,271.0,158.0,222.0,2162.0,1238.0,652.0,1224.0,2212.0,1940.0,33.0,-1.0,1950.0,332.0,2780.0,4020.0,72197.0,70503.0,167395.0,167395.0,51612.0,42034.0
12,2030,528.0,538.0,41.0,23.0,5497.0,3642.0,2116.0,1400.0,1906.0,1905.0,6.0,6.0,7054.0,2770.0,1984.0,3668.0,9566.0,6976.0,204044.0,186724.0,735538.0,545399.0,778365.0,999123.0,1717947.0,1731246.0,79741.0,78688.0,379.0,280.0,113.0,142.0,2258.0,1746.0,883.0,1028.0,1073.0,1271.0,-23.0,-9.0,2135.0,370.0,1790.0,3528.0,76501.0,74681.0,167395.0,167395.0,61178.0,49010.0
12,2031,738.0,667.0,35.0,26.0,6133.0,4174.0,2277.0,1739.0,2035.0,2013.0,9.0,3.0,7608.0,2919.0,2143.0,4369.0,10489.0,7955.0,215242.0,193779.0,757043.0,546044.0,832914.0,1082163.0,1805199.0,1821986.0,79909.0,79035.0,404.0,327.0,118.0,138.0,2360.0,1317.0,678.0,1219.0,2008.0,1725.0,37.0,8.0,2045.0,104.0,2752.0,3976.0,81702.0,79088.0,167395.0,167395.0,71667.0,56965.0
12,2032,853.0,774.0,56.0,23.0,6967.0,4660.0,2508.0,2014.0,2212.0,2163.0,13.0,5.0,8545.0,3064.0,2358.0,5027.0,11756.0,8865.0,226249.0,202243.0,776464.0,557542.0,884891.0,1147148.0,1887604.0,1906933.0,80316.0,80703.0,211.0,155.0,67.0,161.0,1834.0,1372.0,701.0,686.0,1826.0,1891.0,12.0,15.0,2000.0,651.0,2229.0,3319.0,86142.0,83213.0,167395.0,167395.0,83423.0,65830.0
12,2033,857.0,788.0,56.0,24.0,7740.0,5343.0,2583.0,2127.0,2348.0,2287.0,6.0,8.0,9378.0,3349.0,2498.0,5652.0,12733.0,9789.0,236628.0,208731.0,793365.0,569118.0,935763.0,1211322.0,1965756.0,1989171.0,79593.0,79817.0,670.0,335.0,191.0,125.0,2754.0,1656.0,798.0,579.0,1221.0,1232.0,12.0,3.0,2433.0,697.0,1873.0,2563.0,91118.0,86808.0,167395.0,167395.0,96156.0,75619.0
12,2034,976.0,775.0,93.0,35.0,8211.0,5843.0,2982.0,2270.0,2513.0,2518.0,13.0,6.0,10049.0,3530.0,2787.0,6367.0,13812.0,10672.0,246773.0,214485.0,807236.0,580565.0,985735.0,1273208.0,2039744.0,2068258.0,79328.0,79836.0,319.0,210.0,159.0,107.0,2315.0,1723.0,1011.0,440.0,959.0,835.0,-15.0,27.0,2604.0,727.0,1506.0,2195.0,95547.0,89940.0,167395.0,167395.0,109968.0,86291.0
12,2035,1116.0,849.0,152.0,42.0,8769.0,6276.0,3295.0,2436.0,2577.0,2522.0,16.0,7.0,10776.0,3664.0,2917.0,6770.0,14809.0,11283.0,256341.0,220034.0,819295.0,591188.0,1034457.0,1333225.0,2110093.0,2144447.0,79128.0,79579.0,322.0,247.0,130.0,208.0,1807.0,1512.0,1127.0,456.0,746.0,995.0,29.0,-16.0,2244.0,666.0,1273.0,2242.0,99386.0,93095.0,167395.0,167395.0,124777.0,97574.0
12,2036,1224.0,923.0,182.0,32.0,9199.0,6820.0,3532.0,2679.0,2589.0,2562.0,20.0,8.0,11286.0,3811.0,3012.0,7367.0,15522.0,12101.0,265776.0,226106.0,828974.0,600721.0,1081978.0,1390183.0,2176728.0,2217010.0,79268.0,80341.0,369.0,321.0,98.0,45.0,1834.0,1205.0,811.0,597.0,873.0,1036.0,-42.0,-19.0,1935.0,221.0,1270.0,2322.0,102960.0,95959.0,167395.0,167395.0,140299.0,109675.0
12,2037,1390.0,1003.0,215.0,55.0,9730.0,7546.0,3881.0,2722.0,2669.0,2691.0,21.0,6.0,12032.0,4190.0,3094.0,7827.0,16516.0,13020.0,274587.0,231623.0,836732.0,612133.0,1127151.0,1441081.0,2238470.0,2284837.0,80449.0,82435.0,418.0,138.0,102.0,160.0,2042.0,1476.0,541.0,355.0,949.0,626.0,78.0,25.0,2124.0,815.0,1170.0,1689.0,106672.0,98601.0,167395.0,167395.0,156815.0,122695.0
12,2038,1504.0,1061.0,286.0,65.0,9750.0,8095.0,3851.0,2868.0,2792.0,2769.0,13.0,2.0,11879.0,4592.0,3309.0,8146.0,16692.0,13799.0,282735.0,236394.0,842831.0,625238.0,1169569.0,1487645.0,2295135.0,2349277.0,81467.0,82800.0,588.0,473.0,200.0,109.0,1934.0,1431.0,908.0,460.0,1027.0,1032.0,-10.0,-10.0,1828.0,827.0,1643.0,1722.0,110731.0,101623.0,167395.0,167395.0,173507.0,136494.0
12,2039,1645.0,1030.0,304.0,57.0,9744.0,8552.0,4249.0,3135.0,2979.0,2946.0,18.0,3.0,12112.0,4912.0,3537.0,8751.0,17294.0,14693.0,290343.0,241183.0,847329.0,638181.0,1210982.0,1530679.0,2348654.0,2410043.0,81356.0,83209.0,540.0,37.0,220.0,215.0,1256.0,1250.0,845.0,235.0,943.0,1550.0,-7.0,15.0,1449.0,678.0,1268.0,2550.0,113988.0,104888.0,167395.0,167395.0,190801.0,151187.0
12,2040,1755.0,1106.0,373.0,62.0,9828.0,8960.0,4267.0,3166.0,3033.0,3033.0,14.0,4.0,12109.0,5151.0,3651.0,8968.0,17515.0,15225.0,298053.0,245940.0,850263.0,649537.0,1250841.0,1572301.0,2399157.0,2467778.0,81516.0,83634.0,175.0,226.0,139.0,-29.0,1020.0,1330.0,669.0,696.0,1017.0,592.0,11.0,17.0,1352.0,1195.0,1329.0,1185.0,116844.0,107494.0,167395.0,167395.0,208316.0,166412.0
13,2009,0.0,0.0,0.0,0.0,0.0,0.0,0.0,0.0,0.0,0.0,0.0,0.0,0.0,0.0,0.0,0.0,0.0,0.0,38304.0,38304.0,93069.0,93069.0,73948.0,73948.0,205321.0,205321.0,63787.0,63787.0,1704.0,1704.0,0.0,0.0,521.0,521.0,7780.0,7780.0,1.0,1.0,0.0,0.0,2595.0,2595.0,4003.0,4003.0,8302.0,8302.0,140986.0,140986.0,0.0,0.0
13,2010,0.0,0.0,0.0,0.0,0.0,0.0,0.0,0.0,0.0,0.0,0.0,0.0,0.0,0.0,0.0,0.0,0.0,0.0,35816.0,35816.0,106458.0,106458.0,67157.0,67157.0,209431.0,209431.0,68180.0,68180.0,-10.0,-10.0,0.0,0.0,288.0,288.0,-273.0,-273.0,69.0,69.0,0.0,0.0,311.0,311.0,-217.0,-217.0,8386.0,8386.0,150263.0,150263.0,0.0,0.0
13,2011,0.0,0.0,0.0,0.0,0.0,0.0,42.0,42.0,0.0,0.0,0.0,0.0,1.0,1.0,41.0,41.0,42.0,42.0,32647.0,32647.0,125115.0,125115.0,63632.0,63632.0,221394.0,221394.0,63381.0,63381.0,-42.0,-42.0,0.0,0.0,422.0,422.0,-540.0,-540.0,318.0,318.0,0.0,0.0,463.0,463.0,-221.0,-221.0,8586.0,8586.0,139300.0,139300.0,42.0,42.0
13,2012,52.0,52.0,0.0,0.0,0.0,0.0,142.0,142.0,3.0,3.0,0.0,0.0,42.0,42.0,51.0,51.0,145.0,145.0,31985.0,31985.0,141072.0,141072.0,55915.0,55915.0,228972.0,228972.0,65403.0,65403.0,-19.0,-19.0,0.0,0.0,354.0,354.0,-675.0,-675.0,477.0,477.0,0.0,0.0,430.0,430.0,-255.0,-255.0,8742.0,8742.0,144647.0,144647.0,187.0,187.0
13,2013,62.0,62.0,0.0,0.0,5.0,5.0,240.0,240.0,5.0,5.0,0.0,0.0,147.0,147.0,41.0,41.0,250.0,250.0,30773.0,30773.0,153167.0,153167.0,49684.0,49684.0,233624.0,233624.0,72766.0,72766.0,-98.0,-98.0,0.0,0.0,151.0,151.0,-894.0,-894.0,1158.0,1158.0,0.0,0.0,350.0,350.0,163.0,163.0,9157.0,9157.0,161269.0,161269.0,437.0,437.0
13,2014,46.0,46.0,0.0,0.0,18.0,18.0,221.0,221.0,25.0,25.0,0.0,0.0,190.0,190.0,28.0,28.0,264.0,264.0,34852.0,34852.0,175952.0,175952.0,46910.0,46910.0,257714.0,257714.0,68086.0,68086.0,-10.0,-10.0,5.0,5.0,597.0,597.0,-1375.0,-1375.0,743.0,743.0,16.0,16.0,93.0,93.0,-97.0,-97.0,9143.0,9143.0,151359.0,151359.0,701.0,701.0
13,2015,88.0,88.0,0.0,0.0,64.0,64.0,183.0,183.0,81.0,81.0,0.0,0.0,165.0,165.0,75.0,75.0,328.0,328.0,42670.0,42670.0,209771.0,209771.0,58645.0,58645.0,311086.0,311086.0,64589.0,64589.0,151.0,151.0,83.0,83.0,763.0,763.0,-324.0,-324.0,1317.0,1317.0,117.0,117.0,827.0,827.0,978.0,978.0,11099.0,11099.0,143952.0,143952.0,1029.0,1029.0
13,2016,217.0,217.0,0.0,0.0,107.0,107.0,442.0,442.0,164.0,164.0,0.0,0.0,342.0,342.0,154.0,154.0,713.0,713.0,53815.0,53815.0,263386.0,263386.0,89704.0,89704.0,406905.0,406905.0,62759.0,62759.0,379.0,379.0,168.0,168.0,1350.0,1350.0,402.0,402.0,1490.0,1490.0,135.0,135.0,1266.0,1266.0,1900.0,1900.0,14644.0,14644.0,140350.0,140350.0,1742.0,1742.0
13,2017,121.0,121.0,0.0,0.0,168.0,168.0,469.0,469.0,265.0,265.0,0.0,0.0,543.0,543.0,238.0,238.0,902.0,902.0,67964.0,67964.0,307828.0,307828.0,109733.0,109733.0,485525.0,485525.0,62419.0,62419.0,498.0,498.0,241.0,241.0,1129.0,1129.0,469.0,469.0,845.0,845.0,151.0,151.0,1114.0,1114.0,1223.0,1223.0,17479.0,17479.0,139605.0,139605.0,2644.0,2644.0
13,2018,40.0,40.0,0.0,0.0,269.0,269.0,481.0,481.0,404.0,404.0,0.0,0.0,737.0,737.0,377.0,377.0,1154.0,1154.0,84438.0,84438.0,347544.0,347544.0,121377.0,121377.0,553359.0,553359.0,62566.0,62566.0,589.0,589.0,158.0,158.0,1228.0,1228.0,732.0,732.0,204.0,204.0,349.0,349.0,1439.0,1439.0,643.0,643.0,20150.0,20150.0,139482.0,139482.0,3798.0,3798.0
13,2019,136.0,136.0,0.0,0.0,430.0,430.0,937.0,937.0,547.0,547.0,0.0,0.0,1255.0,1255.0,523.0,523.0,1914.0,1914.0,93064.0,93064.0,393319.0,393319.0,153382.0,153382.0,639765.0,639765.0,63546.0,63546.0,273.0,273.0,-30.0,-30.0,1237.0,1237.0,592.0,592.0,1156.0,1156.0,-42.0,-42.0,953.0,953.0,1687.0,1687.0,23063.0,23063.0,140588.0,140588.0,5712.0,5712.0
13,2020,102.0,102.0,3.0,3.0,665.0,665.0,867.0,867.0,640.0,640.0,0.0,0.0,1467.0,1467.0,606.0,606.0,2175.0,2175.0,102736.0,102736.0,425909.0,425909.0,189996.0,189996.0,718641.0,718641.0,66850.0,66850.0,607.0,607.0,-136.0,-136.0,1128.0,1128.0,884.0,884.0,1973.0,1973.0,172.0,172.0,1318.0,1318.0,2096.0,2096.0,27084.0,27084.0,147154.0,147154.0,7887.0,7887.0
13,2021,164.0,164.0,0.0,0.0,781.0,781.0,878.0,878.0,631.0,631.0,0.0,0.0,1521.0,1521.0,605.0,605.0,2290.0,2290.0,112767.0,112767.0,471556.0,471556.0,215014.0,215014.0,799337.0,799337.0,89059.0,89059.0,411.0,411.0,-110.0,-110.0,870.0,870.0,1771.0,1771.0,622.0,622.0,61.0,61.0,1408.0,1408.0,1395.0,1395.0,30298.0,30298.0,195507.0,195507.0,10177.0,10177.0
13,2022,121.0,121.0,0.0,0.0,746.0,746.0,1002.0,1002.0,666.0,666.0,7.0,7.0,1661.0,1661.0,639.0,639.0,2421.0,2421.0,110338.0,110338.0,488014.0,488014.0,236736.0,236736.0,835088.0,835088.0,126413.0,126413.0,-112.0,-112.0,-77.0,-77.0,376.0,376.0,402.0,402.0,887.0,887.0,-126.0,-126.0,673.0,673.0,901.0,901.0,31760.0,31760.0,275252.0,275252.0,12598.0,12598.0
13,2023,146.0,146.0,0.0,0.0,1096.0,1096.0,1150.0,1150.0,766.0,766.0,13.0,13.0,2142.0,2142.0,737.0,737.0,3025.0,3025.0,116256.0,116256.0,527429.0,527429.0,304264.0,304264.0,947949.0,947949.0,89463.0,89463.0,278.0,278.0,119.0,119.0,1527.0,1527.0,1523.0,1523.0,2859.0,2859.0,-146.0,-146.0,1681.0,1681.0,3923.0,3923.0,37642.0,37642.0,193927.0,193927.0,15623.0,15623.0
13,2024,292.0,292.0,0.0,0.0,1518.0,1518.0,1262.0,1262.0,947.0,947.0,73.0,73.0,2585.0,2585.0,923.0,923.0,3800.0,3800.0,130247.0,130247.0,562394.0,562394.0,382779.0,382779.0,1075420.0,1075420.0,77315.0,77315.0,588.0,588.0,205.0,205.0,1674.0,1674.0,1340.0,1340.0,3237.0,3237.0,-21.0,-21.0,1634.0,1634.0,4213.0,4213.0,44077.0,44077.0,167395.0,167395.0,19423.0,19423.0
13,2025,377.0,309.0,0.0,0.0,2001.0,1648.0,1505.0,788.0,1105.0,1096.0,107.0,31.0,3264.0,2170.0,1077.0,1084.0,4718.0,3563.0,143763.0,140392.0,596316.0,551732.0,457246.0,506304.0,1197325.0,1198428.0,77287.0,76924.0,301.0,269.0,45.0,229.0,1635.0,1683.0,1046.0,362.0,2920.0,2658.0,-52.0,-78.0,1484.0,-1220.0,3809.0,5805.0,49671.0,48931.0,167395.0,167395.0,24141.0,22986.0
13,2026,374.0,365.0,4.0,8.0,2669.0,2041.0,1489.0,653.0,1241.0,1218.0,44.0,3.0,3857.0,2201.0,1216.0,1357.0,5447.0,3923.0,156645.0,152574.0,628540.0,545692.0,528282.0,618707.0,1313467.0,1316973.0,77503.0,76149.0,480.0,355.0,158.0,260.0,1591.0,1325.0,1137.0,763.0,2745.0,2973.0,-84.0,-83.0,1455.0,-853.0,3612.0,5736.0,55218.0,54169.0,167395.0,167395.0,29588.0,26909.0
13,2027,385.0,422.0,10.0,9.0,3307.0,2371.0,1757.0,579.0,1376.0,1394.0,1.0,9.0,4715.0,2236.0,1351.0,1704.0,6451.0,4362.0,169015.0,160932.0,658749.0,545920.0,596201.0,722584.0,1423965.0,1429436.0,76937.0,75411.0,287.0,337.0,152.0,233.0,1950.0,1885.0,1311.0,1550.0,2846.0,3089.0,-49.0,63.0,2159.0,319.0,3764.0,6164.0,61428.0,60989.0,167395.0,167395.0,36039.0,31271.0
13,2028,446.0,496.0,15.0,12.0,3917.0,2672.0,1886.0,876.0,1552.0,1543.0,7.0,2.0,5352.0,2329.0,1579.0,2280.0,7377.0,5105.0,181101.0,169896.0,687199.0,546377.0,659665.0,818843.0,1527965.0,1535116.0,78319.0,77496.0,604.0,287.0,112.0,58.0,2041.0,1450.0,573.0,1019.0,2348.0,2206.0,42.0,-35.0,1674.0,230.0,2838.0,4181.0,66544.0,65687.0,167395.0,167395.0,43416.0,36376.0
13,2029,542.0,553.0,32.0,11.0,4703.0,3155.0,1986.0,1075.0,1736.0,1738.0,5.0,4.0,6122.0,2609.0,1798.0,2821.0,8462.0,5983.0,192796.0,178504.0,713044.0,546710.0,719664.0,910364.0,1625504.0,1635578.0,78844.0,77648.0,672.0,453.0,125.0,128.0,2269.0,1345.0,1346.0,1375.0,2154.0,2141.0,42.0,77.0,2064.0,24.0,3200.0,4589.0,72480.0,70753.0,167395.0,167395.0,51878.0,42359.0
13,2030,547.0,561.0,36.0,16.0,5363.0,3499.0,2130.0,1434.0,1847.0,1910.0,10.0,3.0,6931.0,2693.0,1908.0,3608.0,9386.0,6862.0,204261.0,186884.0,736655.0,546798.0,776867.0,997899.0,1717783.0,1731581.0,79775.0,78407.0,265.0,169.0,186.0,164.0,1977.0,1217.0,780.0,1036.0,1430.0,1328.0,-44.0,-45.0,2164.0,174.0,1900.0,3357.0,76809.0,74453.0,167395.0,167395.0,61264.0,49221.0
13,2031,714.0,651.0,41.0,18.0,6254.0,4075.0,2284.0,1771.0,2046.0,2116.0,12.0,5.0,7788.0,2925.0,2135.0,4409.0,10637.0,7985.0,215507.0,194021.0,757933.0,547797.0,831466.0,1080507.0,1804906.0,1822325.0,79952.0,79208.0,243.0,296.0,115.0,123.0,2502.0,1530.0,603.0,1109.0,1769.0,1709.0,-10.0,-13.0,2277.0,356.0,2459.0,3806.0,81788.0,78911.0,167395.0,167395.0,71901.0,57206.0
13,2032,815.0,727.0,63.0,21.0,6803.0,4719.0,2401.0,1863.0,2171.0,2135.0,15.0,6.0,8388.0,3128.0,2250.0,4889.0,11453.0,8744.0,225982.0,202038.0,776871.0,558904.0,883644.0,1145741.0,1886497.0,1906683.0,80214.0,80709.0,626.0,313.0,159.0,280.0,2316.0,1817.0,907.0,707.0,1912.0,2067.0,-24.0,14.0,2223.0,1020.0,2421.0,3552.0,87058.0,83796.0,167395.0,167395.0,83354.0,65950.0
13,2033,907.0,791.0,75.0,25.0,7635.0,5326.0,2666.0,2207.0,2313.0,2356.0,11.0,11.0,9264.0,3376.0,2529.0,5758.0,12700.0,9925.0,236371.0,208610.0,793387.0,570734.0,934681.0,1210179.0,1964439.0,1989523.0,79838.0,79645.0,241.0,287.0,95.0,45.0,2144.0,1263.0,698.0,397.0,1049.0,861.0,39.0,16.0,2211.0,163.0,1573.0,2132.0,91083.0,86378.0,167395.0,167395.0,96054.0,75875.0
13,2034,1016.0,820.0,95.0,36.0,8317.0,5832.0,2934.0,2304.0,2630.0,2607.0,9.0,6.0,10149.0,3551.0,2820.0,6414.0,13985.0,10785.0,246393.0,213986.0,807396.0,582467.0,985196.0,1271891.0,2038985.0,2068344.0,79185.0,79868.0,221.0,185.0,147.0,199.0,2161.0,1746.0,890.0,757.0,814.0,1112.0,37.0,-18.0,2478.0,1026.0,1350.0,2585.0,95132.0,90174.0,167395.0,167395.0,110039.0,86660.0
13,2035,1040.0,815.0,133.0,37.0,8754.0,6375.0,3284.0,2343.0,2596.0,2579.0,12.0,6.0,10819.0,3652.0,2920.0,6873.0,14779.0,11340.0,255969.0,219627.0,819927.0,593441.0,1034035.0,1331628.0,2109931.0,2144696.0,78869.0,79565.0,599.0,232.0,147.0,173.0,1837.0,1172.0,865.0,517.0,1130.0,901.0,-63.0,9.0,1831.0,270.0,1486.0,2270.0,99048.0,92946.0,167395.0,167395.0,124818.0,98000.0
13,2036,1240.0,907.0,198.0,67.0,9318.0,6992.0,3448.0,2569.0,2600.0,2608.0,15.0,8.0,11401.0,4047.0,2938.0,7290.0,15579.0,12244.0,264840.0,225350.0,829629.0,603072.0,1082003.0,1388446.0,2176472.0,2216868.0,79049.0,80218.0,520.0,303.0,282.0,-50.0,2179.0,1767.0,1229.0,545.0,472.0,1281.0,63.0,-16.0,2441.0,767.0,1264.0,2457.0,103273.0,96473.0,167395.0,167395.0,140397.0,110244.0
13,2037,1370.0,966.0,201.0,37.0,9924.0,7661.0,3912.0,2720.0,2713.0,2725.0,15.0,2.0,12266.0,4276.0,3129.0,7903.0,16765.0,13145.0,273587.0,230728.0,837149.0,613964.0,1126758.0,1439143.0,2237494.0,2283835.0,80349.0,82185.0,348.0,187.0,59.0,289.0,1983.0,1473.0,760.0,417.0,1448.0,1028.0,-31.0,31.0,1992.0,715.0,1879.0,2336.0,107492.0,99711.0,167395.0,167395.0,157162.0,123389.0
13,2038,1434.0,1017.0,276.0,52.0,9821.0,8152.0,3771.0,2845.0,2768.0,2853.0,12.0,2.0,11974.0,4645.0,3240.0,8242.0,16648.0,13904.0,282153.0,236353.0,842704.0,626170.0,1169473.0,1485657.0,2294330.0,2348180.0,81283.0,82890.0,347.0,41.0,114.0,25.0,1553.0,1073.0,550.0,72.0,1007.0,772.0,28.0,-25.0,1753.0,640.0,1152.0,1236.0,110744.0,101628.0,167395.0,167395.0,173810.0,137293.0
13,2039,1577.0,1106.0,261.0,50.0,9707.0,8641.0,4097.0,3114.0,2901.0,2945.0,21.0,3.0,11947.0,4858.0,3463.0,8789.0,16987.0,14753.0,289871.0,241233.0,847824.0,638572.0,1210201.0,1529243.0,2347896.0,2409048.0,81236.0,83172.0,544.0,409.0,189.0,179.0,1375.0,1195.0,578.0,991.0,1151.0,811.0,24.0,19.0,1142.0,1033.0,1631.0,1753.0,114061.0,104823.0,167395.0,167395.0,190797.0,152046.0
13,2040,1787.0,1162.0,372.0,85.0,9913.0,8928.0,4226.0,3313.0,2941.0,3046.0,13.0,6.0,12123.0,5094.0,3555.0,9122.0,17465.0,15378.0,297369.0,246110.0,851618.0,649859.0,1249399.0,1570396.0,2398386.0,2466365.0,81877.0,83713.0,355.0,99.0,179.0,162.0,462.0,1754.0,1204.0,-20.0,606.0,1109.0,-16.0,5.0,824.0,1046.0,1256.0,1865.0,116496.0,107833.0,167395.0,167395.0,208262.0,167424.0
14,2009,0.0,0.0,0.0,0.0,0.0,0.0,0.0,0.0,0.0,0.0,0.0,0.0,0.0,0.0,0.0,0.0,0.0,0.0,38351.0,38351.0,93345.0,93345.0,73585.0,73585.0,205281.0,205281.0,63967.0,63967.0,1659.0,1659.0,0.0,0.0,570.0,570.0,7590.0,7590.0,2.0,2.0,0.0,0.0,2632.0,2632.0,3871.0,3871.0,8162.0,8162.0,140986.0,140986.0,0.0,0.0
14,2010,0.0,0.0,0.0,0.0,0.0,0.0,0.0,0.0,0.0,0.0,0.0,0.0,0.0,0.0,0.0,0.0,0.0,0.0,35855.0,35855.0,106481.0,106481.0,67001.0,67001.0,209337.0,209337.0,68407.0,68407.0,30.0,30.0,0.0,0.0,216.0,216.0,-244.0,-244.0,79.0,79.0,0.0,0.0,308.0,308.0,-287.0,-287.0,8213.0,8213.0,150263.0,150263.0,0.0,0.0
14,2011,0.0,0.0,0.0,0.0,0.0,0.0,36.0,36.0,0.0,0.0,0.0,0.0,2.0,2.0,34.0,34.0,36.0,36.0,32682.0,32682.0,125108.0,125108.0,63521.0,63521.0,221311.0,221311.0,63336.0,63336.0,-77.0,-77.0,0.0,0.0,371.0,371.0,-284.0,-284.0,320.0,320.0,0.0,0.0,410.0,410.0,74.0,74.0,8620.0,8620.0,139300.0,139300.0,36.0,36.0
14,2012,41.0,41.0,0.0,0.0,2.0,2.0,130.0,130.0,2.0,2.0,0.0,0.0,37.0,37.0,56.0,56.0,134.0,134.0,32170.0,32170.0,141278.0,141278.0,55652.0,55652.0,229100.0,229100.0,65324.0,65324.0,-86.0,-86.0,0.0,0.0,478.0,478.0,-931.0,-931.0,443.0,443.0,0.0,0.0,468.0,468.0,-392.0,-392.0,8610.0,8610.0,144647.0,144647.0,170.0,170.0
14,2013,60.0,60.0,0.0,0.0,3.0,3.0,240.0,240.0,6.0,6.0,0.0,0.0,137.0,137.0,52.0,52.0,249.0,249.0,30935.0,30935.0,153700.0,153700.0,49735.0,49735.0,234370.0,234370.0,72439.0,72439.0,38.0,38.0,0.0,0.0,96.0,96.0,-922.0,-922.0,1082.0,1082.0,0.0,0.0,258.0,258.0,-40.0,-40.0,8866.0,8866.0,161269.0,161269.0,419.0,419.0
14,2014,62.0,62.0,0.0,0.0,24.0,24.0,225.0,225.0,44.0,44.0,0.0,0.0,188.0,188.0,43.0,43.0,293.0,293.0,35024.0,35024.0,176435.0,176435.0,47036.0,47036.0,258495.0,258495.0,68181.0,68181.0,-84.0,-84.0,1.0,1.0,536.0,536.0,-1227.0,-1227.0,818.0,818.0,19.0,19.0,117.0,117.0,114.0,114.0,9013.0,9013.0,151359.0,151359.0,712.0,712.0
14,2015,84.0,84.0,0.0,0.0,55.0,55.0,189.0,189.0,86.0,86.0,0.0,0.0,162.0,162.0,84.0,84.0,330.0,330.0,42797.0,42797.0,210446.0,210446.0,58335.0,58335.0,311578.0,311578.0,64754.0,64754.0,192.0,192.0,84.0,84.0,853.0,853.0,-228.0,-228.0,1356.0,1356.0,145.0,145.0,1017.0,1017.0,1001.0,1001.0,11223.0,11223.0,143952.0,143952.0,1042.0,1042.0
14,2016,209.0,209.0,0.0,0.0,116.0,116.0,436.0,436.0,177.0,177.0,0.0,0.0,351.0,351.0,169.0,169.0,729.0,729.0,53903.0,53903.0,264237.0,264237.0,89306.0,89306.0,407446.0,407446.0,62719.0,62719.0,392.0,392.0,157.0,157.0,1445.0,1445.0,380.0,380.0,1370.0,1370.0,60.0,60.0,1240.0,1240.0,1780.0,1780.0,14635.0,14635.0,140350.0,140350.0,1771.0,1771.0
14,2017,159.0,159.0,0.0,0.0,188.0,188.0,547.0,547.0,318.0,318.0,0.0,0.0,590.0,590.0,304.0,304.0,1053.0,1053.0,68025.0,68025.0,308545.0,308545.0,109690.0,109690.0,486260.0,486260.0,62343.0,62343.0,503.0,503.0,244.0,244.0,881.0,881.0,510.0,510.0,886.0,886.0,205.0,205.0,1008.0,1008.0,1215.0,1215.0,17361.0,17361.0,139605.0,139605.0,2824.0,2824.0
14,2018,48.0,48.0,0.0,0.0,275.0,275.0,526.0,526.0,396.0,396.0,0.0,0.0,773.0,773.0,376.0,376.0,1197.0,1197.0,84487.0,84487.0,348348.0,348348.0,121490.0,121490.0,554325.0,554325.0,62599.0,62599.0,501.0,501.0,158.0,158.0,1366.0,1366.0,583.0,583.0,167.0,167.0,251.0,251.0,1354.0,1354.0,670.0,670.0,19886.0,19886.0,139482.0,139482.0,4021.0,4021.0
14,2019,133.0,133.0,0.0,0.0,428.0,428.0,861.0,861.0,550.0,550.0,0.0,0.0,1187.0,1187.0,519.0,519.0,1839.0,1839.0,93245.0,93245.0,394024.0,394024.0,153474.0,153474.0,640743.0,640743.0,63489.0,63489.0,328.0,328.0,-22.0,-22.0,1243.0,1243.0,606.0,606.0,1340.0,1340.0,55.0,55.0,1034.0,1034.0,1860.0,1860.0,23108.0,23108.0,140588.0,140588.0,5860.0,5860.0
14,2020,131.0,131.0,2.0,2.0,624.0,624.0,942.0,942.0,689.0,689.0,0.0,0.0,1485.0,1485.0,641.0,641.0,2257.0,2257.0,102949.0,102949.0,426580.0,426580.0,190459.0,190459.0,719988.0,719988.0,66596.0,66596.0,622.0,622.0,-145.0,-145.0,1043.0,1043.0,1013.0,1013.0,1835.0,1835.0,115.0,115.0,1205.0,1205.0,2034.0,2034.0,26969.0,26969.0,147154.0,147154.0,8117.0,8117.0
14,2021,169.0,169.0,0.0,0.0,742.0,742.0,960.0,960.0,687.0,687.0,0.0,0.0,1572.0,1572.0,648.0,648.0,2389.0,2389.0,112733.0,112733.0,472471.0,472471.0,215644.0,215644.0,800848.0,800848.0,89000.0,89000.0,499.0,499.0,-136.0,-136.0,899.0,899.0,1790.0,1790.0,494.0,494.0,177.0,177.0,1559.0,1559.0,1166.0,1166.0,30193.0,30193.0,195507.0,195507.0,10506.0,10506.0
14,2022,115.0,115.0,0.0,0.0,740.0,740.0,991.0,991.0,685.0,685.0,2.0,2.0,1644.0,1644.0,659.0,659.0,2418.0,2418.0,110083.0,110083.0,489093.0,489093.0,237060.0,237060.0,836236.0,836236.0,126525.0,126525.0,-110.0,-110.0,-27.0,-27.0,472.0,472.0,237.0,237.0,1329.0,1329.0,-193.0,-193.0,561.0,561.0,1367.0,1367.0,32011.0,32011.0,275252.0,275252.0,12924.0,12924.0
14,2023,174.0,174.0,0.0,0.0,1085.0,1085.0,1206.0,1206.0,769.0,769.0,19.0,19.0,2166.0,2166.0,739.0,739.0,3079.0,3079.0,116194.0,116194.0,528503.0,528503.0,304657.0,304657.0,949354.0,949354.0,89426.0,89426.0,155.0,155.0,146.0,146.0,1510.0,1510.0,1397.0,1397.0,2485.0,2485.0,-127.0,-127.0,1477.0,1477.0,3779.0,3779.0,37422.0,37422.0,193927.0,193927.0,16003.0,16003.0
14,2024,310.0,310.0,0.0,0.0,1556.0,1556.0,1219.0,1219.0,890.0,890.0,98.0,98.0,2596.0,2596.0,857.0,857.0,3763.0,3763.0,130333.0,130333.0,563461.0,563461.0,383345.0,383345.0,1077139.0,1077139.0,77005.0,77005.0,624.0,624.0,120.0,120.0,1659.0,1659.0,1484.0,1484.0,3363.0,3363.0,25.0,25.0,1835.0,1835.0,4192.0,4192.0,44073.0,44073.0,167395.0,167395.0,19766.0,19766.0
14,2025,394.0,349.0,3.0,0.0,2105.0,1742.0,1568.0,838.0,1041.0,1049.0,98.0,43.0,3410.0,2268.0,1011.0,1055.0,4815.0,3672.0,143516.0,140341.0,597008.0,552622.0,458062.0,506847.0,1198586.0,1199810.0,77534.0,76984.0,530.0,336.0,171.0,315.0,1612.0,1568.0,1407.0,530.0,2713.0,2876.0,-94.0,-154.0,1706.0,-1203.0,3573.0,6002.0,49882.0,49208.0,167395.0,167395.0,24581.0,23438.0
14,2026,377.0,381.0,0.0,3.0,2704.0,1997.0,1578.0,672.0,1215.0,1253.0,48.0,3.0,3973.0,2168.0,1195.0,1379.0,5545.0,3928.0,156496.0,152542.0,629060.0,546861.0,528952.0,618809.0,1314508.0,1318212.0,77593.0,76038.0,321.0,266.0,109.0,215.0,1565.0,1398.0,750.0,568.0,3114.0,3042.0,-72.0,-8.0,1278.0,-841.0,3867.0,5790.0,55348.0,54423.0,167395.0,167395.0,30126.0,27366.0
14,2027,405.0,442.0,6.0,10.0,3382.0,2348.0,1753.0,614.0,1323.0,1293.0,1.0,2.0,4739.0,2212.0,1321.0,1613.0,6465.0,4267.0,169087.0,161119.0,659261.0,546780.0,597042.0,722742.0,1425390.0,1430641.0,76841.0,75753.0,204.0,442.0,107.0,142.0,1913.0,1791.0,1134.0,1685.0,2720.0,2712.0,-82.0,-72.0,2077.0,244.0,3511.0,5572.0,61140.0,60681.0,167395.0,167395.0,36591.0,31633.0
14,2028,483.0,547.0,11.0,11.0,4003.0,2757.0,1943.0,933.0,1510.0,1485.0,9.0,9.0,5426.0,2410.0,1567.0,2238.0,7476.0,5195.0,181182.0,170098.0,687403.0,546867.0,660305.0,819840.0,1528890.0,1536805.0,78599.0,77461.0,459.0,124.0,158.0,98.0,1918.0,1490.0,1057.0,841.0,2537.0,2090.0,-46.0,38.0,1815.0,416.0,3350.0,4017.0,66764.0,65238.0,167395.0,167395.0,44067.0,36828.0
14,2029,502.0,529.0,28.0,21.0,4708.0,3138.0,2077.0,1096.0,1753.0,1784.0,6.0,5.0,6288.0,2623.0,1782.0,2892.0,8572.0,6044.0,193028.0,178773.0,713329.0,547244.0,720757.0,911732.0,1627114.0,1637749.0,78838.0,77518.0,533.0,282.0,130.0,241.0,2096.0,1320.0,1228.0,1386.0,1552.0,2223.0,31.0,-7.0,2130.0,95.0,2374.0,4786.0,71801.0,70401.0,167395.0,167395.0,52639.0,42872.0
14,2030,538.0,575.0,34.0,17.0,5518.0,3684.0,2131.0,1362.0,1990.0,2028.0,2.0,6.0,7081.0,2817.0,2056.0,3705.0,9675.0,7097.0,204602.0,186705.0,736539.0,547229.0,778331.0,999423.0,1719472.0,1733357.0,79513.0,78687.0,367.0,447.0,199.0,110.0,2484.0,1714.0,803.0,1056.0,1665.0,1276.0,40.0,11.0,2619.0,386.0,2205.0,3334.0,76992.0,74568.0,167395.0,167395.0,62314.0,49969.0
14,2031,715.0,700.0,50.0,15.0,6206.0,4117.0,2319.0,1835.0,2021.0,2104.0,5.0,3.0,7765.0,2947.0,2121.0,4427.0,10601.0,8074.0,215925.0,193804.0,757456.0,547236.0,832618.0,1082426.0,1805999.0,1823466.0,80180.0,79081.0,373.0,374.0,-10.0,148.0,2588.0,1613.0,477.0,1298.0,2098.0,2011.0,11.0,35.0,1879.0,289.0,2912.0,4442.0,82156.0,79673.0,167395.0,167395.0,72915.0,58043.0
14,2032,815.0,724.0,65.0,29.0,6936.0,4559.0,2514.0,1920.0,2216.0,2267.0,13.0,5.0,8594.0,3028.0,2335.0,5028.0,11744.0,8780.0,226763.0,202384.0,776771.0,558289.0,884342.0,1146938.0,1887876.0,1907611.0,80051.0,80957.0,726.0,212.0,215.0,130.0,1743.0,1345.0,1081.0,717.0,1698.0,1889.0,42.0,7.0,1805.0,677.0,2248.0,3199.0,86935.0,83761.0,167395.0,167395.0,84659.0,66823.0
14,2033,926.0,796.0,64.0,18.0,7773.0,5217.0,2691.0,2135.0,2327.0,2367.0,8.0,3.0,9400.0,3314.0,2537.0,5630.0,12863.0,9740.0,236969.0,208641.0,793297.0,569992.0,935168.0,1211254.0,1965434.0,1989887.0,79911.0,79675.0,197.0,376.0,115.0,187.0,2415.0,1496.0,831.0,471.0,1114.0,986.0,-16.0,11.0,2655.0,373.0,1607.0,2402.0,91394.0,86912.0,167395.0,167395.0,97522.0,76563.0
14,2034,1066.0,785.0,115.0,33.0,8223.0,5706.0,2955.0,2227.0,2485.0,2562.0,8.0,4.0,9965.0,3455.0,2755.0,6292.0,13786.0,10532.0,246799.0,213997.0,807671.0,581748.0,985040.0,1273168.0,2039510.0,2068913.0,79115.0,79835.0,407.0,151.0,149.0,110.0,2295.0,1731.0,567.0,395.0,1275.0,893.0,-8.0,-39.0,2204.0,877.0,1667.0,2062.0,95672.0,90002.0,167395.0,167395.0,111308.0,87095.0
14,2035,1122.0,867.0,166.0,37.0,8931.0,6408.0,3361.0,2454.0,2587.0,2615.0,5.0,9.0,10986.0,3792.0,2942.0,6864.0,15050.0,11523.0,256304.0,219620.0,819824.0,592216.0,1034204.0,1333813.0,2110332.0,2145649.0,79237.0,79614.0,376.0,93.0,198.0,119.0,1703.0,826.0,852.0,686.0,405.0,875.0,-26.0,5.0,1890.0,362.0,866.0,2056.0,98804.0,92513.0,167395.0,167395.0,126358.0,98618.0
14,2036,1234.0,919.0,203.0,45.0,9444.0,7031.0,3475.0,2627.0,2600.0,2591.0,8.0,6.0,11482.0,4001.0,3014.0,7380.0,15730.0,12300.0,265272.0,225490.0,829599.0,601738.0,1082346.0,1390780.0,2177217.0,2218008.0,78990.0,80318.0,567.0,254.0,55.0,172.0,2266.0,1796.0,845.0,439.0,1005.0,1256.0,13.0,10.0,2012.0,603.0,1605.0,2816.0,102988.0,96186.0,167395.0,167395.0,142088.0,110918.0
14,2037,1297.0,926.0,215.0,42.0,9694.0,7535.0,3886.0,2768.0,2691.0,2758.0,14.0,5.0,12099.0,4232.0,3104.0,7950.0,16500.0,13108.0,274224.0,231197.0,837424.0,613377.0,1126770.0,1441114.0,2238418.0,2285688.0,80438.0,82184.0,198.0,124.0,217.0,73.0,1803.0,1234.0,899.0,469.0,1250.0,1036.0,67.0,1.0,2377.0,495.0,1661.0,2194.0,107224.0,98999.0,167395.0,167395.0,158588.0,124026.0
14,2038,1440.0,1011.0,256.0,56.0,9684.0,7965.0,3834.0,2901.0,2759.0,2954.0,15.0,4.0,11856.0,4516.0,3252.0,8353.0,16548.0,13880.0,282620.0,236433.0,843022.0,625962.0,1169208.0,1486981.0,2294850.0,2349376.0,81365.0,82841.0,495.0,342.0,105.0,194.0,1961.0,1612.0,898.0,495.0,931.0,1048.0,-53.0,-14.0,1956.0,1052.0,1391.0,1941.0,111066.0,102334.0,167395.0,167395.0,175136.0,137906.0
14,2039,1579.0,1074.0,315.0,58.0,9710.0,8588.0,4079.0,3023.0,2887.0,2909.0,20.0,5.0,12044.0,4868.0,3388.0,8641.0,17011.0,14583.0,290335.0,241534.0,847308.0,638042.0,1210047.0,1530575.0,2347690.0,2410151.0,81718.0,83283.0,606.0,206.0,93.0,62.0,1280.0,1158.0,778.0,387.0,1081.0,834.0,7.0,30.0,1203.0,757.0,1430.0,1508.0,114305.0,104805.0,167395.0,167395.0,192147.0,152489.0
14,2040,1816.0,1251.0,384.0,85.0,9828.0,8975.0,4226.0,3241.0,2965.0,3111.0,15.0,6.0,11977.0,5081.0,3625.0,9086.0,17418.0,15418.0,297546.0,245965.0,850743.0,650153.0,1249926.0,1572063.0,2398215.0,2468181.0,81620.0,83622.0,288.0,264.0,336.0,199.0,1120.0,922.0,568.0,665.0,358.0,601.0,31.0,19.0,1357.0,818.0,768.0,1324.0,116718.0,107211.0,167395.0,167395.0,209565.0,167907.0
15,2009,0.0,0.0,0.0,0.0,0.0,0.0,0.0,0.0,0.0,0.0,0.0,0.0,0.0,0.0,0.0,0.0,0.0,0.0,38618.0,38618.0,93538.0,93538.0,73096.0,73096.0,205252.0,205252.0,63812.0,63812.0,1723.0,1723.0,0.0,0.0,568.0,568.0,7777.0,7777.0,1.0,1.0,0.0,0.0,2697.0,2697.0,3926.0,3926.0,8346.0,8346.0,140986.0,140986.0,0.0,0.0
15,2010,0.0,0.0,0.0,0.0,0.0,0.0,0.0,0.0,0.0,0.0,0.0,0.0,0.0,0.0,0.0,0.0,0.0,0.0,36180.0,36180.0,106748.0,106748.0,66469.0,66469.0,209397.0,209397.0,68280.0,68280.0,-38.0,-38.0,0.0,0.0,223.0,223.0,-400.0,-400.0,82.0,82.0,0.0,0.0,301.0,301.0,-358.0,-358.0,8251.0,8251.0,150263.0,150263.0,0.0,0.0
15,2011,0.0,0.0,0.0,0.0,0.0,0.0,38.0,38.0,0.0,0.0,0.0,0.0,3.0,3.0,35.0,35.0,38.0,38.0,32866.0,32866.0,125346.0,125346.0,63026.0,63026.0,221238.0,221238.0,63566.0,63566.0,-29.0,-29.0,0.0,0.0,384.0,384.0,-394.0,-394.0,282.0,282.0,0.0,0.0,305.0,305.0,-4.0,-4.0,8523.0,8523.0,139300.0,139300.0,38.0,38.0
15,2012,36.0,36.0,0.0,0.0,1.0,1.0,139.0,139.0,1.0,1.0,0.0,0.0,33.0,33.0,72.0,72.0,141.0,141.0,32208.0,32208.0,141554.0,141554.0,55441.0,55441.0,229203.0,229203.0,65107.0,65107.0,-81.0,-81.0,0.0,0.0,438.0,438.0,-789.0,-789.0,479.0,479.0,0.0,0.0,509.0,509.0,-300.0,-300.0,8651.0,8651.0,144647.0,144647.0,179.0,179.0
15,2013,48.0,48.0,0.0,0.0,9.0,9.0,197.0,197.0,7.0,7.0,0.0,0.0,122.0,122.0,43.0,43.0,213.0,213.0,31006.0,31006.0,153836.0,153836.0,49606.0,49606.0,234448.0,234448.0,72519.0,72519.0,-112.0,-112.0,0.0,0.0,155.0,155.0,-1024.0,-1024.0,1029.0,1029.0,0.0,0.0,326.0,326.0,-54.0,-54.0,8811.0,8811.0,161269.0,161269.0,392.0,392.0
15,2014,54.0,54.0,0.0,0.0,20.0,20.0,237.0,237.0,40.0,40.0,0.0,0.0,203.0,203.0,40.0,40.0,297.0,297.0,35038.0,35038.0,176743.0,176743.0,46966.0,46966.0,258747.0,258747.0,68040.0,68040.0,55.0,55.0,5.0,5.0,552.0,552.0,-1276.0,-1276.0,869.0,869.0,19.0,19.0,49.0,49.0,65.0,65.0,8980.0,8980.0,151359.0,151359.0,689.0,689.0
15,2015,68.0,68.0,0.0,0.0,51.0,51.0,162.0,162.0,79.0,79.0,0.0,0.0,148.0,148.0,76.0,76.0,292.0,292.0,42784.0,42784.0,210596.0,210596.0,58415.0,58415.0,311795.0,311795.0,64670.0,64670.0,208.0,208.0,75.0,75.0,915.0,915.0,-60.0,-60.0,1315.0,1315.0,117.0,117.0,1092.0,1092.0,1062.0,1062.0,11342.0,11342.0,143952.0,143952.0,981.0,981.0
15,2016,257.0,257.0,0.0,0.0,107.0,107.0,457.0,457.0,162.0,162.0,0.0,0.0,313.0,313.0,156.0,156.0,726.0,726.0,54094.0,54094.0,264233.0,264233.0,89121.0,89121.0,407448.0,407448.0,63074.0,63074.0,352.0,352.0,207.0,207.0,1279.0,1279.0,234.0,234.0,1343.0,1343.0,90.0,90.0,1083.0,1083.0,1718.0,1718.0,14495.0,14495.0,140350.0,140350.0,1707.0,1707.0
15,2017,132.0,132.0,0.0,0.0,154.0,154.0,514.0,514.0,272.0,272.0,0.0,0.0,551.0,551.0,257.0,257.0,940.0,940.0,68194.0,68194.0,308639.0,308639.0,109007.0,109007.0,485840.0,485840.0,62512.0,62512.0,522.0,522.0,238.0,238.0,1090.0,1090.0,477.0,477.0,1089.0,1089.0,225.0,225.0,1160.0,1160.0,1437.0,1437.0,17614.0,17614.0,139605.0,139605.0,2647.0,2647.0
15,2018,44.0,44.0,0.0,0.0,242.0,242.0,535.0,535.0,391.0,391.0,0.0,0.0,761.0,761.0,363.0,363.0,1168.0,1168.0,84614.0,84614.0,347875.0,347875.0,121363.0,121363.0,553852.0,553852.0,62389.0,62389.0,531.0,531.0,155.0,155.0,1257.0,1257.0,760.0,760.0,89.0,89.0,274.0,274.0,1452.0,1452.0,552.0,552.0,20149.0,20149.0,139482.0,139482.0,3815.0,3815.0
15,2019,132.0,132.0,0.0,0.0,463.0,463.0,882.0,882.0,603.0,603.0,0.0,0.0,1242.0,1242.0,574.0,574.0,1948.0,1948.0,93493.0,93493.0,393180.0,393180.0,153488.0,153488.0,640161.0,640161.0,63469.0,63469.0,303.0,303.0,-37.0,-37.0,1283.0,1283.0,614.0,614.0,1208.0,1208.0,20.0,20.0,1001.0,1001.0,1784.0,1784.0,23237.0,23237.0,140588.0,140588.0,5763.0,5763.0
15,2020,126.0,126.0,1.0,1.0,646.0,646.0,844.0,844.0,723.0,723.0,0.0,0.0,1395.0,1395.0,693.0,693.0,2214.0,2214.0,103220.0,103220.0,425442.0,425442.0,190605.0,190605.0,719267.0,719267.0,66645.0,66645.0,477.0,477.0,-156.0,-156.0,1044.0,1044.0,779.0,779.0,2035.0,2035.0,120.0,120.0,1171.0,1171.0,2174.0,2174.0,27059.0,27059.0,147154.0,147154.0,7977.0,7977.0
15,2021,161.0,161.0,0.0,0.0,750.0,750.0,891.0,891.0,736.0,736.0,0.0,0.0,1517.0,1517.0,699.0,699.0,2377.0,2377.0,112884.0,112884.0,471145.0,471145.0,216038.0,216038.0,800067.0,800067.0,88917.0,88917.0,695.0,695.0,-121.0,-121.0,933.0,933.0,2090.0,2090.0,252.0,252.0,123.0,123.0,1592.0,1592.0,990.0,990.0,30336.0,30336.0,195507.0,195507.0,10354.0,10354.0
15,2022,110.0,110.0,0.0,0.0,744.0,744.0,932.0,932.0,711.0,711.0,2.0,2.0,1591.0,1591.0,688.0,688.0,2389.0,2389.0,110030.0,110030.0,487563.0,487563.0,238058.0,238058.0,835651.0,835651.0,126547.0,126547.0,-263.0,-263.0,-76.0,-76.0,314.0,314.0,56.0,56.0,1339.0,1339.0,-176.0,-176.0,338.0,338.0,1382.0,1382.0,31793.0,31793.0,275252.0,275252.0,12743.0,12743.0
15,2023,159.0,159.0,0.0,0.0,1050.0,1050.0,1161.0,1161.0,767.0,767.0,14.0,14.0,2097.0,2097.0,736.0,736.0,2992.0,2992.0,116090.0,116090.0,526952.0,526952.0,305603.0,305603.0,948645.0,948645.0,89525.0,89525.0,307.0,307.0,166.0,166.0,1634.0,1634.0,1418.0,1418.0,2571.0,2571.0,-135.0,-135.0,1694.0,1694.0,3653.0,3653.0,37447.0,37447.0,193927.0,193927.0,15735.0,15735.0
15,2024,284.0,284.0,0.0,0.0,1504.0,1504.0,1256.0,1256.0,944.0,944.0,96.0,96.0,2605.0,2605.0,911.0,911.0,3800.0,3800.0,130446.0,130446.0,562027.0,562027.0,384155.0,384155.0,1076628.0,1076628.0,77204.0,77204.0,317.0,317.0,147.0,147.0,1373.0,1373.0,1427.0,1427.0,3331.0,3331.0,-49.0,-49.0,1628.0,1628.0,4284.0,4284.0,43676.0,43676.0,167395.0,167395.0,19535.0,19535.0
15,2025,375.0,324.0,3.0,0.0,2100.0,1766.0,1520.0,795.0,1099.0,1078.0,100.0,41.0,3361.0,2261.0,1086.0,1095.0,4822.0,3680.0,143562.0,140234.0,595979.0,551670.0,458802.0,507522.0,1198343.0,1199426.0,77412.0,76986.0,571.0,540.0,130.0,317.0,1690.0,1733.0,1308.0,532.0,2923.0,2894.0,9.0,-73.0,1669.0,-1268.0,3820.0,6131.0,49736.0,49079.0,167395.0,167395.0,24357.0,23215.0
15,2026,364.0,384.0,3.0,8.0,2663.0,2002.0,1469.0,619.0,1348.0,1298.0,42.0,5.0,3833.0,2112.0,1328.0,1436.0,5525.0,3932.0,156076.0,152216.0,628490.0,546024.0,529160.0,619374.0,1313726.0,1317614.0,78022.0,76274.0,488.0,233.0,136.0,210.0,1735.0,1566.0,1004.0,713.0,2961.0,2859.0,-114.0,-26.0,1419.0,-685.0,3815.0,5774.0,55458.0,54401.0,167395.0,167395.0,29882.0,27147.0
15,2027,387.0,437.0,6.0,8.0,3179.0,2294.0,1758.0,604.0,1404.0,1380.0,0.0,2.0,4553.0,2128.0,1407.0,1723.0,6347.0,4288.0,168529.0,160613.0,658602.0,545941.0,597324.0,723389.0,1424455.0,1429943.0,76965.0,75845.0,287.0,563.0,58.0,73.0,2100.0,1790.0,1185.0,1645.0,2396.0,2768.0,-28.0,12.0,2219.0,456.0,3205.0,5269.0,61169.0,60689.0,167395.0,167395.0,36229.0,31435.0
15,2028,464.0,485.0,11.0,12.0,4038.0,2702.0,1934.0,843.0,1568.0,1579.0,6.0,3.0,5534.0,2429.0,1559.0,2225.0,7557.0,5139.0,180706.0,169824.0,686638.0,545929.0,660764.0,819899.0,1528108.0,1535652.0,78296.0,77389.0,511.0,190.0,248.0,238.0,1955.0,1429.0,1150.0,1111.0,2402.0,2267.0,-10.0,31.0,1828.0,145.0,3406.0,4741.0,66914.0,65765.0,167395.0,167395.0,43786.0,36574.0
15,2029,473.0,498.0,21.0,9.0,4600.0,3168.0,2037.0,1080.0,1775.0,1713.0,6.0,6.0,6114.0,2659.0,1852.0,2819.0,8439.0,5976.0,192542.0,178437.0,711994.0,545840.0,721241.0,911910.0,1625777.0,1636187.0,79048.0,77658.0,366.0,159.0,57.0,114.0,2104.0,1448.0,851.0,1018.0,2203.0,2344.0,17.0,-19.0,2180.0,127.0,2686.0,4619.0,72146.0,70670.0,167395.0,167395.0,52225.0,42550.0
15,2030,551.0,570.0,26.0,15.0,5300.0,3629.0,2013.0,1340.0,1996.0,1956.0,11.0,4.0,6725.0,2771.0,2070.0,3603.0,9346.0,6944.0,204325.0,186748.0,735282.0,545750.0,778669.0,999144.0,1718276.0,1731642.0,79356.0,78591.0,427.0,181.0,169.0,125.0,1916.0,1436.0,1030.0,1185.0,1734.0,1417.0,13.0,-16.0,1951.0,320.0,2484.0,3646.0,77008.0,74817.0,167395.0,167395.0,61571.0,49494.0
15,2031,720.0,626.0,49.0,14.0,6092.0,4056.0,2301.0,1759.0,2050.0,2058.0,14.0,6.0,7654.0,2858.0,2132.0,4409.0,10506.0,7893.0,215654.0,193707.0,756556.0,546440.0,833422.0,1082191.0,1805632.0,1822338.0,80139.0,79114.0,303.0,465.0,147.0,144.0,2385.0,1593.0,331.0,919.0,1473.0,1584.0,24.0,-4.0,2092.0,195.0,1965.0,3576.0,81368.0,79053.0,167395.0,167395.0,72077.0,57387.0
15,2032,813.0,703.0,66.0,18.0,6848.0,4544.0,2468.0,1911.0,2323.0,2296.0,7.0,4.0,8479.0,3057.0,2420.0,5013.0,11712.0,8773.0,226456.0,201976.0,776167.0,557715.0,885920.0,1147577.0,1888543.0,1907268.0,80079.0,80825.0,529.0,162.0,100.0,169.0,2370.0,1224.0,413.0,644.0,1662.0,1949.0,-40.0,69.0,1805.0,752.0,2171.0,3141.0,85873.0,83108.0,167395.0,167395.0,83789.0,66160.0
15,2033,918.0,768.0,59.0,20.0,7590.0,5139.0,2793.0,2022.0,2344.0,2320.0,10.0,4.0,9359.0,3255.0,2519.0,5482.0,12796.0,9505.0,236506.0,208582.0,793151.0,569708.0,936784.0,1211978.0,1966441.0,1990268.0,79836.0,79613.0,498.0,308.0,144.0,173.0,2099.0,1573.0,1375.0,837.0,1605.0,646.0,33.0,-87.0,2548.0,533.0,2210.0,2301.0,91129.0,86250.0,167395.0,167395.0,96585.0,75665.0
15,2034,998.0,766.0,91.0,38.0,8171.0,5746.0,2996.0,2292.0,2599.0,2577.0,12.0,6.0,10004.0,3461.0,2867.0,6432.0,13869.0,10659.0,246341.0,214193.0,807574.0,581300.0,986820.0,1273730.0,2040735.0,2069223.0,79392.0,79791.0,337.0,250.0,140.0,182.0,2048.0,1573.0,839.0,471.0,1024.0,1604.0,-3.0,37.0,2134.0,577.0,1577.0,3040.0,95177.0,90117.0,167395.0,167395.0,110454.0,86324.0
15,2035,1100.0,825.0,139.0,44.0,8860.0,6372.0,3349.0,2392.0,2511.0,2563.0,9.0,5.0,10930.0,3716.0,2838.0,6835.0,14868.0,11376.0,255864.0,219758.0,819830.0,592380.0,1035524.0,1334018.0,2111218.0,2146156.0,79007.0,79640.0,423.0,365.0,107.0,79.0,2499.0,1180.0,999.0,341.0,575.0,523.0,16.0,50.0,2479.0,306.0,1294.0,1502.0,99373.0,92290.0,167395.0,167395.0,125322.0,97700.0
15,2036,1246.0,850.0,208.0,38.0,9218.0,6836.0,3400.0,2606.0,2564.0,2591.0,13.0,4.0,11173.0,3886.0,2984.0,7339.0,15403.0,12075.0,265058.0,225703.0,829680.0,601868.0,1082890.0,1390482.0,2177628.0,2218053.0,78873.0,80092.0,533.0,300.0,184.0,140.0,1911.0,1860.0,1022.0,1019.0,1057.0,1593.0,33.0,-28.0,2229.0,1027.0,1445.0,3257.0,103580.0,96874.0,167395.0,167395.0,140725.0,109775.0
15,2037,1340.0,959.0,241.0,57.0,9649.0,7568.0,3836.0,2710.0,2730.0,2753.0,23.0,4.0,11935.0,4217.0,3204.0,7916.0,16479.0,13092.0,273428.0,231263.0,837160.0,613111.0,1127994.0,1441197.0,2238582.0,2285571.0,80106.0,82357.0,377.0,85.0,99.0,166.0,2169.0,1295.0,628.0,-29.0,1325.0,630.0,2.0,52.0,2410.0,585.0,1436.0,1444.0,107803.0,98988.0,167395.0,167395.0,157204.0,122867.0
15,2038,1510.0,1036.0,231.0,58.0,9710.0,8104.0,3904.0,2920.0,2758.0,2836.0,11.0,4.0,11851.0,4496.0,3253.0,8390.0,16614.0,13922.0,281622.0,236256.0,842935.0,625871.0,1170810.0,1487638.0,2295367.0,2349765.0,81408.0,82889.0,303.0,237.0,164.0,126.0,1331.0,1538.0,682.0,508.0,672.0,619.0,18.0,1.0,1399.0,838.0,1165.0,1717.0,110670.0,101780.0,167395.0,167395.0,173818.0,136789.0
15,2039,1621.0,1078.0,306.0,61.0,9748.0,8716.0,4087.0,3105.0,2929.0,2945.0,16.0,6.0,12015.0,5018.0,3450.0,8737.0,17086.0,14833.0,289423.0,241135.0,847426.0,638275.0,1212335.0,1531185.0,2349184.0,2410595.0,81411.0,83086.0,411.0,146.0,156.0,29.0,1371.0,1189.0,632.0,606.0,849.0,1385.0,-43.0,-42.0,1296.0,766.0,1258.0,2255.0,113635.0,104947.0,167395.0,167395.0,190904.0,151622.0
15,2040,1668.0,1085.0,367.0,84.0,9662.0,8880.0,4217.0,3226.0,3022.0,3105.0,13.0,5.0,11975.0,5083.0,3638.0,9132.0,17281.0,15300.0,296582.0,245841.0,850862.0,649768.0,1251950.0,1572969.0,2399394.0,2468578.0,81607.0,83427.0,607.0,152.0,138.0,287.0,1173.0,1044.0,1118.0,202.0,967.0,950.0,15.0,23.0,1083.0,1056.0,1721.0,1298.0,117046.0,107453.0,167395.0,167395.0,208185.0,166922.0
16,2009,0.0,0.0,0.0,0.0,0.0,0.0,0.0,0.0,0.0,0.0,0.0,0.0,0.0,0.0,0.0,0.0,0.0,0.0,38373.0,38373.0,93635.0,93635.0,73236.0,73236.0,205244.0,205244.0,63815.0,63815.0,1663.0,1663.0,0.0,0.0,522.0,522.0,7824.0,7824.0,5.0,5.0,0.0,0.0,2610.0,2610.0,4078.0,4078.0,8351.0,8351.0,140986.0,140986.0,0.0,0.0
16,2010,0.0,0.0,0.0,0.0,0.0,0.0,0.0,0.0,0.0,0.0,0.0,0.0,0.0,0.0,0.0,0.0,0.0,0.0,35917.0,35917.0,107067.0,107067.0,66499.0,66499.0,209483.0,209483.0,68124.0,68124.0,17.0,17.0,0.0,0.0,276.0,276.0,-394.0,-394.0,80.0,80.0,0.0,0.0,378.0,378.0,-433.0,-433.0,8313.0,8313.0,150263.0,150263.0,0.0,0.0
16,2011,0.0,0.0,0.0,0.0,0.0,0.0,24.0,24.0,0.0,0.0,0.0,0.0,1.0,1.0,23.0,23.0,24.0,24.0,32449.0,32449.0,125788.0,125788.0,62847.0,62847.0,221084.0,221084.0,63772.0,63772.0,-81.0,-81.0,0.0,0.0,359.0,359.0,-416.0,-416.0,301.0,301.0,0.0,0.0,355.0,355.0,-30.0,-30.0,8557.0,8557.0,139300.0,139300.0,24.0,24.0
16,2012,47.0,47.0,0.0,0.0,2.0,2.0,151.0,151.0,0.0,0.0,0.0,0.0,46.0,46.0,60.0,60.0,153.0,153.0,31729.0,31729.0,142025.0,142025.0,55299.0,55299.0,229053.0,229053.0,65033.0,65033.0,7.0,7.0,0.0,0.0,473.0,473.0,-756.0,-756.0,447.0,447.0,0.0,0.0,493.0,493.0,-336.0,-336.0,8721.0,8721.0,144647.0,144647.0,177.0,177.0
16,2013,63.0,63.0,0.0,0.0,5.0,5.0,260.0,260.0,7.0,7.0,0.0,0.0,162.0,162.0,47.0,47.0,272.0,272.0,30602.0,30602.0,154313.0,154313.0,49350.0,49350.0,234265.0,234265.0,72471.0,72471.0,-136.0,-136.0,0.0,0.0,113.0,113.0,-1032.0,-1032.0,1090.0,1090.0,0.0,0.0,317.0,317.0,-10.0,-10.0,8892.0,8892.0,161269.0,161269.0,449.0,449.0
16,2014,48.0,48.0,0.0,0.0,17.0,17.0,221.0,221.0,30.0,30.0,0.0,0.0,194.0,194.0,26.0,26.0,268.0,268.0,34726.0,34726.0,177202.0,177202.0,46672.0,46672.0,258600.0,258600.0,67884.0,67884.0,64.0,64.0,6.0,6.0,632.0,632.0,-1307.0,-1307.0,851.0,851.0,26.0,26.0,-16.0,-16.0,160.0,160.0,9100.0,9100.0,151359.0,151359.0,717.0,717.0
16,2015,67.0,67.0,0.0,0.0,42.0,42.0,177.0,177.0,89.0,89.0,0.0,0.0,160.0,160.0,81.0,81.0,308.0,308.0,42554.0,42554.0,210827.0,210827.0,58365.0,58365.0,311746.0,311746.0,64602.0,64602.0,116.0,116.0,78.0,78.0,829.0,829.0,-139.0,-139.0,1343.0,1343.0,101.0,101.0,1125.0,1125.0,971.0,971.0,11312.0,11312.0,143952.0,143952.0,1025.0,1025.0
16,2016,199.0,199.0,0.0,0.0,93.0,93.0,440.0,440.0,167.0,167.0,0.0,0.0,348.0,348.0,153.0,153.0,700.0,700.0,53988.0,53988.0,264205.0,264205.0,88975.0,88975.0,407168.0,407168.0,63061.0,63061.0,401.0,401.0,175.0,175.0,1389.0,1389.0,295.0,295.0,1460.0,1460.0,108.0,108.0,1171.0,1171.0,1855.0,1855.0,14739.0,14739.0,140350.0,140350.0,1725.0,1725.0
16,2017,127.0,127.0,0.0,0.0,175.0,175.0,496.0,496.0,266.0,266.0,0.0,0.0,560.0,560.0,250.0,250.0,937.0,937.0,68020.0,68020.0,308421.0,308421.0,109111.0,109111.0,485552.0,485552.0,62653.0,62653.0,495.0,495.0,249.0,249.0,895.0,895.0,597.0,597.0,787.0,787.0,214.0,214.0,1154.0,1154.0,1093.0,1093.0,17481.0,17481.0,139605.0,139605.0,2662.0,2662.0
16,2018,39.0,39.0,0.0,0.0,252.0,252.0,536.0,536.0,401.0,401.0,0.0,0.0,774.0,774.0,376.0,376.0,1189.0,1189.0,84297.0,84297.0,348411.0,348411.0,120885.0,120885.0,553593.0,553593.0,62706.0,62706.0,624.0,624.0,123.0,123.0,1186.0,1186.0,586.0,586.0,161.0,161.0,266.0,266.0,1018.0,1018.0,680.0,680.0,19803.0,19803.0,139482.0,139482.0,3851.0,3851.0
16,2019,121.0,121.0,0.0,0.0,389.0,389.0,865.0,865.0,565.0,565.0,0.0,0.0,1169.0,1169.0,529.0,529.0,1819.0,1819.0,92999.0,92999.0,394451.0,394451.0,152665.0,152665.0,640115.0,640115.0,63451.0,63451.0,272.0,272.0,-3.0,-3.0,1366.0,1366.0,475.0,475.0,1367.0,1367.0,34.0,34.0,1209.0,1209.0,1758.0,1758.0,23042.0,23042.0,140588.0,140588.0,5670.0,5670.0
16,2020,126.0,126.0,0.0,0.0,648.0,648.0,861.0,861.0,687.0,687.0,0.0,0.0,1416.0,1416.0,654.0,654.0,2196.0,2196.0,102633.0,102633.0,426530.0,426530.0,190237.0,190237.0,719400.0,719400.0,66627.0,66627.0,435.0,435.0,-146.0,-146.0,1059.0,1059.0,1011.0,1011.0,1835.0,1835.0,97.0,97.0,1349.0,1349.0,2072.0,2072.0,26898.0,26898.0,147154.0,147154.0,7866.0,7866.0
16,2021,136.0,136.0,0.0,0.0,759.0,759.0,883.0,883.0,694.0,694.0,0.0,0.0,1530.0,1530.0,670.0,670.0,2336.0,2336.0,112319.0,112319.0,472392.0,472392.0,215482.0,215482.0,800193.0,800193.0,88994.0,88994.0,554.0,554.0,-146.0,-146.0,769.0,769.0,2171.0,2171.0,470.0,470.0,104.0,104.0,1598.0,1598.0,1216.0,1216.0,30266.0,30266.0,195507.0,195507.0,10202.0,10202.0
16,2022,115.0,115.0,0.0,0.0,785.0,785.0,949.0,949.0,678.0,678.0,4.0,4.0,1647.0,1647.0,654.0,654.0,2416.0,2416.0,109363.0,109363.0,489015.0,489015.0,237191.0,237191.0,835569.0,835569.0,126509.0,126509.0,9.0,9.0,-19.0,-19.0,612.0,612.0,130.0,130.0,1208.0,1208.0,-158.0,-158.0,418.0,418.0,1346.0,1346.0,32039.0,32039.0,275252.0,275252.0,12618.0,12618.0
16,2023,177.0,177.0,0.0,0.0,1125.0,1125.0,1176.0,1176.0,747.0,747.0,15.0,15.0,2171.0,2171.0,715.0,715.0,3063.0,3063.0,115457.0,115457.0,528046.0,528046.0,304907.0,304907.0,948410.0,948410.0,89378.0,89378.0,113.0,113.0,126.0,126.0,1755.0,1755.0,1311.0,1311.0,2615.0,2615.0,-99.0,-99.0,1929.0,1929.0,3666.0,3666.0,37747.0,37747.0,193927.0,193927.0,15681.0,15681.0
16,2024,322.0,322.0,0.0,0.0,1561.0,1561.0,1217.0,1217.0,903.0,903.0,103.0,103.0,2572.0,2572.0,890.0,890.0,3784.0,3784.0,129351.0,129351.0,563190.0,563190.0,383686.0,383686.0,1076227.0,1076227.0,77321.0,77321.0,480.0,480.0,164.0,164.0,1368.0,1368.0,1351.0,1351.0,3201.0,3201.0,-106.0,-106.0,1341.0,1341.0,4157.0,4157.0,43725.0,43725.0,167395.0,167395.0,19465.0,19465.0
16,2025,394.0,324.0,0.0,0.0,2102.0,1749.0,1563.0,844.0,1146.0,1158.0,109.0,29.0,3399.0,2288.0,1127.0,1168.0,4920.0,3780.0,142587.0,139406.0,596608.0,552351.0,458397.0,507472.0,1197592.0,1199229.0,77484.0,76809.0,475.0,364.0,76.0,213.0,1593.0,1650.0,1545.0,638.0,3023.0,2852.0,52.0,-26.0,1830.0,-1035.0,3984.0,5998.0,50014.0,49052.0,167395.0,167395.0,24385.0,23245.0
16,2026,362.0,351.0,4.0,11.0,2709.0,1981.0,1586.0,675.0,1212.0,1201.0,41.0,2.0,3996.0,2174.0,1194.0,1345.0,5552.0,3870.0,155494.0,151568.0,629072.0,546742.0,528779.0,619087.0,1313345.0,1317397.0,77826.0,76165.0,390.0,430.0,146.0,338.0,1717.0,1668.0,545.0,573.0,2936.0,2963.0,-74.0,-64.0,1296.0,-755.0,3584.0,5803.0,55284.0,54530.0,167395.0,167395.0,29937.0,27115.0
16,2027,406.0,439.0,4.0,15.0,3199.0,2385.0,1743.0,616.0,1370.0,1381.0,1.0,8.0,4562.0,2223.0,1349.0,1743.0,6317.0,4405.0,167732.0,160284.0,659661.0,546933.0,596595.0,722939.0,1423988.0,1430156.0,77144.0,75603.0,512.0,230.0,169.0,125.0,1932.0,1401.0,988.0,1308.0,2753.0,3071.0,-50.0,66.0,1771.0,50.0,3509.0,5691.0,61076.0,60501.0,167395.0,167395.0,36254.0,31520.0
16,2028,461.0,481.0,13.0,10.0,3872.0,2637.0,1949.0,811.0,1508.0,1509.0,13.0,3.0,5342.0,2314.0,1552.0,2175.0,7355.0,4970.0,179917.0,169204.0,687871.0,547007.0,660132.0,819769.0,1527920.0,1535980.0,78480.0,77518.0,319.0,441.0,129.0,193.0,1883.0,1397.0,1185.0,1233.0,2208.0,2180.0,-30.0,17.0,1896.0,198.0,3160.0,4381.0,66451.0,65521.0,167395.0,167395.0,43609.0,36490.0
16,2029,495.0,520.0,26.0,21.0,4654.0,3203.0,2114.0,1122.0,1769.0,1759.0,8.0,4.0,6247.0,2688.0,1829.0,2901.0,8571.0,6109.0,191785.0,177665.0,714090.0,547496.0,719987.0,911570.0,1625862.0,1636731.0,79140.0,77770.0,395.0,200.0,80.0,39.0,2158.0,1604.0,965.0,1260.0,2115.0,1963.0,12.0,-45.0,2202.0,256.0,2733.0,4365.0,71781.0,70342.0,167395.0,167395.0,52180.0,42599.0
16,2030,546.0,558.0,36.0,17.0,5476.0,3647.0,2105.0,1376.0,1879.0,1932.0,4.0,3.0,7005.0,2791.0,1949.0,3626.0,9500.0,6975.0,203711.0,186218.0,737237.0,547258.0,777426.0,998368.0,1718374.0,1731844.0,79458.0,78827.0,447.0,395.0,187.0,204.0,2555.0,1513.0,948.0,1377.0,1407.0,1479.0,15.0,8.0,2518.0,406.0,2147.0,3780.0,76893.0,74923.0,167395.0,167395.0,61680.0,49574.0
16,2031,721.0,673.0,55.0,18.0,6111.0,4120.0,2320.0,1769.0,2024.0,2130.0,5.0,3.0,7659.0,2907.0,2135.0,4460.0,10515.0,8040.0,215054.0,193434.0,758535.0,547362.0,831822.0,1081442.0,1805411.0,1822238.0,80108.0,79213.0,412.0,47.0,106.0,122.0,1740.0,1435.0,970.0,920.0,1972.0,1824.0,37.0,32.0,1643.0,99.0,2770.0,4187.0,81718.0,79256.0,167395.0,167395.0,72195.0,57614.0
16,2032,849.0,761.0,57.0,30.0,6934.0,4687.0,2430.0,1936.0,2125.0,2094.0,7.0,3.0,8475.0,3075.0,2229.0,4914.0,11553.0,8750.0,225794.0,201635.0,777061.0,558169.0,884384.0,1147043.0,1887239.0,1906847.0,80318.0,80718.0,610.0,585.0,176.0,121.0,2700.0,1883.0,862.0,554.0,1274.0,1713.0,-13.0,9.0,2612.0,799.0,1777.0,2896.0,86717.0,83536.0,167395.0,167395.0,83748.0,66364.0
16,2033,884.0,718.0,67.0,30.0,7602.0,5216.0,2665.0,2021.0,2315.0,2310.0,10.0,6.0,9294.0,3286.0,2481.0,5579.0,12659.0,9583.0,236075.0,208064.0,794369.0,569990.0,935040.0,1210790.0,1965484.0,1988844.0,79935.0,79794.0,225.0,185.0,85.0,162.0,1772.0,1281.0,259.0,824.0,1887.0,1281.0,-37.0,-12.0,1549.0,500.0,2192.0,2851.0,90683.0,87072.0,167395.0,167395.0,96407.0,75947.0
16,2034,1007.0,796.0,105.0,36.0,8327.0,5757.0,2939.0,2224.0,2506.0,2411.0,8.0,8.0,10103.0,3422.0,2775.0,6218.0,13885.0,10436.0,245839.0,213508.0,809171.0,581726.0,985339.0,1272590.0,2040349.0,2067824.0,79210.0,79796.0,579.0,328.0,203.0,175.0,2262.0,1206.0,1092.0,677.0,469.0,956.0,79.0,1.0,2378.0,764.0,1148.0,1923.0,94788.0,90087.0,167395.0,167395.0,110292.0,86383.0
16,2035,1070.0,823.0,146.0,29.0,8802.0,6334.0,3296.0,2439.0,2631.0,2578.0,13.0,9.0,10828.0,3721.0,2990.0,6845.0,14888.0,11389.0,255315.0,219235.0,821394.0,592759.0,1034576.0,1332392.0,2111285.0,2144386.0,78885.0,79759.0,262.0,154.0,63.0,115.0,2212.0,1622.0,1115.0,-68.0,906.0,732.0,-42.0,54.0,2558.0,363.0,1434.0,1938.0,99042.0,92542.0,167395.0,167395.0,125180.0,97772.0
16,2036,1263.0,927.0,167.0,34.0,9396.0,7104.0,3483.0,2619.0,2605.0,2643.0,18.0,4.0,11469.0,4003.0,2937.0,7474.0,15669.0,12404.0,264566.0,225203.0,831032.0,602484.0,1081731.0,1389244.0,2177329.0,2216931.0,79245.0,80428.0,458.0,177.0,220.0,110.0,1982.0,1627.0,943.0,651.0,1312.0,991.0,75.0,-31.0,2399.0,810.0,1675.0,2361.0,103574.0,95890.0,167395.0,167395.0,140849.0,110176.0
16,2037,1353.0,922.0,201.0,52.0,9874.0,7739.0,3783.0,2662.0,2725.0,2717.0,20.0,7.0,12056.0,4330.0,3194.0,7925.0,16603.0,13177.0,273298.0,231109.0,838824.0,613402.0,1126953.0,1440258.0,2239075.0,2284769.0,80294.0,82158.0,325.0,140.0,5.0,202.0,1766.0,1276.0,463.0,397.0,1043.0,1127.0,-28.0,-25.0,1728.0,437.0,1196.0,2400.0,106823.0,98867.0,167395.0,167395.0,157452.0,123353.0
16,2038,1552.0,1021.0,289.0,50.0,10018.0,8003.0,3883.0,2899.0,2791.0,2804.0,17.0,5.0,12147.0,4655.0,3299.0,8085.0,16998.0,13761.0,282107.0,236622.0,844118.0,625708.0,1170052.0,1486663.0,2296277.0,2348993.0,81243.0,82798.0,401.0,191.0,148.0,53.0,1839.0,1175.0,978.0,728.0,621.0,995.0,9.0,23.0,2084.0,933.0,1110.0,1850.0,110418.0,101841.0,167395.0,167395.0,174450.0,137114.0
16,2039,1597.0,1086.0,298.0,49.0,9596.0,8398.0,4098.0,3147.0,2853.0,2852.0,17.0,8.0,11857.0,4816.0,3408.0,8552.0,16862.0,14454.0,289891.0,241578.0,848605.0,638278.0,1210811.0,1529745.0,2349307.0,2409601.0,81338.0,83089.0,450.0,495.0,261.0,150.0,1355.0,1616.0,1134.0,687.0,1368.0,867.0,-41.0,5.0,1535.0,922.0,2092.0,1908.0,114495.0,105166.0,167395.0,167395.0,191312.0,151568.0
16,2040,1663.0,1098.0,363.0,73.0,9752.0,8741.0,4214.0,3236.0,3024.0,3221.0,21.0,10.0,12068.0,5104.0,3643.0,9079.0,17374.0,15281.0,297272.0,246119.0,851866.0,649696.0,1250553.0,1571534.0,2399691.0,2467349.0,81591.0,83799.0,370.0,82.0,149.0,130.0,1265.0,1015.0,271.0,-82.0,699.0,1089.0,9.0,-2.0,1112.0,713.0,911.0,1355.0,116888.0,107316.0,167395.0,167395.0,208686.0,166849.0
17,2009,0.0,0.0,0.0,0.0,0.0,0.0,0.0,0.0,0.0,0.0,0.0,0.0,0.0,0.0,0.0,0.0,0.0,0.0,38503.0,38503.0,93243.0,93243.0,73929.0,73929.0,205675.0,205675.0,63656.0,63656.0,1668.0,1668.0,0.0,0.0,508.0,508.0,7566.0,7566.0,5.0,5.0,0.0,0.0,2490.0,2490.0,3921.0,3921.0,8079.0,8079.0,140986.0,140986.0,0.0,0.0
17,2010,0.0,0.0,0.0,0.0,0.0,0.0,0.0,0.0,0.0,0.0,0.0,0.0,0.0,0.0,0.0,0.0,0.0,0.0,36047.0,36047.0,106625.0,106625.0,67215.0,67215.0,209887.0,209887.0,68135.0,68135.0,-75.0,-75.0,0.0,0.0,321.0,321.0,-155.0,-155.0,84.0,84.0,0.0,0.0,522.0,522.0,-197.0,-197.0,8329.0,8329.0,150263.0,150263.0,0.0,0.0
17,2011,0.0,0.0,0.0,0.0,0.0,0.0,33.0,33.0,0.0,0.0,0.0,0.0,0.0,0.0,33.0,33.0,33.0,33.0,32796.0,32796.0,125176.0,125176.0,63592.0,63592.0,221564.0,221564.0,63579.0,63579.0,5.0,5.0,0.0,0.0,365.0,365.0,-309.0,-309.0,289.0,289.0,0.0,0.0,527.0,527.0,-187.0,-187.0,8674.0,8674.0,139300.0,139300.0,33.0,33.0
17,2012,38.0,38.0,0.0,0.0,1.0,1.0,160.0,160.0,2.0,2.0,0.0,0.0,46.0,46.0,79.0,79.0,163.0,163.0,32115.0,32115.0,141432.0,141432.0,55948.0,55948.0,229495.0,229495.0,65331.0,65331.0,7.0,7.0,0.0,0.0,379.0,379.0,-1077.0,-1077.0,485.0,485.0,0.0,0.0,102.0,102.0,-322.0,-322.0,8461.0,8461.0,144647.0,144647.0,196.0,196.0
17,2013,59.0,59.0,0.0,0.0,4.0,4.0,244.0,244.0,10.0,10.0,0.0,0.0,145.0,145.0,54.0,54.0,258.0,258.0,30824.0,30824.0,153883.0,153883.0,49844.0,49844.0,234551.0,234551.0,72598.0,72598.0,-118.0,-118.0,0.0,0.0,233.0,233.0,-889.0,-889.0,1116.0,1116.0,0.0,0.0,494.0,494.0,84.0,84.0,8921.0,8921.0,161269.0,161269.0,454.0,454.0
17,2014,58.0,58.0,0.0,0.0,24.0,24.0,222.0,222.0,31.0,31.0,0.0,0.0,186.0,186.0,33.0,33.0,277.0,277.0,34659.0,34659.0,176626.0,176626.0,47198.0,47198.0,258483.0,258483.0,68200.0,68200.0,14.0,14.0,4.0,4.0,512.0,512.0,-1027.0,-1027.0,758.0,758.0,19.0,19.0,137.0,137.0,115.0,115.0,9187.0,9187.0,151359.0,151359.0,731.0,731.0
17,2015,90.0,90.0,0.0,0.0,62.0,62.0,195.0,195.0,98.0,98.0,0.0,0.0,172.0,172.0,93.0,93.0,355.0,355.0,42420.0,42420.0,210025.0,210025.0,59151.0,59151.0,311596.0,311596.0,64733.0,64733.0,163.0,163.0,90.0,90.0,860.0,860.0,-334.0,-334.0,1301.0,1301.0,110.0,110.0,948.0,948.0,916.0,916.0,11214.0,11214.0,143952.0,143952.0,1086.0,1086.0
17,2016,240.0,240.0,0.0,0.0,107.0,107.0,440.0,440.0,184.0,184.0,0.0,0.0,317.0,317.0,174.0,174.0,731.0,731.0,53885.0,53885.0,263458.0,263458.0,89888.0,89888.0,407231.0,407231.0,62997.0,62997.0,351.0,351.0,168.0,168.0,1468.0,1468.0,244.0,244.0,1383.0,1383.0,113.0,113.0,1212.0,1212.0,1813.0,1813.0,14590.0,14590.0,140350.0,140350.0,1817.0,1817.0
17,2017,140.0,140.0,0.0,0.0,163.0,163.0,522.0,522.0,293.0,293.0,0.0,0.0,558.0,558.0,280.0,280.0,978.0,978.0,68204.0,68204.0,307605.0,307605.0,109877.0,109877.0,485686.0,485686.0,62614.0,62614.0,520.0,520.0,272.0,272.0,960.0,960.0,528.0,528.0,913.0,913.0,186.0,186.0,1104.0,1104.0,1235.0,1235.0,17449.0,17449.0,139605.0,139605.0,2795.0,2795.0
17,2018,40.0,40.0,0.0,0.0,270.0,270.0,540.0,540.0,420.0,420.0,0.0,0.0,794.0,794.0,396.0,396.0,1230.0,1230.0,84436.0,84436.0,347450.0,347450.0,121823.0,121823.0,553709.0,553709.0,62393.0,62393.0,664.0,664.0,172.0,172.0,1224.0,1224.0,793.0,793.0,208.0,208.0,288.0,288.0,1319.0,1319.0,702.0,702.0,20134.0,20134.0,139482.0,139482.0,4025.0,4025.0
17,2019,135.0,135.0,0.0,0.0,441.0,441.0,922.0,922.0,534.0,534.0,0.0,0.0,1262.0,1262.0,500.0,500.0,1897.0,1897.0,93002.0,93002.0,393541.0,393541.0,153598.0,153598.0,640141.0,640141.0,63482.0,63482.0,316.0,316.0,-98.0,-98.0,1346.0,1346.0,454.0,454.0,1184.0,1184.0,81.0,81.0,951.0,951.0,1700.0,1700.0,23101.0,23101.0,140588.0,140588.0,5922.0,5922.0
17,2020,134.0,134.0,2.0,2.0,636.0,636.0,826.0,826.0,689.0,689.0,0.0,0.0,1378.0,1378.0,641.0,641.0,2153.0,2153.0,102668.0,102668.0,425986.0,425986.0,190280.0,190280.0,718934.0,718934.0,66950.0,66950.0,371.0,371.0,-128.0,-128.0,1035.0,1035.0,987.0,987.0,2008.0,2008.0,64.0,64.0,1410.0,1410.0,2185.0,2185.0,27067.0,27067.0,147154.0,147154.0,8075.0,8075.0
17,2021,165.0,165.0,0.0,0.0,821.0,821.0,882.0,882.0,719.0,719.0,0.0,0.0,1576.0,1576.0,681.0,681.0,2422.0,2422.0,112322.0,112322.0,472198.0,472198.0,215127.0,215127.0,799647.0,799647.0,88894.0,88894.0,505.0,505.0,-121.0,-121.0,937.0,937.0,1972.0,1972.0,498.0,498.0,93.0,93.0,1635.0,1635.0,1239.0,1239.0,30446.0,30446.0,195507.0,195507.0,10497.0,10497.0
17,2022,129.0,129.0,0.0,0.0,775.0,775.0,946.0,946.0,680.0,680.0,1.0,1.0,1622.0,1622.0,651.0,651.0,2402.0,2402.0,109678.0,109678.0,488275.0,488275.0,237078.0,237078.0,835031.0,835031.0,126452.0,126452.0,38.0,38.0,-74.0,-74.0,501.0,501.0,265.0,265.0,1144.0,1144.0,-194.0,-194.0,438.0,438.0,1166.0,1166.0,32088.0,32088.0,275252.0,275252.0,12899.0,12899.0
17,2023,174.0,174.0,0.0,0.0,1065.0,1065.0,1229.0,1229.0,793.0,793.0,15.0,15.0,2166.0,2166.0,762.0,762.0,3102.0,3102.0,115867.0,115867.0,527222.0,527222.0,304724.0,304724.0,947813.0,947813.0,89618.0,89618.0,141.0,141.0,179.0,179.0,1504.0,1504.0,1169.0,1169.0,2716.0,2716.0,-90.0,-90.0,1548.0,1548.0,3789.0,3789.0,37566.0,37566.0,193927.0,193927.0,16001.0,16001.0
17,2024,316.0,316.0,0.0,0.0,1504.0,1504.0,1242.0,1242.0,941.0,941.0,84.0,84.0,2545.0,2545.0,910.0,910.0,3771.0,3771.0,130315.0,130315.0,562215.0,562215.0,383177.0,383177.0,1075707.0,1075707.0,77033.0,77033.0,560.0,560.0,70.0,70.0,1561.0,1561.0,1539.0,1539.0,3235.0,3235.0,-35.0,-35.0,1540.0,1540.0,4270.0,4270.0,43936.0,43936.0,167395.0,167395.0,19772.0,19772.0
17,2025,343.0,297.0,1.0,0.0,2076.0,1711.0,1519.0,783.0,1097.0,1073.0,104.0,32.0,3381.0,2218.0,1073.0,1084.0,4797.0,3599.0,143852.0,140447.0,595951.0,551398.0,457658.0,506715.0,1197461.0,1198560.0,77317.0,76919.0,402.0,329.0,173.0,312.0,1275.0,1293.0,1324.0,539.0,3152.0,3064.0,-68.0,-53.0,1550.0,-1209.0,3904.0,6035.0,49792.0,49091.0,167395.0,167395.0,24569.0,23371.0
17,2026,364.0,353.0,2.0,8.0,2577.0,1921.0,1536.0,629.0,1255.0,1268.0,54.0,2.0,3826.0,2064.0,1234.0,1411.0,5424.0,3828.0,156424.0,152214.0,627614.0,544825.0,528694.0,619333.0,1312732.0,1316372.0,77729.0,76044.0,501.0,355.0,136.0,289.0,2066.0,1808.0,1161.0,1148.0,2724.0,2749.0,-16.0,-78.0,1962.0,-197.0,3608.0,5758.0,55863.0,55007.0,167395.0,167395.0,29993.0,27199.0
17,2027,364.0,405.0,11.0,10.0,3149.0,2296.0,1715.0,596.0,1370.0,1409.0,3.0,3.0,4501.0,2170.0,1383.0,1739.0,6248.0,4314.0,168772.0,160906.0,657770.0,544765.0,596775.0,723504.0,1423317.0,1429175.0,76865.0,75579.0,242.0,387.0,201.0,79.0,1652.0,1541.0,930.0,1000.0,2843.0,2805.0,-76.0,49.0,1633.0,-399.0,3675.0,5486.0,61413.0,60481.0,167395.0,167395.0,36241.0,31513.0
17,2028,463.0,486.0,14.0,11.0,3962.0,2674.0,1845.0,814.0,1563.0,1560.0,12.0,4.0,5332.0,2320.0,1601.0,2257.0,7396.0,5063.0,180865.0,169657.0,686087.0,545286.0,660283.0,820252.0,1527235.0,1535195.0,78086.0,77311.0,522.0,240.0,46.0,253.0,1903.0,1379.0,1161.0,1086.0,2301.0,2387.0,35.0,-54.0,1848.0,144.0,3076.0,4667.0,66859.0,65532.0,167395.0,167395.0,43637.0,36576.0
17,2029,495.0,531.0,22.0,13.0,4607.0,3096.0,2077.0,1066.0,1688.0,1710.0,5.0,7.0,6146.0,2595.0,1758.0,2766.0,8399.0,5892.0,193109.0,178526.0,711728.0,545439.0,720464.0,912228.0,1625301.0,1636193.0,78909.0,77653.0,316.0,236.0,168.0,125.0,2171.0,1326.0,759.0,1206.0,1926.0,1949.0,5.0,74.0,2052.0,357.0,2661.0,4087.0,71888.0,70212.0,167395.0,167395.0,52036.0,42468.0
17,2030,555.0,582.0,27.0,21.0,5429.0,3597.0,2085.0,1382.0,1921.0,1945.0,6.0,3.0,6916.0,2677.0,1997.0,3689.0,9468.0,6948.0,204797.0,186694.0,734624.0,544859.0,778248.0,1000120.0,1717669.0,1731673.0,79460.0,78681.0,569.0,470.0,137.0,137.0,2426.0,1822.0,897.0,1159.0,1662.0,1400.0,25.0,-28.0,2386.0,466.0,2192.0,3554.0,77035.0,74702.0,167395.0,167395.0,61504.0,49416.0
17,2031,762.0,691.0,38.0,21.0,6100.0,4066.0,2417.0,1794.0,2018.0,2031.0,8.0,7.0,7691.0,2845.0,2128.0,4383.0,10581.0,7919.0,216234.0,194245.0,755899.0,545292.0,832550.0,1082665.0,1804683.0,1822202.0,80308.0,79265.0,396.0,78.0,20.0,73.0,2114.0,1357.0,667.0,1027.0,1741.0,1881.0,-36.0,29.0,1779.0,94.0,2331.0,4195.0,81541.0,79069.0,167395.0,167395.0,72085.0,57335.0
17,2032,820.0,714.0,68.0,19.0,6921.0,4718.0,2378.0,1896.0,2172.0,2230.0,9.0,3.0,8420.0,3100.0,2308.0,5052.0,11548.0,8866.0,226938.0,202479.0,774855.0,556691.0,884895.0,1147978.0,1886688.0,1907148.0,80241.0,80753.0,442.0,317.0,204.0,215.0,2535.0,1449.0,839.0,721.0,1474.0,1718.0,24.0,-8.0,2401.0,699.0,2233.0,3079.0,86617.0,83164.0,167395.0,167395.0,83633.0,66201.0
17,2033,857.0,708.0,57.0,30.0,7748.0,5349.0,2639.0,2128.0,2332.0,2228.0,8.0,4.0,9392.0,3399.0,2535.0,5632.0,12784.0,9739.0,237340.0,208779.0,791848.0,568419.0,935484.0,1212188.0,1964672.0,1989386.0,80084.0,80058.0,322.0,406.0,149.0,201.0,1847.0,1668.0,790.0,534.0,1424.0,1016.0,-32.0,-16.0,1806.0,481.0,2050.0,2516.0,90795.0,86567.0,167395.0,167395.0,96417.0,75940.0
17,2034,1025.0,782.0,95.0,29.0,8255.0,5757.0,3008.0,2189.0,2471.0,2416.0,10.0,6.0,10083.0,3516.0,2731.0,6099.0,13839.0,10397.0,247613.0,214547.0,806420.0,580096.0,985612.0,1273992.0,2039645.0,2068635.0,79156.0,79823.0,263.0,188.0,155.0,8.0,2204.0,1334.0,703.0,614.0,839.0,1234.0,38.0,34.0,2535.0,779.0,1141.0,2257.0,94734.0,89791.0,167395.0,167395.0,110256.0,86337.0
17,2035,1149.0,862.0,134.0,40.0,8993.0,6473.0,3299.0,2397.0,2509.0,2556.0,12.0,7.0,11007.0,3843.0,2791.0,6768.0,14947.0,11473.0,257408.0,220485.0,818717.0,590760.0,1034271.0,1333815.0,2110396.0,2145060.0,79246.0,79509.0,342.0,117.0,84.0,101.0,2148.0,1504.0,754.0,517.0,1161.0,1033.0,-15.0,-17.0,2108.0,517.0,1682.0,2504.0,98866.0,92929.0,167395.0,167395.0,125203.0,97810.0
17,2036,1308.0,957.0,177.0,38.0,9392.0,7029.0,3451.0,2585.0,2617.0,2658.0,8.0,7.0,11373.0,3892.0,2964.0,7468.0,15645.0,12317.0,266110.0,226157.0,828678.0,600887.0,1081725.0,1391275.0,2176513.0,2218319.0,79107.0,80057.0,734.0,340.0,242.0,217.0,2259.0,1048.0,1342.0,477.0,896.0,891.0,34.0,-15.0,2635.0,449.0,1404.0,1829.0,103639.0,95547.0,167395.0,167395.0,140848.0,110127.0
17,2037,1383.0,1017.0,214.0,44.0,9780.0,7565.0,3771.0,2850.0,2576.0,2689.0,12.0,4.0,11943.0,4325.0,3027.0,7810.0,16353.0,13152.0,274692.0,231482.0,836457.0,612189.0,1126794.0,1442024.0,2237943.0,2285695.0,80495.0,82354.0,434.0,294.0,104.0,189.0,1482.0,1831.0,963.0,476.0,725.0,1067.0,25.0,23.0,1748.0,742.0,1117.0,2550.0,106938.0,99133.0,167395.0,167395.0,157201.0,123279.0
17,2038,1474.0,1047.0,271.0,45.0,9528.0,7986.0,3734.0,3002.0,2811.0,2861.0,14.0,5.0,11600.0,4475.0,3284.0,8377.0,16358.0,13899.0,283150.0,236693.0,842467.0,624876.0,1169836.0,1488616.0,2295453.0,2350185.0,81207.0,82825.0,207.0,-3.0,124.0,73.0,1419.0,1311.0,680.0,383.0,981.0,662.0,4.0,-14.0,1739.0,970.0,1262.0,1448.0,110146.0,101548.0,167395.0,167395.0,173559.0,137178.0
17,2039,1655.0,1080.0,305.0,44.0,9913.0,8482.0,4152.0,3101.0,2877.0,2916.0,14.0,8.0,12158.0,4867.0,3448.0,8604.0,17261.0,14551.0,290773.0,241547.0,847040.0,637288.0,1210926.0,1532106.0,2348739.0,2410941.0,81634.0,83200.0,721.0,293.0,188.0,147.0,1779.0,1056.0,626.0,855.0,1203.0,1279.0,1.0,22.0,1386.0,823.0,1690.0,2243.0,113943.0,104907.0,167395.0,167395.0,190820.0,151729.0
17,2040,1778.0,1154.0,402.0,81.0,9806.0,9181.0,4273.0,3261.0,3007.0,3044.0,9.0,5.0,12097.0,5230.0,3622.0,9188.0,17497.0,15572.0,297861.0,246048.0,850510.0,648741.0,1250545.0,1573285.0,2398916.0,2468074.0,81560.0,83908.0,458.0,428.0,193.0,101.0,1351.0,1686.0,760.0,196.0,880.0,907.0,-1.0,25.0,1342.0,937.0,1383.0,1550.0,117126.0,107822.0,167395.0,167395.0,208317.0,167301.0
18,2009,0.0,0.0,0.0,0.0,0.0,0.0,0.0,0.0,0.0,0.0,0.0,0.0,0.0,0.0,0.0,0.0,0.0,0.0,38566.0,38566.0,93660.0,93660.0,73288.0,73288.0,205514.0,205514.0,63725.0,63725.0,1670.0,1670.0,0.0,0.0,532.0,532.0,7639.0,7639.0,0.0,0.0,0.0,0.0,2631.0,2631.0,3870.0,3870.0,8171.0,8171.0,140986.0,140986.0,0.0,0.0
18,2010,0.0,0.0,0.0,0.0,0.0,0.0,0.0,0.0,0.0,0.0,0.0,0.0,0.0,0.0,0.0,0.0,0.0,0.0,36195.0,36195.0,107212.0,107212.0,66309.0,66309.0,209716.0,209716.0,68340.0,68340.0,-62.0,-62.0,0.0,0.0,219.0,219.0,-343.0,-343.0,87.0,87.0,0.0,0.0,220.0,220.0,-195.0,-195.0,8134.0,8134.0,150263.0,150263.0,0.0,0.0
18,2011,0.0,0.0,0.0,0.0,0.0,0.0,28.0,28.0,0.0,0.0,0.0,0.0,0.0,0.0,28.0,28.0,28.0,28.0,32817.0,32817.0,125911.0,125911.0,62292.0,62292.0,221020.0,221020.0,63998.0,63998.0,49.0,49.0,0.0,0.0,467.0,467.0,-221.0,-221.0,248.0,248.0,0.0,0.0,580.0,580.0,-135.0,-135.0,8628.0,8628.0,139300.0,139300.0,28.0,28.0
18,2012,29.0,29.0,0.0,0.0,1.0,1.0,152.0,152.0,5.0,5.0,0.0,0.0,54.0,54.0,75.0,75.0,158.0,158.0,32353.0,32353.0,141838.0,141838.0,54972.0,54972.0,229163.0,229163.0,64967.0,64967.0,-79.0,-79.0,0.0,0.0,375.0,375.0,-877.0,-877.0,487.0,487.0,0.0,0.0,388.0,388.0,-324.0,-324.0,8613.0,8613.0,144647.0,144647.0,186.0,186.0
18,2013,63.0,63.0,0.0,0.0,3.0,3.0,257.0,257.0,7.0,7.0,0.0,0.0,153.0,153.0,51.0,51.0,267.0,267.0,31086.0,31086.0,153998.0,153998.0,49051.0,49051.0,234135.0,234135.0,72668.0,72668.0,-29.0,-29.0,0.0,0.0,170.0,170.0,-899.0,-899.0,1051.0,1051.0,0.0,0.0,352.0,352.0,-1.0,-1.0,8935.0,8935.0,161269.0,161269.0,453.0,453.0
18,2014,51.0,51.0,0.0,0.0,12.0,12.0,217.0,217.0,29.0,29.0,0.0,0.0,180.0,180.0,27.0,27.0,258.0,258.0,34980.0,34980.0,176642.0,176642.0,46662.0,46662.0,258284.0,258284.0,67968.0,67968.0,-9.0,-9.0,5.0,5.0,583.0,583.0,-1212.0,-1212.0,868.0,868.0,23.0,23.0,113.0,113.0,163.0,163.0,9202.0,9202.0,151359.0,151359.0,711.0,711.0
18,2015,98.0,98.0,0.0,0.0,74.0,74.0,189.0,189.0,94.0,94.0,0.0,0.0,168.0,168.0,91.0,91.0,357.0,357.0,42841.0,42841.0,210372.0,210372.0,58298.0,58298.0,311511.0,311511.0,64543.0,64543.0,164.0,164.0,75.0,75.0,844.0,844.0,-369.0,-369.0,1430.0,1430.0,108.0,108.0,841.0,841.0,1083.0,1083.0,11290.0,11290.0,143952.0,143952.0,1068.0,1068.0
18,2016,225.0,225.0,0.0,0.0,123.0,123.0,433.0,433.0,192.0,192.0,0.0,0.0,339.0,339.0,184.0,184.0,748.0,748.0,54215.0,54215.0,263718.0,263718.0,89175.0,89175.0,407108.0,407108.0,62848.0,62848.0,404.0,404.0,202.0,202.0,1427.0,1427.0,394.0,394.0,1361.0,1361.0,103.0,103.0,1330.0,1330.0,1753.0,1753.0,14777.0,14777.0,140350.0,140350.0,1816.0,1816.0
18,2017,116.0,116.0,0.0,0.0,157.0,157.0,483.0,483.0,291.0,291.0,0.0,0.0,540.0,540.0,275.0,275.0,931.0,931.0,68072.0,68072.0,307906.0,307906.0,109462.0,109462.0,485440.0,485440.0,62509.0,62509.0,448.0,448.0,218.0,218.0,1009.0,1009.0,597.0,597.0,885.0,885.0,191.0,191.0,1231.0,1231.0,1221.0,1221.0,17677.0,17677.0,139605.0,139605.0,2747.0,2747.0
18,2018,47.0,47.0,0.0,0.0,255.0,255.0,537.0,537.0,402.0,402.0,0.0,0.0,758.0,758.0,389.0,389.0,1194.0,1194.0,84416.0,84416.0,347808.0,347808.0,121351.0,121351.0,553575.0,553575.0,62389.0,62389.0,600.0,600.0,206.0,206.0,1135.0,1135.0,571.0,571.0,128.0,128.0,309.0,309.0,1208.0,1208.0,541.0,541.0,20026.0,20026.0,139482.0,139482.0,3941.0,3941.0
18,2019,126.0,126.0,1.0,1.0,407.0,407.0,874.0,874.0,536.0,536.0,0.0,0.0,1184.0,1184.0,508.0,508.0,1818.0,1818.0,93285.0,93285.0,393363.0,393363.0,153278.0,153278.0,639926.0,639926.0,63497.0,63497.0,325.0,325.0,-71.0,-71.0,1293.0,1293.0,559.0,559.0,1325.0,1325.0,35.0,35.0,956.0,956.0,1860.0,1860.0,23167.0,23167.0,140588.0,140588.0,5759.0,5759.0
18,2020,127.0,127.0,2.0,2.0,647.0,647.0,900.0,900.0,619.0,619.0,0.0,0.0,1450.0,1450.0,591.0,591.0,2168.0,2168.0,102928.0,102928.0,425863.0,425863.0,190467.0,190467.0,719258.0,719258.0,66575.0,66575.0,443.0,443.0,-158.0,-158.0,990.0,990.0,937.0,937.0,1881.0,1881.0,86.0,86.0,1128.0,1128.0,2165.0,2165.0,26903.0,26903.0,147154.0,147154.0,7927.0,7927.0
18,2021,147.0,147.0,0.0,0.0,730.0,730.0,882.0,882.0,719.0,719.0,0.0,0.0,1499.0,1499.0,685.0,685.0,2331.0,2331.0,112740.0,112740.0,471881.0,471881.0,215373.0,215373.0,799994.0,799994.0,89073.0,89073.0,495.0,495.0,-121.0,-121.0,980.0,980.0,1800.0,1800.0,611.0,611.0,71.0,71.0,1556.0,1556.0,1290.0,1290.0,30244.0,30244.0,195507.0,195507.0,10258.0,10258.0
18,2022,132.0,132.0,0.0,0.0,751.0,751.0,977.0,977.0,672.0,672.0,7.0,7.0,1644.0,1644.0,631.0,631.0,2407.0,2407.0,110058.0,110058.0,488523.0,488523.0,236851.0,236851.0,835432.0,835432.0,126274.0,126274.0,26.0,26.0,-61.0,-61.0,480.0,480.0,626.0,626.0,1066.0,1066.0,-143.0,-143.0,673.0,673.0,1269.0,1269.0,32212.0,32212.0,275252.0,275252.0,12665.0,12665.0
18,2023,152.0,152.0,0.0,0.0,1097.0,1097.0,1083.0,1083.0,779.0,779.0,14.0,14.0,2073.0,2073.0,748.0,748.0,2973.0,2973.0,115853.0,115853.0,528091.0,528091.0,304142.0,304142.0,948086.0,948086.0,89627.0,89627.0,277.0,277.0,122.0,122.0,1498.0,1498.0,1339.0,1339.0,2655.0,2655.0,-141.0,-141.0,1678.0,1678.0,3518.0,3518.0,37685.0,37685.0,193927.0,193927.0,15638.0,15638.0
18,2024,311.0,311.0,0.0,0.0,1465.0,1465.0,1260.0,1260.0,872.0,872.0,120.0,120.0,2569.0,2569.0,837.0,837.0,3717.0,3717.0,129902.0,129902.0,562986.0,562986.0,382975.0,382975.0,1075863.0,1075863.0,77291.0,77291.0,343.0,343.0,138.0,138.0,1559.0,1559.0,1120.0,1120.0,3271.0,3271.0,22.0,22.0,1466.0,1466.0,4301.0,4301.0,43795.0,43795.0,167395.0,167395.0,19355.0,19355.0
18,2025,357.0,307.0,0.0,0.0,2073.0,1718.0,1552.0,797.0,948.0,938.0,106.0,36.0,3374.0,2223.0,948.0,959.0,4679.0,3489.0,143533.0,140345.0,596116.0,551572.0,457194.0,505992.0,1196843.0,1197909.0,77587.0,77072.0,540.0,446.0,161.0,330.0,1860.0,1931.0,1494.0,862.0,3059.0,2917.0,-73.0,-90.0,2043.0,-746.0,3918.0,6250.0,50296.0,49745.0,167395.0,167395.0,24034.0,22844.0
18,2026,323.0,322.0,1.0,6.0,2517.0,1894.0,1521.0,610.0,1179.0,1222.0,45.0,1.0,3774.0,2049.0,1166.0,1362.0,5263.0,3733.0,156177.0,152224.0,628371.0,545784.0,527427.0,617602.0,1311975.0,1315610.0,77718.0,76180.0,391.0,430.0,134.0,172.0,1462.0,1215.0,1054.0,715.0,3123.0,3163.0,-56.0,-28.0,1176.0,-1111.0,4150.0,5918.0,56013.0,54982.0,167395.0,167395.0,29297.0,26577.0
18,2027,387.0,427.0,3.0,10.0,3352.0,2385.0,1658.0,604.0,1353.0,1386.0,1.0,5.0,4629.0,2256.0,1351.0,1707.0,6367.0,4390.0,168704.0,161090.0,658542.0,545997.0,594904.0,720803.0,1422150.0,1427890.0,76831.0,75611.0,471.0,263.0,86.0,150.0,1982.0,1728.0,1175.0,1314.0,2646.0,2770.0,-45.0,28.0,2075.0,299.0,3298.0,5428.0,61857.0,60972.0,167395.0,167395.0,35664.0,30967.0
18,2028,495.0,518.0,11.0,12.0,4006.0,2755.0,1976.0,885.0,1538.0,1552.0,2.0,6.0,5456.0,2422.0,1582.0,2270.0,7533.0,5210.0,180789.0,170132.0,686772.0,546066.0,658154.0,817794.0,1525715.0,1533992.0,78520.0,77510.0,411.0,159.0,196.0,199.0,2041.0,1599.0,655.0,739.0,2044.0,1790.0,-15.0,-48.0,1788.0,273.0,2722.0,3847.0,66778.0,65251.0,167395.0,167395.0,43197.0,36177.0
18,2029,461.0,500.0,19.0,18.0,4630.0,3074.0,2057.0,990.0,1690.0,1720.0,9.0,7.0,6158.0,2520.0,1786.0,2789.0,8405.0,5809.0,192985.0,178455.0,711997.0,545916.0,718353.0,910105.0,1623335.0,1634476.0,79287.0,77748.0,256.0,482.0,44.0,167.0,1962.0,1316.0,1281.0,1579.0,1852.0,2298.0,39.0,20.0,2327.0,125.0,2595.0,4773.0,71956.0,70631.0,167395.0,167395.0,51602.0,41986.0
18,2030,535.0,551.0,29.0,17.0,5467.0,3688.0,2222.0,1400.0,1807.0,1876.0,14.0,5.0,7113.0,2855.0,1891.0,3580.0,9539.0,6986.0,204876.0,186789.0,735685.0,545771.0,775501.0,997539.0,1716062.0,1730099.0,79518.0,78714.0,428.0,194.0,224.0,57.0,1942.0,1318.0,655.0,1083.0,1816.0,1445.0,25.0,-8.0,1834.0,240.0,2400.0,3461.0,76618.0,74526.0,167395.0,167395.0,61141.0,48972.0
18,2031,716.0,669.0,42.0,28.0,6029.0,4025.0,2367.0,1667.0,2050.0,2081.0,10.0,4.0,7631.0,2800.0,2151.0,4336.0,10498.0,7805.0,215920.0,194055.0,756883.0,545898.0,830485.0,1080617.0,1803288.0,1820570.0,79888.0,79064.0,546.0,85.0,129.0,198.0,2580.0,1566.0,608.0,726.0,1862.0,2278.0,-48.0,34.0,2148.0,417.0,2437.0,4300.0,81749.0,79328.0,167395.0,167395.0,71639.0,56777.0
18,2032,801.0,749.0,57.0,25.0,6948.0,4679.0,2389.0,1956.0,2214.0,2247.0,14.0,9.0,8494.0,3146.0,2327.0,5021.0,11622.0,8916.0,226906.0,202199.0,775488.0,557179.0,882962.0,1145761.0,1885356.0,1905139.0,80203.0,80896.0,366.0,565.0,100.0,245.0,2512.0,1408.0,769.0,1133.0,1429.0,1333.0,33.0,-49.0,2462.0,378.0,2015.0,3127.0,86592.0,83398.0,167395.0,167395.0,83261.0,65693.0
18,2033,932.0,794.0,70.0,29.0,7533.0,5275.0,2642.0,2047.0,2270.0,2276.0,11.0,7.0,9141.0,3317.0,2453.0,5523.0,12526.0,9634.0,237153.0,208749.0,792300.0,568747.0,933753.0,1209982.0,1963206.0,1987478.0,79768.0,79710.0,376.0,182.0,99.0,149.0,1977.0,1649.0,977.0,254.0,1569.0,1305.0,31.0,59.0,1933.0,724.0,2344.0,2510.0,91245.0,86814.0,167395.0,167395.0,95787.0,75327.0
18,2034,1013.0,767.0,82.0,23.0,8320.0,5770.0,2964.0,2272.0,2427.0,2472.0,8.0,6.0,10114.0,3517.0,2674.0,6259.0,13801.0,10543.0,247128.0,214139.0,806326.0,580684.0,983996.0,1271141.0,2037450.0,2065964.0,79262.0,79844.0,536.0,415.0,227.0,128.0,2436.0,1606.0,776.0,883.0,658.0,1134.0,15.0,-32.0,2582.0,551.0,994.0,2753.0,95357.0,90533.0,167395.0,167395.0,109588.0,85870.0
18,2035,1165.0,870.0,147.0,37.0,9013.0,6296.0,3301.0,2341.0,2498.0,2456.0,16.0,1.0,10988.0,3724.0,2822.0,6537.0,14975.0,11131.0,256609.0,219865.0,818443.0,591034.0,1033374.0,1331925.0,2108426.0,2142824.0,78983.0,79679.0,297.0,47.0,68.0,86.0,1775.0,1280.0,825.0,260.0,913.0,141.0,-34.0,24.0,1812.0,767.0,1438.0,977.0,98904.0,92324.0,167395.0,167395.0,124563.0,97001.0
18,2036,1289.0,978.0,177.0,34.0,9335.0,6878.0,3466.0,2549.0,2679.0,2677.0,10.0,8.0,11300.0,3838.0,3078.0,7330.0,15667.0,12146.0,265758.0,225844.0,828527.0,600808.0,1080939.0,1389235.0,2175224.0,2215887.0,79132.0,80232.0,341.0,221.0,152.0,157.0,1729.0,1292.0,818.0,698.0,1286.0,1081.0,44.0,16.0,2040.0,388.0,1648.0,2635.0,102933.0,95568.0,167395.0,167395.0,140230.0,109147.0
18,2037,1363.0,954.0,206.0,43.0,9837.0,7473.0,3786.0,2711.0,2664.0,2783.0,10.0,7.0,11996.0,4198.0,3144.0,7865.0,16503.0,13017.0,274662.0,231326.0,836361.0,612010.0,1125797.0,1439883.0,2236820.0,2283219.0,80257.0,82335.0,493.0,283.0,102.0,76.0,2079.0,1578.0,1142.0,489.0,740.0,1495.0,14.0,-10.0,2293.0,966.0,1291.0,2379.0,107010.0,99196.0,167395.0,167395.0,156733.0,122164.0
18,2038,1451.0,989.0,271.0,53.0,9608.0,8055.0,3723.0,2922.0,2837.0,2882.0,11.0,6.0,11677.0,4675.0,3322.0,8254.0,16450.0,13918.0,283148.0,236536.0,842020.0,624473.0,1168778.0,1485980.0,2293946.0,2346989.0,81096.0,82798.0,364.0,125.0,226.0,113.0,1878.0,1494.0,701.0,398.0,826.0,1103.0,0.0,-9.0,1993.0,699.0,1274.0,2275.0,110641.0,102295.0,167395.0,167395.0,173183.0,136082.0
18,2039,1623.0,1100.0,302.0,55.0,9889.0,8617.0,4068.0,3073.0,2947.0,3070.0,12.0,4.0,12086.0,4866.0,3509.0,8853.0,17218.0,14819.0,290724.0,241386.0,846617.0,636538.0,1210196.0,1529758.0,2347537.0,2407682.0,81366.0,83171.0,663.0,198.0,151.0,113.0,1292.0,1607.0,765.0,296.0,1073.0,650.0,-16.0,38.0,1219.0,1194.0,1383.0,1312.0,113906.0,104999.0,167395.0,167395.0,190401.0,150901.0
18,2040,1757.0,1148.0,355.0,84.0,9885.0,8946.0,4378.0,3348.0,3041.0,3097.0,20.0,3.0,12201.0,5226.0,3721.0,9104.0,17679.0,15478.0,297826.0,245924.0,850463.0,648446.0,1249780.0,1571569.0,2398069.0,2465939.0,81575.0,83681.0,225.0,234.0,173.0,134.0,1342.0,629.0,466.0,302.0,851.0,860.0,18.0,1.0,1075.0,283.0,1550.0,1409.0,116756.0,106925.0,167395.0,167395.0,208080.0,166379.0
19,2009,0.0,0.0,0.0,0.0,0.0,0.0,0.0,0.0,0.0,0.0,0.0,0.0,0.0,0.0,0.0,0.0,0.0,0.0,38347.0,38347.0,93317.0,93317.0,73741.0,73741.0,205405.0,205405.0,63814.0,63814.0,1648.0,1648.0,0.0,0.0,544.0,544.0,7644.0,7644.0,3.0,3.0,0.0,0.0,2570.0,2570.0,3973.0,3973.0,8191.0,8191.0,140986.0,140986.0,0.0,0.0
19,2010,0.0,0.0,0.0,0.0,0.0,0.0,0.0,0.0,0.0,0.0,0.0,0.0,0.0,0.0,0.0,0.0,0.0,0.0,35962.0,35962.0,106735.0,106735.0,66812.0,66812.0,209509.0,209509.0,68434.0,68434.0,33.0,33.0,0.0,0.0,244.0,244.0,-360.0,-360.0,63.0,63.0,0.0,0.0,292.0,292.0,-378.0,-378.0,8138.0,8138.0,150263.0,150263.0,0.0,0.0
19,2011,0.0,0.0,0.0,0.0,0.0,0.0,27.0,27.0,0.0,0.0,0.0,0.0,1.0,1.0,26.0,26.0,27.0,27.0,32630.0,32630.0,125315.0,125315.0,63445.0,63445.0,221390.0,221390.0,63450.0,63450.0,-91.0,-91.0,0.0,0.0,420.0,420.0,-263.0,-263.0,304.0,304.0,0.0,0.0,607.0,607.0,-55.0,-55.0,8599.0,8599.0,139300.0,139300.0,27.0,27.0
19,2012,29.0,29.0,0.0,0.0,3.0,3.0,143.0,143.0,2.0,2.0,0.0,0.0,44.0,44.0,75.0,75.0,148.0,148.0,31999.0,31999.0,141389.0,141389.0,55701.0,55701.0,229089.0,229089.0,65197.0,65197.0,-23.0,-23.0,0.0,0.0,359.0,359.0,-663.0,-663.0,532.0,532.0,0.0,0.0,347.0,347.0,-96.0,-96.0,8827.0,8827.0,144647.0,144647.0,175.0,175.0
19,2013,57.0,57.0,0.0,0.0,5.0,5.0,219.0,219.0,7.0,7.0,0.0,0.0,137.0,137.0,37.0,37.0,231.0,231.0,30860.0,30860.0,154119.0,154119.0,49348.0,49348.0,234327.0,234327.0,72525.0,72525.0,-53.0,-53.0,0.0,0.0,204.0,204.0,-1184.0,-1184.0,965.0,965.0,0.0,0.0,266.0,266.0,-228.0,-228.0,8812.0,8812.0,161269.0,161269.0,406.0,406.0
19,2014,47.0,47.0,0.0,0.0,26.0,26.0,207.0,207.0,37.0,37.0,0.0,0.0,186.0,186.0,37.0,37.0,270.0,270.0,34881.0,34881.0,176675.0,176675.0,46753.0,46753.0,258309.0,258309.0,68304.0,68304.0,-33.0,-33.0,5.0,5.0,525.0,525.0,-1210.0,-1210.0,883.0,883.0,18.0,18.0,96.0,96.0,158.0,158.0,9033.0,9033.0,151359.0,151359.0,676.0,676.0
19,2015,86.0,86.0,0.0,0.0,58.0,58.0,193.0,193.0,92.0,92.0,0.0,0.0,172.0,172.0,85.0,85.0,343.0,343.0,42704.0,42704.0,210621.0,210621.0,58252.0,58252.0,311577.0,311577.0,64646.0,64646.0,187.0,187.0,61.0,61.0,902.0,902.0,-316.0,-316.0,1340.0,1340.0,126.0,126.0,984.0,984.0,942.0,942.0,11146.0,11146.0,143952.0,143952.0,1019.0,1019.0
19,2016,229.0,229.0,0.0,0.0,88.0,88.0,447.0,447.0,177.0,177.0,0.0,0.0,317.0,317.0,166.0,166.0,712.0,712.0,53915.0,53915.0,263998.0,263998.0,89385.0,89385.0,407298.0,407298.0,62937.0,62937.0,337.0,337.0,166.0,166.0,1353.0,1353.0,382.0,382.0,1419.0,1419.0,98.0,98.0,1209.0,1209.0,1872.0,1872.0,14564.0,14564.0,140350.0,140350.0,1731.0,1731.0
19,2017,133.0,133.0,0.0,0.0,167.0,167.0,506.0,506.0,286.0,286.0,0.0,0.0,548.0,548.0,278.0,278.0,959.0,959.0,67984.0,67984.0,308021.0,308021.0,109856.0,109856.0,485861.0,485861.0,62356.0,62356.0,544.0,544.0,293.0,293.0,1057.0,1057.0,598.0,598.0,889.0,889.0,198.0,198.0,1268.0,1268.0,1223.0,1223.0,17599.0,17599.0,139605.0,139605.0,2690.0,2690.0
19,2018,49.0,49.0,0.0,0.0,253.0,253.0,521.0,521.0,368.0,368.0,0.0,0.0,740.0,740.0,353.0,353.0,1142.0,1142.0,84314.0,84314.0,347547.0,347547.0,121875.0,121875.0,553736.0,553736.0,62604.0,62604.0,577.0,577.0,146.0,146.0,1078.0,1078.0,760.0,760.0,191.0,191.0,297.0,297.0,1223.0,1223.0,672.0,672.0,20071.0,20071.0,139482.0,139482.0,3832.0,3832.0
19,2019,146.0,146.0,0.0,0.0,424.0,424.0,933.0,933.0,551.0,551.0,0.0,0.0,1239.0,1239.0,523.0,523.0,1908.0,1908.0,93011.0,93011.0,393349.0,393349.0,153700.0,153700.0,640060.0,640060.0,63339.0,63339.0,329.0,329.0,-39.0,-39.0,1330.0,1330.0,477.0,477.0,1504.0,1504.0,9.0,9.0,894.0,894.0,2058.0,2058.0,23352.0,23352.0,140588.0,140588.0,5740.0,5740.0
19,2020,137.0,137.0,2.0,2.0,635.0,635.0,938.0,938.0,690.0,690.0,0.0,0.0,1470.0,1470.0,658.0,658.0,2265.0,2265.0,102725.0,102725.0,425990.0,425990.0,190721.0,190721.0,719436.0,719436.0,66533.0,66533.0,551.0,551.0,-180.0,-180.0,1186.0,1186.0,841.0,841.0,1568.0,1568.0,134.0,134.0,1308.0,1308.0,1690.0,1690.0,26901.0,26901.0,147154.0,147154.0,8005.0,8005.0
19,2021,163.0,163.0,0.0,0.0,727.0,727.0,971.0,971.0,667.0,667.0,0.0,0.0,1563.0,1563.0,639.0,639.0,2365.0,2365.0,112564.0,112564.0,471816.0,471816.0,215905.0,215905.0,800285.0,800285.0,88709.0,88709.0,508.0,508.0,-92.0,-92.0,898.0,898.0,1884.0,1884.0,783.0,783.0,121.0,121.0,1690.0,1690.0,1396.0,1396.0,30495.0,30495.0,195507.0,195507.0,10370.0,10370.0
19,2022,125.0,125.0,0.0,0.0,754.0,754.0,913.0,913.0,655.0,655.0,4.0,4.0,1565.0,1565.0,636.0,636.0,2326.0,2326.0,109802.0,109802.0,488867.0,488867.0,237561.0,237561.0,836230.0,836230.0,126216.0,126216.0,-87.0,-87.0,-58.0,-58.0,323.0,323.0,236.0,236.0,936.0,936.0,-169.0,-169.0,258.0,258.0,1097.0,1097.0,31763.0,31763.0,275252.0,275252.0,12696.0,12696.0
19,2023,142.0,142.0,0.0,0.0,1102.0,1102.0,1167.0,1167.0,776.0,776.0,10.0,10.0,2176.0,2176.0,737.0,737.0,3055.0,3055.0,116203.0,116203.0,528150.0,528150.0,304975.0,304975.0,949328.0,949328.0,89449.0,89449.0,137.0,137.0,139.0,139.0,1526.0,1526.0,1599.0,1599.0,2598.0,2598.0,-206.0,-206.0,1728.0,1728.0,3791.0,3791.0,37419.0,37419.0,193927.0,193927.0,15751.0,15751.0
19,2024,322.0,322.0,0.0,0.0,1578.0,1578.0,1275.0,1275.0,900.0,900.0,96.0,96.0,2659.0,2659.0,868.0,868.0,3849.0,3849.0,130418.0,130418.0,562903.0,562903.0,383513.0,383513.0,1076834.0,1076834.0,77084.0,77084.0,622.0,622.0,114.0,114.0,1929.0,1929.0,1421.0,1421.0,3376.0,3376.0,14.0,14.0,1772.0,1772.0,4460.0,4460.0,44273.0,44273.0,167395.0,167395.0,19600.0,19600.0
19,2025,363.0,308.0,3.0,0.0,1975.0,1671.0,1606.0,860.0,1044.0,1040.0,114.0,46.0,3358.0,2263.0,1021.0,1046.0,4742.0,3617.0,143455.0,140164.0,597031.0,552655.0,457705.0,506439.0,1198191.0,1199258.0,77346.0,77019.0,465.0,372.0,148.0,297.0,1508.0,1185.0,1278.0,726.0,2945.0,2975.0,8.0,-36.0,1735.0,-1234.0,3687.0,6009.0,50160.0,49420.0,167395.0,167395.0,24342.0,23217.0
19,2026,382.0,359.0,1.0,2.0,2649.0,1974.0,1506.0,625.0,1245.0,1261.0,47.0,2.0,3852.0,2111.0,1214.0,1394.0,5448.0,3864.0,156188.0,152283.0,629286.0,546517.0,528249.0,618551.0,1313723.0,1317351.0,77813.0,76137.0,277.0,240.0,174.0,275.0,1394.0,1642.0,924.0,541.0,2977.0,2877.0,-111.0,-122.0,1298.0,-562.0,3783.0,5535.0,55518.0,54633.0,167395.0,167395.0,29790.0,27081.0
19,2027,369.0,426.0,8.0,12.0,3357.0,2437.0,1721.0,550.0,1388.0,1367.0,3.0,6.0,4741.0,2290.0,1367.0,1656.0,6477.0,4372.0,168778.0,161213.0,659090.0,546470.0,595609.0,721868.0,1423477.0,1429551.0,77268.0,75660.0,338.0,342.0,126.0,135.0,2144.0,1687.0,1188.0,1407.0,2915.0,3084.0,-50.0,57.0,2356.0,-67.0,3629.0,6095.0,61841.0,61003.0,167395.0,167395.0,36267.0,31453.0
19,2028,509.0,535.0,12.0,10.0,3952.0,2639.0,1923.0,847.0,1529.0,1569.0,5.0,6.0,5380.0,2301.0,1532.0,2235.0,7421.0,5071.0,180893.0,170247.0,687354.0,546536.0,659379.0,818735.0,1527626.0,1535518.0,78359.0,77600.0,564.0,303.0,146.0,236.0,1728.0,1370.0,703.0,1072.0,1907.0,1634.0,30.0,-19.0,1396.0,417.0,2554.0,3573.0,66355.0,65296.0,167395.0,167395.0,43688.0,36524.0
19,2029,483.0,496.0,12.0,17.0,4531.0,3112.0,2037.0,1022.0,1676.0,1727.0,8.0,6.0,6052.0,2572.0,1729.0,2816.0,8264.0,5884.0,193231.0,178997.0,712853.0,546561.0,719070.0,910318.0,1625154.0,1635876.0,78855.0,77720.0,514.0,465.0,50.0,45.0,2354.0,1551.0,1345.0,1165.0,2362.0,2672.0,14.0,56.0,2231.0,36.0,3380.0,4988.0,72480.0,70785.0,167395.0,167395.0,51952.0,42408.0
19,2030,585.0,606.0,34.0,14.0,5445.0,3651.0,2191.0,1393.0,1887.0,1958.0,10.0,3.0,6970.0,2739.0,2012.0,3674.0,9567.0,7019.0,204976.0,187307.0,736583.0,546392.0,776293.0,997780.0,1717852.0,1731479.0,79394.0,78585.0,287.0,83.0,209.0,151.0,1845.0,1492.0,745.0,1168.0,1498.0,1096.0,-6.0,-17.0,2044.0,479.0,1960.0,3328.0,76771.0,74675.0,167395.0,167395.0,61519.0,49427.0
19,2031,705.0,645.0,54.0,14.0,6090.0,4005.0,2356.0,1767.0,1980.0,1996.0,11.0,6.0,7713.0,2796.0,2073.0,4347.0,10491.0,7788.0,216158.0,194434.0,758022.0,546923.0,831055.0,1080464.0,1805235.0,1821821.0,80008.0,79191.0,504.0,423.0,130.0,205.0,2560.0,1578.0,560.0,884.0,1425.0,1949.0,26.0,39.0,2113.0,168.0,2084.0,4064.0,81472.0,79330.0,167395.0,167395.0,72010.0,57215.0
19,2032,812.0,707.0,70.0,19.0,6914.0,4659.0,2483.0,1911.0,2217.0,2313.0,10.0,7.0,8511.0,2956.0,2371.0,5246.0,11694.0,8909.0,226520.0,202521.0,776574.0,557901.0,883812.0,1145919.0,1886906.0,1906341.0,80438.0,80771.0,552.0,193.0,186.0,162.0,2484.0,1690.0,885.0,735.0,1726.0,1665.0,1.0,-10.0,2333.0,644.0,2397.0,3405.0,86754.0,83572.0,167395.0,167395.0,83704.0,66124.0
19,2033,907.0,811.0,60.0,24.0,7725.0,5305.0,2613.0,2096.0,2212.0,2208.0,11.0,5.0,9371.0,3425.0,2343.0,5402.0,12621.0,9638.0,236938.0,208858.0,793667.0,570079.0,934660.0,1210195.0,1965265.0,1989132.0,79818.0,79502.0,196.0,385.0,63.0,116.0,1978.0,1263.0,590.0,569.0,1286.0,1050.0,15.0,0.0,1938.0,536.0,1798.0,2077.0,90686.0,86570.0,167395.0,167395.0,96325.0,75762.0
19,2034,1086.0,828.0,94.0,32.0,8316.0,5913.0,2931.0,2172.0,2467.0,2470.0,13.0,7.0,10007.0,3522.0,2728.0,6244.0,13821.0,10594.0,247049.0,214663.0,807962.0,581857.0,984831.0,1271853.0,2039842.0,2068373.0,79177.0,79817.0,444.0,50.0,82.0,66.0,2458.0,1565.0,969.0,563.0,954.0,1088.0,-40.0,-47.0,2692.0,800.0,1287.0,2385.0,95109.0,89805.0,167395.0,167395.0,110146.0,86356.0
19,2035,1063.0,826.0,152.0,39.0,8975.0,6349.0,3142.0,2405.0,2428.0,2441.0,19.0,3.0,10940.0,3736.0,2713.0,6675.0,14716.0,11237.0,256388.0,220486.0,819971.0,592280.0,1034391.0,1331913.0,2110750.0,2144679.0,78818.0,79642.0,470.0,107.0,218.0,184.0,2007.0,1285.0,1017.0,586.0,763.0,999.0,23.0,56.0,2099.0,502.0,1459.0,2501.0,99137.0,92915.0,167395.0,167395.0,124862.0,97593.0
19,2036,1259.0,942.0,182.0,42.0,9332.0,7059.0,3428.0,2555.0,2651.0,2601.0,16.0,7.0,11343.0,4004.0,3007.0,7318.0,15609.0,12264.0,265436.0,226361.0,830373.0,602225.0,1081625.0,1388925.0,2177434.0,2217511.0,79097.0,80287.0,286.0,423.0,93.0,63.0,1774.0,1536.0,1027.0,574.0,1075.0,646.0,-24.0,10.0,1955.0,519.0,1704.0,1887.0,103082.0,95744.0,167395.0,167395.0,140471.0,109857.0
19,2037,1401.0,1015.0,233.0,42.0,9722.0,7515.0,3870.0,2768.0,2612.0,2665.0,9.0,8.0,11982.0,4183.0,3063.0,7800.0,16446.0,12998.0,274176.0,231896.0,838147.0,613203.0,1126769.0,1439713.0,2239092.0,2284812.0,80214.0,82488.0,389.0,235.0,115.0,201.0,1997.0,1591.0,707.0,472.0,1079.0,1117.0,11.0,-51.0,2196.0,700.0,1324.0,2395.0,106991.0,99074.0,167395.0,167395.0,156917.0,122855.0
19,2038,1479.0,1025.0,281.0,55.0,9723.0,8235.0,3901.0,2970.0,2741.0,2898.0,16.0,9.0,11939.0,4596.0,3244.0,8546.0,16662.0,14167.0,282496.0,236976.0,844172.0,625986.0,1169290.0,1486401.0,2295958.0,2349363.0,81321.0,82941.0,605.0,260.0,113.0,83.0,1437.0,821.0,1009.0,377.0,1068.0,1007.0,58.0,9.0,1582.0,580.0,1498.0,1457.0,110676.0,101371.0,167395.0,167395.0,173579.0,137022.0
19,2039,1526.0,1094.0,288.0,68.0,9744.0,8525.0,4092.0,3111.0,2918.0,3008.0,18.0,3.0,12044.0,4839.0,3490.0,8782.0,17060.0,14715.0,289992.0,241480.0,848659.0,638714.0,1210900.0,1529993.0,2349551.0,2410187.0,81435.0,83182.0,326.0,154.0,282.0,160.0,1780.0,1518.0,534.0,528.0,620.0,1236.0,-57.0,44.0,1874.0,1222.0,959.0,2110.0,113835.0,104857.0,167395.0,167395.0,190639.0,151737.0
19,2040,1778.0,1149.0,361.0,86.0,9873.0,8851.0,4340.0,3283.0,2991.0,3104.0,19.0,6.0,12166.0,5136.0,3640.0,9045.0,17584.0,15330.0,297246.0,246163.0,851549.0,649935.0,1250439.0,1571380.0,2399234.0,2467478.0,81758.0,83820.0,548.0,289.0,145.0,158.0,1488.0,1497.0,724.0,405.0,1201.0,845.0,29.0,-10.0,1229.0,948.0,1810.0,1658.0,117422.0,107752.0,167395.0,167395.0,208223.0,167067.0
20,2009,0.0,0.0,0.0,0.0,0.0,0.0,0.0,0.0,0.0,0.0,0.0,0.0,0.0,0.0,0.0,0.0,0.0,0.0,38621.0,38621.0,93207.0,93207.0,73506.0,73506.0,205334.0,205334.0,63875.0,63875.0,1635.0,1635.0,0.0,0.0,544.0,544.0,7652.0,7652.0,5.0,5.0,0.0,0.0,2581.0,2581.0,3985.0,3985.0,8201.0,8201.0,140986.0,140986.0,0.0,0.0
20,2010,0.0,0.0,0.0,0.0,0.0,0.0,0.0,0.0,0.0,0.0,0.0,0.0,0.0,0.0,0.0,0.0,0.0,0.0,36227.0,36227.0,106441.0,106441.0,66782.0,66782.0,209450.0,209450.0,68257.0,68257.0,74.0,74.0,0.0,0.0,254.0,254.0,-228.0,-228.0,76.0,76.0,0.0,0.0,277.0,277.0,-249.0,-249.0,8303.0,8303.0,150263.0,150263.0,0.0,0.0
20,2011,0.0,0.0,0.0,0.0,0.0,0.0,27.0,27.0,0.0,0.0,0.0,0.0,2.0,2.0,25.0,25.0,27.0,27.0,32920.0,32920.0,125213.0,125213.0,63196.0,63196.0,221329.0,221329.0,63627.0,63627.0,-74.0,-74.0,0.0,0.0,318.0,318.0,-482.0,-482.0,285.0,285.0,0.0,0.0,415.0,415.0,-220.0,-220.0,8424.0,8424.0,139300.0,139300.0,27.0,27.0
20,2012,30.0,30.0,0.0,0.0,0.0,0.0,131.0,131.0,1.0,1.0,0.0,0.0,34.0,34.0,68.0,68.0,132.0,132.0,32366.0,32366.0,141194.0,141194.0,55605.0,55605.0,229165.0,229165.0,65240.0,65240.0,-22.0,-22.0,0.0,0.0,510.0,510.0,-740.0,-740.0,453.0,453.0,0.0,0.0,480.0,480.0,-235.0,-235.0,8647.0,8647.0,144647.0,144647.0,159.0,159.0
20,2013,58.0,58.0,0.0,0.0,3.0,3.0,224.0,224.0,12.0,12.0,0.0,0.0,134.0,134.0,47.0,47.0,239.0,239.0,31159.0,31159.0,153527.0,153527.0,49454.0,49454.0,234140.0,234140.0,72660.0,72660.0,-144.0,-144.0,0.0,0.0,117.0,117.0,-990.0,-990.0,1166.0,1166.0,0.0,0.0,377.0,377.0,60.0,60.0,8940.0,8940.0,161269.0,161269.0,398.0,398.0
20,2014,53.0,53.0,0.0,0.0,29.0,29.0,225.0,225.0,36.0,36.0,0.0,0.0,198.0,198.0,39.0,39.0,290.0,290.0,35214.0,35214.0,176197.0,176197.0,46769.0,46769.0,258180.0,258180.0,68228.0,68228.0,42.0,42.0,6.0,6.0,517.0,517.0,-1182.0,-1182.0,741.0,741.0,29.0,29.0,4.0,4.0,65.0,65.0,9051.0,9051.0,151359.0,151359.0,688.0,688.0
20,2015,100.0,100.0,0.0,0.0,65.0,65.0,205.0,205.0,91.0,91.0,0.0,0.0,174.0,174.0,87.0,87.0,361.0,361.0,43075.0,43075.0,209922.0,209922.0,58430.0,58430.0,311427.0,311427.0,64660.0,64660.0,131.0,131.0,70.0,70.0,901.0,901.0,-343.0,-343.0,1380.0,1380.0,94.0,94.0,996.0,996.0,975.0,975.0,11153.0,11153.0,143952.0,143952.0,1049.0,1049.0
20,2016,211.0,211.0,0.0,0.0,105.0,105.0,435.0,435.0,178.0,178.0,0.0,0.0,339.0,339.0,168.0,168.0,718.0,718.0,54303.0,54303.0,263531.0,263531.0,89053.0,89053.0,406887.0,406887.0,62908.0,62908.0,394.0,394.0,178.0,178.0,1434.0,1434.0,477.0,477.0,1517.0,1517.0,95.0,95.0,1362.0,1362.0,1945.0,1945.0,14854.0,14854.0,140350.0,140350.0,1767.0,1767.0
20,2017,148.0,148.0,0.0,0.0,171.0,171.0,527.0,527.0,265.0,265.0,0.0,0.0,566.0,566.0,249.0,249.0,963.0,963.0,68500.0,68500.0,307644.0,307644.0,109215.0,109215.0,485359.0,485359.0,62369.0,62369.0,569.0,569.0,262.0,262.0,1132.0,1132.0,474.0,474.0,693.0,693.0,262.0,262.0,1177.0,1177.0,1077.0,1077.0,17677.0,17677.0,139605.0,139605.0,2730.0,2730.0
20,2018,39.0,39.0,0.0,0.0,265.0,265.0,519.0,519.0,443.0,443.0,0.0,0.0,774.0,774.0,414.0,414.0,1227.0,1227.0,84805.0,84805.0,347211.0,347211.0,121238.0,121238.0,553254.0,553254.0,62659.0,62659.0,594.0,594.0,134.0,134.0,1063.0,1063.0,619.0,619.0,246.0,246.0,257.0,257.0,1123.0,1123.0,602.0,602.0,19996.0,19996.0,139482.0,139482.0,3957.0,3957.0
20,2019,134.0,134.0,0.0,0.0,437.0,437.0,894.0,894.0,514.0,514.0,0.0,0.0,1218.0,1218.0,493.0,493.0,1845.0,1845.0,93358.0,93358.0,393338.0,393338.0,153285.0,153285.0,639981.0,639981.0,63434.0,63434.0,218.0,218.0,-5.0,-5.0,1153.0,1153.0,525.0,525.0,1206.0,1206.0,-21.0,-21.0,872.0,872.0,1768.0,1768.0,22854.0,22854.0,140588.0,140588.0,5802.0,5802.0
20,2020,116.0,116.0,2.0,2.0,679.0,679.0,845.0,845.0,699.0,699.0,0.0,0.0,1444.0,1444.0,665.0,665.0,2225.0,2225.0,102858.0,102858.0,426287.0,426287.0,190476.0,190476.0,719621.0,719621.0,66527.0,66527.0,589.0,589.0,-164.0,-164.0,1115.0,1115.0,969.0,969.0,1754.0,1754.0,115.0,115.0,1250.0,1250.0,1950.0,1950.0,26643.0,26643.0,147154.0,147154.0,8027.0,8027.0
20,2021,202.0,202.0,0.0,0.0,806.0,806.0,992.0,992.0,730.0,730.0,0.0,0.0,1637.0,1637.0,689.0,689.0,2528.0,2528.0,112594.0,112594.0,472384.0,472384.0,215750.0,215750.0,800728.0,800728.0,88841.0,88841.0,437.0,437.0,-123.0,-123.0,1060.0,1060.0,1739.0,1739.0,712.0,712.0,74.0,74.0,1662.0,1662.0,1363.0,1363.0,30105.0,30105.0,195507.0,195507.0,10555.0,10555.0
20,2022,120.0,120.0,0.0,0.0,713.0,713.0,915.0,915.0,705.0,705.0,4.0,4.0,1549.0,1549.0,668.0,668.0,2337.0,2337.0,109962.0,109962.0,488579.0,488579.0,237408.0,237408.0,835949.0,835949.0,126526.0,126526.0,30.0,30.0,-30.0,-30.0,300.0,300.0,571.0,571.0,1296.0,1296.0,-65.0,-65.0,624.0,624.0,1418.0,1418.0,32177.0,32177.0,275252.0,275252.0,12892.0,12892.0
20,2023,185.0,185.0,0.0,0.0,1074.0,1074.0,1266.0,1266.0,800.0,800.0,12.0,12.0,2193.0,2193.0,774.0,774.0,3152.0,3152.0,115892.0,115892.0,528503.0,528503.0,304612.0,304612.0,949007.0,949007.0,89393.0,89393.0,105.0,105.0,80.0,80.0,1663.0,1663.0,1241.0,1241.0,2550.0,2550.0,-196.0,-196.0,1467.0,1467.0,3766.0,3766.0,37515.0,37515.0,193927.0,193927.0,16044.0,16044.0
20,2024,309.0,309.0,0.0,0.0,1508.0,1508.0,1250.0,1250.0,891.0,891.0,102.0,102.0,2572.0,2572.0,870.0,870.0,3751.0,3751.0,129967.0,129967.0,563515.0,563515.0,383541.0,383541.0,1077023.0,1077023.0,77131.0,77131.0,575.0,575.0,203.0,203.0,1422.0,1422.0,1500.0,1500.0,3044.0,3044.0,32.0,32.0,1887.0,1887.0,3739.0,3739.0,43716.0,43716.0,167395.0,167395.0,19795.0,19795.0
20,2025,336.0,292.0,2.0,0.0,1997.0,1634.0,1609.0,865.0,1034.0,1043.0,91.0,35.0,3398.0,2254.0,999.0,1031.0,4733.0,3577.0,143387.0,140164.0,597422.0,553077.0,458010.0,506872.0,1198819.0,1200113.0,77266.0,76746.0,280.0,199.0,57.0,242.0,1656.0,1495.0,1215.0,365.0,3249.0,3307.0,-92.0,-98.0,1560.0,-1397.0,4245.0,6509.0,49801.0,49027.0,167395.0,167395.0,24528.0,23372.0
20,2026,379.0,377.0,3.0,5.0,2690.0,1989.0,1460.0,629.0,1226.0,1247.0,42.0,4.0,3831.0,2097.0,1211.0,1400.0,5421.0,3874.0,156208.0,152382.0,629189.0,546658.0,529004.0,619055.0,1314401.0,1318095.0,77590.0,76152.0,552.0,387.0,184.0,236.0,1662.0,1775.0,1337.0,1033.0,2754.0,2715.0,-47.0,-57.0,1738.0,-441.0,3600.0,5756.0,55691.0,54729.0,167395.0,167395.0,29949.0,27246.0
20,2027,346.0,387.0,9.0,6.0,3210.0,2291.0,1690.0,607.0,1414.0,1382.0,1.0,5.0,4575.0,2198.0,1403.0,1706.0,6324.0,4291.0,168594.0,160663.0,659933.0,547044.0,596668.0,722786.0,1425195.0,1430493.0,76968.0,75799.0,367.0,498.0,139.0,141.0,1874.0,1387.0,547.0,1426.0,2903.0,2974.0,-53.0,9.0,1489.0,-86.0,3554.0,5525.0,61101.0,60666.0,167395.0,167395.0,36273.0,31537.0
20,2028,493.0,508.0,16.0,14.0,3943.0,2704.0,1907.0,815.0,1578.0,1555.0,7.0,1.0,5351.0,2405.0,1607.0,2176.0,7451.0,5089.0,180727.0,169839.0,688096.0,546994.0,660085.0,819507.0,1528908.0,1536340.0,78408.0,77650.0,602.0,212.0,115.0,224.0,2117.0,1456.0,1167.0,884.0,2240.0,2135.0,2.0,1.0,1950.0,330.0,3089.0,4158.0,66742.0,65366.0,167395.0,167395.0,43724.0,36626.0
20,2029,511.0,532.0,15.0,11.0,4547.0,3065.0,2005.0,1081.0,1719.0,1786.0,4.0,7.0,5981.0,2579.0,1798.0,2839.0,8290.0,5950.0,192461.0,178559.0,713701.0,546920.0,720301.0,911622.0,1626463.0,1637101.0,78950.0,77694.0,478.0,361.0,181.0,76.0,2127.0,1525.0,1280.0,1250.0,1989.0,2130.0,39.0,61.0,2317.0,264.0,2821.0,4417.0,72358.0,70408.0,167395.0,167395.0,52014.0,42576.0
20,2030,577.0,621.0,38.0,14.0,5446.0,3617.0,2179.0,1410.0,1923.0,1901.0,18.0,10.0,7022.0,2745.0,2005.0,3586.0,9604.0,6952.0,204147.0,186635.0,737002.0,546723.0,778235.0,999196.0,1719384.0,1732554.0,79191.0,78635.0,349.0,296.0,87.0,214.0,2025.0,1813.0,808.0,970.0,1464.0,1414.0,9.0,-44.0,2105.0,200.0,1939.0,3871.0,76751.0,74775.0,167395.0,167395.0,61618.0,49528.0
20,2031,715.0,628.0,45.0,28.0,6287.0,4202.0,2293.0,1673.0,2034.0,2047.0,6.0,6.0,7814.0,2950.0,2136.0,4378.0,10665.0,7956.0,215443.0,193760.0,758585.0,546789.0,833104.0,1082312.0,1807132.0,1822861.0,79691.0,79141.0,208.0,212.0,90.0,66.0,2153.0,1291.0,431.0,1217.0,2066.0,2066.0,-67.0,0.0,1594.0,251.0,2871.0,4177.0,81424.0,79415.0,167395.0,167395.0,72283.0,57484.0
20,2032,795.0,730.0,55.0,25.0,6854.0,4687.0,2431.0,1945.0,2170.0,2202.0,16.0,5.0,8450.0,3105.0,2281.0,5029.0,11526.0,8864.0,226486.0,202150.0,777385.0,557698.0,885866.0,1148382.0,1889737.0,1908230.0,80292.0,80648.0,247.0,147.0,180.0,261.0,2371.0,1462.0,827.0,560.0,1134.0,1134.0,30.0,14.0,2623.0,642.0,1672.0,2642.0,85966.0,82846.0,167395.0,167395.0,83809.0,66348.0
20,2033,909.0,746.0,70.0,22.0,7701.0,5251.0,2726.0,2170.0,2325.0,2359.0,14.0,6.0,9398.0,3300.0,2529.0,5762.0,12836.0,9808.0,237057.0,208862.0,793838.0,569518.0,936596.0,1212128.0,1967491.0,1990508.0,79725.0,79628.0,573.0,562.0,88.0,106.0,2476.0,1523.0,1050.0,989.0,1753.0,1510.0,51.0,-17.0,2378.0,590.0,2467.0,2959.0,91384.0,86957.0,167395.0,167395.0,96645.0,76156.0
20,2034,998.0,804.0,106.0,24.0,8088.0,5746.0,2918.0,2293.0,2509.0,2432.0,9.0,3.0,9803.0,3441.0,2829.0,6253.0,13630.0,10498.0,246758.0,214273.0,808785.0,581737.0,986860.0,1273943.0,2042403.0,2069953.0,79060.0,79818.0,439.0,45.0,211.0,48.0,1988.0,1319.0,514.0,289.0,834.0,973.0,-40.0,14.0,1931.0,559.0,1137.0,2039.0,94891.0,89600.0,167395.0,167395.0,110275.0,86654.0
20,2035,1148.0,871.0,148.0,33.0,9066.0,6491.0,3406.0,2411.0,2537.0,2471.0,13.0,8.0,11143.0,3783.0,2879.0,6760.0,15170.0,11414.0,256339.0,219831.0,820937.0,592789.0,1035781.0,1333467.0,2113057.0,2146087.0,78912.0,79698.0,396.0,193.0,62.0,158.0,2441.0,1527.0,921.0,570.0,935.0,1155.0,47.0,21.0,2607.0,629.0,1403.0,2609.0,99297.0,93031.0,167395.0,167395.0,125445.0,98068.0
20,2036,1308.0,964.0,193.0,36.0,9455.0,7138.0,3452.0,2596.0,2581.0,2550.0,13.0,6.0,11463.0,4044.0,2923.0,7318.0,15694.0,12326.0,265413.0,225615.0,830677.0,602134.0,1083535.0,1391198.0,2179625.0,2218947.0,79145.0,80288.0,404.0,291.0,180.0,156.0,1754.0,1695.0,1029.0,216.0,870.0,628.0,20.0,-11.0,2065.0,728.0,1384.0,1665.0,103150.0,95715.0,167395.0,167395.0,141139.0,110394.0
20,2037,1429.0,999.0,246.0,45.0,9750.0,7567.0,3854.0,2836.0,2696.0,2661.0,12.0,6.0,11947.0,4211.0,3182.0,7905.0,16558.0,13115.0,274501.0,231201.0,837889.0,613217.0,1128653.0,1442334.0,2241043.0,2286752.0,80309.0,82184.0,382.0,222.0,169.0,132.0,2011.0,1384.0,870.0,631.0,939.0,1018.0,-3.0,-6.0,2285.0,565.0,1319.0,2372.0,107136.0,98874.0,167395.0,167395.0,157697.0,123509.0
20,2038,1477.0,1054.0,231.0,61.0,9734.0,8068.0,3921.0,2972.0,2885.0,2967.0,11.0,7.0,11860.0,4478.0,3445.0,8543.0,16782.0,14075.0,283221.0,236855.0,843354.0,625723.0,1171328.0,1488293.0,2297903.0,2350871.0,81136.0,82569.0,336.0,212.0,66.0,61.0,1775.0,1433.0,707.0,451.0,1233.0,1327.0,-50.0,29.0,1718.0,732.0,1677.0,2357.0,110867.0,102175.0,167395.0,167395.0,174479.0,137584.0
20,2039,1583.0,1080.0,330.0,54.0,9915.0,8581.0,4167.0,3098.0,2926.0,2953.0,12.0,8.0,12235.0,4835.0,3532.0,8779.0,17350.0,14694.0,290828.0,242069.0,848024.0,637927.0,1212563.0,1532020.0,2351415.0,2412016.0,81423.0,83184.0,607.0,24.0,233.0,178.0,935.0,855.0,902.0,685.0,981.0,646.0,10.0,-5.0,1004.0,1004.0,1450.0,1331.0,113928.0,104534.0,167395.0,167395.0,191829.0,152278.0
20,2040,1787.0,1135.0,405.0,94.0,9670.0,9003.0,4246.0,3162.0,2996.0,3091.0,13.0,7.0,11910.0,5100.0,3633.0,9122.0,17330.0,15357.0,298083.0,246916.0,851446.0,649028.0,1252011.0,1573508.0,2401540.0,2469452.0,81671.0,83835.0,552.0,276.0,116.0,231.0,1421.0,1754.0,806.0,259.0,772.0,828.0,24.0,-14.0,1306.0,1280.0,1281.0,1502.0,117067.0,107592.0,167395.0,167395.0,209159.0,167635.0
21,2009,0.0,0.0,0.0,0.0,0.0,0.0,0.0,0.0,0.0,0.0,0.0,0.0,0.0,0.0,0.0,0.0,0.0,0.0,38413.0,38413.0,93351.0,93351.0,73572.0,73572.0,205336.0,205336.0,63779.0,63779.0,1677.0,1677.0,0.0,0.0,478.0,478.0,7810.0,7810.0,7.0,7.0,0.0,0.0,2614.0,2614.0,4004.0,4004.0,8295.0,8295.0,140986.0,140986.0,0.0,0.0
21,2010,0.0,0.0,0.0,0.0,0.0,0.0,0.0,0.0,0.0,0.0,0.0,0.0,0.0,0.0,0.0,0.0,0.0,0.0,36106.0,36106.0,106496.0,106496.0,67172.0,67172.0,209774.0,209774.0,67994.0,67994.0,-49.0,-49.0,0.0,0.0,279.0,279.0,-413.0,-413.0,83.0,83.0,0.0,0.0,360.0,360.0,-362.0,-362.0,8244.0,8244.0,150263.0,150263.0,0.0,0.0
21,2011,0.0,0.0,0.0,0.0,1.0,1.0,24.0,24.0,0.0,0.0,0.0,0.0,2.0,2.0,23.0,23.0,25.0,25.0,32817.0,32817.0,125125.0,125125.0,63813.0,63813.0,221755.0,221755.0,63350.0,63350.0,-25.0,-25.0,0.0,0.0,478.0,478.0,-435.0,-435.0,312.0,312.0,0.0,0.0,418.0,418.0,-38.0,-38.0,8599.0,8599.0,139300.0,139300.0,25.0,25.0
21,2012,34.0,34.0,0.0,0.0,2.0,2.0,166.0,166.0,0.0,0.0,0.0,0.0,52.0,52.0,82.0,82.0,168.0,168.0,32118.0,32118.0,141206.0,141206.0,56171.0,56171.0,229495.0,229495.0,65161.0,65161.0,43.0,43.0,0.0,0.0,378.0,378.0,-681.0,-681.0,526.0,526.0,0.0,0.0,439.0,439.0,-259.0,-259.0,8822.0,8822.0,144647.0,144647.0,193.0,193.0
21,2013,49.0,49.0,0.0,0.0,3.0,3.0,219.0,219.0,7.0,7.0,0.0,0.0,130.0,130.0,50.0,50.0,229.0,229.0,30780.0,30780.0,153664.0,153664.0,49966.0,49966.0,234410.0,234410.0,72563.0,72563.0,-86.0,-86.0,0.0,0.0,253.0,253.0,-1005.0,-1005.0,1027.0,1027.0,0.0,0.0,340.0,340.0,21.0,21.0,9097.0,9097.0,161269.0,161269.0,422.0,422.0
21,2014,54.0,54.0,0.0,0.0,28.0,28.0,217.0,217.0,34.0,34.0,0.0,0.0,191.0,191.0,34.0,34.0,279.0,279.0,34841.0,34841.0,176303.0,176303.0,47348.0,47348.0,258492.0,258492.0,68020.0,68020.0,-64.0,-64.0,2.0,2.0,463.0,463.0,-1126.0,-1126.0,764.0,764.0,17.0,17.0,168.0,168.0,16.0,16.0,9217.0,9217.0,151359.0,151359.0,701.0,701.0
21,2015,82.0,82.0,0.0,0.0,61.0,61.0,189.0,189.0,94.0,94.0,0.0,0.0,171.0,171.0,91.0,91.0,344.0,344.0,42849.0,42849.0,210136.0,210136.0,58892.0,58892.0,311877.0,311877.0,64420.0,64420.0,295.0,295.0,78.0,78.0,835.0,835.0,-408.0,-408.0,1394.0,1394.0,139.0,139.0,764.0,764.0,979.0,979.0,11255.0,11255.0,143952.0,143952.0,1045.0,1045.0
21,2016,208.0,208.0,0.0,0.0,93.0,93.0,408.0,408.0,182.0,182.0,0.0,0.0,304.0,304.0,171.0,171.0,683.0,683.0,54205.0,54205.0,263550.0,263550.0,89696.0,89696.0,407451.0,407451.0,62900.0,62900.0,237.0,237.0,206.0,206.0,1300.0,1300.0,475.0,475.0,1415.0,1415.0,97.0,97.0,1308.0,1308.0,1948.0,1948.0,14748.0,14748.0,140350.0,140350.0,1728.0,1728.0
21,2017,142.0,142.0,0.0,0.0,160.0,160.0,536.0,536.0,275.0,275.0,0.0,0.0,566.0,566.0,263.0,263.0,971.0,971.0,68578.0,68578.0,307560.0,307560.0,109821.0,109821.0,485959.0,485959.0,62523.0,62523.0,432.0,432.0,216.0,216.0,1141.0,1141.0,440.0,440.0,780.0,780.0,162.0,162.0,1241.0,1241.0,1066.0,1066.0,17487.0,17487.0,139605.0,139605.0,2699.0,2699.0
21,2018,40.0,40.0,0.0,0.0,282.0,282.0,483.0,483.0,381.0,381.0,0.0,0.0,749.0,749.0,357.0,357.0,1146.0,1146.0,85199.0,85199.0,346970.0,346970.0,121587.0,121587.0,553756.0,553756.0,62730.0,62730.0,726.0,726.0,144.0,144.0,1199.0,1199.0,675.0,675.0,192.0,192.0,326.0,326.0,1177.0,1177.0,633.0,633.0,20023.0,20023.0,139482.0,139482.0,3845.0,3845.0
21,2019,144.0,144.0,2.0,2.0,472.0,472.0,915.0,915.0,534.0,534.0,0.0,0.0,1278.0,1278.0,501.0,501.0,1923.0,1923.0,93881.0,93881.0,392758.0,392758.0,153628.0,153628.0,640267.0,640267.0,63393.0,63393.0,317.0,317.0,-74.0,-74.0,1318.0,1318.0,528.0,528.0,1288.0,1288.0,28.0,28.0,974.0,974.0,1797.0,1797.0,23111.0,23111.0,140588.0,140588.0,5768.0,5768.0
21,2020,123.0,123.0,2.0,2.0,642.0,642.0,903.0,903.0,676.0,676.0,0.0,0.0,1459.0,1459.0,641.0,641.0,2223.0,2223.0,103549.0,103549.0,425065.0,425065.0,190729.0,190729.0,719343.0,719343.0,66781.0,66781.0,524.0,524.0,-26.0,-26.0,978.0,978.0,915.0,915.0,1903.0,1903.0,72.0,72.0,1195.0,1195.0,2123.0,2123.0,26953.0,26953.0,147154.0,147154.0,7991.0,7991.0
21,2021,167.0,167.0,0.0,0.0,760.0,760.0,883.0,883.0,628.0,628.0,0.0,0.0,1504.0,1504.0,600.0,600.0,2271.0,2271.0,113226.0,113226.0,471598.0,471598.0,215512.0,215512.0,800336.0,800336.0,88818.0,88818.0,492.0,492.0,-184.0,-184.0,891.0,891.0,1852.0,1852.0,667.0,667.0,63.0,63.0,1497.0,1497.0,1300.0,1300.0,30242.0,30242.0,195507.0,195507.0,10262.0,10262.0
21,2022,122.0,122.0,0.0,0.0,733.0,733.0,876.0,876.0,621.0,621.0,7.0,7.0,1510.0,1510.0,605.0,605.0,2237.0,2237.0,110398.0,110398.0,487995.0,487995.0,237132.0,237132.0,835525.0,835525.0,126560.0,126560.0,-11.0,-11.0,-44.0,-44.0,636.0,636.0,448.0,448.0,935.0,935.0,-42.0,-42.0,805.0,805.0,1139.0,1139.0,32175.0,32175.0,275252.0,275252.0,12499.0,12499.0
21,2023,165.0,165.0,0.0,0.0,1118.0,1118.0,1179.0,1179.0,752.0,752.0,14.0,14.0,2166.0,2166.0,732.0,732.0,3063.0,3063.0,116411.0,116411.0,527499.0,527499.0,304860.0,304860.0,948770.0,948770.0,89287.0,89287.0,-61.0,-61.0,122.0,122.0,1294.0,1294.0,1241.0,1241.0,2802.0,2802.0,-200.0,-200.0,1520.0,1520.0,3800.0,3800.0,37434.0,37434.0,193927.0,193927.0,15562.0,15562.0
21,2024,283.0,283.0,0.0,0.0,1531.0,1531.0,1233.0,1233.0,913.0,913.0,93.0,93.0,2600.0,2600.0,887.0,887.0,3770.0,3770.0,130493.0,130493.0,562829.0,562829.0,383379.0,383379.0,1076701.0,1076701.0,77183.0,77183.0,609.0,609.0,119.0,119.0,1578.0,1578.0,1430.0,1430.0,3183.0,3183.0,5.0,5.0,1472.0,1472.0,4234.0,4234.0,43749.0,43749.0,167395.0,167395.0,19332.0,19332.0
21,2025,352.0,316.0,0.0,0.0,2078.0,1702.0,1454.0,787.0,1064.0,1077.0,86.0,40.0,3279.0,2209.0,1051.0,1081.0,4682.0,3606.0,143854.0,140621.0,596401.0,551798.0,457746.0,506897.0,1198001.0,1199316.0,77370.0,76843.0,599.0,442.0,188.0,326.0,1848.0,1916.0,1282.0,403.0,3198.0,3132.0,-72.0,-121.0,1883.0,-836.0,3962.0,6050.0,50193.0,49405.0,167395.0,167395.0,24014.0,22938.0
21,2026,393.0,366.0,4.0,2.0,2690.0,2040.0,1472.0,595.0,1166.0,1193.0,56.0,3.0,3830.0,2128.0,1165.0,1339.0,5388.0,3833.0,156629.0,152663.0,628792.0,546006.0,528336.0,618753.0,1313757.0,1317422.0,77603.0,76149.0,361.0,160.0,113.0,220.0,1597.0,1478.0,852.0,848.0,2751.0,2697.0,-2.0,-40.0,1413.0,-650.0,3537.0,5693.0,55504.0,54608.0,167395.0,167395.0,29402.0,26771.0
21,2027,385.0,418.0,7.0,14.0,3366.0,2350.0,1717.0,598.0,1349.0,1336.0,7.0,8.0,4720.0,2218.0,1341.0,1670.0,6446.0,4306.0,168858.0,160980.0,659596.0,546667.0,595985.0,722523.0,1424439.0,1430170.0,76950.0,75489.0,245.0,514.0,154.0,158.0,1768.0,1587.0,1120.0,1454.0,2791.0,2787.0,-106.0,32.0,1924.0,-15.0,3558.0,5519.0,61231.0,60626.0,167395.0,167395.0,35848.0,31077.0
21,2028,478.0,533.0,21.0,8.0,3923.0,2682.0,1953.0,899.0,1508.0,1570.0,8.0,6.0,5393.0,2373.0,1542.0,2259.0,7413.0,5165.0,180733.0,169604.0,687688.0,546888.0,659458.0,819448.0,1527879.0,1535940.0,78386.0,77435.0,646.0,412.0,132.0,180.0,2293.0,1627.0,1256.0,1116.0,2074.0,2086.0,51.0,23.0,2163.0,401.0,2997.0,4219.0,67037.0,65658.0,167395.0,167395.0,43261.0,36242.0
21,2029,466.0,468.0,26.0,8.0,4736.0,3091.0,2005.0,1005.0,1623.0,1697.0,16.0,5.0,6233.0,2557.0,1707.0,2781.0,8406.0,5806.0,192777.0,178646.0,713444.0,546706.0,719634.0,910892.0,1625855.0,1636244.0,78785.0,77748.0,463.0,126.0,68.0,79.0,2071.0,1509.0,1006.0,1270.0,1963.0,2293.0,-43.0,2.0,1912.0,398.0,2690.0,4629.0,72102.0,70811.0,167395.0,167395.0,51667.0,42048.0
21,2030,567.0,556.0,26.0,20.0,5377.0,3532.0,2180.0,1393.0,1877.0,1919.0,6.0,11.0,6932.0,2710.0,1967.0,3609.0,9466.0,6875.0,204696.0,187071.0,737101.0,546646.0,777108.0,998516.0,1718905.0,1732233.0,79457.0,78557.0,153.0,191.0,148.0,182.0,1867.0,1266.0,589.0,817.0,1656.0,1250.0,-6.0,-9.0,1904.0,11.0,2197.0,3304.0,76356.0,74317.0,167395.0,167395.0,61133.0,48923.0
21,2031,732.0,636.0,45.0,35.0,6092.0,4006.0,2322.0,1794.0,2058.0,2037.0,6.0,6.0,7640.0,2816.0,2151.0,4426.0,10523.0,7878.0,215621.0,193724.0,758462.0,547168.0,831753.0,1081541.0,1805836.0,1822433.0,80094.0,79292.0,508.0,460.0,221.0,154.0,2498.0,1742.0,690.0,1234.0,2019.0,1928.0,54.0,-4.0,2208.0,421.0,2766.0,4173.0,81838.0,79371.0,167395.0,167395.0,71656.0,56801.0
21,2032,846.0,774.0,58.0,27.0,6841.0,4685.0,2414.0,1897.0,2253.0,2276.0,10.0,4.0,8387.0,3087.0,2343.0,5028.0,11576.0,8889.0,226481.0,201883.0,778093.0,558521.0,883941.0,1147125.0,1888515.0,1907529.0,80409.0,80794.0,341.0,184.0,-1.0,137.0,1843.0,1151.0,582.0,698.0,1545.0,1597.0,-32.0,19.0,1717.0,304.0,1879.0,3114.0,85775.0,82973.0,167395.0,167395.0,83232.0,65690.0
21,2033,894.0,767.0,70.0,22.0,7568.0,5143.0,2705.0,2095.0,2262.0,2335.0,14.0,4.0,9296.0,3247.0,2429.0,5585.0,12619.0,9599.0,236888.0,208257.0,794847.0,570546.0,934544.0,1211212.0,1966279.0,1990015.0,79887.0,79855.0,435.0,386.0,186.0,232.0,2581.0,1273.0,1215.0,730.0,1457.0,1325.0,-2.0,-11.0,2785.0,427.0,2217.0,2736.0,91212.0,86522.0,167395.0,167395.0,95851.0,75289.0
21,2034,1062.0,850.0,116.0,40.0,8337.0,5804.0,3061.0,2279.0,2562.0,2568.0,5.0,10.0,10170.0,3547.0,2849.0,6304.0,14081.0,10701.0,246803.0,213936.0,809160.0,582364.0,984404.0,1273090.0,2040367.0,2069390.0,79379.0,79858.0,480.0,-10.0,175.0,105.0,2246.0,1537.0,687.0,433.0,1036.0,1051.0,40.0,-18.0,2298.0,632.0,1406.0,2486.0,95396.0,89630.0,167395.0,167395.0,109932.0,85990.0
21,2035,1092.0,809.0,146.0,43.0,8769.0,6279.0,3245.0,2400.0,2522.0,2546.0,11.0,7.0,10780.0,3705.0,2821.0,6761.0,14693.0,11275.0,256413.0,220116.0,821685.0,592993.0,1033739.0,1333015.0,2111837.0,2146124.0,78824.0,79480.0,401.0,229.0,75.0,122.0,1770.0,1525.0,837.0,406.0,490.0,963.0,1.0,3.0,1872.0,701.0,900.0,2089.0,98569.0,92649.0,167395.0,167395.0,124625.0,97265.0
21,2036,1273.0,913.0,171.0,48.0,9488.0,6894.0,3469.0,2588.0,2532.0,2591.0,19.0,3.0,11513.0,3927.0,2893.0,7284.0,15679.0,12124.0,265597.0,225919.0,831302.0,602739.0,1081329.0,1390581.0,2178228.0,2219239.0,79157.0,79845.0,479.0,464.0,248.0,82.0,2371.0,1715.0,1263.0,312.0,866.0,1115.0,-2.0,30.0,2846.0,607.0,1421.0,2183.0,103315.0,95903.0,167395.0,167395.0,140304.0,109389.0
21,2037,1428.0,1002.0,230.0,46.0,9842.0,7495.0,3809.0,2741.0,2650.0,2708.0,21.0,10.0,12074.0,4215.0,3050.0,7783.0,16552.0,13000.0,273815.0,231244.0,839013.0,613482.0,1126534.0,1441942.0,2239362.0,2286668.0,80313.0,82330.0,466.0,131.0,38.0,190.0,1800.0,1229.0,663.0,659.0,1611.0,1108.0,-11.0,15.0,1551.0,827.0,2084.0,2243.0,107416.0,99104.0,167395.0,167395.0,156856.0,122389.0
21,2038,1509.0,1035.0,245.0,55.0,9771.0,8040.0,3946.0,2942.0,2811.0,2923.0,10.0,5.0,11979.0,4509.0,3295.0,8421.0,16783.0,13965.0,282114.0,236257.0,845072.0,626263.0,1169555.0,1488432.0,2296741.0,2350952.0,81137.0,82821.0,126.0,274.0,190.0,169.0,1747.0,1075.0,570.0,744.0,379.0,669.0,45.0,-3.0,2077.0,711.0,728.0,1669.0,110347.0,101758.0,167395.0,167395.0,173639.0,136354.0
21,2039,1565.0,1032.0,349.0,57.0,9718.0,8536.0,4070.0,3104.0,2924.0,2998.0,11.0,3.0,11989.0,4975.0,3518.0,8691.0,17072.0,14698.0,289909.0,241415.0,849496.0,638713.0,1210628.0,1531705.0,2350033.0,2411833.0,81412.0,83180.0,601.0,128.0,235.0,68.0,1453.0,1678.0,1010.0,271.0,1130.0,991.0,-16.0,36.0,1482.0,981.0,1729.0,1935.0,114159.0,104802.0,167395.0,167395.0,190711.0,151052.0
21,2040,1739.0,1155.0,365.0,88.0,9818.0,9000.0,4328.0,3200.0,3149.0,3165.0,12.0,6.0,12210.0,5170.0,3723.0,9134.0,17672.0,15459.0,297286.0,246259.0,852484.0,650185.0,1250517.0,1573023.0,2400287.0,2469467.0,81618.0,83620.0,551.0,222.0,13.0,117.0,1057.0,962.0,667.0,503.0,1061.0,1253.0,34.0,-28.0,1087.0,769.0,1194.0,1816.0,116991.0,107609.0,167395.0,167395.0,208383.0,166511.0
22,2009,0.0,0.0,0.0,0.0,0.0,0.0,0.0,0.0,0.0,0.0,0.0,0.0,0.0,0.0,0.0,0.0,0.0,0.0,38420.0,38420.0,93490.0,93490.0,73515.0,73515.0,205425.0,205425.0,63740.0,63740.0,1675.0,1675.0,0.0,0.0,570.0,570.0,7675.0,7675.0,0.0,0.0,0.0,0.0,2589.0,2589.0,3981.0,3981.0,8245.0,8245.0,140986.0,140986.0,0.0,0.0
22,2010,0.0,0.0,0.0,0.0,0.0,0.0,0.0,0.0,0.0,0.0,0.0,0.0,0.0,0.0,0.0,0.0,0.0,0.0,35925.0,35925.0,106777.0,106777.0,66874.0,66874.0,209576.0,209576.0,68199.0,68199.0,10.0,10.0,0.0,0.0,206.0,206.0,-211.0,-211.0,86.0,86.0,0.0,0.0,353.0,353.0,-282.0,-282.0,8326.0,8326.0,150263.0,150263.0,0.0,0.0
22,2011,0.0,0.0,0.0,0.0,0.0,0.0,40.0,40.0,0.0,0.0,0.0,0.0,0.0,0.0,40.0,40.0,40.0,40.0,32684.0,32684.0,125421.0,125421.0,63316.0,63316.0,221421.0,221421.0,63403.0,63403.0,-80.0,-80.0,0.0,0.0,494.0,494.0,-469.0,-469.0,331.0,331.0,0.0,0.0,547.0,547.0,-111.0,-111.0,8682.0,8682.0,139300.0,139300.0,40.0,40.0
22,2012,32.0,32.0,0.0,0.0,4.0,4.0,127.0,127.0,0.0,0.0,0.0,0.0,36.0,36.0,63.0,63.0,131.0,131.0,31976.0,31976.0,141703.0,141703.0,55701.0,55701.0,229380.0,229380.0,65157.0,65157.0,21.0,21.0,0.0,0.0,324.0,324.0,-804.0,-804.0,405.0,405.0,0.0,0.0,290.0,290.0,-386.0,-386.0,8607.0,8607.0,144647.0,144647.0,171.0,171.0
22,2013,62.0,62.0,0.0,0.0,2.0,2.0,250.0,250.0,3.0,3.0,0.0,0.0,143.0,143.0,50.0,50.0,255.0,255.0,30641.0,30641.0,154019.0,154019.0,49555.0,49555.0,234215.0,234215.0,72706.0,72706.0,-126.0,-126.0,0.0,0.0,231.0,231.0,-862.0,-862.0,1058.0,1058.0,0.0,0.0,461.0,461.0,92.0,92.0,9034.0,9034.0,161269.0,161269.0,426.0,426.0
22,2014,48.0,48.0,0.0,0.0,11.0,11.0,202.0,202.0,26.0,26.0,0.0,0.0,166.0,166.0,25.0,25.0,239.0,239.0,34750.0,34750.0,176741.0,176741.0,47063.0,47063.0,258554.0,258554.0,67966.0,67966.0,-10.0,-10.0,2.0,2.0,487.0,487.0,-1320.0,-1320.0,792.0,792.0,19.0,19.0,-28.0,-28.0,18.0,18.0,9014.0,9014.0,151359.0,151359.0,665.0,665.0
22,2015,84.0,84.0,0.0,0.0,70.0,70.0,170.0,170.0,90.0,90.0,0.0,0.0,161.0,161.0,85.0,85.0,330.0,330.0,42664.0,42664.0,210496.0,210496.0,58527.0,58527.0,311687.0,311687.0,64718.0,64718.0,180.0,180.0,91.0,91.0,860.0,860.0,-368.0,-368.0,1498.0,1498.0,114.0,114.0,887.0,887.0,1128.0,1128.0,11209.0,11209.0,143952.0,143952.0,995.0,995.0
22,2016,210.0,210.0,0.0,0.0,110.0,110.0,439.0,439.0,165.0,165.0,0.0,0.0,347.0,347.0,157.0,157.0,714.0,714.0,53853.0,53853.0,264119.0,264119.0,89331.0,89331.0,407303.0,407303.0,62840.0,62840.0,477.0,477.0,159.0,159.0,1354.0,1354.0,373.0,373.0,1526.0,1526.0,145.0,145.0,1126.0,1126.0,1954.0,1954.0,14766.0,14766.0,140350.0,140350.0,1709.0,1709.0
22,2017,115.0,115.0,0.0,0.0,165.0,165.0,478.0,478.0,264.0,264.0,0.0,0.0,547.0,547.0,245.0,245.0,907.0,907.0,67747.0,67747.0,308703.0,308703.0,109472.0,109472.0,485922.0,485922.0,62530.0,62530.0,390.0,390.0,261.0,261.0,1049.0,1049.0,531.0,531.0,566.0,566.0,196.0,196.0,1215.0,1215.0,998.0,998.0,17369.0,17369.0,139605.0,139605.0,2616.0,2616.0
22,2018,41.0,41.0,0.0,0.0,279.0,279.0,522.0,522.0,405.0,405.0,0.0,0.0,785.0,785.0,380.0,380.0,1206.0,1206.0,84272.0,84272.0,348319.0,348319.0,121502.0,121502.0,554093.0,554093.0,62325.0,62325.0,583.0,583.0,122.0,122.0,1187.0,1187.0,756.0,756.0,374.0,374.0,246.0,246.0,1367.0,1367.0,735.0,735.0,20054.0,20054.0,139482.0,139482.0,3822.0,3822.0
22,2019,119.0,119.0,0.0,0.0,409.0,409.0,897.0,897.0,543.0,543.0,0.0,0.0,1220.0,1220.0,510.0,510.0,1849.0,1849.0,92939.0,92939.0,394255.0,394255.0,153330.0,153330.0,640524.0,640524.0,63513.0,63513.0,376.0,376.0,12.0,12.0,1269.0,1269.0,537.0,537.0,1121.0,1121.0,78.0,78.0,929.0,929.0,1712.0,1712.0,23071.0,23071.0,140588.0,140588.0,5671.0,5671.0
22,2020,127.0,127.0,1.0,1.0,673.0,673.0,867.0,867.0,661.0,661.0,0.0,0.0,1444.0,1444.0,631.0,631.0,2202.0,2202.0,102628.0,102628.0,426796.0,426796.0,190131.0,190131.0,719555.0,719555.0,66764.0,66764.0,432.0,432.0,-118.0,-118.0,1077.0,1077.0,939.0,939.0,2029.0,2029.0,17.0,17.0,1339.0,1339.0,2173.0,2173.0,27015.0,27015.0,147154.0,147154.0,7873.0,7873.0
22,2021,149.0,149.0,0.0,0.0,770.0,770.0,899.0,899.0,686.0,686.0,0.0,0.0,1552.0,1552.0,654.0,654.0,2355.0,2355.0,112259.0,112259.0,473072.0,473072.0,214980.0,214980.0,800311.0,800311.0,88928.0,88928.0,547.0,547.0,-177.0,-177.0,1109.0,1109.0,1746.0,1746.0,515.0,515.0,161.0,161.0,1576.0,1576.0,1231.0,1231.0,30369.0,30369.0,195507.0,195507.0,10228.0,10228.0
22,2022,137.0,137.0,0.0,0.0,774.0,774.0,908.0,908.0,669.0,669.0,4.0,4.0,1582.0,1582.0,636.0,636.0,2355.0,2355.0,109832.0,109832.0,489447.0,489447.0,236292.0,236292.0,835571.0,835571.0,126587.0,126587.0,-119.0,-119.0,-70.0,-70.0,246.0,246.0,590.0,590.0,1119.0,1119.0,-177.0,-177.0,746.0,746.0,1081.0,1081.0,32077.0,32077.0,275252.0,275252.0,12583.0,12583.0
22,2023,159.0,159.0,0.0,0.0,1072.0,1072.0,1177.0,1177.0,751.0,751.0,14.0,14.0,2130.0,2130.0,725.0,725.0,3014.0,3014.0,116472.0,116472.0,528370.0,528370.0,303930.0,303930.0,948772.0,948772.0,89150.0,89150.0,373.0,373.0,166.0,166.0,1643.0,1643.0,1337.0,1337.0,2515.0,2515.0,-123.0,-123.0,1518.0,1518.0,3647.0,3647.0,37615.0,37615.0,193927.0,193927.0,15597.0,15597.0
22,2024,312.0,312.0,0.0,0.0,1569.0,1569.0,1349.0,1349.0,924.0,924.0,88.0,88.0,2729.0,2729.0,889.0,889.0,3930.0,3930.0,130533.0,130533.0,563608.0,563608.0,382388.0,382388.0,1076529.0,1076529.0,77181.0,77181.0,273.0,273.0,111.0,111.0,1620.0,1620.0,1313.0,1313.0,3327.0,3327.0,-61.0,-61.0,1730.0,1730.0,4307.0,4307.0,43925.0,43925.0,167395.0,167395.0,19527.0,19527.0
22,2025,333.0,298.0,0.0,0.0,2037.0,1712.0,1540.0,797.0,1018.0,1036.0,96.0,31.0,3378.0,2258.0,980.0,1020.0,4691.0,3576.0,143932.0,140650.0,597658.0,553156.0,456974.0,505372.0,1198564.0,1199178.0,77292.0,77028.0,441.0,334.0,190.0,335.0,1303.0,1440.0,1150.0,415.0,3002.0,3160.0,-34.0,-89.0,1472.0,-1359.0,3698.0,6286.0,49536.0,49186.0,167395.0,167395.0,24218.0,23103.0
22,2026,404.0,386.0,1.0,3.0,2669.0,1985.0,1607.0,702.0,1235.0,1218.0,55.0,2.0,3945.0,2151.0,1218.0,1373.0,5567.0,3910.0,156646.0,152685.0,629978.0,547000.0,527727.0,617535.0,1314351.0,1317220.0,77857.0,76294.0,418.0,494.0,87.0,222.0,1645.0,1585.0,1129.0,757.0,2850.0,2792.0,-28.0,-15.0,1553.0,-707.0,3712.0,5554.0,55219.0,54527.0,167395.0,167395.0,29785.0,27013.0
22,2027,407.0,438.0,3.0,11.0,3343.0,2394.0,1762.0,589.0,1403.0,1461.0,3.0,3.0,4704.0,2255.0,1403.0,1765.0,6514.0,4458.0,168976.0,161330.0,660073.0,547102.0,595709.0,721375.0,1424758.0,1429807.0,76940.0,75535.0,501.0,307.0,176.0,166.0,2148.0,1833.0,1110.0,1302.0,2913.0,2879.0,-50.0,34.0,1987.0,312.0,3809.0,5595.0,61516.0,60741.0,167395.0,167395.0,36299.0,31471.0
22,2028,463.0,522.0,10.0,17.0,3890.0,2693.0,1917.0,878.0,1463.0,1480.0,9.0,4.0,5302.0,2345.0,1524.0,2205.0,7289.0,5072.0,181109.0,170257.0,688387.0,547588.0,659116.0,818149.0,1528612.0,1535994.0,78460.0,77330.0,423.0,336.0,113.0,104.0,1707.0,1266.0,1164.0,1152.0,2062.0,2074.0,-13.0,9.0,1770.0,-18.0,2840.0,4287.0,66549.0,65346.0,167395.0,167395.0,43588.0,36543.0
22,2029,518.0,548.0,24.0,14.0,4753.0,3140.0,2096.0,1107.0,1724.0,1740.0,11.0,4.0,6305.0,2635.0,1785.0,2822.0,8608.0,6005.0,193213.0,178884.0,713934.0,547515.0,719186.0,910140.0,1626333.0,1636539.0,79077.0,77793.0,415.0,254.0,89.0,136.0,2587.0,1536.0,817.0,1363.0,2009.0,2125.0,14.0,19.0,2376.0,520.0,2725.0,4405.0,72065.0,70525.0,167395.0,167395.0,52196.0,42548.0
22,2030,537.0,544.0,34.0,27.0,5451.0,3548.0,2237.0,1447.0,1902.0,1851.0,10.0,4.0,7131.0,2741.0,1966.0,3592.0,9634.0,6877.0,204927.0,186850.0,737249.0,547285.0,776454.0,997390.0,1718630.0,1731525.0,79602.0,78886.0,368.0,236.0,153.0,176.0,2107.0,1587.0,870.0,1097.0,1756.0,1597.0,13.0,9.0,2065.0,210.0,2466.0,4020.0,76964.0,74991.0,167395.0,167395.0,61830.0,49425.0
22,2031,732.0,659.0,50.0,19.0,6195.0,4058.0,2292.0,1773.0,2073.0,2041.0,12.0,2.0,7696.0,2838.0,2194.0,4396.0,10622.0,7893.0,216108.0,194086.0,758440.0,547278.0,830941.0,1080764.0,1805489.0,1822128.0,80169.0,79090.0,530.0,340.0,157.0,123.0,2160.0,1386.0,893.0,1131.0,1662.0,1532.0,-1.0,7.0,1893.0,255.0,2448.0,3584.0,81835.0,79170.0,167395.0,167395.0,72452.0,57318.0
22,2032,817.0,714.0,69.0,23.0,6909.0,4502.0,2461.0,1892.0,2178.0,2195.0,7.0,4.0,8530.0,3000.0,2277.0,4902.0,11624.0,8616.0,226985.0,202416.0,777373.0,558460.0,883439.0,1146433.0,1887797.0,1907309.0,80367.0,80552.0,325.0,265.0,106.0,205.0,2157.0,1356.0,527.0,748.0,1543.0,1695.0,20.0,-44.0,1944.0,269.0,2084.0,3426.0,86188.0,83130.0,167395.0,167395.0,84076.0,65934.0
22,2033,943.0,783.0,54.0,20.0,7666.0,5277.0,2649.0,2063.0,2272.0,2247.0,11.0,4.0,9263.0,3349.0,2446.0,5479.0,12652.0,9611.0,237481.0,209172.0,793911.0,570524.0,934262.0,1210561.0,1965654.0,1990257.0,79767.0,79558.0,492.0,323.0,178.0,143.0,2392.0,1241.0,1036.0,658.0,1418.0,1115.0,27.0,70.0,2651.0,762.0,1908.0,2142.0,91239.0,86357.0,167395.0,167395.0,96728.0,75545.0
22,2034,1036.0,803.0,104.0,35.0,8385.0,5859.0,2896.0,2194.0,2530.0,2511.0,10.0,4.0,10129.0,3584.0,2760.0,6216.0,13925.0,10603.0,247139.0,214707.0,808553.0,582117.0,984734.0,1272921.0,2040426.0,2069745.0,79263.0,79678.0,649.0,125.0,159.0,107.0,2189.0,1502.0,647.0,478.0,584.0,1300.0,10.0,-47.0,1816.0,732.0,1124.0,2483.0,94828.0,89697.0,167395.0,167395.0,110653.0,86148.0
22,2035,1064.0,799.0,163.0,35.0,8784.0,6327.0,3337.0,2404.0,2521.0,2542.0,16.0,3.0,10920.0,3738.0,2837.0,6774.0,14821.0,11311.0,256746.0,220385.0,820651.0,593030.0,1033284.0,1332749.0,2110681.0,2146164.0,79074.0,79772.0,78.0,411.0,147.0,138.0,2291.0,1632.0,695.0,432.0,1573.0,746.0,0.0,27.0,2736.0,593.0,1892.0,1971.0,99534.0,92672.0,167395.0,167395.0,125474.0,97459.0
22,2036,1223.0,905.0,203.0,47.0,9399.0,7047.0,3557.0,2613.0,2564.0,2654.0,10.0,9.0,11508.0,3910.0,3002.0,7555.0,15733.0,12370.0,265517.0,225703.0,830451.0,602565.0,1080980.0,1390476.0,2176948.0,2218744.0,79100.0,80439.0,462.0,217.0,133.0,258.0,1971.0,1759.0,972.0,538.0,918.0,654.0,-32.0,-37.0,2257.0,633.0,1243.0,2322.0,103496.0,95844.0,167395.0,167395.0,141207.0,109829.0
22,2037,1323.0,945.0,219.0,44.0,9650.0,7589.0,3788.0,2778.0,2756.0,2822.0,13.0,6.0,11906.0,4222.0,3197.0,8072.0,16426.0,13239.0,274027.0,230860.0,838448.0,614020.0,1125870.0,1441477.0,2238345.0,2286357.0,80319.0,82326.0,408.0,-4.0,98.0,-30.0,1721.0,1232.0,943.0,314.0,857.0,1501.0,32.0,63.0,1692.0,574.0,1551.0,2510.0,107147.0,98924.0,167395.0,167395.0,157633.0,123068.0
22,2038,1423.0,1010.0,276.0,62.0,9722.0,8094.0,3827.0,2897.0,2843.0,2886.0,11.0,10.0,11908.0,4522.0,3348.0,8417.0,16679.0,13949.0,282458.0,235932.0,844084.0,626488.0,1168354.0,1487645.0,2294896.0,2350065.0,81286.0,82972.0,534.0,505.0,188.0,290.0,1569.0,1563.0,1185.0,698.0,969.0,727.0,-32.0,-19.0,2026.0,935.0,1319.0,1819.0,111026.0,102183.0,167395.0,167395.0,174312.0,137017.0
22,2039,1668.0,1104.0,334.0,55.0,9695.0,8579.0,4112.0,3144.0,3030.0,3069.0,15.0,5.0,11899.0,4878.0,3619.0,8870.0,17186.0,14852.0,290119.0,240733.0,848259.0,638299.0,1209648.0,1531973.0,2348026.0,2411005.0,81705.0,83322.0,266.0,135.0,81.0,-46.0,1349.0,1487.0,703.0,80.0,809.0,911.0,60.0,-14.0,1325.0,920.0,1411.0,1363.0,114028.0,104601.0,167395.0,167395.0,191498.0,151869.0
22,2040,1731.0,1092.0,385.0,66.0,9758.0,8873.0,4149.0,3215.0,3007.0,3094.0,11.0,3.0,11965.0,5228.0,3614.0,8931.0,17310.0,15251.0,297213.0,245512.0,851458.0,649835.0,1249394.0,1573411.0,2398065.0,2468758.0,81664.0,83771.0,663.0,57.0,191.0,156.0,1520.0,762.0,264.0,476.0,1169.0,1283.0,-12.0,61.0,1235.0,763.0,1234.0,1918.0,117160.0,107339.0,167395.0,167395.0,208808.0,167120.0
23,2009,0.0,0.0,0.0,0.0,0.0,0.0,0.0,0.0,0.0,0.0,0.0,0.0,0.0,0.0,0.0,0.0,0.0,0.0,38236.0,38236.0,93443.0,93443.0,73869.0,73869.0,205548.0,205548.0,63778.0,63778.0,1660.0,1660.0,0.0,0.0,519.0,519.0,7563.0,7563.0,2.0,2.0,0.0,0.0,2500.0,2500.0,3924.0,3924.0,8084.0,8084.0,140986.0,140986.0,0.0,0.0
23,2010,0.0,0.0,0.0,0.0,0.0,0.0,0.0,0.0,0.0,0.0,0.0,0.0,0.0,0.0,0.0,0.0,0.0,0.0,35959.0,35959.0,106705.0,106705.0,67255.0,67255.0,209919.0,209919.0,68003.0,68003.0,-8.0,-8.0,0.0,0.0,291.0,291.0,-164.0,-164.0,91.0,91.0,0.0,0.0,539.0,539.0,-313.0,-313.0,8302.0,8302.0,150263.0,150263.0,0.0,0.0
23,2011,0.0,0.0,0.0,0.0,0.0,0.0,29.0,29.0,0.0,0.0,0.0,0.0,3.0,3.0,26.0,26.0,29.0,29.0,32541.0,32541.0,125385.0,125385.0,63647.0,63647.0,221573.0,221573.0,63511.0,63511.0,-46.0,-46.0,0.0,0.0,418.0,418.0,-250.0,-250.0,295.0,295.0,0.0,0.0,509.0,509.0,0.0,0.0,8765.0,8765.0,139300.0,139300.0,29.0,29.0
23,2012,22.0,22.0,0.0,0.0,1.0,1.0,135.0,135.0,1.0,1.0,0.0,0.0,36.0,36.0,79.0,79.0,137.0,137.0,31982.0,31982.0,141567.0,141567.0,55966.0,55966.0,229515.0,229515.0,65151.0,65151.0,-92.0,-92.0,0.0,0.0,311.0,311.0,-959.0,-959.0,513.0,513.0,0.0,0.0,242.0,242.0,-285.0,-285.0,8630.0,8630.0,144647.0,144647.0,166.0,166.0
23,2013,60.0,60.0,0.0,0.0,8.0,8.0,242.0,242.0,8.0,8.0,0.0,0.0,147.0,147.0,51.0,51.0,258.0,258.0,30795.0,30795.0,154297.0,154297.0,49577.0,49577.0,234669.0,234669.0,72583.0,72583.0,-67.0,-67.0,0.0,0.0,151.0,151.0,-1014.0,-1014.0,1071.0,1071.0,0.0,0.0,304.0,304.0,-29.0,-29.0,8838.0,8838.0,161269.0,161269.0,424.0,424.0
23,2014,58.0,58.0,0.0,0.0,22.0,22.0,226.0,226.0,35.0,35.0,0.0,0.0,188.0,188.0,37.0,37.0,283.0,283.0,34970.0,34970.0,176900.0,176900.0,46941.0,46941.0,258811.0,258811.0,68011.0,68011.0,-28.0,-28.0,6.0,6.0,643.0,643.0,-1225.0,-1225.0,892.0,892.0,12.0,12.0,149.0,149.0,207.0,207.0,9166.0,9166.0,151359.0,151359.0,707.0,707.0
23,2015,82.0,82.0,0.0,0.0,48.0,48.0,187.0,187.0,90.0,90.0,0.0,0.0,156.0,156.0,87.0,87.0,325.0,325.0,42723.0,42723.0,210695.0,210695.0,58713.0,58713.0,312131.0,312131.0,64594.0,64594.0,243.0,243.0,81.0,81.0,895.0,895.0,-253.0,-253.0,1133.0,1133.0,124.0,124.0,977.0,977.0,760.0,760.0,11146.0,11146.0,143952.0,143952.0,1032.0,1032.0
23,2016,191.0,191.0,0.0,0.0,96.0,96.0,391.0,391.0,170.0,170.0,0.0,0.0,309.0,309.0,157.0,157.0,657.0,657.0,54053.0,54053.0,263979.0,263979.0,89721.0,89721.0,407753.0,407753.0,62971.0,62971.0,483.0,483.0,169.0,169.0,1316.0,1316.0,436.0,436.0,1462.0,1462.0,100.0,100.0,1090.0,1090.0,1910.0,1910.0,14629.0,14629.0,140350.0,140350.0,1689.0,1689.0
23,2017,145.0,145.0,0.0,0.0,150.0,150.0,513.0,513.0,266.0,266.0,0.0,0.0,537.0,537.0,247.0,247.0,929.0,929.0,67916.0,67916.0,308155.0,308155.0,109844.0,109844.0,485915.0,485915.0,62669.0,62669.0,458.0,458.0,246.0,246.0,1096.0,1096.0,581.0,581.0,944.0,944.0,191.0,191.0,1375.0,1375.0,1225.0,1225.0,17687.0,17687.0,139605.0,139605.0,2618.0,2618.0
23,2018,34.0,34.0,0.0,0.0,268.0,268.0,496.0,496.0,398.0,398.0,0.0,0.0,755.0,755.0,373.0,373.0,1162.0,1162.0,84266.0,84266.0,347786.0,347786.0,121790.0,121790.0,553842.0,553842.0,62744.0,62744.0,593.0,593.0,112.0,112.0,1179.0,1179.0,475.0,475.0,114.0,114.0,312.0,312.0,1027.0,1027.0,572.0,572.0,19879.0,19879.0,139482.0,139482.0,3780.0,3780.0
23,2019,152.0,152.0,0.0,0.0,426.0,426.0,968.0,968.0,560.0,560.0,0.0,0.0,1274.0,1274.0,528.0,528.0,1954.0,1954.0,93201.0,93201.0,393492.0,393492.0,153534.0,153534.0,640227.0,640227.0,63521.0,63521.0,183.0,183.0,15.0,15.0,1152.0,1152.0,688.0,688.0,1364.0,1364.0,11.0,11.0,1171.0,1171.0,1876.0,1876.0,23109.0,23109.0,140588.0,140588.0,5734.0,5734.0
23,2020,158.0,158.0,1.0,1.0,651.0,651.0,866.0,866.0,646.0,646.0,0.0,0.0,1388.0,1388.0,618.0,618.0,2164.0,2164.0,102874.0,102874.0,425814.0,425814.0,190572.0,190572.0,719260.0,719260.0,66704.0,66704.0,602.0,602.0,-144.0,-144.0,1185.0,1185.0,920.0,920.0,1889.0,1889.0,114.0,114.0,1189.0,1189.0,2173.0,2173.0,27073.0,27073.0,147154.0,147154.0,7898.0,7898.0
23,2021,156.0,156.0,0.0,0.0,739.0,739.0,931.0,931.0,656.0,656.0,0.0,0.0,1543.0,1543.0,627.0,627.0,2326.0,2326.0,112839.0,112839.0,471489.0,471489.0,215648.0,215648.0,799976.0,799976.0,88726.0,88726.0,518.0,518.0,-147.0,-147.0,992.0,992.0,2054.0,2054.0,587.0,587.0,52.0,52.0,1832.0,1832.0,1188.0,1188.0,30611.0,30611.0,195507.0,195507.0,10224.0,10224.0
23,2022,120.0,120.0,0.0,0.0,786.0,786.0,862.0,862.0,650.0,650.0,2.0,2.0,1561.0,1561.0,619.0,619.0,2300.0,2300.0,110279.0,110279.0,488128.0,488128.0,237237.0,237237.0,835644.0,835644.0,126433.0,126433.0,-29.0,-29.0,-50.0,-50.0,306.0,306.0,219.0,219.0,857.0,857.0,-120.0,-120.0,166.0,166.0,1075.0,1075.0,31823.0,31823.0,275252.0,275252.0,12524.0,12524.0
23,2023,184.0,184.0,0.0,0.0,1045.0,1045.0,1148.0,1148.0,737.0,737.0,13.0,13.0,2047.0,2047.0,712.0,712.0,2943.0,2943.0,116809.0,116809.0,527397.0,527397.0,304243.0,304243.0,948449.0,948449.0,89447.0,89447.0,180.0,180.0,147.0,147.0,1558.0,1558.0,1317.0,1317.0,2971.0,2971.0,-102.0,-102.0,1782.0,1782.0,3929.0,3929.0,37714.0,37714.0,193927.0,193927.0,15467.0,15467.0
23,2024,304.0,304.0,0.0,0.0,1494.0,1494.0,1216.0,1216.0,887.0,887.0,109.0,109.0,2539.0,2539.0,863.0,863.0,3706.0,3706.0,130756.0,130756.0,562425.0,562425.0,382753.0,382753.0,1075934.0,1075934.0,77016.0,77016.0,456.0,456.0,178.0,178.0,1738.0,1738.0,1395.0,1395.0,3379.0,3379.0,-42.0,-42.0,1814.0,1814.0,4378.0,4378.0,44362.0,44362.0,167395.0,167395.0,19173.0,19173.0
23,2025,362.0,317.0,1.0,0.0,2058.0,1713.0,1494.0,786.0,1046.0,1041.0,100.0,44.0,3331.0,2242.0,1006.0,1025.0,4699.0,3584.0,144058.0,140756.0,596480.0,551629.0,457002.0,506186.0,1197540.0,1198571.0,77313.0,76993.0,414.0,347.0,67.0,271.0,1371.0,1438.0,1286.0,540.0,2903.0,2740.0,-45.0,-118.0,1352.0,-1251.0,3816.0,5775.0,49944.0,49233.0,167395.0,167395.0,23872.0,22757.0
23,2026,407.0,394.0,1.0,2.0,2669.0,2001.0,1527.0,670.0,1199.0,1225.0,64.0,5.0,3869.0,2134.0,1184.0,1375.0,5460.0,3903.0,157238.0,152955.0,628167.0,545416.0,528425.0,618807.0,1313830.0,1317178.0,77528.0,76028.0,295.0,351.0,212.0,212.0,1566.0,1271.0,747.0,615.0,2674.0,2923.0,-98.0,-26.0,1482.0,-1098.0,3324.0,5742.0,55045.0,54228.0,167395.0,167395.0,29332.0,26660.0
23,2027,383.0,413.0,9.0,11.0,3197.0,2269.0,1739.0,593.0,1439.0,1418.0,4.0,6.0,4574.0,2151.0,1431.0,1733.0,6388.0,4297.0,169502.0,161599.0,658800.0,545741.0,596348.0,722904.0,1424650.0,1430244.0,76930.0,75563.0,522.0,209.0,122.0,137.0,2109.0,1874.0,1132.0,1270.0,2693.0,2654.0,12.0,71.0,2013.0,480.0,3533.0,5317.0,61113.0,60234.0,167395.0,167395.0,35720.0,30957.0
23,2028,444.0,478.0,12.0,6.0,3920.0,2724.0,1840.0,857.0,1406.0,1440.0,5.0,3.0,5284.0,2419.0,1455.0,2133.0,7183.0,5030.0,181684.0,170566.0,686616.0,545709.0,659939.0,819923.0,1528239.0,1536198.0,78368.0,77389.0,531.0,423.0,87.0,153.0,1986.0,1651.0,1349.0,1291.0,2361.0,2185.0,10.0,6.0,2115.0,207.0,3147.0,4656.0,66906.0,65520.0,167395.0,167395.0,42903.0,35987.0
23,2029,520.0,571.0,29.0,28.0,4627.0,3109.0,2048.0,1109.0,1715.0,1737.0,10.0,5.0,6126.0,2550.0,1783.0,2867.0,8429.0,5988.0,193435.0,179266.0,712572.0,545594.0,720132.0,911923.0,1626139.0,1636783.0,78894.0,77709.0,553.0,369.0,194.0,269.0,1926.0,1389.0,984.0,1374.0,2066.0,2040.0,-7.0,-23.0,1673.0,304.0,2937.0,4376.0,72069.0,70569.0,167395.0,167395.0,51332.0,41975.0
23,2030,545.0,559.0,30.0,16.0,5365.0,3533.0,2171.0,1356.0,1792.0,1800.0,5.0,10.0,6935.0,2702.0,1883.0,3454.0,9363.0,6715.0,205188.0,187496.0,736135.0,545765.0,777414.0,998880.0,1718737.0,1732141.0,79463.0,78709.0,245.0,276.0,133.0,87.0,2099.0,1446.0,652.0,886.0,1825.0,1826.0,24.0,-18.0,2058.0,7.0,2430.0,3944.0,76802.0,74796.0,167395.0,167395.0,60695.0,48690.0
23,2031,766.0,693.0,38.0,20.0,6292.0,4277.0,2256.0,1788.0,1977.0,2064.0,15.0,7.0,7727.0,2904.0,2085.0,4559.0,10578.0,8156.0,216208.0,194742.0,757618.0,546414.0,832125.0,1081020.0,1805951.0,1822176.0,80153.0,79286.0,548.0,290.0,95.0,120.0,2612.0,1518.0,554.0,1281.0,1468.0,1796.0,-35.0,31.0,2146.0,425.0,2000.0,4031.0,81496.0,79542.0,167395.0,167395.0,71273.0,56846.0
23,2032,834.0,772.0,45.0,27.0,7104.0,4789.0,2430.0,1967.0,2073.0,2131.0,6.0,3.0,8641.0,3187.0,2183.0,4958.0,11658.0,8917.0,227157.0,203000.0,776827.0,558206.0,883850.0,1145974.0,1887834.0,1907180.0,80584.0,80901.0,181.0,176.0,149.0,138.0,2203.0,1339.0,883.0,619.0,1630.0,1361.0,35.0,-41.0,2606.0,513.0,2113.0,2727.0,86396.0,82958.0,167395.0,167395.0,82931.0,65763.0
23,2033,886.0,733.0,64.0,33.0,7604.0,5156.0,2631.0,2069.0,2291.0,2266.0,9.0,8.0,9260.0,3274.0,2453.0,5525.0,12599.0,9532.0,237451.0,209617.0,793874.0,570121.0,934548.0,1210362.0,1965873.0,1990100.0,79792.0,79521.0,619.0,305.0,124.0,109.0,2110.0,1398.0,867.0,538.0,1579.0,1394.0,-44.0,25.0,1666.0,647.0,2351.0,2512.0,91032.0,86422.0,167395.0,167395.0,95530.0,75295.0
23,2034,983.0,797.0,90.0,30.0,8203.0,5745.0,2935.0,2290.0,2439.0,2396.0,13.0,2.0,9947.0,3412.0,2750.0,6254.0,13680.0,10463.0,247472.0,215041.0,807749.0,581313.0,985078.0,1272459.0,2040299.0,2068813.0,79235.0,79927.0,289.0,321.0,184.0,200.0,2645.0,1855.0,763.0,670.0,554.0,1061.0,24.0,15.0,2737.0,756.0,1144.0,2724.0,95202.0,90223.0,167395.0,167395.0,109210.0,85758.0
23,2035,1154.0,885.0,137.0,39.0,8978.0,6405.0,3288.0,2276.0,2572.0,2583.0,8.0,5.0,10913.0,3699.0,2916.0,6724.0,14983.0,11308.0,257221.0,220852.0,820509.0,592006.0,1033990.0,1332456.0,2111720.0,2145314.0,78848.0,79665.0,291.0,89.0,8.0,113.0,1627.0,1265.0,759.0,368.0,975.0,723.0,23.0,5.0,1885.0,442.0,1216.0,1943.0,98594.0,92697.0,167395.0,167395.0,124193.0,97066.0
23,2036,1233.0,892.0,193.0,43.0,9626.0,6943.0,3478.0,2661.0,2668.0,2633.0,9.0,4.0,11676.0,3962.0,3065.0,7430.0,15974.0,12284.0,266219.0,226917.0,830529.0,601500.0,1081385.0,1389941.0,2178133.0,2218358.0,79164.0,80080.0,762.0,346.0,240.0,52.0,2356.0,1436.0,1215.0,583.0,892.0,987.0,-11.0,-16.0,2391.0,627.0,1539.0,2069.0,103286.0,95739.0,167395.0,167395.0,140167.0,109350.0
23,2037,1429.0,989.0,227.0,55.0,9763.0,7764.0,3816.0,2792.0,2703.0,2714.0,16.0,5.0,11953.0,4354.0,3143.0,7987.0,16525.0,13330.0,274783.0,232279.0,837870.0,612702.0,1126611.0,1440605.0,2239264.0,2285586.0,80629.0,82357.0,227.0,189.0,144.0,247.0,1960.0,1679.0,725.0,449.0,992.0,1159.0,-4.0,5.0,2380.0,674.0,1210.0,2676.0,107103.0,99278.0,167395.0,167395.0,156692.0,122680.0
23,2038,1508.0,997.0,269.0,50.0,9792.0,8163.0,3867.0,2945.0,2763.0,2784.0,9.0,10.0,11940.0,4713.0,3252.0,8242.0,16700.0,13952.0,283140.0,237478.0,843854.0,625523.0,1169255.0,1486651.0,2296249.0,2349652.0,81253.0,82668.0,276.0,63.0,132.0,124.0,1401.0,1138.0,976.0,669.0,989.0,904.0,24.0,16.0,1538.0,914.0,1708.0,1874.0,110625.0,102129.0,167395.0,167395.0,173392.0,136632.0
23,2039,1652.0,1100.0,307.0,56.0,9911.0,8648.0,4126.0,3122.0,2909.0,2956.0,21.0,7.0,12123.0,4940.0,3499.0,8749.0,17274.0,14789.0,290878.0,242697.0,848345.0,638019.0,1210699.0,1530133.0,2349922.0,2410849.0,81483.0,82887.0,643.0,273.0,121.0,121.0,1643.0,1229.0,660.0,110.0,643.0,1167.0,15.0,23.0,1531.0,811.0,908.0,1566.0,113707.0,104779.0,167395.0,167395.0,190666.0,151421.0
23,2040,1682.0,1082.0,363.0,76.0,9758.0,8835.0,4219.0,3213.0,3012.0,3036.0,13.0,5.0,12071.0,5124.0,3612.0,8959.0,17365.0,15165.0,298175.0,247349.0,851100.0,649639.0,1250253.0,1571343.0,2399528.0,2468331.0,81593.0,83754.0,487.0,423.0,358.0,41.0,1144.0,1207.0,760.0,650.0,1691.0,955.0,4.0,-5.0,1466.0,751.0,2004.0,1674.0,117664.0,107627.0,167395.0,167395.0,208031.0,166586.0
24,2009,0.0,0.0,0.0,0.0,0.0,0.0,0.0,0.0,0.0,0.0,0.0,0.0,0.0,0.0,0.0,0.0,0.0,0.0,38369.0,38369.0,93394.0,93394.0,73496.0,73496.0,205259.0,205259.0,63800.0,63800.0,1691.0,1691.0,0.0,0.0,540.0,540.0,7811.0,7811.0,0.0,0.0,0.0,0.0,2589.0,2589.0,4071.0,4071.0,8351.0,8351.0,140986.0,140986.0,0.0,0.0
24,2010,0.0,0.0,0.0,0.0,0.0,0.0,0.0,0.0,0.0,0.0,0.0,0.0,0.0,0.0,0.0,0.0,0.0,0.0,35938.0,35938.0,106577.0,106577.0,66892.0,66892.0,209407.0,209407.0,68161.0,68161.0,4.0,4.0,0.0,0.0,251.0,251.0,-328.0,-328.0,93.0,93.0,0.0,0.0,355.0,355.0,-343.0,-343.0,8367.0,8367.0,150263.0,150263.0,0.0,0.0
24,2011,0.0,0.0,0.0,0.0,0.0,0.0,25.0,25.0,0.0,0.0,0.0,0.0,0.0,0.0,25.0,25.0,25.0,25.0,32607.0,32607.0,125471.0,125471.0,63250.0,63250.0,221328.0,221328.0,63424.0,63424.0,-53.0,-53.0,0.0,0.0,371.0,371.0,-453.0,-453.0,300.0,300.0,0.0,0.0,441.0,441.0,-170.0,-170.0,8585.0,8585.0,139300.0,139300.0,25.0,25.0
24,2012,45.0,45.0,0.0,0.0,2.0,2.0,162.0,162.0,2.0,2.0,0.0,0.0,47.0,47.0,74.0,74.0,166.0,166.0,32023.0,32023.0,141306.0,141306.0,55855.0,55855.0,229184.0,229184.0,65296.0,65296.0,-85.0,-85.0,0.0,0.0,466.0,466.0,-923.0,-923.0,443.0,443.0,0.0,0.0,343.0,343.0,-272.0,-272.0,8571.0,8571.0,144647.0,144647.0,191.0,191.0
24,2013,66.0,66.0,0.0,0.0,1.0,1.0,259.0,259.0,9.0,9.0,0.0,0.0,156.0,156.0,47.0,47.0,269.0,269.0,30720.0,30720.0,153772.0,153772.0,49724.0,49724.0,234216.0,234216.0,72669.0,72669.0,-40.0,-40.0,0.0,0.0,181.0,181.0,-944.0,-944.0,1066.0,1066.0,0.0,0.0,387.0,387.0,-44.0,-44.0,8874.0,8874.0,161269.0,161269.0,460.0,460.0
24,2014,45.0,45.0,0.0,0.0,10.0,10.0,196.0,196.0,29.0,29.0,0.0,0.0,159.0,159.0,31.0,31.0,235.0,235.0,34727.0,34727.0,176281.0,176281.0,47155.0,47155.0,258163.0,258163.0,68280.0,68280.0,-46.0,-46.0,3.0,3.0,557.0,557.0,-1209.0,-1209.0,849.0,849.0,18.0,18.0,141.0,141.0,123.0,123.0,9092.0,9092.0,151359.0,151359.0,695.0,695.0
24,2015,74.0,74.0,0.0,0.0,46.0,46.0,166.0,166.0,65.0,65.0,0.0,0.0,141.0,141.0,62.0,62.0,277.0,277.0,42464.0,42464.0,209857.0,209857.0,59034.0,59034.0,311355.0,311355.0,64799.0,64799.0,194.0,194.0,82.0,82.0,813.0,813.0,-255.0,-255.0,1216.0,1216.0,121.0,121.0,872.0,872.0,911.0,911.0,11069.0,11069.0,143952.0,143952.0,972.0,972.0
24,2016,203.0,203.0,0.0,0.0,111.0,111.0,416.0,416.0,158.0,158.0,0.0,0.0,330.0,330.0,152.0,152.0,685.0,685.0,53939.0,53939.0,263149.0,263149.0,89909.0,89909.0,406997.0,406997.0,62845.0,62845.0,367.0,367.0,173.0,173.0,1404.0,1404.0,388.0,388.0,1605.0,1605.0,96.0,96.0,1336.0,1336.0,1963.0,1963.0,14735.0,14735.0,140350.0,140350.0,1657.0,1657.0
24,2017,164.0,164.0,0.0,0.0,173.0,173.0,529.0,529.0,249.0,249.0,0.0,0.0,547.0,547.0,240.0,240.0,951.0,951.0,68160.0,68160.0,307259.0,307259.0,109880.0,109880.0,485299.0,485299.0,62561.0,62561.0,475.0,475.0,285.0,285.0,1055.0,1055.0,596.0,596.0,781.0,781.0,203.0,203.0,1241.0,1241.0,1204.0,1204.0,17655.0,17655.0,139605.0,139605.0,2608.0,2608.0
24,2018,46.0,46.0,0.0,0.0,257.0,257.0,553.0,553.0,402.0,402.0,0.0,0.0,782.0,782.0,384.0,384.0,1212.0,1212.0,84637.0,84637.0,347018.0,347018.0,121579.0,121579.0,553234.0,553234.0,62526.0,62526.0,659.0,659.0,61.0,61.0,1113.0,1113.0,703.0,703.0,268.0,268.0,289.0,289.0,1035.0,1035.0,740.0,740.0,20089.0,20089.0,139482.0,139482.0,3820.0,3820.0
24,2019,133.0,133.0,0.0,0.0,423.0,423.0,960.0,960.0,556.0,556.0,0.0,0.0,1292.0,1292.0,514.0,514.0,1939.0,1939.0,93350.0,93350.0,392373.0,392373.0,153789.0,153789.0,639512.0,639512.0,63615.0,63615.0,233.0,233.0,16.0,16.0,1366.0,1366.0,456.0,456.0,1180.0,1180.0,15.0,15.0,1173.0,1173.0,1627.0,1627.0,23122.0,23122.0,140588.0,140588.0,5759.0,5759.0
24,2020,117.0,117.0,2.0,2.0,652.0,652.0,903.0,903.0,675.0,675.0,0.0,0.0,1474.0,1474.0,641.0,641.0,2232.0,2232.0,103160.0,103160.0,424369.0,424369.0,191348.0,191348.0,718877.0,718877.0,66733.0,66733.0,470.0,470.0,-100.0,-100.0,888.0,888.0,863.0,863.0,1866.0,1866.0,73.0,73.0,1109.0,1109.0,2011.0,2011.0,26712.0,26712.0,147154.0,147154.0,7991.0,7991.0
24,2021,161.0,161.0,0.0,0.0,740.0,740.0,928.0,928.0,739.0,739.0,0.0,0.0,1540.0,1540.0,706.0,706.0,2407.0,2407.0,113258.0,113258.0,470373.0,470373.0,216248.0,216248.0,799879.0,799879.0,88827.0,88827.0,620.0,620.0,-159.0,-159.0,939.0,939.0,1963.0,1963.0,653.0,653.0,116.0,116.0,1580.0,1580.0,1312.0,1312.0,30224.0,30224.0,195507.0,195507.0,10398.0,10398.0
24,2022,131.0,131.0,0.0,0.0,714.0,714.0,959.0,959.0,687.0,687.0,2.0,2.0,1568.0,1568.0,663.0,663.0,2362.0,2362.0,110762.0,110762.0,487192.0,487192.0,237327.0,237327.0,835281.0,835281.0,126292.0,126292.0,-3.0,-3.0,-93.0,-93.0,746.0,746.0,164.0,164.0,1320.0,1320.0,-131.0,-131.0,453.0,453.0,1556.0,1556.0,32230.0,32230.0,275252.0,275252.0,12760.0,12760.0
24,2023,182.0,182.0,0.0,0.0,1103.0,1103.0,1155.0,1155.0,802.0,802.0,29.0,29.0,2133.0,2133.0,774.0,774.0,3089.0,3089.0,117025.0,117025.0,526700.0,526700.0,304516.0,304516.0,948241.0,948241.0,89547.0,89547.0,113.0,113.0,150.0,150.0,1240.0,1240.0,1574.0,1574.0,2389.0,2389.0,-124.0,-124.0,1652.0,1652.0,3464.0,3464.0,37459.0,37459.0,193927.0,193927.0,15849.0,15849.0
24,2024,348.0,348.0,0.0,0.0,1415.0,1415.0,1304.0,1304.0,961.0,961.0,121.0,121.0,2510.0,2510.0,943.0,943.0,3801.0,3801.0,130739.0,130739.0,562182.0,562182.0,383100.0,383100.0,1076021.0,1076021.0,77013.0,77013.0,592.0,592.0,174.0,174.0,1705.0,1705.0,1301.0,1301.0,3429.0,3429.0,2.0,2.0,1722.0,1722.0,4297.0,4297.0,44070.0,44070.0,167395.0,167395.0,19650.0,19650.0
24,2025,391.0,345.0,2.0,0.0,2127.0,1797.0,1483.0,853.0,1044.0,1032.0,121.0,49.0,3365.0,2353.0,1021.0,1033.0,4777.0,3731.0,144039.0,140753.0,595818.0,551473.0,457856.0,506850.0,1197713.0,1199076.0,77506.0,76881.0,366.0,233.0,141.0,253.0,1452.0,1418.0,1383.0,745.0,2644.0,2494.0,-25.0,-53.0,1685.0,-1277.0,3544.0,5901.0,49665.0,48927.0,167395.0,167395.0,24427.0,23381.0
24,2026,378.0,357.0,3.0,7.0,2723.0,2025.0,1523.0,636.0,1219.0,1201.0,68.0,1.0,3961.0,2190.0,1197.0,1323.0,5536.0,3870.0,156674.0,152493.0,628039.0,545755.0,528660.0,618778.0,1313373.0,1317026.0,77805.0,76154.0,505.0,454.0,81.0,235.0,1890.0,1681.0,784.0,639.0,3082.0,3387.0,-104.0,-110.0,1489.0,-577.0,3739.0,5955.0,55398.0,54759.0,167395.0,167395.0,29963.0,27251.0
24,2027,357.0,377.0,4.0,8.0,3282.0,2334.0,1710.0,554.0,1395.0,1394.0,14.0,6.0,4669.0,2239.0,1379.0,1680.0,6405.0,4296.0,169048.0,161189.0,658007.0,545535.0,597115.0,722937.0,1424170.0,1429661.0,76912.0,75868.0,255.0,127.0,160.0,216.0,1914.0,1760.0,1173.0,1022.0,2543.0,2579.0,-34.0,24.0,2107.0,314.0,3394.0,5160.0,61154.0,60360.0,167395.0,167395.0,36368.0,31547.0
24,2028,462.0,509.0,11.0,11.0,3987.0,2811.0,1937.0,850.0,1541.0,1537.0,8.0,3.0,5439.0,2415.0,1583.0,2288.0,7484.0,5212.0,180849.0,170189.0,686453.0,546190.0,659917.0,819123.0,1527219.0,1535502.0,78698.0,77439.0,621.0,377.0,150.0,91.0,1876.0,1418.0,1264.0,1465.0,2685.0,2243.0,-13.0,6.0,1781.0,35.0,3560.0,4811.0,67116.0,65583.0,167395.0,167395.0,43852.0,36759.0
24,2029,515.0,547.0,23.0,15.0,4607.0,3135.0,2020.0,1049.0,1682.0,1673.0,8.0,3.0,6094.0,2593.0,1731.0,2735.0,8340.0,5875.0,192796.0,178995.0,712861.0,546587.0,719905.0,911064.0,1625562.0,1636646.0,78894.0,77504.0,318.0,469.0,138.0,204.0,1837.0,1248.0,792.0,1159.0,1745.0,2017.0,-2.0,4.0,1643.0,153.0,2549.0,4010.0,71626.0,70215.0,167395.0,167395.0,52192.0,42634.0
24,2030,591.0,590.0,33.0,16.0,5344.0,3568.0,2265.0,1432.0,1944.0,1914.0,13.0,11.0,6957.0,2711.0,2051.0,3640.0,9599.0,6941.0,204559.0,187260.0,736522.0,546605.0,777318.0,998338.0,1718399.0,1732203.0,79274.0,78595.0,363.0,89.0,64.0,98.0,2455.0,1520.0,1000.0,1249.0,1609.0,1590.0,-2.0,39.0,2578.0,394.0,2185.0,4013.0,76752.0,74711.0,167395.0,167395.0,61791.0,49575.0
24,2031,714.0,638.0,50.0,24.0,6229.0,4049.0,2260.0,1743.0,2041.0,2047.0,9.0,5.0,7721.0,2847.0,2154.0,4383.0,10589.0,7868.0,215879.0,194341.0,757654.0,546714.0,832559.0,1081794.0,1806092.0,1822849.0,79909.0,79236.0,468.0,248.0,181.0,183.0,2168.0,1342.0,460.0,975.0,1635.0,1813.0,65.0,-43.0,1852.0,158.0,2189.0,3864.0,81261.0,78981.0,167395.0,167395.0,72380.0,57443.0
24,2032,827.0,721.0,46.0,24.0,6763.0,4567.0,2522.0,2000.0,2195.0,2208.0,11.0,8.0,8423.0,3062.0,2287.0,5024.0,11537.0,8807.0,226858.0,202713.0,776549.0,557941.0,884561.0,1146993.0,1887968.0,1907647.0,80343.0,80795.0,308.0,500.0,126.0,197.0,2472.0,1715.0,752.0,559.0,2054.0,1820.0,-21.0,-2.0,2377.0,453.0,2698.0,3336.0,86644.0,83270.0,167395.0,167395.0,83917.0,66250.0
24,2033,898.0,739.0,52.0,29.0,7827.0,5270.0,2708.0,2087.0,2311.0,2290.0,8.0,7.0,9539.0,3374.0,2469.0,5570.0,12906.0,9683.0,237137.0,208975.0,793737.0,569772.0,935436.0,1211624.0,1966310.0,1990371.0,79780.0,79452.0,400.0,314.0,174.0,94.0,1905.0,1460.0,773.0,851.0,1242.0,962.0,3.0,50.0,1978.0,973.0,1719.0,2130.0,90741.0,86687.0,167395.0,167395.0,96823.0,75933.0
24,2034,989.0,740.0,103.0,28.0,8361.0,5881.0,3044.0,2245.0,2519.0,2511.0,18.0,6.0,10240.0,3586.0,2816.0,6345.0,14045.0,10671.0,246951.0,214636.0,808693.0,581471.0,985737.0,1273222.0,2041381.0,2069329.0,79136.0,79921.0,387.0,-197.0,79.0,167.0,2325.0,1698.0,979.0,377.0,587.0,1060.0,-55.0,-5.0,2198.0,801.0,1330.0,2693.0,94656.0,89984.0,167395.0,167395.0,110868.0,86604.0
24,2035,1175.0,914.0,141.0,32.0,8907.0,6427.0,3348.0,2426.0,2492.0,2514.0,9.0,7.0,10904.0,3738.0,2818.0,6754.0,14897.0,11406.0,256558.0,220353.0,820550.0,592426.0,1034623.0,1333015.0,2111731.0,2145794.0,79115.0,79685.0,466.0,479.0,223.0,132.0,2256.0,1150.0,1055.0,516.0,1162.0,936.0,46.0,-5.0,2796.0,254.0,1480.0,1996.0,99398.0,92713.0,167395.0,167395.0,125765.0,98010.0
24,2036,1162.0,833.0,175.0,39.0,9347.0,6923.0,3580.0,2638.0,2598.0,2664.0,13.0,6.0,11516.0,3997.0,3035.0,7440.0,15713.0,12270.0,265747.0,226451.0,830460.0,602234.0,1081971.0,1389507.0,2178178.0,2218192.0,79277.0,80271.0,390.0,210.0,57.0,68.0,2307.0,1606.0,761.0,649.0,645.0,1139.0,-29.0,19.0,2252.0,578.0,1099.0,2693.0,103139.0,96194.0,167395.0,167395.0,141478.0,110280.0
24,2037,1409.0,980.0,226.0,44.0,9683.0,7578.0,3812.0,2715.0,2704.0,2791.0,21.0,8.0,11907.0,4252.0,3130.0,7904.0,16446.0,13136.0,274511.0,232068.0,838156.0,613613.0,1126917.0,1439908.0,2239584.0,2285589.0,80376.0,82077.0,658.0,422.0,178.0,132.0,1479.0,1547.0,1059.0,334.0,1155.0,1157.0,71.0,25.0,1755.0,743.0,1529.0,2030.0,107081.0,99389.0,167395.0,167395.0,157924.0,123416.0
24,2038,1367.0,990.0,225.0,49.0,9850.0,8200.0,3826.0,2875.0,2870.0,2881.0,12.0,5.0,12037.0,4592.0,3379.0,8428.0,16783.0,14010.0,282605.0,237026.0,844188.0,626159.0,1169625.0,1486404.0,2296418.0,2349589.0,81290.0,82972.0,305.0,169.0,58.0,135.0,1846.0,1557.0,749.0,622.0,1015.0,239.0,-10.0,-51.0,1754.0,1021.0,1599.0,1312.0,110739.0,101891.0,167395.0,167395.0,174707.0,137426.0
24,2039,1593.0,1019.0,294.0,66.0,9774.0,8557.0,4131.0,3091.0,2815.0,2894.0,19.0,12.0,12054.0,4869.0,3386.0,8732.0,17033.0,14620.0,290609.0,241875.0,848286.0,638420.0,1210816.0,1530419.0,2349711.0,2410714.0,81341.0,83077.0,233.0,214.0,240.0,122.0,1446.0,1024.0,834.0,260.0,951.0,1336.0,19.0,28.0,1781.0,733.0,1476.0,1823.0,114229.0,104661.0,167395.0,167395.0,191740.0,152046.0
24,2040,1722.0,1204.0,347.0,65.0,9820.0,9075.0,4397.0,3331.0,3048.0,3117.0,17.0,3.0,12170.0,5145.0,3737.0,9242.0,17629.0,15591.0,297998.0,246641.0,851709.0,650228.0,1250258.0,1571725.0,2399965.0,2468594.0,81570.0,83575.0,490.0,210.0,37.0,121.0,1084.0,1065.0,539.0,276.0,1156.0,1249.0,-6.0,36.0,1014.0,768.0,1306.0,1769.0,117039.0,107408.0,167395.0,167395.0,209369.0,167637.0
25,2009,0.0,0.0,0.0,0.0,0.0,0.0,0.0,0.0,0.0,0.0,0.0,0.0,0.0,0.0,0.0,0.0,0.0,0.0,38399.0,38399.0,93237.0,93237.0,73648.0,73648.0,205284.0,205284.0,63838.0,63838.0,1750.0,1750.0,0.0,0.0,522.0,522.0,7762.0,7762.0,4.0,4.0,0.0,0.0,2593.0,2593.0,3945.0,3945.0,8288.0,8288.0,140986.0,140986.0,0.0,0.0
25,2010,0.0,0.0,0.0,0.0,0.0,0.0,0.0,0.0,0.0,0.0,0.0,0.0,0.0,0.0,0.0,0.0,0.0,0.0,36042.0,36042.0,106510.0,106510.0,66914.0,66914.0,209466.0,209466.0,68368.0,68368.0,-138.0,-138.0,0.0,0.0,259.0,259.0,-504.0,-504.0,83.0,83.0,0.0,0.0,281.0,281.0,-305.0,-305.0,8126.0,8126.0,150263.0,150263.0,0.0,0.0
25,2011,0.0,0.0,0.0,0.0,0.0,0.0,36.0,36.0,0.0,0.0,0.0,0.0,2.0,2.0,34.0,34.0,36.0,36.0,32807.0,32807.0,124861.0,124861.0,63384.0,63384.0,221052.0,221052.0,63670.0,63670.0,-12.0,-12.0,0.0,0.0,477.0,477.0,-224.0,-224.0,295.0,295.0,0.0,0.0,569.0,569.0,-9.0,-9.0,8674.0,8674.0,139300.0,139300.0,36.0,36.0
25,2012,38.0,38.0,0.0,0.0,1.0,1.0,135.0,135.0,0.0,0.0,0.0,0.0,35.0,35.0,63.0,63.0,136.0,136.0,32259.0,32259.0,140753.0,140753.0,55656.0,55656.0,228668.0,228668.0,65249.0,65249.0,49.0,49.0,0.0,0.0,379.0,379.0,-690.0,-690.0,495.0,495.0,0.0,0.0,407.0,407.0,-272.0,-272.0,8858.0,8858.0,144647.0,144647.0,172.0,172.0
25,2013,56.0,56.0,0.0,0.0,7.0,7.0,251.0,251.0,8.0,8.0,0.0,0.0,154.0,154.0,56.0,56.0,266.0,266.0,30993.0,30993.0,153350.0,153350.0,49522.0,49522.0,233865.0,233865.0,72612.0,72612.0,-115.0,-115.0,0.0,0.0,76.0,76.0,-1123.0,-1123.0,955.0,955.0,0.0,0.0,180.0,180.0,-157.0,-157.0,8766.0,8766.0,161269.0,161269.0,438.0,438.0
25,2014,61.0,61.0,0.0,0.0,19.0,19.0,229.0,229.0,40.0,40.0,0.0,0.0,189.0,189.0,38.0,38.0,288.0,288.0,34972.0,34972.0,175874.0,175874.0,47069.0,47069.0,257915.0,257915.0,68160.0,68160.0,-54.0,-54.0,2.0,2.0,570.0,570.0,-1151.0,-1151.0,907.0,907.0,15.0,15.0,195.0,195.0,202.0,202.0,9109.0,9109.0,151359.0,151359.0,726.0,726.0
25,2015,97.0,97.0,0.0,0.0,49.0,49.0,199.0,199.0,70.0,70.0,0.0,0.0,152.0,152.0,69.0,69.0,318.0,318.0,42878.0,42878.0,209902.0,209902.0,58682.0,58682.0,311462.0,311462.0,64397.0,64397.0,177.0,177.0,63.0,63.0,921.0,921.0,-386.0,-386.0,1297.0,1297.0,112.0,112.0,928.0,928.0,902.0,902.0,11116.0,11116.0,143952.0,143952.0,1044.0,1044.0
25,2016,222.0,222.0,0.0,0.0,98.0,98.0,440.0,440.0,168.0,168.0,0.0,0.0,321.0,321.0,163.0,163.0,706.0,706.0,54140.0,54140.0,263280.0,263280.0,89312.0,89312.0,406732.0,406732.0,63122.0,63122.0,421.0,421.0,187.0,187.0,1475.0,1475.0,377.0,377.0,1555.0,1555.0,120.0,120.0,1399.0,1399.0,1894.0,1894.0,14830.0,14830.0,140350.0,140350.0,1750.0,1750.0
25,2017,124.0,124.0,0.0,0.0,191.0,191.0,458.0,458.0,275.0,275.0,0.0,0.0,538.0,538.0,262.0,262.0,924.0,924.0,68329.0,68329.0,307273.0,307273.0,109688.0,109688.0,485290.0,485290.0,62481.0,62481.0,494.0,494.0,260.0,260.0,986.0,986.0,495.0,495.0,695.0,695.0,213.0,213.0,1015.0,1015.0,1140.0,1140.0,17479.0,17479.0,139605.0,139605.0,2674.0,2674.0
25,2018,44.0,44.0,0.0,0.0,265.0,265.0,481.0,481.0,437.0,437.0,0.0,0.0,733.0,733.0,406.0,406.0,1183.0,1183.0,84751.0,84751.0,346881.0,346881.0,121482.0,121482.0,553114.0,553114.0,62732.0,62732.0,603.0,603.0,122.0,122.0,1004.0,1004.0,803.0,803.0,326.0,326.0,260.0,260.0,1133.0,1133.0,779.0,779.0,19994.0,19994.0,139482.0,139482.0,3857.0,3857.0
25,2019,143.0,143.0,1.0,1.0,430.0,430.0,878.0,878.0,580.0,580.0,0.0,0.0,1205.0,1205.0,541.0,541.0,1889.0,1889.0,93361.0,93361.0,392578.0,392578.0,153231.0,153231.0,639170.0,639170.0,63530.0,63530.0,253.0,253.0,-16.0,-16.0,1321.0,1321.0,576.0,576.0,1504.0,1504.0,50.0,50.0,1131.0,1131.0,2051.0,2051.0,23429.0,23429.0,140588.0,140588.0,5746.0,5746.0
25,2020,127.0,127.0,2.0,2.0,660.0,660.0,832.0,832.0,664.0,664.0,0.0,0.0,1411.0,1411.0,620.0,620.0,2158.0,2158.0,103013.0,103013.0,424719.0,424719.0,190644.0,190644.0,718376.0,718376.0,66512.0,66512.0,475.0,475.0,-131.0,-131.0,1225.0,1225.0,739.0,739.0,1730.0,1730.0,100.0,100.0,1265.0,1265.0,1923.0,1923.0,27092.0,27092.0,147154.0,147154.0,7904.0,7904.0
25,2021,160.0,160.0,0.0,0.0,763.0,763.0,950.0,950.0,727.0,727.0,0.0,0.0,1585.0,1585.0,695.0,695.0,2440.0,2440.0,112803.0,112803.0,470800.0,470800.0,215605.0,215605.0,799208.0,799208.0,88841.0,88841.0,667.0,667.0,-119.0,-119.0,927.0,927.0,1901.0,1901.0,578.0,578.0,1.0,1.0,1395.0,1395.0,1226.0,1226.0,30380.0,30380.0,195507.0,195507.0,10344.0,10344.0
25,2022,100.0,100.0,0.0,0.0,752.0,752.0,916.0,916.0,677.0,677.0,5.0,5.0,1602.0,1602.0,648.0,648.0,2350.0,2350.0,109851.0,109851.0,487817.0,487817.0,237056.0,237056.0,834724.0,834724.0,126717.0,126717.0,-157.0,-157.0,-58.0,-58.0,265.0,265.0,430.0,430.0,734.0,734.0,-60.0,-60.0,682.0,682.0,786.0,786.0,31691.0,31691.0,275252.0,275252.0,12694.0,12694.0
25,2023,168.0,168.0,0.0,0.0,1034.0,1034.0,1168.0,1168.0,729.0,729.0,18.0,18.0,2079.0,2079.0,702.0,702.0,2949.0,2949.0,116212.0,116212.0,527215.0,527215.0,304337.0,304337.0,947764.0,947764.0,89116.0,89116.0,113.0,113.0,139.0,139.0,1560.0,1560.0,1464.0,1464.0,3092.0,3092.0,-136.0,-136.0,1726.0,1726.0,4280.0,4280.0,37810.0,37810.0,193927.0,193927.0,15643.0,15643.0
25,2024,319.0,319.0,0.0,0.0,1472.0,1472.0,1211.0,1211.0,901.0,901.0,105.0,105.0,2491.0,2491.0,879.0,879.0,3689.0,3689.0,130456.0,130456.0,562482.0,562482.0,382759.0,382759.0,1075697.0,1075697.0,77231.0,77231.0,533.0,533.0,121.0,121.0,1603.0,1603.0,1199.0,1199.0,2995.0,2995.0,-29.0,-29.0,1502.0,1502.0,3854.0,3854.0,43699.0,43699.0,167395.0,167395.0,19332.0,19332.0
25,2025,350.0,303.0,2.0,0.0,2084.0,1714.0,1504.0,789.0,1040.0,1053.0,114.0,47.0,3373.0,2243.0,1021.0,1057.0,4744.0,3603.0,143811.0,140560.0,596074.0,551449.0,457306.0,506034.0,1197191.0,1198043.0,77523.0,77051.0,557.0,386.0,158.0,253.0,1801.0,1827.0,1252.0,703.0,2950.0,3041.0,-14.0,-57.0,1799.0,-895.0,3791.0,6276.0,49846.0,49466.0,167395.0,167395.0,24076.0,22935.0
25,2026,387.0,366.0,4.0,8.0,2722.0,2005.0,1546.0,616.0,1219.0,1200.0,48.0,0.0,3968.0,2143.0,1184.0,1320.0,5539.0,3829.0,156764.0,152332.0,628175.0,545666.0,528088.0,618368.0,1313027.0,1316366.0,77673.0,76153.0,204.0,438.0,132.0,241.0,1642.0,1411.0,936.0,563.0,2929.0,2748.0,-131.0,-42.0,1592.0,-1005.0,3712.0,5488.0,55354.0,54387.0,167395.0,167395.0,29615.0,26764.0
25,2027,333.0,389.0,6.0,14.0,3101.0,2286.0,1687.0,574.0,1406.0,1405.0,7.0,9.0,4464.0,2166.0,1410.0,1733.0,6207.0,4288.0,169119.0,160978.0,658093.0,545342.0,596161.0,722156.0,1423373.0,1428476.0,77170.0,75930.0,608.0,386.0,117.0,243.0,1895.0,1652.0,1276.0,1710.0,2708.0,2851.0,-3.0,-20.0,1810.0,424.0,3575.0,5626.0,61347.0,60823.0,167395.0,167395.0,35822.0,31052.0
25,2028,478.0,525.0,14.0,6.0,3931.0,2657.0,1918.0,794.0,1511.0,1533.0,6.0,7.0,5371.0,2280.0,1531.0,2192.0,7380.0,4997.0,181090.0,169859.0,686145.0,545444.0,659513.0,818876.0,1526748.0,1534179.0,78640.0,77460.0,421.0,74.0,148.0,170.0,1773.0,1411.0,1250.0,1129.0,2272.0,2117.0,58.0,50.0,1928.0,6.0,3152.0,4797.0,66848.0,65700.0,167395.0,167395.0,43202.0,36049.0
25,2029,498.0,543.0,19.0,13.0,4569.0,3082.0,2029.0,1061.0,1684.0,1704.0,11.0,3.0,6086.0,2561.0,1728.0,2759.0,8312.0,5863.0,193053.0,178660.0,711704.0,545415.0,720041.0,911098.0,1624798.0,1635173.0,78977.0,77583.0,491.0,349.0,136.0,127.0,2230.0,1443.0,781.0,1135.0,1902.0,1924.0,-61.0,-43.0,2026.0,248.0,2471.0,3989.0,71836.0,70286.0,167395.0,167395.0,51514.0,41912.0
25,2030,533.0,542.0,42.0,13.0,5467.0,3496.0,2146.0,1336.0,1914.0,1929.0,10.0,5.0,7065.0,2689.0,1981.0,3548.0,9579.0,6779.0,204911.0,187180.0,735541.0,545472.0,777116.0,998185.0,1717568.0,1730837.0,79564.0,78638.0,416.0,231.0,95.0,103.0,1877.0,1328.0,889.0,919.0,1797.0,1923.0,35.0,2.0,1709.0,273.0,2568.0,3771.0,76529.0,74561.0,167395.0,167395.0,61093.0,48691.0
25,2031,748.0,685.0,45.0,15.0,6224.0,4160.0,2336.0,1810.0,2040.0,2061.0,11.0,9.0,7758.0,2925.0,2150.0,4445.0,10656.0,8055.0,216225.0,194539.0,756583.0,545700.0,831690.0,1080243.0,1804498.0,1820482.0,79929.0,79373.0,358.0,288.0,180.0,149.0,2582.0,1866.0,678.0,1389.0,2052.0,1868.0,-17.0,12.0,2511.0,494.0,2606.0,4502.0,82004.0,79845.0,167395.0,167395.0,71749.0,56746.0
25,2032,882.0,808.0,68.0,25.0,6867.0,4751.0,2465.0,1945.0,2176.0,2174.0,15.0,7.0,8413.0,3123.0,2296.0,4971.0,11591.0,8902.0,227180.0,203170.0,775544.0,556877.0,884067.0,1145953.0,1886791.0,1906000.0,80241.0,80612.0,343.0,251.0,68.0,97.0,2263.0,1018.0,752.0,344.0,1237.0,1435.0,5.0,-6.0,2065.0,251.0,1917.0,2386.0,86329.0,82733.0,167395.0,167395.0,83340.0,65648.0
25,2033,858.0,714.0,66.0,25.0,7632.0,5055.0,2618.0,2064.0,2307.0,2323.0,10.0,4.0,9284.0,3240.0,2491.0,5517.0,12633.0,9471.0,237813.0,209496.0,792611.0,569096.0,935370.0,1209932.0,1965794.0,1988524.0,79472.0,79491.0,310.0,615.0,233.0,174.0,2068.0,1878.0,548.0,584.0,1246.0,1437.0,-36.0,42.0,2057.0,596.0,1692.0,2904.0,90388.0,86848.0,167395.0,167395.0,95973.0,75119.0
25,2034,965.0,769.0,91.0,38.0,8216.0,5787.0,2923.0,2225.0,2549.0,2497.0,9.0,8.0,10037.0,3566.0,2786.0,6220.0,13788.0,10555.0,247972.0,215272.0,807125.0,580960.0,985166.0,1271615.0,2040263.0,2067847.0,79202.0,79894.0,582.0,114.0,102.0,175.0,2403.0,1226.0,1154.0,841.0,1071.0,541.0,74.0,15.0,2226.0,574.0,1996.0,2110.0,95192.0,89646.0,167395.0,167395.0,109761.0,85674.0
25,2035,1083.0,803.0,133.0,32.0,8853.0,6397.0,3338.0,2333.0,2556.0,2585.0,6.0,0.0,10877.0,3752.0,2926.0,6792.0,14886.0,11347.0,257510.0,220954.0,819552.0,591643.0,1033679.0,1331457.0,2110741.0,2144054.0,79202.0,79649.0,456.0,148.0,44.0,235.0,1809.0,1528.0,1042.0,297.0,1085.0,1318.0,11.0,-17.0,2186.0,834.0,1349.0,2379.0,99183.0,93007.0,167395.0,167395.0,124647.0,97021.0
25,2036,1227.0,854.0,190.0,55.0,9351.0,6930.0,3451.0,2535.0,2637.0,2594.0,11.0,4.0,11390.0,3973.0,3023.0,7291.0,15640.0,12118.0,266503.0,226880.0,828991.0,600959.0,1081463.0,1388859.0,2176957.0,2216698.0,79197.0,80106.0,354.0,351.0,228.0,-39.0,2426.0,1627.0,654.0,779.0,989.0,743.0,-30.0,-4.0,2661.0,536.0,1252.0,2219.0,103450.0,96113.0,167395.0,167395.0,140287.0,109139.0
25,2037,1320.0,941.0,221.0,37.0,9890.0,7413.0,3749.0,2651.0,2787.0,2787.0,8.0,5.0,12126.0,4204.0,3209.0,7748.0,16655.0,12893.0,275287.0,232416.0,836984.0,612469.0,1126578.0,1439488.0,2238849.0,2284373.0,80352.0,82150.0,392.0,165.0,62.0,213.0,1551.0,1474.0,836.0,147.0,709.0,1078.0,11.0,13.0,1722.0,482.0,1055.0,2278.0,106619.0,99038.0,167395.0,167395.0,156942.0,122032.0
25,2038,1384.0,960.0,284.0,60.0,9716.0,8088.0,3785.0,2984.0,2775.0,2880.0,15.0,11.0,11872.0,4632.0,3319.0,8431.0,16575.0,14023.0,283587.0,237572.0,843324.0,625475.0,1168518.0,1485566.0,2295429.0,2348613.0,81489.0,82679.0,324.0,94.0,212.0,70.0,1764.0,1131.0,986.0,622.0,1206.0,1145.0,7.0,-62.0,1853.0,1173.0,1998.0,1639.0,110794.0,101944.0,167395.0,167395.0,173517.0,136055.0
25,2039,1597.0,1034.0,290.0,59.0,9725.0,8495.0,4095.0,2921.0,2904.0,2979.0,17.0,8.0,11992.0,4808.0,3442.0,8620.0,17031.0,14462.0,290872.0,242115.0,847793.0,637634.0,1209779.0,1529517.0,2348444.0,2409266.0,81442.0,83145.0,700.0,354.0,137.0,190.0,1707.0,1395.0,718.0,333.0,1019.0,1109.0,31.0,94.0,1745.0,903.0,1167.0,1864.0,114406.0,105065.0,167395.0,167395.0,190548.0,150517.0
25,2040,1667.0,1164.0,374.0,70.0,10001.0,9059.0,4160.0,3271.0,3234.0,3146.0,16.0,8.0,12250.0,5173.0,3868.0,9217.0,17785.0,15554.0,297668.0,246397.0,851442.0,649143.0,1249734.0,1571604.0,2398844.0,2467144.0,81737.0,83578.0,415.0,173.0,201.0,10.0,871.0,1317.0,378.0,538.0,882.0,530.0,-12.0,-53.0,680.0,825.0,1225.0,1344.0,116726.0,107407.0,167395.0,167395.0,208333.0,166071.0
26,2009,0.0,0.0,0.0,0.0,0.0,0.0,0.0,0.0,0.0,0.0,0.0,0.0,0.0,0.0,0.0,0.0,0.0,0.0,38597.0,38597.0,93115.0,93115.0,73758.0,73758.0,205470.0,205470.0,63866.0,63866.0,1530.0,1530.0,0.0,0.0,524.0,524.0,7544.0,7544.0,6.0,6.0,0.0,0.0,2600.0,2600.0,3944.0,3944.0,8074.0,8074.0,140986.0,140986.0,0.0,0.0
26,2010,0.0,0.0,0.0,0.0,0.0,0.0,0.0,0.0,0.0,0.0,0.0,0.0,0.0,0.0,0.0,0.0,0.0,0.0,36325.0,36325.0,106574.0,106574.0,66793.0,66793.0,209692.0,209692.0,68161.0,68161.0,56.0,56.0,0.0,0.0,233.0,233.0,-105.0,-105.0,91.0,91.0,0.0,0.0,383.0,383.0,-220.0,-220.0,8293.0,8293.0,150263.0,150263.0,0.0,0.0
26,2011,0.0,0.0,0.0,0.0,0.0,0.0,22.0,22.0,0.0,0.0,0.0,0.0,2.0,2.0,20.0,20.0,22.0,22.0,33057.0,33057.0,125300.0,125300.0,63452.0,63452.0,221809.0,221809.0,63428.0,63428.0,2.0,2.0,0.0,0.0,397.0,397.0,-604.0,-604.0,299.0,299.0,0.0,0.0,313.0,313.0,-223.0,-223.0,8385.0,8385.0,139300.0,139300.0,22.0,22.0
26,2012,40.0,40.0,0.0,0.0,1.0,1.0,149.0,149.0,2.0,2.0,0.0,0.0,31.0,31.0,81.0,81.0,152.0,152.0,32359.0,32359.0,141656.0,141656.0,55779.0,55779.0,229794.0,229794.0,65128.0,65128.0,-29.0,-29.0,0.0,0.0,444.0,444.0,-704.0,-704.0,485.0,485.0,0.0,0.0,549.0,549.0,-295.0,-295.0,8610.0,8610.0,144647.0,144647.0,174.0,174.0
26,2013,55.0,55.0,0.0,0.0,6.0,6.0,228.0,228.0,5.0,5.0,0.0,0.0,145.0,145.0,39.0,39.0,239.0,239.0,31172.0,31172.0,153348.0,153348.0,49884.0,49884.0,234404.0,234404.0,72936.0,72936.0,-5.0,-5.0,0.0,0.0,210.0,210.0,-851.0,-851.0,1060.0,1060.0,0.0,0.0,302.0,302.0,122.0,122.0,9029.0,9029.0,161269.0,161269.0,413.0,413.0
26,2014,45.0,45.0,0.0,0.0,31.0,31.0,227.0,227.0,36.0,36.0,0.0,0.0,210.0,210.0,39.0,39.0,294.0,294.0,35341.0,35341.0,176039.0,176039.0,47189.0,47189.0,258569.0,258569.0,68022.0,68022.0,-68.0,-68.0,6.0,6.0,549.0,549.0,-1225.0,-1225.0,762.0,762.0,11.0,11.0,156.0,156.0,15.0,15.0,9132.0,9132.0,151359.0,151359.0,707.0,707.0
26,2015,82.0,82.0,0.0,0.0,63.0,63.0,178.0,178.0,84.0,84.0,0.0,0.0,166.0,166.0,77.0,77.0,325.0,325.0,43266.0,43266.0,209887.0,209887.0,58908.0,58908.0,312061.0,312061.0,64616.0,64616.0,182.0,182.0,84.0,84.0,774.0,774.0,-450.0,-450.0,1282.0,1282.0,130.0,130.0,760.0,760.0,878.0,878.0,10952.0,10952.0,143952.0,143952.0,1032.0,1032.0
26,2016,219.0,219.0,0.0,0.0,105.0,105.0,420.0,420.0,170.0,170.0,0.0,0.0,311.0,311.0,165.0,165.0,695.0,695.0,54660.0,54660.0,263213.0,263213.0,89686.0,89686.0,407559.0,407559.0,62799.0,62799.0,447.0,447.0,184.0,184.0,1426.0,1426.0,570.0,570.0,1663.0,1663.0,130.0,130.0,1416.0,1416.0,2110.0,2110.0,14925.0,14925.0,140350.0,140350.0,1727.0,1727.0
26,2017,158.0,158.0,0.0,0.0,166.0,166.0,512.0,512.0,281.0,281.0,0.0,0.0,535.0,535.0,266.0,266.0,959.0,959.0,68726.0,68726.0,307063.0,307063.0,109815.0,109815.0,485604.0,485604.0,62644.0,62644.0,588.0,588.0,252.0,252.0,1125.0,1125.0,588.0,588.0,737.0,737.0,202.0,202.0,1162.0,1162.0,1154.0,1154.0,17829.0,17829.0,139605.0,139605.0,2686.0,2686.0
26,2018,40.0,40.0,0.0,0.0,280.0,280.0,515.0,515.0,418.0,418.0,0.0,0.0,796.0,796.0,377.0,377.0,1213.0,1213.0,84964.0,84964.0,346527.0,346527.0,122141.0,122141.0,553632.0,553632.0,62514.0,62514.0,430.0,430.0,105.0,105.0,1158.0,1158.0,508.0,508.0,168.0,168.0,240.0,240.0,1188.0,1188.0,561.0,561.0,20008.0,20008.0,139482.0,139482.0,3899.0,3899.0
26,2019,128.0,128.0,1.0,1.0,458.0,458.0,917.0,917.0,551.0,551.0,0.0,0.0,1281.0,1281.0,518.0,518.0,1927.0,1927.0,93354.0,93354.0,392500.0,392500.0,154019.0,154019.0,639873.0,639873.0,63434.0,63434.0,277.0,277.0,-1.0,-1.0,1227.0,1227.0,712.0,712.0,1339.0,1339.0,55.0,55.0,1148.0,1148.0,1907.0,1907.0,23340.0,23340.0,140588.0,140588.0,5826.0,5826.0
26,2020,121.0,121.0,2.0,2.0,644.0,644.0,857.0,857.0,670.0,670.0,0.0,0.0,1417.0,1417.0,635.0,635.0,2173.0,2173.0,103014.0,103014.0,424887.0,424887.0,191316.0,191316.0,719217.0,719217.0,66522.0,66522.0,553.0,553.0,-145.0,-145.0,1020.0,1020.0,662.0,662.0,1929.0,1929.0,138.0,138.0,1043.0,1043.0,2008.0,2008.0,26944.0,26944.0,147154.0,147154.0,7999.0,7999.0
26,2021,156.0,156.0,0.0,0.0,782.0,782.0,882.0,882.0,706.0,706.0,0.0,0.0,1543.0,1543.0,671.0,671.0,2370.0,2370.0,112759.0,112759.0,470968.0,470968.0,216466.0,216466.0,800193.0,800193.0,89021.0,89021.0,489.0,489.0,-147.0,-147.0,863.0,863.0,1866.0,1866.0,467.0,467.0,63.0,63.0,1468.0,1468.0,1155.0,1155.0,30056.0,30056.0,195507.0,195507.0,10369.0,10369.0
26,2022,120.0,120.0,0.0,0.0,747.0,747.0,973.0,973.0,665.0,665.0,4.0,4.0,1621.0,1621.0,648.0,648.0,2389.0,2389.0,110191.0,110191.0,488006.0,488006.0,237821.0,237821.0,836018.0,836018.0,126265.0,126265.0,-8.0,-8.0,-31.0,-31.0,387.0,387.0,482.0,482.0,1093.0,1093.0,-153.0,-153.0,622.0,622.0,1164.0,1164.0,31834.0,31834.0,275252.0,275252.0,12758.0,12758.0
26,2023,157.0,157.0,0.0,0.0,1096.0,1096.0,1187.0,1187.0,815.0,815.0,20.0,20.0,2174.0,2174.0,787.0,787.0,3118.0,3118.0,116170.0,116170.0,527969.0,527969.0,305228.0,305228.0,949367.0,949367.0,89132.0,89132.0,239.0,239.0,86.0,86.0,1722.0,1722.0,1297.0,1297.0,2664.0,2664.0,-118.0,-118.0,1442.0,1442.0,3970.0,3970.0,37485.0,37485.0,193927.0,193927.0,15876.0,15876.0
26,2024,294.0,294.0,0.0,0.0,1535.0,1535.0,1284.0,1284.0,880.0,880.0,90.0,90.0,2630.0,2630.0,865.0,865.0,3789.0,3789.0,130163.0,130163.0,563507.0,563507.0,383763.0,383763.0,1077433.0,1077433.0,76884.0,76884.0,472.0,472.0,206.0,206.0,1457.0,1457.0,1401.0,1401.0,3427.0,3427.0,-63.0,-63.0,1673.0,1673.0,4283.0,4283.0,43913.0,43913.0,167395.0,167395.0,19665.0,19665.0
26,2025,377.0,340.0,2.0,0.0,1948.0,1615.0,1596.0,832.0,1104.0,1085.0,110.0,42.0,3307.0,2160.0,1076.0,1074.0,4760.0,3574.0,143794.0,140468.0,597258.0,552901.0,457905.0,506935.0,1198957.0,1200304.0,77357.0,76808.0,289.0,233.0,151.0,277.0,1765.0,1633.0,1279.0,514.0,2938.0,2956.0,-64.0,-109.0,1973.0,-1000.0,3807.0,6038.0,49982.0,49184.0,167395.0,167395.0,24425.0,23239.0
26,2026,380.0,374.0,2.0,7.0,2594.0,1955.0,1528.0,650.0,1242.0,1244.0,47.0,3.0,3810.0,2097.0,1223.0,1388.0,5413.0,3859.0,156622.0,152155.0,629587.0,546870.0,528548.0,619053.0,1314757.0,1318078.0,77851.0,76414.0,502.0,517.0,126.0,276.0,1448.0,1559.0,1005.0,884.0,2671.0,2817.0,-20.0,-45.0,1281.0,-731.0,3447.0,5705.0,55212.0,54675.0,167395.0,167395.0,29838.0,27098.0
26,2027,376.0,420.0,3.0,7.0,3266.0,2341.0,1615.0,576.0,1447.0,1443.0,0.0,1.0,4490.0,2142.0,1465.0,1806.0,6331.0,4368.0,168854.0,160701.0,660408.0,547343.0,596046.0,722282.0,1425308.0,1430326.0,76899.0,75848.0,538.0,243.0,88.0,78.0,1945.0,1552.0,1241.0,1492.0,2962.0,2905.0,-35.0,65.0,1921.0,222.0,3742.0,5627.0,61413.0,60767.0,167395.0,167395.0,36169.0,31466.0
26,2028,478.0,539.0,12.0,15.0,3890.0,2668.0,1910.0,855.0,1491.0,1553.0,8.0,5.0,5344.0,2388.0,1489.0,2169.0,7311.0,5096.0,181039.0,169968.0,688573.0,547565.0,659276.0,818765.0,1528888.0,1536298.0,78497.0,77464.0,440.0,274.0,134.0,219.0,1944.0,1363.0,999.0,1019.0,2303.0,2075.0,-7.0,-16.0,2057.0,64.0,2876.0,4322.0,66786.0,65427.0,167395.0,167395.0,43480.0,36562.0
26,2029,494.0,519.0,27.0,21.0,4551.0,3117.0,1893.0,1049.0,1712.0,1669.0,13.0,6.0,5941.0,2557.0,1761.0,2786.0,8196.0,5862.0,193110.0,178784.0,713943.0,547388.0,719540.0,910747.0,1626593.0,1636919.0,79064.0,77714.0,340.0,353.0,172.0,116.0,2186.0,1578.0,1077.0,1343.0,1877.0,1988.0,-4.0,76.0,2115.0,444.0,2853.0,4304.0,72094.0,70528.0,167395.0,167395.0,51676.0,42424.0
26,2030,566.0,532.0,27.0,14.0,5457.0,3553.0,2188.0,1363.0,1883.0,1932.0,3.0,7.0,7012.0,2760.0,1980.0,3577.0,9558.0,6869.0,204807.0,186970.0,737498.0,547537.0,776828.0,997775.0,1719133.0,1732282.0,79456.0,78665.0,344.0,344.0,138.0,138.0,2203.0,1471.0,801.0,1190.0,1614.0,1538.0,17.0,-30.0,2138.0,202.0,2291.0,3761.0,76867.0,74835.0,167395.0,167395.0,61234.0,49293.0
26,2031,745.0,672.0,46.0,18.0,6026.0,3968.0,2317.0,1726.0,2002.0,2030.0,8.0,4.0,7519.0,2745.0,2135.0,4329.0,10399.0,7746.0,216099.0,194254.0,758450.0,547701.0,831738.0,1080732.0,1806287.0,1822687.0,79893.0,79043.0,477.0,253.0,165.0,187.0,2345.0,1516.0,631.0,822.0,1785.0,2096.0,23.0,-41.0,2081.0,233.0,2391.0,4094.0,81816.0,79415.0,167395.0,167395.0,71633.0,57039.0
26,2032,864.0,741.0,56.0,16.0,7115.0,4792.0,2459.0,1935.0,2156.0,2150.0,12.0,4.0,8659.0,3227.0,2275.0,4929.0,11798.0,8897.0,226791.0,202489.0,777417.0,558647.0,884299.0,1146287.0,1888507.0,1907423.0,80387.0,80687.0,408.0,285.0,62.0,92.0,2164.0,1481.0,595.0,542.0,1635.0,1874.0,-16.0,36.0,1922.0,655.0,2110.0,3085.0,86256.0,83440.0,167395.0,167395.0,83431.0,65936.0
26,2033,901.0,748.0,73.0,26.0,7671.0,5274.0,2646.0,2016.0,2311.0,2292.0,11.0,5.0,9326.0,3357.0,2485.0,5508.0,12712.0,9613.0,237174.0,208844.0,794537.0,570835.0,935804.0,1210542.0,1967515.0,1990221.0,79735.0,79725.0,279.0,299.0,132.0,131.0,2089.0,1714.0,786.0,642.0,829.0,382.0,28.0,31.0,2078.0,328.0,1507.0,2273.0,90120.0,86340.0,167395.0,167395.0,96143.0,75549.0
26,2034,1030.0,808.0,103.0,27.0,8155.0,5735.0,3082.0,2227.0,2527.0,2436.0,9.0,4.0,10054.0,3408.0,2792.0,6213.0,13876.0,10429.0,247373.0,214727.0,809164.0,582355.0,985794.0,1271618.0,2042331.0,2068700.0,79093.0,80035.0,630.0,69.0,158.0,185.0,2371.0,1204.0,803.0,757.0,1497.0,1855.0,5.0,8.0,2357.0,1067.0,1847.0,2873.0,94954.0,90349.0,167395.0,167395.0,110019.0,85978.0
26,2035,1087.0,829.0,139.0,31.0,8796.0,6525.0,3257.0,2436.0,2557.0,2549.0,8.0,4.0,10821.0,3828.0,2849.0,6888.0,14757.0,11545.0,256905.0,220156.0,820964.0,592973.0,1034730.0,1331685.0,2112599.0,2144814.0,78975.0,79657.0,253.0,462.0,128.0,198.0,2261.0,1582.0,1122.0,529.0,1129.0,458.0,26.0,-24.0,2704.0,530.0,1709.0,1751.0,99620.0,93092.0,167395.0,167395.0,124776.0,97523.0
26,2036,1228.0,931.0,162.0,43.0,9433.0,6954.0,3491.0,2684.0,2545.0,2606.0,14.0,6.0,11469.0,4018.0,2948.0,7344.0,15645.0,12293.0,265806.0,226078.0,831296.0,602438.0,1081667.0,1388500.0,2178769.0,2217016.0,79315.0,80125.0,657.0,200.0,193.0,120.0,1954.0,1691.0,849.0,580.0,825.0,1016.0,-63.0,37.0,1823.0,671.0,1278.0,2573.0,103378.0,96536.0,167395.0,167395.0,140421.0,109816.0
26,2037,1383.0,969.0,211.0,47.0,9853.0,7687.0,3830.0,2742.0,2749.0,2767.0,11.0,6.0,12081.0,4343.0,3190.0,7937.0,16654.0,13249.0,274430.0,231913.0,839310.0,613625.0,1126950.0,1439283.0,2240690.0,2284821.0,80012.0,82420.0,387.0,46.0,85.0,76.0,1807.0,1226.0,1090.0,102.0,495.0,764.0,75.0,-66.0,2089.0,530.0,1076.0,1526.0,106930.0,98638.0,167395.0,167395.0,157075.0,123065.0
26,2038,1413.0,995.0,268.0,59.0,9807.0,8356.0,3779.0,2919.0,2808.0,2793.0,19.0,5.0,11967.0,4764.0,3301.0,8373.0,16681.0,14132.0,282861.0,237144.0,844873.0,626017.0,1169938.0,1485749.0,2297672.0,2348910.0,81003.0,82651.0,229.0,374.0,158.0,140.0,2112.0,1584.0,593.0,568.0,1121.0,1141.0,-36.0,52.0,2266.0,841.0,1453.0,2270.0,110878.0,102123.0,167395.0,167395.0,173756.0,137197.0
26,2039,1545.0,1047.0,303.0,63.0,9762.0,8630.0,4195.0,3077.0,2851.0,2865.0,9.0,6.0,12177.0,4934.0,3398.0,8660.0,17120.0,14641.0,290473.0,242398.0,849042.0,638025.0,1211648.0,1529407.0,2351163.0,2409830.0,81572.0,83125.0,555.0,86.0,78.0,69.0,1343.0,1185.0,787.0,476.0,744.0,1031.0,-30.0,-66.0,1213.0,862.0,1154.0,1747.0,113800.0,104818.0,167395.0,167395.0,190876.0,151838.0
26,2040,1727.0,1144.0,383.0,84.0,9775.0,8878.0,4294.0,3236.0,2984.0,3009.0,10.0,3.0,12085.0,5100.0,3634.0,8966.0,17446.0,15210.0,297701.0,246936.0,851487.0,649103.0,1251002.0,1571341.0,2400190.0,2467380.0,81697.0,83665.0,545.0,146.0,215.0,20.0,1483.0,1255.0,964.0,420.0,1640.0,1069.0,37.0,66.0,1613.0,1127.0,2181.0,1557.0,118139.0,107648.0,167395.0,167395.0,208322.0,167048.0
27,2009,0.0,0.0,0.0,0.0,0.0,0.0,0.0,0.0,0.0,0.0,0.0,0.0,0.0,0.0,0.0,0.0,0.0,0.0,38287.0,38287.0,93544.0,93544.0,73754.0,73754.0,205585.0,205585.0,63712.0,63712.0,1649.0,1649.0,0.0,0.0,509.0,509.0,7603.0,7603.0,1.0,1.0,0.0,0.0,2531.0,2531.0,3933.0,3933.0,8113.0,8113.0,140986.0,140986.0,0.0,0.0
27,2010,0.0,0.0,0.0,0.0,0.0,0.0,0.0,0.0,0.0,0.0,0.0,0.0,0.0,0.0,0.0,0.0,0.0,0.0,35856.0,35856.0,106759.0,106759.0,67349.0,67349.0,209964.0,209964.0,68135.0,68135.0,-16.0,-16.0,0.0,0.0,278.0,278.0,-320.0,-320.0,91.0,91.0,0.0,0.0,402.0,402.0,-337.0,-337.0,8162.0,8162.0,150263.0,150263.0,0.0,0.0
27,2011,0.0,0.0,0.0,0.0,0.0,0.0,40.0,40.0,0.0,0.0,0.0,0.0,4.0,4.0,36.0,36.0,40.0,40.0,32560.0,32560.0,125536.0,125536.0,63834.0,63834.0,221930.0,221930.0,63477.0,63477.0,-72.0,-72.0,0.0,0.0,375.0,375.0,-324.0,-324.0,274.0,274.0,0.0,0.0,441.0,441.0,-44.0,-44.0,8487.0,8487.0,139300.0,139300.0,40.0,40.0
27,2012,37.0,37.0,0.0,0.0,1.0,1.0,131.0,131.0,2.0,2.0,0.0,0.0,33.0,33.0,64.0,64.0,134.0,134.0,31863.0,31863.0,141629.0,141629.0,56113.0,56113.0,229605.0,229605.0,65318.0,65318.0,95.0,95.0,0.0,0.0,434.0,434.0,-689.0,-689.0,498.0,498.0,0.0,0.0,380.0,380.0,-232.0,-232.0,8730.0,8730.0,144647.0,144647.0,174.0,174.0
27,2013,60.0,60.0,0.0,0.0,5.0,5.0,226.0,226.0,7.0,7.0,0.0,0.0,136.0,136.0,42.0,42.0,238.0,238.0,30579.0,30579.0,154181.0,154181.0,50021.0,50021.0,234781.0,234781.0,72541.0,72541.0,-159.0,-159.0,0.0,0.0,109.0,109.0,-1081.0,-1081.0,1100.0,1100.0,0.0,0.0,290.0,290.0,-3.0,-3.0,8858.0,8858.0,161269.0,161269.0,412.0,412.0
27,2014,58.0,58.0,0.0,0.0,28.0,28.0,234.0,234.0,35.0,35.0,0.0,0.0,203.0,203.0,36.0,36.0,297.0,297.0,34640.0,34640.0,176775.0,176775.0,47603.0,47603.0,259018.0,259018.0,67963.0,67963.0,7.0,7.0,1.0,1.0,620.0,620.0,-1225.0,-1225.0,841.0,841.0,24.0,24.0,156.0,156.0,98.0,98.0,9119.0,9119.0,151359.0,151359.0,709.0,709.0
27,2015,80.0,80.0,0.0,0.0,64.0,64.0,201.0,201.0,81.0,81.0,0.0,0.0,187.0,187.0,79.0,79.0,346.0,346.0,42633.0,42633.0,210648.0,210648.0,59044.0,59044.0,312325.0,312325.0,64740.0,64740.0,138.0,138.0,89.0,89.0,812.0,812.0,-319.0,-319.0,1200.0,1200.0,112.0,112.0,861.0,861.0,895.0,895.0,11013.0,11013.0,143952.0,143952.0,1055.0,1055.0
27,2016,215.0,215.0,0.0,0.0,103.0,103.0,430.0,430.0,171.0,171.0,0.0,0.0,323.0,323.0,166.0,166.0,704.0,704.0,53822.0,53822.0,264261.0,264261.0,90029.0,90029.0,408112.0,408112.0,62743.0,62743.0,432.0,432.0,166.0,166.0,1384.0,1384.0,474.0,474.0,1538.0,1538.0,117.0,117.0,1342.0,1342.0,1905.0,1905.0,14692.0,14692.0,140350.0,140350.0,1759.0,1759.0
27,2017,132.0,132.0,0.0,0.0,145.0,145.0,464.0,464.0,285.0,285.0,0.0,0.0,497.0,497.0,265.0,265.0,894.0,894.0,67655.0,67655.0,308725.0,308725.0,110372.0,110372.0,486752.0,486752.0,62480.0,62480.0,457.0,457.0,276.0,276.0,1016.0,1016.0,500.0,500.0,748.0,748.0,166.0,166.0,1076.0,1076.0,1173.0,1173.0,17398.0,17398.0,139605.0,139605.0,2653.0,2653.0
27,2018,43.0,43.0,0.0,0.0,261.0,261.0,547.0,547.0,401.0,401.0,0.0,0.0,789.0,789.0,377.0,377.0,1209.0,1209.0,84135.0,84135.0,348535.0,348535.0,122326.0,122326.0,554996.0,554996.0,62350.0,62350.0,515.0,515.0,88.0,88.0,1237.0,1237.0,597.0,597.0,365.0,365.0,271.0,271.0,1338.0,1338.0,705.0,705.0,19956.0,19956.0,139482.0,139482.0,3862.0,3862.0
27,2019,129.0,129.0,0.0,0.0,435.0,435.0,902.0,902.0,576.0,576.0,0.0,0.0,1241.0,1241.0,543.0,543.0,1913.0,1913.0,92734.0,92734.0,394382.0,394382.0,153938.0,153938.0,641054.0,641054.0,63545.0,63545.0,497.0,497.0,19.0,19.0,1343.0,1343.0,703.0,703.0,1293.0,1293.0,98.0,98.0,1119.0,1119.0,1840.0,1840.0,23412.0,23412.0,140588.0,140588.0,5775.0,5775.0
27,2020,121.0,121.0,2.0,2.0,679.0,679.0,898.0,898.0,667.0,667.0,0.0,0.0,1488.0,1488.0,637.0,637.0,2246.0,2246.0,102228.0,102228.0,426826.0,426826.0,191376.0,191376.0,720430.0,720430.0,66507.0,66507.0,360.0,360.0,-142.0,-142.0,1202.0,1202.0,769.0,769.0,1628.0,1628.0,58.0,58.0,1324.0,1324.0,1831.0,1831.0,26927.0,26927.0,147154.0,147154.0,8021.0,8021.0
27,2021,164.0,164.0,0.0,0.0,798.0,798.0,891.0,891.0,736.0,736.0,0.0,0.0,1557.0,1557.0,704.0,704.0,2425.0,2425.0,111969.0,111969.0,472874.0,472874.0,216591.0,216591.0,801434.0,801434.0,88661.0,88661.0,615.0,615.0,-133.0,-133.0,735.0,735.0,2019.0,2019.0,731.0,731.0,109.0,109.0,1449.0,1449.0,1397.0,1397.0,30388.0,30388.0,195507.0,195507.0,10446.0,10446.0
27,2022,111.0,111.0,0.0,0.0,740.0,740.0,898.0,898.0,716.0,716.0,1.0,1.0,1553.0,1553.0,691.0,691.0,2355.0,2355.0,109241.0,109241.0,489478.0,489478.0,237779.0,237779.0,836498.0,836498.0,126480.0,126480.0,-134.0,-134.0,-77.0,-77.0,566.0,566.0,364.0,364.0,1282.0,1282.0,-143.0,-143.0,563.0,563.0,1563.0,1563.0,32380.0,32380.0,275252.0,275252.0,12801.0,12801.0
27,2023,176.0,176.0,0.0,0.0,1089.0,1089.0,1201.0,1201.0,725.0,725.0,17.0,17.0,2159.0,2159.0,697.0,697.0,3032.0,3032.0,115648.0,115648.0,528592.0,528592.0,305271.0,305271.0,949511.0,949511.0,89382.0,89382.0,232.0,232.0,217.0,217.0,1492.0,1492.0,1234.0,1234.0,2408.0,2408.0,-160.0,-160.0,1526.0,1526.0,3433.0,3433.0,37571.0,37571.0,193927.0,193927.0,15833.0,15833.0
27,2024,273.0,273.0,0.0,0.0,1483.0,1483.0,1321.0,1321.0,903.0,903.0,74.0,74.0,2624.0,2624.0,884.0,884.0,3781.0,3781.0,129443.0,129443.0,563829.0,563829.0,384372.0,384372.0,1077644.0,1077644.0,77018.0,77018.0,514.0,514.0,50.0,50.0,1530.0,1530.0,1360.0,1360.0,3202.0,3202.0,-1.0,-1.0,1602.0,1602.0,4025.0,4025.0,43712.0,43712.0,167395.0,167395.0,19614.0,19614.0
27,2025,409.0,359.0,0.0,0.0,2071.0,1725.0,1629.0,892.0,1091.0,1089.0,108.0,36.0,3421.0,2289.0,1069.0,1094.0,4899.0,3742.0,142540.0,139232.0,597688.0,553026.0,458978.0,507832.0,1199206.0,1200090.0,77258.0,77027.0,352.0,159.0,162.0,295.0,1576.0,1641.0,1494.0,677.0,3131.0,3155.0,-32.0,-90.0,1763.0,-990.0,4216.0,6509.0,50043.0,49390.0,167395.0,167395.0,24513.0,23356.0
27,2026,345.0,331.0,4.0,6.0,2710.0,2056.0,1514.0,632.0,1230.0,1199.0,47.0,5.0,3924.0,2184.0,1236.0,1383.0,5505.0,3898.0,155534.0,151599.0,629627.0,546688.0,529620.0,619887.0,1314781.0,1318174.0,78022.0,76247.0,306.0,556.0,156.0,242.0,1648.0,1438.0,656.0,799.0,2814.0,2713.0,-51.0,-50.0,1284.0,-972.0,3633.0,5558.0,55266.0,54532.0,167395.0,167395.0,30018.0,27254.0
27,2027,384.0,426.0,6.0,9.0,3247.0,2315.0,1726.0,610.0,1375.0,1356.0,1.0,6.0,4572.0,2151.0,1399.0,1719.0,6355.0,4296.0,167720.0,160282.0,659780.0,546440.0,597826.0,723925.0,1425326.0,1430647.0,77152.0,75694.0,599.0,269.0,128.0,208.0,1822.0,1692.0,1222.0,1271.0,2834.0,2999.0,-106.0,-6.0,1888.0,263.0,3413.0,5632.0,61166.0,60696.0,167395.0,167395.0,36373.0,31550.0
27,2028,461.0,502.0,12.0,12.0,3974.0,2740.0,1926.0,847.0,1454.0,1519.0,6.0,6.0,5417.0,2371.0,1494.0,2251.0,7372.0,5124.0,180004.0,169252.0,688111.0,547006.0,660901.0,819949.0,1529016.0,1536207.0,78337.0,77685.0,381.0,376.0,155.0,130.0,2060.0,1317.0,1115.0,1173.0,2299.0,2265.0,41.0,37.0,2083.0,119.0,3206.0,4427.0,66836.0,65618.0,167395.0,167395.0,43745.0,36674.0
27,2029,506.0,527.0,16.0,19.0,4731.0,3235.0,2016.0,1065.0,1729.0,1743.0,7.0,4.0,6207.0,2674.0,1786.0,2865.0,8499.0,6066.0,192070.0,178186.0,713550.0,546853.0,721026.0,911551.0,1626646.0,1636590.0,78744.0,77632.0,548.0,244.0,28.0,178.0,2139.0,1596.0,1170.0,1282.0,2311.0,2172.0,5.0,2.0,2205.0,430.0,2900.0,4556.0,72489.0,70848.0,167395.0,167395.0,52244.0,42740.0
27,2030,559.0,574.0,33.0,18.0,5416.0,3625.0,2191.0,1335.0,1843.0,1909.0,3.0,5.0,7014.0,2801.0,1913.0,3517.0,9486.0,6892.0,203751.0,186420.0,736901.0,546485.0,778465.0,999050.0,1719117.0,1731955.0,79410.0,78838.0,418.0,304.0,206.0,107.0,2337.0,1431.0,816.0,1042.0,1102.0,1233.0,32.0,-1.0,2189.0,155.0,1886.0,3353.0,76982.0,74660.0,167395.0,167395.0,61730.0,49632.0
27,2031,743.0,652.0,48.0,21.0,6141.0,4118.0,2364.0,1782.0,1989.0,2003.0,13.0,3.0,7698.0,2863.0,2114.0,4412.0,10555.0,7927.0,215119.0,193859.0,757804.0,546379.0,833115.0,1082030.0,1806038.0,1822268.0,80162.0,79133.0,250.0,191.0,139.0,177.0,2068.0,1465.0,536.0,1007.0,2088.0,2099.0,-33.0,9.0,1927.0,192.0,2621.0,4374.0,81780.0,79417.0,167395.0,167395.0,72285.0,57559.0
27,2032,804.0,728.0,55.0,16.0,6763.0,4648.0,2469.0,1925.0,2222.0,2158.0,10.0,6.0,8375.0,3068.0,2340.0,4957.0,11519.0,8753.0,226111.0,202075.0,776512.0,557542.0,885204.0,1147646.0,1887827.0,1907263.0,80317.0,80705.0,439.0,473.0,167.0,93.0,2512.0,1754.0,954.0,742.0,1325.0,1146.0,19.0,11.0,2450.0,794.0,2088.0,2479.0,86757.0,83163.0,167395.0,167395.0,83804.0,66312.0
27,2033,879.0,754.0,53.0,19.0,7596.0,5380.0,2616.0,2068.0,2380.0,2278.0,15.0,6.0,9213.0,3404.0,2568.0,5593.0,12660.0,9751.0,236289.0,208746.0,793386.0,569202.0,936462.0,1212066.0,1966137.0,1990014.0,79802.0,79677.0,400.0,53.0,116.0,89.0,2027.0,1332.0,716.0,476.0,1135.0,1372.0,0.0,3.0,1857.0,722.0,1737.0,2497.0,90751.0,86435.0,167395.0,167395.0,96464.0,76063.0
27,2034,1027.0,813.0,118.0,35.0,8278.0,5898.0,2963.0,2211.0,2580.0,2556.0,9.0,3.0,10114.0,3546.0,2807.0,6344.0,13948.0,10703.0,246437.0,214173.0,807603.0,580963.0,986441.0,1273739.0,2040481.0,2068875.0,79217.0,80057.0,327.0,235.0,146.0,163.0,2189.0,1499.0,1084.0,672.0,1103.0,1163.0,29.0,13.0,2431.0,496.0,1793.0,2779.0,95302.0,89945.0,167395.0,167395.0,110412.0,86766.0
27,2035,1157.0,908.0,151.0,34.0,8955.0,6439.0,3290.0,2337.0,2562.0,2544.0,14.0,4.0,10949.0,3747.0,2866.0,6703.0,14972.0,11358.0,255873.0,220020.0,819449.0,591203.0,1035718.0,1333818.0,2111040.0,2145041.0,79069.0,79458.0,534.0,379.0,111.0,238.0,2314.0,1457.0,438.0,728.0,1044.0,880.0,26.0,-9.0,2284.0,584.0,1115.0,2331.0,99235.0,93239.0,167395.0,167395.0,125384.0,98124.0
27,2036,1261.0,946.0,183.0,47.0,9464.0,7111.0,3400.0,2539.0,2641.0,2649.0,7.0,4.0,11416.0,4023.0,3018.0,7381.0,15695.0,12350.0,265105.0,226077.0,829093.0,601043.0,1083251.0,1390907.0,2177449.0,2218027.0,78934.0,80332.0,324.0,41.0,7.0,78.0,2211.0,867.0,1198.0,310.0,907.0,1038.0,-38.0,13.0,2434.0,445.0,1527.0,1820.0,103520.0,95545.0,167395.0,167395.0,141079.0,110474.0
27,2037,1346.0,928.0,200.0,44.0,9750.0,7475.0,3786.0,2671.0,2620.0,2752.0,15.0,4.0,11976.0,4143.0,3049.0,7875.0,16371.0,12946.0,274245.0,231924.0,837055.0,612539.0,1127877.0,1441330.0,2239177.0,2285793.0,80319.0,81957.0,367.0,421.0,321.0,187.0,1257.0,1968.0,667.0,624.0,1050.0,809.0,1.0,7.0,1486.0,801.0,1443.0,2373.0,106816.0,99140.0,167395.0,167395.0,157450.0,123420.0
27,2038,1428.0,1028.0,255.0,52.0,9505.0,8116.0,3840.0,2940.0,2805.0,2736.0,11.0,7.0,11695.0,4567.0,3293.0,8256.0,16416.0,13851.0,282744.0,237516.0,842716.0,625052.0,1170138.0,1487227.0,2295598.0,2349795.0,81207.0,82811.0,538.0,130.0,127.0,64.0,1890.0,1514.0,1098.0,343.0,1301.0,991.0,3.0,-2.0,2088.0,1073.0,1793.0,1707.0,111235.0,102050.0,167395.0,167395.0,173866.0,137271.0
27,2039,1529.0,1018.0,288.0,40.0,9667.0,8530.0,4127.0,3109.0,2919.0,2998.0,12.0,11.0,12040.0,4968.0,3444.0,8702.0,17013.0,14688.0,290329.0,242518.0,847346.0,637647.0,1210947.0,1530251.0,2348622.0,2410416.0,81480.0,83307.0,546.0,383.0,155.0,108.0,1638.0,1572.0,511.0,323.0,766.0,839.0,54.0,43.0,1529.0,691.0,1049.0,1811.0,114359.0,104935.0,167395.0,167395.0,190879.0,151959.0
27,2040,1664.0,1122.0,365.0,64.0,9873.0,8988.0,4214.0,3302.0,3061.0,3171.0,10.0,8.0,12166.0,5236.0,3693.0,9175.0,17523.0,15533.0,297595.0,246924.0,850331.0,648536.0,1250825.0,1571816.0,2398751.0,2467276.0,81410.0,83653.0,521.0,264.0,120.0,209.0,1227.0,1212.0,648.0,631.0,1004.0,1360.0,-34.0,3.0,1251.0,1264.0,1193.0,1887.0,117324.0,108350.0,167395.0,167395.0,208402.0,167492.0
28,2009,0.0,0.0,0.0,0.0,0.0,0.0,0.0,0.0,0.0,0.0,0.0,0.0,0.0,0.0,0.0,0.0,0.0,0.0,38352.0,38352.0,93058.0,93058.0,73721.0,73721.0,205131.0,205131.0,64089.0,64089.0,1670.0,1670.0,0.0,0.0,537.0,537.0,7653.0,7653.0,0.0,0.0,0.0,0.0,2568.0,2568.0,3952.0,3952.0,8190.0,8190.0,140986.0,140986.0,0.0,0.0
28,2010,0.0,0.0,0.0,0.0,0.0,0.0,0.0,0.0,0.0,0.0,0.0,0.0,0.0,0.0,0.0,0.0,0.0,0.0,36016.0,36016.0,106292.0,106292.0,67099.0,67099.0,209407.0,209407.0,68157.0,68157.0,2.0,2.0,0.0,0.0,249.0,249.0,-275.0,-275.0,79.0,79.0,0.0,0.0,342.0,342.0,-291.0,-291.0,8243.0,8243.0,150263.0,150263.0,0.0,0.0
28,2011,0.0,0.0,0.0,0.0,0.0,0.0,31.0,31.0,0.0,0.0,0.0,0.0,3.0,3.0,28.0,28.0,31.0,31.0,32805.0,32805.0,125154.0,125154.0,63429.0,63429.0,221388.0,221388.0,63549.0,63549.0,-157.0,-157.0,0.0,0.0,352.0,352.0,-519.0,-519.0,324.0,324.0,0.0,0.0,392.0,392.0,-78.0,-78.0,8400.0,8400.0,139300.0,139300.0,31.0,31.0
28,2012,42.0,42.0,0.0,0.0,4.0,4.0,153.0,153.0,0.0,0.0,0.0,0.0,49.0,49.0,66.0,66.0,157.0,157.0,32119.0,32119.0,141256.0,141256.0,56183.0,56183.0,229558.0,229558.0,64960.0,64960.0,121.0,121.0,0.0,0.0,434.0,434.0,-683.0,-683.0,442.0,442.0,0.0,0.0,442.0,442.0,-370.0,-370.0,8593.0,8593.0,144647.0,144647.0,188.0,188.0
28,2013,54.0,54.0,0.0,0.0,6.0,6.0,223.0,223.0,7.0,7.0,0.0,0.0,139.0,139.0,43.0,43.0,236.0,236.0,30845.0,30845.0,153743.0,153743.0,49958.0,49958.0,234546.0,234546.0,72542.0,72542.0,-121.0,-121.0,0.0,0.0,192.0,192.0,-879.0,-879.0,1139.0,1139.0,0.0,0.0,457.0,457.0,116.0,116.0,9045.0,9045.0,161269.0,161269.0,424.0,424.0
28,2014,48.0,48.0,0.0,0.0,24.0,24.0,195.0,195.0,44.0,44.0,0.0,0.0,169.0,169.0,46.0,46.0,263.0,263.0,34837.0,34837.0,176287.0,176287.0,47572.0,47572.0,258696.0,258696.0,68013.0,68013.0,33.0,33.0,10.0,10.0,541.0,541.0,-1273.0,-1273.0,808.0,808.0,25.0,25.0,-28.0,-28.0,106.0,106.0,9156.0,9156.0,151359.0,151359.0,687.0,687.0
28,2015,81.0,81.0,0.0,0.0,66.0,66.0,176.0,176.0,82.0,82.0,0.0,0.0,168.0,168.0,75.0,75.0,324.0,324.0,42641.0,42641.0,210156.0,210156.0,59076.0,59076.0,311873.0,311873.0,64717.0,64717.0,178.0,178.0,58.0,58.0,875.0,875.0,-287.0,-287.0,1263.0,1263.0,101.0,101.0,924.0,924.0,908.0,908.0,11166.0,11166.0,143952.0,143952.0,1011.0,1011.0
28,2016,208.0,208.0,0.0,0.0,93.0,93.0,425.0,425.0,174.0,174.0,0.0,0.0,321.0,321.0,163.0,163.0,692.0,692.0,53918.0,53918.0,263323.0,263323.0,90151.0,90151.0,407392.0,407392.0,62818.0,62818.0,327.0,327.0,192.0,192.0,1470.0,1470.0,379.0,379.0,1569.0,1569.0,109.0,109.0,1433.0,1433.0,1959.0,1959.0,14885.0,14885.0,140350.0,140350.0,1703.0,1703.0
28,2017,134.0,134.0,0.0,0.0,152.0,152.0,513.0,513.0,268.0,268.0,0.0,0.0,545.0,545.0,254.0,254.0,933.0,933.0,67992.0,67992.0,307594.0,307594.0,110268.0,110268.0,485854.0,485854.0,62596.0,62596.0,426.0,426.0,262.0,262.0,1022.0,1022.0,461.0,461.0,665.0,665.0,165.0,165.0,1073.0,1073.0,1076.0,1076.0,17460.0,17460.0,139605.0,139605.0,2636.0,2636.0
28,2018,34.0,34.0,0.0,0.0,273.0,273.0,533.0,533.0,414.0,414.0,0.0,0.0,810.0,810.0,376.0,376.0,1220.0,1220.0,84384.0,84384.0,347368.0,347368.0,122210.0,122210.0,553962.0,553962.0,62594.0,62594.0,619.0,619.0,140.0,140.0,981.0,981.0,662.0,662.0,283.0,283.0,322.0,322.0,1047.0,1047.0,722.0,722.0,19848.0,19848.0,139482.0,139482.0,3856.0,3856.0
28,2019,131.0,131.0,0.0,0.0,442.0,442.0,930.0,930.0,550.0,550.0,0.0,0.0,1275.0,1275.0,516.0,516.0,1922.0,1922.0,93295.0,93295.0,392969.0,392969.0,154272.0,154272.0,640536.0,640536.0,63338.0,63338.0,283.0,283.0,-55.0,-55.0,1409.0,1409.0,590.0,590.0,1247.0,1247.0,64.0,64.0,1133.0,1133.0,1839.0,1839.0,23103.0,23103.0,140588.0,140588.0,5778.0,5778.0
28,2020,107.0,107.0,0.0,0.0,611.0,611.0,889.0,889.0,635.0,635.0,0.0,0.0,1427.0,1427.0,601.0,601.0,2135.0,2135.0,102881.0,102881.0,425395.0,425395.0,191489.0,191489.0,719765.0,719765.0,66527.0,66527.0,560.0,560.0,-120.0,-120.0,1177.0,1177.0,937.0,937.0,1893.0,1893.0,64.0,64.0,1357.0,1357.0,2034.0,2034.0,27054.0,27054.0,147154.0,147154.0,7913.0,7913.0
28,2021,162.0,162.0,0.0,0.0,756.0,756.0,974.0,974.0,688.0,688.0,0.0,0.0,1606.0,1606.0,650.0,650.0,2418.0,2418.0,113053.0,113053.0,471357.0,471357.0,216049.0,216049.0,800459.0,800459.0,88935.0,88935.0,532.0,532.0,-140.0,-140.0,805.0,805.0,1864.0,1864.0,718.0,718.0,123.0,123.0,1452.0,1452.0,1386.0,1386.0,30424.0,30424.0,195507.0,195507.0,10331.0,10331.0
28,2022,126.0,126.0,0.0,0.0,732.0,732.0,907.0,907.0,685.0,685.0,1.0,1.0,1544.0,1544.0,655.0,655.0,2325.0,2325.0,110130.0,110130.0,488198.0,488198.0,237337.0,237337.0,835665.0,835665.0,126631.0,126631.0,-18.0,-18.0,-53.0,-53.0,353.0,353.0,415.0,415.0,1042.0,1042.0,-94.0,-94.0,548.0,548.0,1133.0,1133.0,32087.0,32087.0,275252.0,275252.0,12656.0,12656.0
28,2023,191.0,191.0,0.0,0.0,1088.0,1088.0,1144.0,1144.0,821.0,821.0,26.0,26.0,2105.0,2105.0,783.0,783.0,3079.0,3079.0,116333.0,116333.0,527138.0,527138.0,304939.0,304939.0,948410.0,948410.0,89496.0,89496.0,88.0,88.0,132.0,132.0,1812.0,1812.0,1307.0,1307.0,2655.0,2655.0,-268.0,-268.0,1780.0,1780.0,3770.0,3770.0,37725.0,37725.0,193927.0,193927.0,15735.0,15735.0
28,2024,325.0,325.0,0.0,0.0,1498.0,1498.0,1285.0,1285.0,844.0,844.0,106.0,106.0,2582.0,2582.0,826.0,826.0,3733.0,3733.0,130290.0,130290.0,562020.0,562020.0,383518.0,383518.0,1075828.0,1075828.0,77270.0,77270.0,570.0,570.0,159.0,159.0,1484.0,1484.0,1467.0,1467.0,3313.0,3313.0,27.0,27.0,1648.0,1648.0,4232.0,4232.0,44175.0,44175.0,167395.0,167395.0,19468.0,19468.0
28,2025,401.0,347.0,1.0,0.0,2137.0,1793.0,1593.0,876.0,1037.0,1050.0,113.0,41.0,3462.0,2362.0,1018.0,1051.0,4881.0,3760.0,143435.0,140197.0,595376.0,550850.0,458230.0,507187.0,1197041.0,1198234.0,77607.0,77116.0,505.0,299.0,131.0,316.0,1767.0,1726.0,1264.0,515.0,2729.0,2691.0,-23.0,-82.0,1737.0,-1054.0,3626.0,5921.0,50043.0,49341.0,167395.0,167395.0,24349.0,23228.0
28,2026,359.0,359.0,8.0,7.0,2729.0,2021.0,1543.0,646.0,1277.0,1264.0,53.0,4.0,3989.0,2205.0,1262.0,1378.0,5610.0,3942.0,156465.0,152505.0,627646.0,544974.0,528599.0,619001.0,1312710.0,1316480.0,77835.0,76069.0,360.0,357.0,104.0,147.0,1223.0,1379.0,908.0,644.0,3140.0,3092.0,-59.0,-55.0,1250.0,-932.0,3706.0,5782.0,55359.0,54548.0,167395.0,167395.0,29959.0,27170.0
28,2027,387.0,451.0,4.0,14.0,3344.0,2357.0,1715.0,564.0,1383.0,1396.0,3.0,7.0,4701.0,2210.0,1361.0,1677.0,6449.0,4338.0,168753.0,160889.0,658094.0,544998.0,596481.0,723180.0,1423328.0,1429067.0,77019.0,75665.0,327.0,462.0,175.0,233.0,2258.0,1628.0,1000.0,1517.0,2492.0,2605.0,-58.0,80.0,1957.0,285.0,3583.0,5316.0,61226.0,60611.0,167395.0,167395.0,36408.0,31508.0
28,2028,462.0,525.0,12.0,12.0,3934.0,2745.0,1924.0,852.0,1610.0,1601.0,3.0,8.0,5386.0,2389.0,1635.0,2304.0,7483.0,5218.0,180687.0,169684.0,686264.0,545328.0,659732.0,819626.0,1526683.0,1534638.0,78664.0,77724.0,595.0,226.0,124.0,161.0,1856.0,1301.0,1236.0,1019.0,2363.0,2471.0,39.0,5.0,1889.0,114.0,3134.0,4617.0,66844.0,65568.0,167395.0,167395.0,43891.0,36726.0
28,2029,502.0,536.0,17.0,11.0,4617.0,3003.0,1990.0,1084.0,1704.0,1659.0,5.0,7.0,6075.0,2481.0,1756.0,2747.0,8333.0,5764.0,193102.0,178679.0,712002.0,545307.0,719967.0,911673.0,1625071.0,1635659.0,78898.0,77707.0,228.0,369.0,183.0,152.0,1954.0,1463.0,626.0,1069.0,2020.0,1916.0,-50.0,-33.0,1996.0,106.0,2509.0,4092.0,71577.0,70135.0,167395.0,167395.0,52224.0,42490.0
28,2030,566.0,591.0,48.0,24.0,5274.0,3563.0,2092.0,1403.0,1838.0,1838.0,9.0,3.0,6777.0,2675.0,1918.0,3565.0,9261.0,6831.0,204863.0,187044.0,735098.0,544917.0,777383.0,998799.0,1717344.0,1730760.0,79583.0,78797.0,622.0,199.0,137.0,165.0,2275.0,1664.0,1355.0,1263.0,1646.0,1717.0,17.0,21.0,2311.0,438.0,2497.0,4193.0,77007.0,74965.0,167395.0,167395.0,61485.0,49321.0
28,2031,724.0,692.0,41.0,13.0,6184.0,4195.0,2328.0,1719.0,2026.0,2062.0,11.0,3.0,7746.0,2933.0,2120.0,4367.0,10590.0,7992.0,215949.0,194002.0,756476.0,545506.0,832119.0,1081560.0,1804544.0,1821068.0,79971.0,79209.0,313.0,332.0,143.0,55.0,2117.0,1351.0,591.0,1135.0,1792.0,1823.0,42.0,17.0,1915.0,70.0,2457.0,3979.0,81692.0,79346.0,167395.0,167395.0,72075.0,57313.0
28,2032,786.0,701.0,52.0,15.0,6924.0,4689.0,2396.0,1891.0,2139.0,2157.0,11.0,6.0,8443.0,3119.0,2293.0,4938.0,11522.0,8758.0,226922.0,202292.0,775632.0,556769.0,884012.0,1146673.0,1886566.0,1905734.0,80349.0,80668.0,498.0,396.0,66.0,195.0,2292.0,1690.0,762.0,605.0,1762.0,1743.0,-82.0,-50.0,1950.0,625.0,2352.0,3162.0,86492.0,83529.0,167395.0,167395.0,83597.0,66071.0
28,2033,869.0,736.0,51.0,27.0,7473.0,5089.0,2645.0,2055.0,2295.0,2283.0,11.0,6.0,9114.0,3200.0,2492.0,5524.0,12475.0,9460.0,237151.0,208781.0,792192.0,568439.0,935082.0,1210973.0,1964425.0,1988193.0,79756.0,79581.0,378.0,150.0,175.0,255.0,2376.0,1475.0,768.0,639.0,1345.0,930.0,92.0,-5.0,2608.0,719.0,1770.0,2425.0,91248.0,86823.0,167395.0,167395.0,96072.0,75531.0
28,2034,980.0,808.0,97.0,25.0,8230.0,5806.0,2961.0,2220.0,2521.0,2447.0,11.0,4.0,10042.0,3429.0,2798.0,6265.0,13820.0,10502.0,246866.0,214031.0,806497.0,580415.0,984970.0,1272336.0,2038333.0,2066782.0,79350.0,80010.0,332.0,231.0,51.0,100.0,2428.0,1375.0,1062.0,704.0,848.0,1216.0,-32.0,46.0,2464.0,548.0,1561.0,2662.0,95605.0,90264.0,167395.0,167395.0,109892.0,86033.0
28,2035,1061.0,799.0,143.0,46.0,9001.0,6402.0,3311.0,2404.0,2579.0,2537.0,8.0,5.0,11052.0,3761.0,2929.0,6834.0,15042.0,11394.0,256456.0,219923.0,819033.0,591071.0,1034201.0,1331816.0,2109690.0,2142810.0,78873.0,79746.0,359.0,38.0,258.0,98.0,1501.0,1452.0,401.0,440.0,839.0,834.0,29.0,1.0,1589.0,633.0,1080.0,2154.0,98633.0,93089.0,167395.0,167395.0,124934.0,97427.0
28,2036,1255.0,881.0,189.0,33.0,9360.0,6923.0,3310.0,2621.0,2614.0,2571.0,14.0,10.0,11288.0,3899.0,2944.0,7378.0,15487.0,12158.0,265480.0,226095.0,829214.0,600560.0,1082010.0,1389114.0,2176704.0,2215769.0,79021.0,80215.0,527.0,364.0,51.0,74.0,2293.0,1452.0,1204.0,331.0,614.0,736.0,33.0,7.0,2402.0,550.0,1266.0,1686.0,102828.0,95689.0,167395.0,167395.0,140421.0,109585.0
28,2037,1372.0,982.0,218.0,39.0,9801.0,7574.0,3844.0,2716.0,2591.0,2662.0,12.0,3.0,12034.0,4263.0,3060.0,7749.0,16466.0,12994.0,274364.0,231678.0,836983.0,611768.0,1127136.0,1440043.0,2238483.0,2283489.0,80149.0,82506.0,190.0,261.0,225.0,139.0,1562.0,1314.0,832.0,525.0,1515.0,955.0,-27.0,15.0,2204.0,421.0,1713.0,2266.0,106935.0,98637.0,167395.0,167395.0,156887.0,122579.0
28,2038,1494.0,1065.0,254.0,55.0,9843.0,8113.0,3717.0,2867.0,2723.0,2785.0,22.0,10.0,11839.0,4601.0,3226.0,8164.0,16559.0,13830.0,282652.0,236626.0,843242.0,624630.0,1169661.0,1486518.0,2295555.0,2347774.0,81159.0,82777.0,616.0,261.0,5.0,109.0,1848.0,1425.0,874.0,513.0,908.0,1111.0,62.0,6.0,1653.0,1263.0,1428.0,1640.0,110632.0,101801.0,167395.0,167395.0,173446.0,136409.0
28,2039,1642.0,1072.0,334.0,45.0,9675.0,8401.0,4162.0,3199.0,2896.0,3024.0,17.0,7.0,11948.0,4868.0,3494.0,8736.0,17084.0,14676.0,290427.0,241484.0,847768.0,637053.0,1210683.0,1530173.0,2348878.0,2408710.0,81407.0,83217.0,391.0,108.0,125.0,145.0,1899.0,1297.0,710.0,448.0,820.0,1037.0,-53.0,-18.0,1713.0,1029.0,1397.0,1772.0,114133.0,104710.0,167395.0,167395.0,190530.0,151085.0
28,2040,1776.0,1177.0,378.0,83.0,9738.0,8978.0,4336.0,3218.0,3012.0,3057.0,16.0,8.0,12125.0,5222.0,3579.0,8945.0,17480.0,15344.0,297731.0,246588.0,849927.0,648299.0,1249908.0,1571764.0,2397566.0,2466651.0,81938.0,83458.0,610.0,83.0,333.0,29.0,1695.0,1317.0,699.0,364.0,1368.0,1049.0,9.0,-5.0,1768.0,743.0,1726.0,1928.0,118237.0,107464.0,167395.0,167395.0,208010.0,166429.0
29,2009,0.0,0.0,0.0,0.0,0.0,0.0,0.0,0.0,0.0,0.0,0.0,0.0,0.0,0.0,0.0,0.0,0.0,0.0,38474.0,38474.0,93512.0,93512.0,73154.0,73154.0,205140.0,205140.0,64045.0,64045.0,1656.0,1656.0,0.0,0.0,548.0,548.0,7677.0,7677.0,0.0,0.0,0.0,0.0,2562.0,2562.0,4007.0,4007.0,8225.0,8225.0,140986.0,140986.0,0.0,0.0
29,2010,0.0,0.0,0.0,0.0,0.0,0.0,0.0,0.0,0.0,0.0,0.0,0.0,0.0,0.0,0.0,0.0,0.0,0.0,36057.0,36057.0,106732.0,106732.0,66424.0,66424.0,209213.0,209213.0,68153.0,68153.0,52.0,52.0,0.0,0.0,273.0,273.0,-139.0,-139.0,91.0,91.0,0.0,0.0,480.0,480.0,-307.0,-307.0,8450.0,8450.0,150263.0,150263.0,0.0,0.0
29,2011,0.0,0.0,0.0,0.0,0.0,0.0,39.0,39.0,0.0,0.0,0.0,0.0,1.0,1.0,38.0,38.0,39.0,39.0,32775.0,32775.0,125085.0,125085.0,63281.0,63281.0,221141.0,221141.0,63340.0,63340.0,-99.0,-99.0,0.0,0.0,379.0,379.0,-440.0,-440.0,273.0,273.0,0.0,0.0,430.0,430.0,-119.0,-119.0,8662.0,8662.0,139300.0,139300.0,39.0,39.0
29,2012,36.0,36.0,0.0,0.0,1.0,1.0,131.0,131.0,0.0,0.0,0.0,0.0,32.0,32.0,64.0,64.0,132.0,132.0,32172.0,32172.0,141105.0,141105.0,55887.0,55887.0,229164.0,229164.0,65185.0,65185.0,-23.0,-23.0,0.0,0.0,339.0,339.0,-933.0,-933.0,447.0,447.0,0.0,0.0,315.0,315.0,-439.0,-439.0,8515.0,8515.0,144647.0,144647.0,171.0,171.0
29,2013,53.0,53.0,0.0,0.0,5.0,5.0,202.0,202.0,8.0,8.0,0.0,0.0,121.0,121.0,41.0,41.0,215.0,215.0,30854.0,30854.0,153879.0,153879.0,49470.0,49470.0,234203.0,234203.0,72472.0,72472.0,-47.0,-47.0,0.0,0.0,280.0,280.0,-873.0,-873.0,1142.0,1142.0,0.0,0.0,429.0,429.0,167.0,167.0,9064.0,9064.0,161269.0,161269.0,386.0,386.0
29,2014,39.0,39.0,0.0,0.0,24.0,24.0,192.0,192.0,25.0,25.0,0.0,0.0,174.0,174.0,28.0,28.0,241.0,241.0,34925.0,34925.0,176463.0,176463.0,46828.0,46828.0,258216.0,258216.0,68181.0,68181.0,-8.0,-8.0,6.0,6.0,540.0,540.0,-1242.0,-1242.0,735.0,735.0,22.0,22.0,100.0,100.0,-31.0,-31.0,9125.0,9125.0,151359.0,151359.0,627.0,627.0
29,2015,90.0,90.0,0.0,0.0,52.0,52.0,196.0,196.0,85.0,85.0,0.0,0.0,162.0,162.0,81.0,81.0,333.0,333.0,42838.0,42838.0,210159.0,210159.0,58586.0,58586.0,311583.0,311583.0,64577.0,64577.0,176.0,176.0,79.0,79.0,856.0,856.0,-353.0,-353.0,1267.0,1267.0,142.0,142.0,896.0,896.0,919.0,919.0,11116.0,11116.0,143952.0,143952.0,960.0,960.0
29,2016,242.0,242.0,0.0,0.0,89.0,89.0,450.0,450.0,168.0,168.0,0.0,0.0,307.0,307.0,158.0,158.0,707.0,707.0,54027.0,54027.0,263765.0,263765.0,89621.0,89621.0,407413.0,407413.0,62767.0,62767.0,349.0,349.0,181.0,181.0,1221.0,1221.0,387.0,387.0,1645.0,1645.0,75.0,75.0,1129.0,1129.0,2031.0,2031.0,14625.0,14625.0,140350.0,140350.0,1667.0,1667.0
29,2017,142.0,142.0,0.0,0.0,178.0,178.0,527.0,527.0,275.0,275.0,0.0,0.0,583.0,583.0,255.0,255.0,980.0,980.0,68120.0,68120.0,307539.0,307539.0,110215.0,110215.0,485874.0,485874.0,62465.0,62465.0,513.0,513.0,279.0,279.0,1171.0,1171.0,505.0,505.0,764.0,764.0,248.0,248.0,1240.0,1240.0,1214.0,1214.0,17592.0,17592.0,139605.0,139605.0,2647.0,2647.0
29,2018,38.0,38.0,0.0,0.0,284.0,284.0,501.0,501.0,396.0,396.0,0.0,0.0,776.0,776.0,367.0,367.0,1181.0,1181.0,84550.0,84550.0,347250.0,347250.0,122135.0,122135.0,553935.0,553935.0,62574.0,62574.0,601.0,601.0,89.0,89.0,1127.0,1127.0,708.0,708.0,162.0,162.0,237.0,237.0,1091.0,1091.0,631.0,631.0,19915.0,19915.0,139482.0,139482.0,3828.0,3828.0
29,2019,151.0,151.0,1.0,1.0,441.0,441.0,928.0,928.0,570.0,570.0,0.0,0.0,1249.0,1249.0,540.0,540.0,1940.0,1940.0,93078.0,93078.0,392907.0,392907.0,154405.0,154405.0,640390.0,640390.0,63503.0,63503.0,284.0,284.0,32.0,32.0,1340.0,1340.0,540.0,540.0,1225.0,1225.0,5.0,5.0,1172.0,1172.0,1686.0,1686.0,23057.0,23057.0,140588.0,140588.0,5768.0,5768.0
29,2020,121.0,121.0,2.0,2.0,680.0,680.0,836.0,836.0,696.0,696.0,0.0,0.0,1421.0,1421.0,672.0,672.0,2214.0,2214.0,102802.0,102802.0,425672.0,425672.0,191367.0,191367.0,719841.0,719841.0,66444.0,66444.0,498.0,498.0,-200.0,-200.0,969.0,969.0,924.0,924.0,2059.0,2059.0,106.0,106.0,1104.0,1104.0,2256.0,2256.0,26915.0,26915.0,147154.0,147154.0,7982.0,7982.0
29,2021,153.0,153.0,0.0,0.0,805.0,805.0,966.0,966.0,703.0,703.0,0.0,0.0,1662.0,1662.0,659.0,659.0,2474.0,2474.0,112795.0,112795.0,471900.0,471900.0,216472.0,216472.0,801167.0,801167.0,88671.0,88671.0,486.0,486.0,-106.0,-106.0,927.0,927.0,1857.0,1857.0,395.0,395.0,68.0,68.0,1627.0,1627.0,1028.0,1028.0,30056.0,30056.0,195507.0,195507.0,10456.0,10456.0
29,2022,123.0,123.0,0.0,0.0,748.0,748.0,923.0,923.0,687.0,687.0,3.0,3.0,1574.0,1574.0,664.0,664.0,2361.0,2361.0,110087.0,110087.0,488167.0,488167.0,238199.0,238199.0,836453.0,836453.0,126429.0,126429.0,-44.0,-44.0,-20.0,-20.0,539.0,539.0,470.0,470.0,1236.0,1236.0,-72.0,-72.0,653.0,653.0,1544.0,1544.0,32209.0,32209.0,275252.0,275252.0,12817.0,12817.0
29,2023,164.0,164.0,0.0,0.0,1064.0,1064.0,1115.0,1115.0,732.0,732.0,18.0,18.0,2060.0,2060.0,705.0,705.0,2929.0,2929.0,116377.0,116377.0,527562.0,527562.0,305888.0,305888.0,949827.0,949827.0,89257.0,89257.0,252.0,252.0,85.0,85.0,1418.0,1418.0,1141.0,1141.0,2666.0,2666.0,-184.0,-184.0,1342.0,1342.0,3532.0,3532.0,37335.0,37335.0,193927.0,193927.0,15746.0,15746.0
29,2024,311.0,311.0,0.0,0.0,1559.0,1559.0,1218.0,1218.0,901.0,901.0,89.0,89.0,2579.0,2579.0,877.0,877.0,3767.0,3767.0,130414.0,130414.0,562998.0,562998.0,384281.0,384281.0,1077693.0,1077693.0,77427.0,77427.0,404.0,404.0,169.0,169.0,1448.0,1448.0,1497.0,1497.0,3139.0,3139.0,-18.0,-18.0,1653.0,1653.0,4178.0,4178.0,43570.0,43570.0,167395.0,167395.0,19513.0,19513.0
29,2025,375.0,325.0,1.0,0.0,2030.0,1659.0,1563.0,835.0,1069.0,1060.0,119.0,49.0,3347.0,2192.0,1060.0,1086.0,4782.0,3603.0,143626.0,140400.0,596878.0,552228.0,458824.0,507573.0,1199328.0,1200201.0,77458.0,77104.0,444.0,390.0,167.0,320.0,1601.0,1729.0,1359.0,590.0,3051.0,3116.0,22.0,-74.0,1850.0,-1072.0,3906.0,6363.0,49770.0,49251.0,167395.0,167395.0,24295.0,23116.0
29,2026,349.0,351.0,2.0,2.0,2581.0,1938.0,1536.0,657.0,1252.0,1220.0,55.0,6.0,3842.0,2096.0,1235.0,1376.0,5426.0,3823.0,156787.0,152842.0,628827.0,545982.0,529073.0,619157.0,1314687.0,1317981.0,77733.0,76173.0,428.0,368.0,147.0,174.0,2017.0,1759.0,883.0,761.0,3057.0,3008.0,-103.0,-43.0,1555.0,-531.0,4018.0,5822.0,55771.0,54910.0,167395.0,167395.0,29721.0,26939.0
29,2027,393.0,455.0,5.0,8.0,3257.0,2389.0,1774.0,644.0,1413.0,1409.0,1.0,3.0,4629.0,2230.0,1428.0,1768.0,6450.0,4453.0,168676.0,161109.0,659533.0,546418.0,597008.0,723003.0,1425217.0,1430530.0,77098.0,75698.0,532.0,435.0,106.0,201.0,1702.0,1504.0,1136.0,1480.0,2558.0,2525.0,-38.0,-4.0,1652.0,81.0,3280.0,5190.0,61235.0,60616.0,167395.0,167395.0,36171.0,31392.0
29,2028,454.0,505.0,14.0,12.0,3941.0,2678.0,1902.0,848.0,1557.0,1556.0,5.0,3.0,5370.0,2385.0,1595.0,2207.0,7419.0,5097.0,180708.0,169945.0,687772.0,547012.0,659826.0,819309.0,1528306.0,1536266.0,78658.0,77509.0,511.0,182.0,87.0,59.0,2185.0,1245.0,1070.0,1001.0,2553.0,2618.0,-14.0,79.0,2214.0,167.0,3156.0,4653.0,67116.0,65618.0,167395.0,167395.0,43590.0,36489.0
29,2029,492.0,507.0,18.0,12.0,4640.0,3197.0,2000.0,1018.0,1760.0,1729.0,8.0,4.0,6131.0,2678.0,1803.0,2775.0,8426.0,5960.0,192830.0,178800.0,713182.0,546526.0,720455.0,911601.0,1626467.0,1636927.0,78751.0,77950.0,181.0,397.0,106.0,172.0,2048.0,1850.0,1092.0,1066.0,1578.0,1563.0,11.0,-17.0,2135.0,201.0,2519.0,4036.0,71951.0,70252.0,167395.0,167395.0,52016.0,42449.0
29,2030,560.0,579.0,24.0,27.0,5506.0,3641.0,2185.0,1412.0,1867.0,1908.0,8.0,7.0,7058.0,2771.0,1972.0,3645.0,9590.0,6995.0,204326.0,186836.0,736552.0,546633.0,777858.0,998906.0,1718736.0,1732375.0,79440.0,78648.0,520.0,130.0,255.0,235.0,2243.0,1153.0,735.0,1322.0,1981.0,1783.0,-11.0,22.0,2141.0,406.0,2542.0,3979.0,77154.0,74767.0,167395.0,167395.0,61606.0,49444.0
29,2031,771.0,707.0,44.0,19.0,6041.0,4010.0,2403.0,1798.0,2142.0,2130.0,11.0,7.0,7637.0,2760.0,2233.0,4497.0,10641.0,7964.0,215757.0,194210.0,757742.0,547011.0,832511.0,1081640.0,1806010.0,1822861.0,80106.0,79153.0,325.0,279.0,40.0,140.0,2219.0,1523.0,788.0,1127.0,1236.0,1712.0,46.0,-45.0,1994.0,187.0,2010.0,3991.0,81483.0,79224.0,167395.0,167395.0,72247.0,57408.0
29,2032,844.0,756.0,61.0,35.0,7022.0,4740.0,2334.0,1907.0,2146.0,2091.0,13.0,4.0,8500.0,3133.0,2232.0,4888.0,11576.0,8777.0,226708.0,202519.0,776734.0,558422.0,884768.0,1147402.0,1888210.0,1908343.0,80170.0,80625.0,462.0,338.0,139.0,103.0,2340.0,1508.0,554.0,368.0,1998.0,1531.0,-21.0,22.0,2087.0,602.0,2461.0,2592.0,86493.0,82756.0,167395.0,167395.0,83823.0,66185.0
29,2033,896.0,756.0,75.0,29.0,7653.0,5272.0,2619.0,2125.0,2387.0,2310.0,10.0,10.0,9299.0,3371.0,2549.0,5619.0,12744.0,9746.0,237271.0,209182.0,793275.0,569655.0,935987.0,1211870.0,1966533.0,1990707.0,79784.0,79714.0,438.0,353.0,156.0,156.0,2005.0,1487.0,1011.0,848.0,1063.0,1526.0,28.0,12.0,2038.0,621.0,1787.0,3055.0,90756.0,86785.0,167395.0,167395.0,96567.0,75931.0
29,2034,1050.0,847.0,94.0,24.0,8142.0,5752.0,2944.0,2222.0,2625.0,2557.0,20.0,8.0,9918.0,3438.0,2857.0,6278.0,13825.0,10563.0,246972.0,214642.0,807820.0,581285.0,986097.0,1274144.0,2040889.0,2070071.0,79272.0,80186.0,463.0,201.0,112.0,49.0,2395.0,1363.0,672.0,448.0,1320.0,661.0,-20.0,7.0,2420.0,498.0,1596.0,1829.0,95235.0,89313.0,167395.0,167395.0,110392.0,86494.0
29,2035,1130.0,815.0,148.0,44.0,8759.0,6295.0,3386.0,2482.0,2481.0,2464.0,18.0,2.0,10846.0,3734.0,2816.0,6738.0,14792.0,11287.0,256576.0,220296.0,820125.0,592126.0,1034896.0,1334008.0,2111597.0,2146430.0,79085.0,79648.0,205.0,298.0,124.0,242.0,1940.0,1749.0,869.0,563.0,869.0,964.0,33.0,25.0,2214.0,525.0,1416.0,2720.0,99070.0,92856.0,167395.0,167395.0,125184.0,97781.0
29,2036,1233.0,899.0,205.0,55.0,9288.0,7016.0,3493.0,2627.0,2652.0,2708.0,8.0,10.0,11361.0,3976.0,3052.0,7541.0,15646.0,12416.0,265573.0,226073.0,830502.0,602065.0,1081983.0,1390587.0,2178058.0,2218725.0,79202.0,80277.0,528.0,106.0,81.0,14.0,2214.0,1627.0,1140.0,613.0,726.0,1221.0,-31.0,-40.0,2300.0,1023.0,1302.0,2306.0,103200.0,96291.0,167395.0,167395.0,140830.0,110197.0
29,2037,1387.0,967.0,239.0,50.0,9691.0,7539.0,3812.0,2825.0,2665.0,2694.0,5.0,3.0,11908.0,4209.0,3117.0,7935.0,16412.0,13111.0,274244.0,231440.0,837553.0,613472.0,1126716.0,1441305.0,2238513.0,2286217.0,80536.0,82252.0,441.0,281.0,213.0,272.0,2003.0,1199.0,1050.0,260.0,1380.0,1063.0,26.0,34.0,2602.0,365.0,1629.0,2182.0,107872.0,99119.0,167395.0,167395.0,157242.0,123308.0
29,2038,1523.0,987.0,264.0,49.0,9628.0,7916.0,3997.0,2969.0,2707.0,2738.0,15.0,5.0,11862.0,4472.0,3226.0,8218.0,16611.0,13677.0,282586.0,236766.0,843874.0,626585.0,1169174.0,1487121.0,2295634.0,2350472.0,81419.0,82662.0,401.0,142.0,166.0,103.0,1032.0,1412.0,695.0,501.0,565.0,836.0,-7.0,-25.0,925.0,828.0,1125.0,1857.0,110323.0,101946.0,167395.0,167395.0,173853.0,136985.0
29,2039,1618.0,1090.0,286.0,49.0,9810.0,8552.0,4095.0,3139.0,3006.0,3068.0,11.0,2.0,12039.0,4893.0,3551.0,8827.0,17208.0,14810.0,290317.0,241867.0,848431.0,638970.0,1210671.0,1530598.0,2349419.0,2411435.0,81441.0,83126.0,423.0,379.0,152.0,59.0,1787.0,1087.0,425.0,528.0,885.0,1088.0,65.0,66.0,1607.0,961.0,1284.0,1488.0,113637.0,104774.0,167395.0,167395.0,191061.0,151795.0
29,2040,1778.0,1140.0,367.0,61.0,9912.0,9001.0,4276.0,3239.0,2915.0,2995.0,16.0,2.0,12154.0,5239.0,3554.0,8919.0,17486.0,15298.0,297612.0,246635.0,851778.0,650330.0,1250305.0,1571708.0,2399695.0,2468673.0,81691.0,83926.0,461.0,-19.0,167.0,177.0,1245.0,1611.0,848.0,400.0,1034.0,818.0,-35.0,-81.0,1421.0,938.0,1377.0,2006.0,116896.0,107699.0,167395.0,167395.0,208547.0,167093.0
30,2009,0.0,0.0,0.0,0.0,0.0,0.0,0.0,0.0,0.0,0.0,0.0,0.0,0.0,0.0,0.0,0.0,0.0,0.0,38369.0,38369.0,93677.0,93677.0,73362.0,73362.0,205408.0,205408.0,63772.0,63772.0,1664.0,1664.0,0.0,0.0,514.0,514.0,7713.0,7713.0,3.0,3.0,0.0,0.0,2623.0,2623.0,3943.0,3943.0,8230.0,8230.0,140986.0,140986.0,0.0,0.0
30,2010,0.0,0.0,0.0,0.0,0.0,0.0,0.0,0.0,0.0,0.0,0.0,0.0,0.0,0.0,0.0,0.0,0.0,0.0,36126.0,36126.0,106791.0,106791.0,66474.0,66474.0,209391.0,209391.0,68368.0,68368.0,63.0,63.0,0.0,0.0,234.0,234.0,-219.0,-219.0,80.0,80.0,0.0,0.0,322.0,322.0,-290.0,-290.0,8325.0,8325.0,150263.0,150263.0,0.0,0.0
30,2011,0.0,0.0,0.0,0.0,1.0,1.0,37.0,37.0,0.0,0.0,0.0,0.0,1.0,1.0,37.0,37.0,38.0,38.0,32828.0,32828.0,125838.0,125838.0,62964.0,62964.0,221630.0,221630.0,63279.0,63279.0,-183.0,-183.0,0.0,0.0,392.0,392.0,-606.0,-606.0,301.0,301.0,0.0,0.0,408.0,408.0,-138.0,-138.0,8412.0,8412.0,139300.0,139300.0,38.0,38.0
30,2012,38.0,38.0,0.0,0.0,0.0,0.0,150.0,150.0,2.0,2.0,0.0,0.0,36.0,36.0,78.0,78.0,152.0,152.0,32096.0,32096.0,141872.0,141872.0,55261.0,55261.0,229229.0,229229.0,65367.0,65367.0,61.0,61.0,0.0,0.0,480.0,480.0,-609.0,-609.0,474.0,474.0,0.0,0.0,505.0,505.0,-221.0,-221.0,8757.0,8757.0,144647.0,144647.0,190.0,190.0
30,2013,58.0,58.0,0.0,0.0,7.0,7.0,238.0,238.0,8.0,8.0,0.0,0.0,145.0,145.0,50.0,50.0,253.0,253.0,30813.0,30813.0,154330.0,154330.0,49284.0,49284.0,234427.0,234427.0,72547.0,72547.0,-80.0,-80.0,0.0,0.0,146.0,146.0,-1089.0,-1089.0,1016.0,1016.0,0.0,0.0,251.0,251.0,-98.0,-98.0,8830.0,8830.0,161269.0,161269.0,443.0,443.0
30,2014,51.0,51.0,0.0,0.0,23.0,23.0,219.0,219.0,33.0,33.0,0.0,0.0,192.0,192.0,32.0,32.0,275.0,275.0,34725.0,34725.0,177184.0,177184.0,46409.0,46409.0,258318.0,258318.0,68291.0,68291.0,-25.0,-25.0,3.0,3.0,524.0,524.0,-1124.0,-1124.0,886.0,886.0,18.0,18.0,172.0,172.0,160.0,160.0,9137.0,9137.0,151359.0,151359.0,718.0,718.0
30,2015,91.0,91.0,0.0,0.0,68.0,68.0,164.0,164.0,71.0,71.0,0.0,0.0,145.0,145.0,67.0,67.0,303.0,303.0,42721.0,42721.0,210807.0,210807.0,58032.0,58032.0,311560.0,311560.0,64667.0,64667.0,197.0,197.0,97.0,97.0,910.0,910.0,-369.0,-369.0,1264.0,1264.0,112.0,112.0,872.0,872.0,945.0,945.0,11151.0,11151.0,143952.0,143952.0,1021.0,1021.0
30,2016,225.0,225.0,0.0,0.0,120.0,120.0,430.0,430.0,147.0,147.0,0.0,0.0,335.0,335.0,137.0,137.0,697.0,697.0,53644.0,53644.0,264138.0,264138.0,89373.0,89373.0,407155.0,407155.0,62753.0,62753.0,394.0,394.0,144.0,144.0,1406.0,1406.0,475.0,475.0,1596.0,1596.0,102.0,102.0,1340.0,1340.0,1989.0,1989.0,14874.0,14874.0,140350.0,140350.0,1718.0,1718.0
30,2017,134.0,134.0,0.0,0.0,172.0,172.0,501.0,501.0,311.0,311.0,0.0,0.0,557.0,557.0,293.0,293.0,984.0,984.0,67906.0,67906.0,307966.0,307966.0,109555.0,109555.0,485427.0,485427.0,62669.0,62669.0,455.0,455.0,282.0,282.0,1057.0,1057.0,361.0,361.0,751.0,751.0,252.0,252.0,1187.0,1187.0,1061.0,1061.0,17577.0,17577.0,139605.0,139605.0,2702.0,2702.0
30,2018,44.0,44.0,0.0,0.0,305.0,305.0,517.0,517.0,378.0,378.0,0.0,0.0,802.0,802.0,354.0,354.0,1200.0,1200.0,84116.0,84116.0,347713.0,347713.0,121493.0,121493.0,553322.0,553322.0,62661.0,62661.0,607.0,607.0,95.0,95.0,1085.0,1085.0,801.0,801.0,165.0,165.0,271.0,271.0,1110.0,1110.0,700.0,700.0,19994.0,19994.0,139482.0,139482.0,3902.0,3902.0
30,2019,159.0,159.0,1.0,1.0,440.0,440.0,892.0,892.0,533.0,533.0,0.0,0.0,1205.0,1205.0,502.0,502.0,1866.0,1866.0,92701.0,92701.0,393492.0,393492.0,153492.0,153492.0,639685.0,639685.0,63380.0,63380.0,327.0,327.0,25.0,25.0,1251.0,1251.0,688.0,688.0,1305.0,1305.0,9.0,9.0,1032.0,1032.0,1919.0,1919.0,23272.0,23272.0,140588.0,140588.0,5768.0,5768.0
30,2020,116.0,116.0,1.0,1.0,617.0,617.0,876.0,876.0,653.0,653.0,0.0,0.0,1414.0,1414.0,617.0,617.0,2147.0,2147.0,102419.0,102419.0,426170.0,426170.0,190595.0,190595.0,719184.0,719184.0,66587.0,66587.0,501.0,501.0,-175.0,-175.0,1077.0,1077.0,710.0,710.0,1767.0,1767.0,73.0,73.0,1128.0,1128.0,1823.0,1823.0,26724.0,26724.0,147154.0,147154.0,7915.0,7915.0
30,2021,150.0,150.0,0.0,0.0,775.0,775.0,882.0,882.0,734.0,734.0,0.0,0.0,1536.0,1536.0,705.0,705.0,2391.0,2391.0,112526.0,112526.0,471996.0,471996.0,215724.0,215724.0,800246.0,800246.0,89113.0,89113.0,366.0,366.0,-76.0,-76.0,906.0,906.0,1713.0,1713.0,616.0,616.0,-5.0,-5.0,1528.0,1528.0,1260.0,1260.0,29878.0,29878.0,195507.0,195507.0,10306.0,10306.0
30,2022,115.0,115.0,0.0,0.0,750.0,750.0,927.0,927.0,677.0,677.0,1.0,1.0,1605.0,1605.0,635.0,635.0,2355.0,2355.0,109963.0,109963.0,488293.0,488293.0,237278.0,237278.0,835534.0,835534.0,126263.0,126263.0,29.0,29.0,-117.0,-117.0,702.0,702.0,598.0,598.0,1298.0,1298.0,14.0,14.0,1017.0,1017.0,1449.0,1449.0,32373.0,32373.0,275252.0,275252.0,12661.0,12661.0
30,2023,148.0,148.0,0.0,0.0,1140.0,1140.0,1098.0,1098.0,795.0,795.0,19.0,19.0,2145.0,2145.0,759.0,759.0,3052.0,3052.0,116120.0,116120.0,527377.0,527377.0,304999.0,304999.0,948496.0,948496.0,89366.0,89366.0,238.0,238.0,194.0,194.0,1509.0,1509.0,1249.0,1249.0,2518.0,2518.0,-205.0,-205.0,1473.0,1473.0,3554.0,3554.0,37638.0,37638.0,193927.0,193927.0,15713.0,15713.0
30,2024,331.0,331.0,0.0,0.0,1477.0,1477.0,1250.0,1250.0,899.0,899.0,117.0,117.0,2540.0,2540.0,872.0,872.0,3743.0,3743.0,130211.0,130211.0,562771.0,562771.0,383834.0,383834.0,1076816.0,1076816.0,76767.0,76767.0,458.0,458.0,118.0,118.0,1517.0,1517.0,1382.0,1382.0,3173.0,3173.0,-52.0,-52.0,1401.0,1401.0,4279.0,4279.0,43776.0,43776.0,167395.0,167395.0,19456.0,19456.0
30,2025,362.0,311.0,1.0,0.0,2001.0,1674.0,1539.0,791.0,1048.0,1053.0,111.0,44.0,3309.0,2204.0,1029.0,1047.0,4700.0,3562.0,143441.0,140321.0,596717.0,552288.0,458311.0,507293.0,1198469.0,1199902.0,77501.0,76873.0,505.0,330.0,202.0,294.0,1474.0,1353.0,1224.0,687.0,2991.0,2812.0,42.0,-18.0,1622.0,-1108.0,3806.0,5906.0,49709.0,48904.0,167395.0,167395.0,24156.0,23018.0
30,2026,353.0,338.0,5.0,9.0,2646.0,1970.0,1575.0,603.0,1207.0,1211.0,48.0,0.0,3941.0,2119.0,1187.0,1336.0,5481.0,3793.0,156234.0,152524.0,628575.0,546043.0,528837.0,619315.0,1313646.0,1317882.0,77837.0,76150.0,379.0,321.0,37.0,196.0,2090.0,1761.0,917.0,673.0,3159.0,3231.0,-63.0,-32.0,1939.0,-526.0,3822.0,6034.0,55849.0,54733.0,167395.0,167395.0,29637.0,26811.0
30,2027,354.0,396.0,5.0,8.0,3157.0,2244.0,1708.0,575.0,1419.0,1389.0,2.0,5.0,4537.0,2123.0,1400.0,1702.0,6291.0,4221.0,168486.0,160847.0,658787.0,546144.0,597271.0,723354.0,1424544.0,1430345.0,76751.0,75609.0,354.0,464.0,138.0,112.0,1238.0,1633.0,1353.0,1479.0,2690.0,2790.0,-54.0,44.0,1501.0,-51.0,3510.0,5645.0,61214.0,60791.0,167395.0,167395.0,35928.0,31032.0
30,2028,444.0,484.0,17.0,13.0,3947.0,2679.0,1931.0,755.0,1503.0,1502.0,8.0,10.0,5432.0,2344.0,1530.0,2131.0,7406.0,4959.0,180268.0,169630.0,687168.0,546453.0,660396.0,819797.0,1527832.0,1535880.0,78470.0,77431.0,580.0,303.0,210.0,236.0,2392.0,1566.0,1077.0,1098.0,2204.0,2269.0,8.0,-63.0,2290.0,432.0,3021.0,4371.0,67105.0,65897.0,167395.0,167395.0,43334.0,35991.0
30,2029,536.0,553.0,15.0,13.0,4643.0,3120.0,2015.0,1104.0,1727.0,1733.0,6.0,2.0,6089.0,2568.0,1781.0,2851.0,8406.0,5972.0,192370.0,178538.0,712672.0,546362.0,720629.0,911790.0,1625671.0,1636690.0,78956.0,77552.0,259.0,192.0,51.0,175.0,1891.0,1217.0,885.0,975.0,2174.0,2206.0,-38.0,31.0,1815.0,61.0,2889.0,4351.0,72068.0,70501.0,167395.0,167395.0,51740.0,41963.0
30,2030,573.0,600.0,37.0,16.0,5389.0,3599.0,2124.0,1375.0,1891.0,1951.0,11.0,7.0,6885.0,2698.0,1994.0,3650.0,9452.0,6948.0,204189.0,187004.0,736293.0,546337.0,777880.0,999134.0,1718362.0,1732475.0,79431.0,78704.0,532.0,261.0,192.0,164.0,2176.0,1357.0,977.0,1150.0,1287.0,1227.0,41.0,-25.0,2125.0,284.0,2016.0,3328.0,76741.0,74374.0,167395.0,167395.0,61192.0,48911.0
30,2031,774.0,678.0,41.0,25.0,6195.0,4146.0,2377.0,1737.0,2063.0,2073.0,8.0,6.0,7785.0,2891.0,2125.0,4418.0,10684.0,7987.0,215451.0,194251.0,757466.0,546776.0,832566.0,1082213.0,1805483.0,1823240.0,79974.0,79110.0,385.0,311.0,63.0,76.0,2475.0,1547.0,682.0,1011.0,1823.0,1989.0,-16.0,-9.0,2108.0,191.0,2534.0,4112.0,81768.0,78988.0,167395.0,167395.0,71876.0,56898.0
30,2032,848.0,742.0,50.0,21.0,6959.0,4649.0,2521.0,1988.0,2131.0,2120.0,12.0,10.0,8547.0,3084.0,2278.0,4962.0,11673.0,8788.0,226077.0,202450.0,777001.0,558278.0,884848.0,1147333.0,1887926.0,1908061.0,80255.0,80897.0,475.0,371.0,134.0,209.0,2085.0,1522.0,523.0,855.0,1640.0,1499.0,15.0,72.0,1663.0,559.0,2259.0,3227.0,86165.0,83145.0,167395.0,167395.0,83549.0,65686.0
30,2033,919.0,767.0,71.0,22.0,7735.0,5412.0,2571.0,2079.0,2322.0,2360.0,11.0,4.0,9290.0,3375.0,2501.0,5735.0,12710.0,9877.0,236542.0,208821.0,794228.0,570316.0,935902.0,1211216.0,1966672.0,1990353.0,79477.0,79795.0,241.0,340.0,180.0,63.0,2203.0,1746.0,868.0,540.0,1185.0,1309.0,39.0,-27.0,2572.0,702.0,1662.0,2589.0,90640.0,86776.0,167395.0,167395.0,96259.0,75563.0
30,2034,1048.0,810.0,105.0,35.0,8419.0,5825.0,3048.0,2338.0,2503.0,2529.0,16.0,14.0,10261.0,3577.0,2782.0,6354.0,14091.0,10741.0,246589.0,214317.0,808265.0,582088.0,985646.0,1272670.0,2040500.0,2069075.0,79353.0,79722.0,511.0,190.0,102.0,167.0,2680.0,1377.0,876.0,759.0,1383.0,1279.0,1.0,61.0,2593.0,702.0,1938.0,2751.0,95682.0,90419.0,167395.0,167395.0,110350.0,86304.0
30,2035,1112.0,855.0,156.0,24.0,8870.0,6377.0,3270.0,2368.0,2484.0,2559.0,10.0,9.0,10868.0,3721.0,2810.0,6761.0,14790.0,11337.0,256075.0,219747.0,820577.0,592880.0,1034342.0,1333169.0,2110994.0,2145796.0,78946.0,79381.0,437.0,116.0,246.0,255.0,1635.0,1371.0,939.0,336.0,910.0,425.0,11.0,-45.0,1965.0,707.0,1339.0,1519.0,99423.0,92761.0,167395.0,167395.0,125140.0,97641.0
30,2036,1243.0,887.0,192.0,46.0,9484.0,7050.0,3586.0,2601.0,2530.0,2589.0,17.0,2.0,11614.0,3965.0,2952.0,7436.0,15809.0,12288.0,265239.0,225594.0,830652.0,602593.0,1081938.0,1389940.0,2177829.0,2218127.0,79155.0,80629.0,381.0,259.0,103.0,97.0,2078.0,1386.0,809.0,697.0,468.0,951.0,-8.0,11.0,2243.0,478.0,826.0,2405.0,102873.0,95903.0,167395.0,167395.0,140949.0,109929.0
30,2037,1373.0,945.0,231.0,49.0,9743.0,7515.0,3773.0,2666.0,2643.0,2650.0,13.0,5.0,12036.0,4252.0,2994.0,7688.0,16403.0,12885.0,274133.0,231088.0,838527.0,613483.0,1126058.0,1440464.0,2238718.0,2285035.0,80440.0,82147.0,351.0,414.0,167.0,49.0,1737.0,2265.0,828.0,462.0,1877.0,1140.0,52.0,-11.0,1992.0,1024.0,2318.0,2467.0,107534.0,99808.0,167395.0,167395.0,157352.0,122814.0
30,2038,1440.0,1019.0,247.0,53.0,9725.0,7996.0,3994.0,3005.0,2824.0,2853.0,14.0,7.0,12051.0,4514.0,3313.0,8381.0,16804.0,13914.0,282565.0,236514.0,844505.0,625924.0,1168667.0,1486701.0,2295737.0,2349139.0,81450.0,82835.0,507.0,5.0,45.0,5.0,1629.0,834.0,1370.0,373.0,-131.0,865.0,-53.0,39.0,1619.0,612.0,734.0,1499.0,110394.0,101924.0,167395.0,167395.0,174156.0,136728.0
30,2039,1679.0,1147.0,315.0,61.0,9717.0,8444.0,4078.0,3157.0,2906.0,2981.0,13.0,6.0,11905.0,4824.0,3445.0,8678.0,17029.0,14649.0,290350.0,241342.0,849230.0,638265.0,1209218.0,1529708.0,2348798.0,2409315.0,81412.0,83359.0,517.0,482.0,197.0,391.0,1763.0,1157.0,425.0,418.0,1583.0,1453.0,28.0,-15.0,1745.0,651.0,1734.0,2271.0,114390.0,105328.0,167395.0,167395.0,191185.0,151377.0
30,2040,1744.0,1137.0,391.0,79.0,9731.0,9003.0,4380.0,3262.0,2906.0,2958.0,15.0,10.0,12110.0,5160.0,3569.0,9015.0,17423.0,15312.0,297778.0,246015.0,852381.0,649583.0,1248551.0,1571305.0,2398710.0,2466903.0,81501.0,83588.0,181.0,-57.0,142.0,99.0,1267.0,1166.0,737.0,429.0,946.0,656.0,-32.0,9.0,1505.0,1147.0,1374.0,1269.0,117450.0,107687.0,167395.0,167395.0,208608.0,166689.0
31,2009,0.0,0.0,0.0,0.0,0.0,0.0,0.0,0.0,0.0,0.0,0.0,0.0,0.0,0.0,0.0,0.0,0.0,0.0,38289.0,38289.0,93371.0,93371.0,73534.0,73534.0,205194.0,205194.0,63907.0,63907.0,1660.0,1660.0,0.0,0.0,582.0,582.0,7727.0,7727.0,0.0,0.0,0.0,0.0,2658.0,2658.0,3991.0,3991.0,8309.0,8309.0,140986.0,140986.0,0.0,0.0
31,2010,0.0,0.0,0.0,0.0,0.0,0.0,0.0,0.0,0.0,0.0,0.0,0.0,0.0,0.0,0.0,0.0,0.0,0.0,36012.0,36012.0,106630.0,106630.0,66719.0,66719.0,209361.0,209361.0,68340.0,68340.0,-90.0,-90.0,0.0,0.0,201.0,201.0,-443.0,-443.0,102.0,102.0,0.0,0.0,291.0,291.0,-341.0,-341.0,8169.0,8169.0,150263.0,150263.0,0.0,0.0
31,2011,0.0,0.0,0.0,0.0,0.0,0.0,36.0,36.0,0.0,0.0,0.0,0.0,2.0,2.0,34.0,34.0,36.0,36.0,32763.0,32763.0,125441.0,125441.0,63050.0,63050.0,221254.0,221254.0,63605.0,63605.0,95.0,95.0,0.0,0.0,324.0,324.0,-338.0,-338.0,277.0,277.0,0.0,0.0,335.0,335.0,-167.0,-167.0,8432.0,8432.0,139300.0,139300.0,36.0,36.0
31,2012,32.0,32.0,0.0,0.0,3.0,3.0,145.0,145.0,2.0,2.0,0.0,0.0,47.0,47.0,71.0,71.0,150.0,150.0,32103.0,32103.0,141672.0,141672.0,55401.0,55401.0,229176.0,229176.0,65038.0,65038.0,-107.0,-107.0,0.0,0.0,570.0,570.0,-738.0,-738.0,499.0,499.0,0.0,0.0,631.0,631.0,-193.0,-193.0,8763.0,8763.0,144647.0,144647.0,186.0,186.0
31,2013,71.0,71.0,0.0,0.0,4.0,4.0,244.0,244.0,14.0,14.0,0.0,0.0,143.0,143.0,48.0,48.0,262.0,262.0,31037.0,31037.0,153995.0,153995.0,49262.0,49262.0,234294.0,234294.0,72543.0,72543.0,-53.0,-53.0,0.0,0.0,34.0,34.0,-914.0,-914.0,1031.0,1031.0,0.0,0.0,185.0,185.0,19.0,19.0,8914.0,8914.0,161269.0,161269.0,448.0,448.0
31,2014,57.0,57.0,0.0,0.0,14.0,14.0,226.0,226.0,39.0,39.0,0.0,0.0,181.0,181.0,41.0,41.0,279.0,279.0,35111.0,35111.0,176775.0,176775.0,46489.0,46489.0,258375.0,258375.0,68255.0,68255.0,-49.0,-49.0,6.0,6.0,568.0,568.0,-1364.0,-1364.0,839.0,839.0,20.0,20.0,106.0,106.0,12.0,12.0,8983.0,8983.0,151359.0,151359.0,727.0,727.0
31,2015,86.0,86.0,0.0,0.0,59.0,59.0,207.0,207.0,80.0,80.0,0.0,0.0,183.0,183.0,77.0,77.0,346.0,346.0,43001.0,43001.0,210466.0,210466.0,58139.0,58139.0,311606.0,311606.0,64683.0,64683.0,164.0,164.0,85.0,85.0,972.0,972.0,-341.0,-341.0,1328.0,1328.0,119.0,119.0,964.0,964.0,1035.0,1035.0,11146.0,11146.0,143952.0,143952.0,1073.0,1073.0
31,2016,248.0,248.0,0.0,0.0,87.0,87.0,454.0,454.0,184.0,184.0,0.0,0.0,301.0,301.0,176.0,176.0,725.0,725.0,54236.0,54236.0,263856.0,263856.0,89236.0,89236.0,407328.0,407328.0,62761.0,62761.0,525.0,525.0,174.0,174.0,1232.0,1232.0,577.0,577.0,1496.0,1496.0,114.0,114.0,1171.0,1171.0,1897.0,1897.0,14739.0,14739.0,140350.0,140350.0,1798.0,1798.0
31,2017,157.0,157.0,0.0,0.0,170.0,170.0,511.0,511.0,277.0,277.0,0.0,0.0,539.0,539.0,262.0,262.0,958.0,958.0,68342.0,68342.0,308268.0,308268.0,109001.0,109001.0,485611.0,485611.0,62536.0,62536.0,422.0,422.0,259.0,259.0,1204.0,1204.0,383.0,383.0,895.0,895.0,219.0,219.0,1274.0,1274.0,1264.0,1264.0,17699.0,17699.0,139605.0,139605.0,2756.0,2756.0
31,2018,42.0,42.0,0.0,0.0,279.0,279.0,531.0,531.0,430.0,430.0,0.0,0.0,788.0,788.0,410.0,410.0,1240.0,1240.0,84890.0,84890.0,348202.0,348202.0,120794.0,120794.0,553886.0,553886.0,62451.0,62451.0,563.0,563.0,172.0,172.0,937.0,937.0,700.0,700.0,56.0,56.0,260.0,260.0,1089.0,1089.0,473.0,473.0,19824.0,19824.0,139482.0,139482.0,3996.0,3996.0
31,2019,140.0,140.0,1.0,1.0,431.0,431.0,950.0,950.0,526.0,526.0,0.0,0.0,1264.0,1264.0,504.0,504.0,1908.0,1908.0,93527.0,93527.0,394309.0,394309.0,151893.0,151893.0,639729.0,639729.0,63646.0,63646.0,377.0,377.0,-24.0,-24.0,1524.0,1524.0,616.0,616.0,1515.0,1515.0,71.0,71.0,1301.0,1301.0,2024.0,2024.0,23526.0,23526.0,140588.0,140588.0,5904.0,5904.0
31,2020,130.0,130.0,1.0,1.0,584.0,584.0,874.0,874.0,650.0,650.0,0.0,0.0,1359.0,1359.0,620.0,620.0,2109.0,2109.0,103183.0,103183.0,426685.0,426685.0,188903.0,188903.0,718771.0,718771.0,66728.0,66728.0,548.0,548.0,-174.0,-174.0,1006.0,1006.0,972.0,972.0,1686.0,1686.0,24.0,24.0,1151.0,1151.0,1815.0,1815.0,27040.0,27040.0,147154.0,147154.0,8013.0,8013.0
31,2021,159.0,159.0,0.0,0.0,810.0,810.0,955.0,955.0,706.0,706.0,0.0,0.0,1645.0,1645.0,667.0,667.0,2471.0,2471.0,112909.0,112909.0,472931.0,472931.0,213863.0,213863.0,799703.0,799703.0,88935.0,88935.0,381.0,381.0,-164.0,-164.0,867.0,867.0,1784.0,1784.0,548.0,548.0,111.0,111.0,1484.0,1484.0,1281.0,1281.0,30186.0,30186.0,195507.0,195507.0,10484.0,10484.0
31,2022,126.0,126.0,0.0,0.0,741.0,741.0,963.0,963.0,692.0,692.0,5.0,5.0,1610.0,1610.0,665.0,665.0,2401.0,2401.0,110435.0,110435.0,489898.0,489898.0,234899.0,234899.0,835232.0,835232.0,126405.0,126405.0,-42.0,-42.0,-8.0,-8.0,367.0,367.0,225.0,225.0,1306.0,1306.0,-86.0,-86.0,432.0,432.0,1414.0,1414.0,31990.0,31990.0,275252.0,275252.0,12885.0,12885.0
31,2023,172.0,172.0,0.0,0.0,1062.0,1062.0,1173.0,1173.0,784.0,784.0,17.0,17.0,2109.0,2109.0,755.0,755.0,3036.0,3036.0,116610.0,116610.0,529363.0,529363.0,302352.0,302352.0,948325.0,948325.0,89582.0,89582.0,207.0,207.0,100.0,100.0,1580.0,1580.0,1571.0,1571.0,2234.0,2234.0,-184.0,-184.0,1702.0,1702.0,3392.0,3392.0,37291.0,37291.0,193927.0,193927.0,15921.0,15921.0
31,2024,302.0,302.0,0.0,0.0,1472.0,1472.0,1228.0,1228.0,869.0,869.0,100.0,100.0,2529.0,2529.0,838.0,838.0,3669.0,3669.0,130642.0,130642.0,564826.0,564826.0,380907.0,380907.0,1076375.0,1076375.0,77087.0,77087.0,418.0,418.0,128.0,128.0,1589.0,1589.0,1225.0,1225.0,3534.0,3534.0,-41.0,-41.0,1683.0,1683.0,4334.0,4334.0,43726.0,43726.0,167395.0,167395.0,19590.0,19590.0
31,2025,394.0,349.0,3.0,0.0,2034.0,1699.0,1637.0,829.0,1142.0,1130.0,96.0,38.0,3410.0,2228.0,1108.0,1119.0,4912.0,3696.0,143720.0,140440.0,599117.0,554620.0,455278.0,504255.0,1198115.0,1199315.0,77382.0,77062.0,516.0,357.0,137.0,284.0,1601.0,1546.0,1334.0,510.0,2967.0,2877.0,-24.0,-82.0,1618.0,-1160.0,3881.0,5938.0,49741.0,48861.0,167395.0,167395.0,24502.0,23286.0
31,2026,361.0,360.0,2.0,9.0,2594.0,1957.0,1540.0,641.0,1232.0,1206.0,58.0,3.0,3856.0,2112.0,1209.0,1344.0,5426.0,3816.0,156591.0,152683.0,630941.0,548298.0,526420.0,616336.0,1313952.0,1317317.0,77560.0,76028.0,476.0,567.0,184.0,258.0,1836.0,1829.0,808.0,841.0,2931.0,3048.0,-34.0,-4.0,1617.0,-597.0,3632.0,6002.0,55466.0,54833.0,167395.0,167395.0,29928.0,27102.0
31,2027,391.0,437.0,4.0,7.0,3303.0,2382.0,1763.0,629.0,1321.0,1312.0,4.0,5.0,4692.0,2253.0,1312.0,1645.0,6395.0,4335.0,168664.0,160947.0,661394.0,548535.0,594596.0,720508.0,1424654.0,1429990.0,76896.0,75658.0,365.0,314.0,91.0,206.0,1627.0,1290.0,1381.0,1501.0,2783.0,2721.0,-83.0,-19.0,1801.0,26.0,3633.0,5359.0,61265.0,60532.0,167395.0,167395.0,36323.0,31437.0
31,2028,463.0,505.0,10.0,11.0,3943.0,2710.0,1952.0,805.0,1530.0,1569.0,9.0,3.0,5451.0,2414.0,1530.0,2179.0,7444.0,5098.0,180908.0,170142.0,689536.0,548691.0,657609.0,816564.0,1528053.0,1535397.0,78295.0,77430.0,438.0,282.0,116.0,106.0,2156.0,1804.0,1160.0,1212.0,2432.0,2307.0,40.0,65.0,2105.0,499.0,3361.0,4713.0,67169.0,66026.0,167395.0,167395.0,43767.0,36535.0
31,2029,484.0,517.0,26.0,21.0,4698.0,3086.0,1961.0,1059.0,1607.0,1641.0,5.0,7.0,6170.0,2602.0,1643.0,2695.0,8297.0,5814.0,192893.0,178675.0,715161.0,548805.0,717949.0,908760.0,1626003.0,1636240.0,79019.0,77813.0,481.0,45.0,127.0,150.0,2153.0,1341.0,784.0,807.0,1639.0,1906.0,22.0,-23.0,2042.0,86.0,2202.0,4050.0,71894.0,70207.0,167395.0,167395.0,52064.0,42349.0
31,2030,577.0,589.0,39.0,16.0,5408.0,3655.0,2092.0,1412.0,1927.0,1961.0,10.0,1.0,6920.0,2811.0,1979.0,3645.0,9476.0,7045.0,204384.0,186707.0,738347.0,548822.0,775799.0,996595.0,1718530.0,1732124.0,79425.0,78425.0,425.0,432.0,215.0,245.0,2308.0,1260.0,1063.0,1426.0,1442.0,1416.0,-11.0,0.0,2352.0,155.0,2240.0,3760.0,76911.0,74554.0,167395.0,167395.0,61540.0,49394.0
31,2031,698.0,664.0,42.0,23.0,6054.0,4141.0,2340.0,1727.0,2078.0,2089.0,2.0,5.0,7649.0,2885.0,2169.0,4436.0,10516.0,7985.0,215873.0,194017.0,759455.0,548871.0,830846.0,1080038.0,1806174.0,1822926.0,80080.0,79304.0,248.0,224.0,118.0,9.0,2066.0,1285.0,236.0,855.0,1858.0,2073.0,-50.0,-19.0,1790.0,99.0,2190.0,3880.0,81139.0,78757.0,167395.0,167395.0,72056.0,57379.0
31,2032,803.0,743.0,49.0,22.0,6826.0,4617.0,2441.0,1961.0,2092.0,2148.0,6.0,1.0,8398.0,3041.0,2213.0,4965.0,11414.0,8749.0,226524.0,202160.0,778637.0,559368.0,883327.0,1146197.0,1888488.0,1907725.0,80204.0,80670.0,529.0,395.0,133.0,122.0,2093.0,1869.0,886.0,983.0,2044.0,1616.0,50.0,47.0,1984.0,866.0,2693.0,3376.0,86345.0,83394.0,167395.0,167395.0,83470.0,66128.0
31,2033,894.0,768.0,63.0,18.0,7764.0,5302.0,2646.0,2081.0,2191.0,2209.0,13.0,10.0,9406.0,3320.0,2377.0,5532.0,12677.0,9620.0,237028.0,208511.0,795448.0,571259.0,934061.0,1210713.0,1966537.0,1990483.0,79733.0,79405.0,262.0,249.0,52.0,224.0,2529.0,1341.0,834.0,513.0,1289.0,1242.0,32.0,-14.0,2491.0,637.0,1983.0,2420.0,91081.0,86700.0,167395.0,167395.0,96147.0,75748.0
31,2034,950.0,751.0,96.0,27.0,8317.0,5891.0,2853.0,2236.0,2567.0,2602.0,9.0,6.0,10101.0,3636.0,2791.0,6375.0,13842.0,10762.0,246725.0,213962.0,809675.0,582874.0,984638.0,1272141.0,2041038.0,2068977.0,79260.0,79979.0,576.0,143.0,258.0,98.0,2328.0,1642.0,1124.0,734.0,331.0,1201.0,-20.0,15.0,2378.0,694.0,1067.0,2853.0,95102.0,90390.0,167395.0,167395.0,109989.0,86510.0
31,2035,1160.0,838.0,166.0,30.0,8918.0,6404.0,3415.0,2396.0,2566.0,2545.0,17.0,3.0,11030.0,3756.0,2892.0,6784.0,15082.0,11378.0,256185.0,219757.0,821521.0,593461.0,1033488.0,1332490.0,2111194.0,2145708.0,79122.0,79383.0,246.0,249.0,56.0,150.0,2112.0,1578.0,813.0,185.0,1497.0,467.0,5.0,-21.0,2291.0,441.0,1946.0,1669.0,99585.0,92749.0,167395.0,167395.0,125071.0,97888.0
31,2036,1290.0,949.0,185.0,36.0,9573.0,7027.0,3541.0,2682.0,2534.0,2615.0,8.0,4.0,11627.0,3983.0,2924.0,7432.0,15841.0,12364.0,265361.0,225724.0,831205.0,602827.0,1080981.0,1389445.0,2177547.0,2217996.0,79107.0,80262.0,579.0,347.0,194.0,158.0,1846.0,1614.0,1011.0,693.0,765.0,1102.0,2.0,-3.0,2057.0,683.0,1182.0,2534.0,103403.0,96313.0,167395.0,167395.0,140912.0,110252.0
31,2037,1358.0,982.0,222.0,43.0,9789.0,7636.0,3918.0,2811.0,2734.0,2783.0,16.0,6.0,12129.0,4339.0,3192.0,7958.0,16679.0,13279.0,274307.0,231693.0,838676.0,613792.0,1126213.0,1440535.0,2239196.0,2286020.0,80218.0,82192.0,323.0,50.0,102.0,110.0,2102.0,1251.0,598.0,386.0,817.0,584.0,-26.0,3.0,2195.0,572.0,1075.0,1712.0,106996.0,98647.0,167395.0,167395.0,157591.0,123531.0
31,2038,1560.0,1043.0,287.0,58.0,9727.0,8158.0,3821.0,2889.0,2933.0,2869.0,16.0,5.0,11812.0,4629.0,3412.0,8307.0,16784.0,13979.0,282298.0,236523.0,844346.0,626718.0,1169087.0,1487314.0,2295731.0,2350555.0,81477.0,82702.0,517.0,551.0,165.0,142.0,1563.0,1200.0,1056.0,217.0,1070.0,1443.0,1.0,-23.0,1716.0,587.0,1622.0,1841.0,110851.0,101626.0,167395.0,167395.0,174375.0,137510.0
31,2039,1637.0,1078.0,285.0,52.0,9910.0,8777.0,4144.0,3139.0,2956.0,2913.0,12.0,6.0,12124.0,5037.0,3546.0,8772.0,17307.0,14887.0,289815.0,241283.0,848884.0,638646.0,1210736.0,1531001.0,2349435.0,2410930.0,81332.0,82964.0,563.0,118.0,181.0,148.0,1255.0,1765.0,560.0,801.0,915.0,1146.0,65.0,38.0,965.0,1282.0,1448.0,2498.0,113827.0,105524.0,167395.0,167395.0,191682.0,152397.0
31,2040,1745.0,1174.0,364.0,71.0,9899.0,9017.0,4315.0,3283.0,3104.0,3043.0,21.0,2.0,12257.0,5195.0,3701.0,9047.0,17703.0,15416.0,297247.0,245995.0,852118.0,650523.0,1250084.0,1572228.0,2399449.0,2468746.0,81795.0,83757.0,153.0,34.0,107.0,106.0,1222.0,555.0,563.0,273.0,1353.0,815.0,-18.0,17.0,1656.0,442.0,1418.0,1290.0,117054.0,107290.0,167395.0,167395.0,209385.0,167813.0
32,2009,0.0,0.0,0.0,0.0,0.0,0.0,0.0,0.0,0.0,0.0,0.0,0.0,0.0,0.0,0.0,0.0,0.0,0.0,38450.0,38450.0,93416.0,93416.0,73426.0,73426.0,205292.0,205292.0,63848.0,63848.0,1692.0,1692.0,0.0,0.0,562.0,562.0,7708.0,7708.0,0.0,0.0,0.0,0.0,2619.0,2619.0,3959.0,3959.0,8270.0,8270.0,140986.0,140986.0,0.0,0.0
32,2010,0.0,0.0,0.0,0.0,0.0,0.0,0.0,0.0,0.0,0.0,0.0,0.0,0.0,0.0,0.0,0.0,0.0,0.0,35994.0,35994.0,106654.0,106654.0,66714.0,66714.0,209362.0,209362.0,68195.0,68195.0,16.0,16.0,0.0,0.0,173.0,173.0,-120.0,-120.0,88.0,88.0,0.0,0.0,328.0,328.0,-203.0,-203.0,8411.0,8411.0,150263.0,150263.0,0.0,0.0
32,2011,0.0,0.0,0.0,0.0,0.0,0.0,29.0,29.0,0.0,0.0,0.0,0.0,1.0,1.0,28.0,28.0,29.0,29.0,32648.0,32648.0,125249.0,125249.0,63340.0,63340.0,221237.0,221237.0,63622.0,63622.0,-113.0,-113.0,0.0,0.0,396.0,396.0,-705.0,-705.0,331.0,331.0,0.0,0.0,375.0,375.0,-240.0,-240.0,8433.0,8433.0,139300.0,139300.0,29.0,29.0
32,2012,38.0,38.0,0.0,0.0,0.0,0.0,146.0,146.0,1.0,1.0,0.0,0.0,42.0,42.0,67.0,67.0,147.0,147.0,32011.0,32011.0,141154.0,141154.0,55739.0,55739.0,228904.0,228904.0,65359.0,65359.0,-3.0,-3.0,0.0,0.0,458.0,458.0,-617.0,-617.0,423.0,423.0,0.0,0.0,538.0,538.0,-271.0,-271.0,8697.0,8697.0,144647.0,144647.0,176.0,176.0
32,2013,58.0,58.0,0.0,0.0,7.0,7.0,240.0,240.0,10.0,10.0,0.0,0.0,156.0,156.0,43.0,43.0,257.0,257.0,30751.0,30751.0,153556.0,153556.0,49465.0,49465.0,233772.0,233772.0,72729.0,72729.0,-57.0,-57.0,0.0,0.0,207.0,207.0,-1017.0,-1017.0,1091.0,1091.0,0.0,0.0,285.0,285.0,53.0,53.0,8978.0,8978.0,161269.0,161269.0,433.0,433.0
32,2014,54.0,54.0,0.0,0.0,25.0,25.0,208.0,208.0,32.0,32.0,0.0,0.0,179.0,179.0,32.0,32.0,265.0,265.0,34921.0,34921.0,176208.0,176208.0,46675.0,46675.0,257804.0,257804.0,68202.0,68202.0,-32.0,-32.0,5.0,5.0,566.0,566.0,-1263.0,-1263.0,777.0,777.0,22.0,22.0,136.0,136.0,3.0,3.0,9085.0,9085.0,151359.0,151359.0,698.0,698.0
32,2015,87.0,87.0,0.0,0.0,49.0,49.0,214.0,214.0,85.0,85.0,0.0,0.0,178.0,178.0,83.0,83.0,348.0,348.0,42827.0,42827.0,210073.0,210073.0,58564.0,58564.0,311464.0,311464.0,64193.0,64193.0,178.0,178.0,81.0,81.0,836.0,836.0,-303.0,-303.0,1384.0,1384.0,124.0,124.0,879.0,879.0,1065.0,1065.0,11207.0,11207.0,143952.0,143952.0,1046.0,1046.0
32,2016,209.0,209.0,0.0,0.0,99.0,99.0,438.0,438.0,180.0,180.0,0.0,0.0,338.0,338.0,170.0,170.0,717.0,717.0,54164.0,54164.0,263510.0,263510.0,89512.0,89512.0,407186.0,407186.0,62966.0,62966.0,378.0,378.0,180.0,180.0,1278.0,1278.0,354.0,354.0,1416.0,1416.0,99.0,99.0,1166.0,1166.0,1783.0,1783.0,14534.0,14534.0,140350.0,140350.0,1763.0,1763.0
32,2017,144.0,144.0,0.0,0.0,169.0,169.0,508.0,508.0,288.0,288.0,0.0,0.0,547.0,547.0,274.0,274.0,965.0,965.0,68122.0,68122.0,307690.0,307690.0,109583.0,109583.0,485395.0,485395.0,62789.0,62789.0,546.0,546.0,242.0,242.0,1171.0,1171.0,440.0,440.0,951.0,951.0,182.0,182.0,1129.0,1129.0,1311.0,1311.0,17520.0,17520.0,139605.0,139605.0,2728.0,2728.0
32,2018,45.0,45.0,0.0,0.0,258.0,258.0,506.0,506.0,399.0,399.0,0.0,0.0,755.0,755.0,363.0,363.0,1163.0,1163.0,84699.0,84699.0,347239.0,347239.0,121451.0,121451.0,553389.0,553389.0,62446.0,62446.0,587.0,587.0,148.0,148.0,1098.0,1098.0,813.0,813.0,198.0,198.0,333.0,333.0,1295.0,1295.0,708.0,708.0,20110.0,20110.0,139482.0,139482.0,3891.0,3891.0
32,2019,128.0,128.0,0.0,0.0,421.0,421.0,862.0,862.0,534.0,534.0,0.0,0.0,1175.0,1175.0,514.0,514.0,1817.0,1817.0,93156.0,93156.0,392763.0,392763.0,153701.0,153701.0,639620.0,639620.0,63600.0,63600.0,400.0,400.0,34.0,34.0,1233.0,1233.0,659.0,659.0,1091.0,1091.0,57.0,57.0,1111.0,1111.0,1563.0,1563.0,23184.0,23184.0,140588.0,140588.0,5708.0,5708.0
32,2020,141.0,141.0,0.0,0.0,658.0,658.0,874.0,874.0,684.0,684.0,0.0,0.0,1421.0,1421.0,654.0,654.0,2216.0,2216.0,102803.0,102803.0,425294.0,425294.0,190455.0,190455.0,718552.0,718552.0,66622.0,66622.0,357.0,357.0,-172.0,-172.0,1349.0,1349.0,821.0,821.0,2058.0,2058.0,16.0,16.0,1396.0,1396.0,2319.0,2319.0,27256.0,27256.0,147154.0,147154.0,7924.0,7924.0
32,2021,159.0,159.0,0.0,0.0,745.0,745.0,948.0,948.0,734.0,734.0,0.0,0.0,1570.0,1570.0,698.0,698.0,2427.0,2427.0,112436.0,112436.0,471817.0,471817.0,215213.0,215213.0,799466.0,799466.0,88852.0,88852.0,559.0,559.0,-144.0,-144.0,758.0,758.0,1861.0,1861.0,479.0,479.0,77.0,77.0,1399.0,1399.0,1073.0,1073.0,30287.0,30287.0,195507.0,195507.0,10351.0,10351.0
32,2022,124.0,124.0,0.0,0.0,803.0,803.0,869.0,869.0,695.0,695.0,2.0,2.0,1579.0,1579.0,666.0,666.0,2369.0,2369.0,109734.0,109734.0,488147.0,488147.0,236983.0,236983.0,834864.0,834864.0,126503.0,126503.0,-175.0,-175.0,-60.0,-60.0,321.0,321.0,506.0,506.0,1081.0,1081.0,-112.0,-112.0,631.0,631.0,1280.0,1280.0,32023.0,32023.0,275252.0,275252.0,12720.0,12720.0
32,2023,165.0,165.0,0.0,0.0,1121.0,1121.0,1115.0,1115.0,773.0,773.0,16.0,16.0,2110.0,2110.0,750.0,750.0,3025.0,3025.0,116211.0,116211.0,527641.0,527641.0,304292.0,304292.0,948144.0,948144.0,89361.0,89361.0,233.0,233.0,151.0,151.0,1438.0,1438.0,1182.0,1182.0,2670.0,2670.0,-139.0,-139.0,1412.0,1412.0,3657.0,3657.0,37325.0,37325.0,193927.0,193927.0,15745.0,15745.0
32,2024,321.0,321.0,0.0,0.0,1447.0,1447.0,1273.0,1273.0,908.0,908.0,100.0,100.0,2515.0,2515.0,892.0,892.0,3728.0,3728.0,130353.0,130353.0,562733.0,562733.0,383426.0,383426.0,1076512.0,1076512.0,76993.0,76993.0,473.0,473.0,114.0,114.0,1470.0,1470.0,1224.0,1224.0,3357.0,3357.0,12.0,12.0,1523.0,1523.0,4181.0,4181.0,43502.0,43502.0,167395.0,167395.0,19473.0,19473.0
32,2025,398.0,353.0,3.0,0.0,2109.0,1770.0,1574.0,833.0,1108.0,1088.0,100.0,35.0,3409.0,2283.0,1087.0,1090.0,4894.0,3726.0,143333.0,140051.0,596565.0,552195.0,458579.0,507265.0,1198477.0,1199511.0,77035.0,76655.0,635.0,460.0,121.0,260.0,1883.0,1986.0,1520.0,772.0,2898.0,2799.0,-61.0,-110.0,1829.0,-989.0,3897.0,6236.0,49863.0,49209.0,167395.0,167395.0,24367.0,23199.0
32,2026,387.0,373.0,6.0,10.0,2655.0,1958.0,1573.0,655.0,1217.0,1217.0,43.0,2.0,3907.0,2115.0,1200.0,1354.0,5494.0,3842.0,156098.0,151991.0,628594.0,546084.0,529214.0,619597.0,1313906.0,1317672.0,77815.0,76076.0,125.0,285.0,159.0,226.0,1639.0,1509.0,947.0,748.0,3064.0,2991.0,-53.0,-57.0,1708.0,-699.0,3923.0,5831.0,55619.0,54626.0,167395.0,167395.0,29861.0,27041.0
32,2027,371.0,419.0,4.0,11.0,3274.0,2352.0,1756.0,579.0,1314.0,1316.0,2.0,2.0,4666.0,2174.0,1313.0,1667.0,6350.0,4260.0,168831.0,161102.0,659081.0,546044.0,597016.0,723288.0,1424928.0,1430434.0,76649.0,75505.0,398.0,369.0,62.0,188.0,1844.0,1752.0,1219.0,1400.0,2492.0,2625.0,-44.0,5.0,1723.0,230.0,3452.0,5371.0,61192.0,60596.0,167395.0,167395.0,36211.0,31301.0
32,2028,477.0,491.0,7.0,12.0,3842.0,2576.0,1911.0,825.0,1458.0,1446.0,5.0,5.0,5254.0,2238.0,1492.0,2135.0,7223.0,4864.0,181199.0,170125.0,687003.0,546058.0,660116.0,819732.0,1528318.0,1535915.0,78401.0,77599.0,546.0,159.0,123.0,208.0,2149.0,1366.0,1036.0,1087.0,2606.0,2492.0,-34.0,34.0,1984.0,280.0,3350.0,4748.0,67072.0,65783.0,167395.0,167395.0,43434.0,36165.0
32,2029,523.0,544.0,27.0,23.0,4598.0,3170.0,2034.0,1073.0,1681.0,1716.0,7.0,4.0,6090.0,2631.0,1734.0,2811.0,8347.0,5986.0,193092.0,178972.0,712570.0,546194.0,720446.0,911919.0,1626108.0,1637085.0,79038.0,77568.0,616.0,407.0,226.0,63.0,2045.0,1108.0,966.0,1235.0,1732.0,1934.0,-6.0,2.0,1924.0,46.0,2423.0,3889.0,72035.0,70125.0,167395.0,167395.0,51781.0,42151.0
32,2030,543.0,578.0,37.0,16.0,5443.0,3641.0,2103.0,1385.0,2014.0,2028.0,7.0,7.0,6954.0,2768.0,2107.0,3731.0,9604.0,7077.0,204677.0,187157.0,736264.0,546369.0,777371.0,998455.0,1718312.0,1731981.0,79458.0,78760.0,481.0,247.0,143.0,184.0,2359.0,1808.0,1106.0,1284.0,1490.0,1807.0,68.0,-1.0,2365.0,284.0,2320.0,4551.0,77201.0,75207.0,167395.0,167395.0,61385.0,49228.0
32,2031,699.0,661.0,50.0,21.0,6187.0,4130.0,2286.0,1739.0,2013.0,2030.0,8.0,2.0,7727.0,2877.0,2118.0,4384.0,10544.0,7922.0,216125.0,194295.0,757994.0,547096.0,831830.0,1081391.0,1805949.0,1822782.0,79943.0,79204.0,97.0,325.0,121.0,128.0,1831.0,1315.0,307.0,781.0,1852.0,1420.0,-29.0,7.0,1729.0,177.0,2256.0,3149.0,81283.0,78858.0,167395.0,167395.0,71929.0,57150.0
32,2032,853.0,733.0,48.0,20.0,6958.0,4665.0,2475.0,2022.0,2234.0,2236.0,13.0,7.0,8491.0,3074.0,2384.0,5143.0,11728.0,8950.0,226893.0,202162.0,777318.0,558501.0,884074.0,1146883.0,1888285.0,1907546.0,79962.0,80835.0,402.0,331.0,150.0,172.0,2684.0,1982.0,625.0,651.0,1802.0,1571.0,21.0,30.0,2437.0,750.0,2443.0,3325.0,86565.0,83264.0,167395.0,167395.0,83657.0,66100.0
32,2033,913.0,756.0,76.0,22.0,7571.0,5216.0,2674.0,2007.0,2279.0,2242.0,11.0,8.0,9242.0,3288.0,2456.0,5451.0,12611.0,9495.0,237462.0,209143.0,794240.0,570466.0,935044.0,1211248.0,1966746.0,1990857.0,79838.0,79512.0,460.0,127.0,84.0,134.0,2043.0,816.0,943.0,496.0,937.0,1371.0,-8.0,-41.0,2075.0,467.0,1464.0,2182.0,90564.0,86040.0,167395.0,167395.0,96268.0,75595.0
32,2034,1068.0,823.0,107.0,43.0,8302.0,5842.0,2985.0,2264.0,2515.0,2548.0,12.0,7.0,10074.0,3471.0,2779.0,6410.0,13921.0,10704.0,247432.0,214509.0,808524.0,582330.0,985445.0,1273064.0,2041401.0,2069903.0,79161.0,79937.0,407.0,342.0,148.0,149.0,2229.0,1662.0,1041.0,865.0,1055.0,1096.0,10.0,68.0,2466.0,611.0,1610.0,2887.0,95047.0,89880.0,167395.0,167395.0,110189.0,86299.0
32,2035,1123.0,818.0,145.0,31.0,8936.0,6629.0,3286.0,2411.0,2575.0,2510.0,12.0,5.0,10953.0,3867.0,2878.0,6901.0,14954.0,11586.0,256839.0,220380.0,820968.0,593070.0,1033903.0,1332582.0,2111710.0,2146032.0,79014.0,79469.0,539.0,190.0,161.0,162.0,2247.0,1816.0,648.0,448.0,1419.0,1014.0,18.0,-55.0,2183.0,865.0,1771.0,2330.0,99540.0,93265.0,167395.0,167395.0,125143.0,97885.0
32,2036,1257.0,930.0,189.0,41.0,9305.0,6999.0,3356.0,2640.0,2688.0,2615.0,9.0,3.0,11269.0,3956.0,3021.0,7412.0,15547.0,12298.0,265964.0,226401.0,831342.0,602862.0,1080946.0,1389084.0,2178252.0,2218347.0,79151.0,80232.0,431.0,400.0,142.0,216.0,1725.0,787.0,999.0,831.0,778.0,1161.0,-14.0,56.0,2001.0,346.0,1198.0,2305.0,103170.0,96316.0,167395.0,167395.0,140690.0,110183.0
32,2037,1383.0,968.0,236.0,42.0,9748.0,7675.0,3840.0,2816.0,2720.0,2693.0,12.0,7.0,12008.0,4341.0,3165.0,7924.0,16556.0,13233.0,274680.0,231963.0,839007.0,614251.0,1125653.0,1439457.0,2239340.0,2285671.0,80347.0,82363.0,443.0,174.0,129.0,38.0,2321.0,1903.0,788.0,30.0,1005.0,861.0,15.0,28.0,2398.0,823.0,1417.0,1863.0,107428.0,99176.0,167395.0,167395.0,157246.0,123416.0
32,2038,1474.0,1047.0,273.0,66.0,9568.0,8003.0,3790.0,2906.0,2678.0,2821.0,16.0,10.0,11709.0,4522.0,3142.0,8237.0,16325.0,13806.0,282638.0,236984.0,844893.0,627456.0,1167908.0,1485352.0,2295439.0,2349792.0,81256.0,82694.0,428.0,142.0,93.0,-28.0,1702.0,1434.0,1287.0,685.0,983.0,838.0,15.0,-57.0,1960.0,830.0,1692.0,1900.0,111508.0,102048.0,167395.0,167395.0,173571.0,137222.0
32,2039,1533.0,1055.0,322.0,61.0,9894.0,8672.0,4016.0,3030.0,2792.0,2916.0,19.0,6.0,12184.0,4894.0,3326.0,8736.0,17043.0,14685.0,290506.0,242010.0,848934.0,639389.0,1208570.0,1528946.0,2348010.0,2410345.0,81368.0,83243.0,500.0,333.0,271.0,234.0,1357.0,1756.0,845.0,97.0,943.0,899.0,0.0,33.0,1677.0,1340.0,1239.0,1346.0,114924.0,105067.0,167395.0,167395.0,190614.0,151907.0
32,2040,1728.0,1132.0,340.0,69.0,9968.0,9098.0,4291.0,3182.0,3121.0,3158.0,14.0,7.0,12268.0,5204.0,3738.0,9178.0,17734.0,15514.0,298039.0,246744.0,851786.0,650298.0,1248380.0,1570430.0,2398205.0,2467472.0,81730.0,83778.0,180.0,96.0,11.0,127.0,1136.0,1074.0,-27.0,810.0,907.0,877.0,-13.0,3.0,757.0,880.0,1077.0,1915.0,116938.0,107958.0,167395.0,167395.0,208348.0,167421.0
33,2009,0.0,0.0,0.0,0.0,0.0,0.0,0.0,0.0,0.0,0.0,0.0,0.0,0.0,0.0,0.0,0.0,0.0,0.0,38124.0,38124.0,93819.0,93819.0,73353.0,73353.0,205296.0,205296.0,63693.0,63693.0,1658.0,1658.0,0.0,0.0,556.0,556.0,7864.0,7864.0,1.0,1.0,0.0,0.0,2727.0,2727.0,4036.0,4036.0,8421.0,8421.0,140986.0,140986.0,0.0,0.0
33,2010,0.0,0.0,0.0,0.0,0.0,0.0,0.0,0.0,0.0,0.0,0.0,0.0,0.0,0.0,0.0,0.0,0.0,0.0,35723.0,35723.0,107302.0,107302.0,66590.0,66590.0,209615.0,209615.0,68117.0,68117.0,2.0,2.0,0.0,0.0,236.0,236.0,-503.0,-503.0,86.0,86.0,0.0,0.0,165.0,165.0,-348.0,-348.0,8240.0,8240.0,150263.0,150263.0,0.0,0.0
33,2011,0.0,0.0,0.0,0.0,0.0,0.0,33.0,33.0,0.0,0.0,0.0,0.0,1.0,1.0,32.0,32.0,33.0,33.0,32499.0,32499.0,125881.0,125881.0,62969.0,62969.0,221349.0,221349.0,63658.0,63658.0,-97.0,-97.0,0.0,0.0,418.0,418.0,-382.0,-382.0,262.0,262.0,0.0,0.0,591.0,591.0,-196.0,-196.0,8538.0,8538.0,139300.0,139300.0,33.0,33.0
33,2012,33.0,33.0,0.0,0.0,1.0,1.0,132.0,132.0,2.0,2.0,0.0,0.0,35.0,35.0,67.0,67.0,135.0,135.0,31673.0,31673.0,141793.0,141793.0,55670.0,55670.0,229136.0,229136.0,65268.0,65268.0,52.0,52.0,0.0,0.0,417.0,417.0,-812.0,-812.0,525.0,525.0,0.0,0.0,309.0,309.0,-231.0,-231.0,8668.0,8668.0,144647.0,144647.0,168.0,168.0
33,2013,57.0,57.0,0.0,0.0,2.0,2.0,253.0,253.0,10.0,10.0,0.0,0.0,172.0,172.0,36.0,36.0,265.0,265.0,30463.0,30463.0,154358.0,154358.0,49563.0,49563.0,234384.0,234384.0,72447.0,72447.0,-176.0,-176.0,0.0,0.0,187.0,187.0,-1050.0,-1050.0,1075.0,1075.0,0.0,0.0,368.0,368.0,20.0,20.0,8880.0,8880.0,161269.0,161269.0,433.0,433.0
33,2014,59.0,59.0,0.0,0.0,18.0,18.0,225.0,225.0,40.0,40.0,0.0,0.0,185.0,185.0,39.0,39.0,283.0,283.0,34487.0,34487.0,177226.0,177226.0,46655.0,46655.0,258368.0,258368.0,68295.0,68295.0,28.0,28.0,2.0,2.0,453.0,453.0,-1165.0,-1165.0,852.0,852.0,18.0,18.0,42.0,42.0,90.0,90.0,9040.0,9040.0,151359.0,151359.0,716.0,716.0
33,2015,86.0,86.0,0.0,0.0,66.0,66.0,195.0,195.0,93.0,93.0,0.0,0.0,183.0,183.0,85.0,85.0,354.0,354.0,42417.0,42417.0,210934.0,210934.0,58508.0,58508.0,311859.0,311859.0,64467.0,64467.0,202.0,202.0,87.0,87.0,846.0,846.0,-279.0,-279.0,1305.0,1305.0,103.0,103.0,855.0,855.0,1005.0,1005.0,11102.0,11102.0,143952.0,143952.0,1070.0,1070.0
33,2016,223.0,223.0,0.0,0.0,91.0,91.0,446.0,446.0,162.0,162.0,0.0,0.0,324.0,324.0,152.0,152.0,699.0,699.0,53724.0,53724.0,264428.0,264428.0,89350.0,89350.0,407502.0,407502.0,62827.0,62827.0,386.0,386.0,195.0,195.0,1492.0,1492.0,410.0,410.0,1457.0,1457.0,96.0,96.0,1376.0,1376.0,1888.0,1888.0,14752.0,14752.0,140350.0,140350.0,1769.0,1769.0
33,2017,118.0,118.0,0.0,0.0,155.0,155.0,475.0,475.0,256.0,256.0,0.0,0.0,522.0,522.0,246.0,246.0,886.0,886.0,67715.0,67715.0,308521.0,308521.0,109752.0,109752.0,485988.0,485988.0,62559.0,62559.0,485.0,485.0,219.0,219.0,859.0,859.0,575.0,575.0,801.0,801.0,267.0,267.0,1132.0,1132.0,1104.0,1104.0,17473.0,17473.0,139605.0,139605.0,2655.0,2655.0
33,2018,33.0,33.0,0.0,0.0,253.0,253.0,504.0,504.0,380.0,380.0,0.0,0.0,742.0,742.0,362.0,362.0,1137.0,1137.0,84345.0,84345.0,348362.0,348362.0,121393.0,121393.0,554100.0,554100.0,62529.0,62529.0,530.0,530.0,161.0,161.0,1172.0,1172.0,643.0,643.0,213.0,213.0,247.0,247.0,1100.0,1100.0,806.0,806.0,19909.0,19909.0,139482.0,139482.0,3792.0,3792.0
33,2019,137.0,137.0,0.0,0.0,421.0,421.0,846.0,846.0,506.0,506.0,0.0,0.0,1155.0,1155.0,481.0,481.0,1773.0,1773.0,92917.0,92917.0,393865.0,393865.0,153255.0,153255.0,640037.0,640037.0,63615.0,63615.0,502.0,502.0,-18.0,-18.0,1640.0,1640.0,695.0,695.0,1203.0,1203.0,34.0,34.0,1387.0,1387.0,1665.0,1665.0,23463.0,23463.0,140588.0,140588.0,5565.0,5565.0
33,2020,124.0,124.0,2.0,2.0,623.0,623.0,862.0,862.0,688.0,688.0,0.0,0.0,1402.0,1402.0,649.0,649.0,2175.0,2175.0,102821.0,102821.0,426078.0,426078.0,190391.0,190391.0,719290.0,719290.0,66631.0,66631.0,222.0,222.0,-185.0,-185.0,865.0,865.0,776.0,776.0,1958.0,1958.0,49.0,49.0,1148.0,1148.0,2093.0,2093.0,26926.0,26926.0,147154.0,147154.0,7740.0,7740.0
33,2021,160.0,160.0,0.0,0.0,733.0,733.0,981.0,981.0,692.0,692.0,0.0,0.0,1582.0,1582.0,664.0,664.0,2406.0,2406.0,112568.0,112568.0,472006.0,472006.0,215525.0,215525.0,800099.0,800099.0,89044.0,89044.0,728.0,728.0,-120.0,-120.0,1073.0,1073.0,1821.0,1821.0,356.0,356.0,144.0,144.0,1512.0,1512.0,1034.0,1034.0,30200.0,30200.0,195507.0,195507.0,10146.0,10146.0
33,2022,134.0,134.0,0.0,0.0,729.0,729.0,924.0,924.0,681.0,681.0,3.0,3.0,1550.0,1550.0,653.0,653.0,2337.0,2337.0,110043.0,110043.0,489009.0,489009.0,236603.0,236603.0,835655.0,835655.0,126414.0,126414.0,-186.0,-186.0,-22.0,-22.0,201.0,201.0,424.0,424.0,1305.0,1305.0,-154.0,-154.0,551.0,551.0,1389.0,1389.0,31954.0,31954.0,275252.0,275252.0,12483.0,12483.0
33,2023,160.0,160.0,0.0,0.0,1034.0,1034.0,1110.0,1110.0,797.0,797.0,16.0,16.0,2035.0,2035.0,762.0,762.0,2957.0,2957.0,116169.0,116169.0,528401.0,528401.0,303826.0,303826.0,948396.0,948396.0,89316.0,89316.0,313.0,313.0,99.0,99.0,1670.0,1670.0,1371.0,1371.0,2897.0,2897.0,-82.0,-82.0,1574.0,1574.0,4068.0,4068.0,37909.0,37909.0,193927.0,193927.0,15440.0,15440.0
33,2024,311.0,311.0,0.0,0.0,1540.0,1540.0,1232.0,1232.0,908.0,908.0,92.0,92.0,2584.0,2584.0,877.0,877.0,3772.0,3772.0,130225.0,130225.0,563593.0,563593.0,382663.0,382663.0,1076481.0,1076481.0,76877.0,76877.0,347.0,347.0,142.0,142.0,1395.0,1395.0,1274.0,1274.0,3193.0,3193.0,-12.0,-12.0,1601.0,1601.0,4044.0,4044.0,43901.0,43901.0,167395.0,167395.0,19212.0,19212.0
33,2025,350.0,313.0,3.0,0.0,2092.0,1744.0,1567.0,839.0,1112.0,1125.0,107.0,42.0,3451.0,2330.0,1080.0,1107.0,4881.0,3750.0,143633.0,140064.0,597487.0,552811.0,457423.0,506500.0,1198543.0,1199375.0,76827.0,76921.0,536.0,501.0,171.0,360.0,1588.0,1594.0,1615.0,706.0,2795.0,2648.0,-96.0,-161.0,1718.0,-1153.0,3819.0,5799.0,49974.0,49048.0,167395.0,167395.0,24093.0,22962.0
33,2026,354.0,350.0,5.0,7.0,2667.0,2042.0,1572.0,673.0,1200.0,1196.0,56.0,2.0,3953.0,2205.0,1193.0,1365.0,5500.0,3920.0,156784.0,152321.0,629853.0,547113.0,527948.0,618163.0,1314585.0,1317597.0,77689.0,75958.0,298.0,300.0,87.0,176.0,1636.0,1526.0,577.0,804.0,2942.0,3160.0,-84.0,-31.0,1276.0,-778.0,3584.0,6113.0,55132.0,54683.0,167395.0,167395.0,29593.0,26882.0
33,2027,386.0,426.0,11.0,4.0,3295.0,2456.0,1728.0,620.0,1363.0,1426.0,7.0,3.0,4655.0,2289.0,1363.0,1794.0,6404.0,4509.0,168902.0,160942.0,659945.0,546960.0,596202.0,722432.0,1425049.0,1430334.0,76800.0,75496.0,610.0,306.0,210.0,188.0,2178.0,1867.0,1330.0,1270.0,2767.0,2600.0,-18.0,22.0,2310.0,374.0,3547.0,5267.0,61599.0,60630.0,167395.0,167395.0,35997.0,31391.0
33,2028,499.0,537.0,10.0,14.0,3951.0,2694.0,1919.0,887.0,1554.0,1561.0,9.0,4.0,5365.0,2337.0,1579.0,2286.0,7443.0,5160.0,180938.0,169644.0,688348.0,547516.0,659443.0,819088.0,1528729.0,1536248.0,78503.0,77470.0,264.0,367.0,37.0,162.0,1890.0,1171.0,986.0,1013.0,2193.0,2455.0,-25.0,48.0,1747.0,-60.0,3070.0,4542.0,66680.0,65479.0,167395.0,167395.0,43440.0,36551.0
33,2029,510.0,549.0,26.0,16.0,4668.0,3194.0,2082.0,1104.0,1647.0,1660.0,5.0,5.0,6215.0,2592.0,1703.0,2838.0,8428.0,5979.0,192772.0,178246.0,714318.0,547993.0,719160.0,910733.0,1626250.0,1636972.0,79110.0,77648.0,504.0,351.0,175.0,46.0,2013.0,1809.0,985.0,1253.0,2345.0,1926.0,34.0,-22.0,2100.0,484.0,2948.0,4177.0,72232.0,70491.0,167395.0,167395.0,51868.0,42530.0
33,2030,557.0,583.0,34.0,20.0,5385.0,3610.0,2178.0,1350.0,1964.0,1933.0,8.0,4.0,6970.0,2730.0,2042.0,3604.0,9569.0,6917.0,204438.0,186514.0,737912.0,547626.0,776441.0,997870.0,1718791.0,1732010.0,79686.0,78679.0,444.0,268.0,161.0,186.0,2212.0,1514.0,798.0,1165.0,1218.0,1765.0,15.0,25.0,1852.0,375.0,2108.0,4012.0,76636.0,75146.0,167395.0,167395.0,61437.0,49447.0
33,2031,726.0,645.0,50.0,15.0,6122.0,4068.0,2353.0,1783.0,2069.0,2046.0,5.0,5.0,7675.0,2863.0,2198.0,4409.0,10599.0,7917.0,215768.0,193764.0,759021.0,547492.0,830959.0,1080726.0,1805748.0,1821982.0,80126.0,79219.0,332.0,275.0,138.0,202.0,2542.0,1432.0,585.0,1068.0,1929.0,1823.0,-50.0,1.0,2467.0,147.0,2345.0,4104.0,81780.0,79672.0,167395.0,167395.0,72036.0,57364.0
33,2032,808.0,716.0,65.0,15.0,6854.0,4628.0,2512.0,1902.0,2185.0,2206.0,11.0,10.0,8517.0,3086.0,2302.0,4959.0,11627.0,8761.0,226698.0,202103.0,778337.0,558459.0,883324.0,1146543.0,1888359.0,1907105.0,80112.0,80661.0,481.0,322.0,132.0,155.0,1924.0,1346.0,914.0,762.0,1329.0,1180.0,61.0,-36.0,1620.0,486.0,2259.0,2599.0,86140.0,83079.0,167395.0,167395.0,83663.0,66125.0
33,2033,874.0,765.0,69.0,25.0,7635.0,5213.0,2644.0,2107.0,2274.0,2297.0,8.0,4.0,9281.0,3270.0,2475.0,5611.0,12630.0,9646.0,237178.0,208956.0,795421.0,570206.0,934183.0,1210552.0,1966782.0,1989714.0,79580.0,79368.0,546.0,231.0,168.0,143.0,2230.0,1683.0,733.0,603.0,1608.0,1377.0,-19.0,1.0,2306.0,693.0,1868.0,2883.0,90860.0,86886.0,167395.0,167395.0,96293.0,75771.0
33,2034,1014.0,814.0,109.0,38.0,8109.0,5839.0,2983.0,2304.0,2529.0,2474.0,19.0,4.0,9944.0,3545.0,2791.0,6300.0,13749.0,10659.0,247162.0,214499.0,809809.0,582079.0,984398.0,1272288.0,2041369.0,2068866.0,79151.0,79943.0,343.0,174.0,34.0,101.0,2629.0,1404.0,910.0,469.0,638.0,868.0,54.0,40.0,2652.0,740.0,1270.0,1968.0,95125.0,89768.0,167395.0,167395.0,110042.0,86430.0
33,2035,1134.0,912.0,150.0,37.0,9037.0,6472.0,3356.0,2484.0,2498.0,2501.0,9.0,7.0,11060.0,3756.0,2856.0,6833.0,15050.0,11501.0,257024.0,220380.0,821667.0,592650.0,1033410.0,1332180.0,2112101.0,2145210.0,78972.0,79724.0,308.0,200.0,225.0,184.0,1755.0,1040.0,780.0,626.0,1279.0,1215.0,-5.0,-38.0,2260.0,352.0,1466.0,2475.0,99159.0,92795.0,167395.0,167395.0,125092.0,97931.0
33,2036,1278.0,902.0,208.0,49.0,9448.0,6991.0,3494.0,2566.0,2617.0,2629.0,16.0,9.0,11496.0,3991.0,3009.0,7351.0,15783.0,12244.0,266027.0,226040.0,831185.0,602222.0,1080797.0,1389530.0,2178009.0,2217792.0,79272.0,80479.0,361.0,207.0,45.0,60.0,2494.0,1724.0,1000.0,161.0,1041.0,1025.0,-56.0,37.0,2423.0,526.0,1740.0,2274.0,103683.0,95802.0,167395.0,167395.0,140875.0,110175.0
33,2037,1285.0,907.0,218.0,43.0,9565.0,7612.0,3831.0,2827.0,2677.0,2683.0,20.0,8.0,11885.0,4199.0,3141.0,8067.0,16311.0,13173.0,274972.0,231755.0,838774.0,613353.0,1125911.0,1440653.0,2239657.0,2285761.0,80294.0,82347.0,446.0,121.0,189.0,121.0,1412.0,1245.0,1022.0,685.0,548.0,710.0,67.0,-16.0,1803.0,711.0,989.0,1913.0,106921.0,98547.0,167395.0,167395.0,157186.0,123348.0
33,2038,1535.0,1035.0,216.0,53.0,9668.0,8111.0,3816.0,2860.0,2778.0,2844.0,19.0,8.0,11663.0,4523.0,3299.0,8318.0,16497.0,13876.0,283391.0,236893.0,844452.0,626377.0,1168100.0,1486738.0,2295943.0,2350008.0,81347.0,82854.0,452.0,359.0,145.0,116.0,1843.0,1646.0,997.0,335.0,1359.0,1101.0,-35.0,17.0,2152.0,999.0,1705.0,1857.0,111230.0,101762.0,167395.0,167395.0,173683.0,137224.0
33,2039,1626.0,1083.0,302.0,60.0,9865.0,8630.0,4114.0,3124.0,2971.0,2954.0,5.0,3.0,12123.0,5065.0,3508.0,8623.0,17257.0,14771.0,291163.0,242047.0,848414.0,638039.0,1209493.0,1530446.0,2349070.0,2410532.0,81478.0,83031.0,619.0,299.0,180.0,133.0,1705.0,1881.0,504.0,398.0,583.0,1180.0,56.0,-46.0,1450.0,1337.0,959.0,1910.0,114258.0,105308.0,167395.0,167395.0,190940.0,151995.0
33,2040,1779.0,1147.0,309.0,72.0,9762.0,8885.0,4288.0,3305.0,3066.0,3047.0,11.0,11.0,11970.0,5136.0,3687.0,9037.0,17436.0,15320.0,298411.0,247107.0,851233.0,649762.0,1249243.0,1571661.0,2398887.0,2468530.0,81739.0,83731.0,338.0,148.0,176.0,138.0,1210.0,472.0,754.0,420.0,952.0,752.0,-43.0,44.0,1210.0,147.0,1501.0,1531.0,117307.0,107134.0,167395.0,167395.0,208376.0,167315.0
34,2009,0.0,0.0,0.0,0.0,0.0,0.0,0.0,0.0,0.0,0.0,0.0,0.0,0.0,0.0,0.0,0.0,0.0,0.0,38232.0,38232.0,93175.0,93175.0,73779.0,73779.0,205186.0,205186.0,63890.0,63890.0,1697.0,1697.0,0.0,0.0,534.0,534.0,7798.0,7798.0,2.0,2.0,0.0,0.0,2709.0,2709.0,3928.0,3928.0,8334.0,8334.0,140986.0,140986.0,0.0,0.0
34,2010,0.0,0.0,0.0,0.0,0.0,0.0,0.0,0.0,0.0,0.0,0.0,0.0,0.0,0.0,0.0,0.0,0.0,0.0,35869.0,35869.0,106458.0,106458.0,67128.0,67128.0,209455.0,209455.0,68176.0,68176.0,-29.0,-29.0,0.0,0.0,300.0,300.0,-489.0,-489.0,86.0,86.0,0.0,0.0,194.0,194.0,-268.0,-268.0,8231.0,8231.0,150263.0,150263.0,0.0,0.0
34,2011,0.0,0.0,0.0,0.0,0.0,0.0,34.0,34.0,0.0,0.0,0.0,0.0,1.0,1.0,33.0,33.0,34.0,34.0,32574.0,32574.0,125018.0,125018.0,63567.0,63567.0,221159.0,221159.0,63704.0,63704.0,-136.0,-136.0,0.0,0.0,305.0,305.0,-290.0,-290.0,276.0,276.0,0.0,0.0,573.0,573.0,-146.0,-146.0,8522.0,8522.0,139300.0,139300.0,34.0,34.0
34,2012,32.0,32.0,0.0,0.0,0.0,0.0,131.0,131.0,2.0,2.0,0.0,0.0,36.0,36.0,65.0,65.0,133.0,133.0,31954.0,31954.0,140897.0,140897.0,56063.0,56063.0,228914.0,228914.0,65240.0,65240.0,53.0,53.0,0.0,0.0,493.0,493.0,-801.0,-801.0,514.0,514.0,0.0,0.0,360.0,360.0,-207.0,-207.0,8728.0,8728.0,144647.0,144647.0,167.0,167.0
34,2013,50.0,50.0,0.0,0.0,4.0,4.0,223.0,223.0,7.0,7.0,0.0,0.0,139.0,139.0,45.0,45.0,234.0,234.0,30718.0,30718.0,153073.0,153073.0,49813.0,49813.0,233604.0,233604.0,72912.0,72912.0,-74.0,-74.0,0.0,0.0,135.0,135.0,-925.0,-925.0,1035.0,1035.0,0.0,0.0,359.0,359.0,-40.0,-40.0,8973.0,8973.0,161269.0,161269.0,401.0,401.0
34,2014,41.0,41.0,0.0,0.0,19.0,19.0,211.0,211.0,39.0,39.0,0.0,0.0,186.0,186.0,42.0,42.0,269.0,269.0,34737.0,34737.0,175467.0,175467.0,47447.0,47447.0,257651.0,257651.0,68048.0,68048.0,-11.0,-11.0,1.0,1.0,554.0,554.0,-1252.0,-1252.0,927.0,927.0,21.0,21.0,65.0,65.0,197.0,197.0,9224.0,9224.0,151359.0,151359.0,670.0,670.0
34,2015,78.0,78.0,0.0,0.0,60.0,60.0,187.0,187.0,97.0,97.0,0.0,0.0,176.0,176.0,90.0,90.0,344.0,344.0,42599.0,42599.0,209329.0,209329.0,58849.0,58849.0,310777.0,310777.0,64746.0,64746.0,193.0,193.0,107.0,107.0,860.0,860.0,-338.0,-338.0,1220.0,1220.0,115.0,115.0,881.0,881.0,890.0,890.0,11188.0,11188.0,143952.0,143952.0,1014.0,1014.0
34,2016,223.0,223.0,0.0,0.0,124.0,124.0,434.0,434.0,162.0,162.0,0.0,0.0,350.0,350.0,147.0,147.0,720.0,720.0,53910.0,53910.0,262982.0,262982.0,89715.0,89715.0,406607.0,406607.0,62885.0,62885.0,289.0,289.0,130.0,130.0,1325.0,1325.0,373.0,373.0,1385.0,1385.0,106.0,106.0,1246.0,1246.0,1784.0,1784.0,14507.0,14507.0,140350.0,140350.0,1734.0,1734.0
34,2017,140.0,140.0,0.0,0.0,170.0,170.0,495.0,495.0,261.0,261.0,0.0,0.0,544.0,544.0,242.0,242.0,926.0,926.0,67981.0,67981.0,307144.0,307144.0,109553.0,109553.0,484678.0,484678.0,62801.0,62801.0,612.0,612.0,280.0,280.0,1025.0,1025.0,563.0,563.0,1042.0,1042.0,229.0,229.0,1185.0,1185.0,1342.0,1342.0,17646.0,17646.0,139605.0,139605.0,2660.0,2660.0
34,2018,33.0,33.0,0.0,0.0,278.0,278.0,498.0,498.0,410.0,410.0,0.0,0.0,769.0,769.0,384.0,384.0,1186.0,1186.0,84345.0,84345.0,346773.0,346773.0,121527.0,121527.0,552645.0,552645.0,62602.0,62602.0,582.0,582.0,140.0,140.0,1149.0,1149.0,710.0,710.0,81.0,81.0,255.0,255.0,1159.0,1159.0,594.0,594.0,19981.0,19981.0,139482.0,139482.0,3846.0,3846.0
34,2019,145.0,145.0,0.0,0.0,425.0,425.0,891.0,891.0,522.0,522.0,0.0,0.0,1203.0,1203.0,490.0,490.0,1838.0,1838.0,93427.0,93427.0,392018.0,392018.0,153495.0,153495.0,638940.0,638940.0,63446.0,63446.0,301.0,301.0,-50.0,-50.0,1502.0,1502.0,533.0,533.0,1252.0,1252.0,56.0,56.0,1294.0,1294.0,1698.0,1698.0,23274.0,23274.0,140588.0,140588.0,5684.0,5684.0
34,2020,117.0,117.0,0.0,0.0,654.0,654.0,836.0,836.0,688.0,688.0,0.0,0.0,1404.0,1404.0,657.0,657.0,2178.0,2178.0,103225.0,103225.0,424349.0,424349.0,190683.0,190683.0,718257.0,718257.0,66685.0,66685.0,389.0,389.0,-145.0,-145.0,916.0,916.0,781.0,781.0,1911.0,1911.0,71.0,71.0,973.0,973.0,2172.0,2172.0,26808.0,26808.0,147154.0,147154.0,7862.0,7862.0
34,2021,138.0,138.0,0.0,0.0,746.0,746.0,917.0,917.0,688.0,688.0,0.0,0.0,1551.0,1551.0,662.0,662.0,2351.0,2351.0,112989.0,112989.0,470074.0,470074.0,215609.0,215609.0,798672.0,798672.0,89307.0,89307.0,545.0,545.0,-93.0,-93.0,953.0,953.0,1920.0,1920.0,630.0,630.0,113.0,113.0,1654.0,1654.0,1324.0,1324.0,30331.0,30331.0,195507.0,195507.0,10213.0,10213.0
34,2022,140.0,140.0,0.0,0.0,723.0,723.0,877.0,877.0,681.0,681.0,4.0,4.0,1491.0,1491.0,654.0,654.0,2285.0,2285.0,110280.0,110280.0,486152.0,486152.0,237592.0,237592.0,834024.0,834024.0,126582.0,126582.0,-9.0,-9.0,-67.0,-67.0,393.0,393.0,468.0,468.0,1033.0,1033.0,-168.0,-168.0,539.0,539.0,1129.0,1129.0,31990.0,31990.0,275252.0,275252.0,12498.0,12498.0
34,2023,177.0,177.0,0.0,0.0,1094.0,1094.0,1177.0,1177.0,778.0,778.0,12.0,12.0,2132.0,2132.0,752.0,752.0,3061.0,3061.0,116535.0,116535.0,525453.0,525453.0,304837.0,304837.0,946825.0,946825.0,89528.0,89528.0,355.0,355.0,189.0,189.0,1684.0,1684.0,1309.0,1309.0,2556.0,2556.0,-91.0,-91.0,1639.0,1639.0,3653.0,3653.0,37637.0,37637.0,193927.0,193927.0,15559.0,15559.0
34,2024,340.0,340.0,0.0,0.0,1434.0,1434.0,1285.0,1285.0,908.0,908.0,106.0,106.0,2518.0,2518.0,875.0,875.0,3733.0,3733.0,130593.0,130593.0,560621.0,560621.0,383574.0,383574.0,1074788.0,1074788.0,77175.0,77175.0,347.0,347.0,101.0,101.0,1378.0,1378.0,1308.0,1308.0,3383.0,3383.0,-82.0,-82.0,1444.0,1444.0,4297.0,4297.0,43725.0,43725.0,167395.0,167395.0,19292.0,19292.0
34,2025,385.0,339.0,2.0,0.0,2068.0,1754.0,1580.0,840.0,1098.0,1106.0,100.0,36.0,3392.0,2287.0,1071.0,1110.0,4848.0,3736.0,143535.0,140136.0,594913.0,550338.0,458615.0,507381.0,1197063.0,1197855.0,77188.0,77024.0,389.0,266.0,85.0,242.0,1669.0,1362.0,938.0,581.0,2981.0,2899.0,2.0,-37.0,1529.0,-1131.0,3757.0,5912.0,49400.0,48772.0,167395.0,167395.0,24140.0,23028.0
34,2026,385.0,407.0,3.0,3.0,2660.0,1964.0,1559.0,717.0,1242.0,1260.0,33.0,3.0,3914.0,2157.0,1198.0,1383.0,5497.0,3947.0,156177.0,151844.0,627417.0,544791.0,529050.0,619260.0,1312644.0,1315895.0,77986.0,76123.0,377.0,511.0,194.0,280.0,1580.0,1829.0,1359.0,1021.0,2836.0,2867.0,-73.0,-69.0,1598.0,-629.0,3921.0,6046.0,55296.0,54700.0,167395.0,167395.0,29637.0,26975.0
34,2027,371.0,418.0,7.0,10.0,3175.0,2255.0,1753.0,657.0,1416.0,1395.0,2.0,2.0,4566.0,2178.0,1416.0,1723.0,6353.0,4319.0,168514.0,160864.0,658004.0,544715.0,596699.0,723142.0,1423217.0,1428721.0,77019.0,75659.0,546.0,204.0,113.0,166.0,1921.0,1647.0,1111.0,1192.0,2862.0,2648.0,-32.0,25.0,1787.0,185.0,3642.0,5289.0,61271.0,60378.0,167395.0,167395.0,35990.0,31294.0
34,2028,443.0,503.0,11.0,15.0,3898.0,2685.0,1891.0,815.0,1533.0,1550.0,6.0,1.0,5353.0,2343.0,1543.0,2220.0,7339.0,5066.0,180302.0,169453.0,686593.0,545351.0,659821.0,819536.0,1526716.0,1534340.0,78697.0,77707.0,355.0,228.0,220.0,194.0,1828.0,1366.0,1046.0,917.0,2322.0,2663.0,-20.0,19.0,2104.0,119.0,2937.0,4812.0,66667.0,65537.0,167395.0,167395.0,43329.0,36360.0
34,2029,496.0,489.0,13.0,12.0,4519.0,2939.0,2038.0,1028.0,1745.0,1775.0,13.0,4.0,6022.0,2411.0,1810.0,2858.0,8328.0,5758.0,192266.0,177919.0,712349.0,545315.0,720692.0,911671.0,1625307.0,1634905.0,78498.0,77710.0,493.0,405.0,28.0,91.0,2311.0,1578.0,912.0,1478.0,1853.0,1925.0,3.0,-21.0,2208.0,530.0,2406.0,4116.0,71774.0,70588.0,167395.0,167395.0,51657.0,42118.0
34,2030,609.0,590.0,38.0,20.0,5506.0,3668.0,2152.0,1402.0,1823.0,1830.0,10.0,5.0,7020.0,2763.0,1900.0,3572.0,9529.0,6925.0,204107.0,186336.0,735515.0,545111.0,777921.0,999035.0,1717543.0,1730482.0,79715.0,78535.0,505.0,326.0,139.0,92.0,2183.0,1623.0,1190.0,1016.0,1605.0,1430.0,21.0,2.0,2141.0,148.0,2492.0,3689.0,76912.0,74751.0,167395.0,167395.0,61186.0,49043.0
34,2031,706.0,660.0,48.0,22.0,6223.0,4189.0,2275.0,1672.0,2017.0,2067.0,8.0,3.0,7742.0,2877.0,2123.0,4416.0,10571.0,7953.0,215171.0,192980.0,757196.0,546015.0,832555.0,1082115.0,1804922.0,1821110.0,80277.0,79156.0,142.0,377.0,109.0,209.0,2184.0,1387.0,245.0,979.0,1758.0,1745.0,-1.0,8.0,1697.0,240.0,2456.0,3711.0,81207.0,79079.0,167395.0,167395.0,71757.0,56996.0
34,2032,786.0,655.0,61.0,25.0,6813.0,4561.0,2463.0,1872.0,2185.0,2234.0,10.0,3.0,8446.0,3048.0,2300.0,4992.0,11532.0,8695.0,225825.0,201240.0,776341.0,557373.0,884825.0,1147256.0,1886991.0,1905869.0,80177.0,80694.0,575.0,99.0,196.0,113.0,2404.0,1574.0,1204.0,791.0,1617.0,1842.0,-11.0,11.0,2504.0,620.0,2331.0,3612.0,86617.0,83410.0,167395.0,167395.0,83289.0,65691.0
34,2033,895.0,750.0,59.0,27.0,7485.0,5134.0,2646.0,2096.0,2327.0,2250.0,9.0,5.0,9129.0,3256.0,2502.0,5506.0,12526.0,9512.0,236471.0,208082.0,792638.0,569022.0,935747.0,1211164.0,1964856.0,1988268.0,79826.0,79570.0,346.0,272.0,56.0,242.0,2613.0,1351.0,570.0,424.0,1346.0,1464.0,-30.0,3.0,2551.0,572.0,1658.0,2640.0,91172.0,86894.0,167395.0,167395.0,95815.0,75203.0
34,2034,1028.0,762.0,90.0,36.0,8313.0,5774.0,2924.0,2202.0,2421.0,2415.0,13.0,5.0,10068.0,3520.0,2665.0,6150.0,13761.0,10432.0,246830.0,213866.0,807268.0,581162.0,985722.0,1273074.0,2039820.0,2068102.0,78821.0,79705.0,397.0,286.0,155.0,-1.0,2028.0,1087.0,727.0,600.0,941.0,773.0,55.0,-29.0,1872.0,286.0,1637.0,1858.0,95078.0,89324.0,167395.0,167395.0,109576.0,85635.0
34,2035,1165.0,857.0,136.0,31.0,8875.0,6380.0,3416.0,2372.0,2533.0,2481.0,11.0,6.0,10921.0,3646.0,2885.0,6767.0,14971.0,11270.0,256603.0,219794.0,818774.0,591894.0,1035173.0,1332927.0,2110550.0,2144615.0,78907.0,79479.0,474.0,267.0,201.0,266.0,2214.0,1707.0,1103.0,685.0,611.0,850.0,19.0,39.0,2671.0,661.0,1003.0,2619.0,99226.0,92871.0,167395.0,167395.0,124547.0,96905.0
34,2036,1248.0,875.0,197.0,47.0,9368.0,6920.0,3459.0,2691.0,2570.0,2622.0,19.0,4.0,11379.0,3905.0,2986.0,7504.0,15613.0,12284.0,265638.0,225843.0,828904.0,601499.0,1082642.0,1390223.0,2177184.0,2217565.0,79242.0,80432.0,489.0,166.0,118.0,89.0,1805.0,1608.0,616.0,417.0,1205.0,492.0,17.0,4.0,1759.0,877.0,1513.0,1567.0,102987.0,95481.0,167395.0,167395.0,140160.0,109189.0
34,2037,1378.0,975.0,208.0,44.0,9810.0,7567.0,3859.0,2765.0,2584.0,2718.0,8.0,6.0,12009.0,4213.0,3082.0,7912.0,16469.0,13100.0,274162.0,231400.0,836456.0,612480.0,1127386.0,1440949.0,2238004.0,2284829.0,80519.0,82321.0,358.0,131.0,139.0,53.0,1722.0,1614.0,1244.0,614.0,1426.0,1491.0,6.0,25.0,2293.0,785.0,1886.0,2881.0,107524.0,99278.0,167395.0,167395.0,156629.0,122289.0
34,2038,1426.0,959.0,252.0,50.0,9587.0,8185.0,3842.0,2973.0,2942.0,2974.0,21.0,4.0,11782.0,4678.0,3436.0,8549.0,16644.0,14186.0,282432.0,236303.0,842559.0,625542.0,1169598.0,1486614.0,2294589.0,2348459.0,81276.0,82799.0,435.0,442.0,141.0,121.0,1794.0,1395.0,884.0,421.0,679.0,1238.0,-20.0,-19.0,1707.0,666.0,1336.0,2048.0,111002.0,102434.0,167395.0,167395.0,173273.0,136475.0
34,2039,1512.0,1065.0,310.0,61.0,9692.0,8721.0,4131.0,3103.0,2925.0,2958.0,18.0,6.0,12090.0,5014.0,3474.0,8770.0,17076.0,14849.0,290247.0,241237.0,847010.0,638037.0,1210620.0,1530364.0,2347877.0,2409638.0,81670.0,83159.0,293.0,104.0,73.0,229.0,1583.0,1015.0,226.0,296.0,994.0,530.0,27.0,21.0,1431.0,891.0,1179.0,1096.0,113905.0,104525.0,167395.0,167395.0,190349.0,151324.0
34,2040,1732.0,1137.0,350.0,98.0,9733.0,8872.0,4364.0,3338.0,3159.0,3171.0,12.0,10.0,12039.0,5095.0,3847.0,9257.0,17618.0,15489.0,297688.0,246516.0,849764.0,649202.0,1250229.0,1571690.0,2397681.0,2467408.0,81637.0,83608.0,673.0,66.0,273.0,90.0,1319.0,1203.0,1223.0,429.0,672.0,1206.0,30.0,32.0,1528.0,953.0,1316.0,1941.0,117422.0,107485.0,167395.0,167395.0,207967.0,166813.0
35,2009,0.0,0.0,0.0,0.0,0.0,0.0,0.0,0.0,0.0,0.0,0.0,0.0,0.0,0.0,0.0,0.0,0.0,0.0,38579.0,38579.0,93275.0,93275.0,73394.0,73394.0,205248.0,205248.0,63867.0,63867.0,1692.0,1692.0,0.0,0.0,570.0,570.0,7722.0,7722.0,3.0,3.0,0.0,0.0,2660.0,2660.0,3943.0,3943.0,8295.0,8295.0,140986.0,140986.0,0.0,0.0
35,2010,0.0,0.0,0.0,0.0,0.0,0.0,0.0,0.0,0.0,0.0,0.0,0.0,0.0,0.0,0.0,0.0,0.0,0.0,36217.0,36217.0,106530.0,106530.0,66831.0,66831.0,209578.0,209578.0,68156.0,68156.0,-36.0,-36.0,0.0,0.0,238.0,238.0,-427.0,-427.0,84.0,84.0,0.0,0.0,292.0,292.0,-361.0,-361.0,8190.0,8190.0,150263.0,150263.0,0.0,0.0
35,2011,0.0,0.0,0.0,0.0,1.0,1.0,36.0,36.0,0.0,0.0,0.0,0.0,6.0,6.0,31.0,31.0,37.0,37.0,32857.0,32857.0,125260.0,125260.0,63168.0,63168.0,221285.0,221285.0,63626.0,63626.0,-6.0,-6.0,0.0,0.0,391.0,391.0,-283.0,-283.0,299.0,299.0,0.0,0.0,411.0,411.0,2.0,2.0,8597.0,8597.0,139300.0,139300.0,37.0,37.0
35,2012,31.0,31.0,0.0,0.0,1.0,1.0,131.0,131.0,1.0,1.0,0.0,0.0,36.0,36.0,66.0,66.0,133.0,133.0,32147.0,32147.0,141605.0,141605.0,55313.0,55313.0,229065.0,229065.0,65278.0,65278.0,-51.0,-51.0,0.0,0.0,403.0,403.0,-783.0,-783.0,448.0,448.0,0.0,0.0,431.0,431.0,-312.0,-312.0,8665.0,8665.0,144647.0,144647.0,170.0,170.0
35,2013,66.0,66.0,0.0,0.0,3.0,3.0,233.0,233.0,10.0,10.0,0.0,0.0,144.0,144.0,36.0,36.0,246.0,246.0,30895.0,30895.0,153657.0,153657.0,49290.0,49290.0,233842.0,233842.0,72757.0,72757.0,-38.0,-38.0,0.0,0.0,178.0,178.0,-993.0,-993.0,1191.0,1191.0,0.0,0.0,360.0,360.0,54.0,54.0,9041.0,9041.0,161269.0,161269.0,416.0,416.0
35,2014,63.0,63.0,0.0,0.0,24.0,24.0,227.0,227.0,34.0,34.0,0.0,0.0,193.0,193.0,29.0,29.0,285.0,285.0,34959.0,34959.0,176222.0,176222.0,46717.0,46717.0,257898.0,257898.0,68107.0,68107.0,-68.0,-68.0,3.0,3.0,530.0,530.0,-1136.0,-1136.0,703.0,703.0,15.0,15.0,120.0,120.0,63.0,63.0,9156.0,9156.0,151359.0,151359.0,701.0,701.0
35,2015,77.0,77.0,0.0,0.0,61.0,61.0,191.0,191.0,94.0,94.0,0.0,0.0,178.0,178.0,91.0,91.0,346.0,346.0,42800.0,42800.0,210179.0,210179.0,58267.0,58267.0,311246.0,311246.0,64479.0,64479.0,142.0,142.0,100.0,100.0,825.0,825.0,-447.0,-447.0,1484.0,1484.0,115.0,115.0,872.0,872.0,1063.0,1063.0,11233.0,11233.0,143952.0,143952.0,1047.0,1047.0
35,2016,218.0,218.0,0.0,0.0,104.0,104.0,426.0,426.0,195.0,195.0,0.0,0.0,323.0,323.0,184.0,184.0,725.0,725.0,54164.0,54164.0,263796.0,263796.0,89012.0,89012.0,406972.0,406972.0,62884.0,62884.0,393.0,393.0,179.0,179.0,1298.0,1298.0,393.0,393.0,1392.0,1392.0,117.0,117.0,1186.0,1186.0,1800.0,1800.0,14612.0,14612.0,140350.0,140350.0,1772.0,1772.0
35,2017,143.0,143.0,0.0,0.0,174.0,174.0,486.0,486.0,259.0,259.0,0.0,0.0,525.0,525.0,251.0,251.0,919.0,919.0,68389.0,68389.0,307804.0,307804.0,109236.0,109236.0,485429.0,485429.0,62581.0,62581.0,545.0,545.0,190.0,190.0,1117.0,1117.0,627.0,627.0,765.0,765.0,169.0,169.0,1193.0,1193.0,1130.0,1130.0,17480.0,17480.0,139605.0,139605.0,2691.0,2691.0
35,2018,55.0,55.0,0.0,0.0,283.0,283.0,530.0,530.0,381.0,381.0,0.0,0.0,782.0,782.0,357.0,357.0,1194.0,1194.0,84721.0,84721.0,347444.0,347444.0,120892.0,120892.0,553057.0,553057.0,62629.0,62629.0,643.0,643.0,178.0,178.0,1196.0,1196.0,809.0,809.0,272.0,272.0,358.0,358.0,1310.0,1310.0,860.0,860.0,20293.0,20293.0,139482.0,139482.0,3885.0,3885.0
35,2019,136.0,136.0,0.0,0.0,461.0,461.0,908.0,908.0,529.0,529.0,0.0,0.0,1261.0,1261.0,501.0,501.0,1898.0,1898.0,93405.0,93405.0,393261.0,393261.0,153016.0,153016.0,639682.0,639682.0,63377.0,63377.0,202.0,202.0,-55.0,-55.0,1174.0,1174.0,391.0,391.0,1174.0,1174.0,36.0,36.0,851.0,851.0,1667.0,1667.0,23013.0,23013.0,140588.0,140588.0,5783.0,5783.0
35,2020,134.0,134.0,4.0,4.0,659.0,659.0,845.0,845.0,697.0,697.0,0.0,0.0,1399.0,1399.0,672.0,672.0,2205.0,2205.0,103075.0,103075.0,425724.0,425724.0,189750.0,189750.0,718549.0,718549.0,66741.0,66741.0,538.0,538.0,-156.0,-156.0,1246.0,1246.0,1018.0,1018.0,2039.0,2039.0,42.0,42.0,1520.0,1520.0,2131.0,2131.0,27202.0,27202.0,147154.0,147154.0,7988.0,7988.0
35,2021,164.0,164.0,0.0,0.0,733.0,733.0,962.0,962.0,647.0,647.0,0.0,0.0,1561.0,1561.0,617.0,617.0,2342.0,2342.0,112968.0,112968.0,471681.0,471681.0,215156.0,215156.0,799805.0,799805.0,88875.0,88875.0,438.0,438.0,-57.0,-57.0,809.0,809.0,1588.0,1588.0,233.0,233.0,147.0,147.0,1371.0,1371.0,911.0,911.0,29922.0,29922.0,195507.0,195507.0,10330.0,10330.0
35,2022,133.0,133.0,0.0,0.0,748.0,748.0,913.0,913.0,687.0,687.0,5.0,5.0,1561.0,1561.0,659.0,659.0,2353.0,2353.0,110217.0,110217.0,488107.0,488107.0,236871.0,236871.0,835195.0,835195.0,126251.0,126251.0,167.0,167.0,-96.0,-96.0,708.0,708.0,768.0,768.0,1205.0,1205.0,-224.0,-224.0,738.0,738.0,1456.0,1456.0,32283.0,32283.0,275252.0,275252.0,12683.0,12683.0
35,2023,142.0,142.0,0.0,0.0,1090.0,1090.0,1133.0,1133.0,779.0,779.0,13.0,13.0,2116.0,2116.0,757.0,757.0,3015.0,3015.0,116226.0,116226.0,527837.0,527837.0,304196.0,304196.0,948259.0,948259.0,89511.0,89511.0,-37.0,-37.0,152.0,152.0,1367.0,1367.0,987.0,987.0,2751.0,2751.0,-149.0,-149.0,1316.0,1316.0,3829.0,3829.0,37391.0,37391.0,193927.0,193927.0,15698.0,15698.0
35,2024,298.0,298.0,0.0,0.0,1478.0,1478.0,1311.0,1311.0,867.0,867.0,87.0,87.0,2600.0,2600.0,845.0,845.0,3743.0,3743.0,130333.0,130333.0,563123.0,563123.0,382562.0,382562.0,1076018.0,1076018.0,77215.0,77215.0,535.0,535.0,167.0,167.0,1602.0,1602.0,1327.0,1327.0,3344.0,3344.0,58.0,58.0,1816.0,1816.0,4147.0,4147.0,43889.0,43889.0,167395.0,167395.0,19441.0,19441.0
35,2025,400.0,357.0,3.0,0.0,2111.0,1771.0,1599.0,828.0,1055.0,1073.0,110.0,48.0,3441.0,2288.0,1037.0,1075.0,4878.0,3720.0,143759.0,140410.0,596660.0,552080.0,457127.0,506444.0,1197546.0,1198934.0,77412.0,76907.0,491.0,319.0,118.0,246.0,1523.0,1577.0,1500.0,651.0,2988.0,2768.0,-95.0,-91.0,1723.0,-1102.0,3820.0,5934.0,49923.0,49040.0,167395.0,167395.0,24319.0,23161.0
35,2026,391.0,384.0,2.0,13.0,2658.0,2047.0,1543.0,639.0,1214.0,1224.0,48.0,1.0,3887.0,2190.0,1187.0,1350.0,5465.0,3924.0,156946.0,152766.0,628791.0,545898.0,527472.0,618114.0,1313209.0,1316778.0,77563.0,76086.0,278.0,378.0,62.0,226.0,1739.0,1598.0,815.0,811.0,3121.0,3363.0,-23.0,-105.0,1447.0,-684.0,3989.0,6199.0,55637.0,54933.0,167395.0,167395.0,29784.0,27085.0
35,2027,369.0,411.0,4.0,11.0,3234.0,2328.0,1729.0,571.0,1429.0,1412.0,0.0,9.0,4593.0,2214.0,1434.0,1706.0,6396.0,4331.0,168994.0,161385.0,658887.0,545945.0,595911.0,721877.0,1423792.0,1429207.0,76912.0,75552.0,600.0,429.0,194.0,217.0,1688.0,1619.0,1417.0,1492.0,2484.0,2560.0,-52.0,61.0,1862.0,157.0,3269.0,5363.0,61368.0,60882.0,167395.0,167395.0,36180.0,31416.0
35,2028,493.0,539.0,13.0,20.0,4014.0,2724.0,1899.0,829.0,1464.0,1463.0,8.0,5.0,5412.0,2383.0,1493.0,2119.0,7398.0,5041.0,180982.0,170161.0,687189.0,546280.0,659425.0,818875.0,1527596.0,1535316.0,78741.0,77431.0,482.0,194.0,167.0,152.0,2038.0,1290.0,641.0,861.0,2118.0,2119.0,-14.0,19.0,1830.0,138.0,2638.0,4109.0,66318.0,65323.0,167395.0,167395.0,43578.0,36457.0
35,2029,536.0,557.0,29.0,9.0,4695.0,3197.0,2131.0,1070.0,1661.0,1693.0,11.0,7.0,6254.0,2627.0,1737.0,2792.0,8527.0,5976.0,193147.0,179078.0,713218.0,546348.0,719829.0,910815.0,1626194.0,1636241.0,78738.0,77894.0,309.0,309.0,128.0,160.0,2054.0,1577.0,1059.0,1096.0,1949.0,1889.0,19.0,-1.0,1937.0,260.0,2963.0,4152.0,71527.0,70044.0,167395.0,167395.0,52105.0,42433.0
35,2030,544.0,543.0,35.0,21.0,5482.0,3591.0,2126.0,1289.0,1918.0,1928.0,4.0,3.0,7060.0,2764.0,1961.0,3525.0,9565.0,6832.0,204864.0,187038.0,736457.0,546360.0,777146.0,998113.0,1718467.0,1731511.0,79654.0,78752.0,477.0,466.0,109.0,166.0,2593.0,1744.0,1045.0,1364.0,1673.0,1525.0,-11.0,-2.0,2595.0,351.0,2337.0,3980.0,76936.0,74841.0,167395.0,167395.0,61670.0,49265.0
35,2031,769.0,693.0,42.0,15.0,6272.0,4202.0,2371.0,1699.0,1987.0,2004.0,12.0,5.0,7807.0,2944.0,2108.0,4288.0,10684.0,7925.0,216278.0,194327.0,758033.0,547043.0,831853.0,1081229.0,1806164.0,1822599.0,79936.0,79123.0,309.0,105.0,164.0,69.0,2108.0,1073.0,353.0,781.0,1659.0,1871.0,10.0,17.0,1748.0,49.0,2237.0,3657.0,81230.0,78652.0,167395.0,167395.0,72354.0,57190.0
35,2032,831.0,747.0,49.0,20.0,7059.0,4608.0,2497.0,1995.0,2074.0,2110.0,16.0,4.0,8663.0,3062.0,2201.0,4928.0,11695.0,8737.0,227271.0,202936.0,776678.0,558050.0,883770.0,1146773.0,1887719.0,1907759.0,80353.0,80655.0,461.0,292.0,125.0,301.0,2408.0,1454.0,1180.0,923.0,2015.0,1781.0,-3.0,-63.0,2561.0,648.0,2703.0,3456.0,86955.0,83048.0,167395.0,167395.0,84049.0,65927.0
35,2033,936.0,782.0,79.0,31.0,7537.0,5165.0,2673.0,2075.0,2333.0,2252.0,13.0,4.0,9187.0,3240.0,2512.0,5505.0,12635.0,9527.0,237555.0,209321.0,793422.0,569532.0,934776.0,1211323.0,1965753.0,1990176.0,79833.0,79571.0,505.0,367.0,114.0,-57.0,2104.0,1856.0,787.0,630.0,1036.0,1327.0,0.0,71.0,1892.0,822.0,1644.0,2638.0,90996.0,86875.0,167395.0,167395.0,96684.0,75454.0
35,2034,1025.0,820.0,94.0,26.0,8309.0,5862.0,2955.0,2270.0,2523.0,2524.0,10.0,9.0,10086.0,3514.0,2780.0,6357.0,13891.0,10691.0,247718.0,214872.0,808144.0,581477.0,984706.0,1272696.0,2040568.0,2069045.0,79234.0,79887.0,202.0,314.0,97.0,278.0,1875.0,1304.0,717.0,583.0,1081.0,1087.0,48.0,-20.0,2227.0,385.0,1389.0,2533.0,94814.0,90107.0,167395.0,167395.0,110575.0,86145.0
35,2035,1139.0,860.0,148.0,42.0,8768.0,6255.0,3201.0,2382.0,2535.0,2567.0,10.0,9.0,10701.0,3617.0,2822.0,6778.0,14662.0,11255.0,257523.0,220554.0,820290.0,591914.0,1033894.0,1332806.0,2111707.0,2145274.0,78957.0,79839.0,403.0,230.0,210.0,94.0,2240.0,1634.0,773.0,517.0,768.0,465.0,-38.0,-22.0,2343.0,706.0,1207.0,1752.0,98767.0,92795.0,167395.0,167395.0,125237.0,97400.0
35,2036,1300.0,967.0,187.0,43.0,9426.0,6974.0,3547.0,2672.0,2631.0,2608.0,16.0,7.0,11495.0,3926.0,3012.0,7411.0,15807.0,12304.0,266392.0,226610.0,830067.0,601633.0,1081118.0,1389446.0,2177577.0,2217689.0,79038.0,80484.0,652.0,88.0,122.0,75.0,2289.0,1206.0,1337.0,475.0,1447.0,1373.0,-7.0,40.0,2440.0,322.0,2096.0,2759.0,103955.0,95964.0,167395.0,167395.0,141044.0,109704.0
35,2037,1359.0,923.0,226.0,56.0,9773.0,7469.0,3757.0,2800.0,2645.0,2644.0,14.0,9.0,11969.0,4172.0,3087.0,7883.0,16415.0,12978.0,275122.0,232074.0,837475.0,612470.0,1126271.0,1440434.0,2238868.0,2284978.0,80512.0,82222.0,303.0,299.0,137.0,167.0,1771.0,1754.0,711.0,661.0,421.0,844.0,65.0,-38.0,1934.0,1014.0,868.0,2075.0,107060.0,99352.0,167395.0,167395.0,157459.0,122682.0
35,2038,1534.0,1083.0,278.0,45.0,9536.0,8008.0,3951.0,2941.0,2873.0,2801.0,21.0,5.0,11748.0,4439.0,3377.0,8278.0,16659.0,13800.0,283316.0,237094.0,843528.0,625474.0,1168971.0,1486517.0,2295815.0,2349085.0,81117.0,82804.0,383.0,122.0,187.0,94.0,1506.0,938.0,905.0,506.0,1181.0,1037.0,-40.0,25.0,1675.0,590.0,1681.0,1888.0,110799.0,101952.0,167395.0,167395.0,174118.0,136482.0
35,2039,1631.0,1094.0,336.0,59.0,9695.0,8370.0,4116.0,3140.0,2915.0,2966.0,14.0,4.0,11964.0,4726.0,3481.0,8719.0,17076.0,14539.0,290909.0,242231.0,848287.0,637838.0,1210136.0,1530106.0,2349332.0,2410175.0,81329.0,83086.0,616.0,143.0,196.0,103.0,1504.0,1828.0,467.0,267.0,1007.0,567.0,44.0,-30.0,1308.0,1217.0,1294.0,1375.0,114017.0,104687.0,167395.0,167395.0,191194.0,151021.0
35,2040,1737.0,1152.0,423.0,77.0,9793.0,8818.0,4284.0,3250.0,2956.0,3114.0,20.0,7.0,12150.0,5109.0,3589.0,9005.0,17476.0,15266.0,298020.0,246511.0,851358.0,649335.0,1249845.0,1571317.0,2399223.0,2467163.0,81679.0,83844.0,343.0,332.0,33.0,141.0,1655.0,1269.0,622.0,357.0,978.0,1525.0,-12.0,52.0,1559.0,821.0,1374.0,2191.0,117293.0,108031.0,167395.0,167395.0,208670.0,166287.0
36,2009,0.0,0.0,0.0,0.0,0.0,0.0,0.0,0.0,0.0,0.0,0.0,0.0,0.0,0.0,0.0,0.0,0.0,0.0,38344.0,38344.0,93258.0,93258.0,73705.0,73705.0,205307.0,205307.0,63784.0,63784.0,1758.0,1758.0,0.0,0.0,522.0,522.0,7794.0,7794.0,3.0,3.0,0.0,0.0,2609.0,2609.0,3952.0,3952.0,8319.0,8319.0,140986.0,140986.0,0.0,0.0
36,2010,0.0,0.0,0.0,0.0,0.0,0.0,0.0,0.0,0.0,0.0,0.0,0.0,0.0,0.0,0.0,0.0,0.0,0.0,36030.0,36030.0,106721.0,106721.0,66787.0,66787.0,209538.0,209538.0,68120.0,68120.0,-90.0,-90.0,0.0,0.0,271.0,271.0,-350.0,-350.0,85.0,85.0,0.0,0.0,335.0,335.0,-239.0,-239.0,8325.0,8325.0,150263.0,150263.0,0.0,0.0
36,2011,0.0,0.0,0.0,0.0,0.0,0.0,27.0,27.0,0.0,0.0,0.0,0.0,0.0,0.0,27.0,27.0,27.0,27.0,32801.0,32801.0,125094.0,125094.0,63428.0,63428.0,221323.0,221323.0,63563.0,63563.0,-64.0,-64.0,0.0,0.0,398.0,398.0,-420.0,-420.0,279.0,279.0,0.0,0.0,449.0,449.0,-128.0,-128.0,8582.0,8582.0,139300.0,139300.0,27.0,27.0
36,2012,47.0,47.0,0.0,0.0,0.0,0.0,175.0,175.0,2.0,2.0,0.0,0.0,39.0,39.0,91.0,91.0,177.0,177.0,32279.0,32279.0,141366.0,141366.0,55819.0,55819.0,229464.0,229464.0,64934.0,64934.0,-53.0,-53.0,0.0,0.0,414.0,414.0,-826.0,-826.0,478.0,478.0,0.0,0.0,409.0,409.0,-290.0,-290.0,8648.0,8648.0,144647.0,144647.0,204.0,204.0
36,2013,63.0,63.0,0.0,0.0,7.0,7.0,232.0,232.0,9.0,9.0,0.0,0.0,144.0,144.0,41.0,41.0,248.0,248.0,30977.0,30977.0,153852.0,153852.0,49582.0,49582.0,234411.0,234411.0,72683.0,72683.0,9.0,9.0,0.0,0.0,181.0,181.0,-971.0,-971.0,1087.0,1087.0,0.0,0.0,240.0,240.0,48.0,48.0,8945.0,8945.0,161269.0,161269.0,452.0,452.0
36,2014,58.0,58.0,0.0,0.0,14.0,14.0,222.0,222.0,26.0,26.0,0.0,0.0,176.0,176.0,28.0,28.0,262.0,262.0,34778.0,34778.0,176796.0,176796.0,46759.0,46759.0,258333.0,258333.0,68171.0,68171.0,-4.0,-4.0,2.0,2.0,567.0,567.0,-1134.0,-1134.0,816.0,816.0,30.0,30.0,225.0,225.0,60.0,60.0,9226.0,9226.0,151359.0,151359.0,714.0,714.0
36,2015,90.0,90.0,0.0,0.0,60.0,60.0,197.0,197.0,69.0,69.0,0.0,0.0,168.0,168.0,68.0,68.0,326.0,326.0,42503.0,42503.0,210550.0,210550.0,58422.0,58422.0,311475.0,311475.0,64760.0,64760.0,142.0,142.0,83.0,83.0,740.0,740.0,-299.0,-299.0,1299.0,1299.0,109.0,109.0,870.0,870.0,920.0,920.0,11158.0,11158.0,143952.0,143952.0,1040.0,1040.0
36,2016,231.0,231.0,0.0,0.0,95.0,95.0,428.0,428.0,167.0,167.0,0.0,0.0,297.0,297.0,162.0,162.0,690.0,690.0,53811.0,53811.0,263792.0,263792.0,89414.0,89414.0,407017.0,407017.0,62943.0,62943.0,335.0,335.0,195.0,195.0,1497.0,1497.0,346.0,346.0,1452.0,1452.0,89.0,89.0,1407.0,1407.0,1837.0,1837.0,14737.0,14737.0,140350.0,140350.0,1730.0,1730.0
36,2017,127.0,127.0,0.0,0.0,174.0,174.0,483.0,483.0,279.0,279.0,0.0,0.0,542.0,542.0,267.0,267.0,936.0,936.0,68070.0,68070.0,307705.0,307705.0,109701.0,109701.0,485476.0,485476.0,62503.0,62503.0,584.0,584.0,252.0,252.0,1059.0,1059.0,469.0,469.0,814.0,814.0,225.0,225.0,1060.0,1060.0,1175.0,1175.0,17556.0,17556.0,139605.0,139605.0,2666.0,2666.0
36,2018,50.0,50.0,0.0,0.0,274.0,274.0,562.0,562.0,361.0,361.0,0.0,0.0,798.0,798.0,349.0,349.0,1197.0,1197.0,84388.0,84388.0,347624.0,347624.0,121709.0,121709.0,553721.0,553721.0,62354.0,62354.0,519.0,519.0,104.0,104.0,1071.0,1071.0,591.0,591.0,314.0,314.0,315.0,315.0,1105.0,1105.0,771.0,771.0,19951.0,19951.0,139482.0,139482.0,3863.0,3863.0
36,2019,125.0,125.0,0.0,0.0,433.0,433.0,926.0,926.0,570.0,570.0,0.0,0.0,1265.0,1265.0,539.0,539.0,1929.0,1929.0,93149.0,93149.0,393716.0,393716.0,153620.0,153620.0,640485.0,640485.0,63384.0,63384.0,224.0,224.0,-40.0,-40.0,1261.0,1261.0,578.0,578.0,1162.0,1162.0,-45.0,-45.0,994.0,994.0,1698.0,1698.0,22867.0,22867.0,140588.0,140588.0,5792.0,5792.0
36,2020,125.0,125.0,1.0,1.0,620.0,620.0,846.0,846.0,668.0,668.0,0.0,0.0,1368.0,1368.0,642.0,642.0,2135.0,2135.0,102748.0,102748.0,426192.0,426192.0,190778.0,190778.0,719718.0,719718.0,66451.0,66451.0,576.0,576.0,-129.0,-129.0,1279.0,1279.0,1078.0,1078.0,1929.0,1929.0,102.0,102.0,1539.0,1539.0,2144.0,2144.0,27126.0,27126.0,147154.0,147154.0,7927.0,7927.0
36,2021,160.0,160.0,0.0,0.0,748.0,748.0,904.0,904.0,694.0,694.0,0.0,0.0,1533.0,1533.0,653.0,653.0,2346.0,2346.0,112803.0,112803.0,472009.0,472009.0,216281.0,216281.0,801093.0,801093.0,88791.0,88791.0,481.0,481.0,-149.0,-149.0,739.0,739.0,1647.0,1647.0,392.0,392.0,132.0,132.0,1230.0,1230.0,1050.0,1050.0,29887.0,29887.0,195507.0,195507.0,10273.0,10273.0
36,2022,122.0,122.0,0.0,0.0,775.0,775.0,956.0,956.0,678.0,678.0,6.0,6.0,1646.0,1646.0,647.0,647.0,2415.0,2415.0,110123.0,110123.0,488166.0,488166.0,237797.0,237797.0,836086.0,836086.0,126550.0,126550.0,-17.0,-17.0,-11.0,-11.0,563.0,563.0,675.0,675.0,1408.0,1408.0,-141.0,-141.0,962.0,962.0,1549.0,1549.0,32381.0,32381.0,275252.0,275252.0,12688.0,12688.0
36,2023,162.0,162.0,0.0,0.0,1049.0,1049.0,1140.0,1140.0,767.0,767.0,15.0,15.0,2068.0,2068.0,741.0,741.0,2971.0,2971.0,116630.0,116630.0,527525.0,527525.0,305314.0,305314.0,949469.0,949469.0,89266.0,89266.0,185.0,185.0,113.0,113.0,1370.0,1370.0,1046.0,1046.0,2589.0,2589.0,-182.0,-182.0,1085.0,1085.0,3666.0,3666.0,37317.0,37317.0,193927.0,193927.0,15659.0,15659.0
36,2024,301.0,301.0,0.0,0.0,1554.0,1554.0,1241.0,1241.0,936.0,936.0,95.0,95.0,2610.0,2610.0,915.0,915.0,3826.0,3826.0,130996.0,130996.0,562115.0,562115.0,384456.0,384456.0,1077567.0,1077567.0,77139.0,77139.0,361.0,361.0,134.0,134.0,1662.0,1662.0,1480.0,1480.0,3015.0,3015.0,18.0,18.0,1872.0,1872.0,4076.0,4076.0,43626.0,43626.0,167395.0,167395.0,19485.0,19485.0
36,2025,372.0,333.0,1.0,0.0,2091.0,1753.0,1558.0,818.0,1060.0,1060.0,111.0,45.0,3425.0,2307.0,1024.0,1036.0,4821.0,3676.0,144494.0,140990.0,595857.0,551244.0,459182.0,508296.0,1199533.0,1200530.0,77286.0,76917.0,553.0,488.0,182.0,330.0,1485.0,1582.0,1339.0,491.0,3025.0,3080.0,-46.0,-126.0,1576.0,-1061.0,3856.0,5930.0,49611.0,48983.0,167395.0,167395.0,24306.0,23161.0
36,2026,372.0,375.0,2.0,5.0,2661.0,1955.0,1495.0,616.0,1288.0,1255.0,45.0,5.0,3846.0,2076.0,1273.0,1385.0,5491.0,3836.0,157254.0,153009.0,628107.0,545612.0,529339.0,619871.0,1314700.0,1318492.0,77897.0,75821.0,449.0,484.0,122.0,268.0,1970.0,1704.0,889.0,1020.0,3260.0,3129.0,-53.0,-24.0,1773.0,-670.0,3966.0,6283.0,55799.0,55080.0,167395.0,167395.0,29797.0,26997.0
36,2027,384.0,410.0,9.0,7.0,3266.0,2291.0,1756.0,595.0,1408.0,1416.0,5.0,5.0,4663.0,2204.0,1397.0,1700.0,6444.0,4314.0,169317.0,161559.0,658508.0,545653.0,597476.0,723869.0,1425301.0,1431081.0,76923.0,75669.0,559.0,212.0,112.0,139.0,1934.0,1694.0,1074.0,1052.0,2491.0,2620.0,-71.0,20.0,1738.0,231.0,3243.0,5082.0,61339.0,60605.0,167395.0,167395.0,36241.0,31311.0
36,2028,466.0,488.0,13.0,15.0,3910.0,2656.0,1928.0,883.0,1485.0,1493.0,6.0,8.0,5359.0,2333.0,1517.0,2234.0,7342.0,5055.0,181361.0,170452.0,686399.0,545972.0,661335.0,820641.0,1529095.0,1537065.0,78271.0,77472.0,317.0,437.0,174.0,81.0,1998.0,1339.0,1202.0,952.0,2087.0,2416.0,-2.0,14.0,2284.0,-171.0,2858.0,4536.0,66798.0,65407.0,167395.0,167395.0,43583.0,36366.0
36,2029,490.0,524.0,15.0,19.0,4677.0,3149.0,1981.0,1035.0,1660.0,1676.0,11.0,4.0,6162.0,2600.0,1692.0,2759.0,8344.0,5883.0,193234.0,179132.0,712439.0,545957.0,721006.0,912534.0,1626679.0,1637623.0,79066.0,77696.0,421.0,52.0,147.0,148.0,1694.0,1639.0,1061.0,1551.0,2479.0,1834.0,34.0,30.0,1672.0,778.0,3322.0,4372.0,72213.0,70609.0,167395.0,167395.0,51927.0,42249.0
36,2030,602.0,628.0,26.0,23.0,5550.0,3715.0,2183.0,1413.0,1870.0,1929.0,8.0,4.0,7100.0,2816.0,1935.0,3640.0,9637.0,7084.0,204337.0,186955.0,736225.0,546230.0,778728.0,1000045.0,1719290.0,1733230.0,79428.0,78444.0,509.0,361.0,86.0,260.0,2530.0,1147.0,618.0,1027.0,1364.0,1776.0,13.0,-7.0,2242.0,-55.0,1860.0,3897.0,76824.0,74812.0,167395.0,167395.0,61564.0,49333.0
36,2031,728.0,656.0,34.0,16.0,6206.0,4058.0,2343.0,1724.0,2058.0,2081.0,15.0,3.0,7773.0,2805.0,2155.0,4421.0,10656.0,7882.0,215878.0,194086.0,757320.0,546606.0,833268.0,1082810.0,1806466.0,1823502.0,80061.0,79213.0,282.0,336.0,134.0,163.0,2108.0,1478.0,942.0,1367.0,1619.0,1518.0,-1.0,40.0,2031.0,203.0,2489.0,4027.0,81626.0,79378.0,167395.0,167395.0,72220.0,57215.0
36,2032,839.0,719.0,65.0,25.0,6935.0,4603.0,2453.0,1949.0,2225.0,2238.0,11.0,8.0,8533.0,3081.0,2317.0,5023.0,11689.0,8823.0,226520.0,202045.0,776549.0,557702.0,885749.0,1148360.0,1888818.0,1908107.0,80294.0,80854.0,448.0,382.0,100.0,29.0,2104.0,1760.0,594.0,510.0,1764.0,1713.0,29.0,14.0,1882.0,782.0,2261.0,2862.0,86217.0,83404.0,167395.0,167395.0,83909.0,66038.0
36,2033,966.0,783.0,84.0,29.0,7649.0,5146.0,2703.0,2156.0,2265.0,2241.0,10.0,2.0,9270.0,3260.0,2475.0,5531.0,12711.0,9574.0,236870.0,208768.0,793401.0,569560.0,936439.0,1212428.0,1966710.0,1990756.0,79744.0,79679.0,407.0,211.0,201.0,274.0,2511.0,833.0,938.0,791.0,1347.0,1269.0,13.0,-36.0,2513.0,335.0,2090.0,2585.0,91227.0,86535.0,167395.0,167395.0,96620.0,75612.0
36,2034,1020.0,843.0,98.0,29.0,8150.0,5790.0,2983.0,2255.0,2534.0,2487.0,14.0,2.0,9997.0,3474.0,2762.0,6246.0,13779.0,10563.0,246619.0,214162.0,807824.0,581454.0,987040.0,1273781.0,2041483.0,2069397.0,79102.0,79930.0,436.0,218.0,132.0,59.0,2352.0,2064.0,594.0,647.0,741.0,1003.0,-58.0,-16.0,2398.0,861.0,927.0,2678.0,94988.0,90292.0,167395.0,167395.0,110399.0,86175.0
36,2035,1110.0,818.0,114.0,42.0,8934.0,6344.0,3285.0,2425.0,2519.0,2563.0,12.0,11.0,10931.0,3761.0,2823.0,6806.0,14864.0,11385.0,256125.0,220059.0,820392.0,592424.0,1035476.0,1333160.0,2111993.0,2145643.0,79147.0,79812.0,362.0,136.0,162.0,109.0,1802.0,1423.0,998.0,188.0,1215.0,791.0,41.0,2.0,2144.0,555.0,1712.0,1822.0,99206.0,92805.0,167395.0,167395.0,125263.0,97560.0
36,2036,1178.0,847.0,175.0,46.0,9394.0,7025.0,3380.0,2538.0,2567.0,2706.0,14.0,6.0,11418.0,4081.0,2934.0,7393.0,15530.0,12321.0,265293.0,225889.0,830314.0,602277.0,1083066.0,1389714.0,2178673.0,2217880.0,79247.0,80401.0,401.0,377.0,41.0,135.0,2027.0,1378.0,1167.0,542.0,512.0,1338.0,-17.0,27.0,2190.0,363.0,1139.0,2680.0,102936.0,96225.0,167395.0,167395.0,140793.0,109881.0
36,2037,1400.0,1000.0,211.0,39.0,9563.0,7446.0,3869.0,2769.0,2686.0,2739.0,19.0,2.0,11828.0,4167.0,3120.0,7828.0,16348.0,12995.0,274069.0,231547.0,837981.0,613593.0,1128094.0,1440491.0,2240144.0,2285631.0,80378.0,82254.0,579.0,71.0,192.0,121.0,1936.0,1339.0,744.0,462.0,1179.0,693.0,27.0,18.0,1963.0,761.0,1536.0,1801.0,107014.0,98858.0,167395.0,167395.0,157141.0,122876.0
36,2038,1490.0,1059.0,263.0,48.0,9714.0,8023.0,3886.0,2861.0,2808.0,2775.0,15.0,9.0,11866.0,4600.0,3330.0,8057.0,16686.0,13716.0,282304.0,236412.0,843572.0,626321.0,1170997.0,1487033.0,2296873.0,2349766.0,81394.0,82824.0,227.0,450.0,197.0,199.0,1706.0,1156.0,781.0,391.0,1090.0,1310.0,-48.0,-10.0,1823.0,767.0,1676.0,1829.0,110740.0,101904.0,167395.0,167395.0,173827.0,136592.0
36,2039,1583.0,1017.0,291.0,64.0,9886.0,8483.0,4162.0,3058.0,3002.0,2955.0,12.0,4.0,12250.0,4931.0,3520.0,8616.0,17353.0,14564.0,289775.0,241104.0,848072.0,638750.0,1211877.0,1530718.0,2349724.0,2410572.0,81778.0,83280.0,743.0,154.0,191.0,112.0,1320.0,1602.0,880.0,448.0,1054.0,745.0,49.0,-34.0,1464.0,1195.0,1287.0,1524.0,114234.0,104777.0,167395.0,167395.0,191180.0,151156.0
36,2040,1749.0,1104.0,380.0,73.0,9780.0,8769.0,4298.0,3216.0,3026.0,3015.0,16.0,3.0,12128.0,5027.0,3623.0,8945.0,17500.0,15076.0,297131.0,245919.0,851122.0,650482.0,1251331.0,1572119.0,2399584.0,2468520.0,81788.0,83686.0,245.0,148.0,113.0,38.0,1674.0,1232.0,318.0,472.0,840.0,707.0,36.0,3.0,1475.0,649.0,1261.0,1655.0,117215.0,107229.0,167395.0,167395.0,208680.0,166232.0
37,2009,0.0,0.0,0.0,0.0,0.0,0.0,0.0,0.0,0.0,0.0,0.0,0.0,0.0,0.0,0.0,0.0,0.0,0.0,38231.0,38231.0,93389.0,93389.0,73730.0,73730.0,205350.0,205350.0,63809.0,63809.0,1679.0,1679.0,0.0,0.0,514.0,514.0,7737.0,7737.0,0.0,0.0,0.0,0.0,2625.0,2625.0,3947.0,3947.0,8251.0,8251.0,140986.0,140986.0,0.0,0.0
37,2010,0.0,0.0,0.0,0.0,0.0,0.0,0.0,0.0,0.0,0.0,0.0,0.0,0.0,0.0,0.0,0.0,0.0,0.0,35833.0,35833.0,106825.0,106825.0,66853.0,66853.0,209511.0,209511.0,68312.0,68312.0,-39.0,-39.0,0.0,0.0,240.0,240.0,-372.0,-372.0,84.0,84.0,0.0,0.0,317.0,317.0,-326.0,-326.0,8203.0,8203.0,150263.0,150263.0,0.0,0.0
37,2011,0.0,0.0,0.0,0.0,1.0,1.0,24.0,24.0,0.0,0.0,0.0,0.0,2.0,2.0,23.0,23.0,25.0,25.0,32580.0,32580.0,125693.0,125693.0,63274.0,63274.0,221547.0,221547.0,63497.0,63497.0,-90.0,-90.0,0.0,0.0,500.0,500.0,-594.0,-594.0,288.0,288.0,0.0,0.0,445.0,445.0,-161.0,-161.0,8397.0,8397.0,139300.0,139300.0,25.0,25.0
37,2012,31.0,31.0,0.0,0.0,0.0,0.0,145.0,145.0,2.0,2.0,0.0,0.0,36.0,36.0,80.0,80.0,147.0,147.0,31919.0,31919.0,141743.0,141743.0,55648.0,55648.0,229310.0,229310.0,65332.0,65332.0,66.0,66.0,0.0,0.0,356.0,356.0,-585.0,-585.0,460.0,460.0,0.0,0.0,339.0,339.0,-174.0,-174.0,8628.0,8628.0,144647.0,144647.0,172.0,172.0
37,2013,64.0,64.0,0.0,0.0,8.0,8.0,224.0,224.0,8.0,8.0,0.0,0.0,133.0,133.0,43.0,43.0,240.0,240.0,30613.0,30613.0,153990.0,153990.0,49576.0,49576.0,234179.0,234179.0,72622.0,72622.0,-25.0,-25.0,0.0,0.0,225.0,225.0,-823.0,-823.0,1054.0,1054.0,0.0,0.0,503.0,503.0,-22.0,-22.0,9084.0,9084.0,161269.0,161269.0,412.0,412.0
37,2014,57.0,57.0,0.0,0.0,19.0,19.0,227.0,227.0,27.0,27.0,0.0,0.0,186.0,186.0,30.0,30.0,273.0,273.0,34732.0,34732.0,176517.0,176517.0,47294.0,47294.0,258543.0,258543.0,67973.0,67973.0,-78.0,-78.0,3.0,3.0,502.0,502.0,-1363.0,-1363.0,739.0,739.0,17.0,17.0,25.0,25.0,-49.0,-49.0,8982.0,8982.0,151359.0,151359.0,685.0,685.0
37,2015,87.0,87.0,0.0,0.0,43.0,43.0,200.0,200.0,74.0,74.0,0.0,0.0,162.0,162.0,68.0,68.0,317.0,317.0,42481.0,42481.0,210483.0,210483.0,58882.0,58882.0,311846.0,311846.0,64472.0,64472.0,239.0,239.0,80.0,80.0,825.0,825.0,-241.0,-241.0,1502.0,1502.0,137.0,137.0,824.0,824.0,1240.0,1240.0,11285.0,11285.0,143952.0,143952.0,1002.0,1002.0
37,2016,224.0,224.0,0.0,0.0,114.0,114.0,431.0,431.0,161.0,161.0,0.0,0.0,326.0,326.0,156.0,156.0,706.0,706.0,53594.0,53594.0,264223.0,264223.0,89403.0,89403.0,407220.0,407220.0,62964.0,62964.0,382.0,382.0,199.0,199.0,1314.0,1314.0,431.0,431.0,1548.0,1548.0,107.0,107.0,1266.0,1266.0,1951.0,1951.0,14884.0,14884.0,140350.0,140350.0,1708.0,1708.0
37,2017,141.0,141.0,0.0,0.0,175.0,175.0,530.0,530.0,323.0,323.0,0.0,0.0,591.0,591.0,296.0,296.0,1028.0,1028.0,67667.0,67667.0,308570.0,308570.0,109490.0,109490.0,485727.0,485727.0,62597.0,62597.0,455.0,455.0,228.0,228.0,1048.0,1048.0,475.0,475.0,600.0,600.0,179.0,179.0,1195.0,1195.0,880.0,880.0,17414.0,17414.0,139605.0,139605.0,2736.0,2736.0
37,2018,49.0,49.0,0.0,0.0,263.0,263.0,536.0,536.0,383.0,383.0,0.0,0.0,774.0,774.0,359.0,359.0,1182.0,1182.0,84154.0,84154.0,348134.0,348134.0,121254.0,121254.0,553542.0,553542.0,62512.0,62512.0,562.0,562.0,136.0,136.0,1383.0,1383.0,674.0,674.0,341.0,341.0,275.0,275.0,1389.0,1389.0,858.0,858.0,20223.0,20223.0,139482.0,139482.0,3918.0,3918.0
37,2019,133.0,133.0,0.0,0.0,444.0,444.0,914.0,914.0,525.0,525.0,0.0,0.0,1254.0,1254.0,496.0,496.0,1883.0,1883.0,92945.0,92945.0,394246.0,394246.0,152809.0,152809.0,640000.0,640000.0,63467.0,63467.0,240.0,240.0,13.0,13.0,1144.0,1144.0,476.0,476.0,1226.0,1226.0,8.0,8.0,907.0,907.0,1720.0,1720.0,23090.0,23090.0,140588.0,140588.0,5801.0,5801.0
37,2020,129.0,129.0,2.0,2.0,647.0,647.0,886.0,886.0,666.0,666.0,0.0,0.0,1452.0,1452.0,620.0,620.0,2201.0,2201.0,102629.0,102629.0,426768.0,426768.0,189856.0,189856.0,719253.0,719253.0,66322.0,66322.0,587.0,587.0,-179.0,-179.0,1151.0,1151.0,1043.0,1043.0,2005.0,2005.0,125.0,125.0,1405.0,1405.0,2153.0,2153.0,27235.0,27235.0,147154.0,147154.0,8002.0,8002.0
37,2021,149.0,149.0,0.0,0.0,774.0,774.0,914.0,914.0,702.0,702.0,0.0,0.0,1582.0,1582.0,659.0,659.0,2390.0,2390.0,112284.0,112284.0,472882.0,472882.0,214892.0,214892.0,800058.0,800058.0,89012.0,89012.0,487.0,487.0,-95.0,-95.0,896.0,896.0,1695.0,1695.0,422.0,422.0,83.0,83.0,1416.0,1416.0,1098.0,1098.0,30236.0,30236.0,195507.0,195507.0,10392.0,10392.0
37,2022,119.0,119.0,0.0,0.0,738.0,738.0,913.0,913.0,680.0,680.0,6.0,6.0,1580.0,1580.0,638.0,638.0,2337.0,2337.0,109668.0,109668.0,489414.0,489414.0,236797.0,236797.0,835879.0,835879.0,126373.0,126373.0,-66.0,-66.0,-68.0,-68.0,179.0,179.0,399.0,399.0,1027.0,1027.0,-43.0,-43.0,422.0,422.0,1138.0,1138.0,31730.0,31730.0,275252.0,275252.0,12729.0,12729.0
37,2023,175.0,175.0,0.0,0.0,1087.0,1087.0,1141.0,1141.0,788.0,788.0,22.0,22.0,2110.0,2110.0,753.0,753.0,3038.0,3038.0,116079.0,116079.0,528619.0,528619.0,304263.0,304263.0,948961.0,948961.0,89379.0,89379.0,184.0,184.0,126.0,126.0,1650.0,1650.0,1379.0,1379.0,2825.0,2825.0,-205.0,-205.0,1670.0,1670.0,3921.0,3921.0,37505.0,37505.0,193927.0,193927.0,15767.0,15767.0
37,2024,332.0,332.0,0.0,0.0,1521.0,1521.0,1329.0,1329.0,940.0,940.0,126.0,126.0,2681.0,2681.0,903.0,903.0,3916.0,3916.0,129978.0,129978.0,563733.0,563733.0,382885.0,382885.0,1076596.0,1076596.0,77221.0,77221.0,470.0,470.0,85.0,85.0,1750.0,1750.0,1436.0,1436.0,3248.0,3248.0,-17.0,-17.0,1897.0,1897.0,4135.0,4135.0,44007.0,44007.0,167395.0,167395.0,19683.0,19683.0
37,2025,354.0,300.0,1.0,0.0,2029.0,1674.0,1575.0,808.0,1126.0,1140.0,104.0,38.0,3391.0,2244.0,1090.0,1116.0,4835.0,3660.0,143626.0,140387.0,597224.0,552667.0,457535.0,506429.0,1198385.0,1199483.0,77493.0,76923.0,454.0,419.0,204.0,359.0,1476.0,1647.0,1242.0,465.0,2710.0,2718.0,-58.0,-143.0,1491.0,-1308.0,3629.0,5935.0,49581.0,49053.0,167395.0,167395.0,24518.0,23343.0
37,2026,340.0,331.0,6.0,3.0,2607.0,1917.0,1536.0,608.0,1270.0,1244.0,47.0,3.0,3876.0,2041.0,1250.0,1403.0,5466.0,3775.0,156266.0,152370.0,629753.0,547037.0,528501.0,618808.0,1314520.0,1318215.0,77650.0,75933.0,557.0,355.0,149.0,196.0,1805.0,1311.0,842.0,801.0,2781.0,2855.0,-80.0,-18.0,1379.0,-849.0,3561.0,5639.0,55078.0,54198.0,167395.0,167395.0,29984.0,27118.0
37,2027,369.0,405.0,9.0,9.0,3328.0,2324.0,1747.0,641.0,1443.0,1417.0,0.0,2.0,4725.0,2260.0,1433.0,1728.0,6527.0,4393.0,168791.0,161243.0,659497.0,546607.0,596765.0,723125.0,1425053.0,1430975.0,76809.0,75643.0,217.0,167.0,145.0,149.0,1859.0,1576.0,1437.0,1658.0,3052.0,2867.0,-50.0,12.0,2240.0,174.0,3986.0,5921.0,61521.0,60460.0,167395.0,167395.0,36511.0,31511.0
37,2028,451.0,499.0,14.0,9.0,3998.0,2633.0,1956.0,863.0,1481.0,1511.0,12.0,4.0,5495.0,2362.0,1515.0,2159.0,7461.0,5020.0,181090.0,170403.0,687551.0,546976.0,659715.0,819437.0,1528356.0,1536816.0,78625.0,77451.0,483.0,427.0,110.0,123.0,1810.0,1549.0,1133.0,878.0,2331.0,2545.0,30.0,16.0,1823.0,214.0,3108.0,4470.0,66935.0,65571.0,167395.0,167395.0,43972.0,36531.0
37,2029,456.0,494.0,27.0,13.0,4627.0,3119.0,2014.0,1059.0,1698.0,1751.0,7.0,7.0,6183.0,2677.0,1734.0,2778.0,8373.0,5949.0,193140.0,179468.0,713429.0,547201.0,720081.0,911211.0,1626650.0,1637880.0,78728.0,77379.0,454.0,277.0,155.0,316.0,2061.0,1648.0,663.0,927.0,2021.0,1930.0,6.0,28.0,1816.0,294.0,2636.0,4278.0,71841.0,70420.0,167395.0,167395.0,52345.0,42480.0
37,2030,561.0,619.0,31.0,11.0,5498.0,3702.0,2162.0,1413.0,1924.0,1923.0,6.0,6.0,7095.0,2796.0,1965.0,3640.0,9621.0,7055.0,204996.0,188059.0,736948.0,546953.0,777262.0,998295.0,1719206.0,1733307.0,79450.0,78582.0,432.0,189.0,70.0,29.0,2101.0,1135.0,1036.0,1463.0,1814.0,1850.0,-5.0,-43.0,2012.0,318.0,2572.0,3927.0,76857.0,74854.0,167395.0,167395.0,61966.0,49535.0
37,2031,711.0,651.0,54.0,18.0,6164.0,4105.0,2330.0,1772.0,1974.0,1990.0,14.0,7.0,7756.0,2906.0,2069.0,4335.0,10536.0,7892.0,216175.0,194976.0,758491.0,547484.0,832034.0,1081363.0,1806700.0,1823823.0,79818.0,79092.0,496.0,556.0,186.0,169.0,2648.0,1931.0,698.0,1011.0,1131.0,1197.0,31.0,93.0,2367.0,441.0,1831.0,3404.0,81551.0,79255.0,167395.0,167395.0,72502.0,57427.0
37,2032,829.0,735.0,43.0,31.0,6818.0,4627.0,2463.0,1887.0,2261.0,2255.0,11.0,7.0,8385.0,3073.0,2382.0,4999.0,11596.0,8807.0,226998.0,203101.0,777345.0,558596.0,884104.0,1146938.0,1888447.0,1908635.0,80370.0,80668.0,308.0,121.0,170.0,136.0,2184.0,1325.0,664.0,584.0,2194.0,2139.0,-17.0,-56.0,2131.0,278.0,2756.0,3729.0,86746.0,83383.0,167395.0,167395.0,84098.0,66234.0
37,2033,898.0,757.0,57.0,21.0,7820.0,5269.0,2747.0,2102.0,2386.0,2314.0,15.0,3.0,9535.0,3406.0,2592.0,5546.0,13025.0,9709.0,237214.0,209507.0,794226.0,570318.0,934949.0,1211188.0,1966389.0,1991013.0,80089.0,79668.0,434.0,457.0,149.0,212.0,1970.0,1484.0,845.0,811.0,1110.0,870.0,12.0,57.0,2013.0,753.0,1639.0,2224.0,90832.0,86817.0,167395.0,167395.0,97123.0,75943.0
37,2034,987.0,837.0,102.0,34.0,8233.0,5946.0,3005.0,2208.0,2533.0,2504.0,11.0,3.0,10057.0,3597.0,2840.0,6261.0,13884.0,10695.0,247194.0,214978.0,808829.0,582332.0,985094.0,1272747.0,2041117.0,2070057.0,79157.0,79889.0,355.0,7.0,137.0,56.0,2469.0,1425.0,591.0,467.0,943.0,1192.0,6.0,-27.0,2571.0,755.0,1220.0,2351.0,94978.0,89930.0,167395.0,167395.0,111007.0,86638.0
37,2035,1075.0,823.0,155.0,41.0,8908.0,6351.0,3232.0,2431.0,2426.0,2417.0,20.0,6.0,10913.0,3758.0,2753.0,6665.0,14741.0,11246.0,256883.0,221030.0,820460.0,592580.0,1034080.0,1332146.0,2111423.0,2145756.0,79075.0,79653.0,480.0,398.0,101.0,174.0,2204.0,1590.0,1105.0,517.0,1113.0,1288.0,-19.0,12.0,2382.0,629.0,1642.0,2554.0,99482.0,93511.0,167395.0,167395.0,125748.0,97884.0
37,2036,1291.0,935.0,200.0,33.0,9736.0,7153.0,3498.0,2588.0,2631.0,2645.0,10.0,4.0,11801.0,4070.0,2983.0,7418.0,16075.0,12423.0,265906.0,226706.0,829987.0,601721.0,1081753.0,1390024.0,2177646.0,2218451.0,79253.0,80331.0,350.0,223.0,64.0,145.0,1943.0,1456.0,916.0,193.0,958.0,484.0,24.0,48.0,1997.0,502.0,1558.0,1601.0,103387.0,95837.0,167395.0,167395.0,141823.0,110307.0
37,2037,1393.0,973.0,265.0,49.0,9654.0,7534.0,3817.0,2673.0,2765.0,2809.0,21.0,6.0,11887.0,4153.0,3242.0,7945.0,16522.0,13071.0,274453.0,232185.0,837762.0,612792.0,1127104.0,1440808.0,2239319.0,2285785.0,80083.0,82423.0,586.0,31.0,239.0,149.0,1873.0,1319.0,814.0,744.0,744.0,1098.0,50.0,-41.0,2123.0,570.0,1011.0,2668.0,107107.0,99106.0,167395.0,167395.0,158345.0,123378.0
37,2038,1509.0,1067.0,256.0,68.0,9698.0,8195.0,3796.0,2896.0,2754.0,2806.0,13.0,3.0,11747.0,4578.0,3261.0,8323.0,16517.0,13968.0,282724.0,237040.0,843557.0,624946.0,1170262.0,1487714.0,2296543.0,2349700.0,81234.0,82911.0,297.0,301.0,127.0,24.0,1424.0,1519.0,816.0,425.0,974.0,961.0,-43.0,2.0,1450.0,1084.0,1551.0,1546.0,110405.0,102037.0,167395.0,167395.0,174862.0,137346.0
37,2039,1568.0,1087.0,280.0,61.0,9789.0,8382.0,4152.0,2988.0,2943.0,2926.0,18.0,5.0,12140.0,4824.0,3474.0,8451.0,17182.0,14362.0,290513.0,241822.0,848528.0,637847.0,1211353.0,1531341.0,2350394.0,2411010.0,81259.0,83249.0,398.0,158.0,44.0,50.0,1425.0,875.0,609.0,508.0,1218.0,859.0,52.0,-25.0,1445.0,503.0,1505.0,1606.0,113753.0,104304.0,167395.0,167395.0,192044.0,151708.0
37,2040,1835.0,1163.0,403.0,79.0,9807.0,8928.0,4351.0,3162.0,2897.0,3019.0,19.0,8.0,12161.0,5178.0,3481.0,8855.0,17477.0,15196.0,297817.0,246608.0,851927.0,648890.0,1250543.0,1572964.0,2400287.0,2468462.0,81916.0,83951.0,455.0,363.0,230.0,276.0,1532.0,1772.0,726.0,227.0,850.0,850.0,-37.0,31.0,1393.0,1253.0,1453.0,1540.0,117054.0,107460.0,167395.0,167395.0,209521.0,166904.0
38,2009,0.0,0.0,0.0,0.0,0.0,0.0,0.0,0.0,0.0,0.0,0.0,0.0,0.0,0.0,0.0,0.0,0.0,0.0,38152.0,38152.0,93521.0,93521.0,73636.0,73636.0,205309.0,205309.0,63851.0,63851.0,1697.0,1697.0,0.0,0.0,512.0,512.0,7735.0,7735.0,3.0,3.0,0.0,0.0,2631.0,2631.0,3922.0,3922.0,8250.0,8250.0,140986.0,140986.0,0.0,0.0
38,2010,0.0,0.0,0.0,0.0,0.0,0.0,0.0,0.0,0.0,0.0,0.0,0.0,0.0,0.0,0.0,0.0,0.0,0.0,35956.0,35956.0,106566.0,106566.0,66955.0,66955.0,209477.0,209477.0,68149.0,68149.0,-37.0,-37.0,0.0,0.0,279.0,279.0,-254.0,-254.0,84.0,84.0,0.0,0.0,362.0,362.0,-216.0,-216.0,8359.0,8359.0,150263.0,150263.0,0.0,0.0
38,2011,0.0,0.0,0.0,0.0,0.0,0.0,39.0,39.0,0.0,0.0,0.0,0.0,3.0,3.0,36.0,36.0,39.0,39.0,32456.0,32456.0,125363.0,125363.0,63552.0,63552.0,221371.0,221371.0,63578.0,63578.0,-67.0,-67.0,0.0,0.0,416.0,416.0,-615.0,-615.0,298.0,298.0,0.0,0.0,332.0,332.0,-166.0,-166.0,8458.0,8458.0,139300.0,139300.0,39.0,39.0
38,2012,29.0,29.0,0.0,0.0,2.0,2.0,129.0,129.0,0.0,0.0,0.0,0.0,38.0,38.0,64.0,64.0,131.0,131.0,31742.0,31742.0,141703.0,141703.0,55817.0,55817.0,229262.0,229262.0,65221.0,65221.0,-45.0,-45.0,0.0,0.0,356.0,356.0,-692.0,-692.0,489.0,489.0,0.0,0.0,405.0,405.0,-207.0,-207.0,8611.0,8611.0,144647.0,144647.0,170.0,170.0
38,2013,62.0,62.0,0.0,0.0,3.0,3.0,253.0,253.0,11.0,11.0,0.0,0.0,159.0,159.0,46.0,46.0,267.0,267.0,30468.0,30468.0,154040.0,154040.0,49721.0,49721.0,234229.0,234229.0,72714.0,72714.0,-19.0,-19.0,0.0,0.0,243.0,243.0,-928.0,-928.0,968.0,968.0,0.0,0.0,479.0,479.0,-177.0,-177.0,8894.0,8894.0,161269.0,161269.0,437.0,437.0
38,2014,48.0,48.0,0.0,0.0,19.0,19.0,209.0,209.0,39.0,39.0,0.0,0.0,176.0,176.0,43.0,43.0,267.0,267.0,34453.0,34453.0,177101.0,177101.0,46677.0,46677.0,258231.0,258231.0,68190.0,68190.0,-7.0,-7.0,10.0,10.0,540.0,540.0,-1308.0,-1308.0,970.0,970.0,21.0,21.0,-22.0,-22.0,262.0,262.0,9127.0,9127.0,151359.0,151359.0,704.0,704.0
38,2015,78.0,78.0,0.0,0.0,62.0,62.0,189.0,189.0,65.0,65.0,0.0,0.0,177.0,177.0,61.0,61.0,316.0,316.0,42245.0,42245.0,210881.0,210881.0,58445.0,58445.0,311571.0,311571.0,64490.0,64490.0,233.0,233.0,72.0,72.0,785.0,785.0,-49.0,-49.0,1176.0,1176.0,119.0,119.0,1028.0,1028.0,842.0,842.0,11230.0,11230.0,143952.0,143952.0,1020.0,1020.0
38,2016,216.0,216.0,0.0,0.0,131.0,131.0,415.0,415.0,151.0,151.0,0.0,0.0,335.0,335.0,146.0,146.0,697.0,697.0,53179.0,53179.0,264175.0,264175.0,89696.0,89696.0,407050.0,407050.0,62882.0,62882.0,353.0,353.0,191.0,191.0,1423.0,1423.0,193.0,193.0,1710.0,1710.0,114.0,114.0,1181.0,1181.0,2097.0,2097.0,14861.0,14861.0,140350.0,140350.0,1717.0,1717.0
38,2017,143.0,143.0,0.0,0.0,183.0,183.0,507.0,507.0,283.0,283.0,0.0,0.0,562.0,562.0,268.0,268.0,973.0,973.0,67324.0,67324.0,308456.0,308456.0,109910.0,109910.0,485690.0,485690.0,62535.0,62535.0,426.0,426.0,262.0,262.0,1096.0,1096.0,428.0,428.0,544.0,544.0,152.0,152.0,1140.0,1140.0,916.0,916.0,17343.0,17343.0,139605.0,139605.0,2690.0,2690.0
38,2018,38.0,38.0,0.0,0.0,277.0,277.0,545.0,545.0,389.0,389.0,0.0,0.0,801.0,801.0,372.0,372.0,1211.0,1211.0,83753.0,83753.0,348227.0,348227.0,121867.0,121867.0,553847.0,553847.0,62532.0,62532.0,583.0,583.0,124.0,124.0,1032.0,1032.0,765.0,765.0,290.0,290.0,307.0,307.0,1159.0,1159.0,776.0,776.0,19861.0,19861.0,139482.0,139482.0,3901.0,3901.0
38,2019,145.0,145.0,1.0,1.0,420.0,420.0,910.0,910.0,530.0,530.0,0.0,0.0,1210.0,1210.0,506.0,506.0,1861.0,1861.0,92441.0,92441.0,393766.0,393766.0,154142.0,154142.0,640349.0,640349.0,63323.0,63323.0,272.0,272.0,-70.0,-70.0,1260.0,1260.0,777.0,777.0,1329.0,1329.0,33.0,33.0,1240.0,1240.0,1817.0,1817.0,23190.0,23190.0,140588.0,140588.0,5762.0,5762.0
38,2020,129.0,129.0,0.0,0.0,671.0,671.0,872.0,872.0,675.0,675.0,0.0,0.0,1437.0,1437.0,652.0,652.0,2218.0,2218.0,101939.0,101939.0,426599.0,426599.0,191271.0,191271.0,719809.0,719809.0,66504.0,66504.0,496.0,496.0,-115.0,-115.0,1219.0,1219.0,620.0,620.0,1838.0,1838.0,94.0,94.0,1161.0,1161.0,1999.0,1999.0,26846.0,26846.0,147154.0,147154.0,7980.0,7980.0
38,2021,168.0,168.0,0.0,0.0,834.0,834.0,880.0,880.0,715.0,715.0,0.0,0.0,1575.0,1575.0,686.0,686.0,2429.0,2429.0,111938.0,111938.0,471940.0,471940.0,216925.0,216925.0,800803.0,800803.0,88777.0,88777.0,526.0,526.0,-116.0,-116.0,849.0,849.0,1993.0,1993.0,593.0,593.0,117.0,117.0,1527.0,1527.0,1383.0,1383.0,30282.0,30282.0,195507.0,195507.0,10409.0,10409.0
38,2022,128.0,128.0,0.0,0.0,836.0,836.0,917.0,917.0,653.0,653.0,7.0,7.0,1655.0,1655.0,630.0,630.0,2413.0,2413.0,109184.0,109184.0,488349.0,488349.0,238924.0,238924.0,836457.0,836457.0,126234.0,126234.0,49.0,49.0,-37.0,-37.0,535.0,535.0,306.0,306.0,1044.0,1044.0,-94.0,-94.0,579.0,579.0,1126.0,1126.0,32036.0,32036.0,275252.0,275252.0,12822.0,12822.0
38,2023,141.0,141.0,0.0,0.0,1019.0,1019.0,1176.0,1176.0,748.0,748.0,14.0,14.0,2092.0,2092.0,724.0,724.0,2957.0,2957.0,115351.0,115351.0,527666.0,527666.0,306035.0,306035.0,949052.0,949052.0,89382.0,89382.0,119.0,119.0,135.0,135.0,1503.0,1503.0,1613.0,1613.0,2915.0,2915.0,-213.0,-213.0,1710.0,1710.0,4124.0,4124.0,37989.0,37989.0,193927.0,193927.0,15779.0,15779.0
38,2024,328.0,328.0,0.0,0.0,1492.0,1492.0,1272.0,1272.0,927.0,927.0,115.0,115.0,2579.0,2579.0,899.0,899.0,3806.0,3806.0,129392.0,129392.0,562578.0,562578.0,384594.0,384594.0,1076564.0,1076564.0,77295.0,77295.0,516.0,516.0,146.0,146.0,1649.0,1649.0,1012.0,1012.0,3237.0,3237.0,23.0,23.0,1502.0,1502.0,4049.0,4049.0,44056.0,44056.0,167395.0,167395.0,19585.0,19585.0
38,2025,371.0,325.0,3.0,0.0,2025.0,1676.0,1613.0,879.0,1078.0,1040.0,117.0,47.0,3404.0,2263.0,1061.0,1054.0,4836.0,3642.0,142943.0,139700.0,596101.0,551160.0,459134.0,508166.0,1198178.0,1199026.0,77379.0,76887.0,452.0,253.0,85.0,281.0,1600.0,1566.0,1343.0,787.0,2830.0,2901.0,-44.0,-77.0,1750.0,-843.0,3612.0,6048.0,49870.0,49514.0,167395.0,167395.0,24421.0,23227.0
38,2026,379.0,365.0,2.0,5.0,2579.0,1950.0,1470.0,593.0,1238.0,1239.0,44.0,5.0,3711.0,2030.0,1243.0,1397.0,5333.0,3792.0,155737.0,151854.0,628169.0,545300.0,530003.0,620233.0,1313909.0,1317387.0,77838.0,76249.0,277.0,407.0,160.0,220.0,1443.0,1498.0,1092.0,611.0,2789.0,2532.0,-60.0,-122.0,1351.0,-1230.0,3796.0,5562.0,55294.0,54253.0,167395.0,167395.0,29754.0,27019.0
38,2027,402.0,440.0,6.0,7.0,3333.0,2339.0,1732.0,592.0,1376.0,1351.0,3.0,5.0,4674.0,2185.0,1374.0,1669.0,6450.0,4294.0,168454.0,160746.0,658124.0,545330.0,597919.0,724065.0,1424497.0,1430141.0,76783.0,75658.0,430.0,365.0,117.0,170.0,2215.0,1786.0,1194.0,1319.0,2708.0,2870.0,-36.0,53.0,2284.0,434.0,3484.0,5399.0,61492.0,60451.0,167395.0,167395.0,36204.0,31313.0
38,2028,487.0,512.0,11.0,13.0,3928.0,2689.0,1959.0,837.0,1573.0,1555.0,15.0,2.0,5402.0,2342.0,1597.0,2242.0,7486.0,5096.0,180545.0,169641.0,685807.0,545121.0,661466.0,820737.0,1527818.0,1535499.0,78494.0,77447.0,533.0,440.0,145.0,139.0,2070.0,1572.0,1073.0,1495.0,2286.0,2368.0,-18.0,33.0,1894.0,376.0,3129.0,4791.0,67048.0,66058.0,167395.0,167395.0,43690.0,36409.0
38,2029,535.0,519.0,22.0,13.0,4731.0,3163.0,1990.0,1043.0,1708.0,1751.0,13.0,3.0,6150.0,2599.0,1779.0,2855.0,8464.0,5973.0,192316.0,178611.0,711591.0,545150.0,721693.0,912649.0,1625600.0,1636410.0,79009.0,77465.0,595.0,166.0,213.0,144.0,1673.0,1031.0,1099.0,1156.0,2042.0,2095.0,-3.0,3.0,1710.0,59.0,2719.0,4204.0,72072.0,70487.0,167395.0,167395.0,52154.0,42382.0
38,2030,537.0,554.0,38.0,25.0,5370.0,3623.0,2204.0,1397.0,1836.0,1900.0,11.0,7.0,6992.0,2714.0,1930.0,3684.0,9459.0,6952.0,204386.0,187233.0,735235.0,544945.0,778997.0,1000019.0,1718618.0,1732197.0,79166.0,78455.0,131.0,241.0,107.0,207.0,2109.0,1654.0,774.0,1003.0,1620.0,1270.0,-3.0,0.0,2159.0,509.0,2317.0,3384.0,76679.0,74621.0,167395.0,167395.0,61613.0,49334.0
38,2031,709.0,673.0,49.0,20.0,6118.0,4117.0,2331.0,1735.0,2040.0,2074.0,14.0,6.0,7720.0,2855.0,2123.0,4424.0,10552.0,7952.0,215720.0,194324.0,756481.0,545383.0,833597.0,1082561.0,1805798.0,1822268.0,80182.0,79457.0,430.0,332.0,129.0,128.0,2495.0,1479.0,426.0,957.0,1773.0,2140.0,-1.0,10.0,2201.0,61.0,2191.0,4321.0,81501.0,79335.0,167395.0,167395.0,72165.0,57286.0
38,2032,849.0,748.0,46.0,24.0,7021.0,4688.0,2378.0,1939.0,2281.0,2256.0,7.0,6.0,8502.0,3123.0,2382.0,5042.0,11733.0,8913.0,226770.0,202840.0,775455.0,556551.0,886014.0,1147864.0,1888239.0,1907255.0,80396.0,80756.0,388.0,307.0,133.0,78.0,2150.0,1688.0,907.0,619.0,1313.0,1438.0,22.0,-38.0,2079.0,639.0,2058.0,2839.0,86026.0,83120.0,167395.0,167395.0,83898.0,66199.0
38,2033,914.0,758.0,64.0,30.0,7734.0,5214.0,2657.0,2083.0,2307.0,2233.0,10.0,7.0,9333.0,3316.0,2525.0,5493.0,12772.0,9567.0,237356.0,209455.0,792607.0,568454.0,936923.0,1212323.0,1966886.0,1990232.0,79732.0,79484.0,459.0,179.0,38.0,145.0,2322.0,1227.0,448.0,507.0,1642.0,1350.0,8.0,53.0,2069.0,619.0,1930.0,2484.0,90484.0,86402.0,167395.0,167395.0,96670.0,75766.0
38,2034,1015.0,780.0,100.0,28.0,8334.0,5722.0,2937.0,2189.0,2540.0,2552.0,9.0,3.0,10141.0,3498.0,2764.0,6216.0,13920.0,10494.0,247419.0,215214.0,807032.0,580634.0,986862.0,1273933.0,2041313.0,2069781.0,78938.0,79793.0,658.0,230.0,309.0,102.0,2271.0,1196.0,1288.0,883.0,1164.0,981.0,-18.0,-43.0,2404.0,301.0,1952.0,2588.0,95498.0,89521.0,167395.0,167395.0,110590.0,86260.0
38,2035,1169.0,896.0,148.0,37.0,8934.0,6430.0,3431.0,2507.0,2466.0,2531.0,13.0,2.0,11034.0,3757.0,2789.0,6854.0,14992.0,11507.0,256763.0,220600.0,819887.0,591785.0,1035462.0,1333995.0,2112112.0,2146380.0,79063.0,79656.0,193.0,276.0,10.0,121.0,2034.0,1581.0,606.0,436.0,816.0,915.0,37.0,34.0,2131.0,639.0,1179.0,2172.0,99001.0,92608.0,167395.0,167395.0,125582.0,97767.0
38,2036,1269.0,937.0,210.0,46.0,9407.0,7007.0,3393.0,2609.0,2562.0,2614.0,28.0,4.0,11388.0,3918.0,2943.0,7425.0,15600.0,12280.0,265847.0,226393.0,829717.0,601604.0,1082778.0,1390696.0,2178342.0,2218693.0,79062.0,80110.0,436.0,329.0,179.0,181.0,2221.0,1749.0,1218.0,474.0,952.0,1407.0,0.0,21.0,2638.0,935.0,1496.0,2568.0,103571.0,96440.0,167395.0,167395.0,141182.0,110047.0
38,2037,1400.0,991.0,200.0,45.0,9710.0,7604.0,3854.0,2737.0,2623.0,2665.0,13.0,7.0,11900.0,4229.0,3100.0,7838.0,16400.0,13058.0,274498.0,232003.0,837343.0,612720.0,1127017.0,1440986.0,2238858.0,2285709.0,80407.0,82315.0,572.0,97.0,176.0,170.0,1953.0,1536.0,931.0,426.0,1320.0,949.0,-11.0,11.0,1983.0,543.0,1814.0,2452.0,107940.0,99532.0,167395.0,167395.0,157582.0,123105.0
38,2038,1528.0,1045.0,267.0,52.0,9601.0,8053.0,3861.0,2917.0,2797.0,2823.0,16.0,3.0,11750.0,4554.0,3264.0,8249.0,16542.0,13848.0,282976.0,237309.0,843406.0,625319.0,1169548.0,1487278.0,2295930.0,2349906.0,81287.0,82766.0,280.0,164.0,48.0,50.0,1303.0,1103.0,451.0,480.0,760.0,786.0,2.0,-51.0,1397.0,899.0,887.0,1305.0,110504.0,101900.0,167395.0,167395.0,174124.0,136953.0
38,2039,1654.0,1123.0,297.0,60.0,9854.0,8565.0,4056.0,3063.0,2869.0,2857.0,14.0,12.0,11990.0,4875.0,3446.0,8559.0,17090.0,14557.0,290764.0,242541.0,848052.0,638071.0,1210475.0,1530352.0,2349291.0,2410964.0,81403.0,83102.0,406.0,291.0,232.0,155.0,1638.0,1293.0,715.0,419.0,987.0,934.0,23.0,2.0,1711.0,782.0,1478.0,1730.0,114099.0,104703.0,167395.0,167395.0,191214.0,151510.0
38,2040,1813.0,1149.0,393.0,91.0,9717.0,8898.0,4301.0,3270.0,2965.0,3003.0,13.0,8.0,11939.0,5053.0,3637.0,9068.0,17389.0,15270.0,298065.0,246960.0,851126.0,649632.0,1250195.0,1572000.0,2399386.0,2468592.0,81638.0,83640.0,373.0,309.0,55.0,220.0,1488.0,1047.0,838.0,351.0,652.0,1225.0,-2.0,49.0,1431.0,731.0,1227.0,1852.0,117130.0,107595.0,167395.0,167395.0,208603.0,166780.0
39,2009,0.0,0.0,0.0,0.0,0.0,0.0,0.0,0.0,0.0,0.0,0.0,0.0,0.0,0.0,0.0,0.0,0.0,0.0,38440.0,38440.0,93053.0,93053.0,73745.0,73745.0,205238.0,205238.0,63934.0,63934.0,1728.0,1728.0,0.0,0.0,561.0,561.0,7677.0,7677.0,0.0,0.0,0.0,0.0,2589.0,2589.0,3921.0,3921.0,8238.0,8238.0,140986.0,140986.0,0.0,0.0
39,2010,0.0,0.0,0.0,0.0,0.0,0.0,0.0,0.0,0.0,0.0,0.0,0.0,0.0,0.0,0.0,0.0,0.0,0.0,35893.0,35893.0,106622.0,106622.0,66723.0,66723.0,209238.0,209238.0,68389.0,68389.0,-10.0,-10.0,0.0,0.0,219.0,219.0,-251.0,-251.0,81.0,81.0,0.0,0.0,347.0,347.0,-288.0,-288.0,8287.0,8287.0,150263.0,150263.0,0.0,0.0
39,2011,0.0,0.0,0.0,0.0,2.0,2.0,35.0,35.0,0.0,0.0,0.0,0.0,7.0,7.0,30.0,30.0,37.0,37.0,32484.0,32484.0,125457.0,125457.0,63416.0,63416.0,221357.0,221357.0,63482.0,63482.0,-76.0,-76.0,0.0,0.0,367.0,367.0,-610.0,-610.0,285.0,285.0,0.0,0.0,351.0,351.0,-233.0,-233.0,8329.0,8329.0,139300.0,139300.0,37.0,37.0
39,2012,36.0,36.0,0.0,0.0,2.0,2.0,139.0,139.0,1.0,1.0,0.0,0.0,36.0,36.0,70.0,70.0,142.0,142.0,31920.0,31920.0,141879.0,141879.0,55589.0,55589.0,229388.0,229388.0,65059.0,65059.0,-90.0,-90.0,0.0,0.0,453.0,453.0,-644.0,-644.0,495.0,495.0,0.0,0.0,573.0,573.0,-179.0,-179.0,8633.0,8633.0,144647.0,144647.0,179.0,179.0
39,2013,51.0,51.0,0.0,0.0,7.0,7.0,242.0,242.0,12.0,12.0,0.0,0.0,152.0,152.0,58.0,58.0,261.0,261.0,30740.0,30740.0,153896.0,153896.0,49768.0,49768.0,234404.0,234404.0,72705.0,72705.0,-67.0,-67.0,0.0,0.0,190.0,190.0,-1034.0,-1034.0,1065.0,1065.0,0.0,0.0,249.0,249.0,39.0,39.0,8854.0,8854.0,161269.0,161269.0,440.0,440.0
39,2014,52.0,52.0,0.0,0.0,16.0,16.0,216.0,216.0,29.0,29.0,0.0,0.0,179.0,179.0,30.0,30.0,261.0,261.0,34946.0,34946.0,176494.0,176494.0,47296.0,47296.0,258736.0,258736.0,67931.0,67931.0,21.0,21.0,5.0,5.0,513.0,513.0,-1123.0,-1123.0,785.0,785.0,22.0,22.0,132.0,132.0,49.0,49.0,9056.0,9056.0,151359.0,151359.0,701.0,701.0
39,2015,93.0,93.0,0.0,0.0,56.0,56.0,213.0,213.0,72.0,72.0,0.0,0.0,180.0,180.0,68.0,68.0,341.0,341.0,42788.0,42788.0,210293.0,210293.0,58801.0,58801.0,311882.0,311882.0,64675.0,64675.0,169.0,169.0,84.0,84.0,867.0,867.0,-329.0,-329.0,1449.0,1449.0,112.0,112.0,882.0,882.0,1132.0,1132.0,11239.0,11239.0,143952.0,143952.0,1042.0,1042.0
39,2016,210.0,210.0,0.0,0.0,104.0,104.0,435.0,435.0,154.0,154.0,0.0,0.0,341.0,341.0,142.0,142.0,693.0,693.0,54283.0,54283.0,263423.0,263423.0,89911.0,89911.0,407617.0,407617.0,62916.0,62916.0,397.0,397.0,164.0,164.0,1313.0,1313.0,465.0,465.0,1282.0,1282.0,108.0,108.0,1265.0,1265.0,1670.0,1670.0,14571.0,14571.0,140350.0,140350.0,1735.0,1735.0
39,2017,143.0,143.0,0.0,0.0,174.0,174.0,507.0,507.0,289.0,289.0,0.0,0.0,558.0,558.0,269.0,269.0,970.0,970.0,68431.0,68431.0,307587.0,307587.0,110178.0,110178.0,486196.0,486196.0,62421.0,62421.0,512.0,512.0,231.0,231.0,1012.0,1012.0,568.0,568.0,922.0,922.0,214.0,214.0,1131.0,1131.0,1304.0,1304.0,17518.0,17518.0,139605.0,139605.0,2705.0,2705.0
39,2018,38.0,38.0,0.0,0.0,257.0,257.0,514.0,514.0,387.0,387.0,0.0,0.0,756.0,756.0,364.0,364.0,1158.0,1158.0,84492.0,84492.0,347341.0,347341.0,122287.0,122287.0,554120.0,554120.0,62550.0,62550.0,555.0,555.0,136.0,136.0,1314.0,1314.0,669.0,669.0,188.0,188.0,251.0,251.0,1331.0,1331.0,672.0,672.0,20076.0,20076.0,139482.0,139482.0,3863.0,3863.0
39,2019,125.0,125.0,0.0,0.0,407.0,407.0,890.0,890.0,549.0,549.0,0.0,0.0,1199.0,1199.0,522.0,522.0,1846.0,1846.0,93144.0,93144.0,392923.0,392923.0,154210.0,154210.0,640277.0,640277.0,63541.0,63541.0,281.0,281.0,1.0,1.0,1221.0,1221.0,580.0,580.0,1394.0,1394.0,45.0,45.0,1027.0,1027.0,1933.0,1933.0,23317.0,23317.0,140588.0,140588.0,5709.0,5709.0
39,2020,121.0,121.0,3.0,3.0,651.0,651.0,823.0,823.0,671.0,671.0,0.0,0.0,1397.0,1397.0,630.0,630.0,2148.0,2148.0,102559.0,102559.0,425869.0,425869.0,191162.0,191162.0,719590.0,719590.0,66584.0,66584.0,529.0,529.0,-145.0,-145.0,1119.0,1119.0,763.0,763.0,1809.0,1809.0,50.0,50.0,1132.0,1132.0,1935.0,1935.0,26913.0,26913.0,147154.0,147154.0,7857.0,7857.0
39,2021,172.0,172.0,0.0,0.0,763.0,763.0,908.0,908.0,690.0,690.0,0.0,0.0,1541.0,1541.0,648.0,648.0,2361.0,2361.0,112513.0,112513.0,471726.0,471726.0,216195.0,216195.0,800434.0,800434.0,89050.0,89050.0,521.0,521.0,-103.0,-103.0,849.0,849.0,1948.0,1948.0,396.0,396.0,156.0,156.0,1609.0,1609.0,1116.0,1116.0,30159.0,30159.0,195507.0,195507.0,10218.0,10218.0
39,2022,127.0,127.0,0.0,0.0,728.0,728.0,954.0,954.0,661.0,661.0,6.0,6.0,1599.0,1599.0,623.0,623.0,2349.0,2349.0,109747.0,109747.0,488310.0,488310.0,237564.0,237564.0,835621.0,835621.0,126394.0,126394.0,-29.0,-29.0,-83.0,-83.0,510.0,510.0,381.0,381.0,1511.0,1511.0,-135.0,-135.0,616.0,616.0,1597.0,1597.0,32343.0,32343.0,275252.0,275252.0,12567.0,12567.0
39,2023,166.0,166.0,0.0,0.0,1088.0,1088.0,1195.0,1195.0,726.0,726.0,14.0,14.0,2158.0,2158.0,699.0,699.0,3023.0,3023.0,116277.0,116277.0,527334.0,527334.0,304932.0,304932.0,948543.0,948543.0,89474.0,89474.0,74.0,74.0,139.0,139.0,1593.0,1593.0,1186.0,1186.0,2494.0,2494.0,-185.0,-185.0,1620.0,1620.0,3533.0,3533.0,37570.0,37570.0,193927.0,193927.0,15590.0,15590.0
39,2024,326.0,326.0,0.0,0.0,1548.0,1548.0,1229.0,1229.0,901.0,901.0,97.0,97.0,2567.0,2567.0,882.0,882.0,3775.0,3775.0,130375.0,130375.0,562199.0,562199.0,383687.0,383687.0,1076261.0,1076261.0,77036.0,77036.0,541.0,541.0,152.0,152.0,1357.0,1357.0,1563.0,1563.0,3436.0,3436.0,31.0,31.0,1597.0,1597.0,4401.0,4401.0,44109.0,44109.0,167395.0,167395.0,19365.0,19365.0
39,2025,394.0,352.0,4.0,0.0,2057.0,1696.0,1529.0,830.0,1073.0,1085.0,106.0,42.0,3319.0,2209.0,1056.0,1092.0,4769.0,3653.0,143291.0,140112.0,596000.0,551601.0,458356.0,507282.0,1197647.0,1198995.0,77255.0,76906.0,647.0,482.0,178.0,275.0,1819.0,1745.0,1467.0,618.0,2709.0,2564.0,-60.0,-88.0,1690.0,-1307.0,3776.0,5939.0,50222.0,49223.0,167395.0,167395.0,24134.0,23018.0
39,2026,367.0,337.0,7.0,8.0,2725.0,2060.0,1477.0,568.0,1209.0,1221.0,53.0,1.0,3923.0,2174.0,1181.0,1347.0,5471.0,3858.0,156049.0,152001.0,628244.0,545379.0,529152.0,619944.0,1313445.0,1317324.0,77891.0,75917.0,224.0,343.0,40.0,222.0,1459.0,1656.0,857.0,702.0,2655.0,2851.0,-59.0,-37.0,1361.0,-418.0,3367.0,5469.0,55174.0,54617.0,167395.0,167395.0,29605.0,26876.0
39,2027,379.0,422.0,10.0,12.0,3217.0,2323.0,1696.0,607.0,1448.0,1421.0,5.0,2.0,4579.0,2234.0,1418.0,1709.0,6376.0,4365.0,168747.0,160540.0,658224.0,545190.0,596871.0,723769.0,1423842.0,1429499.0,76848.0,75760.0,396.0,421.0,188.0,212.0,2098.0,1680.0,1002.0,1412.0,3193.0,2923.0,-37.0,84.0,2113.0,32.0,3935.0,5858.0,61618.0,60928.0,167395.0,167395.0,35981.0,31241.0
39,2028,492.0,535.0,7.0,17.0,3947.0,2648.0,1962.0,912.0,1545.0,1594.0,7.0,3.0,5396.0,2340.0,1580.0,2299.0,7468.0,5174.0,180858.0,169398.0,686280.0,545323.0,660217.0,820262.0,1527355.0,1534983.0,78435.0,77469.0,454.0,225.0,142.0,139.0,1982.0,1492.0,1003.0,1108.0,2181.0,2322.0,-11.0,-79.0,1843.0,297.0,3000.0,4460.0,66915.0,65910.0,167395.0,167395.0,43449.0,36415.0
39,2029,470.0,507.0,25.0,22.0,4748.0,3099.0,1923.0,1016.0,1760.0,1745.0,11.0,4.0,6197.0,2604.0,1800.0,2775.0,8467.0,5886.0,192967.0,178471.0,712117.0,545323.0,720882.0,912327.0,1625966.0,1636121.0,78675.0,77760.0,631.0,71.0,178.0,155.0,1970.0,1174.0,973.0,1043.0,1516.0,1643.0,25.0,40.0,1827.0,251.0,2204.0,3733.0,71577.0,69965.0,167395.0,167395.0,51916.0,42301.0
39,2030,518.0,555.0,30.0,9.0,5433.0,3627.0,2138.0,1445.0,1853.0,1920.0,2.0,4.0,6980.0,2807.0,1958.0,3643.0,9456.0,7005.0,204416.0,186791.0,736052.0,545250.0,778383.0,999608.0,1718851.0,1731649.0,79480.0,78731.0,143.0,171.0,35.0,106.0,1939.0,1327.0,997.0,1341.0,1981.0,1911.0,-31.0,-46.0,2087.0,100.0,2691.0,4368.0,76498.0,74604.0,167395.0,167395.0,61372.0,49306.0
39,2031,732.0,699.0,54.0,11.0,6100.0,4126.0,2428.0,1711.0,2082.0,2072.0,8.0,5.0,7779.0,2896.0,2161.0,4330.0,10672.0,7925.0,216049.0,194073.0,757020.0,545500.0,833147.0,1082518.0,1806216.0,1822091.0,79938.0,79140.0,391.0,482.0,155.0,116.0,2646.0,1950.0,621.0,869.0,1623.0,1725.0,17.0,17.0,2403.0,281.0,2268.0,3914.0,81560.0,79281.0,167395.0,167395.0,72044.0,57231.0
39,2032,834.0,713.0,53.0,21.0,6970.0,4754.0,2518.0,1947.0,2136.0,2150.0,12.0,7.0,8591.0,3136.0,2264.0,5030.0,11689.0,8879.0,227136.0,202324.0,776038.0,556578.0,885520.0,1148360.0,1888694.0,1907262.0,80231.0,80716.0,260.0,371.0,152.0,196.0,1982.0,1178.0,790.0,792.0,1689.0,1509.0,-19.0,20.0,2027.0,659.0,2307.0,2665.0,86154.0,82976.0,167395.0,167395.0,83733.0,66110.0
39,2033,860.0,761.0,68.0,32.0,7735.0,5276.0,2694.0,2057.0,2349.0,2250.0,11.0,3.0,9469.0,3302.0,2528.0,5555.0,12857.0,9618.0,237282.0,209039.0,792883.0,568751.0,936221.0,1212025.0,1966386.0,1989815.0,79922.0,79537.0,738.0,123.0,183.0,143.0,2631.0,1721.0,841.0,642.0,1338.0,1291.0,102.0,0.0,2430.0,666.0,1927.0,3008.0,91249.0,86773.0,167395.0,167395.0,96590.0,75728.0
39,2034,990.0,804.0,95.0,30.0,8334.0,5834.0,2919.0,2244.0,2476.0,2464.0,11.0,10.0,10119.0,3534.0,2726.0,6244.0,13835.0,10582.0,246913.0,214266.0,807171.0,580701.0,987013.0,1274342.0,2041097.0,2069309.0,79090.0,79717.0,442.0,385.0,154.0,127.0,2167.0,955.0,785.0,805.0,791.0,938.0,-84.0,54.0,2123.0,341.0,1248.0,2153.0,95062.0,89652.0,167395.0,167395.0,110425.0,86310.0
39,2035,1146.0,889.0,148.0,37.0,8782.0,6283.0,3391.0,2580.0,2556.0,2541.0,16.0,3.0,10880.0,3684.0,2867.0,6871.0,14893.0,11444.0,256727.0,220286.0,819130.0,591527.0,1035980.0,1333493.0,2111837.0,2145306.0,78865.0,79643.0,341.0,134.0,48.0,201.0,2132.0,1901.0,907.0,4.0,1056.0,1528.0,53.0,-63.0,2250.0,612.0,1605.0,2825.0,99258.0,93223.0,167395.0,167395.0,125318.0,97754.0
39,2036,1332.0,945.0,197.0,42.0,9488.0,6823.0,3486.0,2564.0,2583.0,2648.0,11.0,5.0,11450.0,3843.0,2983.0,7294.0,15765.0,12082.0,266014.0,226231.0,829160.0,600994.0,1083465.0,1390648.0,2178639.0,2217873.0,79003.0,80222.0,242.0,324.0,157.0,73.0,1922.0,1780.0,769.0,457.0,963.0,542.0,-11.0,-1.0,2220.0,967.0,1338.0,1560.0,103058.0,96074.0,167395.0,167395.0,141083.0,109836.0
39,2037,1386.0,967.0,220.0,43.0,9863.0,7540.0,3636.0,2662.0,2682.0,2752.0,9.0,9.0,11882.0,4256.0,3142.0,7783.0,16410.0,13006.0,274936.0,231720.0,837326.0,612455.0,1128196.0,1442029.0,2240458.0,2286204.0,80486.0,82285.0,520.0,113.0,98.0,54.0,1485.0,1004.0,942.0,263.0,961.0,802.0,14.0,50.0,1878.0,568.0,1102.0,1492.0,106558.0,98247.0,167395.0,167395.0,157493.0,122842.0
39,2038,1496.0,1023.0,259.0,59.0,9572.0,8017.0,3805.0,2920.0,2738.0,2775.0,7.0,5.0,11672.0,4532.0,3213.0,8221.0,16381.0,13776.0,282922.0,236849.0,843773.0,625590.0,1171003.0,1487924.0,2297698.0,2350363.0,81154.0,82572.0,710.0,257.0,283.0,267.0,1933.0,1508.0,854.0,827.0,824.0,1270.0,17.0,13.0,1810.0,1010.0,1391.0,2618.0,110469.0,102132.0,167395.0,167395.0,173874.0,136618.0
39,2039,1668.0,1124.0,336.0,56.0,9757.0,8460.0,4049.0,3117.0,2872.0,2953.0,14.0,9.0,11898.0,4794.0,3462.0,8677.0,17028.0,14595.0,290578.0,241728.0,848572.0,638072.0,1211624.0,1531143.0,2350774.0,2410943.0,81514.0,83432.0,137.0,316.0,50.0,107.0,1416.0,1073.0,960.0,532.0,1412.0,1061.0,-34.0,-54.0,1560.0,635.0,2107.0,1768.0,114273.0,104851.0,167395.0,167395.0,190902.0,151213.0
39,2040,1764.0,1145.0,406.0,65.0,9733.0,8929.0,4302.0,3198.0,2935.0,2943.0,13.0,5.0,12113.0,5142.0,3512.0,8853.0,17389.0,15140.0,297588.0,246129.0,851771.0,649889.0,1251447.0,1572632.0,2400806.0,2468650.0,81527.0,83671.0,682.0,239.0,193.0,13.0,1717.0,1216.0,579.0,522.0,519.0,846.0,23.0,37.0,1430.0,673.0,919.0,1722.0,117304.0,107485.0,167395.0,167395.0,208291.0,166353.0
40,2009,0.0,0.0,0.0,0.0,0.0,0.0,0.0,0.0,0.0,0.0,0.0,0.0,0.0,0.0,0.0,0.0,0.0,0.0,38306.0,38306.0,93261.0,93261.0,73649.0,73649.0,205216.0,205216.0,63977.0,63977.0,1621.0,1621.0,0.0,0.0,526.0,526.0,7691.0,7691.0,0.0,0.0,0.0,0.0,2578.0,2578.0,4018.0,4018.0,8217.0,8217.0,140986.0,140986.0,0.0,0.0
40,2010,0.0,0.0,0.0,0.0,0.0,0.0,0.0,0.0,0.0,0.0,0.0,0.0,0.0,0.0,0.0,0.0,0.0,0.0,35907.0,35907.0,106397.0,106397.0,67092.0,67092.0,209396.0,209396.0,68103.0,68103.0,92.0,92.0,0.0,0.0,262.0,262.0,-159.0,-159.0,73.0,73.0,0.0,0.0,372.0,372.0,-288.0,-288.0,8393.0,8393.0,150263.0,150263.0,0.0,0.0
40,2011,0.0,0.0,0.0,0.0,0.0,0.0,31.0,31.0,0.0,0.0,0.0,0.0,1.0,1.0,30.0,30.0,31.0,31.0,32632.0,32632.0,124993.0,124993.0,63196.0,63196.0,220821.0,220821.0,63793.0,63793.0,-31.0,-31.0,0.0,0.0,399.0,399.0,-362.0,-362.0,282.0,282.0,0.0,0.0,462.0,462.0,-112.0,-112.0,8712.0,8712.0,139300.0,139300.0,31.0,31.0
40,2012,35.0,35.0,0.0,0.0,2.0,2.0,155.0,155.0,1.0,1.0,0.0,0.0,55.0,55.0,68.0,68.0,158.0,158.0,32089.0,32089.0,141330.0,141330.0,55413.0,55413.0,228832.0,228832.0,65018.0,65018.0,-117.0,-117.0,0.0,0.0,466.0,466.0,-1027.0,-1027.0,543.0,543.0,0.0,0.0,368.0,368.0,-269.0,-269.0,8694.0,8694.0,144647.0,144647.0,189.0,189.0
40,2013,61.0,61.0,0.0,0.0,1.0,1.0,225.0,225.0,7.0,7.0,0.0,0.0,133.0,133.0,39.0,39.0,233.0,233.0,30765.0,30765.0,153783.0,153783.0,49103.0,49103.0,233651.0,233651.0,72762.0,72762.0,20.0,20.0,0.0,0.0,100.0,100.0,-828.0,-828.0,1028.0,1028.0,0.0,0.0,380.0,380.0,-100.0,-100.0,8994.0,8994.0,161269.0,161269.0,422.0,422.0
40,2014,57.0,57.0,0.0,0.0,21.0,21.0,232.0,232.0,33.0,33.0,0.0,0.0,196.0,196.0,33.0,33.0,286.0,286.0,34810.0,34810.0,176161.0,176161.0,46436.0,46436.0,257407.0,257407.0,68397.0,68397.0,-63.0,-63.0,5.0,5.0,596.0,596.0,-1244.0,-1244.0,793.0,793.0,22.0,22.0,138.0,138.0,97.0,97.0,9166.0,9166.0,151359.0,151359.0,708.0,708.0
40,2015,69.0,69.0,0.0,0.0,62.0,62.0,162.0,162.0,69.0,69.0,0.0,0.0,159.0,159.0,65.0,65.0,293.0,293.0,42581.0,42581.0,209711.0,209711.0,58377.0,58377.0,310669.0,310669.0,64492.0,64492.0,238.0,238.0,87.0,87.0,856.0,856.0,-312.0,-312.0,1372.0,1372.0,137.0,137.0,904.0,904.0,998.0,998.0,11306.0,11306.0,143952.0,143952.0,1001.0,1001.0
40,2016,242.0,242.0,0.0,0.0,93.0,93.0,460.0,460.0,142.0,142.0,0.0,0.0,319.0,319.0,134.0,134.0,695.0,695.0,53901.0,53901.0,263293.0,263293.0,89050.0,89050.0,406244.0,406244.0,62909.0,62909.0,326.0,326.0,182.0,182.0,1324.0,1324.0,297.0,297.0,1514.0,1514.0,115.0,115.0,1161.0,1161.0,1945.0,1945.0,14738.0,14738.0,140350.0,140350.0,1696.0,1696.0
40,2017,138.0,138.0,0.0,0.0,149.0,149.0,513.0,513.0,264.0,264.0,0.0,0.0,538.0,538.0,250.0,250.0,926.0,926.0,68034.0,68034.0,307259.0,307259.0,109331.0,109331.0,484624.0,484624.0,62745.0,62745.0,345.0,345.0,228.0,228.0,979.0,979.0,507.0,507.0,797.0,797.0,144.0,144.0,1203.0,1203.0,1107.0,1107.0,17393.0,17393.0,139605.0,139605.0,2622.0,2622.0
40,2018,48.0,48.0,0.0,0.0,277.0,277.0,513.0,513.0,363.0,363.0,0.0,0.0,761.0,761.0,344.0,344.0,1153.0,1153.0,84342.0,84342.0,347160.0,347160.0,121422.0,121422.0,552924.0,552924.0,62467.0,62467.0,733.0,733.0,140.0,140.0,1210.0,1210.0,622.0,622.0,100.0,100.0,318.0,318.0,1049.0,1049.0,608.0,608.0,19783.0,19783.0,139482.0,139482.0,3775.0,3775.0
40,2019,130.0,130.0,0.0,0.0,417.0,417.0,931.0,931.0,561.0,561.0,0.0,0.0,1248.0,1248.0,531.0,531.0,1909.0,1909.0,92908.0,92908.0,392776.0,392776.0,153517.0,153517.0,639201.0,639201.0,63584.0,63584.0,368.0,368.0,5.0,5.0,1383.0,1383.0,632.0,632.0,1288.0,1288.0,63.0,63.0,1261.0,1261.0,1742.0,1742.0,23154.0,23154.0,140588.0,140588.0,5684.0,5684.0
40,2020,118.0,118.0,0.0,0.0,653.0,653.0,865.0,865.0,663.0,663.0,0.0,0.0,1440.0,1440.0,623.0,623.0,2181.0,2181.0,102705.0,102705.0,425104.0,425104.0,190745.0,190745.0,718554.0,718554.0,66502.0,66502.0,370.0,370.0,-88.0,-88.0,1051.0,1051.0,870.0,870.0,1919.0,1919.0,49.0,49.0,1322.0,1322.0,2109.0,2109.0,26955.0,26955.0,147154.0,147154.0,7865.0,7865.0
40,2021,150.0,150.0,0.0,0.0,756.0,756.0,913.0,913.0,693.0,693.0,0.0,0.0,1551.0,1551.0,661.0,661.0,2362.0,2362.0,112503.0,112503.0,471068.0,471068.0,215780.0,215780.0,799351.0,799351.0,89048.0,89048.0,528.0,528.0,-195.0,-195.0,840.0,840.0,1962.0,1962.0,561.0,561.0,85.0,85.0,1430.0,1430.0,1295.0,1295.0,30208.0,30208.0,195507.0,195507.0,10227.0,10227.0
40,2022,118.0,118.0,0.0,0.0,730.0,730.0,910.0,910.0,668.0,668.0,3.0,3.0,1543.0,1543.0,650.0,650.0,2311.0,2311.0,109892.0,109892.0,487395.0,487395.0,237732.0,237732.0,835019.0,835019.0,126238.0,126238.0,65.0,65.0,-52.0,-52.0,469.0,469.0,359.0,359.0,1121.0,1121.0,-87.0,-87.0,600.0,600.0,1145.0,1145.0,32018.0,32018.0,275252.0,275252.0,12538.0,12538.0
40,2023,165.0,165.0,0.0,0.0,1115.0,1115.0,1165.0,1165.0,751.0,751.0,21.0,21.0,2156.0,2156.0,731.0,731.0,3052.0,3052.0,115914.0,115914.0,526863.0,526863.0,305410.0,305410.0,948187.0,948187.0,89172.0,89172.0,35.0,35.0,161.0,161.0,1545.0,1545.0,1428.0,1428.0,2670.0,2670.0,-196.0,-196.0,1573.0,1573.0,4000.0,4000.0,37626.0,37626.0,193927.0,193927.0,15590.0,15590.0
40,2024,331.0,331.0,0.0,0.0,1532.0,1532.0,1286.0,1286.0,907.0,907.0,116.0,116.0,2626.0,2626.0,884.0,884.0,3841.0,3841.0,129976.0,129976.0,562285.0,562285.0,383853.0,383853.0,1076114.0,1076114.0,76905.0,76905.0,605.0,605.0,102.0,102.0,1616.0,1616.0,1325.0,1325.0,3324.0,3324.0,38.0,38.0,1644.0,1644.0,4156.0,4156.0,44031.0,44031.0,167395.0,167395.0,19431.0,19431.0
40,2025,323.0,279.0,2.0,0.0,2010.0,1667.0,1532.0,815.0,1059.0,1044.0,88.0,30.0,3323.0,2233.0,1045.0,1044.0,4691.0,3556.0,143378.0,140004.0,595810.0,551167.0,458728.0,507489.0,1197916.0,1198660.0,77217.0,76940.0,506.0,380.0,90.0,297.0,1810.0,1857.0,1237.0,527.0,2743.0,2805.0,-67.0,-140.0,1716.0,-926.0,3591.0,5892.0,49844.0,49377.0,167395.0,167395.0,24122.0,22987.0
40,2026,321.0,326.0,5.0,7.0,2614.0,1972.0,1576.0,599.0,1266.0,1262.0,39.0,5.0,3932.0,2094.0,1247.0,1425.0,5500.0,3845.0,156402.0,152137.0,628074.0,545223.0,529225.0,619352.0,1313701.0,1316712.0,77653.0,76207.0,261.0,265.0,182.0,188.0,1458.0,1348.0,1026.0,806.0,3022.0,2920.0,-107.0,-35.0,1398.0,-898.0,3922.0,5860.0,55425.0,54604.0,167395.0,167395.0,29622.0,26832.0
40,2027,364.0,422.0,5.0,4.0,3289.0,2333.0,1661.0,615.0,1359.0,1318.0,2.0,3.0,4592.0,2200.0,1360.0,1651.0,6316.0,4273.0,168803.0,161056.0,658708.0,545648.0,596490.0,722276.0,1424001.0,1428980.0,76914.0,75717.0,558.0,276.0,184.0,238.0,2107.0,1522.0,964.0,1436.0,3002.0,3051.0,-33.0,27.0,2006.0,166.0,3660.0,5832.0,61649.0,60878.0,167395.0,167395.0,35938.0,31105.0
40,2028,488.0,534.0,2.0,11.0,3918.0,2678.0,1895.0,867.0,1470.0,1500.0,14.0,3.0,5328.0,2394.0,1483.0,2131.0,7299.0,5059.0,180946.0,170098.0,687018.0,546281.0,659918.0,818842.0,1527882.0,1535221.0,78364.0,77338.0,393.0,392.0,79.0,70.0,1817.0,1654.0,956.0,864.0,2125.0,1841.0,-8.0,-23.0,1879.0,146.0,2697.0,3868.0,66618.0,65284.0,167395.0,167395.0,43237.0,36164.0
40,2029,489.0,540.0,14.0,21.0,4558.0,3082.0,1977.0,1104.0,1740.0,1759.0,12.0,8.0,6007.0,2497.0,1805.0,2937.0,8301.0,5974.0,192935.0,179327.0,712615.0,546094.0,720119.0,910685.0,1625669.0,1636106.0,79089.0,77738.0,495.0,187.0,153.0,178.0,2043.0,1234.0,1050.0,1420.0,2108.0,2092.0,15.0,32.0,1948.0,132.0,2926.0,4637.0,71987.0,70240.0,167395.0,167395.0,51538.0,42138.0
40,2030,506.0,539.0,41.0,17.0,5308.0,3468.0,2199.0,1370.0,1904.0,1945.0,12.0,4.0,6961.0,2669.0,1997.0,3596.0,9464.0,6804.0,204616.0,187552.0,735441.0,545495.0,778121.0,998884.0,1718178.0,1731931.0,79603.0,78752.0,348.0,323.0,71.0,182.0,2175.0,1384.0,1308.0,1070.0,1169.0,1435.0,41.0,-25.0,2333.0,418.0,2083.0,3305.0,76751.0,74286.0,167395.0,167395.0,61002.0,48942.0
40,2031,696.0,642.0,49.0,21.0,6176.0,4048.0,2297.0,1731.0,1978.0,2063.0,7.0,9.0,7762.0,2868.0,2049.0,4362.0,10507.0,7872.0,215782.0,194765.0,756613.0,546274.0,832699.0,1081436.0,1805094.0,1822475.0,80225.0,79248.0,441.0,306.0,238.0,136.0,2488.0,1638.0,107.0,1038.0,2166.0,1952.0,-28.0,21.0,2034.0,173.0,2496.0,4306.0,81722.0,79071.0,167395.0,167395.0,71509.0,56814.0
40,2032,786.0,699.0,55.0,30.0,6741.0,4547.0,2439.0,1853.0,2155.0,2232.0,11.0,2.0,8337.0,3014.0,2278.0,4951.0,11401.0,8664.0,226443.0,202804.0,775893.0,557267.0,885184.0,1147182.0,1887520.0,1907253.0,80374.0,80911.0,289.0,380.0,69.0,234.0,1908.0,1509.0,892.0,716.0,1470.0,1640.0,2.0,4.0,1849.0,782.0,2203.0,2941.0,86063.0,83174.0,167395.0,167395.0,82910.0,65478.0
40,2033,914.0,746.0,63.0,20.0,7570.0,5232.0,2603.0,2198.0,2291.0,2284.0,13.0,1.0,9138.0,3271.0,2488.0,5718.0,12540.0,9735.0,236939.0,209229.0,792285.0,569094.0,936260.0,1210937.0,1965484.0,1989260.0,79653.0,79846.0,610.0,280.0,171.0,-6.0,2514.0,1544.0,1106.0,616.0,1347.0,1673.0,45.0,9.0,2619.0,494.0,1954.0,3062.0,91246.0,87010.0,167395.0,167395.0,95450.0,75213.0
40,2034,964.0,761.0,100.0,34.0,8230.0,5735.0,2907.0,2211.0,2432.0,2464.0,14.0,4.0,10035.0,3525.0,2684.0,6162.0,13683.0,10448.0,247112.0,214831.0,806828.0,580341.0,986202.0,1272859.0,2040142.0,2068031.0,79146.0,80021.0,248.0,123.0,126.0,181.0,2220.0,1257.0,408.0,772.0,1068.0,831.0,-9.0,20.0,1976.0,769.0,1589.0,2169.0,95059.0,90071.0,167395.0,167395.0,109133.0,85661.0
40,2035,1211.0,906.0,127.0,46.0,8853.0,6547.0,3401.0,2344.0,2529.0,2560.0,13.0,2.0,10846.0,3732.0,2866.0,6861.0,14923.0,11499.0,256554.0,220341.0,819351.0,591192.0,1035099.0,1333011.0,2111004.0,2144544.0,79092.0,79757.0,403.0,230.0,135.0,166.0,1945.0,1619.0,1084.0,254.0,682.0,506.0,4.0,-23.0,2200.0,562.0,1247.0,1730.0,98909.0,92593.0,167395.0,167395.0,124056.0,97160.0
40,2036,1269.0,900.0,175.0,39.0,9363.0,6972.0,3523.0,2597.0,2480.0,2538.0,9.0,3.0,11390.0,3971.0,2891.0,7278.0,15550.0,12149.0,265819.0,226197.0,828949.0,601151.0,1082344.0,1390118.0,2177112.0,2217466.0,79163.0,80049.0,463.0,505.0,222.0,167.0,2163.0,1606.0,1186.0,556.0,1075.0,949.0,37.0,21.0,2885.0,485.0,1335.0,2309.0,103592.0,95892.0,167395.0,167395.0,139606.0,109309.0
40,2037,1318.0,940.0,236.0,41.0,9919.0,7611.0,3772.0,2705.0,2719.0,2758.0,14.0,3.0,12222.0,4319.0,3120.0,7859.0,16660.0,13118.0,274345.0,231847.0,836792.0,612403.0,1126959.0,1440510.0,2238096.0,2284760.0,80342.0,82228.0,520.0,-110.0,54.0,-2.0,1862.0,1298.0,894.0,448.0,1114.0,1659.0,21.0,46.0,1623.0,721.0,1802.0,2838.0,107537.0,99341.0,167395.0,167395.0,156266.0,122427.0
40,2038,1447.0,1007.0,258.0,56.0,9669.0,8064.0,3890.0,2923.0,2716.0,2805.0,14.0,8.0,11863.0,4588.0,3237.0,8261.0,16547.0,13856.0,282524.0,237020.0,843111.0,625098.0,1169489.0,1486036.0,2295124.0,2348154.0,81151.0,83052.0,317.0,409.0,103.0,169.0,1153.0,1411.0,880.0,601.0,1032.0,876.0,-21.0,19.0,1365.0,772.0,1465.0,1895.0,110684.0,102417.0,167395.0,167395.0,172813.0,136283.0
40,2039,1550.0,1045.0,316.0,51.0,9745.0,8430.0,3986.0,3060.0,2894.0,3015.0,20.0,5.0,11997.0,4885.0,3414.0,8631.0,16961.0,14561.0,290220.0,241882.0,847372.0,637449.0,1210706.0,1529776.0,2348298.0,2409107.0,81739.0,83247.0,326.0,107.0,166.0,228.0,1812.0,985.0,428.0,325.0,864.0,737.0,-4.0,-29.0,2045.0,748.0,895.0,1391.0,113950.0,104663.0,167395.0,167395.0,189774.0,150844.0
40,2040,1685.0,1119.0,359.0,76.0,9869.0,9008.0,4273.0,3315.0,3023.0,3051.0,15.0,10.0,12188.0,5199.0,3666.0,9142.0,17539.0,15460.0,297478.0,246644.0,850289.0,648847.0,1250589.0,1571905.0,2398356.0,2467396.0,81599.0,83601.0,540.0,267.0,90.0,36.0,1504.0,1352.0,1048.0,-38.0,630.0,1023.0,-16.0,-63.0,1328.0,1066.0,1388.0,977.0,117206.0,106973.0,167395.0,167395.0,207313.0,166304.0
41,2009,0.0,0.0,0.0,0.0,0.0,0.0,0.0,0.0,0.0,0.0,0.0,0.0,0.0,0.0,0.0,0.0,0.0,0.0,38402.0,38402.0,93909.0,93909.0,72815.0,72815.0,205126.0,205126.0,63977.0,63977.0,1716.0,1716.0,0.0,0.0,562.0,562.0,7745.0,7745.0,0.0,0.0,0.0,0.0,2614.0,2614.0,3977.0,3977.0,8307.0,8307.0,140986.0,140986.0,0.0,0.0
41,2010,0.0,0.0,0.0,0.0,0.0,0.0,0.0,0.0,0.0,0.0,0.0,0.0,0.0,0.0,0.0,0.0,0.0,0.0,36031.0,36031.0,107064.0,107064.0,66270.0,66270.0,209365.0,209365.0,68112.0,68112.0,-9.0,-9.0,0.0,0.0,249.0,249.0,-302.0,-302.0,71.0,71.0,0.0,0.0,341.0,341.0,-314.0,-314.0,8325.0,8325.0,150263.0,150263.0,0.0,0.0
41,2011,0.0,0.0,0.0,0.0,0.0,0.0,29.0,29.0,0.0,0.0,0.0,0.0,2.0,2.0,27.0,27.0,29.0,29.0,32798.0,32798.0,125689.0,125689.0,62820.0,62820.0,221307.0,221307.0,63477.0,63477.0,-86.0,-86.0,0.0,0.0,403.0,403.0,-532.0,-532.0,315.0,315.0,0.0,0.0,422.0,422.0,-150.0,-150.0,8511.0,8511.0,139300.0,139300.0,29.0,29.0
41,2012,51.0,51.0,0.0,0.0,2.0,2.0,156.0,156.0,2.0,2.0,0.0,0.0,33.0,33.0,76.0,76.0,160.0,160.0,32084.0,32084.0,141803.0,141803.0,55093.0,55093.0,228980.0,228980.0,65236.0,65236.0,53.0,53.0,0.0,0.0,453.0,453.0,-642.0,-642.0,492.0,492.0,0.0,0.0,487.0,487.0,-237.0,-237.0,8814.0,8814.0,144647.0,144647.0,189.0,189.0
41,2013,69.0,69.0,0.0,0.0,5.0,5.0,243.0,243.0,6.0,6.0,0.0,0.0,145.0,145.0,40.0,40.0,254.0,254.0,30821.0,30821.0,154301.0,154301.0,48950.0,48950.0,234072.0,234072.0,72622.0,72622.0,-179.0,-179.0,0.0,0.0,82.0,82.0,-1096.0,-1096.0,1061.0,1061.0,0.0,0.0,285.0,285.0,-59.0,-59.0,8861.0,8861.0,161269.0,161269.0,443.0,443.0
41,2014,40.0,40.0,0.0,0.0,17.0,17.0,215.0,215.0,19.0,19.0,0.0,0.0,191.0,191.0,20.0,20.0,251.0,251.0,34743.0,34743.0,176812.0,176812.0,46308.0,46308.0,257863.0,257863.0,68360.0,68360.0,-2.0,-2.0,3.0,3.0,597.0,597.0,-1153.0,-1153.0,851.0,851.0,9.0,9.0,153.0,153.0,156.0,156.0,9168.0,9168.0,151359.0,151359.0,694.0,694.0
41,2015,104.0,104.0,0.0,0.0,56.0,56.0,231.0,231.0,74.0,74.0,0.0,0.0,186.0,186.0,71.0,71.0,361.0,361.0,42505.0,42505.0,210567.0,210567.0,58081.0,58081.0,311153.0,311153.0,64540.0,64540.0,239.0,239.0,63.0,63.0,799.0,799.0,-252.0,-252.0,1320.0,1320.0,132.0,132.0,840.0,840.0,983.0,983.0,11230.0,11230.0,143952.0,143952.0,1055.0,1055.0
41,2016,211.0,211.0,0.0,0.0,96.0,96.0,422.0,422.0,168.0,168.0,0.0,0.0,314.0,314.0,161.0,161.0,686.0,686.0,53611.0,53611.0,264222.0,264222.0,88907.0,88907.0,406740.0,406740.0,62832.0,62832.0,306.0,306.0,199.0,199.0,1407.0,1407.0,320.0,320.0,1569.0,1569.0,78.0,78.0,1324.0,1324.0,1943.0,1943.0,14803.0,14803.0,140350.0,140350.0,1741.0,1741.0
41,2017,151.0,151.0,0.0,0.0,161.0,161.0,509.0,509.0,278.0,278.0,0.0,0.0,532.0,532.0,265.0,265.0,948.0,948.0,67867.0,67867.0,308162.0,308162.0,109074.0,109074.0,485103.0,485103.0,62623.0,62623.0,543.0,543.0,252.0,252.0,1020.0,1020.0,494.0,494.0,713.0,713.0,250.0,250.0,1138.0,1138.0,1048.0,1048.0,17532.0,17532.0,139605.0,139605.0,2689.0,2689.0
41,2018,39.0,39.0,0.0,0.0,270.0,270.0,544.0,544.0,413.0,413.0,0.0,0.0,794.0,794.0,394.0,394.0,1227.0,1227.0,84238.0,84238.0,347884.0,347884.0,120811.0,120811.0,552933.0,552933.0,62766.0,62766.0,535.0,535.0,86.0,86.0,1117.0,1117.0,732.0,732.0,232.0,232.0,255.0,255.0,1186.0,1186.0,701.0,701.0,19954.0,19954.0,139482.0,139482.0,3916.0,3916.0
41,2019,119.0,119.0,1.0,1.0,418.0,418.0,900.0,900.0,511.0,511.0,0.0,0.0,1227.0,1227.0,484.0,484.0,1830.0,1830.0,92981.0,92981.0,393329.0,393329.0,152863.0,152863.0,639173.0,639173.0,63526.0,63526.0,287.0,287.0,68.0,68.0,1284.0,1284.0,667.0,667.0,1262.0,1262.0,14.0,14.0,1191.0,1191.0,1817.0,1817.0,23249.0,23249.0,140588.0,140588.0,5746.0,5746.0
41,2020,135.0,135.0,1.0,1.0,654.0,654.0,857.0,857.0,687.0,687.0,0.0,0.0,1408.0,1408.0,656.0,656.0,2199.0,2199.0,102721.0,102721.0,425559.0,425559.0,190147.0,190147.0,718427.0,718427.0,66865.0,66865.0,443.0,443.0,-223.0,-223.0,1007.0,1007.0,713.0,713.0,1834.0,1834.0,111.0,111.0,974.0,974.0,2025.0,2025.0,26691.0,26691.0,147154.0,147154.0,7945.0,7945.0
41,2021,174.0,174.0,0.0,0.0,756.0,756.0,957.0,957.0,729.0,729.0,0.0,0.0,1579.0,1579.0,689.0,689.0,2442.0,2442.0,112615.0,112615.0,471443.0,471443.0,215121.0,215121.0,799179.0,799179.0,88885.0,88885.0,631.0,631.0,-112.0,-112.0,1264.0,1264.0,1833.0,1833.0,659.0,659.0,81.0,81.0,1823.0,1823.0,1271.0,1271.0,30416.0,30416.0,195507.0,195507.0,10387.0,10387.0
41,2022,124.0,124.0,0.0,0.0,719.0,719.0,880.0,880.0,682.0,682.0,1.0,1.0,1499.0,1499.0,659.0,659.0,2282.0,2282.0,109784.0,109784.0,487841.0,487841.0,236481.0,236481.0,834106.0,834106.0,126622.0,126622.0,5.0,5.0,-26.0,-26.0,440.0,440.0,555.0,555.0,1125.0,1125.0,-135.0,-135.0,614.0,614.0,1340.0,1340.0,32375.0,32375.0,275252.0,275252.0,12669.0,12669.0
41,2023,152.0,152.0,0.0,0.0,1044.0,1044.0,1233.0,1233.0,810.0,810.0,14.0,14.0,2160.0,2160.0,789.0,789.0,3101.0,3101.0,116059.0,116059.0,526970.0,526970.0,303932.0,303932.0,946961.0,946961.0,89630.0,89630.0,117.0,117.0,108.0,108.0,1365.0,1365.0,1249.0,1249.0,2467.0,2467.0,-83.0,-83.0,1368.0,1368.0,3621.0,3621.0,37481.0,37481.0,193927.0,193927.0,15770.0,15770.0
41,2024,283.0,283.0,0.0,0.0,1451.0,1451.0,1298.0,1298.0,875.0,875.0,81.0,81.0,2587.0,2587.0,835.0,835.0,3705.0,3705.0,129801.0,129801.0,562542.0,562542.0,382459.0,382459.0,1074802.0,1074802.0,77123.0,77123.0,514.0,514.0,145.0,145.0,1626.0,1626.0,1323.0,1323.0,3414.0,3414.0,-90.0,-90.0,1613.0,1613.0,4291.0,4291.0,43899.0,43899.0,167395.0,167395.0,19475.0,19475.0
41,2025,339.0,293.0,3.0,0.0,2039.0,1681.0,1573.0,811.0,1042.0,1047.0,96.0,37.0,3385.0,2234.0,1029.0,1049.0,4753.0,3576.0,142910.0,139839.0,596120.0,551577.0,457222.0,506105.0,1196252.0,1197521.0,77429.0,77062.0,434.0,306.0,131.0,321.0,1705.0,1662.0,1397.0,573.0,2865.0,2719.0,-13.0,-92.0,1999.0,-876.0,3652.0,5753.0,49984.0,49082.0,167395.0,167395.0,24228.0,23051.0
41,2026,360.0,350.0,5.0,4.0,2645.0,1975.0,1514.0,627.0,1252.0,1249.0,41.0,6.0,3867.0,2128.0,1230.0,1383.0,5457.0,3861.0,155579.0,151962.0,628306.0,545640.0,528137.0,618207.0,1312022.0,1315809.0,77701.0,75988.0,417.0,357.0,170.0,266.0,1634.0,1209.0,1004.0,1032.0,2638.0,2991.0,-38.0,7.0,1319.0,-958.0,3672.0,6106.0,55392.0,54587.0,167395.0,167395.0,29685.0,26912.0
41,2027,389.0,434.0,4.0,8.0,3198.0,2254.0,1720.0,616.0,1462.0,1481.0,0.0,2.0,4523.0,2138.0,1472.0,1789.0,6384.0,4361.0,168002.0,160687.0,658626.0,545484.0,596225.0,722235.0,1422853.0,1428406.0,76763.0,75797.0,329.0,167.0,81.0,82.0,1768.0,1823.0,934.0,1050.0,3165.0,2937.0,-71.0,-10.0,1759.0,261.0,3789.0,5454.0,61269.0,60469.0,167395.0,167395.0,36069.0,31273.0
41,2028,498.0,537.0,16.0,17.0,3909.0,2691.0,1967.0,860.0,1452.0,1472.0,6.0,4.0,5354.0,2329.0,1498.0,2178.0,7350.0,5044.0,180154.0,169622.0,686823.0,545963.0,659685.0,818901.0,1526662.0,1534486.0,78592.0,77594.0,461.0,327.0,99.0,153.0,1834.0,1229.0,1120.0,1134.0,2185.0,2202.0,-45.0,2.0,1918.0,-68.0,2814.0,4461.0,66462.0,65189.0,167395.0,167395.0,43419.0,36317.0
41,2029,501.0,508.0,25.0,17.0,4693.0,3128.0,2144.0,1078.0,1726.0,1681.0,3.0,5.0,6274.0,2565.0,1816.0,2836.0,8591.0,5909.0,192460.0,178490.0,712171.0,545768.0,719764.0,910837.0,1624395.0,1635095.0,78805.0,77741.0,334.0,611.0,178.0,203.0,2327.0,1648.0,1285.0,1495.0,2038.0,1978.0,35.0,0.0,2421.0,579.0,3108.0,4134.0,72325.0,70513.0,167395.0,167395.0,52010.0,42226.0
41,2030,521.0,560.0,39.0,16.0,5437.0,3555.0,2187.0,1386.0,1894.0,1922.0,6.0,4.0,7054.0,2747.0,1988.0,3576.0,9563.0,6883.0,204343.0,186711.0,736008.0,545640.0,776921.0,998117.0,1717272.0,1730468.0,79420.0,78823.0,571.0,53.0,172.0,171.0,2053.0,1589.0,442.0,811.0,1559.0,1540.0,15.0,43.0,1509.0,287.0,2161.0,3814.0,76566.0,74667.0,167395.0,167395.0,61573.0,49109.0
41,2031,689.0,607.0,47.0,17.0,5998.0,4164.0,2353.0,1756.0,2020.0,2040.0,8.0,7.0,7595.0,2881.0,2142.0,4496.0,10426.0,7984.0,215467.0,193578.0,757392.0,546404.0,831724.0,1081016.0,1804583.0,1820998.0,79959.0,79243.0,335.0,476.0,168.0,88.0,2600.0,1558.0,648.0,1124.0,1606.0,1653.0,5.0,0.0,2470.0,113.0,2222.0,3834.0,81593.0,79090.0,167395.0,167395.0,71999.0,57093.0
41,2032,759.0,673.0,66.0,29.0,6898.0,4684.0,2460.0,1852.0,2128.0,2161.0,9.0,6.0,8546.0,3091.0,2256.0,4968.0,11561.0,8732.0,226011.0,201566.0,776364.0,557545.0,884358.0,1147044.0,1886733.0,1906155.0,80269.0,80758.0,445.0,257.0,61.0,172.0,1999.0,1617.0,1139.0,665.0,1683.0,1409.0,-31.0,-5.0,2100.0,728.0,2306.0,2873.0,86444.0,82948.0,167395.0,167395.0,83560.0,65825.0
41,2033,884.0,758.0,63.0,21.0,7612.0,5182.0,2608.0,2056.0,2303.0,2222.0,8.0,7.0,9242.0,3292.0,2468.0,5438.0,12594.0,9488.0,236429.0,208284.0,793076.0,569004.0,935362.0,1211500.0,1964867.0,1988788.0,79888.0,79565.0,382.0,128.0,118.0,147.0,2227.0,1234.0,514.0,573.0,1499.0,1735.0,39.0,28.0,2093.0,500.0,1922.0,3089.0,90841.0,86665.0,167395.0,167395.0,96154.0,75313.0
41,2034,1003.0,778.0,116.0,37.0,8136.0,5717.0,2950.0,2284.0,2561.0,2593.0,10.0,13.0,9907.0,3467.0,2863.0,6399.0,13773.0,10644.0,246357.0,213743.0,808035.0,581111.0,985093.0,1273055.0,2039485.0,2067909.0,79281.0,79967.0,425.0,328.0,145.0,96.0,2140.0,1110.0,772.0,835.0,1019.0,1091.0,47.0,-22.0,2067.0,363.0,1631.0,2419.0,94964.0,89775.0,167395.0,167395.0,109927.0,85957.0
41,2035,1120.0,842.0,141.0,31.0,8929.0,6326.0,3260.0,2377.0,2538.0,2539.0,12.0,3.0,10914.0,3701.0,2846.0,6733.0,14880.0,11276.0,256016.0,219517.0,819847.0,591627.0,1034568.0,1333229.0,2110431.0,2144373.0,78800.0,79548.0,471.0,197.0,277.0,98.0,2381.0,1701.0,817.0,465.0,727.0,843.0,-49.0,-31.0,2792.0,767.0,890.0,2112.0,99117.0,92851.0,167395.0,167395.0,124807.0,97233.0
41,2036,1321.0,971.0,198.0,32.0,9484.0,7094.0,3580.0,2614.0,2528.0,2574.0,19.0,5.0,11583.0,3969.0,2905.0,7379.0,15809.0,12319.0,264840.0,225396.0,829781.0,601251.0,1082160.0,1390100.0,2176781.0,2216747.0,79148.0,80244.0,399.0,265.0,6.0,340.0,1839.0,1712.0,1244.0,387.0,1085.0,923.0,74.0,32.0,2002.0,807.0,1847.0,2322.0,103365.0,96245.0,167395.0,167395.0,140616.0,109552.0
41,2037,1329.0,980.0,215.0,47.0,9690.0,7509.0,3740.0,2716.0,2688.0,2793.0,22.0,6.0,11878.0,4223.0,3148.0,7868.0,16355.0,13071.0,273668.0,231034.0,837095.0,612681.0,1127273.0,1441024.0,2238036.0,2284739.0,80597.0,82164.0,453.0,134.0,165.0,-26.0,1904.0,1126.0,699.0,425.0,895.0,921.0,-17.0,16.0,2173.0,330.0,1020.0,1998.0,107011.0,98707.0,167395.0,167395.0,156971.0,122623.0
41,2038,1479.0,1041.0,284.0,59.0,9650.0,8015.0,3894.0,2961.0,2793.0,2826.0,19.0,7.0,11835.0,4511.0,3326.0,8316.0,16640.0,13868.0,281423.0,235869.0,843229.0,625542.0,1170246.0,1487500.0,2294898.0,2348911.0,81219.0,82726.0,522.0,261.0,214.0,152.0,1346.0,1361.0,1170.0,387.0,1055.0,1324.0,-14.0,34.0,1449.0,792.0,1800.0,2205.0,110782.0,101965.0,167395.0,167395.0,173611.0,136491.0
41,2039,1603.0,1133.0,293.0,55.0,9714.0,8680.0,4024.0,3057.0,2975.0,2993.0,11.0,2.0,11896.0,4877.0,3518.0,8777.0,17017.0,14787.0,289453.0,240889.0,847869.0,638209.0,1211078.0,1530533.0,2348400.0,2409631.0,81391.0,83102.0,141.0,338.0,59.0,21.0,1758.0,1744.0,367.0,621.0,1025.0,732.0,-21.0,-42.0,1781.0,1330.0,1266.0,1408.0,113970.0,105041.0,167395.0,167395.0,190628.0,151278.0
41,2040,1796.0,1166.0,352.0,74.0,9815.0,9032.0,4347.0,3215.0,3068.0,3146.0,12.0,10.0,12112.0,5141.0,3686.0,9170.0,17594.0,15477.0,296869.0,245672.0,851284.0,649466.0,1250598.0,1572103.0,2398751.0,2467241.0,81561.0,83848.0,373.0,105.0,183.0,195.0,1127.0,999.0,712.0,277.0,974.0,878.0,-15.0,15.0,1210.0,694.0,1398.0,1565.0,116951.0,107405.0,167395.0,167395.0,208222.0,166755.0
42,2009,0.0,0.0,0.0,0.0,0.0,0.0,0.0,0.0,0.0,0.0,0.0,0.0,0.0,0.0,0.0,0.0,0.0,0.0,38507.0,38507.0,93262.0,93262.0,73161.0,73161.0,204930.0,204930.0,64030.0,64030.0,1689.0,1689.0,0.0,0.0,580.0,580.0,7870.0,7870.0,0.0,0.0,0.0,0.0,2659.0,2659.0,4102.0,4102.0,8450.0,8450.0,140986.0,140986.0,0.0,0.0
42,2010,0.0,0.0,0.0,0.0,0.0,0.0,0.0,0.0,0.0,0.0,0.0,0.0,0.0,0.0,0.0,0.0,0.0,0.0,36178.0,36178.0,106627.0,106627.0,66535.0,66535.0,209340.0,209340.0,68003.0,68003.0,-66.0,-66.0,0.0,0.0,198.0,198.0,-468.0,-468.0,83.0,83.0,0.0,0.0,328.0,328.0,-449.0,-449.0,8263.0,8263.0,150263.0,150263.0,0.0,0.0
42,2011,0.0,0.0,0.0,0.0,0.0,0.0,27.0,27.0,0.0,0.0,0.0,0.0,1.0,1.0,26.0,26.0,27.0,27.0,32811.0,32811.0,125245.0,125245.0,62997.0,62997.0,221053.0,221053.0,63530.0,63530.0,9.0,9.0,0.0,0.0,493.0,493.0,-335.0,-335.0,266.0,266.0,0.0,0.0,490.0,490.0,-75.0,-75.0,8687.0,8687.0,139300.0,139300.0,27.0,27.0
42,2012,37.0,37.0,0.0,0.0,3.0,3.0,134.0,134.0,1.0,1.0,0.0,0.0,37.0,37.0,64.0,64.0,138.0,138.0,32123.0,32123.0,141404.0,141404.0,55232.0,55232.0,228759.0,228759.0,65340.0,65340.0,-30.0,-30.0,0.0,0.0,353.0,353.0,-888.0,-888.0,525.0,525.0,0.0,0.0,280.0,280.0,-260.0,-260.0,8677.0,8677.0,144647.0,144647.0,165.0,165.0
42,2013,68.0,68.0,0.0,0.0,5.0,5.0,216.0,216.0,2.0,2.0,0.0,0.0,122.0,122.0,33.0,33.0,223.0,223.0,30928.0,30928.0,153668.0,153668.0,49075.0,49075.0,233671.0,233671.0,72695.0,72695.0,-81.0,-81.0,0.0,0.0,138.0,138.0,-865.0,-865.0,1018.0,1018.0,0.0,0.0,440.0,440.0,-68.0,-68.0,8968.0,8968.0,161269.0,161269.0,388.0,388.0
42,2014,51.0,51.0,0.0,0.0,19.0,19.0,201.0,201.0,28.0,28.0,0.0,0.0,166.0,166.0,31.0,31.0,248.0,248.0,34994.0,34994.0,176496.0,176496.0,46139.0,46139.0,257629.0,257629.0,68231.0,68231.0,-55.0,-55.0,2.0,2.0,603.0,603.0,-1325.0,-1325.0,863.0,863.0,19.0,19.0,101.0,101.0,116.0,116.0,9130.0,9130.0,151359.0,151359.0,636.0,636.0
42,2015,88.0,88.0,0.0,0.0,49.0,49.0,205.0,205.0,74.0,74.0,0.0,0.0,171.0,171.0,69.0,69.0,328.0,328.0,42909.0,42909.0,210300.0,210300.0,57679.0,57679.0,310888.0,310888.0,64711.0,64711.0,194.0,194.0,84.0,84.0,763.0,763.0,-332.0,-332.0,1330.0,1330.0,115.0,115.0,827.0,827.0,939.0,939.0,11090.0,11090.0,143952.0,143952.0,964.0,964.0
42,2016,239.0,239.0,0.0,0.0,106.0,106.0,453.0,453.0,156.0,156.0,0.0,0.0,332.0,332.0,144.0,144.0,715.0,715.0,54333.0,54333.0,263542.0,263542.0,88635.0,88635.0,406510.0,406510.0,62870.0,62870.0,344.0,344.0,166.0,166.0,1473.0,1473.0,413.0,413.0,1488.0,1488.0,100.0,100.0,1333.0,1333.0,1963.0,1963.0,14730.0,14730.0,140350.0,140350.0,1679.0,1679.0
42,2017,126.0,126.0,0.0,0.0,162.0,162.0,517.0,517.0,289.0,289.0,0.0,0.0,571.0,571.0,271.0,271.0,968.0,968.0,68608.0,68608.0,307469.0,307469.0,108706.0,108706.0,484783.0,484783.0,62598.0,62598.0,550.0,550.0,230.0,230.0,1180.0,1180.0,469.0,469.0,831.0,831.0,207.0,207.0,1250.0,1250.0,1117.0,1117.0,17647.0,17647.0,139605.0,139605.0,2647.0,2647.0
42,2018,47.0,47.0,0.0,0.0,257.0,257.0,528.0,528.0,382.0,382.0,0.0,0.0,760.0,760.0,360.0,360.0,1167.0,1167.0,85059.0,85059.0,347289.0,347289.0,120438.0,120438.0,552786.0,552786.0,62588.0,62588.0,585.0,585.0,158.0,158.0,942.0,942.0,819.0,819.0,138.0,138.0,255.0,255.0,1091.0,1091.0,636.0,636.0,19959.0,19959.0,139482.0,139482.0,3814.0,3814.0
42,2019,138.0,138.0,0.0,0.0,452.0,452.0,893.0,893.0,545.0,545.0,0.0,0.0,1244.0,1244.0,508.0,508.0,1890.0,1890.0,93796.0,93796.0,392844.0,392844.0,152426.0,152426.0,639066.0,639066.0,63445.0,63445.0,381.0,381.0,20.0,20.0,1386.0,1386.0,570.0,570.0,1284.0,1284.0,71.0,71.0,1141.0,1141.0,1809.0,1809.0,23290.0,23290.0,140588.0,140588.0,5704.0,5704.0
42,2020,132.0,132.0,2.0,2.0,631.0,631.0,902.0,902.0,669.0,669.0,0.0,0.0,1438.0,1438.0,634.0,634.0,2204.0,2204.0,103409.0,103409.0,425258.0,425258.0,189463.0,189463.0,718130.0,718130.0,66776.0,66776.0,528.0,528.0,-156.0,-156.0,1112.0,1112.0,626.0,626.0,1990.0,1990.0,108.0,108.0,1027.0,1027.0,2125.0,2125.0,26970.0,26970.0,147154.0,147154.0,7908.0,7908.0
42,2021,158.0,158.0,0.0,0.0,779.0,779.0,940.0,940.0,723.0,723.0,0.0,0.0,1590.0,1590.0,694.0,694.0,2442.0,2442.0,113114.0,113114.0,471464.0,471464.0,214616.0,214616.0,799194.0,799194.0,88955.0,88955.0,444.0,444.0,-134.0,-134.0,746.0,746.0,1984.0,1984.0,409.0,409.0,59.0,59.0,1593.0,1593.0,1027.0,1027.0,30034.0,30034.0,195507.0,195507.0,10350.0,10350.0
42,2022,129.0,129.0,0.0,0.0,768.0,768.0,949.0,949.0,663.0,663.0,4.0,4.0,1621.0,1621.0,634.0,634.0,2384.0,2384.0,110362.0,110362.0,487971.0,487971.0,236081.0,236081.0,834414.0,834414.0,126581.0,126581.0,-46.0,-46.0,-59.0,-59.0,380.0,380.0,501.0,501.0,1312.0,1312.0,-45.0,-45.0,528.0,528.0,1607.0,1607.0,32123.0,32123.0,275252.0,275252.0,12734.0,12734.0
42,2023,171.0,171.0,0.0,0.0,1087.0,1087.0,1217.0,1217.0,778.0,778.0,19.0,19.0,2180.0,2180.0,750.0,750.0,3101.0,3101.0,116491.0,116491.0,527595.0,527595.0,303407.0,303407.0,947493.0,947493.0,89530.0,89530.0,141.0,141.0,162.0,162.0,1729.0,1729.0,1094.0,1094.0,2517.0,2517.0,-268.0,-268.0,1599.0,1599.0,3494.0,3494.0,37357.0,37357.0,193927.0,193927.0,15835.0,15835.0
42,2024,321.0,321.0,0.0,0.0,1539.0,1539.0,1234.0,1234.0,925.0,925.0,116.0,116.0,2598.0,2598.0,895.0,895.0,3814.0,3814.0,130590.0,130590.0,562987.0,562987.0,382075.0,382075.0,1075652.0,1075652.0,77146.0,77146.0,446.0,446.0,102.0,102.0,1454.0,1454.0,1521.0,1521.0,3137.0,3137.0,-13.0,-13.0,1661.0,1661.0,4094.0,4094.0,43558.0,43558.0,167395.0,167395.0,19649.0,19649.0
42,2025,360.0,307.0,3.0,0.0,2062.0,1714.0,1590.0,888.0,1054.0,1055.0,106.0,34.0,3426.0,2329.0,1029.0,1055.0,4815.0,3691.0,143989.0,140898.0,596299.0,552017.0,456997.0,505684.0,1197285.0,1198599.0,77403.0,76783.0,459.0,378.0,117.0,278.0,1815.0,1675.0,1300.0,589.0,3033.0,3051.0,4.0,-18.0,1931.0,-968.0,3879.0,6165.0,49827.0,49133.0,167395.0,167395.0,24464.0,23340.0
42,2026,377.0,360.0,2.0,4.0,2629.0,1966.0,1556.0,640.0,1252.0,1238.0,52.0,3.0,3881.0,2105.0,1233.0,1386.0,5491.0,3851.0,156887.0,153269.0,627829.0,545433.0,528091.0,617809.0,1312807.0,1316511.0,77554.0,76195.0,570.0,347.0,129.0,251.0,1724.0,1507.0,1077.0,1015.0,3057.0,2923.0,-27.0,-73.0,1633.0,-591.0,3757.0,5867.0,55787.0,54756.0,167395.0,167395.0,29955.0,27191.0
42,2027,357.0,396.0,7.0,7.0,3238.0,2422.0,1675.0,496.0,1426.0,1401.0,0.0,4.0,4581.0,2233.0,1408.0,1701.0,6346.0,4330.0,169098.0,161479.0,658501.0,545918.0,595843.0,721424.0,1423442.0,1428821.0,76669.0,75949.0,252.0,291.0,194.0,161.0,1671.0,1727.0,1077.0,1345.0,2912.0,2623.0,-82.0,-8.0,1548.0,59.0,3972.0,5498.0,61559.0,60604.0,167395.0,167395.0,36301.0,31521.0
42,2028,487.0,509.0,10.0,27.0,3987.0,2704.0,1951.0,869.0,1511.0,1540.0,7.0,2.0,5439.0,2420.0,1540.0,2213.0,7466.0,5142.0,181139.0,169934.0,686872.0,546813.0,659302.0,817874.0,1527313.0,1534621.0,78245.0,77480.0,448.0,382.0,107.0,100.0,1964.0,1412.0,1064.0,963.0,2062.0,2477.0,-9.0,27.0,2119.0,130.0,2621.0,4467.0,66747.0,65583.0,167395.0,167395.0,43767.0,36663.0
42,2029,486.0,502.0,25.0,18.0,4491.0,3030.0,2040.0,1098.0,1650.0,1661.0,8.0,5.0,6014.0,2544.0,1714.0,2766.0,8214.0,5812.0,193397.0,178788.0,712758.0,546828.0,719168.0,909642.0,1625323.0,1635258.0,78761.0,77475.0,456.0,280.0,72.0,199.0,2163.0,1598.0,1074.0,1218.0,2014.0,2135.0,22.0,18.0,1849.0,460.0,3040.0,4428.0,72092.0,70751.0,167395.0,167395.0,51981.0,42475.0
42,2030,580.0,603.0,31.0,14.0,5481.0,3662.0,2131.0,1400.0,1902.0,1918.0,6.0,7.0,7011.0,2749.0,1960.0,3649.0,9551.0,7001.0,205061.0,186874.0,736182.0,546542.0,776462.0,997140.0,1717705.0,1730556.0,79408.0,78673.0,455.0,423.0,189.0,83.0,2086.0,1422.0,988.0,1135.0,1764.0,1470.0,-46.0,31.0,2103.0,23.0,2423.0,3695.0,77073.0,74892.0,167395.0,167395.0,61532.0,49476.0
42,2031,764.0,704.0,54.0,20.0,6216.0,4170.0,2448.0,1712.0,1971.0,1947.0,5.0,9.0,7861.0,2813.0,2069.0,4341.0,10694.0,7858.0,216049.0,193811.0,757628.0,546848.0,831324.0,1080501.0,1805001.0,1821160.0,79793.0,79018.0,412.0,251.0,133.0,251.0,2489.0,1291.0,419.0,961.0,1593.0,1844.0,67.0,2.0,2138.0,281.0,2151.0,3817.0,81774.0,79241.0,167395.0,167395.0,72226.0,57334.0
42,2032,829.0,741.0,67.0,21.0,6924.0,4594.0,2418.0,1922.0,2112.0,2116.0,5.0,8.0,8446.0,3039.0,2251.0,4881.0,11526.0,8661.0,226840.0,202282.0,777193.0,558306.0,883679.0,1145739.0,1887712.0,1906327.0,79994.0,80531.0,364.0,112.0,86.0,121.0,1870.0,1774.0,955.0,650.0,1484.0,1428.0,-11.0,-49.0,2034.0,631.0,1986.0,3181.0,86158.0,83165.0,167395.0,167395.0,83752.0,65995.0
42,2033,892.0,764.0,69.0,38.0,7611.0,5225.0,2627.0,2111.0,2330.0,2411.0,7.0,4.0,9259.0,3297.0,2493.0,5728.0,12644.0,9789.0,237253.0,208887.0,793729.0,569668.0,934485.0,1210248.0,1965467.0,1988803.0,79933.0,79728.0,349.0,284.0,201.0,59.0,2408.0,1219.0,715.0,912.0,1647.0,1258.0,46.0,46.0,2393.0,656.0,2275.0,2554.0,91175.0,86659.0,167395.0,167395.0,96396.0,75784.0
42,2034,1024.0,793.0,100.0,36.0,8289.0,5680.0,2903.0,2235.0,2468.0,2443.0,11.0,7.0,10043.0,3437.0,2704.0,6171.0,13771.0,10401.0,247158.0,214204.0,808615.0,581667.0,984414.0,1272014.0,2040187.0,2067885.0,79386.0,80002.0,549.0,246.0,121.0,234.0,2243.0,1641.0,476.0,287.0,766.0,1011.0,-24.0,-53.0,2106.0,708.0,927.0,2166.0,94757.0,89779.0,167395.0,167395.0,110167.0,86185.0
42,2035,1130.0,838.0,162.0,31.0,8756.0,6343.0,3224.0,2333.0,2530.0,2589.0,11.0,5.0,10686.0,3658.0,2867.0,6805.0,14683.0,11301.0,256817.0,220128.0,820732.0,592426.0,1032929.0,1331631.0,2110478.0,2144185.0,79111.0,79171.0,519.0,276.0,97.0,140.0,2507.0,1394.0,1076.0,613.0,996.0,1435.0,28.0,31.0,2621.0,623.0,1564.0,2714.0,99461.0,93392.0,167395.0,167395.0,124850.0,97486.0
42,2036,1244.0,930.0,174.0,47.0,9382.0,7000.0,3427.0,2614.0,2581.0,2686.0,9.0,1.0,11351.0,3991.0,2978.0,7427.0,15573.0,12348.0,266139.0,226180.0,830623.0,601298.0,1080707.0,1389162.0,2177469.0,2216640.0,78890.0,80322.0,154.0,216.0,156.0,77.0,1415.0,1591.0,1020.0,486.0,962.0,499.0,-32.0,41.0,1794.0,625.0,1573.0,1853.0,102982.0,96086.0,167395.0,167395.0,140423.0,109834.0
42,2037,1380.0,981.0,204.0,39.0,9784.0,7536.0,3849.0,2782.0,2657.0,2653.0,9.0,5.0,12012.0,4241.0,3111.0,7793.0,16503.0,13015.0,274676.0,231628.0,838500.0,612849.0,1125590.0,1439973.0,2238766.0,2284450.0,80426.0,82113.0,694.0,250.0,243.0,181.0,2227.0,1096.0,971.0,393.0,719.0,1188.0,-2.0,-4.0,2261.0,367.0,1203.0,2237.0,107140.0,98940.0,167395.0,167395.0,156926.0,122849.0
42,2038,1545.0,1027.0,255.0,47.0,9602.0,7952.0,3956.0,2899.0,2758.0,2803.0,26.0,5.0,11770.0,4393.0,3282.0,8286.0,16597.0,13706.0,282805.0,236531.0,844552.0,625467.0,1168023.0,1485925.0,2295380.0,2347923.0,81150.0,83032.0,165.0,128.0,65.0,131.0,2123.0,1992.0,707.0,282.0,1010.0,1002.0,54.0,11.0,2190.0,1216.0,1604.0,2074.0,111099.0,102358.0,167395.0,167395.0,173523.0,136555.0
42,2039,1583.0,1020.0,329.0,53.0,9781.0,8393.0,4065.0,2987.0,2916.0,2945.0,9.0,5.0,12080.0,4821.0,3437.0,8542.0,17100.0,14383.0,290271.0,241426.0,849543.0,638367.0,1208927.0,1529003.0,2348741.0,2408796.0,81450.0,82960.0,554.0,401.0,142.0,-2.0,730.0,821.0,677.0,813.0,1403.0,1016.0,1.0,24.0,965.0,358.0,1434.0,1913.0,114052.0,105030.0,167395.0,167395.0,190623.0,150938.0
42,2040,1732.0,1091.0,434.0,76.0,9589.0,8897.0,4313.0,3314.0,2890.0,2945.0,17.0,5.0,11995.0,5192.0,3516.0,8954.0,17243.0,15237.0,297772.0,246055.0,852488.0,650107.0,1247924.0,1570318.0,2398184.0,2466480.0,81875.0,83987.0,315.0,144.0,104.0,247.0,1889.0,1250.0,733.0,261.0,789.0,395.0,-22.0,9.0,1730.0,1149.0,1448.0,869.0,117545.0,107192.0,167395.0,167395.0,207866.0,166175.0
43,2009,0.0,0.0,0.0,0.0,0.0,0.0,0.0,0.0,0.0,0.0,0.0,0.0,0.0,0.0,0.0,0.0,0.0,0.0,38635.0,38635.0,92920.0,92920.0,73629.0,73629.0,205184.0,205184.0,63922.0,63922.0,1656.0,1656.0,0.0,0.0,573.0,573.0,7731.0,7731.0,0.0,0.0,0.0,0.0,2646.0,2646.0,4002.0,4002.0,8304.0,8304.0,140986.0,140986.0,0.0,0.0
43,2010,0.0,0.0,0.0,0.0,0.0,0.0,0.0,0.0,0.0,0.0,0.0,0.0,0.0,0.0,0.0,0.0,0.0,0.0,36220.0,36220.0,106405.0,106405.0,66891.0,66891.0,209516.0,209516.0,68090.0,68090.0,59.0,59.0,0.0,0.0,225.0,225.0,-367.0,-367.0,92.0,92.0,0.0,0.0,276.0,276.0,-385.0,-385.0,8254.0,8254.0,150263.0,150263.0,0.0,0.0
43,2011,0.0,0.0,0.0,0.0,0.0,0.0,20.0,20.0,0.0,0.0,0.0,0.0,0.0,0.0,20.0,20.0,20.0,20.0,32792.0,32792.0,124866.0,124866.0,63760.0,63760.0,221418.0,221418.0,63594.0,63594.0,-156.0,-156.0,0.0,0.0,377.0,377.0,-482.0,-482.0,285.0,285.0,0.0,0.0,408.0,408.0,-72.0,-72.0,8434.0,8434.0,139300.0,139300.0,20.0,20.0
43,2012,46.0,46.0,0.0,0.0,1.0,1.0,175.0,175.0,0.0,0.0,0.0,0.0,41.0,41.0,89.0,89.0,176.0,176.0,32147.0,32147.0,140864.0,140864.0,56370.0,56370.0,229381.0,229381.0,65098.0,65098.0,-17.0,-17.0,0.0,0.0,444.0,444.0,-659.0,-659.0,443.0,443.0,0.0,0.0,492.0,492.0,-247.0,-247.0,8662.0,8662.0,144647.0,144647.0,196.0,196.0
43,2013,74.0,74.0,0.0,0.0,7.0,7.0,262.0,262.0,7.0,7.0,0.0,0.0,154.0,154.0,48.0,48.0,276.0,276.0,30689.0,30689.0,153769.0,153769.0,49978.0,49978.0,234436.0,234436.0,72590.0,72590.0,-13.0,-13.0,0.0,0.0,172.0,172.0,-1027.0,-1027.0,1123.0,1123.0,0.0,0.0,316.0,316.0,-35.0,-35.0,8930.0,8930.0,161269.0,161269.0,472.0,472.0
43,2014,53.0,53.0,0.0,0.0,23.0,23.0,221.0,221.0,31.0,31.0,0.0,0.0,188.0,188.0,34.0,34.0,275.0,275.0,34611.0,34611.0,176554.0,176554.0,47322.0,47322.0,258487.0,258487.0,68030.0,68030.0,-11.0,-11.0,5.0,5.0,586.0,586.0,-1093.0,-1093.0,792.0,792.0,18.0,18.0,171.0,171.0,148.0,148.0,9238.0,9238.0,151359.0,151359.0,747.0,747.0
43,2015,90.0,90.0,0.0,0.0,72.0,72.0,213.0,213.0,80.0,80.0,0.0,0.0,201.0,201.0,74.0,74.0,365.0,365.0,42496.0,42496.0,210210.0,210210.0,58926.0,58926.0,311632.0,311632.0,64637.0,64637.0,150.0,150.0,81.0,81.0,851.0,851.0,-360.0,-360.0,1356.0,1356.0,112.0,112.0,917.0,917.0,973.0,973.0,11278.0,11278.0,143952.0,143952.0,1112.0,1112.0
43,2016,235.0,235.0,0.0,0.0,102.0,102.0,438.0,438.0,169.0,169.0,0.0,0.0,315.0,315.0,159.0,159.0,709.0,709.0,53846.0,53846.0,263797.0,263797.0,89511.0,89511.0,407154.0,407154.0,62858.0,62858.0,372.0,372.0,207.0,207.0,1309.0,1309.0,337.0,337.0,1620.0,1620.0,91.0,91.0,1178.0,1178.0,2014.0,2014.0,14842.0,14842.0,140350.0,140350.0,1821.0,1821.0
43,2017,163.0,163.0,0.0,0.0,152.0,152.0,510.0,510.0,293.0,293.0,0.0,0.0,520.0,520.0,272.0,272.0,955.0,955.0,68167.0,68167.0,307743.0,307743.0,109675.0,109675.0,485585.0,485585.0,62631.0,62631.0,445.0,445.0,162.0,162.0,999.0,999.0,589.0,589.0,661.0,661.0,203.0,203.0,1133.0,1133.0,1036.0,1036.0,17456.0,17456.0,139605.0,139605.0,2776.0,2776.0
43,2018,52.0,52.0,0.0,0.0,250.0,250.0,503.0,503.0,433.0,433.0,0.0,0.0,723.0,723.0,411.0,411.0,1186.0,1186.0,84599.0,84599.0,347378.0,347378.0,121263.0,121263.0,553240.0,553240.0,62806.0,62806.0,692.0,692.0,226.0,226.0,1216.0,1216.0,638.0,638.0,218.0,218.0,335.0,335.0,1331.0,1331.0,610.0,610.0,20089.0,20089.0,139482.0,139482.0,3962.0,3962.0
43,2019,133.0,133.0,0.0,0.0,440.0,440.0,914.0,914.0,532.0,532.0,0.0,0.0,1251.0,1251.0,502.0,502.0,1886.0,1886.0,93097.0,93097.0,393667.0,393667.0,153107.0,153107.0,639871.0,639871.0,63439.0,63439.0,346.0,346.0,-57.0,-57.0,1195.0,1195.0,463.0,463.0,1225.0,1225.0,30.0,30.0,740.0,740.0,1770.0,1770.0,22945.0,22945.0,140588.0,140588.0,5848.0,5848.0
43,2020,133.0,133.0,1.0,1.0,634.0,634.0,898.0,898.0,626.0,626.0,0.0,0.0,1434.0,1434.0,592.0,592.0,2159.0,2159.0,102872.0,102872.0,426028.0,426028.0,190150.0,190150.0,719050.0,719050.0,66769.0,66769.0,331.0,331.0,-191.0,-191.0,1202.0,1202.0,1040.0,1040.0,1816.0,1816.0,50.0,50.0,1546.0,1546.0,2040.0,2040.0,26862.0,26862.0,147154.0,147154.0,8007.0,8007.0
43,2021,153.0,153.0,0.0,0.0,738.0,738.0,920.0,920.0,738.0,738.0,0.0,0.0,1548.0,1548.0,695.0,695.0,2396.0,2396.0,112687.0,112687.0,472108.0,472108.0,214963.0,214963.0,799758.0,799758.0,88921.0,88921.0,616.0,616.0,-107.0,-107.0,847.0,847.0,1886.0,1886.0,792.0,792.0,144.0,144.0,1588.0,1588.0,1358.0,1358.0,30424.0,30424.0,195507.0,195507.0,10403.0,10403.0
43,2022,130.0,130.0,0.0,0.0,760.0,760.0,972.0,972.0,704.0,704.0,4.0,4.0,1631.0,1631.0,679.0,679.0,2440.0,2440.0,110084.0,110084.0,488853.0,488853.0,236310.0,236310.0,835247.0,835247.0,126519.0,126519.0,-90.0,-90.0,-20.0,-20.0,365.0,365.0,229.0,229.0,1097.0,1097.0,-179.0,-179.0,320.0,320.0,1262.0,1262.0,31916.0,31916.0,275252.0,275252.0,12843.0,12843.0
43,2023,174.0,174.0,0.0,0.0,1077.0,1077.0,1236.0,1236.0,748.0,748.0,19.0,19.0,2191.0,2191.0,715.0,715.0,3080.0,3080.0,116185.0,116185.0,528206.0,528206.0,303627.0,303627.0,948018.0,948018.0,89334.0,89334.0,255.0,255.0,149.0,149.0,1662.0,1662.0,1510.0,1510.0,2789.0,2789.0,-165.0,-165.0,1766.0,1766.0,3924.0,3924.0,37861.0,37861.0,193927.0,193927.0,15923.0,15923.0
43,2024,338.0,338.0,0.0,0.0,1536.0,1536.0,1219.0,1219.0,933.0,933.0,113.0,113.0,2563.0,2563.0,900.0,900.0,3801.0,3801.0,130197.0,130197.0,563750.0,563750.0,382385.0,382385.0,1076332.0,1076332.0,77077.0,77077.0,439.0,439.0,107.0,107.0,1428.0,1428.0,1253.0,1253.0,2803.0,2803.0,20.0,20.0,1495.0,1495.0,3677.0,3677.0,43472.0,43472.0,167395.0,167395.0,19724.0,19724.0
43,2025,380.0,330.0,1.0,0.0,2015.0,1643.0,1507.0,796.0,1054.0,1066.0,115.0,57.0,3283.0,2168.0,1029.0,1064.0,4692.0,3562.0,143529.0,140282.0,597310.0,552850.0,456949.0,505922.0,1197788.0,1199054.0,77356.0,77067.0,461.0,256.0,163.0,299.0,1940.0,1778.0,1213.0,424.0,3320.0,3202.0,-57.0,-101.0,1887.0,-1099.0,4231.0,6445.0,50051.0,49074.0,167395.0,167395.0,24416.0,23286.0
43,2026,375.0,360.0,2.0,8.0,2688.0,2027.0,1527.0,645.0,1220.0,1209.0,57.0,3.0,3914.0,2184.0,1205.0,1348.0,5494.0,3892.0,156471.0,152387.0,629489.0,546961.0,527592.0,617850.0,1313552.0,1317198.0,77621.0,76081.0,330.0,479.0,110.0,264.0,1450.0,1481.0,979.0,1056.0,2915.0,2819.0,-27.0,-56.0,1378.0,-700.0,3719.0,5785.0,55478.0,54638.0,167395.0,167395.0,29910.0,27178.0
43,2027,380.0,425.0,6.0,10.0,3310.0,2355.0,1687.0,570.0,1283.0,1292.0,5.0,1.0,4646.0,2236.0,1265.0,1567.0,6291.0,4228.0,168840.0,161415.0,660089.0,547214.0,595514.0,721652.0,1424443.0,1430281.0,77043.0,75736.0,461.0,113.0,105.0,123.0,1817.0,1631.0,1133.0,1044.0,2458.0,2620.0,-62.0,-12.0,1853.0,166.0,3137.0,5127.0,60929.0,60044.0,167395.0,167395.0,36201.0,31406.0
43,2028,481.0,533.0,13.0,10.0,3956.0,2672.0,1913.0,887.0,1452.0,1482.0,10.0,11.0,5414.0,2402.0,1449.0,2127.0,7344.0,5062.0,181011.0,170229.0,688159.0,547706.0,658914.0,818155.0,1528084.0,1536090.0,78422.0,77474.0,495.0,639.0,186.0,207.0,2132.0,1462.0,1222.0,1288.0,2349.0,2528.0,-18.0,51.0,2141.0,160.0,3235.0,4737.0,66800.0,65580.0,167395.0,167395.0,43545.0,36468.0
43,2029,565.0,553.0,16.0,20.0,4723.0,3189.0,2071.0,1109.0,1788.0,1766.0,9.0,7.0,6212.0,2685.0,1830.0,2853.0,8607.0,6091.0,193102.0,178944.0,713958.0,547804.0,719262.0,910061.0,1626322.0,1636809.0,78918.0,77840.0,473.0,229.0,141.0,68.0,2139.0,1392.0,857.0,1103.0,1760.0,2120.0,10.0,41.0,1988.0,341.0,2446.0,4154.0,71707.0,70304.0,167395.0,167395.0,52152.0,42559.0
43,2030,532.0,559.0,27.0,20.0,5464.0,3573.0,2171.0,1462.0,1938.0,1983.0,7.0,5.0,7076.0,2743.0,1999.0,3741.0,9607.0,7043.0,204749.0,187136.0,737305.0,547692.0,776790.0,997220.0,1718844.0,1732048.0,79486.0,78680.0,463.0,279.0,101.0,171.0,2275.0,1524.0,1006.0,1315.0,1730.0,1683.0,36.0,-53.0,2200.0,397.0,2485.0,3964.0,76855.0,74944.0,167395.0,167395.0,61759.0,49602.0
43,2031,711.0,641.0,63.0,26.0,6078.0,4062.0,2266.0,1727.0,2059.0,2060.0,10.0,7.0,7615.0,2866.0,2150.0,4375.0,10476.0,7882.0,216474.0,194424.0,758619.0,548192.0,831662.0,1080341.0,1806755.0,1822957.0,79906.0,79044.0,72.0,271.0,98.0,84.0,1900.0,1538.0,445.0,1047.0,1769.0,1248.0,-21.0,49.0,1869.0,21.0,2250.0,3674.0,81046.0,78910.0,167395.0,167395.0,72235.0,57484.0
43,2032,816.0,713.0,51.0,31.0,6992.0,4673.0,2375.0,1863.0,2174.0,2155.0,17.0,5.0,8503.0,3099.0,2290.0,4915.0,11609.0,8727.0,227368.0,202839.0,777434.0,558922.0,884151.0,1146036.0,1888953.0,1907797.0,80230.0,80778.0,824.0,326.0,244.0,218.0,2530.0,1883.0,1085.0,557.0,1501.0,1672.0,29.0,5.0,2320.0,1078.0,2245.0,2931.0,86435.0,83245.0,167395.0,167395.0,83844.0,66211.0
43,2033,967.0,800.0,74.0,24.0,7761.0,5266.0,2677.0,2135.0,2334.0,2296.0,17.0,9.0,9383.0,3318.0,2513.0,5612.0,12863.0,9730.0,237447.0,209595.0,793866.0,570468.0,935308.0,1210082.0,1966621.0,1990145.0,79839.0,79495.0,354.0,183.0,129.0,70.0,2509.0,1325.0,709.0,781.0,1591.0,1609.0,-17.0,-10.0,2494.0,407.0,2073.0,3185.0,91356.0,87020.0,167395.0,167395.0,96707.0,75941.0
43,2034,983.0,795.0,107.0,42.0,8156.0,5741.0,2981.0,2235.0,2486.0,2433.0,10.0,6.0,9998.0,3508.0,2759.0,6154.0,13740.0,10457.0,247615.0,215237.0,808051.0,582123.0,985472.0,1272206.0,2041138.0,2069566.0,79441.0,79872.0,197.0,212.0,107.0,182.0,1946.0,971.0,385.0,516.0,1097.0,880.0,14.0,1.0,1919.0,262.0,1433.0,2076.0,94905.0,89570.0,167395.0,167395.0,110447.0,86398.0
43,2035,1075.0,791.0,118.0,25.0,8900.0,6424.0,3270.0,2409.0,2521.0,2528.0,9.0,2.0,10901.0,3745.0,2842.0,6852.0,14818.0,11388.0,257058.0,220716.0,820610.0,593109.0,1033884.0,1332329.0,2111552.0,2146154.0,79299.0,79618.0,476.0,349.0,157.0,183.0,1955.0,1469.0,1187.0,662.0,966.0,726.0,-20.0,47.0,2145.0,756.0,1624.0,1982.0,99150.0,92657.0,167395.0,167395.0,125265.0,97786.0
43,2036,1295.0,927.0,202.0,45.0,9597.0,7131.0,3497.0,2664.0,2549.0,2572.0,13.0,5.0,11640.0,4008.0,2923.0,7482.0,15858.0,12417.0,266239.0,226852.0,830183.0,602252.0,1080793.0,1389172.0,2177215.0,2218276.0,79154.0,80376.0,504.0,102.0,151.0,191.0,2366.0,2154.0,1179.0,269.0,1156.0,1115.0,44.0,-21.0,2473.0,844.0,1919.0,2762.0,104046.0,96365.0,167395.0,167395.0,141123.0,110203.0
43,2037,1368.0,918.0,214.0,49.0,9824.0,7621.0,3754.0,2753.0,2710.0,2778.0,12.0,9.0,12033.0,4332.0,3113.0,7960.0,16514.0,13210.0,274691.0,232320.0,837863.0,613392.0,1125779.0,1440435.0,2238333.0,2286147.0,80323.0,82287.0,601.0,259.0,76.0,35.0,1870.0,903.0,874.0,456.0,567.0,932.0,-11.0,14.0,2035.0,374.0,740.0,1707.0,107422.0,98705.0,167395.0,167395.0,157637.0,123413.0
43,2038,1487.0,1031.0,281.0,64.0,9592.0,8049.0,3867.0,2920.0,2843.0,2861.0,18.0,6.0,11787.0,4594.0,3327.0,8275.0,16601.0,13900.0,282680.0,236988.0,844486.0,626555.0,1168785.0,1487042.0,2295951.0,2350585.0,81070.0,82856.0,122.0,241.0,91.0,128.0,1092.0,1499.0,720.0,517.0,833.0,779.0,17.0,-59.0,1446.0,821.0,1185.0,1802.0,110175.0,101569.0,167395.0,167395.0,174238.0,137313.0
43,2039,1599.0,1101.0,304.0,51.0,9811.0,8400.0,4062.0,3137.0,2927.0,2961.0,17.0,10.0,12060.0,4816.0,3462.0,8642.0,17121.0,14559.0,290483.0,242366.0,848276.0,638414.0,1210043.0,1530738.0,2348802.0,2411518.0,81464.0,83103.0,649.0,194.0,253.0,86.0,2068.0,1492.0,940.0,511.0,1117.0,1128.0,-5.0,41.0,2280.0,1248.0,1444.0,1816.0,114548.0,104827.0,167395.0,167395.0,191359.0,151872.0
43,2040,1711.0,1142.0,352.0,69.0,9743.0,8960.0,4179.0,3185.0,3029.0,3135.0,15.0,4.0,11976.0,5143.0,3631.0,9068.0,17318.0,15353.0,297576.0,246981.0,851973.0,649915.0,1249720.0,1572417.0,2399269.0,2469313.0,81866.0,83764.0,283.0,134.0,66.0,241.0,595.0,867.0,302.0,306.0,1037.0,1050.0,-18.0,13.0,266.0,730.0,1433.0,1613.0,116530.0,107304.0,167395.0,167395.0,208677.0,167225.0
44,2009,0.0,0.0,0.0,0.0,0.0,0.0,0.0,0.0,0.0,0.0,0.0,0.0,0.0,0.0,0.0,0.0,0.0,0.0,38629.0,38629.0,93169.0,93169.0,73674.0,73674.0,205472.0,205472.0,63612.0,63612.0,1700.0,1700.0,0.0,0.0,603.0,603.0,7722.0,7722.0,1.0,1.0,0.0,0.0,2619.0,2619.0,4007.0,4007.0,8326.0,8326.0,140986.0,140986.0,0.0,0.0
44,2010,0.0,0.0,0.0,0.0,0.0,0.0,0.0,0.0,0.0,0.0,0.0,0.0,0.0,0.0,0.0,0.0,0.0,0.0,36151.0,36151.0,106104.0,106104.0,67030.0,67030.0,209285.0,209285.0,68484.0,68484.0,16.0,16.0,0.0,0.0,181.0,181.0,-222.0,-222.0,94.0,94.0,0.0,0.0,318.0,318.0,-281.0,-281.0,8379.0,8379.0,150263.0,150263.0,0.0,0.0
44,2011,0.0,0.0,0.0,0.0,0.0,0.0,38.0,38.0,0.0,0.0,0.0,0.0,1.0,1.0,37.0,37.0,38.0,38.0,32930.0,32930.0,124858.0,124858.0,63431.0,63431.0,221219.0,221219.0,63592.0,63592.0,-109.0,-109.0,0.0,0.0,459.0,459.0,-699.0,-699.0,265.0,265.0,0.0,0.0,428.0,428.0,-294.0,-294.0,8404.0,8404.0,139300.0,139300.0,38.0,38.0
44,2012,32.0,32.0,0.0,0.0,2.0,2.0,131.0,131.0,3.0,3.0,0.0,0.0,48.0,48.0,56.0,56.0,136.0,136.0,32298.0,32298.0,140727.0,140727.0,55884.0,55884.0,228909.0,228909.0,65363.0,65363.0,9.0,9.0,0.0,0.0,390.0,390.0,-636.0,-636.0,512.0,512.0,0.0,0.0,401.0,401.0,-144.0,-144.0,8670.0,8670.0,144647.0,144647.0,174.0,174.0
44,2013,51.0,51.0,0.0,0.0,6.0,6.0,232.0,232.0,6.0,6.0,0.0,0.0,153.0,153.0,40.0,40.0,244.0,244.0,31002.0,31002.0,153647.0,153647.0,49567.0,49567.0,234216.0,234216.0,72264.0,72264.0,-76.0,-76.0,0.0,0.0,185.0,185.0,-898.0,-898.0,1047.0,1047.0,0.0,0.0,442.0,442.0,-32.0,-32.0,9004.0,9004.0,161269.0,161269.0,418.0,418.0
44,2014,53.0,53.0,0.0,0.0,13.0,13.0,226.0,226.0,39.0,39.0,0.0,0.0,183.0,183.0,42.0,42.0,278.0,278.0,34947.0,34947.0,176364.0,176364.0,46807.0,46807.0,258118.0,258118.0,68206.0,68206.0,-25.0,-25.0,5.0,5.0,551.0,551.0,-1266.0,-1266.0,890.0,890.0,27.0,27.0,98.0,98.0,134.0,134.0,9211.0,9211.0,151359.0,151359.0,696.0,696.0
44,2015,79.0,79.0,0.0,0.0,64.0,64.0,181.0,181.0,76.0,76.0,0.0,0.0,171.0,171.0,71.0,71.0,321.0,321.0,42743.0,42743.0,210246.0,210246.0,58282.0,58282.0,311271.0,311271.0,64780.0,64780.0,180.0,180.0,75.0,75.0,724.0,724.0,-217.0,-217.0,1217.0,1217.0,117.0,117.0,837.0,837.0,899.0,899.0,11127.0,11127.0,143952.0,143952.0,1017.0,1017.0
44,2016,255.0,255.0,0.0,0.0,93.0,93.0,469.0,469.0,171.0,171.0,0.0,0.0,317.0,317.0,161.0,161.0,733.0,733.0,54189.0,54189.0,263660.0,263660.0,89352.0,89352.0,407201.0,407201.0,62720.0,62720.0,364.0,364.0,147.0,147.0,1353.0,1353.0,329.0,329.0,1507.0,1507.0,109.0,109.0,1155.0,1155.0,1926.0,1926.0,14572.0,14572.0,140350.0,140350.0,1750.0,1750.0
44,2017,130.0,130.0,0.0,0.0,180.0,180.0,505.0,505.0,247.0,247.0,0.0,0.0,569.0,569.0,233.0,233.0,932.0,932.0,68286.0,68286.0,307943.0,307943.0,109463.0,109463.0,485692.0,485692.0,62575.0,62575.0,416.0,416.0,293.0,293.0,1082.0,1082.0,522.0,522.0,792.0,792.0,191.0,191.0,1284.0,1284.0,1180.0,1180.0,17452.0,17452.0,139605.0,139605.0,2682.0,2682.0
44,2018,32.0,32.0,0.0,0.0,232.0,232.0,539.0,539.0,418.0,418.0,0.0,0.0,761.0,761.0,396.0,396.0,1189.0,1189.0,84678.0,84678.0,347921.0,347921.0,121444.0,121444.0,554043.0,554043.0,62427.0,62427.0,701.0,701.0,107.0,107.0,1185.0,1185.0,623.0,623.0,127.0,127.0,278.0,278.0,1093.0,1093.0,526.0,526.0,19772.0,19772.0,139482.0,139482.0,3871.0,3871.0
44,2019,138.0,138.0,0.0,0.0,430.0,430.0,916.0,916.0,565.0,565.0,0.0,0.0,1242.0,1242.0,531.0,531.0,1911.0,1911.0,93517.0,93517.0,393641.0,393641.0,153154.0,153154.0,640312.0,640312.0,63626.0,63626.0,228.0,228.0,17.0,17.0,1324.0,1324.0,685.0,685.0,1329.0,1329.0,-7.0,-7.0,1198.0,1198.0,1922.0,1922.0,23120.0,23120.0,140588.0,140588.0,5782.0,5782.0
44,2020,117.0,117.0,1.0,1.0,687.0,687.0,895.0,895.0,670.0,670.0,0.0,0.0,1506.0,1506.0,630.0,630.0,2253.0,2253.0,103409.0,103409.0,425822.0,425822.0,190378.0,190378.0,719609.0,719609.0,66401.0,66401.0,588.0,588.0,-147.0,-147.0,1091.0,1091.0,971.0,971.0,1969.0,1969.0,108.0,108.0,1345.0,1345.0,2059.0,2059.0,27112.0,27112.0,147154.0,147154.0,8035.0,8035.0
44,2021,168.0,168.0,0.0,0.0,745.0,745.0,913.0,913.0,697.0,697.0,0.0,0.0,1515.0,1515.0,672.0,672.0,2355.0,2355.0,113227.0,113227.0,471373.0,471373.0,215912.0,215912.0,800512.0,800512.0,89081.0,89081.0,454.0,454.0,-126.0,-126.0,914.0,914.0,1598.0,1598.0,461.0,461.0,110.0,110.0,1386.0,1386.0,1117.0,1117.0,30069.0,30069.0,195507.0,195507.0,10390.0,10390.0
44,2022,118.0,118.0,0.0,0.0,757.0,757.0,918.0,918.0,665.0,665.0,6.0,6.0,1591.0,1591.0,637.0,637.0,2346.0,2346.0,110497.0,110497.0,488109.0,488109.0,237285.0,237285.0,835891.0,835891.0,126579.0,126579.0,-9.0,-9.0,-66.0,-66.0,569.0,569.0,409.0,409.0,1092.0,1092.0,-107.0,-107.0,667.0,667.0,1239.0,1239.0,31966.0,31966.0,275252.0,275252.0,12736.0,12736.0
44,2023,178.0,178.0,0.0,0.0,1106.0,1106.0,1167.0,1167.0,780.0,780.0,15.0,15.0,2138.0,2138.0,752.0,752.0,3068.0,3068.0,117016.0,117016.0,527785.0,527785.0,304605.0,304605.0,949406.0,949406.0,89125.0,89125.0,127.0,127.0,152.0,152.0,1380.0,1380.0,1224.0,1224.0,2783.0,2783.0,-179.0,-179.0,1320.0,1320.0,3913.0,3913.0,37326.0,37326.0,193927.0,193927.0,15804.0,15804.0
44,2024,337.0,337.0,0.0,0.0,1583.0,1583.0,1314.0,1314.0,904.0,904.0,103.0,103.0,2700.0,2700.0,867.0,867.0,3904.0,3904.0,131105.0,131105.0,563015.0,563015.0,383020.0,383020.0,1077140.0,1077140.0,77149.0,77149.0,607.0,607.0,137.0,137.0,1716.0,1716.0,1356.0,1356.0,3432.0,3432.0,13.0,13.0,1750.0,1750.0,4297.0,4297.0,43980.0,43980.0,167395.0,167395.0,19708.0,19708.0
44,2025,382.0,324.0,1.0,0.0,2026.0,1711.0,1591.0,874.0,1076.0,1092.0,126.0,53.0,3380.0,2307.0,1058.0,1099.0,4820.0,3730.0,144383.0,140854.0,596798.0,552376.0,457865.0,506841.0,1199046.0,1200071.0,77544.0,77127.0,312.0,333.0,132.0,306.0,1345.0,1137.0,1538.0,836.0,2427.0,2618.0,-9.0,-72.0,1778.0,-1203.0,3343.0,5695.0,49413.0,48805.0,167395.0,167395.0,24528.0,23438.0
44,2026,375.0,362.0,1.0,14.0,2684.0,1975.0,1581.0,654.0,1270.0,1271.0,57.0,4.0,3963.0,2141.0,1255.0,1415.0,5593.0,3918.0,156921.0,152686.0,629148.0,546799.0,528195.0,618325.0,1314264.0,1317810.0,77804.0,76081.0,418.0,296.0,123.0,243.0,1716.0,1829.0,1044.0,782.0,3651.0,3426.0,-106.0,-42.0,1527.0,-548.0,4483.0,6490.0,55841.0,55043.0,167395.0,167395.0,30121.0,27356.0
44,2027,379.0,413.0,7.0,10.0,3268.0,2282.0,1704.0,601.0,1390.0,1371.0,2.0,9.0,4618.0,2215.0,1374.0,1645.0,6371.0,4273.0,169472.0,161321.0,659038.0,547051.0,596292.0,722047.0,1424802.0,1430419.0,77231.0,75590.0,313.0,437.0,119.0,91.0,1803.0,1709.0,1098.0,1226.0,2268.0,2608.0,-35.0,-13.0,2017.0,64.0,2923.0,5120.0,61094.0,60664.0,167395.0,167395.0,36492.0,31629.0
44,2028,385.0,431.0,9.0,8.0,3930.0,2672.0,1861.0,815.0,1575.0,1560.0,7.0,6.0,5404.0,2396.0,1593.0,2234.0,7382.0,5061.0,181096.0,170014.0,687046.0,547051.0,659959.0,819058.0,1528101.0,1536123.0,78271.0,77270.0,729.0,200.0,161.0,195.0,2427.0,1559.0,1130.0,1379.0,2520.0,2089.0,-39.0,3.0,1945.0,425.0,3525.0,4600.0,67293.0,65889.0,167395.0,167395.0,43874.0,36690.0
44,2029,507.0,536.0,30.0,15.0,4666.0,3215.0,2056.0,1084.0,1670.0,1699.0,9.0,7.0,6173.0,2660.0,1751.0,2824.0,8431.0,6020.0,192978.0,178438.0,712563.0,547340.0,720419.0,911033.0,1625960.0,1636811.0,79061.0,77898.0,343.0,293.0,183.0,117.0,2046.0,1288.0,680.0,1041.0,1690.0,1899.0,51.0,43.0,2143.0,186.0,2164.0,3909.0,71943.0,70277.0,167395.0,167395.0,52305.0,42710.0
44,2030,584.0,571.0,35.0,16.0,5484.0,3692.0,2207.0,1456.0,1861.0,1862.0,7.0,5.0,7054.0,2774.0,1956.0,3686.0,9594.0,7031.0,204668.0,186520.0,736051.0,546992.0,777907.0,998640.0,1718626.0,1732152.0,79245.0,78790.0,327.0,385.0,74.0,197.0,2046.0,1702.0,1112.0,1013.0,1812.0,1549.0,-35.0,-6.0,2046.0,397.0,2636.0,3673.0,76952.0,74732.0,167395.0,167395.0,61899.0,49741.0
44,2031,707.0,636.0,54.0,21.0,6163.0,4202.0,2371.0,1707.0,2030.0,2010.0,16.0,2.0,7802.0,2950.0,2125.0,4356.0,10634.0,7942.0,216303.0,194122.0,757418.0,546901.0,832652.0,1081597.0,1806373.0,1822620.0,80058.0,79008.0,424.0,127.0,155.0,152.0,2045.0,1425.0,416.0,1232.0,1438.0,1894.0,52.0,-48.0,1661.0,136.0,2021.0,4392.0,81058.0,79387.0,167395.0,167395.0,72533.0,57683.0
44,2032,838.0,744.0,46.0,24.0,7021.0,4656.0,2520.0,1967.0,2200.0,2233.0,13.0,3.0,8630.0,3094.0,2332.0,5045.0,11800.0,8883.0,227469.0,202655.0,776537.0,557922.0,884436.0,1146856.0,1888442.0,1907433.0,80311.0,80850.0,403.0,344.0,135.0,151.0,2511.0,1251.0,1050.0,725.0,1718.0,1613.0,11.0,73.0,2367.0,481.0,2655.0,2988.0,86483.0,83200.0,167395.0,167395.0,84333.0,66566.0
44,2033,922.0,762.0,71.0,28.0,7626.0,5127.0,2784.0,2114.0,2295.0,2229.0,9.0,2.0,9386.0,3302.0,2477.0,5436.0,12785.0,9500.0,237987.0,209099.0,793203.0,569647.0,935449.0,1211295.0,1966639.0,1990041.0,79835.0,79718.0,269.0,326.0,117.0,163.0,2287.0,1424.0,625.0,386.0,1322.0,1369.0,-3.0,-5.0,2433.0,679.0,1646.0,2332.0,90831.0,86537.0,167395.0,167395.0,97118.0,76066.0
44,2034,1050.0,786.0,105.0,25.0,8240.0,5783.0,3051.0,2238.0,2526.0,2501.0,14.0,4.0,10090.0,3545.0,2796.0,6220.0,13936.0,10551.0,247939.0,214622.0,808009.0,581540.0,985433.0,1273048.0,2041381.0,2069210.0,79172.0,79898.0,500.0,95.0,87.0,60.0,1918.0,1519.0,872.0,754.0,1224.0,912.0,17.0,14.0,1943.0,641.0,1675.0,2523.0,94949.0,89796.0,167395.0,167395.0,111054.0,86617.0
44,2035,1138.0,838.0,135.0,33.0,8721.0,6445.0,3345.0,2330.0,2588.0,2558.0,14.0,3.0,10760.0,3700.0,2905.0,6831.0,14803.0,11369.0,257929.0,220244.0,820040.0,592518.0,1033986.0,1333048.0,2111955.0,2145810.0,78958.0,79477.0,366.0,456.0,154.0,121.0,2375.0,1504.0,818.0,427.0,1049.0,961.0,-14.0,-23.0,2393.0,481.0,1623.0,2053.0,99331.0,92786.0,167395.0,167395.0,125857.0,97986.0
44,2036,1282.0,908.0,189.0,42.0,9539.0,7097.0,3459.0,2578.0,2571.0,2674.0,9.0,4.0,11586.0,4101.0,2899.0,7386.0,15767.0,12395.0,266901.0,226293.0,830198.0,601951.0,1081345.0,1389691.0,2178444.0,2217935.0,79256.0,80284.0,784.0,173.0,210.0,213.0,1969.0,1987.0,977.0,452.0,628.0,1020.0,3.0,-4.0,2072.0,866.0,931.0,2629.0,103118.0,96454.0,167395.0,167395.0,141624.0,110381.0
44,2037,1362.0,936.0,252.0,56.0,9752.0,7523.0,3840.0,2791.0,2714.0,2690.0,13.0,3.0,12061.0,4252.0,3148.0,7875.0,16571.0,13063.0,275525.0,231891.0,837893.0,613357.0,1126948.0,1440590.0,2240366.0,2285838.0,80162.0,82239.0,120.0,86.0,122.0,48.0,1814.0,938.0,872.0,306.0,818.0,948.0,35.0,27.0,2390.0,256.0,1151.0,1925.0,106779.0,98721.0,167395.0,167395.0,158195.0,123444.0
44,2038,1481.0,1051.0,252.0,43.0,9821.0,8135.0,3866.0,3046.0,2735.0,2812.0,23.0,11.0,11961.0,4592.0,3255.0,8404.0,16697.0,14047.0,283788.0,236878.0,843924.0,626115.0,1169723.0,1487277.0,2297435.0,2350270.0,81132.0,82698.0,686.0,451.0,154.0,131.0,1697.0,1439.0,859.0,708.0,1186.0,725.0,-13.0,9.0,1484.0,1017.0,1713.0,1544.0,110662.0,101733.0,167395.0,167395.0,174892.0,137491.0
44,2039,1530.0,1038.0,298.0,51.0,9725.0,8438.0,4109.0,3047.0,2919.0,2886.0,15.0,2.0,12079.0,4862.0,3457.0,8524.0,17066.0,14424.0,291776.0,242071.0,848474.0,638353.0,1211209.0,1530983.0,2351459.0,2411407.0,81549.0,82958.0,-37.0,21.0,170.0,130.0,1028.0,1554.0,627.0,366.0,817.0,1000.0,-14.0,-15.0,1620.0,928.0,1045.0,2086.0,113290.0,104768.0,167395.0,167395.0,191958.0,151915.0
44,2040,1752.0,1139.0,368.0,66.0,9781.0,9085.0,4430.0,3284.0,2993.0,2992.0,18.0,9.0,12185.0,5214.0,3653.0,9083.0,17590.0,15436.0,298788.0,246697.0,851383.0,650121.0,1250818.0,1572824.0,2400989.0,2469642.0,81652.0,83517.0,811.0,234.0,93.0,109.0,1905.0,643.0,1075.0,434.0,1318.0,1120.0,0.0,37.0,1518.0,743.0,2062.0,1366.0,117681.0,107111.0,167395.0,167395.0,209548.0,167351.0
45,2009,0.0,0.0,0.0,0.0,0.0,0.0,0.0,0.0,0.0,0.0,0.0,0.0,0.0,0.0,0.0,0.0,0.0,0.0,38278.0,38278.0,93591.0,93591.0,73397.0,73397.0,205266.0,205266.0,63928.0,63928.0,1637.0,1637.0,0.0,0.0,498.0,498.0,7718.0,7718.0,0.0,0.0,0.0,0.0,2567.0,2567.0,4012.0,4012.0,8216.0,8216.0,140986.0,140986.0,0.0,0.0
45,2010,0.0,0.0,0.0,0.0,0.0,0.0,0.0,0.0,0.0,0.0,0.0,0.0,0.0,0.0,0.0,0.0,0.0,0.0,35832.0,35832.0,106819.0,106819.0,66781.0,66781.0,209432.0,209432.0,68284.0,68284.0,27.0,27.0,0.0,0.0,285.0,285.0,-376.0,-376.0,101.0,101.0,0.0,0.0,353.0,353.0,-370.0,-370.0,8226.0,8226.0,150263.0,150263.0,0.0,0.0
45,2011,0.0,0.0,0.0,0.0,0.0,0.0,32.0,32.0,0.0,0.0,0.0,0.0,2.0,2.0,30.0,30.0,32.0,32.0,32551.0,32551.0,125794.0,125794.0,62972.0,62972.0,221317.0,221317.0,63375.0,63375.0,-92.0,-92.0,0.0,0.0,402.0,402.0,-242.0,-242.0,284.0,284.0,0.0,0.0,568.0,568.0,-32.0,-32.0,8670.0,8670.0,139300.0,139300.0,32.0,32.0
45,2012,38.0,38.0,0.0,0.0,0.0,0.0,144.0,144.0,1.0,1.0,0.0,0.0,44.0,44.0,63.0,63.0,145.0,145.0,32032.0,32032.0,141784.0,141784.0,55182.0,55182.0,228998.0,228998.0,65209.0,65209.0,-24.0,-24.0,0.0,0.0,465.0,465.0,-811.0,-811.0,509.0,509.0,0.0,0.0,470.0,470.0,-283.0,-283.0,8833.0,8833.0,144647.0,144647.0,177.0,177.0
45,2013,59.0,59.0,0.0,0.0,4.0,4.0,247.0,247.0,11.0,11.0,0.0,0.0,162.0,162.0,41.0,41.0,262.0,262.0,30756.0,30756.0,153736.0,153736.0,49349.0,49349.0,233841.0,233841.0,72852.0,72852.0,-49.0,-49.0,0.0,0.0,96.0,96.0,-1128.0,-1128.0,1079.0,1079.0,0.0,0.0,148.0,148.0,-52.0,-52.0,8880.0,8880.0,161269.0,161269.0,439.0,439.0
45,2014,54.0,54.0,0.0,0.0,27.0,27.0,188.0,188.0,28.0,28.0,0.0,0.0,158.0,158.0,31.0,31.0,243.0,243.0,34741.0,34741.0,176406.0,176406.0,46983.0,46983.0,258130.0,258130.0,67926.0,67926.0,52.0,52.0,7.0,7.0,545.0,545.0,-1154.0,-1154.0,801.0,801.0,25.0,25.0,58.0,58.0,114.0,114.0,9104.0,9104.0,151359.0,151359.0,682.0,682.0
45,2015,84.0,84.0,0.0,0.0,68.0,68.0,182.0,182.0,86.0,86.0,0.0,0.0,175.0,175.0,77.0,77.0,336.0,336.0,42586.0,42586.0,210229.0,210229.0,58597.0,58597.0,311412.0,311412.0,64559.0,64559.0,128.0,128.0,91.0,91.0,874.0,874.0,-305.0,-305.0,1364.0,1364.0,91.0,91.0,972.0,972.0,1015.0,1015.0,11219.0,11219.0,143952.0,143952.0,1018.0,1018.0
45,2016,222.0,222.0,0.0,0.0,107.0,107.0,454.0,454.0,152.0,152.0,0.0,0.0,347.0,347.0,144.0,144.0,713.0,713.0,54003.0,54003.0,263731.0,263731.0,89684.0,89684.0,407418.0,407418.0,62720.0,62720.0,352.0,352.0,151.0,151.0,1373.0,1373.0,314.0,314.0,1297.0,1297.0,142.0,142.0,1192.0,1192.0,1733.0,1733.0,14496.0,14496.0,140350.0,140350.0,1731.0,1731.0
45,2017,132.0,132.0,0.0,0.0,155.0,155.0,504.0,504.0,274.0,274.0,0.0,0.0,541.0,541.0,260.0,260.0,933.0,933.0,67924.0,67924.0,307912.0,307912.0,109943.0,109943.0,485779.0,485779.0,62593.0,62593.0,546.0,546.0,262.0,262.0,988.0,988.0,638.0,638.0,995.0,995.0,185.0,185.0,1190.0,1190.0,1332.0,1332.0,17564.0,17564.0,139605.0,139605.0,2664.0,2664.0
45,2018,32.0,32.0,0.0,0.0,283.0,283.0,546.0,546.0,420.0,420.0,0.0,0.0,816.0,816.0,401.0,401.0,1249.0,1249.0,84273.0,84273.0,347692.0,347692.0,121842.0,121842.0,553807.0,553807.0,62513.0,62513.0,537.0,537.0,115.0,115.0,1179.0,1179.0,705.0,705.0,190.0,190.0,256.0,256.0,1278.0,1278.0,630.0,630.0,20009.0,20009.0,139482.0,139482.0,3913.0,3913.0
45,2019,109.0,109.0,0.0,0.0,416.0,416.0,886.0,886.0,570.0,570.0,0.0,0.0,1223.0,1223.0,540.0,540.0,1872.0,1872.0,92868.0,92868.0,393117.0,393117.0,153798.0,153798.0,639783.0,639783.0,63695.0,63695.0,373.0,373.0,40.0,40.0,1463.0,1463.0,498.0,498.0,1290.0,1290.0,44.0,44.0,1130.0,1130.0,1832.0,1832.0,23344.0,23344.0,140588.0,140588.0,5785.0,5785.0
45,2020,128.0,128.0,1.0,1.0,615.0,615.0,872.0,872.0,685.0,685.0,0.0,0.0,1387.0,1387.0,658.0,658.0,2173.0,2173.0,102585.0,102585.0,425695.0,425695.0,190849.0,190849.0,719129.0,719129.0,66542.0,66542.0,365.0,365.0,-185.0,-185.0,1042.0,1042.0,775.0,775.0,1831.0,1831.0,115.0,115.0,1208.0,1208.0,2005.0,2005.0,26922.0,26922.0,147154.0,147154.0,7958.0,7958.0
45,2021,178.0,178.0,0.0,0.0,821.0,821.0,994.0,994.0,711.0,711.0,0.0,0.0,1666.0,1666.0,682.0,682.0,2526.0,2526.0,112448.0,112448.0,471709.0,471709.0,215842.0,215842.0,799999.0,799999.0,88959.0,88959.0,461.0,461.0,-128.0,-128.0,908.0,908.0,1912.0,1912.0,565.0,565.0,45.0,45.0,1573.0,1573.0,1268.0,1268.0,30224.0,30224.0,195507.0,195507.0,10484.0,10484.0
45,2022,119.0,119.0,0.0,0.0,763.0,763.0,840.0,840.0,647.0,647.0,2.0,2.0,1520.0,1520.0,613.0,613.0,2252.0,2252.0,109955.0,109955.0,487790.0,487790.0,237469.0,237469.0,835214.0,835214.0,126393.0,126393.0,5.0,5.0,-39.0,-39.0,589.0,589.0,507.0,507.0,1181.0,1181.0,-146.0,-146.0,764.0,764.0,1323.0,1323.0,32316.0,32316.0,275252.0,275252.0,12736.0,12736.0
45,2023,177.0,177.0,0.0,0.0,1030.0,1030.0,1222.0,1222.0,773.0,773.0,17.0,17.0,2118.0,2118.0,747.0,747.0,3042.0,3042.0,116406.0,116406.0,527008.0,527008.0,304907.0,304907.0,948321.0,948321.0,89469.0,89469.0,145.0,145.0,96.0,96.0,1458.0,1458.0,1150.0,1150.0,2491.0,2491.0,-121.0,-121.0,1466.0,1466.0,3463.0,3463.0,37390.0,37390.0,193927.0,193927.0,15778.0,15778.0
45,2024,316.0,316.0,0.0,0.0,1553.0,1553.0,1210.0,1210.0,939.0,939.0,95.0,95.0,2563.0,2563.0,918.0,918.0,3797.0,3797.0,130371.0,130371.0,562481.0,562481.0,383659.0,383659.0,1076511.0,1076511.0,76883.0,76883.0,716.0,716.0,180.0,180.0,1380.0,1380.0,1453.0,1453.0,3347.0,3347.0,40.0,40.0,1398.0,1398.0,4286.0,4286.0,43790.0,43790.0,167395.0,167395.0,19575.0,19575.0
45,2025,384.0,334.0,0.0,0.0,2076.0,1763.0,1498.0,770.0,992.0,1025.0,107.0,41.0,3323.0,2247.0,966.0,1018.0,4673.0,3599.0,143929.0,140465.0,595966.0,551434.0,458281.0,507202.0,1198176.0,1199101.0,77418.0,77086.0,352.0,301.0,124.0,317.0,1824.0,1691.0,1283.0,690.0,2848.0,2800.0,-89.0,-101.0,1889.0,-1025.0,3749.0,6121.0,49780.0,49187.0,167395.0,167395.0,24248.0,23174.0
45,2026,362.0,355.0,4.0,9.0,2705.0,2084.0,1546.0,622.0,1256.0,1283.0,46.0,3.0,3957.0,2230.0,1238.0,1416.0,5557.0,4001.0,156836.0,152707.0,628362.0,545481.0,528727.0,618878.0,1313925.0,1317066.0,77807.0,75959.0,434.0,360.0,156.0,164.0,1393.0,1597.0,869.0,866.0,3144.0,3170.0,-35.0,-45.0,1291.0,-777.0,3802.0,6169.0,55307.0,54939.0,167395.0,167395.0,29805.0,27175.0
45,2027,368.0,412.0,8.0,4.0,3254.0,2334.0,1671.0,570.0,1377.0,1399.0,3.0,6.0,4574.0,2195.0,1371.0,1706.0,6313.0,4313.0,169274.0,161394.0,658431.0,545682.0,596456.0,722452.0,1424161.0,1429528.0,77044.0,75801.0,472.0,441.0,143.0,179.0,2156.0,1599.0,1371.0,1253.0,2688.0,2628.0,-82.0,2.0,2050.0,246.0,3754.0,4974.0,61583.0,60600.0,167395.0,167395.0,36118.0,31488.0
45,2028,465.0,505.0,16.0,19.0,3931.0,2714.0,1947.0,887.0,1523.0,1521.0,7.0,6.0,5384.0,2368.0,1575.0,2274.0,7424.0,5147.0,181110.0,170080.0,687236.0,546583.0,659427.0,818764.0,1527773.0,1535427.0,78613.0,77662.0,459.0,172.0,97.0,187.0,1831.0,1066.0,955.0,1084.0,2154.0,2346.0,18.0,19.0,1742.0,-79.0,2854.0,4609.0,66638.0,65302.0,167395.0,167395.0,43542.0,36635.0
45,2029,507.0,518.0,19.0,13.0,4682.0,3092.0,2043.0,1092.0,1732.0,1704.0,12.0,5.0,6177.0,2543.0,1804.0,2845.0,8488.0,5906.0,193154.0,178870.0,712739.0,546423.0,719961.0,911055.0,1625854.0,1636348.0,79040.0,77780.0,328.0,270.0,216.0,169.0,1749.0,1788.0,1022.0,1095.0,2121.0,1846.0,-4.0,-38.0,2063.0,332.0,2713.0,4258.0,71742.0,70162.0,167395.0,167395.0,52030.0,42541.0
45,2030,536.0,544.0,23.0,14.0,5305.0,3520.0,2178.0,1397.0,1944.0,1957.0,10.0,5.0,6910.0,2670.0,2014.0,3679.0,9460.0,6893.0,204709.0,186978.0,736337.0,546112.0,777928.0,998796.0,1718974.0,1731886.0,79344.0,78674.0,502.0,387.0,-14.0,96.0,2524.0,1761.0,888.0,1057.0,1245.0,1534.0,14.0,41.0,2058.0,480.0,2097.0,3622.0,76399.0,74651.0,167395.0,167395.0,61490.0,49434.0
45,2031,744.0,720.0,50.0,28.0,6220.0,4110.0,2326.0,1763.0,2028.0,2046.0,10.0,6.0,7789.0,2857.0,2101.0,4376.0,10634.0,7953.0,215713.0,194114.0,757665.0,546528.0,832659.0,1081354.0,1806037.0,1821996.0,79923.0,79138.0,382.0,42.0,198.0,137.0,2418.0,1324.0,788.0,1251.0,2021.0,2253.0,53.0,-1.0,2253.0,420.0,2843.0,4502.0,81877.0,79615.0,167395.0,167395.0,72124.0,57387.0
45,2032,787.0,730.0,56.0,28.0,6942.0,4721.0,2458.0,2030.0,2132.0,2199.0,6.0,1.0,8572.0,3152.0,2235.0,5097.0,11594.0,8979.0,226538.0,202636.0,776748.0,557733.0,885010.0,1146903.0,1888296.0,1907272.0,80257.0,80839.0,385.0,385.0,172.0,188.0,1866.0,1426.0,754.0,235.0,1708.0,1297.0,-30.0,-13.0,2129.0,158.0,1956.0,2590.0,86347.0,82748.0,167395.0,167395.0,83718.0,66366.0
45,2033,945.0,780.0,81.0,29.0,7679.0,5299.0,2669.0,2037.0,2301.0,2231.0,13.0,5.0,9334.0,3325.0,2464.0,5496.0,12743.0,9601.0,237124.0,209466.0,793628.0,569583.0,935383.0,1210938.0,1966135.0,1989987.0,80007.0,79450.0,415.0,347.0,97.0,114.0,2718.0,1663.0,677.0,1098.0,1191.0,1042.0,-13.0,33.0,2309.0,916.0,1946.0,2687.0,91017.0,86698.0,167395.0,167395.0,96461.0,75967.0
45,2034,1015.0,758.0,98.0,29.0,8191.0,5823.0,2920.0,2201.0,2409.0,2414.0,18.0,9.0,9958.0,3555.0,2663.0,6163.0,13636.0,10476.0,247271.0,214942.0,807858.0,581302.0,985544.0,1272782.0,2040673.0,2069026.0,79208.0,79697.0,366.0,349.0,91.0,185.0,2069.0,1089.0,760.0,913.0,1168.0,1300.0,12.0,-58.0,2379.0,480.0,1355.0,2600.0,95117.0,90127.0,167395.0,167395.0,110097.0,86443.0
45,2035,1136.0,873.0,116.0,29.0,8920.0,6234.0,3244.0,2354.0,2618.0,2554.0,10.0,6.0,10874.0,3634.0,2898.0,6670.0,14908.0,11177.0,256498.0,220143.0,820463.0,592718.0,1034119.0,1333178.0,2111080.0,2146039.0,79127.0,79739.0,409.0,118.0,238.0,45.0,2031.0,1400.0,923.0,-117.0,1028.0,610.0,-8.0,46.0,2090.0,457.0,1713.0,1409.0,99329.0,92111.0,167395.0,167395.0,125005.0,97620.0
45,2036,1264.0,921.0,203.0,40.0,9491.0,6958.0,3456.0,2607.0,2588.0,2608.0,12.0,6.0,11503.0,3930.0,2983.0,7368.0,15750.0,12219.0,265728.0,226108.0,830796.0,602522.0,1081330.0,1390084.0,2177854.0,2218714.0,79296.0,80493.0,349.0,182.0,63.0,189.0,1865.0,1614.0,876.0,482.0,655.0,1280.0,5.0,19.0,1929.0,766.0,1186.0,2636.0,102793.0,95695.0,167395.0,167395.0,140755.0,109839.0
45,2037,1376.0,994.0,246.0,42.0,9761.0,7506.0,3723.0,2755.0,2583.0,2678.0,17.0,3.0,11929.0,4227.0,3025.0,7763.0,16330.0,12984.0,274755.0,232050.0,838286.0,613453.0,1126465.0,1440619.0,2239506.0,2286122.0,80296.0,82176.0,641.0,207.0,150.0,163.0,1756.0,1468.0,1304.0,599.0,883.0,1329.0,29.0,25.0,2195.0,793.0,1286.0,2584.0,106915.0,99279.0,167395.0,167395.0,157085.0,122823.0
45,2038,1436.0,1030.0,258.0,57.0,9778.0,8083.0,3868.0,2986.0,2858.0,2913.0,13.0,7.0,11940.0,4562.0,3399.0,8454.0,16775.0,14046.0,282873.0,236819.0,844089.0,626110.0,1169575.0,1487009.0,2296537.0,2349938.0,81287.0,82996.0,295.0,375.0,228.0,89.0,2070.0,1546.0,501.0,703.0,783.0,397.0,48.0,37.0,2035.0,928.0,1300.0,1469.0,110545.0,102051.0,167395.0,167395.0,173860.0,136869.0
45,2039,1580.0,1064.0,309.0,79.0,9831.0,8733.0,4070.0,2993.0,2991.0,2967.0,13.0,9.0,12181.0,5097.0,3453.0,8620.0,17214.0,14781.0,290615.0,241611.0,848927.0,638388.0,1210607.0,1530753.0,2350149.0,2410752.0,81429.0,83166.0,411.0,163.0,135.0,92.0,1255.0,1333.0,575.0,433.0,1309.0,998.0,3.0,-24.0,1352.0,738.0,1514.0,1931.0,113822.0,104883.0,167395.0,167395.0,191074.0,151650.0
45,2040,1809.0,1174.0,376.0,89.0,9920.0,8914.0,4274.0,3249.0,2983.0,3047.0,15.0,7.0,12147.0,5205.0,3612.0,8927.0,17568.0,15306.0,298087.0,246194.0,852334.0,650177.0,1250413.0,1572587.0,2400834.0,2468958.0,81406.0,83716.0,478.0,133.0,140.0,182.0,1348.0,989.0,688.0,362.0,740.0,546.0,34.0,-21.0,1358.0,745.0,1114.0,1180.0,116772.0,106941.0,167395.0,167395.0,208642.0,166956.0
46,2009,0.0,0.0,0.0,0.0,0.0,0.0,0.0,0.0,0.0,0.0,0.0,0.0,0.0,0.0,0.0,0.0,0.0,0.0,38833.0,38833.0,93017.0,93017.0,73507.0,73507.0,205357.0,205357.0,63867.0,63867.0,1698.0,1698.0,0.0,0.0,557.0,557.0,7625.0,7625.0,4.0,4.0,0.0,0.0,2575.0,2575.0,3913.0,3913.0,8186.0,8186.0,140986.0,140986.0,0.0,0.0
46,2010,0.0,0.0,0.0,0.0,0.0,0.0,0.0,0.0,0.0,0.0,0.0,0.0,0.0,0.0,0.0,0.0,0.0,0.0,36410.0,36410.0,106452.0,106452.0,66797.0,66797.0,209659.0,209659.0,68050.0,68050.0,56.0,56.0,0.0,0.0,217.0,217.0,-149.0,-149.0,70.0,70.0,0.0,0.0,350.0,350.0,-268.0,-268.0,8324.0,8324.0,150263.0,150263.0,0.0,0.0
46,2011,0.0,0.0,0.0,0.0,1.0,1.0,27.0,27.0,0.0,0.0,0.0,0.0,1.0,1.0,27.0,27.0,28.0,28.0,33025.0,33025.0,125170.0,125170.0,63241.0,63241.0,221436.0,221436.0,63544.0,63544.0,-127.0,-127.0,0.0,0.0,422.0,422.0,-443.0,-443.0,306.0,306.0,0.0,0.0,485.0,485.0,-73.0,-73.0,8609.0,8609.0,139300.0,139300.0,28.0,28.0
46,2012,44.0,44.0,0.0,0.0,0.0,0.0,164.0,164.0,1.0,1.0,0.0,0.0,44.0,44.0,77.0,77.0,165.0,165.0,32429.0,32429.0,141368.0,141368.0,55771.0,55771.0,229568.0,229568.0,65129.0,65129.0,-45.0,-45.0,0.0,0.0,387.0,387.0,-980.0,-980.0,446.0,446.0,0.0,0.0,232.0,232.0,-334.0,-334.0,8462.0,8462.0,144647.0,144647.0,193.0,193.0
46,2013,58.0,58.0,0.0,0.0,8.0,8.0,247.0,247.0,9.0,9.0,0.0,0.0,159.0,159.0,47.0,47.0,264.0,264.0,31138.0,31138.0,153974.0,153974.0,49756.0,49756.0,234868.0,234868.0,72508.0,72508.0,-39.0,-39.0,0.0,0.0,107.0,107.0,-836.0,-836.0,1034.0,1034.0,0.0,0.0,425.0,425.0,-81.0,-81.0,8767.0,8767.0,161269.0,161269.0,457.0,457.0
46,2014,50.0,50.0,0.0,0.0,19.0,19.0,205.0,205.0,35.0,35.0,0.0,0.0,174.0,174.0,35.0,35.0,259.0,259.0,34987.0,34987.0,176653.0,176653.0,47226.0,47226.0,258866.0,258866.0,68221.0,68221.0,-76.0,-76.0,2.0,2.0,606.0,606.0,-1222.0,-1222.0,925.0,925.0,22.0,22.0,159.0,159.0,250.0,250.0,9100.0,9100.0,151359.0,151359.0,716.0,716.0
46,2015,91.0,91.0,0.0,0.0,59.0,59.0,203.0,203.0,69.0,69.0,0.0,0.0,173.0,173.0,67.0,67.0,331.0,331.0,42808.0,42808.0,210327.0,210327.0,58835.0,58835.0,311970.0,311970.0,64802.0,64802.0,268.0,268.0,71.0,71.0,927.0,927.0,-284.0,-284.0,1235.0,1235.0,105.0,105.0,901.0,901.0,885.0,885.0,11154.0,11154.0,143952.0,143952.0,1047.0,1047.0
46,2016,233.0,233.0,0.0,0.0,98.0,98.0,434.0,434.0,146.0,146.0,0.0,0.0,309.0,309.0,136.0,136.0,678.0,678.0,54195.0,54195.0,263608.0,263608.0,89847.0,89847.0,407650.0,407650.0,62829.0,62829.0,366.0,366.0,222.0,222.0,1430.0,1430.0,284.0,284.0,1514.0,1514.0,109.0,109.0,1269.0,1269.0,1924.0,1924.0,14713.0,14713.0,140350.0,140350.0,1725.0,1725.0
46,2017,141.0,141.0,0.0,0.0,146.0,146.0,498.0,498.0,285.0,285.0,0.0,0.0,524.0,524.0,264.0,264.0,929.0,929.0,68215.0,68215.0,307958.0,307958.0,109640.0,109640.0,485813.0,485813.0,62701.0,62701.0,521.0,521.0,227.0,227.0,991.0,991.0,745.0,745.0,785.0,785.0,193.0,193.0,1246.0,1246.0,1174.0,1174.0,17654.0,17654.0,139605.0,139605.0,2654.0,2654.0
46,2018,46.0,46.0,0.0,0.0,268.0,268.0,535.0,535.0,391.0,391.0,0.0,0.0,778.0,778.0,370.0,370.0,1194.0,1194.0,84763.0,84763.0,347524.0,347524.0,121647.0,121647.0,553934.0,553934.0,62608.0,62608.0,459.0,459.0,102.0,102.0,984.0,984.0,555.0,555.0,260.0,260.0,266.0,266.0,1122.0,1122.0,586.0,586.0,19821.0,19821.0,139482.0,139482.0,3848.0,3848.0
46,2019,145.0,145.0,0.0,0.0,423.0,423.0,961.0,961.0,566.0,566.0,0.0,0.0,1267.0,1267.0,538.0,538.0,1950.0,1950.0,93582.0,93582.0,393207.0,393207.0,153452.0,153452.0,640241.0,640241.0,63475.0,63475.0,328.0,328.0,-26.0,-26.0,1412.0,1412.0,587.0,587.0,1379.0,1379.0,60.0,60.0,1090.0,1090.0,1994.0,1994.0,23233.0,23233.0,140588.0,140588.0,5798.0,5798.0
46,2020,144.0,144.0,2.0,2.0,632.0,632.0,907.0,907.0,642.0,642.0,0.0,0.0,1420.0,1420.0,619.0,619.0,2183.0,2183.0,103177.0,103177.0,425062.0,425062.0,190906.0,190906.0,719145.0,719145.0,66624.0,66624.0,581.0,581.0,-120.0,-120.0,1180.0,1180.0,1042.0,1042.0,1855.0,1855.0,92.0,92.0,1397.0,1397.0,2071.0,2071.0,27282.0,27282.0,147154.0,147154.0,7981.0,7981.0
46,2021,173.0,173.0,0.0,0.0,764.0,764.0,948.0,948.0,728.0,728.0,0.0,0.0,1568.0,1568.0,699.0,699.0,2440.0,2440.0,113211.0,113211.0,471176.0,471176.0,216099.0,216099.0,800486.0,800486.0,88970.0,88970.0,358.0,358.0,-137.0,-137.0,596.0,596.0,1532.0,1532.0,434.0,434.0,35.0,35.0,1116.0,1116.0,986.0,986.0,29742.0,29742.0,195507.0,195507.0,10421.0,10421.0
46,2022,140.0,140.0,0.0,0.0,706.0,706.0,886.0,886.0,678.0,678.0,3.0,3.0,1487.0,1487.0,646.0,646.0,2273.0,2273.0,110413.0,110413.0,487600.0,487600.0,237467.0,237467.0,835480.0,835480.0,126574.0,126574.0,234.0,234.0,-31.0,-31.0,797.0,797.0,706.0,706.0,1181.0,1181.0,-39.0,-39.0,934.0,934.0,1446.0,1446.0,32356.0,32356.0,275252.0,275252.0,12694.0,12694.0
46,2023,158.0,158.0,0.0,0.0,1052.0,1052.0,1139.0,1139.0,748.0,748.0,18.0,18.0,2085.0,2085.0,714.0,714.0,2957.0,2957.0,116556.0,116556.0,527070.0,527070.0,304768.0,304768.0,948394.0,948394.0,89374.0,89374.0,-63.0,-63.0,132.0,132.0,1513.0,1513.0,1191.0,1191.0,2652.0,2652.0,-166.0,-166.0,1613.0,1613.0,3772.0,3772.0,37678.0,37678.0,193927.0,193927.0,15651.0,15651.0
46,2024,318.0,318.0,0.0,0.0,1547.0,1547.0,1281.0,1281.0,915.0,915.0,100.0,100.0,2641.0,2641.0,884.0,884.0,3843.0,3843.0,130169.0,130169.0,562785.0,562785.0,383151.0,383151.0,1076105.0,1076105.0,77349.0,77349.0,546.0,546.0,135.0,135.0,1388.0,1388.0,1353.0,1353.0,3280.0,3280.0,-31.0,-31.0,1437.0,1437.0,4142.0,4142.0,43803.0,43803.0,167395.0,167395.0,19494.0,19494.0
46,2025,351.0,296.0,0.0,0.0,2113.0,1775.0,1544.0,811.0,1100.0,1102.0,111.0,49.0,3428.0,2315.0,1089.0,1126.0,4868.0,3737.0,143526.0,140271.0,596440.0,551736.0,457779.0,506601.0,1197745.0,1198608.0,77426.0,76958.0,470.0,446.0,104.0,314.0,1644.0,1719.0,1266.0,688.0,2976.0,2931.0,4.0,-53.0,1828.0,-905.0,3696.0,6058.0,49797.0,49402.0,167395.0,167395.0,24362.0,23231.0
46,2026,361.0,347.0,2.0,1.0,2620.0,1921.0,1453.0,611.0,1248.0,1270.0,48.0,3.0,3767.0,2068.0,1243.0,1391.0,5371.0,3806.0,156620.0,152454.0,628984.0,546426.0,528464.0,618444.0,1314068.0,1317324.0,77555.0,76102.0,268.0,328.0,187.0,204.0,1549.0,1293.0,930.0,672.0,2641.0,2564.0,-119.0,-90.0,1348.0,-1048.0,3572.0,5363.0,54985.0,54045.0,167395.0,167395.0,29733.0,27037.0
46,2027,399.0,459.0,5.0,7.0,3312.0,2352.0,1750.0,597.0,1467.0,1458.0,3.0,2.0,4694.0,2196.0,1444.0,1761.0,6537.0,4416.0,169037.0,161068.0,659329.0,546496.0,596268.0,722405.0,1424634.0,1429969.0,76782.0,75377.0,628.0,328.0,141.0,130.0,1932.0,1771.0,1450.0,1658.0,3082.0,3187.0,-75.0,50.0,1863.0,480.0,4039.0,5988.0,61515.0,60841.0,167395.0,167395.0,36270.0,31453.0
46,2028,461.0,505.0,13.0,13.0,4067.0,2822.0,1877.0,864.0,1455.0,1471.0,8.0,2.0,5467.0,2516.0,1492.0,2151.0,7420.0,5172.0,181044.0,169559.0,687611.0,547220.0,659808.0,818569.0,1528463.0,1535348.0,78278.0,77717.0,310.0,516.0,98.0,181.0,2119.0,1596.0,735.0,777.0,2263.0,2377.0,26.0,-5.0,2177.0,-44.0,2754.0,4454.0,66756.0,65767.0,167395.0,167395.0,43690.0,36625.0
46,2029,518.0,570.0,13.0,11.0,4667.0,3132.0,2030.0,1015.0,1668.0,1654.0,8.0,9.0,6137.0,2533.0,1731.0,2718.0,8386.0,5821.0,192975.0,178312.0,713109.0,547165.0,720352.0,910872.0,1626436.0,1636349.0,79063.0,77628.0,662.0,12.0,171.0,122.0,1982.0,1302.0,1206.0,1291.0,1672.0,1698.0,40.0,54.0,1905.0,310.0,2504.0,4145.0,71827.0,70234.0,167395.0,167395.0,52076.0,42446.0
46,2030,572.0,579.0,43.0,22.0,5366.0,3587.0,2166.0,1446.0,1926.0,1918.0,14.0,3.0,6925.0,2711.0,2018.0,3686.0,9515.0,6976.0,204404.0,186187.0,736507.0,547066.0,777799.0,998606.0,1718710.0,1731859.0,79680.0,78631.0,313.0,425.0,152.0,211.0,2198.0,1530.0,796.0,1053.0,1921.0,1757.0,15.0,-63.0,2156.0,532.0,2613.0,3531.0,76909.0,74722.0,167395.0,167395.0,61591.0,49422.0
46,2031,753.0,683.0,48.0,22.0,6148.0,4139.0,2263.0,1795.0,2057.0,2027.0,13.0,3.0,7623.0,2859.0,2153.0,4444.0,10529.0,7986.0,215953.0,193514.0,757712.0,547306.0,832543.0,1081592.0,1806208.0,1822412.0,80241.0,79058.0,195.0,153.0,116.0,161.0,2295.0,1424.0,227.0,921.0,1548.0,1989.0,29.0,35.0,1891.0,-124.0,2129.0,4501.0,81124.0,79252.0,167395.0,167395.0,72120.0,57408.0
46,2032,802.0,732.0,62.0,17.0,6958.0,4649.0,2439.0,1960.0,2197.0,2236.0,13.0,10.0,8546.0,3088.0,2321.0,5052.0,11669.0,8872.0,226740.0,201447.0,777214.0,558918.0,884423.0,1146553.0,1888377.0,1906918.0,80517.0,80890.0,407.0,388.0,33.0,61.0,2227.0,1680.0,939.0,891.0,1891.0,1555.0,-37.0,28.0,2104.0,681.0,2542.0,3146.0,86177.0,83467.0,167395.0,167395.0,83789.0,66280.0
46,2033,883.0,765.0,68.0,26.0,7742.0,5327.0,2684.0,2084.0,2222.0,2150.0,7.0,8.0,9386.0,3363.0,2454.0,5467.0,12723.0,9595.0,237099.0,207884.0,794256.0,570253.0,935630.0,1211470.0,1966985.0,1989607.0,79608.0,79642.0,565.0,244.0,213.0,219.0,2133.0,1369.0,825.0,715.0,1249.0,793.0,50.0,-31.0,2133.0,664.0,1772.0,2157.0,90647.0,86532.0,167395.0,167395.0,96512.0,75875.0
46,2034,959.0,787.0,102.0,25.0,8187.0,5669.0,2881.0,2230.0,2475.0,2496.0,16.0,6.0,9966.0,3434.0,2736.0,6205.0,13661.0,10426.0,247120.0,213534.0,808583.0,581651.0,986095.0,1273526.0,2041798.0,2068711.0,79077.0,80026.0,422.0,169.0,117.0,69.0,2420.0,1574.0,834.0,352.0,988.0,1231.0,-33.0,-25.0,2512.0,735.0,1392.0,2297.0,94973.0,89733.0,167395.0,167395.0,110173.0,86301.0
46,2035,1137.0,846.0,160.0,18.0,8871.0,6285.0,3396.0,2372.0,2526.0,2486.0,11.0,3.0,11006.0,3658.0,2821.0,6660.0,14964.0,11164.0,256617.0,219094.0,820834.0,592572.0,1034816.0,1333555.0,2112267.0,2145221.0,79144.0,79951.0,307.0,43.0,146.0,232.0,1915.0,947.0,1208.0,589.0,997.0,892.0,11.0,9.0,2182.0,439.0,1788.0,2187.0,99250.0,92402.0,167395.0,167395.0,125137.0,97465.0
46,2036,1258.0,926.0,167.0,34.0,9578.0,6929.0,3544.0,2638.0,2650.0,2719.0,13.0,5.0,11644.0,3992.0,3050.0,7407.0,15952.0,12325.0,265728.0,225010.0,830481.0,602435.0,1082211.0,1390152.0,2178420.0,2217597.0,79224.0,80277.0,372.0,611.0,34.0,38.0,2451.0,2307.0,927.0,680.0,825.0,723.0,-1.0,60.0,2797.0,801.0,1067.0,2396.0,103486.0,96210.0,167395.0,167395.0,141089.0,109790.0
46,2037,1414.0,943.0,220.0,52.0,9785.0,7644.0,3888.0,2812.0,2624.0,2767.0,15.0,3.0,12023.0,4324.0,3095.0,8011.0,16532.0,13278.0,274652.0,230728.0,838278.0,613413.0,1126972.0,1441464.0,2239902.0,2285605.0,80409.0,82331.0,460.0,81.0,201.0,129.0,1767.0,1073.0,487.0,360.0,1050.0,790.0,-19.0,-38.0,1610.0,731.0,1416.0,1502.0,106972.0,98524.0,167395.0,167395.0,157621.0,123068.0
46,2038,1422.0,977.0,223.0,49.0,9567.0,8031.0,3827.0,2960.0,2699.0,2711.0,14.0,10.0,11718.0,4567.0,3190.0,8217.0,16330.0,13761.0,282795.0,235639.0,844837.0,626657.0,1169335.0,1487400.0,2296967.0,2349696.0,81285.0,83002.0,607.0,188.0,233.0,79.0,1453.0,1254.0,995.0,226.0,823.0,1699.0,37.0,-12.0,1622.0,567.0,1312.0,2491.0,110513.0,101770.0,167395.0,167395.0,173951.0,136829.0
46,2039,1576.0,1101.0,308.0,57.0,9697.0,8575.0,4220.0,3084.0,2964.0,2940.0,15.0,9.0,12124.0,4914.0,3504.0,8650.0,17204.0,14665.0,290473.0,240778.0,849103.0,638945.0,1210917.0,1531384.0,2350493.0,2411107.0,81326.0,83116.0,362.0,93.0,151.0,241.0,1390.0,897.0,1123.0,517.0,855.0,890.0,-21.0,21.0,1799.0,817.0,1337.0,1656.0,114011.0,104336.0,167395.0,167395.0,191155.0,151494.0
46,2040,1787.0,1139.0,371.0,72.0,10094.0,9142.0,4299.0,3267.0,3027.0,3067.0,25.0,8.0,12385.0,5339.0,3644.0,9078.0,17816.0,15556.0,297486.0,245603.0,852178.0,649985.0,1250495.0,1573673.0,2400159.0,2469261.0,82124.0,83535.0,456.0,317.0,86.0,95.0,1359.0,1736.0,603.0,490.0,1005.0,534.0,9.0,-17.0,971.0,1230.0,1635.0,1291.0,117073.0,107174.0,167395.0,167395.0,208971.0,167050.0
47,2009,0.0,0.0,0.0,0.0,0.0,0.0,0.0,0.0,0.0,0.0,0.0,0.0,0.0,0.0,0.0,0.0,0.0,0.0,38199.0,38199.0,93488.0,93488.0,73751.0,73751.0,205438.0,205438.0,63848.0,63848.0,1630.0,1630.0,0.0,0.0,523.0,523.0,7598.0,7598.0,3.0,3.0,0.0,0.0,2546.0,2546.0,3948.0,3948.0,8124.0,8124.0,140986.0,140986.0,0.0,0.0
47,2010,0.0,0.0,0.0,0.0,0.0,0.0,0.0,0.0,0.0,0.0,0.0,0.0,0.0,0.0,0.0,0.0,0.0,0.0,35771.0,35771.0,106804.0,106804.0,66907.0,66907.0,209482.0,209482.0,68140.0,68140.0,94.0,94.0,0.0,0.0,309.0,309.0,-22.0,-22.0,81.0,81.0,0.0,0.0,476.0,476.0,-202.0,-202.0,8492.0,8492.0,150263.0,150263.0,0.0,0.0
47,2011,0.0,0.0,0.0,0.0,0.0,0.0,30.0,30.0,0.0,0.0,0.0,0.0,1.0,1.0,29.0,29.0,30.0,30.0,32551.0,32551.0,125462.0,125462.0,63418.0,63418.0,221431.0,221431.0,63618.0,63618.0,-194.0,-194.0,0.0,0.0,368.0,368.0,-773.0,-773.0,276.0,276.0,0.0,0.0,278.0,278.0,-213.0,-213.0,8363.0,8363.0,139300.0,139300.0,30.0,30.0
47,2012,38.0,38.0,0.0,0.0,1.0,1.0,151.0,151.0,1.0,1.0,0.0,0.0,40.0,40.0,75.0,75.0,153.0,153.0,31713.0,31713.0,141461.0,141461.0,56092.0,56092.0,229266.0,229266.0,65295.0,65295.0,83.0,83.0,0.0,0.0,429.0,429.0,-679.0,-679.0,480.0,480.0,0.0,0.0,463.0,463.0,-316.0,-316.0,8593.0,8593.0,144647.0,144647.0,183.0,183.0
47,2013,55.0,55.0,0.0,0.0,4.0,4.0,235.0,235.0,15.0,15.0,0.0,0.0,146.0,146.0,53.0,53.0,254.0,254.0,30476.0,30476.0,154073.0,154073.0,49772.0,49772.0,234321.0,234321.0,72523.0,72523.0,-80.0,-80.0,0.0,0.0,140.0,140.0,-837.0,-837.0,1101.0,1101.0,0.0,0.0,406.0,406.0,78.0,78.0,8997.0,8997.0,161269.0,161269.0,437.0,437.0
47,2014,56.0,56.0,0.0,0.0,27.0,27.0,236.0,236.0,31.0,31.0,0.0,0.0,202.0,202.0,36.0,36.0,294.0,294.0,34442.0,34442.0,176606.0,176606.0,47446.0,47446.0,258494.0,258494.0,68181.0,68181.0,-70.0,-70.0,4.0,4.0,572.0,572.0,-1373.0,-1373.0,745.0,745.0,20.0,20.0,-27.0,-27.0,65.0,65.0,8965.0,8965.0,151359.0,151359.0,731.0,731.0
47,2015,82.0,82.0,0.0,0.0,81.0,81.0,198.0,198.0,77.0,77.0,0.0,0.0,199.0,199.0,75.0,75.0,356.0,356.0,42238.0,42238.0,210043.0,210043.0,59484.0,59484.0,311765.0,311765.0,64579.0,64579.0,234.0,234.0,85.0,85.0,873.0,873.0,-153.0,-153.0,1333.0,1333.0,107.0,107.0,993.0,993.0,1018.0,1018.0,11210.0,11210.0,143952.0,143952.0,1087.0,1087.0
47,2016,247.0,247.0,0.0,0.0,87.0,87.0,441.0,441.0,188.0,188.0,0.0,0.0,288.0,288.0,181.0,181.0,716.0,716.0,53654.0,53654.0,263367.0,263367.0,90406.0,90406.0,407427.0,407427.0,62870.0,62870.0,275.0,275.0,179.0,179.0,1369.0,1369.0,296.0,296.0,1523.0,1523.0,113.0,113.0,1363.0,1363.0,1842.0,1842.0,14690.0,14690.0,140350.0,140350.0,1803.0,1803.0
47,2017,127.0,127.0,0.0,0.0,163.0,163.0,491.0,491.0,243.0,243.0,0.0,0.0,537.0,537.0,233.0,233.0,897.0,897.0,67735.0,67735.0,307413.0,307413.0,110986.0,110986.0,486134.0,486134.0,62357.0,62357.0,577.0,577.0,225.0,225.0,1046.0,1046.0,524.0,524.0,801.0,801.0,168.0,168.0,1034.0,1034.0,1153.0,1153.0,17454.0,17454.0,139605.0,139605.0,2700.0,2700.0
47,2018,40.0,40.0,0.0,0.0,256.0,256.0,612.0,612.0,401.0,401.0,0.0,0.0,850.0,850.0,379.0,379.0,1269.0,1269.0,83937.0,83937.0,347009.0,347009.0,123096.0,123096.0,554042.0,554042.0,62319.0,62319.0,581.0,581.0,131.0,131.0,1327.0,1327.0,802.0,802.0,265.0,265.0,344.0,344.0,1493.0,1493.0,795.0,795.0,20323.0,20323.0,139482.0,139482.0,3969.0,3969.0
47,2019,124.0,124.0,0.0,0.0,436.0,436.0,908.0,908.0,572.0,572.0,0.0,0.0,1247.0,1247.0,545.0,545.0,1916.0,1916.0,92512.0,92512.0,393139.0,393139.0,155102.0,155102.0,640753.0,640753.0,63450.0,63450.0,206.0,206.0,13.0,13.0,891.0,891.0,389.0,389.0,1267.0,1267.0,-29.0,-29.0,539.0,539.0,1786.0,1786.0,22854.0,22854.0,140588.0,140588.0,5885.0,5885.0
47,2020,142.0,142.0,3.0,3.0,667.0,667.0,868.0,868.0,633.0,633.0,0.0,0.0,1426.0,1426.0,603.0,603.0,2171.0,2171.0,102393.0,102393.0,425327.0,425327.0,192068.0,192068.0,719788.0,719788.0,66752.0,66752.0,581.0,581.0,-141.0,-141.0,1333.0,1333.0,959.0,959.0,1883.0,1883.0,135.0,135.0,1507.0,1507.0,2081.0,2081.0,27023.0,27023.0,147154.0,147154.0,8056.0,8056.0
47,2021,149.0,149.0,0.0,0.0,743.0,743.0,901.0,901.0,713.0,713.0,0.0,0.0,1533.0,1533.0,675.0,675.0,2357.0,2357.0,112378.0,112378.0,471484.0,471484.0,216993.0,216993.0,800855.0,800855.0,88876.0,88876.0,427.0,427.0,-105.0,-105.0,789.0,789.0,1860.0,1860.0,474.0,474.0,69.0,69.0,1485.0,1485.0,1175.0,1175.0,30110.0,30110.0,195507.0,195507.0,10413.0,10413.0
47,2022,117.0,117.0,0.0,0.0,754.0,754.0,923.0,923.0,674.0,674.0,1.0,1.0,1597.0,1597.0,638.0,638.0,2352.0,2352.0,109838.0,109838.0,487793.0,487793.0,238627.0,238627.0,836258.0,836258.0,126469.0,126469.0,85.0,85.0,-91.0,-91.0,395.0,395.0,414.0,414.0,1335.0,1335.0,-111.0,-111.0,557.0,557.0,1300.0,1300.0,32052.0,32052.0,275252.0,275252.0,12765.0,12765.0
47,2023,168.0,168.0,0.0,0.0,1023.0,1023.0,1244.0,1244.0,770.0,770.0,14.0,14.0,2142.0,2142.0,741.0,741.0,3051.0,3051.0,116333.0,116333.0,527090.0,527090.0,305944.0,305944.0,949367.0,949367.0,89322.0,89322.0,31.0,31.0,147.0,147.0,1645.0,1645.0,1214.0,1214.0,2624.0,2624.0,-147.0,-147.0,1611.0,1611.0,3841.0,3841.0,37535.0,37535.0,193927.0,193927.0,15816.0,15816.0
47,2024,323.0,323.0,0.0,0.0,1596.0,1596.0,1339.0,1339.0,911.0,911.0,88.0,88.0,2722.0,2722.0,889.0,889.0,3934.0,3934.0,130467.0,130467.0,562043.0,562043.0,384919.0,384919.0,1077429.0,1077429.0,76955.0,76955.0,666.0,666.0,175.0,175.0,1473.0,1473.0,1641.0,1641.0,3060.0,3060.0,-38.0,-38.0,1751.0,1751.0,3894.0,3894.0,43846.0,43846.0,167395.0,167395.0,19750.0,19750.0
47,2025,378.0,326.0,0.0,0.0,1990.0,1657.0,1520.0,873.0,1042.0,1028.0,112.0,37.0,3260.0,2231.0,1026.0,1038.0,4664.0,3595.0,143892.0,140545.0,595457.0,550894.0,459063.0,508204.0,1198412.0,1199643.0,77626.0,77061.0,438.0,446.0,91.0,243.0,2062.0,1720.0,1231.0,689.0,3021.0,3141.0,3.0,-51.0,1941.0,-1020.0,4029.0,6316.0,50254.0,49588.0,167395.0,167395.0,24414.0,23345.0
47,2026,385.0,366.0,5.0,7.0,2661.0,1951.0,1539.0,632.0,1307.0,1311.0,54.0,1.0,3894.0,2105.0,1287.0,1431.0,5566.0,3902.0,156791.0,152506.0,627862.0,544881.0,529762.0,620363.0,1314415.0,1317750.0,77479.0,76190.0,282.0,245.0,142.0,270.0,1361.0,1609.0,833.0,481.0,2863.0,2650.0,-72.0,-32.0,1246.0,-806.0,3599.0,5539.0,55381.0,54566.0,167395.0,167395.0,29980.0,27247.0
47,2027,370.0,409.0,9.0,10.0,3302.0,2324.0,1780.0,585.0,1422.0,1430.0,1.0,3.0,4717.0,2208.0,1427.0,1735.0,6514.0,4352.0,169503.0,161685.0,658089.0,544660.0,597711.0,724045.0,1425303.0,1430390.0,76671.0,75607.0,407.0,392.0,138.0,134.0,1913.0,1557.0,1008.0,1325.0,2954.0,3022.0,-90.0,12.0,1694.0,-7.0,3822.0,5665.0,61304.0,60616.0,167395.0,167395.0,36494.0,31599.0
47,2028,463.0,498.0,11.0,9.0,3881.0,2673.0,1860.0,837.0,1485.0,1539.0,7.0,3.0,5261.0,2343.0,1520.0,2220.0,7244.0,5061.0,181694.0,170613.0,686446.0,545004.0,660997.0,820618.0,1529137.0,1536235.0,78343.0,77513.0,586.0,432.0,118.0,142.0,1829.0,1556.0,1428.0,1319.0,2017.0,1892.0,-10.0,-20.0,2079.0,285.0,2717.0,4172.0,66686.0,65505.0,167395.0,167395.0,43738.0,36660.0
47,2029,471.0,514.0,23.0,21.0,4533.0,3171.0,2088.0,1059.0,1745.0,1753.0,8.0,8.0,6093.0,2601.0,1833.0,2897.0,8397.0,6012.0,193799.0,179159.0,712568.0,545817.0,721098.0,912488.0,1627465.0,1637464.0,78827.0,77644.0,402.0,49.0,192.0,210.0,1980.0,1086.0,757.0,987.0,1999.0,2203.0,94.0,-1.0,1921.0,32.0,2699.0,4404.0,71708.0,69990.0,167395.0,167395.0,52135.0,42672.0
47,2030,529.0,534.0,36.0,16.0,5325.0,3471.0,2150.0,1352.0,1945.0,1990.0,4.0,3.0,6911.0,2692.0,2020.0,3606.0,9460.0,6832.0,205635.0,187250.0,736062.0,545789.0,778287.0,999978.0,1719984.0,1733017.0,79448.0,78481.0,332.0,400.0,15.0,94.0,2475.0,1866.0,850.0,1053.0,1946.0,1826.0,-98.0,0.0,2092.0,459.0,2764.0,3980.0,76896.0,74829.0,167395.0,167395.0,61595.0,49504.0
47,2031,802.0,699.0,48.0,26.0,6202.0,4279.0,2419.0,1743.0,2069.0,2104.0,4.0,6.0,7776.0,2960.0,2164.0,4499.0,10742.0,8158.0,217224.0,194560.0,757259.0,545972.0,833391.0,1083122.0,1807874.0,1823654.0,79747.0,79155.0,424.0,132.0,236.0,80.0,1942.0,1328.0,697.0,1110.0,1423.0,1649.0,32.0,75.0,2070.0,267.0,1836.0,3843.0,81226.0,79071.0,167395.0,167395.0,72337.0,57662.0
47,2032,830.0,724.0,76.0,27.0,6983.0,4700.0,2421.0,2017.0,2204.0,2203.0,7.0,5.0,8504.0,3123.0,2357.0,5105.0,11691.0,8952.0,227796.0,202760.0,776128.0,557161.0,885592.0,1148526.0,1889516.0,1908447.0,80422.0,80763.0,497.0,433.0,64.0,244.0,2608.0,1502.0,1008.0,775.0,1840.0,1762.0,53.0,-47.0,2552.0,560.0,2524.0,3243.0,86799.0,83307.0,167395.0,167395.0,84028.0,66614.0
47,2033,907.0,756.0,62.0,17.0,7696.0,5309.0,2689.0,2106.0,2320.0,2252.0,13.0,8.0,9370.0,3358.0,2503.0,5578.0,12780.0,9692.0,238434.0,209423.0,792845.0,569033.0,936785.0,1212296.0,1968064.0,1990752.0,79693.0,79885.0,337.0,251.0,184.0,99.0,2037.0,1375.0,410.0,630.0,1154.0,1253.0,38.0,9.0,1801.0,388.0,1685.0,2727.0,90622.0,86673.0,167395.0,167395.0,96808.0,76306.0
47,2034,1006.0,792.0,100.0,34.0,8239.0,5910.0,2909.0,2241.0,2419.0,2456.0,10.0,9.0,9982.0,3499.0,2689.0,6359.0,13677.0,10650.0,248278.0,214648.0,807168.0,581027.0,987407.0,1274278.0,2042853.0,2069953.0,79154.0,79679.0,514.0,304.0,180.0,190.0,2158.0,1703.0,1152.0,721.0,844.0,658.0,-36.0,38.0,2323.0,776.0,1461.0,2230.0,94920.0,89983.0,167395.0,167395.0,110485.0,86956.0
47,2035,1099.0,815.0,146.0,28.0,8971.0,6379.0,3315.0,2408.0,2529.0,2538.0,12.0,4.0,11025.0,3776.0,2849.0,6766.0,14973.0,11357.0,257673.0,220714.0,819522.0,591936.0,1036490.0,1333569.0,2113685.0,2146219.0,78784.0,79317.0,454.0,7.0,8.0,182.0,2614.0,1381.0,936.0,459.0,790.0,1320.0,-21.0,-45.0,2591.0,728.0,1282.0,2562.0,99247.0,93280.0,167395.0,167395.0,125458.0,98313.0
47,2036,1241.0,893.0,191.0,41.0,9423.0,7235.0,3452.0,2609.0,2623.0,2646.0,13.0,9.0,11437.0,4076.0,3024.0,7571.0,15702.0,12540.0,266717.0,226652.0,829559.0,601478.0,1084244.0,1391034.0,2180520.0,2219164.0,79354.0,80146.0,316.0,354.0,284.0,-34.0,1444.0,1786.0,748.0,167.0,878.0,533.0,73.0,40.0,1932.0,758.0,1179.0,1380.0,102674.0,95772.0,167395.0,167395.0,141160.0,110853.0
47,2037,1350.0,931.0,232.0,46.0,9866.0,7558.0,3886.0,2764.0,2624.0,2673.0,14.0,5.0,12169.0,4280.0,3103.0,7835.0,16622.0,13046.0,275326.0,231878.0,837485.0,613175.0,1129140.0,1441382.0,2241951.0,2286435.0,80225.0,82505.0,577.0,336.0,116.0,182.0,2240.0,1048.0,849.0,805.0,1378.0,1291.0,-50.0,-11.0,1943.0,249.0,2013.0,2730.0,107207.0,99087.0,167395.0,167395.0,157782.0,123899.0
47,2038,1505.0,1070.0,220.0,42.0,9756.0,8237.0,3775.0,2911.0,2829.0,2851.0,13.0,10.0,11769.0,4676.0,3319.0,8305.0,16593.0,14051.0,283522.0,236948.0,843284.0,626587.0,1171192.0,1486129.0,2297998.0,2349664.0,80953.0,82920.0,500.0,171.0,174.0,181.0,1669.0,1477.0,1320.0,522.0,1431.0,1398.0,62.0,49.0,2301.0,900.0,1855.0,2556.0,111863.0,102714.0,167395.0,167395.0,174375.0,137950.0
47,2039,1601.0,1107.0,334.0,60.0,9773.0,8635.0,4055.0,3110.0,2896.0,2903.0,13.0,6.0,12006.0,4823.0,3464.0,8784.0,17071.0,14714.0,291372.0,242092.0,847798.0,638982.0,1212209.0,1529476.0,2351379.0,2410550.0,81473.0,83072.0,290.0,244.0,126.0,109.0,1441.0,1164.0,139.0,227.0,449.0,759.0,-9.0,-68.0,1224.0,1132.0,632.0,815.0,114009.0,104905.0,167395.0,167395.0,191446.0,152664.0
47,2040,1861.0,1222.0,366.0,77.0,10027.0,9019.0,4171.0,3198.0,3052.0,3084.0,19.0,7.0,12113.0,5105.0,3661.0,9058.0,17635.0,15385.0,298849.0,246663.0,850845.0,650430.0,1251912.0,1571388.0,2401606.0,2468481.0,81445.0,83709.0,339.0,97.0,170.0,43.0,1220.0,1428.0,621.0,678.0,1175.0,182.0,-4.0,-13.0,1213.0,806.0,1630.0,1415.0,117191.0,107223.0,167395.0,167395.0,209081.0,168049.0
48,2009,0.0,0.0,0.0,0.0,0.0,0.0,0.0,0.0,0.0,0.0,0.0,0.0,0.0,0.0,0.0,0.0,0.0,0.0,38387.0,38387.0,93599.0,93599.0,73149.0,73149.0,205135.0,205135.0,64042.0,64042.0,1718.0,1718.0,0.0,0.0,536.0,536.0,7690.0,7690.0,7.0,7.0,0.0,0.0,2596.0,2596.0,3919.0,3919.0,8233.0,8233.0,140986.0,140986.0,0.0,0.0
48,2010,0.0,0.0,0.0,0.0,0.0,0.0,0.0,0.0,0.0,0.0,0.0,0.0,0.0,0.0,0.0,0.0,0.0,0.0,36108.0,36108.0,106755.0,106755.0,66472.0,66472.0,209335.0,209335.0,68082.0,68082.0,-14.0,-14.0,0.0,0.0,238.0,238.0,-150.0,-150.0,73.0,73.0,0.0,0.0,417.0,417.0,-242.0,-242.0,8394.0,8394.0,150263.0,150263.0,0.0,0.0
48,2011,0.0,0.0,0.0,0.0,0.0,0.0,24.0,24.0,0.0,0.0,0.0,0.0,0.0,0.0,24.0,24.0,24.0,24.0,32642.0,32642.0,125476.0,125476.0,62804.0,62804.0,220922.0,220922.0,63685.0,63685.0,-38.0,-38.0,0.0,0.0,439.0,439.0,-464.0,-464.0,289.0,289.0,0.0,0.0,367.0,367.0,-65.0,-65.0,8658.0,8658.0,139300.0,139300.0,24.0,24.0
48,2012,34.0,34.0,0.0,0.0,2.0,2.0,134.0,134.0,2.0,2.0,0.0,0.0,33.0,33.0,71.0,71.0,138.0,138.0,31983.0,31983.0,141599.0,141599.0,55200.0,55200.0,228782.0,228782.0,65254.0,65254.0,-45.0,-45.0,0.0,0.0,382.0,382.0,-939.0,-939.0,508.0,508.0,0.0,0.0,407.0,407.0,-411.0,-411.0,8609.0,8609.0,144647.0,144647.0,162.0,162.0
48,2013,51.0,51.0,0.0,0.0,6.0,6.0,218.0,218.0,6.0,6.0,0.0,0.0,147.0,147.0,32.0,32.0,230.0,230.0,30755.0,30755.0,153903.0,153903.0,49152.0,49152.0,233810.0,233810.0,72682.0,72682.0,-145.0,-145.0,0.0,0.0,173.0,173.0,-952.0,-952.0,1035.0,1035.0,0.0,0.0,332.0,332.0,69.0,69.0,8865.0,8865.0,161269.0,161269.0,392.0,392.0
48,2014,50.0,50.0,0.0,0.0,21.0,21.0,224.0,224.0,51.0,51.0,0.0,0.0,191.0,191.0,55.0,55.0,296.0,296.0,34926.0,34926.0,176547.0,176547.0,46546.0,46546.0,258019.0,258019.0,68085.0,68085.0,-37.0,-37.0,10.0,10.0,481.0,481.0,-1222.0,-1222.0,874.0,874.0,17.0,17.0,65.0,65.0,132.0,132.0,9025.0,9025.0,151359.0,151359.0,688.0,688.0
48,2015,74.0,74.0,0.0,0.0,61.0,61.0,175.0,175.0,76.0,76.0,0.0,0.0,168.0,168.0,70.0,70.0,312.0,312.0,42641.0,42641.0,210298.0,210298.0,58417.0,58417.0,311356.0,311356.0,64630.0,64630.0,253.0,253.0,81.0,81.0,972.0,972.0,-382.0,-382.0,1276.0,1276.0,121.0,121.0,926.0,926.0,889.0,889.0,11093.0,11093.0,143952.0,143952.0,1000.0,1000.0
48,2016,243.0,243.0,0.0,0.0,94.0,94.0,455.0,455.0,178.0,178.0,0.0,0.0,314.0,314.0,170.0,170.0,727.0,727.0,53819.0,53819.0,263608.0,263608.0,89317.0,89317.0,406744.0,406744.0,63093.0,63093.0,352.0,352.0,150.0,150.0,1276.0,1276.0,594.0,594.0,1537.0,1537.0,91.0,91.0,1390.0,1390.0,1906.0,1906.0,14741.0,14741.0,140350.0,140350.0,1727.0,1727.0
48,2017,138.0,138.0,0.0,0.0,178.0,178.0,495.0,495.0,292.0,292.0,0.0,0.0,547.0,547.0,280.0,280.0,965.0,965.0,67854.0,67854.0,308024.0,308024.0,109362.0,109362.0,485240.0,485240.0,62604.0,62604.0,499.0,499.0,242.0,242.0,1103.0,1103.0,317.0,317.0,768.0,768.0,247.0,247.0,1009.0,1009.0,1169.0,1169.0,17418.0,17418.0,139605.0,139605.0,2692.0,2692.0
48,2018,43.0,43.0,0.0,0.0,257.0,257.0,532.0,532.0,373.0,373.0,0.0,0.0,759.0,759.0,360.0,360.0,1162.0,1162.0,84284.0,84284.0,347992.0,347992.0,120961.0,120961.0,553237.0,553237.0,62626.0,62626.0,583.0,583.0,161.0,161.0,1012.0,1012.0,821.0,821.0,244.0,244.0,271.0,271.0,1161.0,1161.0,765.0,765.0,19927.0,19927.0,139482.0,139482.0,3854.0,3854.0
48,2019,143.0,143.0,0.0,0.0,442.0,442.0,917.0,917.0,572.0,572.0,0.0,0.0,1246.0,1246.0,542.0,542.0,1931.0,1931.0,92844.0,92844.0,393544.0,393544.0,153051.0,153051.0,639439.0,639439.0,63587.0,63587.0,365.0,365.0,-45.0,-45.0,1447.0,1447.0,660.0,660.0,1177.0,1177.0,60.0,60.0,1225.0,1225.0,1709.0,1709.0,23226.0,23226.0,140588.0,140588.0,5785.0,5785.0
48,2020,143.0,143.0,1.0,1.0,619.0,619.0,914.0,914.0,708.0,708.0,0.0,0.0,1428.0,1428.0,671.0,671.0,2242.0,2242.0,102687.0,102687.0,425760.0,425760.0,190494.0,190494.0,718941.0,718941.0,66747.0,66747.0,325.0,325.0,-149.0,-149.0,961.0,961.0,651.0,651.0,1860.0,1860.0,12.0,12.0,1072.0,1072.0,1938.0,1938.0,26561.0,26561.0,147154.0,147154.0,8027.0,8027.0
48,2021,179.0,179.0,0.0,0.0,745.0,745.0,974.0,974.0,718.0,718.0,0.0,0.0,1576.0,1576.0,682.0,682.0,2437.0,2437.0,112946.0,112946.0,471678.0,471678.0,215639.0,215639.0,800263.0,800263.0,88925.0,88925.0,614.0,614.0,-100.0,-100.0,759.0,759.0,1922.0,1922.0,569.0,569.0,95.0,95.0,1365.0,1365.0,1266.0,1266.0,29806.0,29806.0,195507.0,195507.0,10464.0,10464.0
48,2022,118.0,118.0,0.0,0.0,786.0,786.0,984.0,984.0,681.0,681.0,6.0,6.0,1688.0,1688.0,651.0,651.0,2457.0,2457.0,110314.0,110314.0,488215.0,488215.0,236965.0,236965.0,835494.0,835494.0,126646.0,126646.0,-71.0,-71.0,-50.0,-50.0,692.0,692.0,466.0,466.0,1225.0,1225.0,-92.0,-92.0,971.0,971.0,1341.0,1341.0,32047.0,32047.0,275252.0,275252.0,12921.0,12921.0
48,2023,151.0,151.0,0.0,0.0,1048.0,1048.0,1147.0,1147.0,765.0,765.0,10.0,10.0,2083.0,2083.0,736.0,736.0,2970.0,2970.0,116298.0,116298.0,527709.0,527709.0,304273.0,304273.0,948280.0,948280.0,89452.0,89452.0,286.0,286.0,138.0,138.0,1539.0,1539.0,1395.0,1395.0,2770.0,2770.0,-161.0,-161.0,1567.0,1567.0,3828.0,3828.0,37728.0,37728.0,193927.0,193927.0,15891.0,15891.0
48,2024,309.0,309.0,0.0,0.0,1572.0,1572.0,1265.0,1265.0,878.0,878.0,104.0,104.0,2650.0,2650.0,860.0,860.0,3819.0,3819.0,130188.0,130188.0,563255.0,563255.0,383106.0,383106.0,1076549.0,1076549.0,76928.0,76928.0,455.0,455.0,123.0,123.0,1478.0,1478.0,1229.0,1229.0,3118.0,3118.0,-10.0,-10.0,1413.0,1413.0,4070.0,4070.0,43666.0,43666.0,167395.0,167395.0,19710.0,19710.0
48,2025,382.0,342.0,2.0,0.0,1938.0,1590.0,1567.0,880.0,1065.0,1068.0,106.0,52.0,3251.0,2171.0,1045.0,1077.0,4678.0,3590.0,143327.0,140064.0,597273.0,552663.0,457869.0,506445.0,1198469.0,1199172.0,77318.0,76972.0,461.0,317.0,140.0,236.0,1596.0,1733.0,1528.0,730.0,2708.0,2990.0,-13.0,-87.0,1803.0,-938.0,3695.0,6223.0,49625.0,49268.0,167395.0,167395.0,24388.0,23300.0
48,2026,388.0,392.0,0.0,9.0,2693.0,2004.0,1544.0,620.0,1289.0,1281.0,38.0,0.0,3906.0,2105.0,1270.0,1417.0,5564.0,3914.0,156215.0,152354.0,629219.0,546714.0,528689.0,618245.0,1314123.0,1317313.0,77615.0,76068.0,290.0,446.0,168.0,301.0,2017.0,1594.0,703.0,628.0,3158.0,2877.0,-77.0,-14.0,1773.0,-875.0,3906.0,5815.0,55594.0,54654.0,167395.0,167395.0,29952.0,27214.0
48,2027,365.0,407.0,9.0,8.0,3259.0,2304.0,1690.0,585.0,1380.0,1355.0,1.0,4.0,4582.0,2172.0,1392.0,1677.0,6339.0,4256.0,168799.0,160946.0,659216.0,546483.0,596244.0,722247.0,1424259.0,1429676.0,77005.0,75851.0,416.0,342.0,112.0,101.0,1988.0,1812.0,1301.0,1512.0,2777.0,2581.0,-50.0,-11.0,1971.0,377.0,3741.0,5276.0,61722.0,60649.0,167395.0,167395.0,36291.0,31470.0
48,2028,485.0,503.0,14.0,11.0,3838.0,2702.0,1929.0,845.0,1493.0,1535.0,7.0,2.0,5244.0,2325.0,1552.0,2267.0,7281.0,5095.0,180981.0,169772.0,687219.0,546810.0,659917.0,818859.0,1528117.0,1535441.0,78231.0,77432.0,568.0,209.0,144.0,202.0,1711.0,1102.0,847.0,1013.0,2362.0,2689.0,-12.0,11.0,1494.0,18.0,2990.0,4790.0,66774.0,65666.0,167395.0,167395.0,43572.0,36565.0
48,2029,502.0,504.0,13.0,12.0,4610.0,3098.0,2012.0,1084.0,1723.0,1700.0,9.0,3.0,6081.0,2579.0,1784.0,2814.0,8367.0,5897.0,192896.0,178341.0,713185.0,547516.0,720220.0,910515.0,1626301.0,1636372.0,79033.0,77623.0,505.0,279.0,109.0,166.0,1849.0,1588.0,1114.0,1076.0,1772.0,1836.0,28.0,-23.0,2050.0,425.0,2317.0,3939.0,71646.0,70309.0,167395.0,167395.0,51939.0,42462.0
48,2030,559.0,565.0,29.0,15.0,5477.0,3558.0,2157.0,1421.0,1938.0,1962.0,10.0,4.0,7020.0,2734.0,2032.0,3661.0,9611.0,6960.0,204528.0,186204.0,736789.0,547668.0,777630.0,997936.0,1718947.0,1731808.0,79540.0,78705.0,236.0,378.0,127.0,116.0,2276.0,1472.0,840.0,1224.0,1829.0,1574.0,-41.0,27.0,2161.0,125.0,2634.0,3910.0,76677.0,74722.0,167395.0,167395.0,61550.0,49422.0
48,2031,744.0,642.0,46.0,24.0,6018.0,4015.0,2373.0,1788.0,2071.0,2108.0,8.0,3.0,7597.0,2821.0,2175.0,4475.0,10516.0,7938.0,215590.0,193197.0,758180.0,547677.0,832556.0,1081591.0,1806326.0,1822465.0,80169.0,79242.0,437.0,123.0,226.0,136.0,2415.0,1476.0,586.0,1062.0,1441.0,1553.0,-30.0,15.0,2129.0,421.0,2072.0,3698.0,81315.0,78964.0,167395.0,167395.0,72066.0,57360.0
48,2032,820.0,726.0,51.0,14.0,6935.0,4704.0,2395.0,1921.0,2174.0,2166.0,8.0,2.0,8453.0,3126.0,2290.0,4955.0,11563.0,8807.0,225999.0,201199.0,777387.0,559123.0,884920.0,1147250.0,1888306.0,1907572.0,80292.0,80663.0,441.0,479.0,49.0,265.0,2614.0,1478.0,674.0,625.0,1817.0,1723.0,122.0,38.0,2305.0,348.0,2530.0,3302.0,86591.0,83093.0,167395.0,167395.0,83629.0,66167.0
48,2033,948.0,821.0,75.0,24.0,7669.0,5296.0,2674.0,2114.0,2354.0,2315.0,19.0,4.0,9340.0,3364.0,2503.0,5568.0,12791.0,9753.0,236340.0,207797.0,794400.0,570942.0,936087.0,1211586.0,1966827.0,1990325.0,79849.0,79543.0,365.0,114.0,175.0,75.0,1861.0,1540.0,720.0,580.0,1201.0,1301.0,-55.0,-22.0,2076.0,887.0,1461.0,2473.0,90493.0,86567.0,167395.0,167395.0,96420.0,75920.0
48,2034,1032.0,790.0,110.0,31.0,8193.0,5749.0,2944.0,2203.0,2525.0,2491.0,18.0,5.0,9985.0,3484.0,2773.0,6205.0,13790.0,10479.0,246394.0,213680.0,808578.0,582321.0,986081.0,1273005.0,2041053.0,2069006.0,79303.0,79900.0,439.0,192.0,136.0,144.0,2195.0,1630.0,1156.0,724.0,1361.0,1250.0,-7.0,-33.0,2301.0,519.0,2101.0,3004.0,95334.0,90282.0,167395.0,167395.0,110210.0,86399.0
48,2035,1087.0,822.0,153.0,41.0,8875.0,6376.0,3306.0,2386.0,2487.0,2495.0,11.0,4.0,10927.0,3778.0,2818.0,6702.0,14832.0,11302.0,255979.0,219242.0,820423.0,593005.0,1034806.0,1332825.0,2111208.0,2145072.0,79097.0,79814.0,477.0,375.0,123.0,146.0,2389.0,1316.0,955.0,686.0,767.0,539.0,43.0,14.0,2524.0,585.0,1276.0,1741.0,99611.0,92983.0,167395.0,167395.0,125042.0,97701.0
48,2036,1267.0,880.0,173.0,34.0,9572.0,7090.0,3512.0,2524.0,2618.0,2656.0,15.0,8.0,11648.0,4062.0,2975.0,7370.0,15890.0,12312.0,265441.0,225262.0,830295.0,602386.0,1082350.0,1389729.0,2178086.0,2217377.0,78986.0,80128.0,373.0,399.0,55.0,221.0,1597.0,1423.0,988.0,391.0,771.0,1375.0,-23.0,37.0,1897.0,734.0,1118.0,2314.0,102999.0,96430.0,167395.0,167395.0,140932.0,110013.0
48,2037,1342.0,944.0,217.0,48.0,9479.0,7474.0,3817.0,2755.0,2736.0,2714.0,8.0,7.0,11732.0,4107.0,3183.0,7947.0,16257.0,12998.0,274284.0,231265.0,838067.0,613726.0,1126852.0,1440232.0,2239203.0,2285223.0,80280.0,82110.0,382.0,-210.0,189.0,-29.0,2247.0,1408.0,628.0,403.0,1366.0,751.0,37.0,-56.0,2249.0,528.0,1836.0,2159.0,107466.0,98907.0,167395.0,167395.0,157189.0,123011.0
48,2038,1512.0,1013.0,265.0,53.0,9888.0,8316.0,3947.0,3023.0,2778.0,2836.0,16.0,3.0,12056.0,4666.0,3326.0,8552.0,16894.0,14231.0,282341.0,236209.0,844647.0,626936.0,1169413.0,1486149.0,2296401.0,2349294.0,81342.0,83040.0,441.0,274.0,141.0,129.0,1388.0,1246.0,869.0,445.0,503.0,966.0,-44.0,59.0,1451.0,666.0,965.0,1905.0,110323.0,101752.0,167395.0,167395.0,174083.0,137242.0
48,2039,1614.0,1100.0,296.0,58.0,9761.0,8586.0,4180.0,3098.0,2922.0,2946.0,22.0,4.0,12123.0,4927.0,3444.0,8665.0,17181.0,14692.0,289853.0,241122.0,849178.0,639546.0,1210584.0,1529562.0,2349615.0,2410230.0,81473.0,83087.0,498.0,345.0,165.0,118.0,1575.0,1377.0,951.0,311.0,1154.0,1314.0,8.0,-32.0,1676.0,944.0,1679.0,1799.0,114176.0,104840.0,167395.0,167395.0,191264.0,151934.0
48,2040,1799.0,1171.0,310.0,57.0,10025.0,9064.0,4406.0,3186.0,3024.0,3118.0,10.0,6.0,12333.0,5337.0,3643.0,8923.0,17775.0,15431.0,297489.0,245892.0,851761.0,650912.0,1250305.0,1571582.0,2399555.0,2468386.0,81685.0,83657.0,318.0,247.0,137.0,25.0,1532.0,1278.0,573.0,391.0,759.0,535.0,61.0,-19.0,1563.0,865.0,1181.0,1098.0,117238.0,107050.0,167395.0,167395.0,209039.0,167365.0
49,2009,0.0,0.0,0.0,0.0,0.0,0.0,0.0,0.0,0.0,0.0,0.0,0.0,0.0,0.0,0.0,0.0,0.0,0.0,38224.0,38224.0,93704.0,93704.0,73362.0,73362.0,205290.0,205290.0,63976.0,63976.0,1641.0,1641.0,0.0,0.0,533.0,533.0,7610.0,7610.0,1.0,1.0,0.0,0.0,2539.0,2539.0,3964.0,3964.0,8144.0,8144.0,140986.0,140986.0,0.0,0.0
49,2010,0.0,0.0,0.0,0.0,0.0,0.0,0.0,0.0,0.0,0.0,0.0,0.0,0.0,0.0,0.0,0.0,0.0,0.0,35980.0,35980.0,106815.0,106815.0,66948.0,66948.0,209743.0,209743.0,67996.0,67996.0,19.0,19.0,0.0,0.0,259.0,259.0,-255.0,-255.0,79.0,79.0,0.0,0.0,352.0,352.0,-288.0,-288.0,8227.0,8227.0,150263.0,150263.0,0.0,0.0
49,2011,0.0,0.0,0.0,0.0,0.0,0.0,25.0,25.0,0.0,0.0,0.0,0.0,0.0,0.0,25.0,25.0,25.0,25.0,32880.0,32880.0,125346.0,125346.0,63198.0,63198.0,221424.0,221424.0,63609.0,63609.0,-59.0,-59.0,0.0,0.0,442.0,442.0,-318.0,-318.0,289.0,289.0,0.0,0.0,585.0,585.0,-113.0,-113.0,8640.0,8640.0,139300.0,139300.0,25.0,25.0
49,2012,43.0,43.0,0.0,0.0,0.0,0.0,159.0,159.0,1.0,1.0,0.0,0.0,40.0,40.0,77.0,77.0,160.0,160.0,32170.0,32170.0,141545.0,141545.0,55885.0,55885.0,229600.0,229600.0,65063.0,65063.0,-25.0,-25.0,0.0,0.0,423.0,423.0,-1061.0,-1061.0,482.0,482.0,0.0,0.0,271.0,271.0,-402.0,-402.0,8484.0,8484.0,144647.0,144647.0,185.0,185.0
49,2013,53.0,53.0,0.0,0.0,5.0,5.0,229.0,229.0,8.0,8.0,0.0,0.0,140.0,140.0,49.0,49.0,242.0,242.0,31012.0,31012.0,154251.0,154251.0,49569.0,49569.0,234832.0,234832.0,72491.0,72491.0,-37.0,-37.0,0.0,0.0,112.0,112.0,-860.0,-860.0,1116.0,1116.0,0.0,0.0,315.0,315.0,90.0,90.0,8852.0,8852.0,161269.0,161269.0,427.0,427.0
49,2014,46.0,46.0,0.0,0.0,14.0,14.0,182.0,182.0,42.0,42.0,0.0,0.0,148.0,148.0,44.0,44.0,238.0,238.0,35205.0,35205.0,176885.0,176885.0,47141.0,47141.0,259231.0,259231.0,67840.0,67840.0,-41.0,-41.0,6.0,6.0,460.0,460.0,-1023.0,-1023.0,772.0,772.0,13.0,13.0,120.0,120.0,149.0,149.0,9080.0,9080.0,151359.0,151359.0,665.0,665.0
49,2015,75.0,75.0,0.0,0.0,73.0,73.0,172.0,172.0,80.0,80.0,0.0,0.0,173.0,173.0,77.0,77.0,325.0,325.0,43022.0,43022.0,210715.0,210715.0,58842.0,58842.0,312579.0,312579.0,64594.0,64594.0,244.0,244.0,88.0,88.0,945.0,945.0,-432.0,-432.0,1317.0,1317.0,120.0,120.0,884.0,884.0,910.0,910.0,11118.0,11118.0,143952.0,143952.0,990.0,990.0
49,2016,225.0,225.0,0.0,0.0,126.0,126.0,467.0,467.0,156.0,156.0,0.0,0.0,376.0,376.0,148.0,148.0,749.0,749.0,54040.0,54040.0,264255.0,264255.0,89968.0,89968.0,408263.0,408263.0,62909.0,62909.0,278.0,278.0,158.0,158.0,1384.0,1384.0,431.0,431.0,1436.0,1436.0,102.0,102.0,1346.0,1346.0,1887.0,1887.0,14629.0,14629.0,140350.0,140350.0,1739.0,1739.0
49,2017,130.0,130.0,0.0,0.0,154.0,154.0,496.0,496.0,253.0,253.0,0.0,0.0,538.0,538.0,235.0,235.0,903.0,903.0,68315.0,68315.0,308259.0,308259.0,110256.0,110256.0,486830.0,486830.0,62356.0,62356.0,493.0,493.0,293.0,293.0,978.0,978.0,640.0,640.0,863.0,863.0,192.0,192.0,1224.0,1224.0,1249.0,1249.0,17595.0,17595.0,139605.0,139605.0,2642.0,2642.0
49,2018,52.0,52.0,0.0,0.0,280.0,280.0,500.0,500.0,413.0,413.0,0.0,0.0,753.0,753.0,388.0,388.0,1193.0,1193.0,84946.0,84946.0,347744.0,347744.0,122281.0,122281.0,554971.0,554971.0,62395.0,62395.0,558.0,558.0,105.0,105.0,1217.0,1217.0,547.0,547.0,306.0,306.0,244.0,244.0,1207.0,1207.0,654.0,654.0,20014.0,20014.0,139482.0,139482.0,3835.0,3835.0
49,2019,126.0,126.0,0.0,0.0,430.0,430.0,891.0,891.0,548.0,548.0,0.0,0.0,1220.0,1220.0,523.0,523.0,1869.0,1869.0,93659.0,93659.0,393775.0,393775.0,153984.0,153984.0,641418.0,641418.0,63510.0,63510.0,331.0,331.0,0.0,0.0,1264.0,1264.0,587.0,587.0,1121.0,1121.0,72.0,72.0,991.0,991.0,1722.0,1722.0,23058.0,23058.0,140588.0,140588.0,5704.0,5704.0
49,2020,126.0,126.0,2.0,2.0,638.0,638.0,887.0,887.0,714.0,714.0,0.0,0.0,1436.0,1436.0,679.0,679.0,2241.0,2241.0,103372.0,103372.0,426282.0,426282.0,191005.0,191005.0,720659.0,720659.0,66667.0,66667.0,558.0,558.0,-126.0,-126.0,1107.0,1107.0,965.0,965.0,1815.0,1815.0,83.0,83.0,1298.0,1298.0,1988.0,1988.0,26902.0,26902.0,147154.0,147154.0,7945.0,7945.0
49,2021,182.0,182.0,0.0,0.0,773.0,773.0,877.0,877.0,749.0,749.0,0.0,0.0,1501.0,1501.0,716.0,716.0,2399.0,2399.0,113355.0,113355.0,472186.0,472186.0,216122.0,216122.0,801663.0,801663.0,88990.0,88990.0,402.0,402.0,-185.0,-185.0,822.0,822.0,1685.0,1685.0,704.0,704.0,131.0,131.0,1399.0,1399.0,1356.0,1356.0,30059.0,30059.0,195507.0,195507.0,10344.0,10344.0
49,2022,129.0,129.0,0.0,0.0,739.0,739.0,958.0,958.0,689.0,689.0,2.0,2.0,1612.0,1612.0,647.0,647.0,2388.0,2388.0,110644.0,110644.0,488490.0,488490.0,237850.0,237850.0,836984.0,836984.0,126551.0,126551.0,57.0,57.0,-25.0,-25.0,485.0,485.0,581.0,581.0,1129.0,1129.0,-177.0,-177.0,738.0,738.0,1198.0,1198.0,32052.0,32052.0,275252.0,275252.0,12732.0,12732.0
49,2023,163.0,163.0,0.0,0.0,1082.0,1082.0,1205.0,1205.0,792.0,792.0,22.0,22.0,2168.0,2168.0,770.0,770.0,3101.0,3101.0,116747.0,116747.0,527863.0,527863.0,305082.0,305082.0,949692.0,949692.0,89308.0,89308.0,183.0,183.0,136.0,136.0,1624.0,1624.0,1207.0,1207.0,2983.0,2983.0,-52.0,-52.0,1580.0,1580.0,4135.0,4135.0,37950.0,37950.0,193927.0,193927.0,15833.0,15833.0
49,2024,299.0,299.0,0.0,0.0,1480.0,1480.0,1234.0,1234.0,895.0,895.0,99.0,99.0,2541.0,2541.0,868.0,868.0,3708.0,3708.0,130968.0,130968.0,562809.0,562809.0,383490.0,383490.0,1077267.0,1077267.0,76947.0,76947.0,599.0,599.0,130.0,130.0,1722.0,1722.0,1434.0,1434.0,3146.0,3146.0,-41.0,-41.0,1624.0,1624.0,4168.0,4168.0,44341.0,44341.0,167395.0,167395.0,19541.0,19541.0
49,2025,380.0,329.0,1.0,0.0,2074.0,1720.0,1447.0,766.0,1049.0,1063.0,108.0,40.0,3260.0,2192.0,1039.0,1068.0,4679.0,3589.0,144162.0,140993.0,596377.0,552212.0,458018.0,506756.0,1198557.0,1199961.0,77490.0,76988.0,363.0,204.0,167.0,331.0,1560.0,1325.0,1288.0,513.0,2745.0,2804.0,-18.0,-133.0,1886.0,-1191.0,3493.0,5827.0,50083.0,49181.0,167395.0,167395.0,24220.0,23130.0
49,2026,363.0,357.0,2.0,6.0,2653.0,1965.0,1612.0,646.0,1246.0,1234.0,49.0,0.0,3961.0,2137.0,1238.0,1357.0,5562.0,3851.0,157053.0,153049.0,628499.0,546103.0,528518.0,618650.0,1314070.0,1317802.0,77826.0,76275.0,387.0,522.0,111.0,219.0,1536.0,1796.0,928.0,782.0,2944.0,2800.0,-78.0,-31.0,1315.0,-647.0,3739.0,5691.0,55524.0,54747.0,167395.0,167395.0,29782.0,26981.0
49,2027,378.0,427.0,8.0,12.0,3214.0,2317.0,1742.0,607.0,1403.0,1382.0,3.0,4.0,4603.0,2192.0,1389.0,1703.0,6370.0,4322.0,169641.0,161884.0,658805.0,546000.0,596221.0,722500.0,1424667.0,1430384.0,76948.0,75664.0,458.0,214.0,166.0,118.0,2006.0,1478.0,1164.0,1256.0,2572.0,3002.0,-114.0,16.0,1864.0,132.0,3472.0,5524.0,61318.0,60617.0,167395.0,167395.0,36152.0,31303.0
49,2028,478.0,537.0,11.0,9.0,3881.0,2695.0,1926.0,890.0,1502.0,1452.0,5.0,6.0,5296.0,2326.0,1551.0,2189.0,7325.0,5052.0,181705.0,170694.0,686719.0,546360.0,659672.0,819436.0,1528096.0,1536490.0,78660.0,77361.0,459.0,167.0,86.0,199.0,2061.0,1438.0,925.0,1182.0,2345.0,1966.0,39.0,-6.0,2128.0,205.0,2869.0,4407.0,66774.0,65396.0,167395.0,167395.0,43477.0,36355.0
49,2029,526.0,544.0,22.0,15.0,4730.0,3193.0,2034.0,1069.0,1724.0,1713.0,10.0,4.0,6246.0,2648.0,1748.0,2802.0,8520.0,5994.0,193633.0,179145.0,711966.0,546077.0,720526.0,911819.0,1626125.0,1637041.0,78908.0,77850.0,375.0,460.0,132.0,104.0,2087.0,1700.0,1097.0,1137.0,1855.0,2088.0,-19.0,37.0,2090.0,531.0,2687.0,4075.0,71926.0,70462.0,167395.0,167395.0,51997.0,42349.0
49,2030,532.0,542.0,41.0,25.0,5451.0,3589.0,2159.0,1339.0,1856.0,1868.0,12.0,5.0,7056.0,2756.0,1931.0,3528.0,9519.0,6826.0,204765.0,187073.0,735703.0,546043.0,778180.0,999250.0,1718648.0,1732366.0,79424.0,78642.0,693.0,320.0,129.0,209.0,2116.0,1413.0,907.0,1219.0,1793.0,1636.0,45.0,-43.0,1774.0,35.0,2523.0,4079.0,76916.0,74896.0,167395.0,167395.0,61516.0,49175.0
49,2031,719.0,655.0,39.0,23.0,6076.0,4119.0,2376.0,1759.0,1965.0,2005.0,11.0,7.0,7664.0,2873.0,2084.0,4385.0,10467.0,7913.0,216034.0,194318.0,756870.0,546214.0,832682.0,1082161.0,1805586.0,1822693.0,80323.0,79180.0,186.0,216.0,208.0,56.0,2228.0,1453.0,680.0,1105.0,1605.0,1799.0,-35.0,47.0,2257.0,330.0,2243.0,3914.0,81602.0,79356.0,167395.0,167395.0,71983.0,57088.0
49,2032,834.0,730.0,57.0,19.0,6843.0,4611.0,2496.0,1981.0,2103.0,2110.0,9.0,8.0,8440.0,3054.0,2234.0,4945.0,11508.0,8729.0,226919.0,202656.0,775606.0,557133.0,885193.0,1147922.0,1887718.0,1907711.0,80244.0,80895.0,349.0,218.0,50.0,176.0,2143.0,1176.0,849.0,814.0,1831.0,1431.0,12.0,-3.0,1908.0,250.0,2628.0,3126.0,86487.0,82950.0,167395.0,167395.0,83491.0,65817.0
49,2033,898.0,786.0,58.0,34.0,7530.0,5183.0,2695.0,2176.0,2304.0,2280.0,18.0,11.0,9197.0,3254.0,2510.0,5644.0,12605.0,9684.0,237352.0,209225.0,792038.0,568393.0,936260.0,1212185.0,1965650.0,1989803.0,80091.0,79654.0,278.0,387.0,204.0,150.0,2468.0,1884.0,432.0,629.0,1222.0,1456.0,27.0,48.0,2538.0,893.0,1537.0,2887.0,90840.0,87117.0,167395.0,167395.0,96096.0,75501.0
49,2034,984.0,800.0,91.0,27.0,8197.0,5908.0,2954.0,2273.0,2460.0,2355.0,10.0,3.0,10025.0,3575.0,2703.0,6191.0,13712.0,10566.0,247224.0,214603.0,806483.0,580183.0,986558.0,1273701.0,2040265.0,2068487.0,79160.0,80011.0,635.0,136.0,86.0,120.0,2074.0,1259.0,1180.0,676.0,915.0,1035.0,-7.0,-39.0,2029.0,566.0,1584.0,2349.0,95088.0,90168.0,167395.0,167395.0,109808.0,86067.0
49,2035,1119.0,818.0,173.0,32.0,8879.0,6402.0,3262.0,2430.0,2623.0,2583.0,3.0,9.0,10880.0,3772.0,2941.0,6866.0,14940.0,11456.0,256635.0,220206.0,819199.0,591476.0,1034889.0,1333214.0,2110723.0,2144896.0,78806.0,79720.0,267.0,265.0,107.0,102.0,1915.0,1521.0,986.0,321.0,1475.0,599.0,28.0,23.0,2276.0,491.0,1968.0,1810.0,99599.0,92734.0,167395.0,167395.0,124748.0,97523.0
49,2036,1231.0,932.0,172.0,43.0,9449.0,7143.0,3474.0,2612.0,2604.0,2696.0,8.0,5.0,11489.0,4043.0,2987.0,7524.0,15707.0,12499.0,265950.0,226064.0,829493.0,601247.0,1082139.0,1390250.0,2177582.0,2217561.0,79108.0,80484.0,490.0,302.0,115.0,169.0,2091.0,1642.0,569.0,371.0,508.0,798.0,14.0,0.0,2080.0,740.0,727.0,1938.0,102896.0,95714.0,167395.0,167395.0,140455.0,110022.0
49,2037,1434.0,983.0,239.0,40.0,9653.0,7558.0,3809.0,2771.0,2684.0,2659.0,14.0,8.0,11841.0,4226.0,3124.0,7827.0,16399.0,13036.0,274595.0,231379.0,837119.0,612792.0,1126711.0,1440926.0,2238425.0,2285097.0,80561.0,82077.0,364.0,246.0,192.0,180.0,2151.0,1338.0,1092.0,388.0,1148.0,1645.0,-20.0,-15.0,2515.0,457.0,1684.0,2833.0,107459.0,99250.0,167395.0,167395.0,156854.0,123058.0
49,2038,1435.0,1045.0,250.0,59.0,9854.0,8283.0,3772.0,2993.0,2869.0,2905.0,15.0,4.0,11982.0,4729.0,3343.0,8470.0,16760.0,14244.0,283040.0,236653.0,843647.0,625665.0,1169424.0,1487294.0,2296111.0,2349612.0,81291.0,82853.0,390.0,233.0,193.0,75.0,670.0,843.0,988.0,650.0,595.0,608.0,-19.0,69.0,763.0,686.0,1274.0,1326.0,109886.0,101495.0,167395.0,167395.0,173614.0,137302.0
49,2039,1633.0,1106.0,288.0,61.0,9832.0,8569.0,4201.0,3214.0,2979.0,2990.0,19.0,2.0,12157.0,4941.0,3529.0,8789.0,17319.0,14836.0,290585.0,241364.0,847972.0,637711.0,1210687.0,1531215.0,2349244.0,2410290.0,81685.0,83149.0,612.0,155.0,94.0,95.0,2166.0,1785.0,846.0,366.0,1043.0,1351.0,10.0,-56.0,2293.0,1246.0,1254.0,2140.0,114045.0,105036.0,167395.0,167395.0,190933.0,152138.0
49,2040,1650.0,1103.0,360.0,79.0,9593.0,8759.0,4291.0,3309.0,3028.0,3044.0,16.0,8.0,11988.0,5035.0,3650.0,9061.0,17288.0,15199.0,297655.0,246018.0,851103.0,649438.0,1250304.0,1572273.0,2399062.0,2467729.0,81677.0,83751.0,487.0,106.0,227.0,211.0,1557.0,1074.0,394.0,463.0,1131.0,919.0,14.0,-30.0,1491.0,770.0,1345.0,1761.0,117368.0,107673.0,167395.0,167395.0,208221.0,167337.0
